url,type,referer
https://www.energy.gov,page,
https://www.energy.gov/notice-court-orders,page,
https://www.energy.gov/OMEI/notice-equal-employment-opportunity-eeo-findings-discrimination-harassment-andor-retaliation,page,
https://www.energy.gov/whistleblower-protection-and-nondisclosure-agreements,page,
https://www.energy.gov/cio/articles/vulnerability-disclosure-policy,page,
https://www.energy.gov/web-policies,page,
https://www.energy.gov/OMEI/no-fear-act-data,page,
https://www.energy.gov/cio/department-energy-information-quality-guidelines,page,
https://www.energy.gov/about-us/web-policies/privacy,page,
https://www.energy.gov/cio/accessibility-standard-statement,page,
https://www.energy.gov/open-government,page,
https://www.energy.gov/cio/privacy-program,page,
https://www.energy.gov/ig/office-inspector-general,page,
https://www.energy.gov/gc/freedom-information-act,page,
https://www.energy.gov/gc/foia-reading-room,page,
https://www.energy.gov/gc/foia-contacts,page,
https://www.energy.gov/gc/foia-frequently-asked-questions-faqs,page,
https://www.energy.gov/ig/complaint-form?nrg_redirect=321785,page,
https://www.energy.gov/cio/office-chief-information-officer,page,
https://www.energy.gov/ig/calendar-year-reports,page,
https://www.energy.gov/ig/listings/calendar-year-2021,page,
https://www.energy.gov/ig/listings/calendar-year-2022,page,
https://www.energy.gov/ig/listings/calendar-year-2023,page,
https://www.energy.gov/ig/listings/calendar-year-2024,page,
https://www.energy.gov/ig/listings/calendar-year-2025,page,
https://www.energy.gov/ig/listings/calendar-year-2026,page,
https://www.energy.gov/gc/articles/doe-chief-foia-officer-reports,page,
https://www.energy.gov/gc/office-general-counsel,page,
https://www.energy.gov/ig/listings/calendar-year-2022?page=4,page,
https://www.energy.gov/ig/listings/calendar-year-2023?page=4,page,
https://www.energy.gov/ig/listings/calendar-year-2024?page=4,page,
https://www.energy.gov/ig/listings/calendar-year-2025?page=3,page,
https://www.energy.gov/ig/listings/calendar-year-2026?page=3,page,
https://www.energy.gov/gc/doe-office-ethics-and-personnel-law,page,
https://www.energy.gov/ig/articles/fiscal-year-fy-2021-annual-performance-results,page,
https://www.energy.gov/ig/articles/management-letter-doe-oig-23-12,page,
https://www.energy.gov/ig/articles/management-letter-doe-oig-24-10,page,
https://www.energy.gov/ig/articles/doe-oig-25-10,page,
https://www.energy.gov/ig/articles/inspection-report-doe-oig-26-07,page,
https://www.energy.gov/gc/personnel-law-resources,page,
https://www.energy.gov/gc/ethics-law-resources,page,
https://www.energy.gov/gc/new-employees,page,
https://www.energy.gov/emcbc/emcbc,page,
https://www.energy.gov/gc/ethics-forms-doe-employees,page,
https://www.energy.gov/gc/doe-ethics-advisors,page,
https://www.energy.gov/gc/combined-federal-campaign-cfc,page,
https://www.energy.gov/gc/intergovernmental-personnel-act-assignments-and-details,page,
https://www.energy.gov/gc/ethics-prospective-doe-employees,page,
https://www.energy.gov/gc/statutory-synopsis-18-usc-203-205-208,page,
https://www.energy.gov/gc/summary-standards-conduct-provisions-and-conflict-interest-laws-ipa-assignees,page,
https://www.energy.gov/gc/introduction-intergovernmental-personnel-act-assignments,page,
https://www.energy.gov/gc/legal-guidance-cfc-senior-coordinators,page,
https://www.energy.gov/emcbc/pemps-fee-determination-scorecards,page,
https://www.energy.gov/wvdp/west-valley-demonstration-project-homepage,page,
https://www.energy.gov/em/moab/moab-umtra-project-homepage,page,
https://www.energy.gov/etec/energy-technology-engineering-center,page,
https://www.energy.gov/em/EMCBC-NY/emcbc-ny-homepage,page,
https://www.energy.gov/em/articles/expert-acquisition-corps-advance-ems-procurement-capacities,page,
https://www.energy.gov/em/moab/listings/news-releases,page,
https://www.energy.gov/collection/filter/1380944,page,
https://www.energy.gov/etec/listings/etec-news,page,
https://www.energy.gov/em/moab/articles/moab-umtra-project-debuts-longest-train-date,page,
https://www.energy.gov/em/moab/articles/moab-umtra-project-safely-ships-15-million-tons,page,
https://www.energy.gov/em/moab/articles/moab-umtra-project-ships-15-million-tons-disposal-site,page,
https://www.energy.gov/collection/filter/1380944?page=263,page,
https://www.energy.gov/etec/listings/etec-news?page=5,page,
https://www.energy.gov/collection/filter/361,page,
https://www.energy.gov/topics/energy-security,page,
https://www.energy.gov/cmei/i2x/articles/request-information-transmission-system-interconnection-roadmap-draft,page,
https://www.energy.gov/collection/filter/1380944?page=261,page,
https://www.energy.gov/collection/filter/1380944?page=260,page,
https://www.energy.gov/em/articles/crews-tearing-down-final-doe-buildings-energy-technology-engineering-center,page,
https://www.energy.gov/em/articles/ike-white-shares-2021-cleanup-successes-vision-ems-future-eca-address,page,
https://www.energy.gov/collection/filter/361?page=283,page,
https://www.energy.gov/cmei/office-critical-minerals-and-energy-innovation,page,
https://www.energy.gov/articles/vintage-doe-1999-doe-college-recruitment-video,page,
https://www.energy.gov/collection/filter/5041,page,
https://www.energy.gov/collection/filter/307,page,
https://www.energy.gov/collection/filter/361?page=281,page,
https://www.energy.gov/collection/filter/5041?page=37,page,
https://www.energy.gov/collection/filter/307?page=67,page,
https://www.energy.gov/hgeo/articles/doe-project-leads-new-alliance-promote-low-impact-drilling,page,
https://www.energy.gov/hgeo/articles/doe-partner-begins-injecting-50000-tons-co2-michigan-basin,page,
https://www.energy.gov/collection/filter/5041?page=35,page,
https://www.energy.gov/collection/filter/307?page=65,page,
https://www.energy.gov/orem/articles/first-oak-ridge-remote-handled-transuranic-waste-shipment-arrives-safely-wipp,page,
https://www.energy.gov/hgeo/articles/doe-seeks-applications-tracking-carbon-dioxide-storage-geologic-formations,page,
https://www.energy.gov/cmei/systems/articles/new-funding-boosts-carbon-capture-solar-energy-and-high-gas-mileage-cars-and,page,
https://www.energy.gov/hgeo/articles/carbon-sequestration-partner-initiates-drilling-co2-injection-well-illinois-basin,page,
https://www.energy.gov/cmei/systems/articles/doe-announces-awards-11-million-new-solar-energy-grid-integration-systems,page,
https://www.energy.gov/cmei/systems/articles/doe-announces-87-million-funding-support-solar-energy-technologies,page,
https://www.energy.gov/hgeo/articles/doe-national-laboratory-releases-annual-accomplishments-report,page,
https://www.energy.gov/hgeo/articles/doe-selects-projects-develop-pre-combustion-carbon-capture-technologies-coal-based,page,
https://www.energy.gov/hgeo/articles/netl-inventions-earn-2009-technology-transfer-awards,page,
https://www.energy.gov/orem/articles/training-underway-tru-waste-employees-hired-recovery-act-project,page,
https://www.energy.gov/hgeo/articles/secretary-chu-announces-55-million-funding-develop-advanced-carbon-capture-technology,page,
https://www.energy.gov/cmei/systems/articles/president-obama-announces-over-467-million-recovery-act-funding-geothermal,page,
https://www.energy.gov/hgeo/articles/secretary-chu-announces-agreement-futuregen-project-mattoon-illinois,page,
https://www.energy.gov/hgeo/articles/netl-technologies-earn-prestigious-rd-100-awards,page,
https://www.energy.gov/hgeo/articles/doe-partnership-completes-successful-co2-injection-test-mount-simon-sandstone,page,
https://www.energy.gov/hgeo/articles/doe-regional-partner-initiates-co2-injection-study-virginia,page,
https://www.energy.gov/hgeo/articles/doe-establishes-national-carbon-capture-center-speed-deployment-co2-capture-processes,page,
https://www.energy.gov/hgeo/articles/doe-issues-amended-funding-opportunity-announcement-third-round-clean-coal-power,page,
https://www.energy.gov/orem/articles/construction-begins-expansion-emwmf,page,
https://www.energy.gov/hgeo/articles/bees-balloons-pollen-used-novel-co2-monitoring-approach,page,
https://www.energy.gov/orem/articles/transuranic-waste-processing-center-contract-awarded-wastren-advantage-inc,page,
https://www.energy.gov/hgeo/articles/doe-award-results-several-patents-potential-increased-coal-recovery,page,
https://www.energy.gov/hgeo/articles/doe-regional-partnership-begins-core-sampling-large-volume-sequestration-test,page,
https://www.energy.gov/hgeo/articles/regional-partner-announces-plans-carbon-storage-project-using-co2-captured-coal-fired,page,
https://www.energy.gov/hgeo/articles/new-jersey-joins-energy-departments-carbon-sequestration-regional-partnership-program,page,
https://www.energy.gov/hgeo/articles/doe-sponsored-beaufort-sea-expedition-studies-methanes-role-global-climate-cycle,page,
https://www.energy.gov/hgeo/articles/seca-fuel-cell-program-moves-two-key-projects-next-phase,page,
https://www.energy.gov/hgeo/articles/doe-study-monitors-carbon-dioxide-storage-norways-offshore-sleipner-gas-field,page,
https://www.energy.gov/cmei/systems/articles/department-energy-invest-12-million-support-early-stage-solar-technologies,page,
https://www.energy.gov/hgeo/articles/doe-partner-begins-carbon-storage-test,page,
https://www.energy.gov/topics/arctic-energy,page,
https://www.energy.gov/hgeo/articles/doe-receives-572-million-revenue-sharing-agreement,page,
https://www.energy.gov/hgeo/articles/small-scale-carbon-sequestration-field-test-yields-significant-lessons-learned,page,
https://www.energy.gov/hgeo/articles/doe-sponsored-mississippi-project-hits-1-million-ton-milestone-injected-co2,page,
https://www.energy.gov/hgeo/articles/doe-publishes-best-practices-manual-public-outreach-and-education-carbon-storage,page,
https://www.energy.gov/hgeo/articles/new-zealand-joins-international-carbon-storage-group,page,
https://www.energy.gov/oe/office-electricity,page,
https://www.energy.gov/ceser/articles/contracts-awarded-acquisition-crude-oil-strategic-petroleum-reserve,page,
https://www.energy.gov/hgeo/articles/doe-signs-cooperative-agreement-new-hydrogen-power-plant,page,
https://www.energy.gov/hgeo/articles/milestone-project-demonstrates-innovative-mercury-emissions-reduction-technology,page,
https://www.energy.gov/hgeo/articles/secretary-chu-announces-two-new-projects-reduce-emissions-coal-plants,page,
https://www.energy.gov/ceser/articles/doe-resume-filling-strategic-petroleum-reserve,page,
https://www.energy.gov/EDF,page,
https://www.energy.gov/lm/articles/office-legacy-management-designated-high-performing-organization,page,
https://www.energy.gov/cmei/systems/articles/doe-invest-176-million-six-early-stage-photovoltaic-projects,page,
https://www.energy.gov/hgeo/articles/director-leaving-national-energy-technology-laboratory,page,
https://www.energy.gov/hgeo/articles/doe-rti-design-and-build-gas-cleanup-system-igcc-power-plants,page,
https://www.energy.gov/cmei/systems/articles/doe-invest-35-million-concentrating-solar-power-projects,page,
https://www.energy.gov/hgeo/articles/secretary-chu-announces-3-billion-investment-carbon-capture-and-sequestration,page,
https://www.energy.gov/lm/office-legacy-management,page,
https://www.energy.gov/hgeo/articles/department-energy-takes-another-step-forward-futuregen-project-mattoon-illinois,page,
https://www.energy.gov/cmei/systems/articles/doe-headquarters-inaugurates-new-205-kilowatt-solar-power-system,page,
https://www.energy.gov/edf/contact-us,page,
https://www.energy.gov/orem/articles/incinerator-completes-mission-oak-ridge,page,
https://www.energy.gov/cmei/systems/articles/doe-invest-grid-integration-systems-solar-energy,page,
https://www.energy.gov/lm/person/jay-glascock,page,
https://www.energy.gov/lm/person/cliff-carpenter,page,
https://www.energy.gov/lm/person/lara-beasley,page,
https://www.energy.gov/orem/articles/reshaping-its-skyline-y-12-receives-approval-begin-multi-building-demolition-project,page,
https://www.energy.gov/lm/person/carmelo-melendez,page,
https://www.energy.gov/lm/about-oso-lm-20,page,
https://www.energy.gov/lm/listings/lm-news-archive,page,
https://www.energy.gov/lm/articles/bronco-site-reclamation-project-successfully-completed,page,
https://www.energy.gov/ne/articles/advanced-gas-reactor-fuel-programs-triso-particle-fuel-sets-new-world-record,page,
https://www.energy.gov/lm/articles/community-success-story-riverton-processing-site-wyoming,page,
https://www.energy.gov/lm/articles/lm-support-partner-retires-after-45-year-career,page,
https://www.energy.gov/lm/listings/lm-news-archive?page=52,page,
https://www.energy.gov/em/articles/doe-awards-22-million-financial-assistance-grant-new-mexico-environment-department,page,
https://www.energy.gov/hgeo/articles/improved-lining-material-gasifiers-could-lead-wider-commercialization-clean-and,page,
https://www.energy.gov/lm/listings/lm-news-archive?page=8,page,
https://www.energy.gov/lm/listings/lm-news-archive?page=50,page,
https://www.energy.gov/lm/listings/lm-news-archive?page=49,page,
https://www.energy.gov/lm/listings/lm-news-archive?page=48,page,
https://www.energy.gov/ne/office-nuclear-energy,page,
https://www.energy.gov/lm/articles/rocky-flats-site-expands-solar-power-treating-groundwater,page,
https://www.energy.gov/lm/articles/us-department-energy-office-legacy-management-2015-umtrca-title-i-and-title-ii-disposal,page,
https://www.energy.gov/lm/articles/wastewater-treatment-evolution-fernald-preserve,page,
https://www.energy.gov/lm/articles/grand-junction-office-receives-historic-preservation-award,page,
https://www.energy.gov/collection/filter/1380989,page,
https://www.energy.gov/cmei/amo/articles/companies-sep-certified-facilities-win-energy-management-awards,page,
https://www.energy.gov/indianenergy/articles/office-indian-energy-welcomes-summer-interns,page,
https://www.energy.gov/lm/articles/mound-museum-volunteers-preserving-laboratorys-legacy,page,
https://www.energy.gov/hgeo/articles/hydraulic-fracturing-data-collection-tools-improve-environmental-reporting-monitoring,page,
https://www.energy.gov/collection/filter/1380989?page=81,page,
https://www.energy.gov/collection/filter/1380989?page=8,page,
https://www.energy.gov/cmei/fuels/articles/doe-issues-request-information-hydrogen-storage-onboard-vehicle-applications,page,
https://www.energy.gov/hgeo/articles/doe-accord-seeks-accelerated-development-alaskas-vast-unconventional-energy-resources,page,
https://www.energy.gov/collection/filter/1380989?page=79,page,
https://www.energy.gov/collection/filter/1380989?page=78,page,
https://www.energy.gov/lm/articles/atlanta-community-leaders-institute-conference,page,
https://www.energy.gov/collection/filter/1380989?page=12,page,
https://www.energy.gov/cmei/fuels/articles/us-drive-releases-cradle-grave-analysis-light-duty-vehicles,page,
https://www.energy.gov/ne/articles/quarterly-nuclear-deployment-summary-january-2012,page,
https://www.energy.gov/oha/articles/summary-decisions-march-25-2013-march-29-2013,page,
https://www.energy.gov/lm/articles/abandoned-uranium-mines-report-congress-lm-wants-your-input,page,
https://www.energy.gov/collection/filter/1380989?page=16,page,
https://www.energy.gov/collection/filter/1380989?page=15,page,
https://www.energy.gov/collection/filter/1380989?page=14,page,
https://www.energy.gov/collection/filter/1380989?page=13,page,
https://www.energy.gov/collection/filter/1380989?page=20,page,
https://www.energy.gov/lm/articles/lm-publishes-newest-aser,page,
https://www.energy.gov/oha/articles/psh-23-0020-matter-personnel-security-hearing,page,
https://www.energy.gov/oha/articles/summary-decisions-march-13-2023-march-17-2023,page,
https://www.energy.gov/pppo/ports-ssab/articles/ports-ssab-subcommittee-meeting-notice,page,
https://www.energy.gov/oha/articles/summary-decisions-april-10-2023-april-14-2023,page,
https://www.energy.gov/collection/filter/1380989?page=24,page,
https://www.energy.gov/cmei/buildings/articles/bto-announces-winners-jump-stems-final-competition-0,page,
https://www.energy.gov/hgeo/articles/doe-invests-6-million-develop-useful-products-coal-and-coal-wastes-support-clean,page,
https://www.energy.gov/oha/articles/psh-22-0140-matter-personnel-security-hearing,page,
https://www.energy.gov/oha/articles/psh-23-0017-matter-personnel-security-hearing,page,
https://www.energy.gov/collection/filter/1380989?page=28,page,
https://www.energy.gov/pppo/ports-ssab/portsmouth-site-specific-advisory-board,page,
https://www.energy.gov/technologycommercialization/articles/notice-intent-issue-energy-i-corps-lab-call,page,
https://www.energy.gov/collection/filter/1380989?page=32,page,
https://www.energy.gov/pppo/ports-ssab/resources,page,
https://www.energy.gov/cmei/amo/articles/iedo-newsletter-billions-clean-energy-tax-credits-onsite-energy-technical,page,
https://www.energy.gov/em/em-site-specific-advisory-board,page,
https://www.energy.gov/pppo/portsmouth-paducah-project-office,page,
https://www.energy.gov/collection/filter/1380989?page=36,page,
https://www.energy.gov/technologycommercialization/energy-i-corps,page,
https://www.energy.gov/collection/filter/1380989?page=40,page,
https://www.energy.gov/collection/filter/1380989?page=39,page,
https://www.energy.gov/technologycommercialization/video-why-energy-i-corps-text-version,page,
https://www.energy.gov/collection/filter/1380989?page=44,page,
https://www.energy.gov/orem/articles/orssab-recognizes-retiring-members-branch-deaderick-holden-and-price,page,
https://www.energy.gov/orem/articles/advisory-board-welcomes-avi-duke-student-representative,page,
https://www.energy.gov/em/articles/doe-releases-request-informationsources-sought-cbfo-technical-assistance-contract,page,
https://www.energy.gov/collection/filter/1380989?page=48,page,
https://www.energy.gov/collection/filter/1380989?page=47,page,
https://www.energy.gov/collection/filter/1380989?page=46,page,
https://www.energy.gov/collection/filter/1380989?page=45,page,
https://www.energy.gov/collection/filter/1380989?page=52,page,
https://www.energy.gov/orem/articles/site-specific-advisory-board-elects-officers-fy-2018,page,
https://www.energy.gov/em/articles/doe-releases-request-informationsources-sought-and-announces-industry-day-and-community,page,
https://www.energy.gov/articles/us-secretary-energy-rick-perry-visit-savannah-river-national-lab-and-savannah-river-site,page,
https://www.energy.gov/ceser/articles/doe-announces-notice-sale-crude-oil-strategic-petroleum-reserve-1,page,
https://www.energy.gov/articles/department-energy-seeks-feedback-regulatory-barriers-hydrogen-infrastructure,page,
https://www.energy.gov/collection/filter/1380989?page=56,page,
https://www.energy.gov/cmei/vehicles/articles/new-initiatives-will-use-supercomputers-improve-transportation-energy,page,
https://www.energy.gov/srs/articles/new-melter-srs-pours-first-canisters-high-level-waste,page,
https://www.energy.gov/srs/articles/savannah-river-site-liquid-waste-operations-restart-after-outage-work,page,
https://www.energy.gov/cmei/fuels/articles/hydrogen-and-fuel-cells-program-presents-annual-merit-review-awards-2,page,
https://www.energy.gov/collection/filter/1380989?page=60,page,
https://www.energy.gov/lm/articles/lm-article-published-medical-journal,page,
https://www.energy.gov/articles/department-energy-announces-prize-competition-winners-bolster-onshore-manufacturing,page,
https://www.energy.gov/orem/oak-ridge-site-specific-advisory-board,page,
https://www.energy.gov/collection/filter/1380989?page=64,page,
https://www.energy.gov/collection/filter/1380989?page=63,page,
https://www.energy.gov/collection/filter/1380989?page=62,page,
https://www.energy.gov/collection/filter/1380989?page=61,page,
https://www.energy.gov/collection/filter/1380989?page=68,page,
https://www.energy.gov/oha/articles/summary-decisions-july-13-2015-july-17-2015,page,
https://www.energy.gov/orem/articles/heritage-part-doe-advisory-board-secretarys-interest-environmental-cleanup,page,
https://www.energy.gov/oha/articles/summary-decisions-august-31-2015-september-4-2015,page,
https://www.energy.gov/oha/articles/summary-decisions-september-7-2015-september-11-2015,page,
https://www.energy.gov/oha/articles/summary-decisions-october-12-2015-october-16-2015,page,
https://www.energy.gov/collection/filter/1380989?page=72,page,
https://www.energy.gov/oha/articles/summary-decisions-march-17-2014-march-21-2014,page,
https://www.energy.gov/oha/articles/summary-decisions-february-24-2014-february-28-2014,page,
https://www.energy.gov/oha/articles/summary-decisions-march-24-2014-march-28-2014,page,
https://www.energy.gov/oha/articles/summary-decisions-march-31-2014-april-4-2014,page,
https://www.energy.gov/oha/articles/summary-decisions-april-7-2014-april-11-2014,page,
https://www.energy.gov/oha/articles/summary-decisions-april-14-2014-april-18-2014,page,
https://www.energy.gov/oha/articles/summary-decisions-april-21-2014-april-25-2014,page,
https://www.energy.gov/oha/articles/summary-decisions-may-12-2014-may-16-2014,page,
https://www.energy.gov/orem/articles/advisory-board-seats-new-student-representatives-0,page,
https://www.energy.gov/oha/articles/summary-decisions-may-19-2014-may-23-2014,page,
https://www.energy.gov/collection/filter/1380989?page=71,page,
https://www.energy.gov/collection/filter/1380989?page=70,page,
https://www.energy.gov/collection/filter/1380989?page=69,page,
https://www.energy.gov/oha/articles/summary-decisions-november-10-2014-november-14-2014,page,
https://www.energy.gov/orem/articles/doe-seeks-candidates-environmental-advisory-board-vacancies,page,
https://www.energy.gov/oha/articles/summary-decisions-november-17-2014-november-21-2014,page,
https://www.energy.gov/oha/articles/summary-decisions-may-26-2014-may-30-2014,page,
https://www.energy.gov/oha/articles/summary-decisions-july-28-2014-august-1-2014,page,
https://www.energy.gov/orem/articles/orssab-elects-officers-fy-2015,page,
https://www.energy.gov/cmei/amo/articles/advanced-manufacturing-office-update-november-2014,page,
https://www.energy.gov/cmei/fuels/articles/doe-releases-2013-fuel-cell-technologies-market-report,page,
https://www.energy.gov/cmei/fuels/articles/2014-doe-hydrogen-and-fuel-cells-program-annual-progress-report-posted,page,
https://www.energy.gov/cmei/fuels/market-analysis-reports,page,
https://www.energy.gov/cmei/amo/articles/energy-department-invests-54-million-spur-development-transformational,page,
https://www.energy.gov/hgeo/articles/netl-publications-earn-national-communications-awards,page,
https://www.energy.gov/cmei/systems/articles/energy-department-announces-sunshot-startup-investments-and-competition,page,
https://www.energy.gov/cmei/systems/articles/energy-departments-sunshot-summit-outlines-path-forward-solar-energy,page,
https://www.energy.gov/hgeo/articles/new-doe-best-practices-manual-features-top-strategies-carbon-storage-wells,page,
https://www.energy.gov/cmei/systems/incubator-program,page,
https://www.energy.gov/pppo/articles/new-signs-direct-recreational-use-land-does-paducah-site,page,
https://www.energy.gov/cmei/systems/seto-fiscal-year-2022-solar-manufacturing-incubator-funding-program,page,
https://www.energy.gov/cmei/systems/manufacturing-and-competitiveness,page,
https://www.energy.gov/cmei/systems/silicon-solar-manufacturing-and-dual-use-photovoltaics-incubator-funding-program,page,
https://www.energy.gov/hgeo/articles/novel-tool-allows-quicker-more-versatile-analysis-energy-production-technologies,page,
https://www.energy.gov/cmei/systems/solar-energy-technologies-office-fiscal-year-2021-systems-integration-and-hardware,page,
https://www.energy.gov/cmei/systems/solar-manufacturing-map,page,
https://www.energy.gov/hgeo/articles/netl-developed-carbon-capture-technology-recognized-rd-100-award,page,
https://www.energy.gov/cmei/systems/american-made-solar-prize-round-2,page,
https://www.energy.gov/indianenergy/articles/em-convenes-historic-meeting-leaders-tribal-nations,page,
https://www.energy.gov/cmei/success-stories/articles/eere-success-story-inspector-gadget-new-device-can-spot-defects,page,
https://www.energy.gov/cmei/systems/unifi-consortium,page,
https://www.energy.gov/hgeo/articles/doe-advances-innovative-ccs-polygeneration-plant-through-nepa-process,page,
https://www.energy.gov/cmei/fuels/articles/energy-department-funding-advance-hydrogen-infrastructure-and-fueling,page,
https://www.energy.gov/cmei/systems/systems-integration,page,
https://www.energy.gov/cmei/systems/articles/american-made-solar-prize-infographic,page,
https://www.energy.gov/hgeo/articles/vast-energy-resource-residual-oil-zones-fe-study-says,page,
https://www.energy.gov/cmei/systems/solar-systems-integration-basics,page,
https://www.energy.gov/cmei/systems/articles/success-story-novel-approach-solar-forecasting-delivers-improved-reliability,page,
https://www.energy.gov/cmei/systems/american-made-solar-prize,page,
https://www.energy.gov/cmei/systems/american-made-solar-forecasting-prize,page,
https://www.energy.gov/cmei/systems/how-does-solar-work,page,
https://www.energy.gov/cmei/systems/solar-forecasting-2,page,
https://www.energy.gov/cmei/systems/american-made-net-load-forecasting-prize,page,
https://www.energy.gov/cmei/systems/photovoltaics,page,
https://www.energy.gov/cmei/success-stories/articles/eere-success-story-small-wonder-new-converter-and-wiring-setup-can,page,
https://www.energy.gov/cmei/success-stories/articles/eere-success-story-national-lab-achieves-worlds-most-accurate-silicon,page,
https://www.energy.gov/cmei/systems/articles/success-story-clearer-picture-us-solar-power-performance,page,
https://www.energy.gov/cmei/systems/homeowners-guide-solar,page,
https://www.energy.gov/cmei/systems/perovskite-solar-cells,page,
https://www.energy.gov/cmei/systems/funding-opportunity-announcement-solar-energy-technologies-office-fiscal-year-2020,page,
https://www.energy.gov/cmei/systems/solar-energy-technologies-office-lab-call-fy2022-24,page,
https://www.energy.gov/cmei/systems/small-innovative-projects-solar-sips-program,page,
https://www.energy.gov/cmei/systems/articles/funding-notice-advancing-us-thin-film-solar-photovoltaics,page,
https://www.energy.gov/cmei/systems/solar-newsletter,page,
https://www.energy.gov/cmei/funding/cmei-funding-opportunities,page,
https://www.energy.gov/cmei/systems/solar-energy-technologies-office-lab-call-fy2022-24-concentrating-solar-thermal-power,page,
https://www.energy.gov/cmei/systems/solar-energy-technologies-office-fiscal-year-2018-funding-program-seto-fy2018,page,
https://www.energy.gov/cmei/systems/heliocon,page,
https://www.energy.gov/cmei/vehicles/funding-opportunities,page,
https://www.energy.gov/cmei/systems/seto-fy2018-workforce-initiatives,page,
https://www.energy.gov/cmei/systems/seto-fy2018-photovoltaics,page,
https://www.energy.gov/cmei/vehicles/articles/doe-vehicle-technologies-office-funding-opportunity-announcement-0,page,
https://www.energy.gov/cmei/vehicles/articles/vehicle-technologies-office-funding-opportunity-announcement-information,page,
https://www.energy.gov/cmei/vehicles/articles/doe-vehicle-technologies-office-funding-opportunity-announcement-information,page,
https://www.energy.gov/cmei/vehicles/closed-funding-opportunities,page,
https://www.energy.gov/cmei/vehicles/funding-notice-fiscal-year-2024-vehicle-technologies-office-batteries-funding,page,
https://www.energy.gov/articles/energy-department-announces-137-million-investment-commercial-and-passenger-vehicle,page,
https://www.energy.gov/cmei/vehicles/articles/energy-department-announces-18-million-accelerate-development-plug-electric,page,
https://www.energy.gov/technologycommercialization/articles/slac-stanford-gadget-grabs-more-solar-energy-disinfect-water,page,
https://www.energy.gov/cmei/articles/energy-department-announces-funding-support-breakthrough-technologies-advanced,page,
https://www.energy.gov/cmei/vehicles/transportation-technologies-office-newsletters,page,
https://www.energy.gov/cmei/articles/energy-department-announces-six-projects-pilot-and-demonstration-scale-manufacturing,page,
https://www.energy.gov/articles/energy-secretary-ernest-moniz-announces-charles-curtis-2016-recipient-schlesinger-medal,page,
https://www.energy.gov/quadrennial-technology-review-0,page,
https://www.energy.gov/cmei/articles/energy-department-announces-7-million-co-optimization-fuels-and-engines,page,
https://www.energy.gov/articles/energy-department-announces-investment-wave-energy-test-facility,page,
https://www.energy.gov/articles/energy-department-transfers-land-city-oak-ridge-community-focuses-future-economic,page,
https://www.energy.gov/management/articles/doe-awards-cooperative-agreement-nambe-pueblo,page,
https://www.energy.gov/cmei/fuels/co-optimization-fuels-engines,page,
https://www.energy.gov/hgeo/geothermal/articles/deep-direct-use-feasibility-studies,page,
https://www.energy.gov/articles/energy-department-offers-conditional-commitment-first-advanced-fossil-energy-loan,page,
https://www.energy.gov/cmei/fuels/co-optima-tools-and-data,page,
https://www.energy.gov/cmei/fuels/co-optima-partners,page,
https://www.energy.gov/management/office-management,page,
https://www.energy.gov/articles/innovators-drawn-illinois-argonne-national-laboratorys-first-embedded-entrepreneurship,page,
https://www.energy.gov/articles/energy-department-launches-new-manufacturing-usa-institute-focused-recycling-and-reusing,page,
https://www.energy.gov/management/articles/doe-awards-cooperative-agreement-new-mexico-energy-confederated-tribes-umatilla,page,
https://www.energy.gov/collection/view?paragraph=797556,page,
https://www.energy.gov/em/articles/small-stream-big-step-hanford-begins-transferring-emf-concentrate-grouting,page,
https://www.energy.gov/hgeo/geothermal/office-geothermal,page,
https://www.energy.gov/cmei/amo/articles/advanced-manufacturing-office-issues-draft-its-multi-year-program-plan-public,page,
https://www.energy.gov/cmei/fuels/articles/doe-alternative-fuels-and-feedstocks-office-announces-intent-advance-innovative,page,
https://www.energy.gov/management/doe-conference-management-annual-reports,page,
https://www.energy.gov/oe/articles/national-governors-association-helps-states-grid-modernization,page,
https://www.energy.gov/collection/view?paragraph=797556&page=914,page,
https://www.energy.gov/cmei/fuels/doe-alternative-fuels-and-feedstocks-office-announces-intent-advance-innovative-chemical,page,
https://www.energy.gov/articles/us-department-energy-cabinet-exit-memo-0,page,
https://www.energy.gov/indianenergy/articles/highlights-2016-office-indian-energy-program-review,page,
https://www.energy.gov/collection/view?paragraph=797556&page=912,page,
https://www.energy.gov/collection/view?paragraph=797556&page=911,page,
https://www.energy.gov/cmei/fuels/articles/energy-department-veteran-saves-electricity-one-light-switch-time,page,
https://www.energy.gov/cmei/fuels/articles/video-motorweek-hydrogen-drive-segment,page,
https://www.energy.gov/indianenergy/2016-office-indian-energy-program-review-meeting-presentations,page,
https://www.energy.gov/topics/fusion-energy,page,
https://www.energy.gov/collection/filter/1381036,page,
https://www.energy.gov/cmei/amo/articles/notice-intent-industrial-assessment-center-extension,page,
https://www.energy.gov/collection/filter/1381036?page=5,page,
https://www.energy.gov/collection/filter/1381036?page=4,page,
https://www.energy.gov/articles/arpa-e-announces-70-million-funding-new-programs-power-transportation-and-store-carbon,page,
https://www.energy.gov/collection/filter/1381036?page=3,page,
https://www.energy.gov/articles/saving-energy-and-money-starts-home,page,
https://www.energy.gov/cmei/articles/energy-101-lumens,page,
https://www.energy.gov/nnsa/articles/do-these-three-things-today-be-safer-online-and-avoid-fraud,page,
https://www.energy.gov/articles/national-cybersecurity-awareness-month-6-ways-stay-safe-online,page,
https://www.energy.gov/cmei/success-stories/articles/eere-success-story-minnesota-offers-residents-tip-sheet-hiring-solar,page,
https://www.energy.gov/articles/9-energy-data-tools-you-can-use-2019,page,
https://www.energy.gov/social,page,
https://www.energy.gov/design,page,
https://www.energy.gov/us-department-energy-seal-guidelines,page,
https://www.energy.gov/person/paul-lester,page,
https://www.energy.gov/cmei/systems/2017-wind-market-reports,page,
https://www.energy.gov/cmei/systems/history-us-wind-energy-0,page,
https://www.energy.gov/cmei/systems/how-do-wind-turbines-work,page,
https://www.energy.gov/cmei/systems/articles/blade-and-drivetrain-testing-advance-wind-turbine-efficiency-and-reliability,page,
https://www.energy.gov/cmei/systems/articles/who-uses-distributed-wind,page,
https://www.energy.gov/cmei/systems/articles/2018-distributed-wind-market-report,page,
https://www.energy.gov/cmei/systems/articles/gearbox-reliability-collaborative-successfully-demonstrates-longer-gearbox,page,
https://www.energy.gov/cmei/systems/articles/facilities-expand-us-offshore-wind-energy-testing-capabilities,page,
https://www.energy.gov/cmei/systems/advanced-drivetrain-manufacturing,page,
https://www.energy.gov/cmei/systems/wind-rd-newsletter,page,
https://www.energy.gov/cmei/systems/how-wind-turbine-works-text-version,page,
https://www.energy.gov/cmei/systems/listings/articles-about-testing,page,
https://www.energy.gov/cmei/systems/wind-energy-basics,page,
https://www.energy.gov/cmei/systems/listings/articles-about-testing?page=5,page,
https://www.energy.gov/cmei/systems/articles/interagency-field-test-evaluates-co-operation-turbines-and-radar,page,
https://www.energy.gov/cmei/systems/listings/articles-about-testing?page=4,page,
https://www.energy.gov/cmei/systems/listings/articles-about-testing?page=3,page,
https://www.energy.gov/cmei/systems/listings/articles-about-testing?page=1,page,
https://www.energy.gov/cmei/systems/listings/articles-about-testing?page=2,page,
https://www.energy.gov/cmei/systems/articles/flow-distortion-study-completed-chesapeake-light-tower,page,
https://www.energy.gov/cmei/systems/articles/study-shows-active-power-controls-wind-may-increase-revenues-and-improve,page,
https://www.energy.gov/cmei/systems/articles/energy-department-helps-manufacturers-small-and-mid-size-wind-turbines-meet,page,
https://www.energy.gov/cmei/systems/articles/energy-department-announces-new-projects-offshore-wind-energy-technology,page,
https://www.energy.gov/cmei/systems/spring-2018-wind-rd-newsletter,page,
https://www.energy.gov/cmei/systems/renewable-systems-integration,page,
https://www.energy.gov/oe/articles/energy-transitions-initiative-partnership-project-releases-technical-assistance,page,
https://www.energy.gov/articles/president-donald-j-trump-establishing-americas-national-strategy-space-nuclear-power-and,page,
https://www.energy.gov/cmei/systems/articles/west-coast-offshore-wind-transmission-literature-review-and-gaps-analysis,page,
https://www.energy.gov/cmei/systems/articles/doe-releases-west-coast-offshore-wind-transmission-study-and-action-plan,page,
https://www.energy.gov/cmei/systems/articles/award-winning-open-source-tool-makes-planning-future-wind-energy-scenarios,page,
https://www.energy.gov/cmei/wind/articles/doe-partners-kick-groundbreaking-initiative-improve-accurate-forecasting-and,page,
https://www.energy.gov/cmei/systems/articles/eere-planning-funding-totaling-over-100-modernize-grid,page,
https://www.energy.gov/cmei/fuels/articles/department-energy-announces-10-million-demonstrate-innovative-hydrogen-solution,page,
https://www.energy.gov/cmei/articles/us-department-energy-invest-over-100-million-prepare-grid-net-zero-economy,page,
https://www.energy.gov/hgeo/geothermal/articles/us-department-energy-announces-winners-2023-geothermal-collegiate,page,
https://www.energy.gov/cmei/ito/funding-selections-fy23-industrial-efficiency-and-decarbonization-multi-topic-foa,page,
https://www.energy.gov/articles/biden-harris-administration-announces-254-million-decarbonize-americas-industrial-sector,page,
https://www.energy.gov/cmei/fuels/articles/us-department-energy-announces-175-million-support-cost-effective-waste-energy,page,
https://www.energy.gov/articles/doe-reduces-regulatory-hurdles-energy-storage-transmission-and-solar-projects,page,
https://www.energy.gov/cmei/buildings/articles/doe-recognizes-eight-organizations-excellence-expanding-use-smart,page,
https://www.energy.gov/articles/us-department-energy-announces-final-rule-propel-federal-buildings-toward-zero-emissions,page,
https://www.energy.gov/cmei/scep/events/webinar-fy24-waste-analysis-and-strategies-transportation-end-uses-waste-foa,page,
https://www.energy.gov/cmei/ito/ito-fy23-multi-topic-funding-opportunity-announcement,page,
https://www.energy.gov/oe/articles/energy-department-announces-1m-storage-vouchers,page,
https://www.energy.gov/nepa/doe-nepa-categorical-exclusion-rulemaking-2024,page,
https://www.energy.gov/cmei/fuels/bioenergy-technologies-funding-opportunities?utm_medium=email&utm_source=govdelivery,page,
https://www.energy.gov/nnsa/articles/nnsa-advances-bilateral-nonproliferation-cooperation-both-japan-and-republic-korea,page,
https://www.energy.gov/cmei/fuels/bioenergy-technologies-office-other-funding-opportunities,page,
https://www.energy.gov/cmei/fuels/affo-teaming-partner-list-guidance,page,
https://www.energy.gov/cmei/fuels/bioenergy-technology-verification,page,
https://www.energy.gov/cmei/fuels/alternative-fuels-and-feedstocks-office-closed-funding-opportunities,page,
https://www.energy.gov/cmei/fuels/funding-opportunity-resources-prospective-applicants,page,
https://www.energy.gov/cmei/fuels/bioenergy-technology-verification-team-approach,page,
https://www.energy.gov/cmei/fuels/bioenergy-technology-verification-process,page,
https://www.energy.gov/nepa/articles/re-opening-public-comment-period-request-information-regarding-categorical-exclusions,page,
https://www.energy.gov/cmei/fuels/affo-notice-funding-opportunity-application-tutorial,page,
https://www.energy.gov/cmei/articles/energy-department-partners-department-agriculture-integrated-biorefinery-optimization,page,
https://www.energy.gov/cmei/fuels/interested-becoming-beto-project-reviewer,page,
https://www.energy.gov/articles/us-energy-secretary-moniz-new-mexico-delegation-recognize-reopening-waste-isolation-pilot,page,
https://www.energy.gov/cmei/fuels/bioenergy-technologies-office-fiscal-year-2019-funding-opportunity-announcement,page,
https://www.energy.gov/cmei/fuels/fy20-bioenergy-technologies-multi-topic-foa,page,
https://www.energy.gov/cmei/fuels/2019-project-peer-review-report,page,
https://www.energy.gov/articles/us-energy-secretary-and-mexico-energy-minister-sign-bilateral-principles-promote,page,
https://www.energy.gov/cmei/articles/new-notice-intent-joint-funding-opportunity-advance-does-plastics-innovation,page,
https://www.energy.gov/cmei/fuels/articles/submission-deadlines-have-been-extended-department-energy-announces-25-million,page,
https://www.energy.gov/cmei/fuels/articles/department-energy-announces-nearly-100-million-bioenergy-technologies-research,page,
https://www.energy.gov/ceser/articles/department-energy-announces-notice-sale-crude-oil-strategic-petroleum-reserve,page,
https://www.energy.gov/cmei/fuels/articles/bioenergy-technologies-office-fiscal-year-2020-multi-topic-funding-opportunity,page,
https://www.energy.gov/em/articles/doe-awards-contract-hanford-site-mission-essential-services-support-cleanup,page,
https://www.energy.gov/articles/department-energy-launches-plastics-innovation-challenge,page,
https://www.energy.gov/collection/filter/1249,page,
https://www.energy.gov/science/articles/department-energy-announces-5-million-new-computational-approaches-biology,page,
https://www.energy.gov/science/articles/doe-provide-135-million-new-atmospheric-studies,page,
https://www.energy.gov/cmei/articles/department-energy-launches-plastics-innovation-challenge,page,
https://www.energy.gov/collection/filter/1249?page=1,page,
https://www.energy.gov/ne/articles/us-department-energy-awards-35-million-new-gas-reactor-design,page,
https://www.energy.gov/collection/filter/1249?page=0,page,
https://www.energy.gov/srs/articles/srs-employees-show-their-creative-side-aiken-center-arts,page,
https://www.energy.gov/cmei/ammto/articles/department-energy-launches-plastics-innovation-challenge,page,
https://www.energy.gov/cmei/ammto/articles/funding-notice-over-10-million-available-high-performance-computing-innovation,page,
https://www.energy.gov/cmei/fuels/2023-project-peer-review,page,
https://www.energy.gov/srs/articles/srs-employees-exceed-major-christmas-milestone-toys-donated-local-toys-tots-campaign,page,
https://www.energy.gov/articles/doe-responds-ambassador-sondlands-comments-house-intelligence-committee,page,
https://www.energy.gov/articles/white-house-appoints-2019-2020-class-white-house-fellows,page,
https://www.energy.gov/cmei/fuels/systems-development-integration-scale-portfolio,page,
https://www.energy.gov/cmei/fuels/systems-development-integration-emerging-and-supporting-technologies,page,
https://www.energy.gov/cmei/fuels/plastics-deconstruction-and-redesign,page,
https://www.energy.gov/articles/dan-brouillette-confirmed-us-senate-be-secretary-energy,page,
https://www.energy.gov/cmei/fuels/organic-waste-conversion,page,
https://www.energy.gov/articles/secretary-perry-hosts-doe-secretarys-honor-awards-ceremony-and-bids-farewell-all,page,
https://www.energy.gov/articles/department-energy-announces-15-million-development-artificial-intelligence-and-machine,page,
https://www.energy.gov/lm/articles/lm-achieves-unconditional-closure-unit-pinellas-county-site,page,
https://www.energy.gov/cmei/fuels/feedstock-technologies-program,page,
https://www.energy.gov/cmei/fuels/feedstock-conversion-interface-consortium-0,page,
https://www.energy.gov/cmei/fuels/data-modeling-and-analysis-program,page,
https://www.energy.gov/cmei/fuels/carbon-dioxide-utilization,page,
https://www.energy.gov/cmei/fuels/catalytic-upgrading,page,
https://www.energy.gov/cmei/fuels/biochemical-conversion-and-lignin-utilization,page,
https://www.energy.gov/cmei/fuels/agile-biofoundry-consortium,page,
https://www.energy.gov/cmei/fuels/advanced-algal-systems-integration,page,
https://www.energy.gov/cmei/fuels/advanced-algal-systems-cultivation-and-strain-development,page,
https://www.energy.gov/cmei/fuels/articles/agenda-2023-project-peer-review,page,
https://www.energy.gov/cmei/fuels/articles/2023-project-peer-review-report,page,
https://www.energy.gov/technologycommercialization/articles/energy-department-announces-overhaul-small-business-innovation,page,
https://www.energy.gov/cmei/articles/does-hydropower-and-hydrokinetic-office-release-430-million-improve-americas,page,
https://www.energy.gov/articles/energy-department-announces-organizational-realignment-strengthen-efficiency-and-unleash,page,
https://www.energy.gov/ne/articles/department-energys-defense-production-act-consortium-unveils-new-initiative-grow,page,
https://www.energy.gov/cmei/water/hydropower-basics,page,
https://www.energy.gov/articles/energy-secretary-strengthens-midwest-grid-reliability-heading-winter-months,page,
https://www.energy.gov/lm/articles/no-stone-left-unturned-planting-project-rifle-site,page,
https://www.energy.gov/cmei/water/section-247-maintaining-and-enhancing-hydroelectricity-incentives,page,
https://www.energy.gov/em/articles/department-energy-seeks-partner-private-sector-used-nuclear-fuel-recycling,page,
https://www.energy.gov/lm/articles/lm-director-recognizes-administrative-professionals-exceptional-support,page,
https://www.energy.gov/articles/energy-department-closes-loan-restart-nuclear-power-plant-pennsylvania,page,
https://www.energy.gov/topics/reliability,page,
https://www.energy.gov/ceser/federal-power-act-section-202c-midcontinent-independent-system-operator-miso-0,page,
https://www.energy.gov/ne/articles/department-energy-seeks-partner-private-sector-used-nuclear-fuel-recycling,page,
https://www.energy.gov/lm/articles/be-safe-around-abandoned-mines-colorado-plateau,page,
https://www.energy.gov/ne/advanced-nuclear-fuel-recycling-program,page,
https://www.energy.gov/technologycommercialization/articles/energy-department-announces-partnership-fermilab-and-qblox,page,
https://www.energy.gov/lm/articles/full-speed-ahead-navajo-nation-water-treatment-projects,page,
https://www.energy.gov/lm/atomic-legacy-cabin,page,
https://www.energy.gov/hgeo/opr/articles/energy-department-awards-new-contracts-strategic-petroleum-reserve-advancing,page,
https://www.energy.gov/topics/quantum-information-science,page,
https://www.energy.gov/articles/us-energy-secretary-and-saudi-arabias-energy-minister-announce-deal-civil-nuclear,page,
https://www.energy.gov/em/articles/energy-department-issues-eoi-volumetric-contaminated-nickel-technology,page,
https://www.energy.gov/lm/about-atomic-legacy-cabin,page,
https://www.energy.gov/articles/energy-deputy-secretary-danly-commends-ferc-action-large-load-interconnection-reform,page,
https://www.energy.gov/cet/office-critical-and-emerging-technologies,page,
https://www.energy.gov/ne/articles/x-energy-starts-building-construction-advanced-nuclear-fuel-facility,page,
https://www.energy.gov/collection/view?paragraph=797572,page,
https://www.energy.gov/science/articles/celebrating-spooky-science,page,
https://www.energy.gov/science/articles/muon-g-2-announces-most-precise-measurement-magnetic-anomaly-muon,page,
https://www.energy.gov/science/articles/powering-future-quantum,page,
https://www.energy.gov/articles/energy-department-launches-genesis-mission-transform-american-science-and-innovation,page,
https://www.energy.gov/collection/view?paragraph=797388,page,
https://www.energy.gov/collection/view?paragraph=797572&page=1,page,
https://www.energy.gov/collection/view?paragraph=797572&page=0,page,
https://www.energy.gov/collection/view?paragraph=797388&page=13669,page,
https://www.energy.gov/collection/view?paragraph=797388&page=8,page,
https://www.energy.gov/collection/view?paragraph=797388&page=7,page,
https://www.energy.gov/science/articles/how-would-ibms-quiz-show-computer-watson-do-competitor-national-science-bowl,page,
https://www.energy.gov/science/articles/what-can-science-gain-computers-learn,page,
https://www.energy.gov/science/articles/quantum-computing-learning-speak-whole-new-technology,page,
https://www.energy.gov/articles/unleashing-world-quantum-opportunities,page,
https://www.energy.gov/collection/view?paragraph=797388&page=13667,page,
https://www.energy.gov/collection/view?paragraph=797388&page=12,page,
https://www.energy.gov/cmm/critical-materials-collaborative,page,
https://www.energy.gov/ehss/worker-safety-and-health-policy-assistance,page,
https://www.energy.gov/science/person/sandra-allen-mclean,page,
https://www.energy.gov/person/paul-m-dabbar,page,
https://www.energy.gov/collection/view?paragraph=797388&page=16,page,
https://www.energy.gov/ehss/worker-safety-and-health,page,
https://www.energy.gov/ehss/worker-safety-and-health-policy-clarification-portal,page,
https://www.energy.gov/collection/view?paragraph=797388&page=20,page,
https://www.energy.gov/collection/view?paragraph=797388&page=19,page,
https://www.energy.gov/ehss/workplace-substance-abuse-programs-doe-sites-10-cfr-707,page,
https://www.energy.gov/ehss/worker-safety-and-health-program-10-cfr-851,page,
https://www.energy.gov/ehss/occupational-radiation-protection-program-10-cfr-835,page,
https://www.energy.gov/collection/view?paragraph=797388&page=24,page,
https://www.energy.gov/collection/view?paragraph=797388&page=23,page,
https://www.energy.gov/collection/view?paragraph=797388&page=22,page,
https://www.energy.gov/cmei/buildings/doe-efficient-new-homes-program-resources,page,
https://www.energy.gov/ehss/articles/forensic-drug-testing-custody-and-control-form,page,
https://www.energy.gov/ehss/articles/memorandum-ehss-1-clarification-drug-testing-custody-and-control-form-department,page,
https://www.energy.gov/ehss/person/melissa-robinson,page,
https://www.energy.gov/ehss/person/amanda-t-lowery,page,
https://www.energy.gov/department-energy-logo-and-branding-guidelines,page,
https://www.energy.gov/cmei/buildings/testimonials-doe-efficient-new-homes,page,
https://www.energy.gov/cmei/buildings/national-regional-and-affordable-housing-incentives-doe-efficient-new-homes,page,
https://www.energy.gov/ehss/leadership,page,
https://www.energy.gov/cmei/better-buildings-residential-network/portland-scores-new-home-energy-policy,page,
https://www.energy.gov/cmei/buildings/doe-efficient-new-homes-education-hub,page,
https://www.energy.gov/cmei/better-buildings-residential-network/residential-network-members-support-new-data-driven,page,
https://www.energy.gov/cmei/buildings/certification-organizations-doe-efficient-new-homes,page,
https://www.energy.gov/cmei/buildings/complaints-and-doe-efficient-new-homes-certification-review,page,
https://www.energy.gov/cmei/buildings/doe-efficient-new-homes-program,page,
https://www.energy.gov/cmei/buildings/residential-buildings-integration,page,
https://www.energy.gov/cmei/buildings/standard-energy-efficiency-data-seed-platform,page,
https://www.energy.gov/cmei/buildings/seed-platform-collaborative,page,
https://www.energy.gov/cmei/buildings/introduction-energy-star-zerh-multifamily-new-construction-programs-webinar-text,page,
https://www.energy.gov/cmei/buildings/doe-zero-energy-ready-home-zerh-program-single-family-homes-california-version-2,page,
https://www.energy.gov/cmei/buildings/doe-efficient-new-homes-multifamily-version-2-rev-2-module-1-training-web-transcript,page,
https://www.energy.gov/cmei/buildings/seed-platform-frequently-asked-questions,page,
https://www.energy.gov/cmei/buildings/energy-data-vault,page,
https://www.energy.gov/cmei/buildings/articles/openstudio,page,
https://www.energy.gov/cmei/buildings/articles/building-energy-asset-score,page,
https://www.energy.gov/cmei/buildings/open-source-strategy,page,
https://www.energy.gov/cmei/buildings/building-performance-database-bpd,page,
https://www.energy.gov/cmei/buildings/building-energy-asset-score,page,
https://www.energy.gov/cmei/buildings/asset-score-national-leadership-network,page,
https://www.energy.gov/cmei/buildings/person/dr-amir-roth,page,
https://www.energy.gov/cmei/buildings/resstock,page,
https://www.energy.gov/cmei/buildings/articles/bayren-integrated-commercial-retrofits-bricr,page,
https://www.energy.gov/cmei/buildings/buildingsync,page,
https://www.energy.gov/cmei/buildings/building-energy-data-exchange-specification-bedes,page,
https://www.energy.gov/cmei/buildings/building-energy-data,page,
https://www.energy.gov/cmei/buildings/commercial-buildings-integration,page,
https://www.energy.gov/cmei/buildings/airbem-aerial-technology-building-energy-auditing,page,
https://www.energy.gov/cmei/buildings/virtual-epb,page,
https://www.energy.gov/cmei/buildings/demonstrating-efficient-solutions-buildings-des-b,page,
https://www.energy.gov/cmei/buildings/efficient-and-healthy-schools,page,
https://www.energy.gov/cmei/buildings/commercial-buildings-partnerships,page,
https://www.energy.gov/cmei/buildings/articles/energyplus,page,
https://www.energy.gov/cmei/buildings/zero-energy-buildings-resource-hub,page,
https://www.energy.gov/cmei/buildings/commercial-buildings-integration-team,page,
https://www.energy.gov/cmei/buildings/commercial-building-activities,page,
https://www.energy.gov/cmei/buildings/zero-energy-programs,page,
https://www.energy.gov/cmei/buildings/about-commercial-buildings-integration-program,page,
https://www.energy.gov/cmei/buildings/zero-energy-building-project-profiles,page,
https://www.energy.gov/cmei/buildings/past-projects,page,
https://www.energy.gov/cmei/buildings/zero-energy-building-project-profiles-districts-communities,page,
https://www.energy.gov/cmei/buildings/zero-energy-building-project-profiles-offices,page,
https://www.energy.gov/cmei/buildings/commercial-reference-buildings,page,
https://www.energy.gov/cmei/buildings/commercial-building-performance-monitoring-and-evaluation,page,
https://www.energy.gov/cmei/buildings/existing-commercial-reference-buildings-constructed-1980,page,
https://www.energy.gov/cmei/buildings/performance-metrics-tiers,page,
https://www.energy.gov/cmei/buildings/existing-commercial-reference-buildings-constructed-1980-archive,page,
https://www.energy.gov/cmei/buildings/existing-commercial-reference-buildings-constructed-or-after-1980,page,
https://www.energy.gov/cmei/buildings/new-construction-commercial-reference-buildings,page,
https://www.energy.gov/cmei/buildings/zero-energy-buildings-highlights,page,
https://www.energy.gov/cmei/buildings/life-cycle-inventory-database,page,
https://www.energy.gov/cmei/solar/articles/confronting-duck-curve-how-address-over-generation-solar-energy,page,
https://www.energy.gov/cmei/buildings/new-construction-commercial-reference-buildings-archive,page,
https://www.energy.gov/cmei/buildings/existing-commercial-reference-buildings-constructed-or-after-1980-archive,page,
https://www.energy.gov/cmei/buildings/zero-energy-building-project-profiles-schools,page,
https://www.energy.gov/cmei/buildings/high-performance-green-building-partnership-consortia,page,
https://www.energy.gov/cmei/buildings/data-centers-and-servers,page,
https://www.energy.gov/cmei/buildings/advanced-energy-retrofit-guides,page,
https://www.energy.gov/cmei/buildings/zero-energy-building-project-types,page,
https://www.energy.gov/cmei/buildings/zero-energy-building-technologies-approaches,page,
https://www.energy.gov/cmei/femp/articles/best-practices-guide-energy-efficient-data-center-design,page,
https://www.energy.gov/cmei/buildings/179d-energy-efficient-commercial-buildings-tax-deduction,page,
https://www.energy.gov/cmei/buildings/zero-energy-buildings-districts-communities,page,
https://www.energy.gov/cmei/buildings/zero-energy-buildings-offices,page,
https://www.energy.gov/cmei/buildings/zeb-technologies-kitchen-equipment-design,page,
https://www.energy.gov/cmei/buildings/zeb-technologies-plug-load-management,page,
https://www.energy.gov/cmei/buildings/zeb-technologies-lighting-daylighting,page,
https://www.energy.gov/cmei/buildings/179d-commercial-building-tax-deduction-frequently-asked-questions,page,
https://www.energy.gov/cmei/buildings/179d-taxable-years-prior-2023,page,
https://www.energy.gov/cmei/buildings/qualified-software-calculating-commercial-building-tax-deductions,page,
https://www.energy.gov/cmei/buildings/zeb-technologies-hvac-systems,page,
https://www.energy.gov/cmei/buildings/zeb-technologies-passive-design-techniques,page,
https://www.energy.gov/cmei/buildings/zeb-technologies-building-envelope-architectural-considerations,page,
https://www.energy.gov/cmei/buildings/zero-energy-buildings-schools,page,
https://bvirtualogp.pr.gov/ogp/Bvirtual/leyesreferencia/PDF/2-ingles/0017-2019.pdf,pdf,https://www.energy.gov/cmei/systems/articles/award-winning-open-source-tool-makes-planning-future-wind-energy-scenarios
https://www.govinfo.gov/content/pkg/FR-2003-12-08/pdf/03-30287.pdf,pdf,https://www.energy.gov/ehss/worker-safety-and-health-program-10-cfr-851
https://www.govinfo.gov/content/pkg/FR-2004-08-03/pdf/04-17626.pdf,pdf,https://www.energy.gov/ehss/occupational-radiation-protection-program-10-cfr-835
https://www.govinfo.gov/content/pkg/FR-2004-02-27/pdf/04-4359.pdf,pdf,https://www.energy.gov/ehss/worker-safety-and-health-program-10-cfr-851
https://www.govinfo.gov/content/pkg/FR-2005-01-26/pdf/05-1203.pdf,pdf,https://www.energy.gov/ehss/worker-safety-and-health-program-10-cfr-851
https://www.govinfo.gov/content/pkg/FR-2006-06-28/pdf/06-5864.pdf,pdf,https://www.energy.gov/ehss/worker-safety-and-health-program-10-cfr-851
https://www.govinfo.gov/content/pkg/FR-2006-08-10/pdf/06-6579.pdf,pdf,https://www.energy.gov/ehss/occupational-radiation-protection-program-10-cfr-835
https://www.govinfo.gov/content/pkg/FR-2006-02-09/pdf/06-964.pdf,pdf,https://www.energy.gov/ehss/worker-safety-and-health-program-10-cfr-851
https://www.osti.gov/servlets/purl/1398382,pdf,https://www.energy.gov/pppo/ports-ssab/resources
https://www.oge.gov/Web/OGE.nsf/0/B97C62717328457B852585B6005A180D/$FILE/14%20General%20Priniciples.pdf,pdf,https://www.energy.gov/gc/new-employees
https://www.govinfo.gov/content/pkg/FR-2010-11-30/pdf/2010-30065.pdf,pdf,https://www.energy.gov/ehss/worker-safety-and-health-program-10-cfr-851
https://www.govinfo.gov/content/pkg/FR-2011-01-25/pdf/2011-1500.pdf,pdf,https://www.energy.gov/ehss/occupational-radiation-protection-program-10-cfr-835
https://www.govinfo.gov/content/pkg/FR-2011-07-01/pdf/2011-16575.pdf,pdf,https://www.energy.gov/ehss/occupational-radiation-protection-program-10-cfr-835
https://www.govinfo.gov/content/pkg/FR-2011-04-13/pdf/2011-8836.pdf,pdf,https://www.energy.gov/ehss/occupational-radiation-protection-program-10-cfr-835
https://www.govinfo.gov/content/pkg/FR-2012-06-19/pdf/2012-14867.pdf,pdf,https://www.energy.gov/hgeo/articles/doe-advances-innovative-ccs-polygeneration-plant-through-nepa-process
https://www.govinfo.gov/content/pkg/FR-2015-01-30/pdf/2015-01778.pdf,pdf,https://www.energy.gov/ehss/workplace-substance-abuse-programs-doe-sites-10-cfr-707
https://www.govinfo.gov/content/pkg/FR-2015-11-10/pdf/2015-28575.pdf,pdf,https://www.energy.gov/ehss/worker-safety-and-health-program-10-cfr-851
https://www.govinfo.gov/content/pkg/FR-2016-11-18/pdf/2016-27510.pdf,pdf,https://www.energy.gov/ehss/occupational-radiation-protection-program-10-cfr-835
https://www.govinfo.gov/content/pkg/FR-2016-11-18/pdf/2016-27845.pdf,pdf,https://www.energy.gov/ehss/occupational-radiation-protection-program-10-cfr-835
https://www.govinfo.gov/content/pkg/FR-2017-08-11/pdf/2017-16983.pdf,pdf,https://www.energy.gov/ehss/occupational-radiation-protection-program-10-cfr-835
https://www.govinfo.gov/content/pkg/FR-2017-12-18/pdf/2017-27190.pdf,pdf,https://www.energy.gov/ehss/worker-safety-and-health-program-10-cfr-851
https://www.energy.gov/sites/default/files/2019/08/f65/2018%20Distributed%20Wind%20Market%20Report%20Summary.pdf,pdf,https://www.energy.gov/cmei/systems/articles/2018-distributed-wind-market-report
https://www.energy.gov/sites/prod/files/2019/08/f65/2018%20Distributed%20Wind%20Market%20Report.pdf,pdf,https://www.energy.gov/cmei/systems/articles/2018-distributed-wind-market-report
https://www.energy.gov/sites/default/files/2019/08/f65/2018%20Distributed%20Wind%20Market%20Report.pdf,pdf,https://www.energy.gov/cmei/systems/articles/2018-distributed-wind-market-report
https://www.energy.gov/sites/default/files/2023-01/2023-01-12-cx-rfi-re-open_0.pdf,pdf,https://www.energy.gov/nepa/articles/re-opening-public-comment-period-request-information-regarding-categorical-exclusions
https://www.govinfo.gov/content/pkg/FR-2023-12-15/pdf/2023-27615.pdf,pdf,https://www.energy.gov/ehss/worker-safety-and-health-program-10-cfr-851
https://www.idahohousing.com/documents/2023-final-qap-governor-approval-4-4-2023.pdf,pdf,https://www.energy.gov/cmei/buildings/national-regional-and-affordable-housing-incentives-doe-efficient-new-homes
https://www.destatehousing.com/wp-content/uploads/2024/02/2023-qap.pdf,pdf,https://www.energy.gov/cmei/buildings/national-regional-and-affordable-housing-incentives-doe-efficient-new-homes
https://www.aceee.org/sites/default/files/proceedings/ssb24/assets/attachments/20240722163106875_d170fd95-c1b5-4a58-a8f5-413d2c426d5d.pdf,pdf,https://www.energy.gov/cmei/buildings/179d-energy-efficient-commercial-buildings-tax-deduction
https://utahhousingcorp.org/pdf/2024_Final_QAP_230714.pdf,pdf,https://www.energy.gov/cmei/buildings/national-regional-and-affordable-housing-incentives-doe-efficient-new-homes
https://www.chfa.org/assets/1/6/2024_and_2025_LIHTC_Qualified_Allocation_Plan_(QAP).pdf,pdf,https://www.energy.gov/cmei/buildings/national-regional-and-affordable-housing-incentives-doe-efficient-new-homes
https://cdn.misoenergy.org/2025%20PRA%20Results%20Posting%2020250529_Corrections694160.pdf,pdf,https://www.energy.gov/articles/energy-secretary-strengthens-midwest-grid-reliability-heading-winter-months
https://www.chfainfo.com/getattachment/02ccecd8-bca7-4045-b9bb-9fa5723628dc/2025-2026-QAP.pdf,pdf,https://www.energy.gov/cmei/buildings/national-regional-and-affordable-housing-incentives-doe-efficient-new-homes
https://www.phfa.org/forms/multifamily_program_notices/qap/2025_and_2026/2025-2026-lihtc-qap.pdf,pdf,https://www.energy.gov/cmei/buildings/national-regional-and-affordable-housing-incentives-doe-efficient-new-homes
https://dhcd.maryland.gov/HousingDevelopment/Documents/rhf/2025-MRFP-Guide.pdf,pdf,https://www.energy.gov/cmei/buildings/national-regional-and-affordable-housing-incentives-doe-efficient-new-homes
https://www.energy.gov/sites/default/files/2025-03/2025.03.05%20-%20Washington%20v.%20Trump%20-%20Notice%20of%20Court%20Order.pdf,pdf,https://www.energy.gov/notice-court-orders
https://utahhousingcorp.org/pdf/2025_Final_QAP_240513.pdf,pdf,https://www.energy.gov/cmei/buildings/national-regional-and-affordable-housing-incentives-doe-efficient-new-homes
https://www.energy.gov/sites/prod/files/2019/09/f67/2029-1684_The_Regents_of_the_University_of_California_Summary.pdf,pdf,https://www.energy.gov/cmei/fuels/bioenergy-technologies-office-fiscal-year-2019-funding-opportunity-announcement
https://www.energy.gov/sites/prod/files/2020/07/f77/2203-1506_Opus_12_Incorporated_Topic_7_Scalabl_Summary.pdf,pdf,https://www.energy.gov/cmei/fuels/articles/bioenergy-technologies-office-fiscal-year-2020-multi-topic-funding-opportunity
https://www.energy.gov/sites/prod/files/2020/07/f77/2203-1585_Dioxide_Materials_Topic_7_Scalabl_Summary.pdf,pdf,https://www.energy.gov/cmei/fuels/articles/bioenergy-technologies-office-fiscal-year-2020-multi-topic-funding-opportunity
https://www.energy.gov/sites/prod/files/2020/07/f77/2203-1601_University_of_Delaware_Topic_7_Scalabl_Summary.pdf,pdf,https://www.energy.gov/cmei/fuels/articles/bioenergy-technologies-office-fiscal-year-2020-multi-topic-funding-opportunity
https://www.energy.gov/sites/prod/files/2020/07/f77/2203-1624_University_of_Wisconsin-Madison_Topic_6_Biopowe_Summary.pdf,pdf,https://www.energy.gov/cmei/fuels/articles/bioenergy-technologies-office-fiscal-year-2020-multi-topic-funding-opportunity
https://www.energy.gov/sites/prod/files/2020/07/f77/2203-1653_Ntre_Tech_LLC_Topic_5_Efficie_Summary.pdf,pdf,https://www.energy.gov/cmei/fuels/articles/bioenergy-technologies-office-fiscal-year-2020-multi-topic-funding-opportunity
https://www.energy.gov/sites/prod/files/2020/07/f77/2203-1698_Ohio_State_University_Columbus_Campus_Topic_5_Efficie_Summary.pdf,pdf,https://www.energy.gov/cmei/fuels/articles/bioenergy-technologies-office-fiscal-year-2020-multi-topic-funding-opportunity
https://www.energy.gov/sites/prod/files/2020/07/f77/2203-1817_University_of_Michigan_Topic_6_Biopowe_Summary.pdf,pdf,https://www.energy.gov/cmei/fuels/articles/bioenergy-technologies-office-fiscal-year-2020-multi-topic-funding-opportunity
https://www.energy.gov/sites/prod/files/2020/07/f77/2203-1819_University_of_Nebraska_-_Lincoln_Topic_4_Bio-Res_Summary.pdf,pdf,https://www.energy.gov/cmei/fuels/articles/bioenergy-technologies-office-fiscal-year-2020-multi-topic-funding-opportunity
https://www.energy.gov/sites/prod/files/2020/07/f77/2203-1862_Mississippi_State_University_Topic_4_Bio-Res_Summary.pdf,pdf,https://www.energy.gov/cmei/fuels/articles/bioenergy-technologies-office-fiscal-year-2020-multi-topic-funding-opportunity
https://www.energy.gov/sites/prod/files/2020/07/f77/2203-1882_University_of_Florida_Topic_4_Bio-Res_Summary.pdf,pdf,https://www.energy.gov/cmei/fuels/articles/bioenergy-technologies-office-fiscal-year-2020-multi-topic-funding-opportunity
https://www.energy.gov/sites/default/files/2025-03/233%20-%20PI%20Order%20and%20Mem.%20Op..pdf,pdf,https://www.energy.gov/notice-court-orders
https://www.energy.gov/sites/default/files/2018/05/f52/24293_Hooper_050318-900.pdf,pdf,https://www.energy.gov/cmei/buildings/articles/bayren-integrated-commercial-retrofits-bricr
https://www.osti.gov/servlets/purl/2500279/,pdf,https://www.energy.gov/cmei/systems/articles/doe-releases-west-coast-offshore-wind-transmission-study-and-action-plan
https://www.energy.gov/sites/default/files/2016/04/f30/25136_Parker_040516-1405.pdf,pdf,https://www.energy.gov/cmei/buildings/articles/openstudio
https://www.energy.gov/sites/default/files/2018/06/f52/25136_Polese_050318-1330.pdf,pdf,https://www.energy.gov/cmei/buildings/articles/openstudio
https://www.energy.gov/sites/default/files/2016/04/f30/25150_Wang_040516-1505.pdf,pdf,https://www.energy.gov/cmei/buildings/articles/building-energy-asset-score
https://www.energy.gov/sites/default/files/2018/06/f52/25150_Wang_043018-1630.pdf,pdf,https://www.energy.gov/cmei/buildings/articles/building-energy-asset-score
https://www.energy.gov/sites/default/files/2025-03/258%20-%20Order%20on%20Motion%20for%20Contempt.pdf,pdf,https://www.energy.gov/notice-court-orders
https://docs.nlr.gov/docs/fy06osti/38600.pdf,pdf,https://www.energy.gov/cmei/buildings/commercial-building-performance-monitoring-and-evaluation
https://docs.nlr.gov/docs/fy06osti/38601.pdf,pdf,https://www.energy.gov/cmei/buildings/commercial-building-performance-monitoring-and-evaluation
https://docs.nlr.gov/docs/fy06osti/38602.pdf,pdf,https://www.energy.gov/cmei/buildings/commercial-building-performance-monitoring-and-evaluation
https://docs.nlr.gov/docs/fy07osti/38617.pdf,pdf,https://www.energy.gov/cmei/buildings/commercial-building-performance-monitoring-and-evaluation
https://docs.nlr.gov/docs/fy06osti/38700.pdf,pdf,https://www.energy.gov/cmei/buildings/commercial-building-performance-monitoring-and-evaluation
https://www.spr.doe.gov/404.html,html,https://www.energy.gov/ceser/articles/doe-announces-notice-sale-crude-oil-strategic-petroleum-reserve-1
https://docs.nlr.gov/docs/fy10osti/46723.pdf,pdf,https://www.energy.gov/cmei/systems/homeowners-guide-solar
https://docs.nlr.gov/docs/fy11osti/46861.pdf,pdf,https://www.energy.gov/cmei/buildings/commercial-reference-buildings
https://docs.nlr.gov/docs/fy12osti/47773.pdf,pdf,https://www.energy.gov/cmei/systems/articles/blade-and-drivetrain-testing-advance-wind-turbine-efficiency-and-reliability
https://docs.nlr.gov/docs/fy10osti/47870.pdf,pdf,https://www.energy.gov/cmei/buildings/zero-energy-building-project-profiles-offices
https://docs.nlr.gov/docs/fy12osti/51387.pdf,pdf,https://www.energy.gov/cmei/buildings/zero-energy-building-project-profiles-offices
https://docs.nlr.gov/docs/fy13osti/54243.pdf,pdf,https://www.energy.gov/cmei/buildings/advanced-energy-retrofit-guides
https://docs.nlr.gov/docs/fy12osti/54738.pdf,pdf,https://www.energy.gov/cmei/systems/homeowners-guide-solar
https://docs.nlr.gov/docs/fy13osti/57864.pdf,pdf,https://www.energy.gov/cmei/buildings/advanced-energy-retrofit-guides
https://docs.nlr.gov/docs/fy13osti/59209.pdf,pdf,https://www.energy.gov/cmei/systems/advanced-drivetrain-manufacturing
https://www.energy.gov/sites/default/files/2017/04/f34/5_25150_Wang_031517-1400.pdf,pdf,https://www.energy.gov/cmei/buildings/articles/building-energy-asset-score
https://docs.nlr.gov/docs/fy14osti/60266.pdf,pdf,https://www.energy.gov/cmei/buildings/demonstrating-efficient-solutions-buildings-des-b
http://www1.eere.energy.gov/wind/pdfs/60574.pdf,pdf,https://www.energy.gov/cmei/systems/articles/study-shows-active-power-controls-wind-may-increase-revenues-and-improve
https://docs.nlr.gov/docs/fy14osti/60913.pdf,pdf,https://www.energy.gov/cmei/buildings/advanced-energy-retrofit-guides
https://docs.nlr.gov/docs/fy14osti/61420.pdf,pdf,https://www.energy.gov/cmei/buildings/articles/openstudio
https://docs.nlr.gov/docs/fy14osti/62338.pdf,pdf,https://www.energy.gov/cmei/buildings/articles/openstudio
https://docs.nlr.gov/docs/legosti/old/6628.pdf,pdf,https://www.energy.gov/cmei/systems/articles/blade-and-drivetrain-testing-advance-wind-turbine-efficiency-and-reliability
https://docs.nlr.gov/docs/fy16osti/66599.pdf,pdf,https://www.energy.gov/cmei/systems/spring-2018-wind-rd-newsletter
https://docs.nlr.gov/docs/fy16osti/66774.pdf,pdf,https://www.energy.gov/cmei/buildings/179d-commercial-building-tax-deduction-frequently-asked-questions
https://docs.nlr.gov/docs/fy17osti/67394.pdf,pdf,https://www.energy.gov/cmei/systems/articles/gearbox-reliability-collaborative-successfully-demonstrates-longer-gearbox
https://docs.nlr.gov/docs/fy17osti/68774.pdf,pdf,https://www.energy.gov/cmei/buildings/zero-energy-building-project-profiles-schools
https://docs.nlr.gov/docs/fy17osti/68781.pdf,pdf,https://www.energy.gov/cmei/buildings/zero-energy-building-project-profiles-schools
https://docs.nlr.gov/docs/fy17osti/68782.pdf,pdf,https://www.energy.gov/cmei/buildings/zero-energy-building-project-profiles-schools
https://docs.nlr.gov/docs/fy17osti/68960.pdf,pdf,https://www.energy.gov/cmei/systems/spring-2018-wind-rd-newsletter
https://docs.nlr.gov/docs/fy18osti/70528.pdf,pdf,https://www.energy.gov/cmei/systems/spring-2018-wind-rd-newsletter
https://docs.nlr.gov/docs/fy18osti/70547.pdf,pdf,https://www.energy.gov/cmei/systems/spring-2018-wind-rd-newsletter
https://docs.nlr.gov/docs/fy18osti/70553.pdf,pdf,https://www.energy.gov/cmei/systems/spring-2018-wind-rd-newsletter
https://docs.nlr.gov/docs/fy18osti/70738.pdf,pdf,https://www.energy.gov/cmei/systems/spring-2018-wind-rd-newsletter
https://docs.nlr.gov/docs/fy18osti/72093.pdf,pdf,https://www.energy.gov/cmei/systems/articles/blade-and-drivetrain-testing-advance-wind-turbine-efficiency-and-reliability
https://docs.nlr.gov/docs/fy19osti/72847.pdf,pdf,https://www.energy.gov/cmei/buildings/zero-energy-buildings-schools
https://docs.nlr.gov/docs/fy21osti/78495.pdf,pdf,https://www.energy.gov/cmei/buildings/zero-energy-buildings-districts-communities
https://docs.nlr.gov/docs/fy22osti/82318.pdf,pdf,https://www.energy.gov/cmei/systems/advanced-drivetrain-manufacturing
https://docs.nlr.gov/docs/fy22osti/83041.pdf,pdf,https://www.energy.gov/cmei/systems/heliocon
https://docs.nlr.gov/docs/fy22osti/83924.pdf,pdf,https://www.energy.gov/cmei/systems/articles/award-winning-open-source-tool-makes-planning-future-wind-energy-scenarios
https://docs.nlr.gov/docs/fy23osti/85018.pdf,pdf,https://www.energy.gov/cmei/systems/articles/award-winning-open-source-tool-makes-planning-future-wind-energy-scenarios
https://docs.nlr.gov/docs/fy24osti/87662.pdf,pdf,https://www.energy.gov/cmei/systems/heliocon
https://docs.nlr.gov/docs/fy24osti/88003.pdf,pdf,https://www.energy.gov/cmei/systems/renewable-systems-integration
https://docs.nlr.gov/docs/fy24osti/89642.pdf,pdf,https://www.energy.gov/cmei/systems/renewable-systems-integration
https://www.govinfo.gov/content/pkg/FR-1995-06-01/pdf/95-13438.pdf,pdf,https://www.energy.gov/ehss/occupational-radiation-protection-program-10-cfr-835
https://www.govinfo.gov/content/pkg/FR-1996-02-05/pdf/96-2345.pdf,pdf,https://www.energy.gov/ehss/occupational-radiation-protection-program-10-cfr-835
https://www.govinfo.gov/content/pkg/FR-1996-12-23/pdf/96-32107.pdf,pdf,https://www.energy.gov/ehss/occupational-radiation-protection-program-10-cfr-835
https://www.govinfo.gov/content/pkg/FR-1997-04-24/pdf/97-10610.pdf,pdf,https://www.energy.gov/ehss/occupational-radiation-protection-program-10-cfr-835
https://docs.nlr.gov/docs/fy26osti/97983.pdf,pdf,https://www.energy.gov/technologycommercialization/energy-i-corps
https://www.govinfo.gov/content/pkg/FR-1998-05-26/pdf/98-13849.pdf,pdf,https://www.energy.gov/ehss/occupational-radiation-protection-program-10-cfr-835
https://www.govinfo.gov/content/pkg/FR-1998-11-04/pdf/98-27366.pdf,pdf,https://www.energy.gov/ehss/occupational-radiation-protection-program-10-cfr-835
https://www.govinfo.gov/content/pkg/FR-1998-12-31/pdf/98-34785.pdf,pdf,https://www.energy.gov/ehss/occupational-radiation-protection-program-10-cfr-835
https://www.energy.gov/sites/default/files/2024-08/ALC%20Attendance%20Chart%202024_0.pdf,pdf,https://www.energy.gov/lm/about-atomic-legacy-cabin
https://www.energy.gov/sites/default/files/2015/06/f23/AU-1-Signed-Memo-for-Distribution-re-Clarification-on-Drug-Testing-Form.pdf,pdf,https://www.energy.gov/ehss/articles/memorandum-ehss-1-clarification-drug-testing-custody-and-control-form-department
https://www.energy.gov/sites/prod/files/2016/12/f34/Ackley-sokaogon.pdf,pdf,https://www.energy.gov/indianenergy/2016-office-indian-energy-program-review-meeting-presentations
https://www.energy.gov/sites/prod/files/2016/12/f34/Adams-NANA-regional-corp.pdf,pdf,https://www.energy.gov/indianenergy/2016-office-indian-energy-program-review-meeting-presentations
https://www.energy.gov/sites/prod/files/2016/12/f34/Adams-NANA.pdf,pdf,https://www.energy.gov/indianenergy/2016-office-indian-energy-program-review-meeting-presentations
https://www.energy.gov/sites/prod/files/2016/12/f34/Adkins-Castilone-bishop-paiute.pdf,pdf,https://www.energy.gov/indianenergy/2016-office-indian-energy-program-review-meeting-presentations
https://betterbuildingssolutioncenter.energy.gov/sites/default/files/attachments/Advanced_Technical_Power_Strips_FINAL%20040915_508.pdf,pdf,https://www.energy.gov/cmei/buildings/demonstrating-efficient-solutions-buildings-des-b
https://www.energy.gov/sites/prod/files/2016/12/f34/Alexie-coeur-dalene.pdf,pdf,https://www.energy.gov/indianenergy/2016-office-indian-energy-program-review-meeting-presentations
https://www.whitehouse.gov/wp-content/uploads/2025/07/Americas-AI-Action-Plan.pdf,pdf,https://www.energy.gov/articles/energy-department-launches-genesis-mission-transform-american-science-and-innovation
https://www.energy.gov/sites/default/files/2023-11/BETO-Reviewer-FS-FY24.pdf,pdf,https://www.energy.gov/cmei/fuels/bioenergy-technologies-funding-opportunities?utm_medium=email&utm_source=govdelivery
https://www.energy.gov/sites/default/files/2025-06/BETO_2025_NOFO_Applicant_Tutorial.pdf,pdf,https://www.energy.gov/cmei/fuels/affo-notice-funding-opportunity-application-tutorial
https://www.energy.gov/sites/default/files/2025-06/BETO_2025_NOFO_FAQs.pdf,pdf,https://www.energy.gov/cmei/fuels/funding-opportunity-resources-prospective-applicants
https://www.govinfo.gov/content/pkg/BILLS-111s612is/pdf/BILLS-111s612is.pdf,pdf,https://www.energy.gov/gc/foia-frequently-asked-questions-faqs
https://www.energy.gov/sites/default/files/2025-11/Best%20In%20Class_DOE%20Efficient%20New%20Homes.pdf,pdf,https://www.energy.gov/cmei/buildings/doe-efficient-new-homes-program-resources
https://www.energy.gov/sites/default/files/2025-11/Better%20Living_DOE%20Efficient%20New%20Homes.pdf,pdf,https://www.energy.gov/cmei/buildings/doe-efficient-new-homes-program-resources
https://www.energy.gov/sites/prod/files/2016/12/f34/Bresette-tonto-apache.pdf,pdf,https://www.energy.gov/indianenergy/2016-office-indian-energy-program-review-meeting-presentations
https://www.energy.gov/sites/prod/files/2016/12/f34/Brown-southern-ute.pdf,pdf,https://www.energy.gov/indianenergy/2016-office-indian-energy-program-review-meeting-presentations
https://buildingsync.net/static/documents/BuildingSync-RFP-RFQ-language.pdf,pdf,https://www.energy.gov/cmei/buildings/buildingsync
https://buildingsync.net/static/documents/BuildingSync-on-boarding.pdf,pdf,https://www.energy.gov/cmei/buildings/buildingsync
https://www.govinfo.gov/content/pkg/CFR-2010-title48-vol5/pdf/CFR-2010-title48-vol5-sec970-5223-1.pdf,pdf,https://www.energy.gov/ehss/worker-safety-and-health-program-10-cfr-851
https://www.energy.gov/sites/prod/files/2016/06/f32/DOE%202016%20Native%20Intern%20Profile.pdf,pdf,https://www.energy.gov/indianenergy/articles/office-indian-energy-welcomes-summer-interns
https://www.energy.gov/sites/default/files/2025-11/DOE%20ENH%20State%20QAP%20Fact%20Sheet%20%2811.20.2025%29.pdf,pdf,https://www.energy.gov/cmei/buildings/doe-efficient-new-homes-program-resources
https://www.energy.gov/sites/default/files/2025-10/DOE%20Efficient%20New%20Homes%20MH%20Certification%20Reporting%20and%20Enforcement%20Guide%20V1%20Rev%201%20Clean.pdf,pdf,https://www.energy.gov/cmei/buildings/certification-organizations-doe-efficient-new-homes
https://www.energy.gov/sites/default/files/2025-11/DOE%20Efficient%20New%20Homes%20Single%20Family%20Version%202%20Technical%20Requirements%20Fact%20Sheet.pdf,pdf,https://www.energy.gov/cmei/buildings/doe-efficient-new-homes-program-resources
https://www.energy.gov/sites/default/files/2023-01/DOE-OIG-23-12.pdf,pdf,https://www.energy.gov/ig/articles/management-letter-doe-oig-23-12
https://www.energy.gov/sites/default/files/2024-01/DOE-OIG-24-10.pdf,pdf,https://www.energy.gov/ig/articles/management-letter-doe-oig-24-10
https://www.energy.gov/sites/default/files/2025-02/DOE-OIG-25-10.pdf,pdf,https://www.energy.gov/ig/articles/doe-oig-25-10
https://www.energy.gov/sites/default/files/2026-01/DOE-OIG-26-07.pdf,pdf,https://www.energy.gov/ig/articles/inspection-report-doe-oig-26-07
https://www.resnet.us/wp-content/uploads/DRAFT_RESNET_Std310HVACGrading_infographic_v01.pdf,pdf,https://www.energy.gov/cmei/buildings/doe-efficient-new-homes-program-resources
https://ohiohome.org/ppd/documents/DesignArchitecturalStandards.pdf,pdf,https://www.energy.gov/cmei/buildings/national-regional-and-affordable-housing-incentives-doe-efficient-new-homes
https://www.energy.gov/sites/prod/files/2016/12/f34/Detailed%20Review%20Agenda%202016v3.pdf,pdf,https://www.energy.gov/indianenergy/2016-office-indian-energy-program-review-meeting-presentations
https://www.energy.gov/sites/prod/files/2016/12/f34/Drescher-MTERA.pdf,pdf,https://www.energy.gov/indianenergy/2016-office-indian-energy-program-review-meeting-presentations
https://www.energy.gov/sites/prod/files/2016/12/f34/Drescher-forest%20county.pdf,pdf,https://www.energy.gov/indianenergy/2016-office-indian-energy-program-review-meeting-presentations
https://www.govinfo.gov/content/pkg/FR-2006-11-28/pdf/E6-20104.pdf,pdf,https://www.energy.gov/ehss/worker-safety-and-health-program-10-cfr-851
https://www.govinfo.gov/content/pkg/FR-2007-06-08/pdf/E7-10477.pdf,pdf,https://www.energy.gov/ehss/occupational-radiation-protection-program-10-cfr-835
https://www.govinfo.gov/content/pkg/FR-2009-10-16/pdf/E9-24929.pdf,pdf,https://www.energy.gov/ehss/worker-safety-and-health-program-10-cfr-851
https://www.govinfo.gov/content/pkg/FR-2009-04-21/pdf/E9-9097.pdf,pdf,https://www.energy.gov/ehss/occupational-radiation-protection-program-10-cfr-835
https://files.eric.ed.gov/fulltext/ED509517.pdf,pdf,https://www.energy.gov/cmei/buildings/efficient-and-healthy-schools
https://www.energy.gov/sites/default/files/2025-09/EEBA23%20Disaster-Resistant%20Gilbride%20Kaltreider%20PNNL%2010-7-23.pdf,pdf,https://www.energy.gov/cmei/buildings/doe-efficient-new-homes-program-resources
https://www.hanford.gov/files.cfm/EMF_Concentrate_Fact_Sheet_-_Final.pdf,pdf,https://www.energy.gov/em/articles/small-stream-big-step-hanford-begins-transferring-emf-concentrate-grouting
https://www.energy.gov/sites/default/files/2016/09/f33/Energy%20Savings%20and%20Modeling%20and%20Inspection%20Guidelines%20NREL%202016.pdf,pdf,https://www.energy.gov/cmei/buildings/179d-energy-efficient-commercial-buildings-tax-deduction
https://www.energy.gov/sites/prod/files/2016/12/f34/Estrada-soboba-band.pdf,pdf,https://www.energy.gov/indianenergy/2016-office-indian-energy-program-review-meeting-presentations
https://www.energy.gov/sites/default/files/2025-10/ExhibitsAtoG_StatesMNandIL.pdf,pdf,https://www.energy.gov/ceser/federal-power-act-section-202c-midcontinent-independent-system-operator-miso-0
https://www.energy.gov/sites/default/files/2025-10/ExhibitsHtoQ_StatesMNandIL.pdf,pdf,https://www.energy.gov/ceser/federal-power-act-section-202c-midcontinent-independent-system-operator-miso-0
https://www.energy.gov/sites/default/files/2025-10/ExhibitsRtoZ_StatesMNandIL.pdf,pdf,https://www.energy.gov/ceser/federal-power-act-section-202c-midcontinent-independent-system-operator-miso-0
https://www.gsa.gov/system/files/FACAFinalRule_R2E-cNZ_0Z5RDZ-i34K-pR.pdf,pdf,https://www.energy.gov/em/em-site-specific-advisory-board
https://www.ihda.org/wp-content/uploads/2023/10/FINAL-QAP_2024-2025-for-website.pdf,pdf,https://www.energy.gov/cmei/buildings/national-regional-and-affordable-housing-incentives-doe-efficient-new-homes
https://www.govinfo.gov/content/pkg/FR-1992-07-22/pdf/FR-1992-07-22.pdf,pdf,https://www.energy.gov/ehss/workplace-substance-abuse-programs-doe-sites-10-cfr-707
https://www.govinfo.gov/content/pkg/FR-1993-12-14/pdf/FR-1993-12-14.pdf,pdf,https://www.energy.gov/ehss/occupational-radiation-protection-program-10-cfr-835
https://www.energy.gov/sites/default/files/2022-05/FRICK%20ZEB%202022%20FINAL%20May%20update_compliant.pdf,pdf,https://www.energy.gov/cmei/buildings/zero-energy-building-project-profiles-offices
https://www.energy.gov/sites/default/files/2022-01/FY%202021%20Performance%20Report.pdf,pdf,https://www.energy.gov/ig/articles/fiscal-year-fy-2021-annual-performance-results
https://www.energy.gov/sites/default/files/2026-01/FY25-DOE-Conference-Activity-Annual-Report.pdf,pdf,https://www.energy.gov/management/doe-conference-management-annual-reports
https://www.fedconnect.net/FedConnect/Marketing/Documents/FedConnect_Ready_Set_Go.pdf,pdf,https://www.energy.gov/cmei/fuels/fy20-bioenergy-technologies-multi-topic-foa
https://www.energy.gov/sites/default/files/2015/06/f23/Forensic-Drug-Testing-Custody-and-Control-Form.pdf,pdf,https://www.energy.gov/ehss/articles/forensic-drug-testing-custody-and-control-form
https://www.energy.gov/sites/prod/files/edg/news/documents/GSEP-Fact-Sheet.pdf,pdf,https://www.energy.gov/cmei/buildings/past-projects
https://www.energy.gov/sites/prod/files/2016/12/f34/Giacobbe-seneca-nation.pdf,pdf,https://www.energy.gov/indianenergy/2016-office-indian-energy-program-review-meeting-presentations
https://nccleantech.ncsu.edu/wp-content/uploads/2019/05/Going-Solar-in-America-Ranking-Solars-Value-to-Customers_FINAL.pdf,pdf,https://www.energy.gov/cmei/systems/homeowners-guide-solar
https://home.treasury.gov/system/files/136/Guide-Before-You-Buy-Solar-Panels-eng.pdf,pdf,https://www.energy.gov/cmei/systems/homeowners-guide-solar
https://home.treasury.gov/system/files/136/Guide-Before-You-Sign-a-Community-Solar-Subscription-eng.pdf,pdf,https://www.energy.gov/cmei/systems/homeowners-guide-solar
https://home.treasury.gov/system/files/136/Guide-Before-You-Sign-a-Power-Purchase-Agreement-eng.pdf,pdf,https://www.energy.gov/cmei/systems/homeowners-guide-solar
https://home.treasury.gov/system/files/136/Guide-Before-You-Sign-a-Solar-Lease-eng.pdf,pdf,https://www.energy.gov/cmei/systems/homeowners-guide-solar
https://www.energy.gov/sites/default/files/2022-08/HARC%20ZEB%20Final%20may%202022%20updates%20w%20photo%20credits_compliant%20v2.pdf,pdf,https://www.energy.gov/cmei/buildings/zero-energy-building-project-profiles-offices
https://www.energy.gov/sites/default/files/2023-10/HCO%20QA%20Checklist%20-%20Single%20Family%20Rev.%2001.pdf,pdf,https://www.energy.gov/cmei/buildings/certification-organizations-doe-efficient-new-homes
https://www.energy.gov/sites/default/files/2024-11/HCO%20QA%20Checklist%20-%20Single%20Family%20Rev.%2002.pdf,pdf,https://www.energy.gov/cmei/buildings/certification-organizations-doe-efficient-new-homes
https://www.energy.gov/sites/default/files/2024-04/HCO%20and%20MRO%20QA%20Checklist%20-%20Version%201%20Rev%209_0.pdf,pdf,https://www.energy.gov/cmei/buildings/certification-organizations-doe-efficient-new-homes
https://www.energy.gov/sites/default/files/2023-02/HCO%20for%20ZERH%20-%20Certification%20Protocol%2002012023%20%28final%29.pdf,pdf,https://www.energy.gov/cmei/buildings/certification-organizations-doe-efficient-new-homes
https://www.energy.gov/sites/default/files/2023-02/HCO%20for%20ZERH%20-%20Certification%20System%2002012023.pdf,pdf,https://www.energy.gov/cmei/buildings/certification-organizations-doe-efficient-new-homes
https://www.energy.gov/sites/default/files/2023-02/HCO%20for%20ZERH%20-%20QA%20Review%20Checklist%2002012023.pdf,pdf,https://www.energy.gov/cmei/buildings/certification-organizations-doe-efficient-new-homes
https://www.energy.gov/sites/default/files/2024-12/HCO%20for%20ZERH%20QA%20Checklist%20-%20Multifamily%20Version%202%2C%20Rev.%201.pdf,pdf,https://www.energy.gov/cmei/buildings/certification-organizations-doe-efficient-new-homes
https://www.energy.gov/sites/default/files/2023-12/HCO%20for%20ZERH%20QA%20Checklist%20-%20ZERH%20Multifamily%20Version%202%20%281%29.pdf,pdf,https://www.energy.gov/cmei/buildings/certification-organizations-doe-efficient-new-homes
https://www.energy.gov/sites/prod/files/2016/12/f34/Hanssen-ANTHC.pdf,pdf,https://www.energy.gov/indianenergy/2016-office-indian-energy-program-review-meeting-presentations
https://www.energy.gov/sites/prod/files/2016/12/f34/Hanssen-TA-ANTHC.pdf,pdf,https://www.energy.gov/indianenergy/2016-office-indian-energy-program-review-meeting-presentations
https://www.energy.gov/sites/prod/files/2016/12/f34/Harry-washoe.pdf,pdf,https://www.energy.gov/indianenergy/2016-office-indian-energy-program-review-meeting-presentations
https://www.energy.gov/sites/prod/files/2016/12/f34/Haukaas-rosebud-sioux.pdf,pdf,https://www.energy.gov/indianenergy/2016-office-indian-energy-program-review-meeting-presentations
https://betterbuildingssolutioncenter.energy.gov/sites/default/files/attachments/High%20Efficiency%20Troffer%20Performance%20Specification.pdf,pdf,https://www.energy.gov/cmei/buildings/demonstrating-efficient-solutions-buildings-des-b
https://www.cesa.org/wp-content/uploads/Homeowners-Guide-to-Solar-Financing.pdf,pdf,https://www.energy.gov/cmei/systems/homeowners-guide-solar
https://www.energy.gov/sites/prod/files/2016/12/f34/Hooks-agua-caliente.pdf,pdf,https://www.energy.gov/indianenergy/2016-office-indian-energy-program-review-meeting-presentations
https://www.energy.gov/sites/default/files/2025-09/How%20DOE%20Efficient%20New%20Homes%20Can%20Leverage%20High-Performance%20Windows.pdf,pdf,https://www.energy.gov/cmei/buildings/doe-efficient-new-homes-program-resources
https://www.energy.gov/sites/prod/files/2017/01/f34/IE-Program-Overview.pdf,pdf,https://www.energy.gov/indianenergy/2016-office-indian-energy-program-review-meeting-presentations
https://inl.gov/content/uploads/2023/07/INL-EXT-62113-WETOQ2FY21-DLR-Report_135.pdf,pdf,https://www.energy.gov/cmei/systems/renewable-systems-integration
https://www.energy.gov/sites/prod/files/2016/12/f34/Kelly-CATG-yukon.pdf,pdf,https://www.energy.gov/indianenergy/2016-office-indian-energy-program-review-meeting-presentations
https://www.energy.gov/sites/default/files/2025-11/LIMITED%20REQUEST%20FOR%20CLARIFICATION%20OF%20CONSUMERS%20ENERGY%20COMPANY.pdf,pdf,https://www.energy.gov/ceser/federal-power-act-section-202c-midcontinent-independent-system-operator-miso-0
https://www.energy.gov/sites/prod/files/2016/12/f34/Linnell-SWAMC.pdf,pdf,https://www.energy.gov/indianenergy/2016-office-indian-energy-program-review-meeting-presentations
https://www.energy.gov/sites/default/files/2025-09/Louie%20Antonopoulos%20Gilbride_Disaster%20Resistance%20Nexus%20_RBDCC%20EL%20TG%205-12-22.pdf,pdf,https://www.energy.gov/cmei/buildings/doe-efficient-new-homes-program-resources
https://www.energy.gov/sites/prod/files/2016/12/f34/Lovato-pala-band.pdf,pdf,https://www.energy.gov/indianenergy/2016-office-indian-energy-program-review-meeting-presentations
https://www.whitehouse.gov/wp-content/uploads/2019/04/M-19-15.pdf,pdf,https://www.energy.gov/cio/department-energy-information-quality-guidelines
https://www.whitehouse.gov/wp-content/uploads/2025/09/M-25-34-NSTM-2-Fiscal-Year-FY-2027-Administration-Research-and-Development-Budget-Priorities-and-Cross-Cutting-Actions.pdf,pdf,https://www.energy.gov/science/articles/powering-future-quantum
https://www.energy.gov/sites/default/files/2025-10/MIAG%20RFR%20Extension%20Docs%20MtoZ.pdf,pdf,https://www.energy.gov/ceser/federal-power-act-section-202c-midcontinent-independent-system-operator-miso-0
https://www.energy.gov/sites/default/files/2025-10/MRO%20QA%20Checklist%20-%20Multifamily%20Version%202%2C%20Rev.%202_0.pdf,pdf,https://www.energy.gov/cmei/buildings/certification-organizations-doe-efficient-new-homes
https://www.energy.gov/sites/default/files/2023-08/MRO%20for%20ZERH%20Certification%20System%20%26%20Application%20%289.1.2023%29.pdf,pdf,https://www.energy.gov/cmei/buildings/certification-organizations-doe-efficient-new-homes
https://www.energy.gov/sites/default/files/2025-03/MRO%20for%20ZERH%20QA%20Checklist%20FINAL%20COPY.pdf,pdf,https://www.energy.gov/cmei/buildings/certification-organizations-doe-efficient-new-homes
https://www.energy.gov/sites/prod/files/2016/12/f34/MacCullum-Oneida.pdf,pdf,https://www.energy.gov/indianenergy/2016-office-indian-energy-program-review-meeting-presentations
https://www.energy.gov/sites/prod/files/2016/12/f34/Malcolm-san-pascual.pdf,pdf,https://www.energy.gov/indianenergy/2016-office-indian-energy-program-review-meeting-presentations
https://www.energy.gov/sites/prod/files/2016/12/f34/Messier-GZGTG.pdf,pdf,https://www.energy.gov/indianenergy/articles/highlights-2016-office-indian-energy-program-review
https://www.energy.gov/sites/prod/files/2016/12/f34/Messier-TCC.pdf,pdf,https://www.energy.gov/indianenergy/2016-office-indian-energy-program-review-meeting-presentations
https://www.energy.gov/sites/prod/files/2016/12/f34/Messier-hughes-village-council.pdf,pdf,https://www.energy.gov/indianenergy/2016-office-indian-energy-program-review-meeting-presentations
https://www.energystar.gov/ia/partners/prod_development/downloads/NDCFactSheet.pdf?18d4-b6e9,pdf,https://www.energy.gov/cmei/buildings/data-centers-and-servers
https://www.energy.gov/sites/default/files/2016/10/f33/Open-Government-Plan-4.0-Final.pdf,pdf,https://www.energy.gov/open-government
https://www.energy.gov/sites/default/files/2025-10/Order%20No%20202-25-7A%20%20Notice%20OF%20Denial.pdf,pdf,https://www.energy.gov/ceser/federal-power-act-section-202c-midcontinent-independent-system-operator-miso-0
https://www.energy.gov/sites/default/files/2025-11/Organization-Chart-11.20.2025-2.pdf,pdf,https://www.energy.gov/articles/energy-department-announces-organizational-realignment-strengthen-efficiency-and-unleash
https://www.energy.gov/sites/default/files/2025-11/Outstanding%20Levels_DOE%20Efficient%20New%20Homes.pdf,pdf,https://www.energy.gov/cmei/buildings/doe-efficient-new-homes-program-resources
https://www.energy.gov/sites/prod/files/2016/12/f34/Owletuck-Calista.pdf,pdf,https://www.energy.gov/indianenergy/2016-office-indian-energy-program-review-meeting-presentations
https://www.pnnl.gov/main/publications/external/technical_reports/PNNL-20761.pdf,pdf,https://www.energy.gov/cmei/buildings/advanced-energy-retrofit-guides
https://www.pnnl.gov/main/publications/external/technical_reports/PNNL-20814.pdf,pdf,https://www.energy.gov/cmei/buildings/advanced-energy-retrofit-guides
https://www.energy.gov/sites/default/files/2023-03/PSH-22-0140.pdf,pdf,https://www.energy.gov/oha/articles/psh-22-0140-matter-personnel-security-hearing
https://www.energy.gov/sites/default/files/2023-04/PSH-23-0017.pdf,pdf,https://www.energy.gov/oha/articles/psh-23-0017-matter-personnel-security-hearing
https://www.energy.gov/sites/default/files/2025-11/Peace%20of%20Mind_DOE%20Efficient%20New%20Homes.pdf,pdf,https://www.energy.gov/cmei/buildings/doe-efficient-new-homes-program-resources
https://www.energy.gov/sites/default/files/2025-10/Photo%20Documentation%20Guidance%20-%20DOE%20Efficient%20New%20Homes%20MF%20V2%20Rev.%202.pdf,pdf,https://www.energy.gov/cmei/buildings/certification-organizations-doe-efficient-new-homes
https://www.energy.gov/sites/default/files/2025-05/Photo%20Documentation%20Guidance%20MF%20V2%20Rev%201.pdf,pdf,https://www.energy.gov/cmei/buildings/certification-organizations-doe-efficient-new-homes
https://www.energy.gov/sites/prod/files/2016/12/f34/Pyne-Northern-Pueblos.pdf,pdf,https://www.energy.gov/indianenergy/2016-office-indian-energy-program-review-meeting-presentations
https://www.energy.gov/sites/default/files/2015/02/f19/QTR%20Ch8%20-%20Next%20Gen%20Materials%20TA%20Feb-18-2015.pdf,pdf,https://www.energy.gov/quadrennial-technology-review-0
https://www.energy.gov/sites/default/files/2015/02/f19/QTR%20Ch8%20-%20Process%20Heating%20TA%20Feb-13-2015.pdf,pdf,https://www.energy.gov/quadrennial-technology-review-0
https://www.energy.gov/sites/default/files/2015/02/f19/QTR%20Ch8%20-%20Smart%20Manufacturing%20TA%20Feb-13-2015.pdf,pdf,https://www.energy.gov/quadrennial-technology-review-0
https://www.energy.gov/sites/default/files/2015/02/f19/QTR%20Ch8%20-%20Thermoelectic%20Materials%20TA%20Feb-13-2015.pdf,pdf,https://www.energy.gov/quadrennial-technology-review-0
https://www.energy.gov/sites/default/files/2015/02/f19/QTR%20Ch8%20-%20Waste%20Heat%20Recovery%20TA%20Feb-13-2015.pdf,pdf,https://www.energy.gov/quadrennial-technology-review-0
https://www.energy.gov/sites/default/files/2015/02/f19/QTR%20Ch8%20-%20Wide%20Bandgap%20TA%20Feb-13-2015.pdf,pdf,https://www.energy.gov/quadrennial-technology-review-0
https://www.energy.gov/sites/prod/files/2015/09/f26/Quadrennial-Technology-Review-2015_0.pdf,pdf,https://www.energy.gov/cmei/amo/articles/advanced-manufacturing-office-issues-draft-its-multi-year-program-plan-public
https://www.energy.gov/sites/default/files/2025-02/RI_TRO_Notice.pdf,pdf,https://www.energy.gov/notice-court-orders
https://www.energy.gov/sites/prod/files/2016/12/f34/Retha-Akwesasne.pdf,pdf,https://www.energy.gov/indianenergy/2016-office-indian-energy-program-review-meeting-presentations
https://www.energy.gov/sites/default/files/2025-10/S%20-%20Congressional%20Research%20R48568.2.pdf,pdf,https://www.energy.gov/ceser/federal-power-act-section-202c-midcontinent-independent-system-operator-miso-0
https://www.energy.gov/sites/default/files/2024-01/SETO-SIPS-Infographic-2024.pdf,pdf,https://www.energy.gov/cmei/systems/small-innovative-projects-solar-sips-program
https://www.energy.gov/sites/prod/files/2016/12/f34/Shawanokasic-menominee.pdf,pdf,https://www.energy.gov/indianenergy/articles/highlights-2016-office-indian-energy-program-review
https://www.energy.gov/sites/prod/files/2016/12/f34/Simonis-kawerak.pdf,pdf,https://www.energy.gov/indianenergy/2016-office-indian-energy-program-review-meeting-presentations
https://www.energy.gov/sites/prod/files/2016/12/f34/Small-little-horn-college.pdf,pdf,https://www.energy.gov/indianenergy/2016-office-indian-energy-program-review-meeting-presentations
https://www.energy.gov/sites/default/files/2021-09/Solar%20Prize%20Infographic%20-%20Round%204.pdf,pdf,https://www.energy.gov/cmei/systems/articles/american-made-solar-prize-infographic
https://www.energy.gov/sites/default/files/2023-09/Specs%20for%20GFM%20IBRs%20Version%201.pdf,pdf,https://www.energy.gov/cmei/systems/unifi-consortium
https://www.energy.gov/sites/prod/files/2016/12/f34/Standing-Rock-chippewa.pdf,pdf,https://www.energy.gov/indianenergy/2016-office-indian-energy-program-review-meeting-presentations
https://www.energy.gov/sites/default/files/2025-10/State%20Petition%20for%20Rehearing%20of%20Renewed%20Order%202025.09.19.pdf,pdf,https://www.energy.gov/ceser/federal-power-act-section-202c-midcontinent-independent-system-operator-miso-0
https://www.energy.gov/sites/prod/files/2016/12/f34/Stein-AVEC.pdf,pdf,https://www.energy.gov/indianenergy/2016-office-indian-energy-program-review-meeting-presentations
https://iea-pvps.org/wp-content/uploads/2020/01/Task_12-Human_Health_Risk_Assessment_Methods_for_PV_part_2.pdf,pdf,https://www.energy.gov/cmei/systems/homeowners-guide-solar
https://www.energy.gov/sites/default/files/2024-03/Tips_for_a_Strong_FOA_App_FINAL_.pdf,pdf,https://www.energy.gov/cmei/vehicles/articles/doe-vehicle-technologies-office-funding-opportunity-announcement-0
https://www.energy.gov/sites/prod/files/2016/12/f34/Triplett-white-earth.pdf,pdf,https://www.energy.gov/indianenergy/2016-office-indian-energy-program-review-meeting-presentations
https://www.energy.gov/sites/prod/files/2016/12/f34/Troge-oneida-tribe.pdf,pdf,https://www.energy.gov/indianenergy/2016-office-indian-energy-program-review-meeting-presentations
https://www.energy.gov/sites/default/files/2023-06/VTO_FOA_Info_Session_Part_1_Basics.pdf,pdf,https://www.energy.gov/cmei/vehicles/articles/doe-vehicle-technologies-office-funding-opportunity-announcement-information
https://www.energy.gov/sites/default/files/2023-06/VTO_FOA_Info_Session_Part_2_Budget.pdf,pdf,https://www.energy.gov/cmei/vehicles/articles/vehicle-technologies-office-funding-opportunity-announcement-information
https://www.energy.gov/sites/prod/files/2016/12/f34/Vaught-SWAMC.pdf,pdf,https://www.energy.gov/indianenergy/2016-office-indian-energy-program-review-meeting-presentations
https://www.energy.gov/sites/default/files/2024-05/WAG%20Approval%20Form%202024%20%28PAS%29.pdf,pdf,https://www.energy.gov/gc/ethics-forms-doe-employees
https://www.energy.gov/sites/default/files/2024-05/WAG%20Approval%20Form%202024%20%28general%29.pdf,pdf,https://www.energy.gov/gc/ethics-forms-doe-employees
https://www.energy.gov/sites/default/files/2026-03/WAPA_Posting_Notice.pdf,pdf,https://www.energy.gov/OMEI/notice-equal-employment-opportunity-eeo-findings-discrimination-harassment-andor-retaliation
https://www.energy.gov/sites/default/files/2025-03/Washington%20v.%20Trump%20-%20notice%20of%20court%20order%20-%20PI%20clarification%20-%2003-20-25.pdf,pdf,https://www.energy.gov/notice-court-orders
https://www.energy.gov/sites/prod/files/2016/12/f34/Young-santo-domingo.pdf,pdf,https://www.energy.gov/indianenergy/2016-office-indian-energy-program-review-meeting-presentations
https://www.energy.gov/sites/prod/files/2016/12/f34/Zi-standing-rock.pdf,pdf,https://www.energy.gov/indianenergy/2016-office-indian-energy-program-review-meeting-presentations
https://www.irs.gov/pub/irs-drop/a-23-01.pdf,pdf,https://www.energy.gov/cmei/buildings/179d-commercial-building-tax-deduction-frequently-asked-questions
https://www.irs.gov/pub/foia/am-2018-005.pdf,pdf,https://www.energy.gov/cmei/buildings/179d-commercial-building-tax-deduction-frequently-asked-questions
https://www.justice.gov/sites/default/files/oip/legacy/2014/07/23/amendment-s2488.pdf,pdf,https://www.energy.gov/gc/foia-frequently-asked-questions-faqs
https://www.dhcd.virginia.gov/sites/default/files/Docx/asnh/asnh-program-guidelines.pdf,pdf,https://www.energy.gov/cmei/buildings/national-regional-and-affordable-housing-incentives-doe-efficient-new-homes
http://www1.eere.energy.gov/buildings/commercial/pdfs/bba_air_change_rates_highlights.pdf,pdf,https://www.energy.gov/cmei/buildings/demonstrating-efficient-solutions-buildings-des-b
https://www.energy.gov/sites/default/files/2024-07/best-practice-guide-data-center-design_0.pdf,pdf,https://www.energy.gov/cmei/femp/articles/best-practices-guide-energy-efficient-data-center-design
https://www.energy.gov/sites/default/files/2023-04/beto-00-project-peer-review-abf-apr-2023-bentley.pdf,pdf,https://www.energy.gov/cmei/fuels/agile-biofoundry-consortium
https://www.energy.gov/sites/default/files/2023-05/beto-00-project-peer-review-algae-b-apr-2023-sterner.pdf,pdf,https://www.energy.gov/cmei/fuels/advanced-algal-systems-integration
https://www.energy.gov/sites/default/files/2023-05/beto-00-project-peer-review-biochem-apr-2023-hoffman.pdf,pdf,https://www.energy.gov/cmei/fuels/biochemical-conversion-and-lignin-utilization
https://www.energy.gov/sites/default/files/2023-04/beto-00-project-peer-review-c02-apr-2023-rowe.pdf,pdf,https://www.energy.gov/cmei/fuels/carbon-dioxide-utilization
https://www.energy.gov/sites/default/files/2023-04/beto-00-project-peer-review-cat-apr-2023-hammache.pdf,pdf,https://www.energy.gov/cmei/fuels/catalytic-upgrading
https://www.energy.gov/sites/default/files/2023-06/beto-00-project-peer-review-dma-apr-2023-bailey.pdf,pdf,https://www.energy.gov/cmei/fuels/data-modeling-and-analysis-program
https://www.energy.gov/sites/default/files/2023-05/beto-00-project-peer-review-fcic-apr-2023-elless.pdf,pdf,https://www.energy.gov/cmei/fuels/feedstock-conversion-interface-consortium-0
https://www.energy.gov/sites/default/files/2023-05/beto-00-project-peer-review-feed-apr-2023-burrows.pdf,pdf,https://www.energy.gov/cmei/fuels/feedstock-technologies-program
https://www.energy.gov/sites/default/files/2023-05/beto-00-project-peer-review-plastic-apr-2023-backlund.pdf,pdf,https://www.energy.gov/cmei/fuels/plastics-deconstruction-and-redesign
https://www.energy.gov/sites/default/files/2023-05/beto-00-project-peer-review-sdi-est-apr-2023-natelson.pdf,pdf,https://www.energy.gov/cmei/fuels/systems-development-integration-emerging-and-supporting-technologies
https://www.energy.gov/sites/default/files/2023-05/beto-00-project-peer-review-sdi-sup-apr-2023-shmorhun%20beto-00-project-peer-review-sdi-sup-apr-2023-shmorhun.pdf,pdf,https://www.energy.gov/cmei/fuels/systems-development-integration-scale-portfolio
https://www.energy.gov/sites/default/files/2023-05/beto-00-project-peer-review-waste-apr-2023-hoffman.pdf,pdf,https://www.energy.gov/cmei/fuels/organic-waste-conversion
https://www.energy.gov/sites/default/files/2023-05/beto-001-project-peer-review-algae-a-apr-2023-fishman.pdf,pdf,https://www.energy.gov/cmei/fuels/advanced-algal-systems-integration
https://www.energy.gov/sites/default/files/2023-04/beto-01-project-peer-review-abf-apr-2023-hillson.pdf,pdf,https://www.energy.gov/cmei/fuels/agile-biofoundry-consortium
https://www.energy.gov/sites/default/files/2023-04/beto-01-project-peer-review-algae-b-apr-2023-gerk%20_0.pdf,pdf,https://www.energy.gov/cmei/fuels/advanced-algal-systems-integration
https://www.energy.gov/sites/default/files/2023-06/beto-01-project-peer-review-biochem-apr-2023-davis_r1.pdf,pdf,https://www.energy.gov/cmei/fuels/biochemical-conversion-and-lignin-utilization
https://www.energy.gov/sites/default/files/2023-04/beto-01-project-peer-review-c02-apr-2023-resch.pdf,pdf,https://www.energy.gov/cmei/fuels/carbon-dioxide-utilization
https://www.energy.gov/sites/default/files/2023-04/beto-01-project-peer-review-cat-apr-2023-schaidle.pdf,pdf,https://www.energy.gov/cmei/fuels/catalytic-upgrading
https://www.energy.gov/sites/default/files/2023-05/beto-01-project-peer-review-dma-apr-2023-fernandes.pdf,pdf,https://www.energy.gov/cmei/fuels/data-modeling-and-analysis-program
https://www.energy.gov/sites/default/files/2023-05/beto-01-project-peer-review-fcic-apr-2023-wolfrum.pdf,pdf,https://www.energy.gov/cmei/fuels/feedstock-conversion-interface-consortium-0
https://www.energy.gov/sites/default/files/2023-05/beto-01-project-peer-review-feed-apr-2023-thompson.pdf,pdf,https://www.energy.gov/cmei/fuels/feedstock-technologies-program
https://www.energy.gov/sites/default/files/2023-05/beto-01-project-peer-review-plastic-apr-2023-beckham%20.pdf,pdf,https://www.energy.gov/cmei/fuels/plastics-deconstruction-and-redesign
https://www.energy.gov/sites/default/files/2023-05/beto-01-project-peer-review-sdi-est-apr-2023-medlin.pdf,pdf,https://www.energy.gov/cmei/fuels/systems-development-integration-emerging-and-supporting-technologies
https://www.energy.gov/sites/default/files/2023-05/beto-01-project-peer-review-sdi-sup-apr-2023-rabinowitz.pdf,pdf,https://www.energy.gov/cmei/fuels/systems-development-integration-scale-portfolio
https://www.energy.gov/sites/default/files/2023-05/beto-01-project-peer-review-waste-apr-2023-ahring.pdf,pdf,https://www.energy.gov/cmei/fuels/organic-waste-conversion
https://www.energy.gov/sites/default/files/2023-04/beto-02-project-peer-review-abf-apr-2023-hillson.pdf,pdf,https://www.energy.gov/cmei/fuels/agile-biofoundry-consortium
https://www.energy.gov/sites/default/files/2023-04/beto-02-project-peer-review-algae-b-apr-2023-posewitz%20.pdf,pdf,https://www.energy.gov/cmei/fuels/advanced-algal-systems-integration
https://www.energy.gov/sites/default/files/2023-05/beto-02-project-peer-review-biochem-apr-2023-bomble.pdf,pdf,https://www.energy.gov/cmei/fuels/biochemical-conversion-and-lignin-utilization
https://www.energy.gov/sites/default/files/2023-04/beto-02-project-peer-review-c02-apr-2023-grim.pdf,pdf,https://www.energy.gov/cmei/fuels/carbon-dioxide-utilization
https://www.energy.gov/sites/default/files/2023-04/beto-02-project-peer-review-cat-apr-2023-dutta.pdf,pdf,https://www.energy.gov/cmei/fuels/catalytic-upgrading
https://www.energy.gov/sites/default/files/2023-05/beto-02-project-peer-review-dma-apr-2023-wise.pdf,pdf,https://www.energy.gov/cmei/fuels/data-modeling-and-analysis-program
https://www.energy.gov/sites/default/files/2023-05/beto-02-project-peer-review-fcic-apr-2023-donohoe.pdf,pdf,https://www.energy.gov/cmei/fuels/feedstock-conversion-interface-consortium-0
https://www.energy.gov/sites/default/files/2023-05/beto-02-project-peer-review-feed-apr-2023-langholtz.pdf,pdf,https://www.energy.gov/cmei/fuels/feedstock-technologies-program
https://www.energy.gov/sites/default/files/2023-05/beto-02-project-peer-review-plastic-apr-2023-desveaux.pdf,pdf,https://www.energy.gov/cmei/fuels/plastics-deconstruction-and-redesign
https://www.energy.gov/sites/default/files/2023-05/beto-02-project-peer-review-sdi-est-apr-2023-hannon.pdf,pdf,https://www.energy.gov/cmei/fuels/systems-development-integration-emerging-and-supporting-technologies
https://www.energy.gov/sites/default/files/2023-05/beto-02-project-peer-review-sdi-sup-apr-2023-james.pdf,pdf,https://www.energy.gov/cmei/fuels/systems-development-integration-scale-portfolio
https://www.energy.gov/sites/default/files/2023-05/beto-02-project-peer-review-waste-apr-2023-chen.pdf,pdf,https://www.energy.gov/cmei/fuels/organic-waste-conversion
https://www.energy.gov/sites/default/files/2023-04/beto-03-project-peer-review-abf-apr-2023-johnson.pdf,pdf,https://www.energy.gov/cmei/fuels/agile-biofoundry-consortium
https://www.energy.gov/sites/default/files/2023-04/beto-03-project-peer-review-algae-b-apr-2023-corcoran%20.pdf,pdf,https://www.energy.gov/cmei/fuels/advanced-algal-systems-integration
https://www.energy.gov/sites/default/files/2023-05/beto-03-project-peer-review-biochem-apr-2023-sluiter.pdf,pdf,https://www.energy.gov/cmei/fuels/biochemical-conversion-and-lignin-utilization
https://www.energy.gov/sites/default/files/2023-04/beto-03-project-peer-review-cat-apr-2023-ruddy.pdf,pdf,https://www.energy.gov/cmei/fuels/catalytic-upgrading
https://www.energy.gov/sites/default/files/2023-05/beto-03-project-peer-review-dma-apr-2023-quinn.pdf,pdf,https://www.energy.gov/cmei/fuels/data-modeling-and-analysis-program
https://www.energy.gov/sites/default/files/2023-05/beto-03-project-peer-review-fcic-apr-2023-xia.pdf,pdf,https://www.energy.gov/cmei/fuels/feedstock-conversion-interface-consortium-0
https://www.energy.gov/sites/default/files/2023-05/beto-03-project-peer-review-feed-apr-2023-emerson.pdf,pdf,https://www.energy.gov/cmei/fuels/feedstock-technologies-program
https://www.energy.gov/sites/default/files/2023-05/beto-03-project-peer-review-plastic-apr-2023-roma%CC%81n-leshkov.pdf,pdf,https://www.energy.gov/cmei/fuels/plastics-deconstruction-and-redesign
https://www.energy.gov/sites/default/files/2023-05/beto-03-project-peer-review-sdi-est-apr-2023-kilaz.pdf,pdf,https://www.energy.gov/cmei/fuels/systems-development-integration-emerging-and-supporting-technologies
https://www.energy.gov/sites/default/files/2023-05/beto-03-project-peer-review-sdi-sup-apr-2023-yancey.pdf,pdf,https://www.energy.gov/cmei/fuels/systems-development-integration-scale-portfolio
https://www.energy.gov/sites/default/files/2023-05/beto-03-project-peer-review-waste-apr-2023-schideman.pdf,pdf,https://www.energy.gov/cmei/fuels/organic-waste-conversion
https://www.energy.gov/sites/default/files/2023-04/beto-04-project-peer-review-abf-apr-2023-klein.pdf,pdf,https://www.energy.gov/cmei/fuels/agile-biofoundry-consortium
https://www.energy.gov/sites/default/files/2023-04/beto-04-project-peer-review-algae-b-apr-2023-schideman%20.pdf,pdf,https://www.energy.gov/cmei/fuels/advanced-algal-systems-integration
https://www.energy.gov/sites/default/files/2023-05/beto-04-project-peer-review-biochem-apr-2023-beckham.pdf,pdf,https://www.energy.gov/cmei/fuels/biochemical-conversion-and-lignin-utilization
https://www.energy.gov/sites/default/files/2023-04/beto-04-project-peer-review-c02-apr-2023-wang.pdf,pdf,https://www.energy.gov/cmei/fuels/carbon-dioxide-utilization
https://www.energy.gov/sites/default/files/2023-04/beto-04-project-peer-review-cat-apr-2023-baddour.pdf,pdf,https://www.energy.gov/cmei/fuels/catalytic-upgrading
https://www.energy.gov/sites/default/files/2023-05/beto-04-project-peer-review-dma-apr-2023-newes.pdf,pdf,https://www.energy.gov/cmei/fuels/data-modeling-and-analysis-program
https://www.energy.gov/sites/default/files/2023-05/beto-04-project-peer-review-fcic-apr-2023-klinger.pdf,pdf,https://www.energy.gov/cmei/fuels/feedstock-conversion-interface-consortium-0
https://www.energy.gov/sites/default/files/2023-05/beto-04-project-peer-review-feed-apr-2023-burli_0.pdf,pdf,https://www.energy.gov/cmei/fuels/feedstock-technologies-program
https://www.energy.gov/sites/default/files/2023-05/beto-04-project-peer-review-plastic-apr-2023-guss.pdf,pdf,https://www.energy.gov/cmei/fuels/plastics-deconstruction-and-redesign
https://www.energy.gov/sites/default/files/2023-05/beto-04-project-peer-review-sdi-est-apr-2023-karanjikar.pdf,pdf,https://www.energy.gov/cmei/fuels/systems-development-integration-emerging-and-supporting-technologies
https://www.energy.gov/sites/default/files/2023-05/beto-04-project-peer-review-sdi-sup-apr-2023-walker.pdf,pdf,https://www.energy.gov/cmei/fuels/systems-development-integration-scale-portfolio
https://www.energy.gov/sites/default/files/2023-05/beto-04-project-peer-review-waste-apr-2023-raskin.pdf,pdf,https://www.energy.gov/cmei/fuels/organic-waste-conversion
https://www.energy.gov/sites/default/files/2023-04/beto-05-project-peer-review-abf-apr-2023-guss.pdf,pdf,https://www.energy.gov/cmei/fuels/agile-biofoundry-consortium
https://www.energy.gov/sites/default/files/2023-04/beto-05-project-peer-review-algae-b-apr-2023-mcgowen%20.pdf,pdf,https://www.energy.gov/cmei/fuels/advanced-algal-systems-integration
https://www.energy.gov/sites/default/files/2023-05/beto-05-project-peer-review-biochem-apr-2023-beckham.pdf,pdf,https://www.energy.gov/cmei/fuels/biochemical-conversion-and-lignin-utilization
https://www.energy.gov/sites/default/files/2023-04/beto-05-project-peer-review-c02-apr-2023-ferrell.pdf,pdf,https://www.energy.gov/cmei/fuels/carbon-dioxide-utilization
https://www.energy.gov/sites/default/files/2023-04/beto-05-project-peer-review-cat-apr-2023-linger.pdf,pdf,https://www.energy.gov/cmei/fuels/catalytic-upgrading
https://www.energy.gov/sites/default/files/2023-05/beto-05-project-peer-review-dma-apr-2023-moriarty.pdf,pdf,https://www.energy.gov/cmei/fuels/data-modeling-and-analysis-program
https://www.energy.gov/sites/default/files/2023-05/beto-05-project-peer-review-fcic-apr-2023-parks.pdf,pdf,https://www.energy.gov/cmei/fuels/feedstock-conversion-interface-consortium-0
https://www.energy.gov/sites/default/files/2023-05/beto-05-project-peer-review-feed-apr-2023-coleman.pdf,pdf,https://www.energy.gov/cmei/fuels/feedstock-technologies-program
https://www.energy.gov/sites/default/files/2023-05/beto-05-project-peer-review-plastic-apr-2023-chen.pdf,pdf,https://www.energy.gov/cmei/fuels/plastics-deconstruction-and-redesign
https://www.energy.gov/sites/default/files/2023-05/beto-05-project-peer-review-sdi-est-apr-2023-rine.pdf,pdf,https://www.energy.gov/cmei/fuels/systems-development-integration-emerging-and-supporting-technologies
https://www.energy.gov/sites/default/files/2023-05/beto-05-project-peer-review-sdi-sup-apr-2023-walker%20.pdf,pdf,https://www.energy.gov/cmei/fuels/systems-development-integration-scale-portfolio
https://www.energy.gov/sites/default/files/2023-05/beto-05-project-peer-review-waste-apr-2023-harrison.pdf,pdf,https://www.energy.gov/cmei/fuels/organic-waste-conversion
https://www.energy.gov/sites/default/files/2023-04/beto-06-project-peer-review-abf-apr-2023-tanjore.pdf,pdf,https://www.energy.gov/cmei/fuels/agile-biofoundry-consortium
https://www.energy.gov/sites/default/files/2023-04/beto-06-project-peer-review-algae-b-apr-2023-sanders%20.pdf,pdf,https://www.energy.gov/cmei/fuels/advanced-algal-systems-integration
https://www.energy.gov/sites/default/files/2023-04/beto-06-project-peer-review-c02-apr-2023-neyerlin.pdf,pdf,https://www.energy.gov/cmei/fuels/carbon-dioxide-utilization
https://www.energy.gov/sites/default/files/2023-04/beto-06-project-peer-review-cat-apr-2023-griffin.pdf,pdf,https://www.energy.gov/cmei/fuels/catalytic-upgrading
https://www.energy.gov/sites/default/files/2023-05/beto-06-project-peer-review-fcic-apr-2023-laible.pdf,pdf,https://www.energy.gov/cmei/fuels/feedstock-conversion-interface-consortium-0
https://www.energy.gov/sites/default/files/2023-05/beto-06-project-peer-review-feed-apr-2023-lamers.pdf,pdf,https://www.energy.gov/cmei/fuels/feedstock-technologies-program
https://www.energy.gov/sites/default/files/2023-05/beto-06-project-peer-review-plastic-apr-2023-tassone.pdf,pdf,https://www.energy.gov/cmei/fuels/plastics-deconstruction-and-redesign
https://www.energy.gov/sites/default/files/2023-05/beto-06-project-peer-review-sdi-est-apr-2023-garcia-perez.pdf,pdf,https://www.energy.gov/cmei/fuels/systems-development-integration-emerging-and-supporting-technologies
https://www.energy.gov/sites/default/files/2023-05/beto-06-project-peer-review-sdi-sup-apr-2023-zebroski.pdf,pdf,https://www.energy.gov/cmei/fuels/systems-development-integration-scale-portfolio
https://www.energy.gov/sites/default/files/2023-05/beto-06-project-peer-review-waste-apr-2023-he.pdf,pdf,https://www.energy.gov/cmei/fuels/organic-waste-conversion
https://www.energy.gov/sites/default/files/2023-04/beto-07-project-peer-review-algae-b-apr-2023-hazlebeck%20.pdf,pdf,https://www.energy.gov/cmei/fuels/advanced-algal-systems-integration
https://www.energy.gov/sites/default/files/2023-05/beto-07-project-peer-review-biochem-apr-2023-salvachua.pdf,pdf,https://www.energy.gov/cmei/fuels/biochemical-conversion-and-lignin-utilization
https://www.energy.gov/sites/default/files/2023-04/beto-07-project-peer-review-c02-apr-2023-glusac.pdf,pdf,https://www.energy.gov/cmei/fuels/carbon-dioxide-utilization
https://www.energy.gov/sites/default/files/2023-04/beto-07-project-peer-review-cat-apr-2023-ramasamy.pdf,pdf,https://www.energy.gov/cmei/fuels/catalytic-upgrading
https://www.energy.gov/sites/default/files/2023-05/beto-07-project-peer-review-dma-apr-2023-quinn.pdf,pdf,https://www.energy.gov/cmei/fuels/data-modeling-and-analysis-program
https://www.energy.gov/sites/default/files/2023-05/beto-07-project-peer-review-fcic-apr-2023-qu.pdf,pdf,https://www.energy.gov/cmei/fuels/feedstock-conversion-interface-consortium-0
https://www.energy.gov/sites/default/files/2023-05/beto-07-project-peer-review-feed-apr-2023-oladosu.pdf,pdf,https://www.energy.gov/cmei/fuels/feedstock-technologies-program
https://www.energy.gov/sites/default/files/2023-05/beto-07-project-peer-review-plastic-apr-2023-knauer.pdf,pdf,https://www.energy.gov/cmei/fuels/plastics-deconstruction-and-redesign
https://www.energy.gov/sites/default/files/2023-05/beto-07-project-peer-review-waste-apr-2023-li.pdf,pdf,https://www.energy.gov/cmei/fuels/organic-waste-conversion
https://www.energy.gov/sites/default/files/2023-04/beto-08-project-peer-review-abf-apr-2023-bentley.pdf,pdf,https://www.energy.gov/cmei/fuels/agile-biofoundry-consortium
https://www.energy.gov/sites/default/files/2023-04/beto-08-project-peer-review-algae-b-apr-2023-hazlebeck.pdf,pdf,https://www.energy.gov/cmei/fuels/advanced-algal-systems-integration
https://www.energy.gov/sites/default/files/2023-05/beto-08-project-peer-review-biochem-apr-2023-klein.pdf,pdf,https://www.energy.gov/cmei/fuels/biochemical-conversion-and-lignin-utilization
https://www.energy.gov/sites/default/files/2023-04/beto-08-project-peer-review-c02-apr-2023-resch.pdf,pdf,https://www.energy.gov/cmei/fuels/carbon-dioxide-utilization
https://www.energy.gov/sites/default/files/2023-05/beto-08-project-peer-review-dma-apr-2023-jager.pdf,pdf,https://www.energy.gov/cmei/fuels/data-modeling-and-analysis-program
https://www.energy.gov/sites/default/files/2023-05/beto-08-project-peer-review-fcic-apr-2023-emerson.pdf,pdf,https://www.energy.gov/cmei/fuels/feedstock-conversion-interface-consortium-0
https://www.energy.gov/sites/default/files/2023-05/beto-08-project-peer-review-feed-apr-2023-mitchell.pdf,pdf,https://www.energy.gov/cmei/fuels/feedstock-technologies-program
https://www.energy.gov/sites/default/files/2023-05/beto-08-project-peer-review-plastic-apr-2023-kucharzyk%20.pdf,pdf,https://www.energy.gov/cmei/fuels/plastics-deconstruction-and-redesign
https://www.energy.gov/sites/default/files/2023-05/beto-08-project-peer-review-sdi-est-apr-2023-young.pdf,pdf,https://www.energy.gov/cmei/fuels/systems-development-integration-emerging-and-supporting-technologies
https://www.energy.gov/sites/default/files/2023-05/beto-08-project-peer-review-sdi-sup-apr-2023-elwell.pdf,pdf,https://www.energy.gov/cmei/fuels/systems-development-integration-scale-portfolio
https://www.energy.gov/sites/default/files/2023-05/beto-08-project-peer-review-waste-apr-2023-park.pdf,pdf,https://www.energy.gov/cmei/fuels/organic-waste-conversion
https://www.energy.gov/sites/default/files/2023-04/beto-09-project-peer-review-abf-apr-2023-hillson.pdf,pdf,https://www.energy.gov/cmei/fuels/agile-biofoundry-consortium
https://www.energy.gov/sites/default/files/2023-04/beto-09-project-peer-review-algae-b-apr-2023-vermaas%20.pdf,pdf,https://www.energy.gov/cmei/fuels/advanced-algal-systems-integration
https://www.energy.gov/sites/default/files/2023-05/beto-09-project-peer-review-biochem-apr-2023-klein.pdf,pdf,https://www.energy.gov/cmei/fuels/biochemical-conversion-and-lignin-utilization
https://www.energy.gov/sites/default/files/2023-04/beto-09-project-peer-review-c02-apr-2023-sundstrom.pdf,pdf,https://www.energy.gov/cmei/fuels/carbon-dioxide-utilization
https://www.energy.gov/sites/default/files/2023-04/beto-09-project-peer-review-cat-apr-2023-sutton.pdf,pdf,https://www.energy.gov/cmei/fuels/catalytic-upgrading
https://www.energy.gov/sites/default/files/2023-05/beto-09-project-peer-review-dma-apr-2023-redfearn.pdf,pdf,https://www.energy.gov/cmei/fuels/data-modeling-and-analysis-program
https://www.energy.gov/sites/default/files/2023-05/beto-09-project-peer-review-fcic-apr-2023-webb.pdf,pdf,https://www.energy.gov/cmei/fuels/feedstock-conversion-interface-consortium-0
https://www.energy.gov/sites/default/files/2023-05/beto-09-project-peer-review-feed-apr-2023-aines.pdf,pdf,https://www.energy.gov/cmei/fuels/feedstock-technologies-program
https://www.energy.gov/sites/default/files/2023-05/beto-09-project-peer-review-plastic-apr-2023-huber.pdf,pdf,https://www.energy.gov/cmei/fuels/plastics-deconstruction-and-redesign
https://www.energy.gov/sites/default/files/2023-05/beto-09-project-peer-review-sdi-est-apr-2023-dooley.pdf,pdf,https://www.energy.gov/cmei/fuels/systems-development-integration-emerging-and-supporting-technologies
https://www.energy.gov/sites/default/files/2023-05/beto-09-project-peer-review-sdi-sup-apr-2023-vardon.pdf,pdf,https://www.energy.gov/cmei/fuels/systems-development-integration-scale-portfolio
https://www.energy.gov/sites/default/files/2023-05/beto-09-project-peer-review-waste-apr-2023-milbrandt.pdf,pdf,https://www.energy.gov/cmei/fuels/organic-waste-conversion
https://www.energy.gov/sites/default/files/2023-04/beto-10-project-peer-review-abf-apr-2023-hillson.pdf,pdf,https://www.energy.gov/cmei/fuels/agile-biofoundry-consortium
https://www.energy.gov/sites/default/files/2023-04/beto-10-project-peer-review-algae-b-apr-2023-benemann.pdf,pdf,https://www.energy.gov/cmei/fuels/advanced-algal-systems-integration
https://www.energy.gov/sites/default/files/2023-05/beto-10-project-peer-review-biochem-apr-2023-hoffman.pdf,pdf,https://www.energy.gov/cmei/fuels/biochemical-conversion-and-lignin-utilization
https://www.energy.gov/sites/default/files/2023-04/beto-10-project-peer-review-c02-apr-2023-johnson.pdf,pdf,https://www.energy.gov/cmei/fuels/carbon-dioxide-utilization
https://www.energy.gov/sites/default/files/2023-04/beto-10-project-peer-review-cat-apr-2023-dagle.pdf,pdf,https://www.energy.gov/cmei/fuels/catalytic-upgrading
https://www.energy.gov/sites/default/files/2023-05/beto-10-project-peer-review-dma-apr-2023-reninger.pdf,pdf,https://www.energy.gov/cmei/fuels/data-modeling-and-analysis-program
https://www.energy.gov/sites/default/files/2023-05/beto-10-project-peer-review-fcic-apr-2023-emerson.pdf,pdf,https://www.energy.gov/cmei/fuels/feedstock-conversion-interface-consortium-0
https://www.energy.gov/sites/default/files/2023-05/beto-10-project-peer-review-feed-apr-2023-lee.pdf,pdf,https://www.energy.gov/cmei/fuels/feedstock-technologies-program
https://www.energy.gov/sites/default/files/2023-05/beto-10-project-peer-review-plastic-apr-2023-broadbelt%20.pdf,pdf,https://www.energy.gov/cmei/fuels/plastics-deconstruction-and-redesign
https://www.energy.gov/sites/default/files/2023-05/beto-10-project-peer-review-sdi-est-apr-2023-summers.pdf,pdf,https://www.energy.gov/cmei/fuels/systems-development-integration-emerging-and-supporting-technologies
https://www.energy.gov/sites/default/files/2023-05/beto-10-project-peer-review-sdi-sup-apr-2023-harmon.pdf,pdf,https://www.energy.gov/cmei/fuels/systems-development-integration-scale-portfolio
https://www.energy.gov/sites/default/files/2023-05/beto-10-project-peer-review-waste-apr-2023-seiple.pdf,pdf,https://www.energy.gov/cmei/fuels/organic-waste-conversion
https://www.energy.gov/sites/default/files/2023-04/beto-11-project-peer-review-abf-apr-2023-hillson.pdf,pdf,https://www.energy.gov/cmei/fuels/agile-biofoundry-consortium
https://www.energy.gov/sites/default/files/2023-04/beto-11-project-peer-review-algae-b-apr-2023-heinnickel.pdf,pdf,https://www.energy.gov/cmei/fuels/advanced-algal-systems-integration
https://www.energy.gov/sites/default/files/2023-05/beto-11-project-peer-review-biochem-apr-2023-himmel.pdf,pdf,https://www.energy.gov/cmei/fuels/biochemical-conversion-and-lignin-utilization
https://www.energy.gov/sites/default/files/2023-04/beto-11-project-peer-review-c02-apr-2023-xiong.pdf,pdf,https://www.energy.gov/cmei/fuels/carbon-dioxide-utilization
https://www.energy.gov/sites/default/files/2023-04/beto-11-project-peer-review-cat-apr-2023-yang.pdf,pdf,https://www.energy.gov/cmei/fuels/catalytic-upgrading
https://www.energy.gov/sites/default/files/2023-05/beto-11-project-peer-review-dma-apr-2023-sandhu.pdf,pdf,https://www.energy.gov/cmei/fuels/data-modeling-and-analysis-program
https://www.energy.gov/sites/default/files/2023-05/beto-11-project-peer-review-feed-apr-2023-wilson.pdf,pdf,https://www.energy.gov/cmei/fuels/feedstock-technologies-program
https://www.energy.gov/sites/default/files/2023-05/beto-11-project-peer-review-plastic-apr-2023-cochran.pdf,pdf,https://www.energy.gov/cmei/fuels/plastics-deconstruction-and-redesign
https://www.energy.gov/sites/default/files/2023-05/beto-11-project-peer-review-sdi-est-apr-2023-gupta.pdf,pdf,https://www.energy.gov/cmei/fuels/systems-development-integration-emerging-and-supporting-technologies
https://www.energy.gov/sites/default/files/2023-05/beto-11-project-peer-review-sdi-sup-apr-2023-rosin.pdf,pdf,https://www.energy.gov/cmei/fuels/systems-development-integration-scale-portfolio
https://www.energy.gov/sites/default/files/2023-05/beto-11-project-peer-review-waste-apr-2023-snowden-swan.pdf,pdf,https://www.energy.gov/cmei/fuels/organic-waste-conversion
https://www.energy.gov/sites/default/files/2023-04/beto-12-project-peer-review-abf-apr-2023-hillson.pdf,pdf,https://www.energy.gov/cmei/fuels/agile-biofoundry-consortium
https://www.energy.gov/sites/default/files/2023-04/beto-12-project-peer-review-algae-b-apr-2023-guarnieri%20.pdf,pdf,https://www.energy.gov/cmei/fuels/advanced-algal-systems-integration
https://www.energy.gov/sites/default/files/2023-05/beto-12-project-peer-review-biochem-apr-2023-chen.pdf,pdf,https://www.energy.gov/cmei/fuels/biochemical-conversion-and-lignin-utilization
https://www.energy.gov/sites/default/files/2023-04/beto-12-project-peer-review-c02-apr-2023-sitaraman.pdf,pdf,https://www.energy.gov/cmei/fuels/carbon-dioxide-utilization
https://www.energy.gov/sites/default/files/2023-04/beto-12-project-peer-review-cat-apr-2023-habas.pdf,pdf,https://www.energy.gov/cmei/fuels/catalytic-upgrading
https://www.energy.gov/sites/default/files/2023-05/beto-12-project-peer-review-dma-apr-2023-hartley.pdf,pdf,https://www.energy.gov/cmei/fuels/data-modeling-and-analysis-program
https://www.energy.gov/sites/default/files/2023-05/beto-12-project-peer-review-feed-apr-2023-smith.pdf,pdf,https://www.energy.gov/cmei/fuels/feedstock-technologies-program
https://www.energy.gov/sites/default/files/2023-05/beto-12-project-peer-review-plastic-apr-2023-breyta.pdf,pdf,https://www.energy.gov/cmei/fuels/plastics-deconstruction-and-redesign
https://www.energy.gov/sites/default/files/2023-05/beto-12-project-peer-review-sdi-est-apr-2023-park.pdf,pdf,https://www.energy.gov/cmei/fuels/systems-development-integration-emerging-and-supporting-technologies
https://www.energy.gov/sites/default/files/2023-05/beto-12-project-peer-review-sdi-sup-apr-2023-dale.pdf,pdf,https://www.energy.gov/cmei/fuels/systems-development-integration-scale-portfolio
https://www.energy.gov/sites/default/files/2023-05/beto-12-project-peer-review-waste-apr-2023-thorson.pdf,pdf,https://www.energy.gov/cmei/fuels/organic-waste-conversion
https://www.energy.gov/sites/default/files/2023-04/beto-13-project-peer-review-algae-a-apr-2023-coleman%20%20.pdf,pdf,https://www.energy.gov/cmei/fuels/advanced-algal-systems-cultivation-and-strain-development
https://www.energy.gov/sites/default/files/2023-04/beto-13-project-peer-review-algae-b-apr-2023-gerlach%20.pdf,pdf,https://www.energy.gov/cmei/fuels/advanced-algal-systems-integration
https://www.energy.gov/sites/default/files/2023-05/beto-13-project-peer-review-biochem-apr-2023-nelson.pdf,pdf,https://www.energy.gov/cmei/fuels/biochemical-conversion-and-lignin-utilization
https://www.energy.gov/sites/default/files/2023-04/beto-13-project-peer-review-cat-apr-2023-wang.pdf,pdf,https://www.energy.gov/cmei/fuels/catalytic-upgrading
https://www.energy.gov/sites/default/files/2023-05/beto-13-project-peer-review-dma-apr-2023-duan.pdf,pdf,https://www.energy.gov/cmei/fuels/data-modeling-and-analysis-program
https://www.energy.gov/sites/default/files/2023-05/beto-13-project-peer-review-feed-apr-2023-santosa.pdf,pdf,https://www.energy.gov/cmei/fuels/feedstock-technologies-program
https://www.energy.gov/sites/default/files/2023-05/beto-13-project-peer-review-plastic-apr-2023-huber.pdf,pdf,https://www.energy.gov/cmei/fuels/plastics-deconstruction-and-redesign
https://www.energy.gov/sites/default/files/2023-05/beto-13-project-peer-review-sdi-est-apr-2023-dayton.pdf,pdf,https://www.energy.gov/cmei/fuels/systems-development-integration-emerging-and-supporting-technologies
https://www.energy.gov/sites/default/files/2023-05/beto-13-project-peer-review-sdi-sup-apr-2023-marker.pdf,pdf,https://www.energy.gov/cmei/fuels/systems-development-integration-scale-portfolio
https://www.energy.gov/sites/default/files/2023-05/beto-13-project-peer-review-waste-apr-2023-thorson.pdf,pdf,https://www.energy.gov/cmei/fuels/organic-waste-conversion
https://www.energy.gov/sites/default/files/2023-04/beto-14-project-peer-review-algae-a-apr-2023-hawkins.pdf,pdf,https://www.energy.gov/cmei/fuels/advanced-algal-systems-cultivation-and-strain-development
https://www.energy.gov/sites/default/files/2023-04/beto-14-project-peer-review-algae-b-apr-2023-johnson%20.pdf,pdf,https://www.energy.gov/cmei/fuels/advanced-algal-systems-integration
https://www.energy.gov/sites/default/files/2023-05/beto-14-project-peer-review-biochem-apr-2023-linger.pdf,pdf,https://www.energy.gov/cmei/fuels/biochemical-conversion-and-lignin-utilization
https://www.energy.gov/sites/default/files/2023-04/beto-14-project-peer-review-c02-apr-2023-bromley.pdf,pdf,https://www.energy.gov/cmei/fuels/carbon-dioxide-utilization
https://www.energy.gov/sites/default/files/2023-04/beto-14-project-peer-review-cat-apr-2023-parks.pdf,pdf,https://www.energy.gov/cmei/fuels/catalytic-upgrading
https://www.energy.gov/sites/default/files/2023-05/beto-14-project-peer-review-dma-apr-2023-wu.pdf,pdf,https://www.energy.gov/cmei/fuels/data-modeling-and-analysis-program
https://www.energy.gov/sites/default/files/2023-05/beto-14-project-peer-review-feed-apr-2023-parish.pdf,pdf,https://www.energy.gov/cmei/fuels/feedstock-technologies-program
https://www.energy.gov/sites/default/files/2023-05/beto-14-project-peer-review-plastic-apr-2023-burkart%20.pdf,pdf,https://www.energy.gov/cmei/fuels/plastics-deconstruction-and-redesign
https://www.energy.gov/sites/default/files/2023-05/beto-14-project-peer-review-sdi-est-apr-2023-paul.pdf,pdf,https://www.energy.gov/cmei/fuels/systems-development-integration-emerging-and-supporting-technologies
https://www.energy.gov/sites/default/files/2023-05/beto-14-project-peer-review-sdi-sup-apr-2023-elzahab.pdf,pdf,https://www.energy.gov/cmei/fuels/systems-development-integration-scale-portfolio
https://www.energy.gov/sites/default/files/2023-05/beto-14-project-peer-review-waste-apr-2023-timko.pdf,pdf,https://www.energy.gov/cmei/fuels/organic-waste-conversion
https://www.energy.gov/sites/prod/files/2020/04/f74/beto-15-ado-analysis-modeling-2019-peer-review.pdf,pdf,https://www.energy.gov/cmei/fuels/2019-project-peer-review-report
https://www.energy.gov/sites/default/files/2023-04/beto-15-project-peer-review-abf-apr-2023-mand.pdf,pdf,https://www.energy.gov/cmei/fuels/agile-biofoundry-consortium
https://www.energy.gov/sites/default/files/2023-04/beto-15-project-peer-review-algae-b-apr-2023-dong%20.pdf,pdf,https://www.energy.gov/cmei/fuels/advanced-algal-systems-integration
https://www.energy.gov/sites/default/files/2023-05/beto-15-project-peer-review-biochem-apr-2023-dowe.pdf,pdf,https://www.energy.gov/cmei/fuels/biochemical-conversion-and-lignin-utilization
https://www.energy.gov/sites/default/files/2023-04/beto-15-project-peer-review-c02-apr-2023-spangler.pdf,pdf,https://www.energy.gov/cmei/fuels/carbon-dioxide-utilization
https://www.energy.gov/sites/default/files/2023-04/beto-15-project-peer-review-cat-apr-2023-baddour.pdf,pdf,https://www.energy.gov/cmei/fuels/catalytic-upgrading
https://www.energy.gov/sites/default/files/2023-05/beto-15-project-peer-review-dma-apr-2023-scown.pdf,pdf,https://www.energy.gov/cmei/fuels/data-modeling-and-analysis-program
https://www.energy.gov/sites/default/files/2023-05/beto-15-project-peer-review-feed-apr-2023-thompson.pdf,pdf,https://www.energy.gov/cmei/fuels/feedstock-technologies-program
https://www.energy.gov/sites/default/files/2023-05/beto-15-project-peer-review-plastic-apr-2023-hore%20beto-15-project-peer-review-plastic-apr-2023-hore%20.pdf,pdf,https://www.energy.gov/cmei/fuels/plastics-deconstruction-and-redesign
https://www.energy.gov/sites/default/files/2023-05/beto-15-project-peer-review-sdi-est-apr-2023-dayton.pdf,pdf,https://www.energy.gov/cmei/fuels/systems-development-integration-emerging-and-supporting-technologies
https://www.energy.gov/sites/default/files/2023-05/beto-15-project-peer-review-sdi-sup-apr-2023-marker.pdf,pdf,https://www.energy.gov/cmei/fuels/systems-development-integration-scale-portfolio
https://www.energy.gov/sites/default/files/2023-05/beto-15-project-peer-review-waste-apr-2023-ren.pdf,pdf,https://www.energy.gov/cmei/fuels/organic-waste-conversion
https://www.energy.gov/sites/prod/files/2020/04/f74/beto-16-ado-integration-scaleup-2019-peer-review.pdf,pdf,https://www.energy.gov/cmei/fuels/2019-project-peer-review-report
https://www.energy.gov/sites/default/files/2023-04/beto-16-project-peer-review-abf-apr-2023-carothers.pdf,pdf,https://www.energy.gov/cmei/fuels/agile-biofoundry-consortium
https://www.energy.gov/sites/default/files/2023-04/beto-16-project-peer-review-algae-b-apr-2023-valdez.pdf,pdf,https://www.energy.gov/cmei/fuels/advanced-algal-systems-integration
https://www.energy.gov/sites/default/files/2023-05/beto-16-project-peer-review-biochem-apr-2023-bomble.pdf,pdf,https://www.energy.gov/cmei/fuels/biochemical-conversion-and-lignin-utilization
https://www.energy.gov/sites/default/files/2023-04/beto-16-project-peer-review-c02-apr-2023-betenbaugh.pdf,pdf,https://www.energy.gov/cmei/fuels/carbon-dioxide-utilization
https://www.energy.gov/sites/default/files/2023-04/beto-16-project-peer-review-cat-apr-2023-ramasamy.pdf,pdf,https://www.energy.gov/cmei/fuels/catalytic-upgrading
https://www.energy.gov/sites/default/files/2023-05/beto-16-project-peer-review-dma-apr-2023-wang.pdf,pdf,https://www.energy.gov/cmei/fuels/data-modeling-and-analysis-program
https://www.energy.gov/sites/default/files/2023-05/beto-16-project-peer-review-feed-apr-2023-potter.pdf,pdf,https://www.energy.gov/cmei/fuels/feedstock-technologies-program
https://www.energy.gov/sites/default/files/2023-05/beto-16-project-peer-review-plastic-apr-2023-deitzel.pdf,pdf,https://www.energy.gov/cmei/fuels/plastics-deconstruction-and-redesign
https://www.energy.gov/sites/default/files/2023-05/beto-16-project-peer-review-sdi-est-apr-2023-dayton.pdf,pdf,https://www.energy.gov/cmei/fuels/systems-development-integration-emerging-and-supporting-technologies
https://www.energy.gov/sites/default/files/2023-05/beto-16-project-peer-review-sdi-sup-apr-2023-hazlebeck.pdf,pdf,https://www.energy.gov/cmei/fuels/systems-development-integration-scale-portfolio
https://www.energy.gov/sites/default/files/2023-05/beto-16-project-peer-review-waste-apr-2023-liang.pdf,pdf,https://www.energy.gov/cmei/fuels/organic-waste-conversion
https://www.energy.gov/sites/prod/files/2020/04/f74/beto-17-co-optima-2019-peer-review.pdf,pdf,https://www.energy.gov/cmei/fuels/2019-project-peer-review-report
https://www.energy.gov/sites/default/files/2023-04/beto-17-project-peer-review-abf-apr-2023-ohler_0.pdf,pdf,https://www.energy.gov/cmei/fuels/agile-biofoundry-consortium
https://www.energy.gov/sites/default/files/2023-06/beto-17-project-peer-review-algae-b-apr-2023-davis_r1.pdf,pdf,https://www.energy.gov/cmei/fuels/advanced-algal-systems-integration
https://www.energy.gov/sites/default/files/2023-05/beto-17-project-peer-review-biochem-apr-2023-opgenorth.pdf,pdf,https://www.energy.gov/cmei/fuels/biochemical-conversion-and-lignin-utilization
https://www.energy.gov/sites/default/files/2023-04/beto-17-project-peer-review-c02-apr-2023-masel.pdf,pdf,https://www.energy.gov/cmei/fuels/carbon-dioxide-utilization
https://www.energy.gov/sites/default/files/2023-04/beto-17-project-peer-review-cat-apr-2023-kuhn.pdf,pdf,https://www.energy.gov/cmei/fuels/catalytic-upgrading
https://www.energy.gov/sites/default/files/2023-05/beto-17-project-peer-review-dma-apr-2023-li.pdf,pdf,https://www.energy.gov/cmei/fuels/data-modeling-and-analysis-program
https://www.energy.gov/sites/default/files/2023-05/beto-17-project-peer-review-feed-apr-2023-saunders_0.pdf,pdf,https://www.energy.gov/cmei/fuels/feedstock-technologies-program
https://www.energy.gov/sites/default/files/2023-05/beto-17-project-peer-review-plastic-apr-2023-wang%20.pdf,pdf,https://www.energy.gov/cmei/fuels/plastics-deconstruction-and-redesign
https://www.energy.gov/sites/default/files/2023-05/beto-17-project-peer-review-sdi-est-apr-2023-seiser.pdf,pdf,https://www.energy.gov/cmei/fuels/systems-development-integration-emerging-and-supporting-technologies
https://www.energy.gov/sites/default/files/2023-05/beto-17-project-peer-review-sdi-sup-apr-2023-marker%20.pdf,pdf,https://www.energy.gov/cmei/fuels/systems-development-integration-scale-portfolio
https://www.energy.gov/sites/default/files/2023-05/beto-17-project-peer-review-waste-apr-2023-lansing.pdf,pdf,https://www.energy.gov/cmei/fuels/organic-waste-conversion
https://www.energy.gov/sites/default/files/2023-04/beto-18-project-peer-review-abf-apr-2023-keasling.pdf,pdf,https://www.energy.gov/cmei/fuels/agile-biofoundry-consortium
https://www.energy.gov/sites/default/files/2023-04/beto-18-project-peer-review-algae-b-apr-2023-valdez%20.pdf,pdf,https://www.energy.gov/cmei/fuels/advanced-algal-systems-integration
https://www.energy.gov/sites/default/files/2023-05/beto-18-project-peer-review-biochem-apr-2023-garg.pdf,pdf,https://www.energy.gov/cmei/fuels/biochemical-conversion-and-lignin-utilization
https://www.energy.gov/sites/default/files/2023-04/beto-18-project-peer-review-c02-apr-2023-kabir.pdf,pdf,https://www.energy.gov/cmei/fuels/carbon-dioxide-utilization
https://www.energy.gov/sites/default/files/2023-05/beto-18-project-peer-review-dma-apr-2023-tao.pdf,pdf,https://www.energy.gov/cmei/fuels/data-modeling-and-analysis-program
https://www.energy.gov/sites/default/files/2023-05/beto-18-project-peer-review-feed-apr-2023-kumar.pdf,pdf,https://www.energy.gov/cmei/fuels/feedstock-technologies-program
https://www.energy.gov/sites/default/files/2023-05/beto-18-project-peer-review-plastic-apr-2023-sadow%20.pdf,pdf,https://www.energy.gov/cmei/fuels/plastics-deconstruction-and-redesign
https://www.energy.gov/sites/default/files/2023-05/beto-18-project-peer-review-sdi-est-apr-2023-kass.pdf,pdf,https://www.energy.gov/cmei/fuels/systems-development-integration-emerging-and-supporting-technologies
https://www.energy.gov/sites/default/files/2023-05/beto-18-project-peer-review-waste-apr-2023-reardon.pdf,pdf,https://www.energy.gov/cmei/fuels/organic-waste-conversion
https://www.energy.gov/sites/default/files/2023-04/beto-19-project-peer-review-abf-apr-2023-wang.pdf,pdf,https://www.energy.gov/cmei/fuels/agile-biofoundry-consortium
https://www.energy.gov/sites/default/files/2023-05/beto-19-project-peer-review-biochem-apr-2023-korkegian.pdf,pdf,https://www.energy.gov/cmei/fuels/biochemical-conversion-and-lignin-utilization
https://www.energy.gov/sites/default/files/2023-04/beto-19-project-peer-review-c02-apr-2023-jiao.pdf,pdf,https://www.energy.gov/cmei/fuels/carbon-dioxide-utilization
https://www.energy.gov/sites/default/files/2023-05/beto-19-project-peer-review-feed-apr-2023-tu.pdf,pdf,https://www.energy.gov/cmei/fuels/feedstock-technologies-program
https://www.energy.gov/sites/default/files/2023-05/beto-19-project-peer-review-plastic-apr-2023-leang.pdf,pdf,https://www.energy.gov/cmei/fuels/plastics-deconstruction-and-redesign
https://www.energy.gov/sites/default/files/2023-05/beto-19-project-peer-review-sdi-est-apr-2023-dai.pdf,pdf,https://www.energy.gov/cmei/fuels/systems-development-integration-emerging-and-supporting-technologies
https://www.energy.gov/sites/default/files/2023-05/beto-19-project-peer-review-sdi-sup-apr-2023-yancey.pdf,pdf,https://www.energy.gov/cmei/fuels/systems-development-integration-scale-portfolio
https://www.energy.gov/sites/default/files/2023-04/beto-20-project-peer-review-abf-apr-2023-bentley.pdf,pdf,https://www.energy.gov/cmei/fuels/agile-biofoundry-consortium
https://www.energy.gov/sites/default/files/2023-05/beto-20-project-peer-review-dma-apr-2023-parish.pdf,pdf,https://www.energy.gov/cmei/fuels/data-modeling-and-analysis-program
https://www.energy.gov/sites/default/files/2023-05/beto-20-project-peer-review-feed-apr-2023-pal.pdf,pdf,https://www.energy.gov/cmei/fuels/feedstock-technologies-program
https://www.energy.gov/sites/default/files/2023-05/beto-20-project-peer-review-plastic-apr-2023-pokorski%20.pdf,pdf,https://www.energy.gov/cmei/fuels/plastics-deconstruction-and-redesign
https://www.energy.gov/sites/default/files/2023-05/beto-20-project-peer-review-sdi-sup-apr-2023-thorson%20.pdf,pdf,https://www.energy.gov/cmei/fuels/systems-development-integration-scale-portfolio
https://www.energy.gov/sites/default/files/2023-03/beto-2023-peer-review-detailed-agenda_r4.pdf,pdf,https://www.energy.gov/cmei/fuels/articles/agenda-2023-project-peer-review
https://www.energy.gov/sites/default/files/2024-04/beto-2023-peer-review-report_03-agile-biofoundry.pdf,pdf,https://www.energy.gov/cmei/fuels/articles/2023-project-peer-review-report
https://www.energy.gov/sites/default/files/2024-04/beto-2023-peer-review-report_04-biochem-conv-lignin.pdf,pdf,https://www.energy.gov/cmei/fuels/articles/2023-project-peer-review-report
https://www.energy.gov/sites/default/files/2024-04/beto-2023-peer-review-report_05-co2-utilization.pdf,pdf,https://www.energy.gov/cmei/fuels/articles/2023-project-peer-review-report
https://www.energy.gov/sites/default/files/2024-04/beto-2023-peer-review-report_06-catalytic-upgrading.pdf,pdf,https://www.energy.gov/cmei/fuels/articles/2023-project-peer-review-report
https://www.energy.gov/sites/default/files/2024-04/beto-2023-peer-review-report_07-data-modeling-analysis.pdf,pdf,https://www.energy.gov/cmei/fuels/articles/2023-project-peer-review-report
https://www.energy.gov/sites/default/files/2024-04/beto-2023-peer-review-report_08-fcic.pdf,pdf,https://www.energy.gov/cmei/fuels/articles/2023-project-peer-review-report
https://www.energy.gov/sites/default/files/2024-04/beto-2023-peer-review-report_09-feedstock-tech_0.pdf,pdf,https://www.energy.gov/cmei/fuels/articles/2023-project-peer-review-report
https://www.energy.gov/sites/default/files/2024-04/beto-2023-peer-review-report_10-pabps-separations-plastics.pdf,pdf,https://www.energy.gov/cmei/fuels/articles/2023-project-peer-review-report
https://www.energy.gov/sites/default/files/2024-04/beto-2023-peer-review-report_11-organic-waste.pdf,pdf,https://www.energy.gov/cmei/fuels/articles/2023-project-peer-review-report
https://www.energy.gov/sites/default/files/2024-04/beto-2023-peer-review-report_12-sdi-emerging-supporting.pdf,pdf,https://www.energy.gov/cmei/fuels/articles/2023-project-peer-review-report
https://www.energy.gov/sites/default/files/2024-04/beto-2023-peer-review-report_13-sdi-scale-up.pdf,pdf,https://www.energy.gov/cmei/fuels/articles/2023-project-peer-review-report
https://www.energy.gov/sites/default/files/2023-04/beto-21-project-peer-review-abf-apr-2023-gardner.pdf,pdf,https://www.energy.gov/cmei/fuels/agile-biofoundry-consortium
https://www.energy.gov/sites/default/files/2023-05/beto-21-project-peer-review-dma-apr-2023-tao.pdf,pdf,https://www.energy.gov/cmei/fuels/data-modeling-and-analysis-program
https://www.energy.gov/sites/default/files/2023-05/beto-21-project-peer-review-feed-apr-2023-romero.pdf,pdf,https://www.energy.gov/cmei/fuels/feedstock-technologies-program
https://www.energy.gov/sites/default/files/2023-05/beto-21-project-peer-review-plastic-apr-2023-dauenhauer%20.pdf,pdf,https://www.energy.gov/cmei/fuels/plastics-deconstruction-and-redesign
https://www.energy.gov/sites/default/files/2023-05/beto-21-project-peer-review-sdi-est-apr-2023-trojanowski.pdf,pdf,https://www.energy.gov/cmei/fuels/systems-development-integration-emerging-and-supporting-technologies
https://www.energy.gov/sites/default/files/2023-05/beto-21-project-peer-review-sdi-sup-apr-2023-still.pdf,pdf,https://www.energy.gov/cmei/fuels/systems-development-integration-scale-portfolio
https://www.energy.gov/sites/default/files/2023-04/beto-22-project-peer-review-abf-apr-2023-magnuson.pdf,pdf,https://www.energy.gov/cmei/fuels/agile-biofoundry-consortium
https://www.energy.gov/sites/default/files/2023-05/beto-22-project-peer-review-dma-apr-2023-uria-martinez.pdf,pdf,https://www.energy.gov/cmei/fuels/data-modeling-and-analysis-program
https://www.energy.gov/sites/default/files/2023-05/beto-22-project-peer-review-feed-apr-2023-li.pdf,pdf,https://www.energy.gov/cmei/fuels/feedstock-technologies-program
https://www.energy.gov/sites/default/files/2023-05/beto-22-project-peer-review-plastic-apr-2023-bai%20.pdf,pdf,https://www.energy.gov/cmei/fuels/plastics-deconstruction-and-redesign
https://www.energy.gov/sites/default/files/2023-05/beto-22-project-peer-review-sdi-est-apr-2023-thibodeau-fortin%20.pdf,pdf,https://www.energy.gov/cmei/fuels/systems-development-integration-emerging-and-supporting-technologies
https://www.energy.gov/sites/default/files/2023-05/beto-22-project-peer-review-sdi-sup-apr-2023-schell.pdf,pdf,https://www.energy.gov/cmei/fuels/systems-development-integration-scale-portfolio
https://www.energy.gov/sites/default/files/2023-04/beto-23-project-peer-review-abf-apr-2023-guss.pdf,pdf,https://www.energy.gov/cmei/fuels/agile-biofoundry-consortium
https://www.energy.gov/sites/default/files/2023-05/beto-23-project-peer-review-dma-apr-2023-rapp_0.pdf,pdf,https://www.energy.gov/cmei/fuels/data-modeling-and-analysis-program
https://www.energy.gov/sites/default/files/2023-05/beto-23-project-peer-review-feed-apr-2023-klinger.pdf,pdf,https://www.energy.gov/cmei/fuels/feedstock-technologies-program
https://www.energy.gov/sites/default/files/2023-05/beto-23-project-peer-review-plastic-apr-2023-wong%20.pdf,pdf,https://www.energy.gov/cmei/fuels/plastics-deconstruction-and-redesign
https://www.energy.gov/sites/default/files/2023-05/beto-23-project-peer-review-sdi-est-apr-2023-laporte.pdf,pdf,https://www.energy.gov/cmei/fuels/systems-development-integration-emerging-and-supporting-technologies
https://www.energy.gov/sites/default/files/2023-05/beto-23-project-peer-review-sdi-sup-apr-2023-hazlebeck.pdf,pdf,https://www.energy.gov/cmei/fuels/systems-development-integration-scale-portfolio
https://www.energy.gov/sites/default/files/2023-05/beto-24-project-peer-review-dma-apr-2023-newes_0.pdf,pdf,https://www.energy.gov/cmei/fuels/data-modeling-and-analysis-program
https://www.energy.gov/sites/default/files/2023-05/beto-24-project-peer-review-feed-apr-2023-webb.pdf,pdf,https://www.energy.gov/cmei/fuels/feedstock-technologies-program
https://www.energy.gov/sites/default/files/2023-05/beto-24-project-peer-review-plastic-apr-2023-kuila%20.pdf,pdf,https://www.energy.gov/cmei/fuels/plastics-deconstruction-and-redesign
https://www.energy.gov/sites/default/files/2023-05/beto-24-project-peer-review-sdi-est-apr-2023-laporte.pdf,pdf,https://www.energy.gov/cmei/fuels/systems-development-integration-emerging-and-supporting-technologies
https://www.energy.gov/sites/default/files/2023-05/beto-24-project-peer-review-sdi-sup-apr-2023-hazlebeck%20.pdf,pdf,https://www.energy.gov/cmei/fuels/systems-development-integration-scale-portfolio
https://www.energy.gov/sites/default/files/2023-04/beto-25-project-peer-review-abf-apr-2023-tanjore.pdf,pdf,https://www.energy.gov/cmei/fuels/agile-biofoundry-consortium
https://www.energy.gov/sites/default/files/2023-05/beto-25-project-peer-review-dma-apr-2023-efroymson.pdf,pdf,https://www.energy.gov/cmei/fuels/data-modeling-and-analysis-program
https://www.energy.gov/sites/default/files/2023-05/beto-25-project-peer-review-feed-apr-2023-kent.pdf,pdf,https://www.energy.gov/cmei/fuels/feedstock-technologies-program
https://www.energy.gov/sites/default/files/2023-05/beto-25-project-peer-review-plastic-apr-2023-wang.pdf,pdf,https://www.energy.gov/cmei/fuels/plastics-deconstruction-and-redesign
https://www.energy.gov/sites/default/files/2023-05/beto-25-project-peer-review-sdi-est-apr-2023-maccarty.pdf,pdf,https://www.energy.gov/cmei/fuels/systems-development-integration-emerging-and-supporting-technologies
https://www.energy.gov/sites/default/files/2023-05/beto-25-project-peer-review-sdi-sup-apr-2023-shende%20.pdf,pdf,https://www.energy.gov/cmei/fuels/systems-development-integration-scale-portfolio
https://www.energy.gov/sites/default/files/2023-04/beto-26-project-peer-review-abf-apr-2023-sanchez.pdf,pdf,https://www.energy.gov/cmei/fuels/agile-biofoundry-consortium
https://www.energy.gov/sites/default/files/2023-05/beto-26-project-peer-review-dma-apr-2023-quinn.pdf,pdf,https://www.energy.gov/cmei/fuels/data-modeling-and-analysis-program
https://www.energy.gov/sites/default/files/2023-05/beto-26-project-peer-review-feed-apr-2023-wahlen.pdf,pdf,https://www.energy.gov/cmei/fuels/feedstock-technologies-program
https://www.energy.gov/sites/default/files/2023-05/beto-26-project-peer-review-plastic-apr-2023-rabnawaz%20.pdf,pdf,https://www.energy.gov/cmei/fuels/plastics-deconstruction-and-redesign
https://www.energy.gov/sites/default/files/2023-05/beto-26-project-peer-review-sdi-est-apr-2023-agrawal.pdf,pdf,https://www.energy.gov/cmei/fuels/systems-development-integration-emerging-and-supporting-technologies
https://www.energy.gov/sites/default/files/2023-05/beto-26-project-peer-review-sdi-sup-apr-2023-chen.pdf,pdf,https://www.energy.gov/cmei/fuels/systems-development-integration-scale-portfolio
https://www.energy.gov/sites/default/files/2023-04/beto-27-project-peer-review-abf-apr-2023-liu.pdf,pdf,https://www.energy.gov/cmei/fuels/agile-biofoundry-consortium
https://www.energy.gov/sites/default/files/2023-05/beto-27-project-peer-review-dma-apr-2023-ravi.pdf,pdf,https://www.energy.gov/cmei/fuels/data-modeling-and-analysis-program
https://www.energy.gov/sites/default/files/2023-05/beto-27-project-peer-review-feed-apr-2023-yancey.pdf,pdf,https://www.energy.gov/cmei/fuels/feedstock-technologies-program
https://www.energy.gov/sites/default/files/2023-05/beto-27-project-peer-review-plastic-apr-2023-robinson%20.pdf,pdf,https://www.energy.gov/cmei/fuels/plastics-deconstruction-and-redesign
https://www.energy.gov/sites/default/files/2023-05/beto-27-project-peer-review-sdi-est-apr-2023-midlam-mohler.pdf,pdf,https://www.energy.gov/cmei/fuels/systems-development-integration-emerging-and-supporting-technologies
https://www.energy.gov/sites/default/files/2023-05/beto-27-project-peer-review-sdi-sup-apr-2023-schell.pdf,pdf,https://www.energy.gov/cmei/fuels/systems-development-integration-scale-portfolio
https://www.energy.gov/sites/default/files/2023-04/beto-28-project-peer-review-abf-apr-2023-rodriguez.pdf,pdf,https://www.energy.gov/cmei/fuels/agile-biofoundry-consortium
https://www.energy.gov/sites/default/files/2023-05/beto-28-project-peer-review-dma-apr-2023-scown.pdf,pdf,https://www.energy.gov/cmei/fuels/data-modeling-and-analysis-program
https://www.energy.gov/sites/default/files/2023-05/beto-28-project-peer-review-feed-apr-2023-williams.pdf,pdf,https://www.energy.gov/cmei/fuels/feedstock-technologies-program
https://www.energy.gov/sites/default/files/2023-05/beto-28-project-peer-review-plastic-apr-2023-mohammadi.pdf,pdf,https://www.energy.gov/cmei/fuels/plastics-deconstruction-and-redesign
https://www.energy.gov/sites/default/files/2023-05/beto-28-project-peer-review-sdi-est-apr-2023-sakadjian.pdf,pdf,https://www.energy.gov/cmei/fuels/systems-development-integration-emerging-and-supporting-technologies
https://www.energy.gov/sites/default/files/2023-05/beto-28-project-peer-review-sdi-sup-apr-2023-brewer%20.pdf,pdf,https://www.energy.gov/cmei/fuels/systems-development-integration-scale-portfolio
https://www.energy.gov/sites/default/files/2023-04/beto-29-project-peer-review-abf-apr-2023-beckham.pdf,pdf,https://www.energy.gov/cmei/fuels/agile-biofoundry-consortium
https://www.energy.gov/sites/default/files/2023-05/beto-29-project-peer-review-feed-apr-2023-yi.pdf,pdf,https://www.energy.gov/cmei/fuels/feedstock-technologies-program
https://www.energy.gov/sites/default/files/2023-05/beto-29-project-peer-review-sdi-sup-apr-2023-seames.pdf,pdf,https://www.energy.gov/cmei/fuels/systems-development-integration-scale-portfolio
https://www.energy.gov/sites/default/files/2023-04/beto-30-project-peer-review-abf-apr-2023-beckham.pdf,pdf,https://www.energy.gov/cmei/fuels/agile-biofoundry-consortium
https://www.energy.gov/sites/default/files/2023-05/beto-30-project-peer-review-feed-apr-2023-hodge.pdf,pdf,https://www.energy.gov/cmei/fuels/feedstock-technologies-program
https://www.energy.gov/sites/default/files/2023-05/beto-30-project-peer-review-sdi-sup-apr-2023-nair.pdf,pdf,https://www.energy.gov/cmei/fuels/systems-development-integration-scale-portfolio
https://www.energy.gov/sites/default/files/2023-04/beto-31-project-peer-review-abf-apr-2023-sundstrom.pdf,pdf,https://www.energy.gov/cmei/fuels/agile-biofoundry-consortium
https://www.energy.gov/sites/default/files/2023-06/beto-31-project-peer-review-feed-apr-2023-shinners_r2.pdf,pdf,https://www.energy.gov/cmei/fuels/feedstock-technologies-program
https://www.energy.gov/sites/default/files/2023-05/beto-32-project-peer-review-feed-apr-2023-shi.pdf,pdf,https://www.energy.gov/cmei/fuels/feedstock-technologies-program
https://www.energy.gov/sites/default/files/2023-05/beto-33-2-project-peer-review-abf-apr-2023-tanjore.pdf,pdf,https://www.energy.gov/cmei/fuels/agile-biofoundry-consortium
https://www.energy.gov/sites/default/files/2023-08/beto-33-2-project-peer-review-abf-apr-2023-tanjore_r2.pdf,pdf,https://www.energy.gov/cmei/fuels/agile-biofoundry-consortium
https://www.energy.gov/sites/default/files/2023-05/beto-33-project-peer-review-feed-apr-2023-ladisch.pdf,pdf,https://www.energy.gov/cmei/fuels/feedstock-technologies-program
https://www.energy.gov/sites/default/files/2023-05/beto-34-2-project-peer-review-abf-apr-2023-tanjore.pdf,pdf,https://www.energy.gov/cmei/fuels/agile-biofoundry-consortium
https://www.energy.gov/sites/default/files/2023-05/beto-34-project-peer-review-abf-apr-2023-tanjore.pdf,pdf,https://www.energy.gov/cmei/fuels/agile-biofoundry-consortium
https://www.energy.gov/sites/default/files/2023-05/beto-34-project-peer-review-feed-apr-2023-mani.pdf,pdf,https://www.energy.gov/cmei/fuels/feedstock-technologies-program
https://www.energy.gov/sites/default/files/2023-05/beto-35-project-peer-review-abf-apr-2023-tanjore.pdf,pdf,https://www.energy.gov/cmei/fuels/agile-biofoundry-consortium
https://www.energy.gov/sites/default/files/2023-05/beto-35-project-peer-review-feed-apr-2023-hartley.pdf,pdf,https://www.energy.gov/cmei/fuels/feedstock-technologies-program
https://www.energy.gov/sites/default/files/2025-01/bto-ghg-metrics-011525.pdf,pdf,https://www.energy.gov/cmei/buildings/building-energy-data
https://www.energy.gov/sites/default/files/2019/05/f62/bto-peer%E2%80%932019-pnnl-energy-asset-score.pdf,pdf,https://www.energy.gov/cmei/buildings/articles/building-energy-asset-score
https://www.energy.gov/sites/default/files/2023-05/bto-peer-2023-25150a-assetscore-pnnl-goel.pdf,pdf,https://www.energy.gov/cmei/buildings/articles/building-energy-asset-score
https://www.energy.gov/documents/bto-peer-2023-25204-seed-nrel-longpdf,pdf,https://www.energy.gov/cmei/buildings/standard-energy-efficiency-data-seed-platform
https://www.energy.gov/sites/default/files/2023-06/bto-peer-2023-open-nrel-goldwasser.pdf,pdf,https://www.energy.gov/cmei/buildings/articles/openstudio
https://www.energy.gov/sites/default/files/2020/11/f80/bto-qs-T3DP-V2-21-39-090320.pdf,pdf,https://www.energy.gov/cmei/buildings/qualified-software-calculating-commercial-building-tax-deductions
https://www.energy.gov/sites/default/files/2022-04/bto-qs-T3DP-V4.01.97-111221.pdf,pdf,https://www.energy.gov/cmei/buildings/qualified-software-calculating-commercial-building-tax-deductions
https://www.energy.gov/sites/default/files/2019/12/f69/bto-qs-TRACE-3D-Plus-Version2.04.20.pdf,pdf,https://www.energy.gov/cmei/buildings/qualified-software-calculating-commercial-building-tax-deductions
https://www.energy.gov/sites/default/files/2022-08/bto-qs-TRACE-3D-PlusV4-12-74.pdf,pdf,https://www.energy.gov/cmei/buildings/qualified-software-calculating-commercial-building-tax-deductions
https://www.energy.gov/sites/default/files/2018/12/f58/bto-qs-TRNSYS-18.01.0001.pdf,pdf,https://www.energy.gov/cmei/buildings/qualified-software-calculating-commercial-building-tax-deductions
https://www.energy.gov/sites/default/files/2021-03/bto-qs-Trace-700v6.3.5.pdf,pdf,https://www.energy.gov/cmei/buildings/qualified-software-calculating-commercial-building-tax-deductions
https://www.energy.gov/sites/default/files/2024-09/bto-qs-trace-3d-090524.pdf,pdf,https://www.energy.gov/cmei/buildings/qualified-software-calculating-commercial-building-tax-deductions
https://www.energy.gov/sites/default/files/2023-07/bto-qs-trace-3d-plus-v5-20-117.pdf,pdf,https://www.energy.gov/cmei/buildings/qualified-software-calculating-commercial-building-tax-deductions
https://www.energy.gov/sites/default/files/2024-02/bto-qs-trace-3d-plus-v6.00.106.pdf,pdf,https://www.energy.gov/cmei/buildings/qualified-software-calculating-commercial-building-tax-deductions
https://www.energy.gov/sites/default/files/2024-05/bto-qs-trace-3d-plus-v6.10.289.pdf,pdf,https://www.energy.gov/cmei/buildings/qualified-software-calculating-commercial-building-tax-deductions
https://www.energy.gov/sites/default/files/2023-04/bto-qs-trace-3d-plus-version-5.10.57.pdf,pdf,https://www.energy.gov/cmei/buildings/qualified-software-calculating-commercial-building-tax-deductions
https://www.energy.gov/sites/default/files/2018/10/f56/bto-qs_TRACE%20700%20version%206.3.4.pdf,pdf,https://www.energy.gov/cmei/buildings/qualified-software-calculating-commercial-building-tax-deductions
https://www.energy.gov/sites/default/files/2018/08/f55/bto-qs_TRNSYS_18.00.0019-2016.pdf,pdf,https://www.energy.gov/cmei/buildings/qualified-software-calculating-commercial-building-tax-deductions
https://www.energy.gov/sites/default/files/2022-05/bto-zeb-frick-052322.pdf,pdf,https://www.energy.gov/cmei/buildings/zero-energy-buildings-highlights
https://www.energy.gov/sites/default/files/2022-05/bto-zeb-houston-052522.pdf,pdf,https://www.energy.gov/cmei/buildings/zero-energy-buildings-highlights
https://www.energy.gov/sites/default/files/2018/12/f58/btp-qs-TRACE-3D-Plus-v1.25.286.pdf,pdf,https://www.energy.gov/cmei/buildings/qualified-software-calculating-commercial-building-tax-deductions
https://assets.bouldercounty.gov/wp-content/uploads/2017/03/buildsmart-code-2015.pdf,pdf,https://www.energy.gov/cmei/buildings/national-regional-and-affordable-housing-incentives-doe-efficient-new-homes
https://www.energy.gov/hgeo/carbon-storage-research,pdf,https://www.energy.gov/hgeo/articles/secretary-chu-announces-55-million-funding-develop-advanced-carbon-capture-technology
http://www1.eere.energy.gov/buildings/commercial/pdfs/cbea_open_case_retrofit_guide.pdf,pdf,https://www.energy.gov/cmei/buildings/demonstrating-efficient-solutions-buildings-des-b
https://www.energy.gov/sites/default/files/2014/08/f18/cbi21_Brackney_042214.pdf,pdf,https://www.energy.gov/cmei/buildings/articles/openstudio
https://www.energy.gov/sites/default/files/2014/11/f19/cbi29_wang_042214.pdf,pdf,https://www.energy.gov/cmei/buildings/articles/building-energy-asset-score
https://www.energy.gov/documents/critical-minerals-materials-periodic-tablepdf,pdf,https://www.energy.gov/collection/view?paragraph=797388&page=19
https://www.energy.gov/sites/prod/files/2019/05/f62/distibuted-wind-deployment-public-school.pdf,pdf,https://www.energy.gov/cmei/systems/articles/who-uses-distributed-wind
https://www.energy.gov/sites/prod/files/2019/05/f62/distributed-wind-deployment-vineyard-wine.pdf,pdf,https://www.energy.gov/cmei/systems/articles/who-uses-distributed-wind
https://www.energy.gov/documents/doe-efficient-new-homes-single-family-version-2-rev-3-hco-qa-checklist-fillable,pdf,https://www.energy.gov/cmei/buildings/certification-organizations-doe-efficient-new-homes
https://www.energy.gov/documents/doe-ethics-contacts,pdf,https://www.energy.gov/gc/doe-ethics-advisors
https://www.energy.gov/sites/prod/files/2018/08/f54/dw_deployment_example_nps_nw100_triad_6_18_2018_0.pdf,pdf,https://www.energy.gov/cmei/systems/articles/who-uses-distributed-wind
https://www.energy.gov/sites/prod/files/2018/08/f54/dwic_deployment_example_res_eocycle_draft_8_03_2018.pdf,pdf,https://www.energy.gov/cmei/systems/articles/who-uses-distributed-wind
https://betterbuildingssolutioncenter.energy.gov/sites/default/files/attachments/ems-guidance-for-food-service-applications_0.pdf,pdf,https://www.energy.gov/cmei/buildings/demonstrating-efficient-solutions-buildings-des-b
https://www.energy.gov/oha/articles/exr-14-0003-matter-vaughn-thermal-corp,pdf,https://www.energy.gov/oha/articles/summary-decisions-september-7-2015-september-11-2015
https://betterbuildingssolutioncenter.energy.gov/sites/default/files/attachments/exterior-lighting-control-guidance.pdf,pdf,https://www.energy.gov/cmei/buildings/demonstrating-efficient-solutions-buildings-des-b
https://www.energy.gov/oha/articles/fia-14-0010-matter-exchange-monitor-publications,pdf,https://www.energy.gov/oha/articles/summary-decisions-february-24-2014-february-28-2014
https://www.energy.gov/oha/articles/fia-14-0011-matter-donna-deedy,pdf,https://www.energy.gov/oha/articles/summary-decisions-february-24-2014-february-28-2014
https://www.energy.gov/oha/articles/fia-14-0017-matter-donna-deedy,pdf,https://www.energy.gov/oha/articles/summary-decisions-march-24-2014-march-28-2014
https://www.energy.gov/oha/articles/fia-14-0019-matter-robert-orr-jr,pdf,https://www.energy.gov/oha/articles/summary-decisions-april-14-2014-april-18-2014
https://www.energy.gov/oha/articles/fia-14-0021-matter-john-qualls,pdf,https://www.energy.gov/oha/articles/summary-decisions-april-7-2014-april-11-2014
https://www.energy.gov/oha/articles/fia-14-0022-matter-oles-morrison-rinker-baker-llp,pdf,https://www.energy.gov/oha/articles/summary-decisions-april-21-2014-april-25-2014
https://www.energy.gov/oha/articles/fia-14-0025-matter-tim-hadley,pdf,https://www.energy.gov/oha/articles/summary-decisions-may-19-2014-may-23-2014
https://www.energy.gov/oha/articles/fia-14-0027-matter-southeastern-legal-foundation,pdf,https://www.energy.gov/oha/articles/summary-decisions-may-19-2014-may-23-2014
https://www.energy.gov/oha/articles/fia-14-0041-matter-ted-sickinger,pdf,https://www.energy.gov/oha/articles/summary-decisions-july-28-2014-august-1-2014
https://www.energy.gov/oha/articles/fia-14-0042-matter-tri-valley-cares,pdf,https://www.energy.gov/oha/articles/summary-decisions-july-28-2014-august-1-2014
https://www.energy.gov/oha/articles/fia-14-0070-matter-torres-consulting-law-group-llc,pdf,https://www.energy.gov/oha/articles/summary-decisions-november-17-2014-november-21-2014
https://www.energy.gov/oha/articles/fia-15-0045-matter-anthony-rivera,pdf,https://www.energy.gov/oha/articles/summary-decisions-august-31-2015-september-4-2015
https://www.justice.gov/oip/freedom-information-act-5-usc-552,pdf,https://www.energy.gov/gc/foia-frequently-asked-questions-faqs
https://www.energy.gov/sites/prod/files/2018/08/f54/gob_nob_case_study.pdf,pdf,https://www.energy.gov/cmei/systems/articles/who-uses-distributed-wind
https://www.energy.gov/documents/hco-qa-checklist-multifamily-version-2-rev-2-0,pdf,https://www.energy.gov/cmei/buildings/certification-organizations-doe-efficient-new-homes
https://betterbuildingssolutioncenter.energy.gov/sites/default/files/attachments/high-efficiency-wall-pack-specification.pdf,pdf,https://www.energy.gov/cmei/buildings/demonstrating-efficient-solutions-buildings-des-b
https://www.energy.gov/gc/articles/how-make-foia-request,pdf,https://www.energy.gov/gc/freedom-information-act
https://www.energy.gov/sites/default/files/2024-04/i2X%20Transmission%20Interconnection%20Roadmap.pdf,pdf,https://www.energy.gov/cmei/systems/renewable-systems-integration
https://eta-publications.lbl.gov/sites/default/files/lbnl-1003917.pdf,pdf,https://www.energy.gov/cmei/systems/homeowners-guide-solar
https://eta-publications.lbl.gov/sites/default/files/lbnl-188238_0.pdf,pdf,https://www.energy.gov/cmei/systems/homeowners-guide-solar
https://betterbuildingssolutioncenter.energy.gov/sites/default/files/attachments/led-site-lighting-performance-specification.pdf,pdf,https://www.energy.gov/cmei/buildings/demonstrating-efficient-solutions-buildings-des-b
http://www1.eere.energy.gov/buildings/publications/pdfs/alliances/minimizing_reheat_guide.pdf,pdf,https://www.energy.gov/cmei/buildings/demonstrating-efficient-solutions-buildings-des-b
https://www.michigan.gov/mshda/-/media/Project/Websites/mshda/developers/lihtc/assets/lica/mshda_li_ca_22_tab_m_energy_efficient_bldg_policy_pdf.pdf?rev=aa73279b83704a54890677432c09f50e&hash=AAC716F52C9FAFF87B65E7AD85DCCF7D,pdf,https://www.energy.gov/cmei/buildings/national-regional-and-affordable-housing-incentives-doe-efficient-new-homes
https://www.energy.gov/documents/multifamily-ev-charging-guide,pdf,https://www.energy.gov/cmei/buildings/doe-efficient-new-homes-program-resources
https://www.irs.gov/pub/irs-drop/n-08-40.pdf,pdf,https://www.energy.gov/cmei/buildings/179d-commercial-building-tax-deduction-frequently-asked-questions
https://www.irs.gov/pub/irs-drop/n-12-26.pdf,pdf,https://www.energy.gov/cmei/buildings/179d-commercial-building-tax-deduction-frequently-asked-questions
https://www.irs.gov/pub/irs-drop/n-23-17.pdf,pdf,https://www.energy.gov/cmei/amo/articles/iedo-newsletter-billions-clean-energy-tax-credits-onsite-energy-technical
https://www.irs.gov/pub/irs-drop/n-23-18.pdf,pdf,https://www.energy.gov/cmei/amo/articles/iedo-newsletter-billions-clean-energy-tax-credits-onsite-energy-technical
https://www.energy.gov/documents/navarro-nevada-eps-fy24-scorecardpdf,pdf,https://www.energy.gov/emcbc/pemps-fee-determination-scorecards
https://www.nerc.com/globalassets/programs/rapa/ra/nerc_wra_2023.pdf,pdf,https://www.energy.gov/articles/energy-secretary-strengthens-midwest-grid-reliability-heading-winter-months
https://www.nerc.com/globalassets/programs/rapa/ra/nerc_wra_2024.pdf,pdf,https://www.energy.gov/articles/energy-secretary-strengthens-midwest-grid-reliability-heading-winter-months
https://www.energy.gov/sites/prod/files/2018/08/f54/np_yuma_draft_layout_8_03_18.pdf,pdf,https://www.energy.gov/cmei/systems/articles/who-uses-distributed-wind
https://www.energy.gov/documents/oceds-federal-energy-funding-rural-and-remote-areas-guide-communities,pdf,https://www.energy.gov/cmei/fuels/funding-opportunity-resources-prospective-applicants
https://www.energy.gov/hgeo/office-subsurface-energy,pdf,https://www.energy.gov/hgeo/articles/doe-signs-cooperative-agreement-new-hydrogen-power-plant
https://www.energy.gov/documents/order-addressing-arguments-raised-rehearing-202-25-7b,pdf,https://www.energy.gov/ceser/federal-power-act-section-202c-midcontinent-independent-system-operator-miso-0
https://betterbuildingssolutioncenter.energy.gov/sites/default/files/attachments/parking-structure-lighting-fact-sheet.pdf,pdf,https://www.energy.gov/cmei/buildings/demonstrating-efficient-solutions-buildings-des-b
https://www.energy.gov/management/articles/patricia-hagerty-aviation-program-analyst-bio,pdf,https://www.energy.gov/collection/filter/5041?page=35
https://www.energy.gov/documents/pp-32easternmainepdf,pdf,https://www.energy.gov/collection/view?paragraph=797388&page=13667
https://www.energy.gov/oe/articles/pp-33-rio-grande-electric-cooperative-inc,pdf,https://www.energy.gov/collection/view?paragraph=797388&page=13667
https://www.energy.gov/documents/pp-33riograndeelectricpdf,pdf,https://www.energy.gov/collection/view?paragraph=797388&page=13667
https://www.energy.gov/oha/articles/psh-13-0117-matter-personnel-security,pdf,https://www.energy.gov/oha/articles/summary-decisions-february-24-2014-february-28-2014
https://www.energy.gov/oha/articles/psh-13-0123-matter-personnel-security-hearing,pdf,https://www.energy.gov/oha/articles/summary-decisions-april-21-2014-april-25-2014
https://www.energy.gov/oha/articles/psh-13-0124-matter-personnel-security,pdf,https://www.energy.gov/oha/articles/summary-decisions-april-21-2014-april-25-2014
https://www.energy.gov/oha/articles/psh-13-0126-matter-personnel-security,pdf,https://www.energy.gov/oha/articles/summary-decisions-february-24-2014-february-28-2014
https://www.energy.gov/oha/articles/psh-13-0127-matter-personnel-security,pdf,https://www.energy.gov/oha/articles/summary-decisions-march-31-2014-april-4-2014
https://www.energy.gov/oha/articles/psh-13-0128-matter-personnel-security,pdf,https://www.energy.gov/oha/articles/summary-decisions-march-24-2014-march-28-2014
https://www.energy.gov/oha/articles/psh-13-0129-matter-personnel-security,pdf,https://www.energy.gov/oha/articles/summary-decisions-march-17-2014-march-21-2014
https://www.energy.gov/oha/articles/psh-13-0130-matter-personnel-security,pdf,https://www.energy.gov/oha/articles/summary-decisions-march-17-2014-march-21-2014
https://www.energy.gov/oha/articles/psh-13-0131-matter-personnel-security-hearing,pdf,https://www.energy.gov/oha/articles/summary-decisions-march-17-2014-march-21-2014
https://www.energy.gov/oha/articles/psh-13-0133-matter-personnel-security-hearing,pdf,https://www.energy.gov/oha/articles/summary-decisions-march-17-2014-march-21-2014
https://www.energy.gov/oha/articles/psh-13-0134-matter-personnel-security,pdf,https://www.energy.gov/oha/articles/summary-decisions-march-24-2014-march-28-2014
https://www.energy.gov/oha/articles/psh-13-0136-matter-personnel-security-hearing,pdf,https://www.energy.gov/oha/articles/summary-decisions-april-14-2014-april-18-2014
https://www.energy.gov/oha/articles/psh-14-0002-matter-personnel-security,pdf,https://www.energy.gov/oha/articles/summary-decisions-march-31-2014-april-4-2014
https://www.energy.gov/oha/articles/psh-14-0004-matter-personnel-security,pdf,https://www.energy.gov/oha/articles/summary-decisions-april-7-2014-april-11-2014
https://www.energy.gov/oha/articles/psh-14-0005-matter-personnel-security-hearing,pdf,https://www.energy.gov/oha/articles/summary-decisions-may-19-2014-may-23-2014
https://www.energy.gov/oha/articles/psh-14-0007-matter-personnel-security-hearing,pdf,https://www.energy.gov/oha/articles/summary-decisions-april-7-2014-april-11-2014
https://www.energy.gov/oha/articles/psh-14-0008-matter-personnel-security,pdf,https://www.energy.gov/oha/articles/summary-decisions-may-19-2014-may-23-2014
https://www.energy.gov/oha/articles/psh-14-0012-matter-personnel-security,pdf,https://www.energy.gov/oha/articles/summary-decisions-may-19-2014-may-23-2014
https://www.energy.gov/oha/articles/psh-14-0016-matter-personnel-security,pdf,https://www.energy.gov/oha/articles/summary-decisions-may-19-2014-may-23-2014
https://www.energy.gov/oha/articles/psh-14-0019-matter-personnel-security-hearing,pdf,https://www.energy.gov/oha/articles/summary-decisions-may-19-2014-may-23-2014
https://www.energy.gov/oha/articles/psh-14-0022-matter-personnel-security,pdf,https://www.energy.gov/oha/articles/summary-decisions-may-19-2014-may-23-2014
https://www.energy.gov/oha/articles/psh-14-0023-matter-personnel-security,pdf,https://www.energy.gov/oha/articles/summary-decisions-may-19-2014-may-23-2014
https://www.energy.gov/oha/articles/psh-14-0032-matter-personnel-security,pdf,https://www.energy.gov/oha/articles/summary-decisions-may-26-2014-may-30-2014
https://www.energy.gov/oha/articles/psh-14-0076-matter-personnel-security,pdf,https://www.energy.gov/oha/articles/summary-decisions-november-10-2014-november-14-2014
https://www.energy.gov/oha/articles/psh-15-0003-matter-personnel-security-hearing,pdf,https://www.energy.gov/oha/articles/summary-decisions-july-13-2015-july-17-2015
https://www.energy.gov/oha/articles/psh-15-0021-matter-personnel-security-hearing,pdf,https://www.energy.gov/oha/articles/summary-decisions-july-13-2015-july-17-2015
https://www.energy.gov/oha/articles/psh-15-0041-matter-personnel-security-hearing,pdf,https://www.energy.gov/oha/articles/summary-decisions-august-31-2015-september-4-2015
https://www.energy.gov/oha/articles/psh-15-0047-matter-personnel-security-hearing,pdf,https://www.energy.gov/oha/articles/summary-decisions-september-7-2015-september-11-2015
https://www.energy.gov/oha/articles/psh-15-0053-matter-personnel-security-hearing,pdf,https://www.energy.gov/oha/articles/summary-decisions-october-12-2015-october-16-2015
https://www.energy.gov/oha/articles/psh-15-0060-matter-personnel-security-hearing,pdf,https://www.energy.gov/oha/articles/summary-decisions-october-12-2015-october-16-2015
https://www.energy.gov/sites/default/files/2016/11/f34/qs_TRACE%20700%20v6.3.3%202016_0.pdf,pdf,https://www.energy.gov/cmei/buildings/qualified-software-calculating-commercial-building-tax-deductions
http://www1.eere.energy.gov/buildings/commercial/pdfs/sash_management_guide.pdf,pdf,https://www.energy.gov/cmei/buildings/demonstrating-efficient-solutions-buildings-des-b
https://www1.eere.energy.gov/solar/pdfs/soft_cost_incubator_2012.pdf,pdf,https://www.energy.gov/cmei/systems/articles/energy-department-announces-sunshot-startup-investments-and-competition
https://eta-publications.lbl.gov/sites/default/files/solar-adopter_income_trends_final_0.pdf,pdf,https://www.energy.gov/cmei/systems/homeowners-guide-solar
https://www.energy.gov/documents/stock-act-notification-form-2025-updated-fillable-pdf,pdf,https://www.energy.gov/gc/ethics-forms-doe-employees
https://www.nj.gov/dca/hmfa/developers/docs/lihtc/green/tc_green_qap_green_requirements.pdf,pdf,https://www.energy.gov/cmei/buildings/national-regional-and-affordable-housing-incentives-doe-efficient-new-homes
http://www1.eere.energy.gov/buildings/publications/pdfs/alliances/ulf_freezer_user_guide.pdf,pdf,https://www.energy.gov/cmei/buildings/demonstrating-efficient-solutions-buildings-des-b
https://betterbuildingssolutioncenter.energy.gov/sites/default/files/attachments/ultra-low-temperature-laboratory-freezers.pdf,pdf,https://www.energy.gov/cmei/buildings/demonstrating-efficient-solutions-buildings-des-b
https://www.mnhousing.gov/documents/52120/2026-2027-self-scoring-worksheet_final/view,pdf,https://www.energy.gov/cmei/buildings/national-regional-and-affordable-housing-incentives-doe-efficient-new-homes
https://www.energy.gov/oha/articles/wba-13-0011-matter-alison-marschman,pdf,https://www.energy.gov/oha/articles/summary-decisions-july-28-2014-august-1-2014
https://www.energy.gov/oha/articles/wba-13-0015-matter-sherrie-walker,pdf,https://www.energy.gov/oha/articles/summary-decisions-may-19-2014-may-23-2014
https://www.energy.gov/oha/articles/wbu-13-0003-matter-cassondra-b-stark,pdf,https://www.energy.gov/oha/articles/summary-decisions-march-25-2013-march-29-2013
https://www.energy.gov/oha/articles/wbu-14-0005-matter-frank-t-clark,pdf,https://www.energy.gov/oha/articles/summary-decisions-march-24-2014-march-28-2014
https://www.energy.gov/gc/articles/what-foia,pdf,https://www.energy.gov/gc/freedom-information-act
