url,type,referer
https://www.hamilton.ca,page,
https://www.hamilton.ca/people-programs/inclusion-diversity-equity-accessibility/indigenous-relations/indigenous-landmarks,page,
https://www.hamilton.ca/people-programs/inclusion-diversity-equity-accessibility/indigenous-relations/urban-indigenous-0,page,
https://www.hamilton.ca/people-programs/inclusion-diversity-equity-accessibility/indigenous-relations/urban-indigenous,page,
https://www.hamilton.ca/people-programs/inclusion-diversity-equity-accessibility/indigenous-relations/land-acknowledgement,page,
https://www.hamilton.ca/people-programs/inclusion-diversity-equity-accessibility/indigenous-relations/indigenous-dates-0,page,
https://www.hamilton.ca/people-programs/inclusion-diversity-equity-accessibility/indigenous-relations/indigenous-dates-7,page,
https://www.hamilton.ca/people-programs/inclusion-diversity-equity-accessibility/indigenous-relations/indigenous-dates-6,page,
https://www.hamilton.ca/people-programs/inclusion-diversity-equity-accessibility/indigenous-relations/indigenous-dates-5,page,
https://www.hamilton.ca/people-programs/inclusion-diversity-equity-accessibility/indigenous-relations/indigenous-dates-2,page,
https://www.hamilton.ca/people-programs/inclusion-diversity-equity-accessibility/indigenous-relations/indigenous-dates-9,page,
https://www.hamilton.ca/people-programs/inclusion-diversity-equity-accessibility/indigenous-relations/indigenous-dates-4,page,
https://www.hamilton.ca/people-programs/inclusion-diversity-equity-accessibility/indigenous-relations/indigenous-dates-3,page,
https://www.hamilton.ca/privacy,page,
https://www.hamilton.ca/terms-use,page,
https://www.hamilton.ca/things-do/festivals-events/events-calendar/art-crawl-james-north-0,page,
https://www.hamilton.ca/things-do/festivals-events/events-calendar/music-waterfront-4,page,
https://www.hamilton.ca/things-do/festivals-events/events-calendar/arts-awards-ceremony-and-celebration,page,
https://www.hamilton.ca/things-do/festivals-events/events-calendar/salsa-waterfront-2026-4,page,
https://www.hamilton.ca/accessibility,page,
https://www.hamilton.ca/refund-policy,page,
https://www.hamilton.ca/things-do/festivals-events/events-calendar/afrojazz-fest-hamilton,page,
https://www.hamilton.ca/things-do/festivals-events/events-calendar/dundas-live-and-local-something-every-saturday-1,page,
https://www.hamilton.ca/photo-submission-agreement,page,
https://www.hamilton.ca/dispute-process,page,
https://www.hamilton.ca/disclaimer,page,
https://www.hamilton.ca/acceptable-use-agreement-0,page,
https://www.hamilton.ca/personal-health-information,page,
https://www.hamilton.ca/city-council/news-notices/news-releases/city-hamilton-announces-city-manager-transition,page,
https://www.hamilton.ca/city-council/news-notices/news-releases/cancellation-extended-heat-warning-0,page,
https://www.hamilton.ca/city-council/news-notices/news-releases/fire-department-donates-two-surplus-trucks-use-indigenous,page,
https://www.hamilton.ca/city-council/news-notices/news-releases/intention-designate-215-king-street-west-dundas,page,
https://www.hamilton.ca/city-council/plans-strategies/strategies/youth-strategy/xperience-annex-youth-support-hamilton,page,
https://www.hamilton.ca/city-council/plans-strategies/strategies/youth-strategy/hamontyouth-steering-committee-under-18,page,
https://www.hamilton.ca/city-council/news-notices/news-releases/passing-by-law-designate-460-concession-st-hamilton,page,
https://www.hamilton.ca/city-council/plans-strategies/strategies/youth-strategy/hamontyouth-steering-committee-18,page,
https://www.hamilton.ca/city-council/plans-strategies/strategies/youth-strategy,page,
https://www.hamilton.ca/city-council/plans-strategies/strategies/user-fee-framework,page,
https://www.hamilton.ca/city-council/plans-strategies/strategies/tourism-hamilton-strategy,page,
https://www.hamilton.ca/city-council/plans-strategies/strategies/rzone-respectful-environments/rzone-incident-reporting,page,
https://www.hamilton.ca/city-council/news-notices/news-releases/vibrant-summer-returns-king-william-street,page,
https://www.hamilton.ca/city-council/plans-strategies/strategies/rzone-respectful-environments,page,
https://www.hamilton.ca/youth-newsletter-sign-form,page,
https://www.hamilton.ca/city-council/news-notices/news-releases/extended-heat-warning-notification-hamilton-effective-july,page,
https://www.hamilton.ca/city-council/plans-strategies/strategies/our-future-hamilton,page,
https://www.hamilton.ca/city-council/plans-strategies/strategies/neighbourhood-development,page,
https://www.hamilton.ca/city-council/plans-strategies/strategies/hamilton-food-strategy,page,
https://www.hamilton.ca/city-council/plans-strategies/strategies/hamilton-drug-strategy,page,
https://www.hamilton.ca/city-council/news-notices/news-releases/growing-connected-infrastructure-improvements-main-and,page,
https://www.hamilton.ca/city-council/plans-strategies/strategies/hamilton-civic-museum-strategy,page,
https://www.hamilton.ca/city-council/plans-strategies/strategies/engaging-your-city/public-engagement,page,
https://www.hamilton.ca/city-council/plans-strategies/strategies/engaging-your-city/community-engagement,page,
https://www.hamilton.ca/city-council/news-notices/news-releases/heat-warning-notification-hamilton-effective-june-30-2026,page,
https://www.hamilton.ca/city-council/news-notices/news-releases/public-health-declares-end-legionellosis-outbreak,page,
https://www.hamilton.ca/city-council/news-notices/news-releases/complete-application-140-glen-echo-drive-hamilton,page,
https://www.hamilton.ca/city-council/news-notices/news-releases/public-health-investigating-confirmed-legionellosis-cases,page,
https://www.hamilton.ca/city-council/plans-strategies/strategies/engaging-your-city,page,
https://www.hamilton.ca/city-council/plans-strategies/strategies/digital-strategy/myhamiltonca-portal,page,
https://www.hamilton.ca/city-council/plans-strategies/strategies/digital-strategy,page,
https://www.hamilton.ca/city-council/plans-strategies/strategies/customer-experience-strategy,page,
https://www.hamilton.ca/city-council/plans-strategies/strategies/corporate-asset-management,page,
https://www.hamilton.ca/city-council/plans-strategies/strategies/consumption-and-treatment-services,page,
https://www.hamilton.ca/city-council/news-notices/news-releases/public-meeting-273-277-279-east-ave-n-hamilton,page,
https://www.hamilton.ca/city-council/news-notices/news-releases/hamilton-advances-freshwater-trade-great-lakes-conference,page,
https://www.hamilton.ca/city-council/plans-strategies/strategies/connected-communities,page,
https://www.hamilton.ca/city-council/plans-strategies/strategies/community-safety-and-well-being-plan/hamiltons-child-and,page,
https://www.hamilton.ca/city-council/plans-strategies/strategies/community-safety-and-well-being-plan,page,
https://www.hamilton.ca/myhamilton-portal-faqs,page,
https://www.hamilton.ca/city-council/news-notices/news-releases/city-crews-fill-over-2000-potholes-single-day,page,
https://www.hamilton.ca/city-council/news-notices/news-releases/powell-park-community-garden-temporarily-closed,page,
https://www.hamilton.ca/city-council/news-notices/news-releases/city-investing-over-150-million-2026-repair-and-renew-roads,page,
https://www.hamilton.ca/city-council/news-notices/news-releases/city-currently-monitoring-high-lake-ontario-water-levels,page,
https://www.hamilton.ca/city-council/news-notices/news-releases/ipv-vaccine-supply-shortage,page,
https://www.hamilton.ca/city-council/news-notices/news-releases/city-adopts-2026-tax-budget-focused-affordability,page,
https://www.hamilton.ca/city-council/news-notices/news-releases/mmr-v-vaccine-supply-shortage,page,
https://www.hamilton.ca/city-council/news-notices/news-releases/cold-weather-alert-cancelled-march-2-2026,page,
https://www.hamilton.ca/city-council/news-notices/news-releases/intention-designate-460-concession-street-hamilton,page,
https://www.hamilton.ca/city-council/news-notices/news-releases/public-meeting-2018-wilson-street-west-ancaster,page,
https://www.hamilton.ca/city-council/news-notices/news-releases/ongoing-investigation-outbreak-stoney-creek-restaurant,page,
https://www.hamilton.ca/city-council/news-notices/news-releases/cold-weather-alert-march-1-2026,page,
https://www.hamilton.ca/city-council/news-notices/news-releases/passing-by-law-designate-440-victoria-avenue-north-hamilton,page,
https://www.hamilton.ca/city-council/news-notices/news-releases/free-and-seasonal-summer-programs-return-across-hamilton,page,
https://www.hamilton.ca/city-council/news-notices/news-releases/prioritizing-accessibility-2026-municipal-election,page,
https://www.hamilton.ca/city-council/news-notices/news-releases/passing-by-law-designate-880-centre-road-flamborough,page,
https://www.hamilton.ca/city-council/news-notices/news-releases/medical-advisory-rabies-post-exposure-prophylaxis-rpep,page,
https://www.hamilton.ca/city-council/news-notices/news-releases/city-and-french-public-and-catholic-school-boards-sign-land,page,
https://www.hamilton.ca/city-council/news-notices/news-releases/public-meeting-471-moxley-road-flamborough,page,
https://www.hamilton.ca/city-council/news-notices/news-releases/cold-weather-alert-february-23-2026,page,
https://open.hamilton.ca/maps/d99a1dbd4f3f47b6ac3f19b2761bdf0c_15,page,
https://www.hamilton.ca/city-council/news-notices/news-releases/help-shape-future-customer-experience-hamilton,page,
https://www.hamilton.ca/city-council/news-notices/news-releases/improving-safety-supporting-community-temporary-closures,page,
https://www.hamilton.ca/city-council/news-notices/news-releases/hamilton-recognized-fourth-consecutive-year-tree-city-world,page,
https://www.hamilton.ca/city-council/news-notices/news-releases/city-condemns-alleged-hate-motivated-protest-city-hall,page,
https://www.hamilton.ca/city-council/news-notices/news-releases/new-maintenance-and-storage-facility-strengthens-transit,page,
https://www.hamilton.ca/city-council/news-notices/news-releases/city-council-concludes-review-2026-proposed-tax-budget,page,
https://www.hamilton.ca/city-council/news-notices/news-releases/complete-application-520-highway-no-8-stoney-creek,page,
https://www.hamilton.ca/city-council/news-notices/news-releases/water-billing-underway-residents-and-businesses-receive,page,
https://www.hamilton.ca/environmental-assessments/hamilton-transit-bus-maintenance-storage-facility-design,page,
https://www.hamilton.ca/city-council/news-notices/news-releases/something-new-blooming-spring-discovery-days,page,
https://www.hamilton.ca/city-council/news-notices/news-releases/complete-application-279-277-273-east-ave-n-hamilton,page,
https://www.hamilton.ca/city-council/news-notices/news-releases/mayor-andrea-horwath-invites-residents-share-their,page,
https://www.hamilton.ca/city-council/news-notices/news-releases/enhanced-provincial-surveillance-candida-auris-colonization,page,
https://www.hamilton.ca/city-council/news-notices/news-releases/public-meeting-adopt-melville-park-west-hcd-plan,page,
https://www.hamilton.ca/city-council/news-notices/news-releases/city-hamilton-announces-extended-alcohol-service-hours-2026,page,
https://www.hamilton.ca/city-council/news-notices/news-releases/investing-hamiltons-roads-and-community-0,page,
https://www.hamilton.ca/city-council/news-notices/news-releases/intention-designate-71-claremont-drive-hamilton,page,
https://www.hamilton.ca/city-council/news-notices/news-releases/auditor-general-completes-audit-temporary-shelters,page,
https://www.hamilton.ca/city-council/news-notices/news-releases/city-hamilton-shares-2026-budget-outlook-plan-community,page,
https://www.hamilton.ca/city-council/news-notices/news-releases/intention-designate-properties-hamilton,page,
https://www.hamilton.ca/city-council/news-notices/news-releases/enjoy-nature-and-connect-community-spring-park,page,
https://www.hamilton.ca/city-council/news-notices/news-releases/hamilton-water-billing-moving-city-no-changes-service-or,page,
https://www.hamilton.ca/city-council/plans-strategies/strategies/archaeology-management-plan,page,
https://www.hamilton.ca/city-council/plans-strategies/strategies/2016-2025-strategic-plan,page,
https://www.hamilton.ca/city-council/plans-strategies/strategies/10-year-downtown-hamilton-revitalization-strategy,page,
https://www.hamilton.ca/city-council/news-notices/news-releases/cold-weather-alert-cancelled-february-9-2026,page,
https://www.hamilton.ca/city-council/news-notices/news-releases/ontarios-2025-2026-rsv-prevention-program-infant-older,page,
https://www.hamilton.ca/city-council/news-notices/news-releases/ebola-preparedness,page,
https://www.hamilton.ca/city-council/news-notices/news-releases/improving-safety-supporting-community-temporary-closures-2,page,
https://www.hamilton.ca/city-council/plans-strategies/strategies,page,
https://www.hamilton.ca/city-council/news-notices/news-releases/complete-application-471-moxley-road-flamborough,page,
https://www.hamilton.ca/city-council/news-notices/news-releases/statement-mayor-horwath-regarding-2026-budget-process,page,
https://www.hamilton.ca/city-council/news-notices/news-releases/permanently-close-portion-untravelled-road-allowance-known,page,
https://www.hamilton.ca/city-council/news-notices/news-releases/study-completion-safari-rd-ea,page,
https://www.hamilton.ca/city-council/news-notices/news-releases/cold-weather-alert-february-6-2026,page,
https://storymaps.arcgis.com/stories/6ffc00d6b0a84b339652887bdc577821,page,
https://www.hamilton.ca/city-council/news-notices/news-releases/investing-roads-and-communities-pave-way-lrt,page,
https://www.hamilton.ca/city-council/news-notices/news-releases/our-future-downtown-hamiltons-10-year-downtown,page,
https://www.hamilton.ca/city-council/news-notices/news-releases/deadline-extended-may-15-hamilton-homeowners-must-complete,page,
https://www.hamilton.ca/city-council/news-notices/news-releases/city-celebrates-grand-opening-magnolia-hall,page,
https://www.hamilton.ca/city-council/news-notices/news-releases/study-completion-highway-52-powerline-road-west-ea,page,
https://www.hamilton.ca/environmental-assessments/safari-road-kirkwall-road-valens-road,page,
https://www.arcgis.com/sharing/rest/oauth2/authorize?client_id=arcgisstorymaps&response_type=token&expiration=20160&redirect_uri=https%3A%2F%2Fstorymaps.arcgis.com%2Foauth-callback%3FreturnURL%3D%252Fstories%252F23f6aced4ebc4078a52bc1ff5471004f&hideCancel=true&showSignupOption=true&force_login=true&canHandleCrossOrgSignin=true,page,
https://www.hamilton.ca/city-council/news-notices/news-releases/city-offering-additional-drop-clinics-2025-vacant-unit-tax,page,
https://www.hamilton.ca/city-council/news-notices/news-releases/bus-news-spring-2026,page,
https://www.hamilton.ca/city-council/news-notices/news-releases/covid-19-kp2-vaccine-market-withdrawal,page,
https://www.hamilton.ca/city-council/news-notices/news-releases/confirmed-foodborne-illness-outbreak-piper-arms-stoney,page,
https://www.hamilton.ca/city-council/news-notices/news-releases/enactment-municipal-act-charges-by-law,page,
https://www.hamilton.ca/city-council/news-notices/news-releases/city-advances-climate-action-new-carbon-budget-and,page,
https://www.hamilton.ca/city-council/news-notices/news-releases/study-commencement-pic-1-safari-rd-ea,page,
https://www.hamilton.ca/city-council/news-notices/news-releases/pic-2-safari-rd-ea,page,
https://www.hamilton.ca/city-council/news-notices/news-releases/hamilton-homeowners-reminded-complete-vacant-unit-tax,page,
https://www.hamilton.ca/city-council/news-notices/news-releases/more-450-hamilton-community-programs-share-nearly-7m-2026,page,
https://www.hamilton.ca/city-council/news-notices/news-releases/permanently-close-portion-alleyway-abutting-39-grosvenor,page,
https://www.hamilton.ca/city-council/news-notices/news-releases/passing-by-laws-designate-properties-hamilton-dundas,page,
https://www.hamilton.ca/city-council/news-notices/news-releases/city-launches-stormwater-incentive-program-and-fee,page,
https://www.hamilton.ca/city-council/news-notices/news-releases/eastern-equine-encephalitis-virus-reported-hamilton,page,
https://www.hamilton.ca/city-council/news-notices/news-releases/pic-2-glancaster-road-improvements-ea,page,
https://www.hamilton.ca/city-council/news-notices/news-releases/statement-mayor-horwath-regarding-chml,page,
https://www.hamilton.ca/city-council/news-notices/news-releases/hamilton-fire-department-lift-ban-open-air-burning-0,page,
https://www.hamilton.ca/city-council/news-notices/news-releases/city-hamilton-and-hamilton-waterfront-trust-working,page,
https://www.hamilton.ca/city-council/news-notices/news-releases/demolition-jamesville-set-begin-september-8,page,
https://www.hamilton.ca/city-council/news-notices/news-releases/complete-application-388-392-concession-st-and-15-19-east,page,
https://www.hamilton.ca/environmental-assessments/glancaster-road-improvements-dickenson-rd-garner-rd,page,
https://www.hamilton.ca/city-council/news-notices/news-releases/first-horse-case-eee-virus-reported-hamilton-2019,page,
https://www.hamilton.ca/city-council/news-notices/news-releases/city-hamilton-confirms-first-case-bat-rabies-2024,page,
https://www.hamilton.ca/city-council/news-notices/news-releases/hamiltons-temporary-barton-tiffany-shelter-site-reaches,page,
https://www.hamilton.ca/city-council/news-notices/news-releases/city-prepares-back-school-season,page,
https://www.hamilton.ca/city-council/news-notices/news-releases/mayor-statement-regarding-405-james-street-north-jamesville,page,
https://www.hamilton.ca/city-council/news-notices/news-releases/public-health-confirms-first-cases-bat-rabies-2026,page,
https://www.hamilton.ca/city-council/news-notices/news-releases/first-human-case-west-nile-virus-reported-season,page,
https://www.hamilton.ca/city-council/news-notices/news-releases/bus-news-fall-2024,page,
https://www.hamilton.ca/city-council/news-notices/news-releases/city-recognized-open-data-accessibility-award,page,
https://www.hamilton.ca/city-council/news-notices/news-releases/bus-news-summer-2026,page,
https://www.hamilton.ca/city-council/news-notices/news-releases/city-transforming-streets-destinations-king-william-street,page,
https://www.hamilton.ca/city-council/news-notices/news-releases/city-seeks-provincial-support-key-community-priorities-amo,page,
https://www.hamilton.ca/city-council/news-notices/news-releases/medical-advisory-bat-exposure-criteria-reminder-rabies-post,page,
https://www.hamilton.ca/city-council/news-notices/news-releases/study-commencement-pic-1-glancaster-road-improvements,page,
https://www.hamilton.ca/city-council/news-notices/news-releases/pic-2-garner-road-ea,page,
https://www.hamilton.ca/city-council/news-notices/news-releases/intention-designate-1175-main-st-e-801-dunsmure-rd,page,
https://www.hamilton.ca/city-council/news-notices/news-releases/leadership-change-within-citys-planning-and-economic,page,
https://www.hamilton.ca/city-council/news-notices/news-releases/heat-warning-notification-hamilton-effective-july-11-2025,page,
https://www.hamilton.ca/city-council/news-notices/news-releases/cancellation-extended-heat-warning-issued-august-11-2025,page,
https://www.hamilton.ca/city-council/news-notices/news-releases/city-hamilton-receives-2022-open-data-award,page,
https://www.hamilton.ca/city-council/news-notices/news-releases/city-launches-initiatives-boost-housing,page,
https://www.hamilton.ca/city-council/news-notices/news-releases/cancellation-heat-warning-issued-july-31-2024,page,
https://www.hamilton.ca/city-council/news-notices/news-releases/permanently-close-portion-untravelled-road-allowance-0,page,
https://www.hamilton.ca/city-council/news-notices/news-releases/nominations-open-hamiltons-3rd-annual-accessibility-awards,page,
https://www.hamilton.ca/city-council/news-notices/news-releases/citys-office-auditor-general-completes-audit-red-hill,page,
https://www.hamilton.ca/city-council/news-notices/news-releases/investing-hamiltons-roads-and-community,page,
https://www.hamilton.ca/city-council/news-notices/news-releases/2024-art-crawl-road-closures-and-impacts,page,
https://www.hamilton.ca/city-council/news-notices/news-releases/heat-warning-notification-hamilton-effective-july-31-2024,page,
https://www.hamilton.ca/city-council/news-notices/news-releases/city-hamilton-appeal-amended-mecp-order-chedoke-creek,page,
https://www.hamilton.ca/city-council/news-notices/news-releases/city-joins-bloomberg-harvard-city-program-transform,page,
https://www.hamilton.ca/city-council/news-notices/news-releases/new-online-tools-help-hamilton-voters-prepare-municipal,page,
https://www.hamilton.ca/city-council/news-notices/news-releases/hamilton-homeowners-help-strengthen-housing-supply-strong,page,
https://www.hamilton.ca/city-council/news-notices/news-releases/citys-red-hill-family-centre-committed-high-quality-care,page,
https://www.hamilton.ca/city-council/news-notices/news-releases/immediate-ban-all-open-air-burning-city-hamilton-0,page,
https://www.hamilton.ca/city-council/news-notices/news-releases/city-hamilton-steps-united-way,page,
https://www.hamilton.ca/city-council/news-notices/news-releases/permanently-close-portion-upper-centennial-pkwy-regional-rd,page,
https://www.hamilton.ca/city-council/news-notices/news-releases/annual-spring-tide-bulb-show-kicks-weekend-gage-park,page,
https://www.hamilton.ca/city-council/news-notices/news-releases/passing-by-laws-designate-85-king-st-e-223-governors-rd,page,
https://www.hamilton.ca/city-council/news-notices/news-releases/city-advising-traffic-impacts-advance-highway-403-1,page,
https://www.hamilton.ca/city-council/news-notices/news-releases/passing-by-law-designate-melville-park-west-heritage,page,
https://www.hamilton.ca/city-council/news-notices/news-releases/final-study-report-fruitland-winona-secondary-plan-area,page,
https://www.hamilton.ca/city-council/news-notices/news-releases/city-encourages-residents-participate-ward-8-by-election,page,
https://www.hamilton.ca/city-council/news-notices/news-releases/increased-risk-west-nile-virus-hamilton-5,page,
https://www.hamilton.ca/city-council/news-notices/news-releases/eastbound-road-closure-garner-rd-between-kitty-murray,page,
https://www.hamilton.ca/city-council/news-notices/news-releases/lets-get-digital-city-hamilton-launches-first-digital,page,
https://www.hamilton.ca/city-council/news-notices/news-releases/study-completion-rymal-road-ea,page,
https://www.hamilton.ca/city-council/news-notices/news-releases/bivalent-covid-19-booster-now-available-all-hamiltonians-18,page,
https://www.hamilton.ca/city-council/news-notices/news-releases/passing-by-law-designate-200-main-street-east-hamilton,page,
https://www.hamilton.ca/city-council/news-notices/news-releases/city-hamilton-and-howea-workers-reach-tentative-deal,page,
https://www.hamilton.ca/city-council/news-notices/news-releases/city-create-faster-and-bolder-climate-action-strategy,page,
https://www.hamilton.ca/city-council/news-notices/news-releases/city-hamilton-receives-award-2024-budget,page,
https://www.hamilton.ca/city-council/news-notices/news-releases/hamilton-public-health-investigating-confirmed-cases,page,
https://www.hamilton.ca/environmental-assessments/block-servicing-strategies-stoney-creek-and-gordon-dean,page,
https://www.hamilton.ca/city-council/news-notices/news-releases/city-begin-installing-new-truck-route-signage-next-week,page,
https://www.hamilton.ca/city-council/news-notices/news-releases/bus-news-spring-2025,page,
https://www.hamilton.ca/environmental-assessments/rymal-road-upper-james-street-dartnall-road,page,
https://www.hamilton.ca/city-council/news-notices/news-releases/investing-hamiltons-roads-community-pave-way-lrt-support,page,
https://www.hamilton.ca/city-council/news-notices/news-releases/extended-heat-warning-notification-hamilton-effective,page,
https://www.hamilton.ca/city-council/howea-labour-disruption-updates,page,
https://www.hamilton.ca/city-council/news-notices/news-releases/intention-designate-291-king-street-west-dundas,page,
https://www.hamilton.ca/city-council/news-notices/news-releases/citylab-hamilton-mohawk-college-receive-national-award,page,
https://www.hamilton.ca/city-council/news-notices/news-releases/city-hamilton-ends-significant-weather-event-declaration,page,
https://www.hamilton.ca/city-council/news-notices/news-releases/request-repeal-designation-former-troy-school,page,
https://www.hamilton.ca/city-council/news-notices/news-releases/cancellation-heat-warning-issued-july-5-2025,page,
https://www.hamilton.ca/city-council/news-notices/news-releases/heat-warning-notification-hamilton-effective-august-9-2025,page,
https://www.hamilton.ca/city-council/news-notices/news-releases/notice-infrastructure-work-lake-ontario,page,
https://www.hamilton.ca/city-council/news-notices/news-releases/cybersecurity-update-city-job-postings-resume,page,
https://www.hamilton.ca/city-council/news-notices/news-releases/citys-core-services-continue-uninterrupted-howea-takes,page,
https://www.hamilton.ca/city-council/news-notices/news-releases/city-remains-committed-negotiations-howea,page,
https://www.hamilton.ca/city-council/news-notices/news-releases/statement-mayor-andrea-horwath-water-safety-during-labour,page,
https://www.hamilton.ca/city-council/news-notices/news-releases/statement-city-manager-cluckie-howea-labour-disruption,page,
https://www.hamilton.ca/city-council/news-notices/news-releases/city-hamilton-declaring-significant-weather-event-march-3,page,
https://www.hamilton.ca/city-council/news-notices/news-releases/city-experiencing-snowfall-transitioning-heavy-rainfall,page,
https://www.hamilton.ca/city-council/news-notices/news-releases/ministry-review-confirms-no-issues-citys-water-quality-and,page,
https://www.hamilton.ca/city-council/news-notices/news-releases/statement-city-manager-howea-labour-disruption,page,
https://www.hamilton.ca/city-council/news-notices/news-releases/heat-warning-notification-hamilton-effective-july-5-2025,page,
https://www.hamilton.ca/city-council/news-notices/news-releases/blue-green-algae-confirmed-pier-4-park-beach-0,page,
https://www.hamilton.ca/city-council/news-notices/news-releases/intention-designate-1166-garner-road-west-ancaster-shaver,page,
https://www.hamilton.ca/city-council/news-notices/news-releases/covid-19-spring-campaign-2025,page,
https://www.hamilton.ca/city-council/news-notices/news-releases/intention-designate-340-dundas-st-e-flamborough-eager-house,page,
https://www.hamilton.ca/city-council/news-notices/news-releases/revised-schedule-annual-linc-maintenance-now-set-june-13-16,page,
https://www.hamilton.ca/city-council/news-notices/news-releases/notice-pic-2-twenty-road-east-and-upper-red-hill-valley,page,
https://www.hamilton.ca/city-council/news-notices/news-releases/city-hamilton-responding-urgent-erosion-concerns-claremont,page,
https://www.hamilton.ca/city-council/news-notices/news-releases/public-meeting-framework-processing-evaluating-urban,page,
https://www.hamilton.ca/city-council/news-notices/news-releases/improving-safety-supporting-community-investing-hamiltons-0,page,
https://www.hamilton.ca/city-council/news-notices/news-releases/intention-designate-165-191-195-205-king-st-e-copp-block,page,
https://www.hamilton.ca/city-council/news-notices/news-releases/hometown-hero-honoured-shai-gilgeous-alexander-receives-key,page,
https://www.hamilton.ca/city-council/news-notices/news-releases/intention-designate-419-wilson-street-east-ancaster-masonic,page,
https://www.hamilton.ca/city-council/news-notices/news-releases/permanently-close-portion-road-allowance-between-75-83,page,
https://www.hamilton.ca/city-council/news-notices/news-releases/hamiltons-inaugural-accessibility-awards,page,
https://www.hamilton.ca/city-council/news-notices/news-releases/city-earns-tree-city-world-third-year,page,
https://www.hamilton.ca/city-council/news-notices/news-releases/passing-by-law-designate-1175-main-st-east-801-dunsmure-rd,page,
https://www.hamilton.ca/city-council/news-notices/news-releases/city-preparing-freezing-rain-over-weekend,page,
https://www.hamilton.ca/city-council/news-notices/news-releases/citys-implementation-early-learning-child-care-plan,page,
https://www.hamilton.ca/city-council/news-notices/council-communication-updates?department=45,page,
https://www.hamilton.ca/city-council/news-notices/news-releases/cancellation-extended-heat-warning-issued-june-24-2025,page,
https://www.hamilton.ca/city-council/news-notices/news-releases/red-hill-valley-parkway-survey-work-and-maintenance,page,
https://www.hamilton.ca/city-council/news-notices/news-releases/city-taking-critical-action-effort-support-building-homes,page,
https://www.hamilton.ca/city-council/news-notices/news-releases/intention-designate-380-386-wilson-street-east-ancaster,page,
https://www.hamilton.ca/city-council/news-notices/news-releases/medical-advisory-candida-auris-clinical-infections,page,
https://www.hamilton.ca/city-council/news-notices/news-releases/city-celebrate-nba-superstar-shai-gilgeous-alexander,page,
https://www.hamilton.ca/city-council/news-notices/news-releases/intention-designate-252-caroline-street-south-hamilton,page,
https://www.hamilton.ca/city-council/news-notices/news-releases/city-making-progress-red-hill-valley-parkway-action-plan,page,
https://www.hamilton.ca/city-council/news-notices/news-releases/city-auditor-releases-third-fraud-and-waste-annual-report,page,
https://www.hamilton.ca/city-council/news-notices/news-releases/city-hamilton-congratulates-shai-gilgeous-alexander-being,page,
https://www.hamilton.ca/city-council/news-notices/news-releases/get-ready-summer-open-pools-free-activities-more,page,
https://www.hamilton.ca/city-council/news-notices/news-releases/cef-celebrates-10-years-invests-79-million-435-local,page,
https://www.hamilton.ca/city-council/news-notices/news-releases/city-steps-support-local-jobs-and-canadian-economy,page,
https://www.hamilton.ca/city-council/news-notices/news-releases/city-steps-advance-jamesville-redevelopment-project,page,
https://www.hamilton.ca/city-council/news-notices/news-releases/statement-mayor-andrea-horwath-closure-arcelormittal-long,page,
https://www.hamilton.ca/city-council/news-notices/news-releases/notice-study-commencement-pic-1-chedoke-creek-watershed,page,
https://www.hamilton.ca/city-council/news-notices/news-releases/citys-office-auditor-general-completes-audit-city-transfer,page,
https://www.hamilton.ca/city-council/news-notices/news-releases/study-commencement-pic-1-highway-52-powerline-road-west-ea,page,
https://www.hamilton.ca/city-council/news-notices/council-communication-updates?department=45&page=47,page,
https://www.hamilton.ca/city-council/news-notices/news-releases/lets-connect-hamilton-we-want-hear-you-city-services-and,page,
https://www.hamilton.ca/city-council/news-notices/news-releases/city-surpasses-1-billion-construction-value-record-time,page,
https://www.hamilton.ca/city-council/news-notices/news-releases/vacant-unit-tax-program-achieves-96-declaration-rate-thanks,page,
https://www.hamilton.ca/city-council/news-notices/council-communication-updates?department=45&page=4,page,
https://www.hamilton.ca/city-council/news-notices/news-releases/bus-news-fall-2025,page,
https://www.hamilton.ca/city-council/news-notices/news-releases/citys-new-vacant-unit-tax-by-law-aims-increase-housing,page,
https://www.hamilton.ca/city-council/news-notices/news-releases/mayors-statement-405-james-st-n-jamesville-development,page,
https://www.hamilton.ca/city-council/news-notices/news-releases/intention-designate-2-hatt-street-dundas,page,
https://www.hamilton.ca/city-council/news-notices/news-releases/cancellation-extended-heat-warning-issued-july-13-2025,page,
https://www.hamilton.ca/city-council/news-notices/news-releases/mayor-andrea-horwath-receiving-treatment-following-injury,page,
https://www.hamilton.ca/city-council/news-notices/council-communication-updates?department=45&page=3,page,
https://www.hamilton.ca/city-council/news-notices/news-releases/changes-hamiltons-blue-box-program-begin-april-1-2025,page,
https://www.hamilton.ca/city-council/news-notices/council-communication-updates?department=45&page=45,page,
https://www.hamilton.ca/city-council/news-notices/news-releases/city-hamilton-and-hamilton-burlington-spca-solidify-long,page,
https://www.hamilton.ca/city-council/news-notices/news-releases/extended-heat-warning-hamilton-effective-june-24-2025,page,
https://www.hamilton.ca/city-council/news-notices/council-communication-updates?department=45&page=6,page,
https://www.hamilton.ca/city-council/news-notices/news-releases/cybersecurity-update-city-provides-more-incident-details,page,
https://www.hamilton.ca/city-council/news-notices/council-communication-updates?department=45&page=5,page,
https://www.hamilton.ca/city-council/news-notices/news-releases/bus-news-spring-2024,page,
https://www.hamilton.ca/city-council/news-notices/news-releases/help-city-hamilton-stop-illegal-graffiti-see-it-report-it,page,
https://www.hamilton.ca/city-council/news-notices/news-releases/city-hamilton-affirms-long-term-commitment-art-gallery,page,
https://www.hamilton.ca/city-council/news-notices/news-releases/permanently-close-portion-road-allowances-abutting-95,page,
https://www.hamilton.ca/city-council/news-notices/news-releases/city-hamilton-taking-action-protect-funds-reduce-fraud-risk,page,
https://www.hamilton.ca/city-council/news-notices/council-communication-updates?department=45&page=8,page,
https://www.hamilton.ca/city-council/news-notices/news-releases/city-transitions-next-generation-9-1-1-network,page,
https://www.hamilton.ca/city-council/news-notices/news-releases/hamilton-public-health-launching-spring-covid-19,page,
https://www.hamilton.ca/city-council/news-notices/news-releases/statement-mayor-andrea-horwath-federal-steel-industry,page,
https://www.hamilton.ca/city-council/news-notices/news-releases/heat-warning-notification-hamilton-effective-june-22-2025,page,
https://www.hamilton.ca/city-council/news-notices/news-releases/city-hamilton-improving-safety-supporting-community-annual,page,
https://www.hamilton.ca/city-council/news-notices/news-releases/extended-heat-warning-hamilton-effective-july-29-2025,page,
https://www.hamilton.ca/city-council/news-notices/council-communication-updates?department=45&page=10,page,
https://www.hamilton.ca/city-council/news-notices/council-communication-updates?department=45&page=9,page,
https://www.hamilton.ca/city-council/news-notices/news-releases/city-announces-arvin-prasad-general-manager-planning,page,
https://www.hamilton.ca/city-council/news-notices/news-releases/city-passes-historic-by-law-support-tenants-rights,page,
https://www.hamilton.ca/city-council/news-notices/news-releases/study-completion-barton-street-and-fifty-road-improvements,page,
https://www.hamilton.ca/city-council/news-notices/news-releases/city-hamilton-helping-residents-prepare-2025-property-taxes,page,
https://www.hamilton.ca/city-council/news-notices/news-releases/intention-designate-104-king-st-w-dundas-former-dundas-post,page,
https://www.hamilton.ca/city-council/news-notices/council-communication-updates?department=45&page=12,page,
https://www.hamilton.ca/city-council/news-notices/news-releases/medical-advisory-updated-areas-increased-measles-risk-and,page,
https://www.hamilton.ca/city-council/news-notices/news-releases/intention-designate-84-york-blvd-hamilton-philpott-memorial,page,
https://www.hamilton.ca/city-council/news-notices/news-releases/help-shape-future-chedoke-creek-residents-invited-share,page,
https://www.hamilton.ca/city-council/news-notices/news-releases/passing-by-law-designate-105-erie-avenue-hamilton,page,
https://www.hamilton.ca/city-council/news-notices/news-releases/heat-warning-notification-hamilton-effective-july-27-2025,page,
https://www.hamilton.ca/city-council/news-notices/council-communication-updates?department=45&page=14,page,
https://www.hamilton.ca/city-council/news-notices/council-communication-updates?department=45&page=13,page,
https://www.hamilton.ca/city-council/news-notices/news-releases/bus-news-summer-2025,page,
https://www.hamilton.ca/city-council/news-notices/news-releases/cybersecurity-update-steadily-and-securely-making-more,page,
https://www.hamilton.ca/city-council/news-notices/news-releases/nominations-open-city-hamilton-ward-8-councillor-by,page,
https://www.hamilton.ca/city-council/news-notices/news-releases/pic-2-west-5th-street-ea,page,
https://www.hamilton.ca/city-council/news-notices/news-releases/cancellation-extended-heat-warning-issued-july-24-2025,page,
https://www.hamilton.ca/city-council/news-notices/council-communication-updates?department=45&page=16,page,
https://www.hamilton.ca/city-council/news-notices/news-releases/improving-safety-supporting-community-investing-hamiltons,page,
https://www.hamilton.ca/city-council/news-notices/news-releases/pic-2-carlisle-water-storage-facility-ea,page,
https://www.hamilton.ca/city-council/news-notices/news-releases/sir-wilfrid-laurier-recreation-centre-officially-re-opens,page,
https://www.hamilton.ca/city-council/news-notices/council-communication-updates?department=45&page=15,page,
https://www.hamilton.ca/city-council/news-notices/news-releases/city-improving-safety-supporting-community-annual-linc,page,
https://www.hamilton.ca/environmental-assessments/west-5th-street-stone-church-rd-rymal-rd,page,
https://www.hamilton.ca/city-council/news-notices/news-releases/increased-risk-west-nile-virus-hamilton-6,page,
https://www.hamilton.ca/city-council/news-notices/news-releases/city-releases-red-hill-valley-parkway-design-review-report,page,
https://www.hamilton.ca/city-council/news-notices/council-communication-updates?department=45&page=18,page,
https://www.hamilton.ca/city-council/news-notices/council-communication-updates?department=45&page=17,page,
https://www.hamilton.ca/city-council/news-notices/news-releases/weirs-lane-construction-begins,page,
https://www.hamilton.ca/environmental-assessments/carlisle-water-storage-facility,page,
https://www.hamilton.ca/city-council/news-notices/news-releases/nominations-open-hamiltons-annual-accessibility-awards,page,
https://www.hamilton.ca/city-council/news-notices/news-releases/hamilton-public-health-services-investigating-exposures,page,
https://www.hamilton.ca/city-council/news-notices/news-releases/heat-warning-notification-hamilton-effective-july-24-2025,page,
https://www.hamilton.ca/city-council/news-notices/news-releases/study-commencement-pic-1-west-5th-street-ea,page,
https://www.hamilton.ca/city-council/news-notices/news-releases/pre-authorized-payments-property-taxes-resuming,page,
https://www.hamilton.ca/city-council/news-notices/news-releases/notice-study-commencement-pic-1-carlisle-water-storage,page,
https://www.hamilton.ca/city-council/news-notices/news-releases/study-completion-carlisle-water-storage-facility-ea,page,
https://www.hamilton.ca/city-council/news-notices/news-releases/city-reminds-residents-fireworks-safety-and-enforcement,page,
https://www.hamilton.ca/city-council/news-notices/news-releases/happy-holidays-hamilton-whats-open-closed-city,page,
https://www.hamilton.ca/city-council/news-notices/news-releases/scenic-drive-construction-begins-next-week,page,
https://www.hamilton.ca/city-council/news-notices/news-releases/heat-warning-notification-city-hamilton-effective-june-1,page,
https://www.hamilton.ca/city-council/news-notices/news-releases/housing-sustainability-and-investment-roadmap-year-two,page,
https://www.hamilton.ca/city-council/news-notices/news-releases/city-hamilton-2025-water-rate-budget-complete,page,
https://www.hamilton.ca/city-council/news-notices/news-releases/rebuilding-efforts-continue-bring-more-services-online,page,
https://www.hamilton.ca/city-council/news-notices/news-releases/auditor-general-releases-recommendations-elections,page,
https://www.hamilton.ca/city-council/news-notices/news-releases/stay-active-city-hamilton-opens-rinks-and-winter-programs,page,
https://www.hamilton.ca/city-council/news-notices/council-communication-updates?department=45&page=20,page,
https://www.hamilton.ca/city-council/news-notices/council-communication-updates?department=45&page=19,page,
https://www.arcgis.com/sharing/rest/oauth2/authorize?client_id=arcgisstorymaps&response_type=token&expiration=20160&redirect_uri=https%3A%2F%2Fstorymaps.arcgis.com%2Foauth-callback%3FreturnURL%3D%252Fstories%252F9dcc447da7594b48bc4e408b9ff1889e&hideCancel=true&showSignupOption=true&force_login=true&canHandleCrossOrgSignin=true,page,
https://www.hamilton.ca/city-council/news-notices/news-releases/bus-news-winter-2025,page,
https://www.hamilton.ca/city-council/news-notices/news-releases/notice-enactment-municipal-act-charges-by-laws,page,
https://www.hamilton.ca/city-council/news-notices/news-releases/city-looking-learn-who-works-where-hamilton-through-2023,page,
https://www.hamilton.ca/city-council/news-notices/news-releases/province-issues-charges-burlington-and-rutherford-spills,page,
https://www.hamilton.ca/city-council/news-notices/council-communication-updates?department=45&page=22,page,
https://www.hamilton.ca/city-council/news-notices/council-communication-updates?department=45&page=21,page,
https://www.hamilton.ca/search?category=152&tags=All&sort_bef_combine=date_DESC,page,
https://www.hamilton.ca/city-council/news-notices/news-releases/city-exceeds-housing-target-receives-175-million-government,page,
https://www.hamilton.ca/city-council/news-notices/news-releases/city-hamilton-shows-leadership-national-stage-address,page,
https://www.hamilton.ca/city-council/news-notices/news-releases/medical-advisory-increasing-respiratory-syncytial-virus-rsv,page,
https://www.hamilton.ca/city-council/news-notices/council-communication-updates?department=45&page=24,page,
https://www.hamilton.ca/city-council/news-notices/council-communication-updates?department=45&page=23,page,
https://www.hamilton.ca/city-council/news-notices/news-releases/roadmap-will-guide-recovery-restoration-and-rebuilding,page,
https://www.hamilton.ca/search?category=152&tags=All&sort_bef_combine=date_DESC&page=0%2C0%2C0%2C0%2C0%2C0%2C61,page,
https://www.hamilton.ca/city-council/news-notices/news-releases/notice-permanently-close-portion-public-unassumed-8,page,
https://www.hamilton.ca/search?category=152&tags=All&sort_bef_combine=date_DESC&page=0%2C0%2C0%2C0%2C0%2C0%2C4,page,
https://www.hamilton.ca/city-council/news-notices/news-releases/intention-designate-21-25-jones-st-stoney-creek-powerhouse,page,
https://www.hamilton.ca/search?category=152&tags=All&sort_bef_combine=date_DESC&page=0%2C0%2C0%2C0%2C0%2C0%2C3,page,
https://www.hamilton.ca/city-council/news-notices/council-communication-updates?department=45&page=26,page,
https://www.hamilton.ca/city-council/news-notices/council-communication-updates?department=45&page=25,page,
https://www.hamilton.ca/city-council/news-notices/news-releases/pic-2-greensville-water-supply-system,page,
https://www.hamilton.ca/city-council/news-notices/council-communication-updates?department=45&page=28,page,
https://www.hamilton.ca/city-council/news-notices/council-communication-updates?department=45&page=27,page,
https://www.hamilton.ca/city-council/news-notices/news-releases/city-hamilton-welcomes-solar-eclipse-enthusiasts,page,
https://www.hamilton.ca/city-council/news-notices/council-communication-updates?department=45&page=30,page,
https://www.hamilton.ca/city-council/news-notices/council-communication-updates?department=45&page=29,page,
https://www.hamilton.ca/city-council/news-notices/news-releases/hsr-celebrates-record-breaking-ridership-milestone,page,
https://www.hamilton.ca/city-council/news-notices/council-communication-updates?department=45&page=32,page,
https://www.hamilton.ca/city-council/news-notices/council-communication-updates?department=45&page=31,page,
https://www.hamilton.ca/things-do/festivals-events/2024-solar-eclipse,page,
https://www.hamilton.ca/city-council/news-notices/news-releases/hamilton-granted-injunction-order-crackdown-nuisance,page,
https://www.hamilton.ca/city-council/news-notices/council-communication-updates?department=45&page=34,page,
https://www.hamilton.ca/city-council/news-notices/council-communication-updates?department=45&page=33,page,
https://www.hamilton.ca/city-council/news-notices/news-releases/focus-shifts-recovery-and-rebuilding,page,
https://www.hamilton.ca/city-council/news-notices/council-communication-updates?department=45&page=36,page,
https://www.hamilton.ca/city-council/news-notices/council-communication-updates?department=45&page=35,page,
https://www.hamilton.ca/city-council/news-notices/news-releases/hamilton-public-health-investigating-confirmed-case-measles,page,
https://www.hamilton.ca/city-council/news-notices/council-communication-updates?department=45&page=38,page,
https://www.hamilton.ca/city-council/news-notices/council-communication-updates?department=45&page=37,page,
https://www.hamilton.ca/city-council/news-notices/news-releases/reinstatement-council-and-committee-meetings,page,
https://www.hamilton.ca/city-council/news-notices/council-communication-updates?department=45&page=40,page,
https://www.hamilton.ca/city-council/news-notices/council-communication-updates?department=45&page=39,page,
https://www.hamilton.ca/city-council/news-notices/council-communication-updates?department=45&page=42,page,
https://www.hamilton.ca/city-council/news-notices/council-communication-updates?department=45&page=41,page,
https://www.hamilton.ca/city-council/news-notices/news-releases/garner-road-construction-begins-today,page,
https://www.hamilton.ca/city-council/news-notices/news-releases/city-confirms-cyber-incident-ransomware-attack,page,
https://www.hamilton.ca/search?category=152&tags=All&sort_bef_combine=date_DESC&page=0%2C0%2C0%2C0%2C0%2C221%2C3,page,
https://www.hamilton.ca/search?category=152&tags=All&sort_bef_combine=date_DESC&page=0%2C0%2C0%2C0%2C0%2C4%2C3,page,
https://www.hamilton.ca/search?category=152&tags=All&sort_bef_combine=date_DESC&page=0%2C0%2C0%2C0%2C0%2C3%2C3,page,
https://www.hamilton.ca/search?category=152&tags=All&sort_bef_combine=date_DESC&page=0%2C0%2C0%2C0%2C0%2C2%2C3,page,
https://www.hamilton.ca/city-council/news-notices/news-releases/public-health-informing-parents-delay-suspensions-under,page,
https://www.hamilton.ca/search?category=152&tags=All&sort_bef_combine=date_DESC&page=0%2C0%2C0%2C0%2C0%2C1%2C3,page,
https://www.hamilton.ca/search?category=152&tags=All&sort_bef_combine=date_DESC&page=0%2C0%2C0%2C0%2C4%2C0%2C3,page,
https://www.hamilton.ca/search?category=152&tags=All&sort_bef_combine=date_DESC&page=0%2C0%2C0%2C0%2C3%2C0%2C3,page,
https://www.hamilton.ca/search?category=152&tags=All&sort_bef_combine=date_DESC&page=0%2C0%2C0%2C0%2C2%2C0%2C3,page,
https://www.hamilton.ca/search?category=152&tags=All&sort_bef_combine=date_DESC&page=0%2C0%2C0%2C0%2C1%2C0%2C3,page,
https://www.hamilton.ca/search?category=152&tags=All&sort_bef_combine=date_DESC&page=0%2C0%2C700%2C0%2C0%2C0%2C3,page,
https://www.hamilton.ca/search?category=152&tags=All&sort_bef_combine=date_DESC&page=0%2C0%2C4%2C0%2C0%2C0%2C3,page,
https://www.hamilton.ca/search?category=152&tags=All&sort_bef_combine=date_DESC&page=0%2C0%2C3%2C0%2C0%2C0%2C3,page,
https://www.hamilton.ca/search?category=152&tags=All&sort_bef_combine=date_DESC&page=0%2C0%2C2%2C0%2C0%2C0%2C3,page,
https://www.hamilton.ca/search?category=152&tags=All&sort_bef_combine=date_DESC&page=0%2C0%2C1%2C0%2C0%2C0%2C3,page,
https://www.hamilton.ca/search?category=152&tags=All&sort_bef_combine=date_DESC&page=0%2C102%2C0%2C0%2C0%2C0%2C3,page,
https://www.hamilton.ca/search?category=152&tags=All&sort_bef_combine=date_DESC&page=0%2C0%2C0%2C0%2C0%2C221%2C5,page,
https://www.hamilton.ca/search?category=152&tags=All&sort_bef_combine=date_DESC&page=0%2C0%2C0%2C0%2C0%2C4%2C5,page,
https://www.hamilton.ca/search?category=152&tags=All&sort_bef_combine=date_DESC&page=0%2C0%2C0%2C0%2C0%2C3%2C5,page,
https://www.hamilton.ca/search?category=152&tags=All&sort_bef_combine=date_DESC&page=0%2C0%2C0%2C0%2C0%2C2%2C5,page,
https://www.hamilton.ca/search?category=152&tags=All&sort_bef_combine=date_DESC&page=0%2C0%2C0%2C0%2C0%2C2%2C1,page,
https://www.hamilton.ca/search?category=152&tags=All&sort_bef_combine=date_DESC&page=0%2C0%2C700%2C0%2C4%2C0%2C3,page,
https://www.hamilton.ca/search?category=152&tags=All&sort_bef_combine=date_DESC&page=0%2C0%2C0%2C0%2C4%2C0%2C5,page,
https://www.hamilton.ca/search?category=152&tags=All&sort_bef_combine=date_DESC&page=0%2C0%2C0%2C0%2C3%2C0%2C5,page,
https://www.hamilton.ca/search?category=152&tags=All&sort_bef_combine=date_DESC&page=0%2C0%2C0%2C0%2C2%2C0%2C5,page,
https://www.hamilton.ca/search?category=152&tags=All&sort_bef_combine=date_DESC&page=0%2C0%2C0%2C0%2C1%2C0%2C5,page,
https://www.hamilton.ca/search?category=152&tags=All&sort_bef_combine=date_DESC&page=0%2C0%2C700%2C0%2C0%2C0%2C5,page,
https://www.hamilton.ca/search?category=152&tags=All&sort_bef_combine=date_DESC&page=0%2C0%2C4%2C0%2C0%2C0%2C5,page,
https://www.hamilton.ca/search?category=152&tags=All&sort_bef_combine=date_DESC&page=0%2C0%2C3%2C0%2C0%2C0%2C5,page,
https://www.hamilton.ca/search?category=152&tags=All&sort_bef_combine=date_DESC&page=0%2C0%2C2%2C0%2C0%2C0%2C5,page,
https://www.hamilton.ca/search?category=152&tags=All&sort_bef_combine=date_DESC&page=0%2C0%2C1%2C0%2C0%2C0%2C5,page,
https://www.hamilton.ca/search?category=152&tags=All&sort_bef_combine=date_DESC&page=0%2C102%2C0%2C0%2C0%2C0%2C5,page,
https://www.hamilton.ca/search?category=152&tags=All&sort_bef_combine=date_DESC&page=0%2C0%2C0%2C0%2C0%2C221%2C7,page,
https://www.hamilton.ca/search?category=152&tags=All&sort_bef_combine=date_DESC&page=0%2C0%2C0%2C0%2C0%2C4%2C7,page,
https://www.hamilton.ca/search?category=152&tags=All&sort_bef_combine=date_DESC&page=0%2C0%2C0%2C0%2C0%2C3%2C7,page,
https://www.hamilton.ca/search?category=152&tags=All&sort_bef_combine=date_DESC&page=0%2C0%2C0%2C0%2C0%2C2%2C7,page,
https://www.hamilton.ca/search?category=152&tags=All&sort_bef_combine=date_DESC&page=0%2C0%2C0%2C0%2C4%2C2%2C1,page,
https://www.hamilton.ca/search?category=152&tags=All&sort_bef_combine=date_DESC&page=0%2C0%2C700%2C0%2C4%2C0%2C61,page,
https://www.hamilton.ca/search?category=152&tags=All&sort_bef_combine=date_DESC&page=0%2C0%2C0%2C0%2C4%2C0%2C7,page,
https://www.hamilton.ca/search?category=152&tags=All&sort_bef_combine=date_DESC&page=0%2C0%2C0%2C0%2C3%2C0%2C7,page,
https://www.hamilton.ca/search?category=152&tags=All&sort_bef_combine=date_DESC&page=0%2C0%2C0%2C0%2C2%2C0%2C7,page,
https://www.hamilton.ca/search?category=152&tags=All&sort_bef_combine=date_DESC&page=0%2C0%2C0%2C0%2C1%2C0%2C7,page,
https://www.hamilton.ca/search?category=152&tags=All&sort_bef_combine=date_DESC&page=0%2C0%2C700%2C0%2C0%2C0%2C7,page,
https://www.hamilton.ca/search?category=152&tags=All&sort_bef_combine=date_DESC&page=0%2C0%2C4%2C0%2C0%2C0%2C7,page,
https://www.hamilton.ca/search?category=152&tags=All&sort_bef_combine=date_DESC&page=0%2C0%2C3%2C0%2C0%2C0%2C7,page,
https://www.hamilton.ca/search?category=152&tags=All&sort_bef_combine=date_DESC&page=0%2C0%2C2%2C0%2C0%2C0%2C7,page,
https://www.hamilton.ca/search?category=152&tags=All&sort_bef_combine=date_DESC&page=0%2C0%2C1%2C0%2C0%2C0%2C7,page,
https://www.hamilton.ca/search?category=152&tags=All&sort_bef_combine=date_DESC&page=0%2C102%2C0%2C0%2C0%2C0%2C7,page,
https://www.hamilton.ca/search?category=152&tags=All&sort_bef_combine=date_DESC&page=0%2C102%2C0%2C0%2C0%2C0%2C6,page,
https://www.hamilton.ca/search?category=152&tags=All&sort_bef_combine=date_DESC&page=0%2C0%2C0%2C0%2C0%2C4%2C9,page,
https://www.hamilton.ca/search?category=152&tags=All&sort_bef_combine=date_DESC&page=0%2C0%2C0%2C0%2C0%2C3%2C9,page,
https://www.hamilton.ca/search?category=152&tags=All&sort_bef_combine=date_DESC&page=0%2C0%2C0%2C0%2C0%2C2%2C9,page,
https://www.hamilton.ca/search?category=152&tags=All&sort_bef_combine=date_DESC&page=0%2C0%2C0%2C0%2C4%2C2%2C61,page,
https://www.hamilton.ca/search?category=152&tags=All&sort_bef_combine=date_DESC&page=0%2C0%2C700%2C0%2C4%2C0%2C59,page,
https://www.hamilton.ca/search?category=152&tags=All&sort_bef_combine=date_DESC&page=0%2C0%2C0%2C0%2C4%2C0%2C9,page,
https://www.hamilton.ca/search?category=152&tags=All&sort_bef_combine=date_DESC&page=0%2C0%2C0%2C0%2C3%2C0%2C9,page,
https://www.hamilton.ca/search?category=152&tags=All&sort_bef_combine=date_DESC&page=0%2C0%2C0%2C0%2C2%2C0%2C9,page,
https://www.hamilton.ca/search?category=152&tags=All&sort_bef_combine=date_DESC&page=0%2C0%2C0%2C0%2C1%2C0%2C9,page,
https://www.hamilton.ca/search?category=152&tags=All&sort_bef_combine=date_DESC&page=0%2C0%2C700%2C0%2C0%2C0%2C9,page,
https://www.hamilton.ca/search?category=152&tags=All&sort_bef_combine=date_DESC&page=0%2C0%2C4%2C0%2C0%2C0%2C9,page,
https://www.hamilton.ca/search?category=152&tags=All&sort_bef_combine=date_DESC&page=0%2C0%2C3%2C0%2C0%2C0%2C9,page,
https://www.hamilton.ca/search?category=152&tags=All&sort_bef_combine=date_DESC&page=0%2C0%2C2%2C0%2C0%2C0%2C9,page,
https://www.hamilton.ca/search?category=152&tags=All&sort_bef_combine=date_DESC&page=0%2C0%2C1%2C0%2C0%2C0%2C9,page,
https://www.hamilton.ca/search?category=152&tags=All&sort_bef_combine=date_DESC&page=0%2C102%2C0%2C0%2C0%2C0%2C9,page,
https://www.hamilton.ca/search?category=152&tags=All&sort_bef_combine=date_DESC&page=0%2C102%2C0%2C0%2C0%2C221%2C6,page,
https://www.hamilton.ca/search?category=152&tags=All&sort_bef_combine=date_DESC&page=0%2C0%2C0%2C0%2C0%2C4%2C11,page,
https://www.hamilton.ca/search?category=152&tags=All&sort_bef_combine=date_DESC&page=0%2C0%2C0%2C0%2C0%2C3%2C11,page,
https://www.hamilton.ca/search?category=152&tags=All&sort_bef_combine=date_DESC&page=0%2C0%2C0%2C0%2C0%2C2%2C11,page,
https://www.hamilton.ca/search?category=152&tags=All&sort_bef_combine=date_DESC&page=0%2C0%2C0%2C0%2C4%2C2%2C59,page,
https://www.hamilton.ca/search?category=152&tags=All&sort_bef_combine=date_DESC&page=0%2C0%2C3%2C0%2C0%2C0%2C11,page,
https://www.hamilton.ca/search?category=152&tags=All&sort_bef_combine=date_DESC&page=0%2C0%2C2%2C0%2C0%2C0%2C11,page,
https://www.hamilton.ca/search?category=152&tags=All&sort_bef_combine=date_DESC&page=0%2C0%2C1%2C0%2C0%2C0%2C11,page,
https://www.hamilton.ca/search?category=152&tags=All&sort_bef_combine=date_DESC&page=0%2C102%2C0%2C0%2C0%2C0%2C11,page,
https://www.hamilton.ca/search?category=152&tags=All&sort_bef_combine=date_DESC&page=0%2C102%2C0%2C0%2C0%2C221%2C61,page,
https://www.hamilton.ca/search?category=152&tags=All&sort_bef_combine=date_DESC&page=0%2C0%2C0%2C0%2C0%2C4%2C13,page,
https://www.hamilton.ca/search?category=152&tags=All&sort_bef_combine=date_DESC&page=0%2C0%2C0%2C0%2C0%2C3%2C13,page,
https://www.hamilton.ca/search?category=152&tags=All&sort_bef_combine=date_DESC&page=0%2C0%2C0%2C0%2C0%2C2%2C13,page,
https://www.hamilton.ca/search?category=152&tags=All&sort_bef_combine=date_DESC&page=0%2C0%2C0%2C0%2C4%2C221%2C59,page,
https://www.hamilton.ca/search?category=152&tags=All&sort_bef_combine=date_DESC&page=0%2C0%2C0%2C0%2C4%2C4%2C59,page,
https://www.hamilton.ca/search?category=152&tags=All&sort_bef_combine=date_DESC&page=0%2C0%2C3%2C0%2C0%2C0%2C13,page,
https://www.hamilton.ca/search?category=152&tags=All&sort_bef_combine=date_DESC&page=0%2C0%2C3%2C0%2C0%2C0%2C12,page,
https://www.hamilton.ca/search?category=152&tags=All&sort_bef_combine=date_DESC&page=0%2C0%2C3%2C0%2C0%2C221%2C11,page,
https://www.hamilton.ca/search?category=152&tags=All&sort_bef_combine=date_DESC&page=0%2C0%2C2%2C0%2C0%2C0%2C13,page,
https://www.hamilton.ca/search?category=152&tags=All&sort_bef_combine=date_DESC&page=0%2C0%2C2%2C0%2C0%2C0%2C12,page,
https://www.hamilton.ca/search?category=152&tags=All&sort_bef_combine=date_DESC&page=0%2C0%2C1%2C0%2C0%2C0%2C13,page,
https://www.hamilton.ca/search?category=152&tags=All&sort_bef_combine=date_DESC&page=0%2C102%2C0%2C0%2C0%2C0%2C13,page,
https://www.hamilton.ca/search?category=152&tags=All&sort_bef_combine=date_DESC&page=0%2C102%2C0%2C0%2C0%2C0%2C12,page,
https://www.hamilton.ca/search?category=152&tags=All&sort_bef_combine=date_DESC&page=0%2C102%2C0%2C0%2C0%2C221%2C59,page,
https://www.hamilton.ca/search?category=152&tags=All&sort_bef_combine=date_DESC&page=0%2C102%2C0%2C0%2C0%2C221%2C58,page,
https://www.hamilton.ca/search?category=152&tags=All&sort_bef_combine=date_DESC&page=0%2C102%2C0%2C0%2C0%2C221%2C57,page,
https://www.hamilton.ca/search?category=152&tags=All&sort_bef_combine=date_DESC&page=0%2C0%2C0%2C0%2C0%2C4%2C15,page,
https://www.hamilton.ca/search?category=152&tags=All&sort_bef_combine=date_DESC&page=0%2C0%2C0%2C0%2C0%2C3%2C15,page,
https://www.hamilton.ca/search?category=152&tags=All&sort_bef_combine=date_DESC&page=0%2C0%2C0%2C0%2C0%2C2%2C15,page,
https://www.hamilton.ca/search?category=152&tags=All&sort_bef_combine=date_DESC&page=0%2C0%2C0%2C0%2C4%2C221%2C60,page,
https://www.hamilton.ca/search?category=152&tags=All&sort_bef_combine=date_DESC&page=0%2C0%2C0%2C0%2C4%2C4%2C60,page,
https://www.hamilton.ca/search?category=152&tags=All&sort_bef_combine=date_DESC&page=0%2C0%2C3%2C0%2C0%2C0%2C15,page,
https://www.hamilton.ca/search?category=152&tags=All&sort_bef_combine=date_DESC&page=0%2C0%2C3%2C0%2C0%2C221%2C12,page,
https://www.hamilton.ca/search?category=152&tags=All&sort_bef_combine=date_DESC&page=0%2C0%2C3%2C0%2C0%2C221%2C61,page,
https://www.hamilton.ca/search?category=152&tags=All&sort_bef_combine=date_DESC&page=0%2C0%2C2%2C0%2C0%2C0%2C15,page,
https://www.hamilton.ca/search?category=152&tags=All&sort_bef_combine=date_DESC&page=0%2C0%2C2%2C0%2C0%2C221%2C12,page,
https://www.hamilton.ca/search?category=152&tags=All&sort_bef_combine=date_DESC&page=0%2C0%2C1%2C0%2C0%2C0%2C15,page,
https://www.hamilton.ca/search?category=152&tags=All&sort_bef_combine=date_DESC&page=0%2C102%2C0%2C0%2C0%2C0%2C15,page,
https://www.hamilton.ca/search?category=152&tags=All&sort_bef_combine=date_DESC&page=0%2C102%2C0%2C0%2C0%2C221%2C12,page,
https://www.hamilton.ca/search?category=152&tags=All&sort_bef_combine=date_DESC&page=0%2C102%2C0%2C0%2C0%2C219%2C59,page,
https://www.hamilton.ca/search?category=152&tags=All&sort_bef_combine=date_DESC&page=0%2C0%2C3%2C0%2C0%2C0%2C17,page,
https://www.hamilton.ca/search?category=152&tags=All&sort_bef_combine=date_DESC&page=0%2C0%2C3%2C0%2C0%2C221%2C14,page,
https://www.hamilton.ca/search?category=152&tags=All&sort_bef_combine=date_DESC&page=0%2C0%2C3%2C0%2C0%2C221%2C59,page,
https://www.hamilton.ca/search?category=152&tags=All&sort_bef_combine=date_DESC&page=0%2C0%2C2%2C0%2C0%2C0%2C17,page,
https://www.hamilton.ca/search?category=152&tags=All&sort_bef_combine=date_DESC&page=0%2C0%2C2%2C0%2C0%2C221%2C14,page,
https://www.hamilton.ca/search?category=152&tags=All&sort_bef_combine=date_DESC&page=0%2C0%2C1%2C0%2C0%2C0%2C17,page,
https://www.hamilton.ca/search?category=152&tags=All&sort_bef_combine=date_DESC&page=0%2C102%2C0%2C0%2C0%2C0%2C17,page,
https://www.hamilton.ca/search?category=152&tags=All&sort_bef_combine=date_DESC&page=0%2C102%2C0%2C0%2C0%2C221%2C14,page,
https://www.hamilton.ca/search?category=152&tags=All&sort_bef_combine=date_DESC&page=0%2C102%2C0%2C0%2C0%2C219%2C60,page,
https://www.hamilton.ca/search?category=152&tags=All&sort_bef_combine=date_DESC&page=0%2C0%2C3%2C0%2C0%2C0%2C19,page,
https://www.hamilton.ca/search?category=152&tags=All&sort_bef_combine=date_DESC&page=0%2C0%2C3%2C0%2C0%2C219%2C59,page,
https://www.hamilton.ca/search?category=152&tags=All&sort_bef_combine=date_DESC&page=0%2C0%2C3%2C0%2C0%2C218%2C59,page,
https://www.hamilton.ca/search?category=152&tags=All&sort_bef_combine=date_DESC&page=0%2C0%2C2%2C0%2C0%2C0%2C19,page,
https://www.hamilton.ca/search?category=152&tags=All&sort_bef_combine=date_DESC&page=0%2C0%2C2%2C0%2C0%2C221%2C16,page,
https://www.hamilton.ca/search?category=152&tags=All&sort_bef_combine=date_DESC&page=0%2C0%2C1%2C0%2C0%2C0%2C19,page,
https://www.hamilton.ca/search?category=152&tags=All&sort_bef_combine=date_DESC&page=0%2C102%2C0%2C0%2C0%2C0%2C19,page,
https://www.hamilton.ca/search?category=152&tags=All&sort_bef_combine=date_DESC&page=0%2C102%2C0%2C0%2C0%2C221%2C16,page,
https://www.hamilton.ca/search?category=152&tags=All&sort_bef_combine=date_DESC&page=0%2C102%2C0%2C0%2C0%2C220%2C60,page,
https://www.hamilton.ca/search?category=152&tags=All&sort_bef_combine=date_DESC&page=0%2C0%2C3%2C0%2C0%2C218%2C60,page,
https://www.hamilton.ca/search?category=152&tags=All&sort_bef_combine=date_DESC&page=0%2C0%2C2%2C0%2C0%2C0%2C21,page,
https://www.hamilton.ca/search?category=152&tags=All&sort_bef_combine=date_DESC&page=0%2C0%2C2%2C0%2C0%2C221%2C18,page,
https://www.hamilton.ca/search?category=152&tags=All&sort_bef_combine=date_DESC&page=0%2C0%2C1%2C0%2C0%2C0%2C21,page,
https://www.hamilton.ca/search?category=152&tags=All&sort_bef_combine=date_DESC&page=0%2C102%2C0%2C0%2C0%2C0%2C21,page,
https://www.hamilton.ca/search?category=152&tags=All&sort_bef_combine=date_DESC&page=0%2C102%2C0%2C0%2C0%2C0%2C20,page,
https://www.hamilton.ca/search?category=152&tags=All&sort_bef_combine=date_DESC&page=0%2C102%2C0%2C0%2C0%2C221%2C18,page,
https://www.hamilton.ca/search?category=152&tags=All&sort_bef_combine=date_DESC&page=0%2C102%2C0%2C0%2C0%2C219%2C16,page,
https://www.hamilton.ca/search?category=152&tags=All&sort_bef_combine=date_DESC&page=0%2C102%2C0%2C0%2C0%2C220%2C0,page,
https://www.hamilton.ca/search?category=152&tags=All&sort_bef_combine=date_DESC&page=0%2C0%2C3%2C0%2C0%2C220%2C60,page,
https://www.hamilton.ca/search?category=152&tags=All&sort_bef_combine=date_DESC&page=0%2C0%2C2%2C0%2C0%2C221%2C20,page,
https://www.hamilton.ca/search?category=152&tags=All&sort_bef_combine=date_DESC&page=0%2C0%2C1%2C0%2C0%2C0%2C23,page,
https://www.hamilton.ca/search?category=152&tags=All&sort_bef_combine=date_DESC&page=0%2C102%2C0%2C0%2C0%2C0%2C23,page,
https://www.hamilton.ca/search?category=152&tags=All&sort_bef_combine=date_DESC&page=0%2C102%2C0%2C0%2C0%2C221%2C20,page,
https://www.hamilton.ca/search?category=152&tags=All&sort_bef_combine=date_DESC&page=0%2C102%2C0%2C0%2C0%2C4%2C20,page,
https://www.hamilton.ca/search?category=152&tags=All&sort_bef_combine=date_DESC&page=0%2C102%2C0%2C0%2C0%2C219%2C18,page,
https://www.hamilton.ca/search?category=152&tags=All&sort_bef_combine=date_DESC&page=0%2C102%2C0%2C0%2C0%2C219%2C17,page,
https://www.hamilton.ca/search?category=152&tags=All&sort_bef_combine=date_DESC&page=0%2C102%2C0%2C0%2C0%2C220%2C4,page,
https://www.hamilton.ca/search?category=152&tags=All&sort_bef_combine=date_DESC&page=0%2C0%2C3%2C0%2C0%2C220%2C58,page,
https://www.hamilton.ca/search?category=152&tags=All&sort_bef_combine=date_DESC&page=0%2C0%2C2%2C0%2C0%2C221%2C22,page,
https://www.hamilton.ca/search?category=152&tags=All&sort_bef_combine=date_DESC&page=0%2C0%2C1%2C0%2C0%2C0%2C25,page,
https://www.hamilton.ca/search?category=152&tags=All&sort_bef_combine=date_DESC&page=0%2C102%2C0%2C0%2C0%2C0%2C25,page,
https://www.hamilton.ca/search?category=152&tags=All&sort_bef_combine=date_DESC&page=0%2C102%2C0%2C0%2C0%2C221%2C22,page,
https://www.hamilton.ca/search?category=152&tags=All&sort_bef_combine=date_DESC&page=0%2C102%2C0%2C0%2C0%2C4%2C61,page,
https://www.hamilton.ca/search?category=152&tags=All&sort_bef_combine=date_DESC&page=0%2C102%2C0%2C0%2C0%2C219%2C19,page,
https://www.hamilton.ca/search?category=152&tags=All&sort_bef_combine=date_DESC&page=0%2C102%2C0%2C0%2C0%2C220%2C17,page,
https://www.hamilton.ca/search?category=152&tags=All&sort_bef_combine=date_DESC&page=0%2C102%2C0%2C0%2C0%2C220%2C5,page,
https://www.hamilton.ca/search?category=152&tags=All&sort_bef_combine=date_DESC&page=0%2C0%2C3%2C0%2C0%2C220%2C56,page,
https://www.hamilton.ca/search?category=152&tags=All&sort_bef_combine=date_DESC&page=0%2C102%2C0%2C0%2C0%2C0%2C27,page,
https://www.hamilton.ca/search?category=152&tags=All&sort_bef_combine=date_DESC&page=0%2C102%2C0%2C0%2C0%2C0%2C26,page,
https://www.hamilton.ca/search?category=152&tags=All&sort_bef_combine=date_DESC&page=0%2C102%2C0%2C0%2C0%2C221%2C24,page,
https://www.hamilton.ca/search?category=152&tags=All&sort_bef_combine=date_DESC&page=0%2C102%2C0%2C0%2C0%2C219%2C22,page,
https://www.hamilton.ca/search?category=152&tags=All&sort_bef_combine=date_DESC&page=0%2C102%2C0%2C0%2C0%2C4%2C59,page,
https://www.hamilton.ca/search?category=152&tags=All&sort_bef_combine=date_DESC&page=0%2C102%2C0%2C0%2C0%2C4%2C58,page,
https://www.hamilton.ca/search?category=152&tags=All&sort_bef_combine=date_DESC&page=0%2C102%2C0%2C0%2C0%2C219%2C21,page,
https://www.hamilton.ca/search?category=152&tags=All&sort_bef_combine=date_DESC&page=0%2C102%2C0%2C0%2C0%2C220%2C19,page,
https://www.hamilton.ca/search?category=152&tags=All&sort_bef_combine=date_DESC&page=0%2C102%2C0%2C0%2C0%2C220%2C15,page,
https://www.hamilton.ca/search?category=152&tags=All&sort_bef_combine=date_DESC&page=0%2C102%2C0%2C0%2C4%2C220%2C17,page,
https://www.hamilton.ca/search?category=152&tags=All&sort_bef_combine=date_DESC&page=0%2C102%2C0%2C0%2C3%2C220%2C17,page,
https://www.hamilton.ca/search?category=152&tags=All&sort_bef_combine=date_DESC&page=0%2C102%2C0%2C0%2C2%2C220%2C17,page,
https://www.hamilton.ca/search?category=152&tags=All&sort_bef_combine=date_DESC&page=0%2C102%2C0%2C0%2C0%2C220%2C7,page,
https://www.hamilton.ca/search?category=152&tags=All&sort_bef_combine=date_DESC&page=0%2C102%2C0%2C0%2C0%2C218%2C5,page,
https://www.hamilton.ca/search?category=152&tags=All&sort_bef_combine=date_DESC&page=0%2C102%2C0%2C0%2C0%2C4%2C56,page,
https://www.hamilton.ca/search?category=152&tags=All&sort_bef_combine=date_DESC&page=0%2C102%2C0%2C0%2C0%2C220%2C21,page,
https://www.hamilton.ca/search?category=152&tags=All&sort_bef_combine=date_DESC&page=0%2C102%2C0%2C0%2C4%2C220%2C19,page,
https://www.hamilton.ca/search?category=152&tags=All&sort_bef_combine=date_DESC&page=0%2C102%2C0%2C0%2C0%2C220%2C13,page,
https://www.hamilton.ca/search?category=152&tags=All&sort_bef_combine=date_DESC&page=0%2C102%2C0%2C0%2C4%2C220%2C61,page,
https://www.hamilton.ca/search?category=152&tags=All&sort_bef_combine=date_DESC&page=0%2C102%2C0%2C0%2C3%2C220%2C61,page,
https://www.hamilton.ca/search?category=152&tags=All&sort_bef_combine=date_DESC&page=0%2C102%2C0%2C0%2C2%2C220%2C61,page,
https://www.hamilton.ca/search?category=152&tags=All&sort_bef_combine=date_DESC&page=0%2C102%2C0%2C0%2C0%2C220%2C9,page,
https://www.hamilton.ca/search?category=152&tags=All&sort_bef_combine=date_DESC&page=0%2C102%2C0%2C0%2C0%2C218%2C3,page,
https://www.hamilton.ca/search?category=152&tags=All&sort_bef_combine=date_DESC&page=0%2C102%2C0%2C0%2C0%2C4%2C54,page,
https://www.hamilton.ca/search?category=152&tags=All&sort_bef_combine=date_DESC&page=0%2C102%2C0%2C0%2C0%2C220%2C23,page,
https://www.hamilton.ca/search?category=152&tags=All&sort_bef_combine=date_DESC&page=0%2C102%2C0%2C0%2C4%2C220%2C21,page,
https://www.hamilton.ca/search?category=152&tags=All&sort_bef_combine=date_DESC&page=0%2C102%2C0%2C0%2C3%2C220%2C21,page,
https://www.hamilton.ca/search?category=152&tags=All&sort_bef_combine=date_DESC&page=0%2C102%2C0%2C0%2C4%2C220%2C20,page,
https://www.hamilton.ca/search?category=152&tags=All&sort_bef_combine=date_DESC&page=0%2C102%2C0%2C0%2C4%2C221%2C19,page,
https://www.hamilton.ca/search?category=152&tags=All&sort_bef_combine=date_DESC&page=0%2C102%2C0%2C0%2C0%2C220%2C11,page,
https://www.hamilton.ca/search?category=152&tags=All&sort_bef_combine=date_DESC&page=0%2C102%2C0%2C0%2C0%2C218%2C13,page,
https://www.hamilton.ca/search?category=152&tags=All&sort_bef_combine=date_DESC&page=0%2C102%2C0%2C0%2C0%2C217%2C13,page,
https://www.hamilton.ca/search?category=152&tags=All&sort_bef_combine=date_DESC&page=0%2C102%2C0%2C0%2C3%2C220%2C59,page,
https://www.hamilton.ca/search?category=152&tags=All&sort_bef_combine=date_DESC&page=0%2C102%2C0%2C0%2C3%2C220%2C58,page,
https://www.hamilton.ca/search?category=152&tags=All&sort_bef_combine=date_DESC&page=0%2C102%2C0%2C0%2C2%2C220%2C59,page,
https://www.hamilton.ca/search?category=152&tags=All&sort_bef_combine=date_DESC&page=0%2C102%2C0%2C0%2C2%2C220%2C58,page,
https://www.hamilton.ca/search?category=152&tags=All&sort_bef_combine=date_DESC&page=0%2C102%2C0%2C0%2C0%2C220%2C10,page,
https://www.hamilton.ca/search?category=152&tags=All&sort_bef_combine=date_DESC&page=0%2C102%2C0%2C0%2C0%2C218%2C9,page,
https://www.hamilton.ca/search?category=152&tags=All&sort_bef_combine=date_DESC&page=0%2C102%2C0%2C0%2C0%2C218%2C1,page,
https://www.hamilton.ca/search?category=152&tags=All&sort_bef_combine=date_DESC&page=0%2C102%2C0%2C0%2C0%2C218%2C2,page,
https://www.hamilton.ca/search?category=152&tags=All&sort_bef_combine=date_DESC&page=0%2C102%2C0%2C0%2C0%2C215%2C13,page,
https://www.hamilton.ca/search?category=152&tags=All&sort_bef_combine=date_DESC&page=0%2C102%2C0%2C0%2C3%2C218%2C59,page,
https://www.hamilton.ca/search?category=152&tags=All&sort_bef_combine=date_DESC&page=0%2C102%2C0%2C0%2C3%2C220%2C56,page,
https://www.hamilton.ca/search?category=152&tags=All&sort_bef_combine=date_DESC&page=0%2C102%2C0%2C0%2C2%2C218%2C59,page,
https://www.hamilton.ca/search?category=152&tags=All&sort_bef_combine=date_DESC&page=0%2C102%2C0%2C0%2C2%2C220%2C56,page,
https://www.hamilton.ca/search?category=152&tags=All&sort_bef_combine=date_DESC&page=0%2C102%2C0%2C0%2C0%2C218%2C10,page,
https://www.hamilton.ca/search?category=152&tags=All&sort_bef_combine=date_DESC&page=0%2C102%2C0%2C0%2C0%2C218%2C8,page,
https://www.hamilton.ca/search?category=152&tags=All&sort_bef_combine=date_DESC&page=0%2C102%2C0%2C0%2C0%2C216%2C9,page,
https://www.hamilton.ca/search?category=152&tags=All&sort_bef_combine=date_DESC&page=0%2C102%2C0%2C0%2C4%2C218%2C9,page,
https://www.hamilton.ca/search?category=152&tags=All&sort_bef_combine=date_DESC&page=0%2C102%2C0%2C0%2C0%2C221%2C1,page,
https://www.hamilton.ca/search?category=152&tags=All&sort_bef_combine=date_DESC&page=0%2C102%2C0%2C0%2C0%2C221%2C2,page,
https://www.hamilton.ca/search?category=152&tags=All&sort_bef_combine=date_DESC&page=0%2C102%2C0%2C0%2C0%2C219%2C2,page,
https://www.hamilton.ca/search?category=152&tags=All&sort_bef_combine=date_DESC&page=0%2C102%2C700%2C0%2C0%2C215%2C13,page,
https://www.hamilton.ca/search?category=152&tags=All&sort_bef_combine=date_DESC&page=0%2C102%2C4%2C0%2C0%2C215%2C13,page,
https://www.hamilton.ca/search?category=152&tags=All&sort_bef_combine=date_DESC&page=0%2C102%2C0%2C0%2C3%2C218%2C60,page,
https://www.hamilton.ca/search?category=152&tags=All&sort_bef_combine=date_DESC&page=0%2C102%2C0%2C0%2C3%2C220%2C54,page,
https://www.hamilton.ca/search?category=152&tags=All&sort_bef_combine=date_DESC&page=0%2C102%2C0%2C0%2C3%2C220%2C55,page,
https://www.hamilton.ca/search?category=152&tags=All&sort_bef_combine=date_DESC&page=0%2C102%2C0%2C0%2C2%2C218%2C60,page,
https://www.hamilton.ca/search?category=152&tags=All&sort_bef_combine=date_DESC&page=0%2C102%2C0%2C0%2C2%2C218%2C57,page,
https://www.hamilton.ca/search?category=152&tags=All&sort_bef_combine=date_DESC&page=0%2C102%2C0%2C0%2C2%2C220%2C54,page,
https://www.hamilton.ca/search?category=152&tags=All&sort_bef_combine=date_DESC&page=0%2C102%2C0%2C0%2C2%2C220%2C55,page,
https://www.hamilton.ca/search?category=152&tags=All&sort_bef_combine=date_DESC&page=0%2C102%2C0%2C0%2C0%2C216%2C10,page,
https://www.hamilton.ca/search?category=152&tags=All&sort_bef_combine=date_DESC&page=0%2C102%2C0%2C0%2C4%2C218%2C10,page,
https://www.hamilton.ca/search?category=152&tags=All&sort_bef_combine=date_DESC&page=0%2C102%2C0%2C0%2C0%2C219%2C8,page,
https://www.hamilton.ca/search?category=152&tags=All&sort_bef_combine=date_DESC&page=0%2C102%2C0%2C0%2C0%2C216%2C61,page,
https://www.hamilton.ca/search?category=152&tags=All&sort_bef_combine=date_DESC&page=0%2C102%2C0%2C0%2C4%2C218%2C11,page,
https://www.hamilton.ca/search?category=152&tags=All&sort_bef_combine=date_DESC&page=0%2C102%2C0%2C0%2C4%2C221%2C1,page,
https://www.hamilton.ca/search?category=152&tags=All&sort_bef_combine=date_DESC&page=0%2C102%2C0%2C0%2C4%2C221%2C2,page,
https://www.hamilton.ca/search?category=152&tags=All&sort_bef_combine=date_DESC&page=0%2C102%2C0%2C0%2C4%2C219%2C2,page,
https://www.hamilton.ca/search?category=152&tags=All&sort_bef_combine=date_DESC&page=0%2C102%2C700%2C0%2C0%2C215%2C61,page,
https://www.hamilton.ca/search?category=152&tags=All&sort_bef_combine=date_DESC&page=0%2C102%2C4%2C0%2C0%2C215%2C61,page,
https://www.hamilton.ca/search?category=152&tags=All&sort_bef_combine=date_DESC&page=0%2C102%2C0%2C0%2C3%2C221%2C60,page,
https://www.hamilton.ca/search?category=152&tags=All&sort_bef_combine=date_DESC&page=0%2C102%2C0%2C0%2C3%2C220%2C52,page,
https://www.hamilton.ca/search?category=152&tags=All&sort_bef_combine=date_DESC&page=0%2C102%2C0%2C0%2C0%2C216%2C59,page,
https://www.hamilton.ca/search?category=152&tags=All&sort_bef_combine=date_DESC&page=0%2C102%2C0%2C0%2C4%2C221%2C11,page,
https://www.hamilton.ca/search?category=152&tags=All&sort_bef_combine=date_DESC&page=0%2C102%2C0%2C0%2C4%2C221%2C4,page,
https://www.hamilton.ca/search?category=152&tags=All&sort_bef_combine=date_DESC&page=0%2C102%2C0%2C0%2C4%2C221%2C3,page,
https://www.hamilton.ca/search?category=152&tags=All&sort_bef_combine=date_DESC&page=0%2C102%2C0%2C0%2C4%2C217%2C2,page,
https://www.hamilton.ca/search?category=152&tags=All&sort_bef_combine=date_DESC&page=0%2C102%2C0%2C0%2C4%2C0%2C2,page,
https://www.hamilton.ca/search?category=152&tags=All&sort_bef_combine=date_DESC&page=0%2C102%2C700%2C0%2C4%2C219%2C2,page,
https://www.hamilton.ca/search?category=152&tags=All&sort_bef_combine=date_DESC&page=0%2C102%2C0%2C0%2C4%2C219%2C4,page,
https://www.hamilton.ca/search?category=152&tags=All&sort_bef_combine=date_DESC&page=0%2C102%2C700%2C0%2C0%2C215%2C59,page,
https://www.hamilton.ca/search?category=152&tags=All&sort_bef_combine=date_DESC&page=0%2C102%2C700%2C0%2C0%2C215%2C58,page,
https://www.hamilton.ca/search?category=152&tags=All&sort_bef_combine=date_DESC&page=0%2C102%2C4%2C0%2C0%2C215%2C59,page,
https://www.hamilton.ca/search?category=152&tags=All&sort_bef_combine=date_DESC&page=0%2C102%2C4%2C0%2C0%2C215%2C58,page,
https://www.hamilton.ca/search?category=152&tags=All&sort_bef_combine=date_DESC&page=0%2C102%2C700%2C0%2C3%2C221%2C60,page,
https://www.hamilton.ca/search?category=152&tags=All&sort_bef_combine=date_DESC&page=0%2C102%2C0%2C0%2C3%2C221%2C0,page,
https://www.hamilton.ca/search?category=152&tags=All&sort_bef_combine=date_DESC&page=0%2C102%2C0%2C0%2C1%2C221%2C60,page,
https://www.hamilton.ca/search?category=152&tags=All&sort_bef_combine=date_DESC&page=0%2C102%2C700%2C0%2C3%2C220%2C52,page,
https://www.hamilton.ca/search?category=152&tags=All&sort_bef_combine=date_DESC&page=0%2C102%2C0%2C0%2C4%2C219%2C6,page,
https://www.hamilton.ca/search?category=152&tags=All&sort_bef_combine=date_DESC&page=0%2C102%2C700%2C0%2C0%2C217%2C59,page,
https://www.hamilton.ca/search?category=152&tags=All&sort_bef_combine=date_DESC&page=0%2C102%2C700%2C0%2C0%2C215%2C56,page,
https://www.hamilton.ca/search?category=152&tags=All&sort_bef_combine=date_DESC&page=0%2C102%2C4%2C0%2C0%2C217%2C59,page,
https://www.hamilton.ca/search?category=152&tags=All&sort_bef_combine=date_DESC&page=0%2C102%2C4%2C0%2C0%2C215%2C56,page,
https://www.hamilton.ca/search?category=152&tags=All&sort_bef_combine=date_DESC&page=0%2C102%2C700%2C0%2C3%2C221%2C61,page,
https://www.hamilton.ca/search?category=152&tags=All&sort_bef_combine=date_DESC&page=0%2C102%2C700%2C0%2C3%2C221%2C58,page,
https://www.hamilton.ca/search?category=152&tags=All&sort_bef_combine=date_DESC&page=0%2C102%2C0%2C0%2C3%2C219%2C0,page,
https://www.hamilton.ca/search?category=152&tags=All&sort_bef_combine=date_DESC&page=0%2C102%2C0%2C0%2C3%2C217%2C0,page,
https://www.hamilton.ca/search?category=152&tags=All&sort_bef_combine=date_DESC&page=0%2C102%2C0%2C0%2C1%2C217%2C60,page,
https://www.hamilton.ca/search?category=152&tags=All&sort_bef_combine=date_DESC&page=0%2C102%2C700%2C0%2C3%2C220%2C53,page,
https://www.hamilton.ca/search?category=152&tags=All&sort_bef_combine=date_DESC&page=0%2C102%2C700%2C0%2C3%2C220%2C50,page,
https://www.hamilton.ca/search?category=152&tags=All&sort_bef_combine=date_DESC&page=0%2C102%2C0%2C0%2C4%2C219%2C7,page,
https://www.hamilton.ca/search?category=152&tags=All&sort_bef_combine=date_DESC&page=0%2C102%2C0%2C0%2C4%2C220%2C6,page,
https://www.hamilton.ca/search?category=152&tags=All&sort_bef_combine=date_DESC&page=0%2C102%2C700%2C0%2C0%2C217%2C60,page,
https://www.hamilton.ca/search?category=152&tags=All&sort_bef_combine=date_DESC&page=0%2C102%2C700%2C0%2C0%2C217%2C57,page,
https://www.hamilton.ca/search?category=152&tags=All&sort_bef_combine=date_DESC&page=0%2C102%2C700%2C0%2C0%2C215%2C54,page,
https://www.hamilton.ca/search?category=152&tags=All&sort_bef_combine=date_DESC&page=0%2C102%2C700%2C0%2C0%2C215%2C55,page,
https://www.hamilton.ca/search?category=152&tags=All&sort_bef_combine=date_DESC&page=0%2C102%2C700%2C0%2C0%2C221%2C56,page,
https://www.hamilton.ca/search?category=152&tags=All&sort_bef_combine=date_DESC&page=0%2C102%2C4%2C0%2C0%2C217%2C60,page,
https://www.hamilton.ca/search?category=152&tags=All&sort_bef_combine=date_DESC&page=0%2C102%2C4%2C0%2C0%2C217%2C57,page,
https://www.hamilton.ca/search?category=152&tags=All&sort_bef_combine=date_DESC&page=0%2C102%2C4%2C0%2C0%2C215%2C54,page,
https://www.hamilton.ca/search?category=152&tags=All&sort_bef_combine=date_DESC&page=0%2C102%2C700%2C0%2C3%2C219%2C61,page,
https://www.hamilton.ca/search?category=152&tags=All&sort_bef_combine=date_DESC&page=0%2C102%2C700%2C0%2C3%2C221%2C56,page,
https://www.hamilton.ca/search?category=152&tags=All&sort_bef_combine=date_DESC&page=0%2C102%2C0%2C0%2C3%2C219%2C3,page,
https://www.hamilton.ca/search?category=152&tags=All&sort_bef_combine=date_DESC&page=0%2C102%2C0%2C0%2C3%2C217%2C4,page,
https://www.hamilton.ca/search?category=152&tags=All&sort_bef_combine=date_DESC&page=0%2C102%2C0%2C0%2C1%2C217%2C61,page,
https://www.hamilton.ca/search?category=152&tags=All&sort_bef_combine=date_DESC&page=0%2C102%2C700%2C0%2C0%2C221%2C0,page,
https://www.hamilton.ca/search?category=152&tags=All&sort_bef_combine=date_DESC&page=0%2C102%2C4%2C0%2C0%2C221%2C60,page,
https://www.hamilton.ca/search?category=152&tags=All&sort_bef_combine=date_DESC&page=0%2C102%2C4%2C0%2C0%2C217%2C55,page,
https://www.hamilton.ca/search?category=152&tags=All&sort_bef_combine=date_DESC&page=0%2C102%2C4%2C0%2C0%2C215%2C52,page,
https://www.hamilton.ca/search?category=152&tags=All&sort_bef_combine=date_DESC&page=0%2C102%2C700%2C0%2C3%2C219%2C59,page,
https://www.hamilton.ca/search?category=152&tags=All&sort_bef_combine=date_DESC&page=0%2C102%2C700%2C0%2C3%2C221%2C54,page,
https://www.hamilton.ca/search?category=152&tags=All&sort_bef_combine=date_DESC&page=0%2C102%2C0%2C0%2C3%2C219%2C5,page,
https://www.hamilton.ca/search?category=152&tags=All&sort_bef_combine=date_DESC&page=0%2C102%2C0%2C0%2C3%2C217%2C6,page,
https://www.hamilton.ca/search?category=152&tags=All&sort_bef_combine=date_DESC&page=0%2C102%2C0%2C0%2C1%2C219%2C61,page,
https://www.hamilton.ca/search?category=152&tags=All&sort_bef_combine=date_DESC&page=0%2C102%2C700%2C0%2C0%2C221%2C4,page,
https://www.hamilton.ca/search?category=152&tags=All&sort_bef_combine=date_DESC&page=0%2C102%2C4%2C0%2C0%2C221%2C0,page,
https://www.hamilton.ca/search?category=152&tags=All&sort_bef_combine=date_DESC&page=0%2C102%2C4%2C0%2C0%2C217%2C53,page,
https://www.hamilton.ca/search?category=152&tags=All&sort_bef_combine=date_DESC&page=0%2C102%2C4%2C0%2C0%2C215%2C50,page,
https://www.hamilton.ca/search?category=152&tags=All&sort_bef_combine=date_DESC&page=0%2C102%2C700%2C0%2C3%2C0%2C59,page,
https://www.hamilton.ca/search?category=152&tags=All&sort_bef_combine=date_DESC&page=0%2C102%2C700%2C0%2C3%2C219%2C54,page,
https://www.hamilton.ca/search?category=152&tags=All&sort_bef_combine=date_DESC&page=0%2C102%2C0%2C0%2C3%2C221%2C5,page,
https://www.hamilton.ca/search?category=152&tags=All&sort_bef_combine=date_DESC&page=0%2C102%2C0%2C0%2C3%2C217%2C8,page,
https://www.hamilton.ca/search?category=152&tags=All&sort_bef_combine=date_DESC&page=0%2C102%2C0%2C0%2C1%2C219%2C58,page,
https://www.hamilton.ca/search?category=152&tags=All&sort_bef_combine=date_DESC&page=0%2C102%2C700%2C0%2C0%2C221%2C5,page,
https://www.hamilton.ca/search?category=152&tags=All&sort_bef_combine=date_DESC&page=0%2C102%2C4%2C0%2C0%2C221%2C4,page,
https://www.hamilton.ca/search?category=152&tags=All&sort_bef_combine=date_DESC&page=0%2C102%2C4%2C0%2C0%2C217%2C51,page,
https://www.hamilton.ca/search?category=152&tags=All&sort_bef_combine=date_DESC&page=0%2C102%2C4%2C0%2C0%2C215%2C48,page,
https://www.hamilton.ca/search?category=152&tags=All&sort_bef_combine=date_DESC&page=0%2C102%2C700%2C0%2C3%2C0%2C57,page,
https://www.hamilton.ca/search?category=152&tags=All&sort_bef_combine=date_DESC&page=0%2C102%2C700%2C0%2C3%2C219%2C55,page,
https://www.hamilton.ca/search?category=152&tags=All&sort_bef_combine=date_DESC&page=0%2C102%2C0%2C0%2C3%2C221%2C7,page,
https://www.hamilton.ca/search?category=152&tags=All&sort_bef_combine=date_DESC&page=0%2C102%2C0%2C0%2C3%2C217%2C10,page,
https://www.hamilton.ca/search?category=152&tags=All&sort_bef_combine=date_DESC&page=0%2C102%2C0%2C0%2C1%2C219%2C56,page,
https://www.hamilton.ca/search?category=152&tags=All&sort_bef_combine=date_DESC&page=0%2C102%2C0%2C0%2C1%2C0%2C58,page,
https://www.hamilton.ca/search?category=152&tags=All&sort_bef_combine=date_DESC&page=0%2C102%2C700%2C0%2C0%2C221%2C7,page,
https://www.hamilton.ca/search?category=152&tags=All&sort_bef_combine=date_DESC&page=0%2C102%2C700%2C0%2C0%2C219%2C5,page,
https://www.hamilton.ca/search?category=152&tags=All&sort_bef_combine=date_DESC&page=0%2C102%2C700%2C0%2C0%2C217%2C5,page,
https://www.hamilton.ca/search?category=152&tags=All&sort_bef_combine=date_DESC&page=0%2C102%2C4%2C0%2C0%2C221%2C5,page,
https://www.hamilton.ca/search?category=152&tags=All&sort_bef_combine=date_DESC&page=0%2C102%2C4%2C0%2C0%2C219%2C4,page,
https://www.hamilton.ca/search?category=152&tags=All&sort_bef_combine=date_DESC&page=0%2C102%2C0%2C0%2C3%2C221%2C9,page,
https://www.hamilton.ca/search?category=152&tags=All&sort_bef_combine=date_DESC&page=0%2C102%2C0%2C0%2C3%2C217%2C12,page,
https://www.hamilton.ca/search?category=152&tags=All&sort_bef_combine=date_DESC&page=0%2C102%2C0%2C0%2C1%2C219%2C54,page,
https://www.hamilton.ca/search?category=152&tags=All&sort_bef_combine=date_DESC&page=0%2C102%2C0%2C0%2C1%2C0%2C59,page,
https://www.hamilton.ca/search?category=152&tags=All&sort_bef_combine=date_DESC&page=0%2C102%2C700%2C0%2C0%2C221%2C9,page,
https://www.hamilton.ca/search?category=152&tags=All&sort_bef_combine=date_DESC&page=0%2C102%2C700%2C0%2C0%2C219%2C6,page,
https://www.hamilton.ca/search?category=152&tags=All&sort_bef_combine=date_DESC&page=0%2C102%2C700%2C0%2C0%2C217%2C6,page,
https://www.hamilton.ca/search?category=152&tags=All&sort_bef_combine=date_DESC&page=0%2C102%2C4%2C0%2C0%2C221%2C7,page,
https://www.hamilton.ca/search?category=152&tags=All&sort_bef_combine=date_DESC&page=0%2C102%2C4%2C0%2C0%2C219%2C61,page,
https://www.hamilton.ca/search?category=152&tags=All&sort_bef_combine=date_DESC&page=0%2C102%2C0%2C0%2C3%2C219%2C9,page,
https://www.hamilton.ca/search?category=152&tags=All&sort_bef_combine=date_DESC&page=0%2C102%2C0%2C0%2C3%2C217%2C14,page,
https://www.hamilton.ca/search?category=152&tags=All&sort_bef_combine=date_DESC&page=0%2C102%2C0%2C0%2C1%2C219%2C52,page,
https://www.hamilton.ca/search?category=152&tags=All&sort_bef_combine=date_DESC&page=0%2C102%2C0%2C0%2C1%2C3%2C59,page,
https://www.hamilton.ca/search?category=152&tags=All&sort_bef_combine=date_DESC&page=0%2C102%2C700%2C0%2C0%2C221%2C11,page,
https://www.hamilton.ca/search?category=152&tags=All&sort_bef_combine=date_DESC&page=0%2C102%2C700%2C0%2C0%2C220%2C6,page,
https://www.hamilton.ca/search?category=152&tags=All&sort_bef_combine=date_DESC&page=0%2C102%2C700%2C0%2C0%2C217%2C8,page,
https://www.hamilton.ca/search?category=152&tags=All&sort_bef_combine=date_DESC&page=0%2C102%2C4%2C0%2C0%2C221%2C9,page,
https://www.hamilton.ca/search?category=152&tags=All&sort_bef_combine=date_DESC&page=0%2C102%2C4%2C0%2C0%2C219%2C58,page,
https://www.hamilton.ca/search?category=152&tags=All&sort_bef_combine=date_DESC&page=0%2C102%2C0%2C0%2C3%2C219%2C11,page,
https://www.hamilton.ca/search?category=152&tags=All&sort_bef_combine=date_DESC&page=0%2C102%2C0%2C0%2C3%2C217%2C16,page,
https://www.hamilton.ca/search?category=152&tags=All&sort_bef_combine=date_DESC&page=0%2C102%2C0%2C0%2C1%2C219%2C50,page,
https://www.hamilton.ca/search?category=152&tags=All&sort_bef_combine=date_DESC&page=0%2C102%2C0%2C0%2C1%2C3%2C61,page,
https://www.hamilton.ca/search?category=152&tags=All&sort_bef_combine=date_DESC&page=0%2C102%2C700%2C0%2C0%2C219%2C11,page,
https://www.hamilton.ca/search?category=152&tags=All&sort_bef_combine=date_DESC&page=0%2C102%2C700%2C0%2C0%2C220%2C61,page,
https://www.hamilton.ca/search?category=152&tags=All&sort_bef_combine=date_DESC&page=0%2C102%2C700%2C0%2C0%2C217%2C10,page,
https://www.hamilton.ca/search?category=152&tags=All&sort_bef_combine=date_DESC&page=0%2C102%2C4%2C0%2C0%2C221%2C11,page,
https://www.hamilton.ca/search?category=152&tags=All&sort_bef_combine=date_DESC&page=0%2C102%2C4%2C0%2C0%2C219%2C56,page,
https://www.hamilton.ca/search?category=152&tags=All&sort_bef_combine=date_DESC&page=0%2C102%2C0%2C0%2C3%2C219%2C13,page,
https://www.hamilton.ca/search?category=152&tags=All&sort_bef_combine=date_DESC&page=0%2C102%2C0%2C0%2C3%2C217%2C18,page,
https://www.hamilton.ca/search?category=152&tags=All&sort_bef_combine=date_DESC&page=0%2C102%2C0%2C0%2C1%2C219%2C48,page,
https://www.hamilton.ca/search?category=152&tags=All&sort_bef_combine=date_DESC&page=0%2C102%2C0%2C0%2C1%2C5%2C61,page,
https://www.hamilton.ca/search?category=152&tags=All&sort_bef_combine=date_DESC&page=0%2C102%2C700%2C0%2C0%2C219%2C13,page,
https://www.hamilton.ca/search?category=152&tags=All&sort_bef_combine=date_DESC&page=0%2C102%2C700%2C0%2C0%2C219%2C12,page,
https://www.hamilton.ca/search?category=152&tags=All&sort_bef_combine=date_DESC&page=0%2C102%2C700%2C0%2C0%2C220%2C59,page,
https://www.hamilton.ca/search?category=152&tags=All&sort_bef_combine=date_DESC&page=0%2C102%2C700%2C0%2C0%2C217%2C12,page,
https://www.hamilton.ca/search?category=152&tags=All&sort_bef_combine=date_DESC&page=0%2C102%2C700%2C0%2C0%2C215%2C10,page,
https://www.hamilton.ca/search?category=152&tags=All&sort_bef_combine=date_DESC&page=0%2C102%2C4%2C0%2C0%2C219%2C11,page,
https://www.hamilton.ca/search?category=152&tags=All&sort_bef_combine=date_DESC&page=0%2C102%2C4%2C0%2C0%2C218%2C11,page,
https://www.hamilton.ca/search?category=152&tags=All&sort_bef_combine=date_DESC&page=0%2C102%2C4%2C0%2C0%2C217%2C11,page,
https://www.hamilton.ca/search?category=152&tags=All&sort_bef_combine=date_DESC&page=0%2C102%2C4%2C0%2C0%2C219%2C54,page,
https://www.hamilton.ca/search?category=152&tags=All&sort_bef_combine=date_DESC&page=0%2C102%2C4%2C0%2C0%2C220%2C56,page,
https://www.hamilton.ca/search?category=152&tags=All&sort_bef_combine=date_DESC&page=0%2C102%2C0%2C0%2C3%2C219%2C15,page,
https://www.hamilton.ca/search?category=152&tags=All&sort_bef_combine=date_DESC&page=0%2C102%2C0%2C0%2C3%2C217%2C20,page,
https://www.hamilton.ca/search?category=152&tags=All&sort_bef_combine=date_DESC&page=0%2C102%2C0%2C0%2C3%2C217%2C19,page,
https://www.hamilton.ca/search?category=152&tags=All&sort_bef_combine=date_DESC&page=0%2C102%2C0%2C0%2C3%2C218%2C18,page,
https://www.hamilton.ca/search?category=152&tags=All&sort_bef_combine=date_DESC&page=0%2C102%2C0%2C0%2C1%2C219%2C46,page,
https://www.hamilton.ca/search?category=152&tags=All&sort_bef_combine=date_DESC&page=0%2C102%2C0%2C0%2C1%2C219%2C47,page,
https://www.hamilton.ca/search?category=152&tags=All&sort_bef_combine=date_DESC&page=0%2C102%2C0%2C0%2C1%2C5%2C58,page,
https://www.hamilton.ca/search?category=152&tags=All&sort_bef_combine=date_DESC&page=0%2C102%2C700%2C0%2C0%2C219%2C15,page,
https://www.hamilton.ca/search?category=152&tags=All&sort_bef_combine=date_DESC&page=0%2C102%2C700%2C0%2C0%2C220%2C12,page,
https://www.hamilton.ca/search?category=152&tags=All&sort_bef_combine=date_DESC&page=0%2C102%2C700%2C0%2C4%2C220%2C59,page,
https://www.hamilton.ca/search?category=152&tags=All&sort_bef_combine=date_DESC&page=0%2C102%2C700%2C0%2C0%2C217%2C14,page,
https://www.hamilton.ca/search?category=152&tags=All&sort_bef_combine=date_DESC&page=0%2C102%2C700%2C0%2C0%2C215%2C9,page,
https://www.hamilton.ca/search?category=152&tags=All&sort_bef_combine=date_DESC&page=0%2C102%2C4%2C0%2C0%2C219%2C13,page,
https://www.hamilton.ca/search?category=152&tags=All&sort_bef_combine=date_DESC&page=0%2C102%2C4%2C0%2C0%2C218%2C12,page,
https://www.hamilton.ca/search?category=152&tags=All&sort_bef_combine=date_DESC&page=0%2C102%2C4%2C0%2C0%2C217%2C12,page,
https://www.hamilton.ca/search?category=152&tags=All&sort_bef_combine=date_DESC&page=0%2C102%2C4%2C0%2C0%2C219%2C52,page,
https://www.hamilton.ca/search?category=152&tags=All&sort_bef_combine=date_DESC&page=0%2C102%2C4%2C0%2C0%2C220%2C57,page,
https://www.hamilton.ca/search?category=152&tags=All&sort_bef_combine=date_DESC&page=0%2C102%2C0%2C0%2C3%2C221%2C15,page,
https://www.hamilton.ca/search?category=152&tags=All&sort_bef_combine=date_DESC&page=0%2C102%2C0%2C0%2C3%2C217%2C22,page,
https://www.hamilton.ca/search?category=152&tags=All&sort_bef_combine=date_DESC&page=0%2C102%2C0%2C0%2C3%2C218%2C19,page,
https://www.hamilton.ca/search?category=152&tags=All&sort_bef_combine=date_DESC&page=0%2C102%2C0%2C0%2C4%2C218%2C18,page,
https://www.hamilton.ca/search?category=152&tags=All&sort_bef_combine=date_DESC&page=0%2C102%2C4%2C0%2C0%2C219%2C15,page,
https://www.hamilton.ca/search?category=152&tags=All&sort_bef_combine=date_DESC&page=0%2C102%2C4%2C0%2C0%2C218%2C14,page,
https://www.hamilton.ca/search?category=152&tags=All&sort_bef_combine=date_DESC&page=0%2C102%2C4%2C0%2C0%2C217%2C14,page,
https://www.hamilton.ca/search?category=152&tags=All&sort_bef_combine=date_DESC&page=0%2C102%2C4%2C0%2C0%2C219%2C50,page,
https://www.hamilton.ca/search?category=152&tags=All&sort_bef_combine=date_DESC&page=0%2C102%2C4%2C0%2C0%2C220%2C59,page,
https://www.hamilton.ca/search?category=152&tags=All&sort_bef_combine=date_DESC&page=0%2C102%2C0%2C0%2C4%2C221%2C15,page,
https://www.hamilton.ca/search?category=152&tags=All&sort_bef_combine=date_DESC&page=0%2C102%2C0%2C0%2C3%2C217%2C24,page,
https://www.hamilton.ca/search?category=152&tags=All&sort_bef_combine=date_DESC&page=0%2C102%2C0%2C0%2C1%2C218%2C19,page,
https://www.hamilton.ca/search?category=152&tags=All&sort_bef_combine=date_DESC&page=0%2C102%2C0%2C0%2C4%2C218%2C16,page,
https://www.hamilton.ca/search?category=152&tags=All&sort_bef_combine=date_DESC&page=0%2C102%2C4%2C0%2C0%2C221%2C15,page,
https://www.hamilton.ca/search?category=152&tags=All&sort_bef_combine=date_DESC&page=0%2C102%2C4%2C0%2C0%2C218%2C16,page,
https://www.hamilton.ca/search?category=152&tags=All&sort_bef_combine=date_DESC&page=0%2C102%2C4%2C0%2C0%2C217%2C16,page,
https://www.hamilton.ca/search?category=152&tags=All&sort_bef_combine=date_DESC&page=0%2C102%2C4%2C0%2C0%2C219%2C48,page,
https://www.hamilton.ca/search?category=152&tags=All&sort_bef_combine=date_DESC&page=0%2C102%2C4%2C0%2C4%2C220%2C59,page,
https://www.hamilton.ca/search?category=152&tags=All&sort_bef_combine=date_DESC&page=0%2C102%2C0%2C0%2C4%2C218%2C15,page,
https://www.hamilton.ca/search?category=152&tags=All&sort_bef_combine=date_DESC&page=0%2C102%2C0%2C0%2C3%2C217%2C26,page,
https://www.hamilton.ca/search?category=152&tags=All&sort_bef_combine=date_DESC&page=0%2C102%2C0%2C0%2C1%2C218%2C21,page,
https://www.hamilton.ca/search?category=152&tags=All&sort_bef_combine=date_DESC&page=0%2C102%2C0%2C0%2C4%2C218%2C14,page,
https://www.hamilton.ca/search?category=152&tags=All&sort_bef_combine=date_DESC&page=0%2C102%2C4%2C0%2C0%2C221%2C17,page,
https://www.hamilton.ca/search?category=152&tags=All&sort_bef_combine=date_DESC&page=0%2C102%2C4%2C0%2C0%2C218%2C18,page,
https://www.hamilton.ca/search?category=152&tags=All&sort_bef_combine=date_DESC&page=0%2C102%2C4%2C0%2C0%2C217%2C18,page,
https://www.hamilton.ca/search?category=152&tags=All&sort_bef_combine=date_DESC&page=0%2C102%2C4%2C0%2C0%2C219%2C46,page,
https://www.hamilton.ca/search?category=152&tags=All&sort_bef_combine=date_DESC&page=0%2C102%2C4%2C0%2C4%2C220%2C60,page,
https://www.hamilton.ca/search?category=152&tags=All&sort_bef_combine=date_DESC&page=0%2C102%2C0%2C0%2C4%2C216%2C15,page,
https://www.hamilton.ca/search?category=152&tags=All&sort_bef_combine=date_DESC&page=0%2C102%2C0%2C0%2C3%2C217%2C28,page,
https://www.hamilton.ca/search?category=152&tags=All&sort_bef_combine=date_DESC&page=0%2C102%2C0%2C0%2C1%2C218%2C23,page,
https://www.hamilton.ca/search?category=152&tags=All&sort_bef_combine=date_DESC&page=0%2C102%2C0%2C0%2C1%2C218%2C22,page,
https://www.hamilton.ca/search?category=152&tags=All&sort_bef_combine=date_DESC&page=0%2C102%2C0%2C0%2C4%2C220%2C14,page,
https://www.hamilton.ca/search?category=152&tags=All&sort_bef_combine=date_DESC&page=0%2C102%2C0%2C0%2C4%2C219%2C14,page,
https://www.hamilton.ca/search?category=152&tags=All&sort_bef_combine=date_DESC&page=0%2C102%2C4%2C0%2C0%2C221%2C19,page,
https://www.hamilton.ca/search?category=152&tags=All&sort_bef_combine=date_DESC&page=0%2C102%2C4%2C0%2C4%2C221%2C17,page,
https://www.hamilton.ca/search?category=152&tags=All&sort_bef_combine=date_DESC&page=0%2C102%2C4%2C0%2C0%2C218%2C20,page,
https://www.hamilton.ca/search?category=152&tags=All&sort_bef_combine=date_DESC&page=0%2C102%2C4%2C0%2C0%2C218%2C19,page,
https://www.hamilton.ca/search?category=152&tags=All&sort_bef_combine=date_DESC&page=0%2C102%2C4%2C0%2C0%2C217%2C20,page,
https://www.hamilton.ca/search?category=152&tags=All&sort_bef_combine=date_DESC&page=0%2C102%2C4%2C0%2C0%2C219%2C44,page,
https://www.hamilton.ca/search?category=152&tags=All&sort_bef_combine=date_DESC&page=0%2C102%2C4%2C0%2C0%2C219%2C45,page,
https://www.hamilton.ca/search?category=152&tags=All&sort_bef_combine=date_DESC&page=0%2C102%2C4%2C0%2C4%2C218%2C60,page,
https://www.hamilton.ca/search?category=152&tags=All&sort_bef_combine=date_DESC&page=0%2C102%2C4%2C0%2C4%2C0%2C60,page,
https://www.hamilton.ca/search?category=152&tags=All&sort_bef_combine=date_DESC&page=0%2C102%2C0%2C0%2C4%2C216%2C17,page,
https://www.hamilton.ca/search?category=152&tags=All&sort_bef_combine=date_DESC&page=0%2C102%2C0%2C0%2C4%2C216%2C13,page,
https://www.hamilton.ca/search?category=152&tags=All&sort_bef_combine=date_DESC&page=0%2C102%2C0%2C0%2C1%2C218%2C25,page,
https://www.hamilton.ca/search?category=152&tags=All&sort_bef_combine=date_DESC&page=0%2C102%2C0%2C0%2C1%2C218%2C24,page,
https://www.hamilton.ca/search?category=152&tags=All&sort_bef_combine=date_DESC&page=0%2C102%2C0%2C0%2C1%2C220%2C22,page,
https://www.hamilton.ca/search?category=152&tags=All&sort_bef_combine=date_DESC&page=0%2C102%2C0%2C0%2C1%2C216%2C22,page,
https://www.hamilton.ca/search?category=152&tags=All&sort_bef_combine=date_DESC&page=0%2C102%2C0%2C0%2C4%2C220%2C12,page,
https://www.hamilton.ca/search?category=152&tags=All&sort_bef_combine=date_DESC&page=0%2C102%2C0%2C0%2C4%2C219%2C12,page,
https://www.hamilton.ca/search?category=152&tags=All&sort_bef_combine=date_DESC&page=0%2C102%2C4%2C0%2C0%2C221%2C21,page,
https://www.hamilton.ca/search?category=152&tags=All&sort_bef_combine=date_DESC&page=0%2C102%2C4%2C0%2C4%2C221%2C61,page,
https://www.hamilton.ca/search?category=152&tags=All&sort_bef_combine=date_DESC&page=0%2C102%2C4%2C0%2C0%2C218%2C22,page,
https://www.hamilton.ca/search?category=152&tags=All&sort_bef_combine=date_DESC&page=0%2C102%2C4%2C0%2C0%2C216%2C19,page,
https://www.hamilton.ca/search?category=152&tags=All&sort_bef_combine=date_DESC&page=0%2C102%2C4%2C0%2C0%2C217%2C22,page,
https://www.hamilton.ca/search?category=152&tags=All&sort_bef_combine=date_DESC&page=0%2C102%2C0%2C0%2C2%2C220%2C22,page,
https://www.hamilton.ca/search?category=152&tags=All&sort_bef_combine=date_DESC&page=0%2C102%2C0%2C0%2C1%2C216%2C20,page,
https://www.hamilton.ca/search?category=152&tags=All&sort_bef_combine=date_DESC&page=0%2C102%2C0%2C0%2C2%2C220%2C12,page,
https://www.hamilton.ca/search?category=152&tags=All&sort_bef_combine=date_DESC&page=0%2C102%2C0%2C0%2C2%2C219%2C12,page,
https://www.hamilton.ca/search?category=152&tags=All&sort_bef_combine=date_DESC&page=0%2C102%2C4%2C0%2C0%2C221%2C23,page,
https://www.hamilton.ca/search?category=152&tags=All&sort_bef_combine=date_DESC&page=0%2C102%2C4%2C0%2C4%2C221%2C58,page,
https://www.hamilton.ca/search?category=152&tags=All&sort_bef_combine=date_DESC&page=0%2C102%2C4%2C0%2C0%2C218%2C24,page,
https://www.hamilton.ca/search?category=152&tags=All&sort_bef_combine=date_DESC&page=0%2C102%2C4%2C0%2C0%2C216%2C21,page,
https://www.hamilton.ca/search?category=152&tags=All&sort_bef_combine=date_DESC&page=0%2C102%2C4%2C0%2C0%2C217%2C24,page,
https://www.hamilton.ca/search?category=152&tags=All&sort_bef_combine=date_DESC&page=0%2C102%2C0%2C0%2C2%2C220%2C24,page,
https://www.hamilton.ca/search?category=152&tags=All&sort_bef_combine=date_DESC&page=0%2C102%2C0%2C0%2C1%2C216%2C18,page,
https://www.hamilton.ca/search?category=152&tags=All&sort_bef_combine=date_DESC&page=0%2C102%2C0%2C0%2C2%2C218%2C12,page,
https://www.hamilton.ca/search?category=152&tags=All&sort_bef_combine=date_DESC&page=0%2C102%2C0%2C0%2C2%2C219%2C10,page,
https://www.hamilton.ca/search?category=152&tags=All&sort_bef_combine=date_DESC&page=0%2C102%2C4%2C0%2C0%2C221%2C25,page,
https://www.hamilton.ca/search?category=152&tags=All&sort_bef_combine=date_DESC&page=0%2C102%2C4%2C0%2C4%2C221%2C56,page,
https://www.hamilton.ca/search?category=152&tags=All&sort_bef_combine=date_DESC&page=0%2C102%2C4%2C0%2C0%2C218%2C26,page,
https://www.hamilton.ca/search?category=152&tags=All&sort_bef_combine=date_DESC&page=0%2C102%2C4%2C0%2C0%2C216%2C23,page,
https://www.hamilton.ca/search?category=152&tags=All&sort_bef_combine=date_DESC&page=0%2C102%2C4%2C0%2C0%2C217%2C26,page,
https://www.hamilton.ca/search?category=152&tags=All&sort_bef_combine=date_DESC&page=0%2C102%2C0%2C0%2C2%2C220%2C26,page,
https://www.hamilton.ca/search?category=152&tags=All&sort_bef_combine=date_DESC&page=0%2C102%2C0%2C0%2C1%2C216%2C16,page,
https://www.hamilton.ca/search?category=152&tags=All&sort_bef_combine=date_DESC&page=0%2C102%2C0%2C0%2C2%2C216%2C12,page,
https://www.hamilton.ca/search?category=152&tags=All&sort_bef_combine=date_DESC&page=0%2C102%2C0%2C0%2C2%2C221%2C10,page,
https://www.hamilton.ca/search?category=152&tags=All&sort_bef_combine=date_DESC&page=0%2C102%2C4%2C0%2C0%2C221%2C27,page,
https://www.hamilton.ca/search?category=152&tags=All&sort_bef_combine=date_DESC&page=0%2C102%2C4%2C0%2C0%2C221%2C26,page,
https://www.hamilton.ca/search?category=152&tags=All&sort_bef_combine=date_DESC&page=0%2C102%2C4%2C0%2C4%2C221%2C54,page,
https://www.hamilton.ca/search?category=152&tags=All&sort_bef_combine=date_DESC&page=0%2C102%2C4%2C0%2C4%2C221%2C55,page,
https://www.hamilton.ca/search?category=152&tags=All&sort_bef_combine=date_DESC&page=0%2C102%2C4%2C0%2C4%2C218%2C56,page,
https://www.hamilton.ca/search?category=152&tags=All&sort_bef_combine=date_DESC&page=0%2C102%2C4%2C0%2C0%2C218%2C28,page,
https://www.hamilton.ca/search?category=152&tags=All&sort_bef_combine=date_DESC&page=0%2C102%2C4%2C0%2C0%2C216%2C25,page,
https://www.hamilton.ca/search?category=152&tags=All&sort_bef_combine=date_DESC&page=0%2C102%2C4%2C0%2C0%2C214%2C23,page,
https://www.hamilton.ca/search?category=152&tags=All&sort_bef_combine=date_DESC&page=0%2C102%2C4%2C0%2C0%2C217%2C28,page,
https://www.hamilton.ca/search?category=152&tags=All&sort_bef_combine=date_DESC&page=0%2C102%2C4%2C0%2C0%2C217%2C27,page,
https://www.hamilton.ca/search?category=152&tags=All&sort_bef_combine=date_DESC&page=0%2C102%2C0%2C0%2C2%2C220%2C28,page,
https://www.hamilton.ca/search?category=152&tags=All&sort_bef_combine=date_DESC&page=0%2C102%2C0%2C0%2C2%2C220%2C27,page,
https://www.hamilton.ca/search?category=152&tags=All&sort_bef_combine=date_DESC&page=0%2C102%2C0%2C0%2C1%2C216%2C14,page,
https://www.hamilton.ca/search?category=152&tags=All&sort_bef_combine=date_DESC&page=0%2C102%2C0%2C0%2C1%2C214%2C16,page,
https://www.hamilton.ca/search?category=152&tags=All&sort_bef_combine=date_DESC&page=0%2C102%2C0%2C0%2C2%2C216%2C14,page,
https://www.hamilton.ca/search?category=152&tags=All&sort_bef_combine=date_DESC&page=0%2C102%2C700%2C0%2C2%2C221%2C10,page,
https://www.hamilton.ca/search?category=152&tags=All&sort_bef_combine=date_DESC&page=0%2C102%2C0%2C0%2C2%2C221%2C8,page,
https://www.hamilton.ca/search?category=152&tags=All&sort_bef_combine=date_DESC&page=0%2C102%2C4%2C0%2C0%2C221%2C29,page,
https://www.hamilton.ca/search?category=152&tags=All&sort_bef_combine=date_DESC&page=0%2C102%2C4%2C0%2C4%2C221%2C26,page,
https://www.hamilton.ca/search?category=152&tags=All&sort_bef_combine=date_DESC&page=0%2C102%2C4%2C0%2C4%2C221%2C52,page,
https://www.hamilton.ca/search?category=152&tags=All&sort_bef_combine=date_DESC&page=0%2C102%2C4%2C0%2C4%2C219%2C55,page,
https://www.hamilton.ca/search?category=152&tags=All&sort_bef_combine=date_DESC&page=0%2C102%2C4%2C0%2C4%2C216%2C56,page,
https://www.hamilton.ca/search?category=152&tags=All&sort_bef_combine=date_DESC&page=0%2C102%2C4%2C0%2C0%2C218%2C30,page,
https://www.hamilton.ca/search?category=152&tags=All&sort_bef_combine=date_DESC&page=0%2C102%2C4%2C0%2C0%2C216%2C27,page,
https://www.hamilton.ca/search?category=152&tags=All&sort_bef_combine=date_DESC&page=0%2C102%2C4%2C0%2C0%2C214%2C24,page,
https://www.hamilton.ca/search?category=152&tags=All&sort_bef_combine=date_DESC&page=0%2C102%2C4%2C0%2C0%2C217%2C30,page,
https://www.hamilton.ca/search?category=152&tags=All&sort_bef_combine=date_DESC&page=0%2C102%2C4%2C0%2C0%2C215%2C27,page,
https://www.hamilton.ca/search?category=152&tags=All&sort_bef_combine=date_DESC&page=0%2C102%2C0%2C0%2C2%2C220%2C30,page,
https://www.hamilton.ca/search?category=152&tags=All&sort_bef_combine=date_DESC&page=0%2C102%2C0%2C0%2C2%2C221%2C27,page,
https://www.hamilton.ca/search?category=152&tags=All&sort_bef_combine=date_DESC&page=0%2C102%2C0%2C0%2C1%2C214%2C14,page,
https://www.hamilton.ca/search?category=152&tags=All&sort_bef_combine=date_DESC&page=0%2C102%2C0%2C0%2C1%2C214%2C61,page,
https://www.hamilton.ca/search?category=152&tags=All&sort_bef_combine=date_DESC&page=0%2C102%2C0%2C0%2C2%2C214%2C14,page,
https://www.hamilton.ca/search?category=152&tags=All&sort_bef_combine=date_DESC&page=0%2C102%2C700%2C0%2C2%2C221%2C12,page,
https://www.hamilton.ca/search?category=152&tags=All&sort_bef_combine=date_DESC&page=0%2C102%2C0%2C0%2C2%2C0%2C8,page,
https://www.hamilton.ca/search?category=152&tags=All&sort_bef_combine=date_DESC&page=0%2C102%2C4%2C0%2C0%2C221%2C31,page,
https://www.hamilton.ca/search?category=152&tags=All&sort_bef_combine=date_DESC&page=0%2C102%2C4%2C0%2C4%2C221%2C28,page,
https://www.hamilton.ca/search?category=152&tags=All&sort_bef_combine=date_DESC&page=0%2C102%2C4%2C0%2C4%2C221%2C50,page,
https://www.hamilton.ca/search?category=152&tags=All&sort_bef_combine=date_DESC&page=0%2C102%2C4%2C0%2C4%2C219%2C57,page,
https://www.hamilton.ca/search?category=152&tags=All&sort_bef_combine=date_DESC&page=0%2C102%2C4%2C0%2C4%2C216%2C61,page,
https://www.hamilton.ca/search?category=152&tags=All&sort_bef_combine=date_DESC&page=0%2C102%2C4%2C0%2C0%2C218%2C32,page,
https://www.hamilton.ca/search?category=152&tags=All&sort_bef_combine=date_DESC&page=0%2C102%2C4%2C0%2C0%2C216%2C29,page,
https://www.hamilton.ca/search?category=152&tags=All&sort_bef_combine=date_DESC&page=0%2C102%2C4%2C0%2C0%2C214%2C26,page,
https://www.hamilton.ca/search?category=152&tags=All&sort_bef_combine=date_DESC&page=0%2C102%2C4%2C0%2C0%2C217%2C32,page,
https://www.hamilton.ca/search?category=152&tags=All&sort_bef_combine=date_DESC&page=0%2C102%2C4%2C0%2C0%2C215%2C29,page,
https://www.hamilton.ca/search?category=152&tags=All&sort_bef_combine=date_DESC&page=0%2C102%2C0%2C0%2C2%2C220%2C32,page,
https://www.hamilton.ca/search?category=152&tags=All&sort_bef_combine=date_DESC&page=0%2C102%2C0%2C0%2C2%2C221%2C29,page,
https://www.hamilton.ca/search?category=152&tags=All&sort_bef_combine=date_DESC&page=0%2C102%2C0%2C0%2C1%2C214%2C12,page,
https://www.hamilton.ca/search?category=152&tags=All&sort_bef_combine=date_DESC&page=0%2C102%2C0%2C0%2C1%2C214%2C59,page,
https://www.hamilton.ca/search?category=152&tags=All&sort_bef_combine=date_DESC&page=0%2C102%2C0%2C0%2C2%2C214%2C15,page,
https://www.hamilton.ca/search?category=152&tags=All&sort_bef_combine=date_DESC&page=0%2C102%2C700%2C0%2C2%2C221%2C14,page,
https://www.hamilton.ca/search?category=152&tags=All&sort_bef_combine=date_DESC&page=0%2C102%2C0%2C0%2C2%2C0%2C0,page,
https://www.hamilton.ca/search?category=152&tags=All&sort_bef_combine=date_DESC&page=0%2C102%2C4%2C0%2C0%2C221%2C33,page,
https://www.hamilton.ca/search?category=152&tags=All&sort_bef_combine=date_DESC&page=0%2C102%2C4%2C0%2C4%2C221%2C30,page,
https://www.hamilton.ca/search?category=152&tags=All&sort_bef_combine=date_DESC&page=0%2C102%2C4%2C0%2C4%2C221%2C48,page,
https://www.hamilton.ca/search?category=152&tags=All&sort_bef_combine=date_DESC&page=0%2C102%2C4%2C0%2C2%2C219%2C57,page,
https://www.hamilton.ca/search?category=152&tags=All&sort_bef_combine=date_DESC&page=0%2C102%2C4%2C0%2C4%2C216%2C59,page,
https://www.hamilton.ca/search?category=152&tags=All&sort_bef_combine=date_DESC&page=0%2C102%2C4%2C0%2C0%2C218%2C34,page,
https://www.hamilton.ca/search?category=152&tags=All&sort_bef_combine=date_DESC&page=0%2C102%2C4%2C0%2C0%2C216%2C31,page,
https://www.hamilton.ca/search?category=152&tags=All&sort_bef_combine=date_DESC&page=0%2C102%2C4%2C0%2C0%2C214%2C28,page,
https://www.hamilton.ca/search?category=152&tags=All&sort_bef_combine=date_DESC&page=0%2C102%2C4%2C0%2C0%2C217%2C34,page,
https://www.hamilton.ca/search?category=152&tags=All&sort_bef_combine=date_DESC&page=0%2C102%2C4%2C0%2C0%2C215%2C31,page,
https://www.hamilton.ca/search?category=152&tags=All&sort_bef_combine=date_DESC&page=0%2C102%2C0%2C0%2C2%2C220%2C34,page,
https://www.hamilton.ca/search?category=152&tags=All&sort_bef_combine=date_DESC&page=0%2C102%2C0%2C0%2C2%2C220%2C33,page,
https://www.hamilton.ca/search?category=152&tags=All&sort_bef_combine=date_DESC&page=0%2C102%2C0%2C0%2C1%2C214%2C10,page,
https://www.hamilton.ca/search?category=152&tags=All&sort_bef_combine=date_DESC&page=0%2C102%2C0%2C0%2C1%2C215%2C59,page,
https://www.hamilton.ca/search?category=152&tags=All&sort_bef_combine=date_DESC&page=0%2C102%2C0%2C0%2C2%2C214%2C17,page,
https://www.hamilton.ca/search?category=152&tags=All&sort_bef_combine=date_DESC&page=0%2C102%2C700%2C0%2C2%2C221%2C16,page,
https://www.hamilton.ca/search?category=152&tags=All&sort_bef_combine=date_DESC&page=0%2C102%2C0%2C0%2C2%2C0%2C4,page,
https://www.hamilton.ca/search?category=152&tags=All&sort_bef_combine=date_DESC&page=0%2C102%2C4%2C0%2C0%2C221%2C35,page,
https://www.hamilton.ca/search?category=152&tags=All&sort_bef_combine=date_DESC&page=0%2C102%2C4%2C0%2C4%2C221%2C32,page,
https://www.hamilton.ca/search?category=152&tags=All&sort_bef_combine=date_DESC&page=0%2C102%2C4%2C0%2C4%2C221%2C46,page,
https://www.hamilton.ca/search?category=152&tags=All&sort_bef_combine=date_DESC&page=0%2C102%2C4%2C0%2C2%2C219%2C59,page,
https://www.hamilton.ca/search?category=152&tags=All&sort_bef_combine=date_DESC&page=0%2C102%2C4%2C0%2C4%2C214%2C59,page,
https://www.hamilton.ca/search?category=152&tags=All&sort_bef_combine=date_DESC&page=0%2C102%2C4%2C0%2C0%2C218%2C36,page,
https://www.hamilton.ca/search?category=152&tags=All&sort_bef_combine=date_DESC&page=0%2C102%2C4%2C0%2C0%2C216%2C33,page,
https://www.hamilton.ca/search?category=152&tags=All&sort_bef_combine=date_DESC&page=0%2C102%2C4%2C0%2C0%2C214%2C30,page,
https://www.hamilton.ca/search?category=152&tags=All&sort_bef_combine=date_DESC&page=0%2C102%2C4%2C0%2C0%2C217%2C36,page,
https://www.hamilton.ca/search?category=152&tags=All&sort_bef_combine=date_DESC&page=0%2C102%2C4%2C0%2C0%2C215%2C33,page,
https://www.hamilton.ca/search?category=152&tags=All&sort_bef_combine=date_DESC&page=0%2C102%2C0%2C0%2C2%2C220%2C36,page,
https://www.hamilton.ca/search?category=152&tags=All&sort_bef_combine=date_DESC&page=0%2C102%2C0%2C0%2C2%2C221%2C33,page,
https://www.hamilton.ca/search?category=152&tags=All&sort_bef_combine=date_DESC&page=0%2C102%2C0%2C0%2C1%2C214%2C8,page,
https://www.hamilton.ca/search?category=152&tags=All&sort_bef_combine=date_DESC&page=0%2C102%2C0%2C0%2C1%2C215%2C57,page,
https://www.hamilton.ca/search?category=152&tags=All&sort_bef_combine=date_DESC&page=0%2C102%2C0%2C0%2C2%2C214%2C19,page,
https://www.hamilton.ca/search?category=152&tags=All&sort_bef_combine=date_DESC&page=0%2C102%2C700%2C0%2C2%2C221%2C18,page,
https://www.hamilton.ca/search?category=152&tags=All&sort_bef_combine=date_DESC&page=0%2C102%2C0%2C0%2C2%2C4%2C4,page,
https://www.hamilton.ca/search?category=152&tags=All&sort_bef_combine=date_DESC&page=0%2C102%2C4%2C0%2C0%2C221%2C37,page,
https://www.hamilton.ca/search?category=152&tags=All&sort_bef_combine=date_DESC&page=0%2C102%2C4%2C0%2C4%2C221%2C34,page,
https://www.hamilton.ca/search?category=152&tags=All&sort_bef_combine=date_DESC&page=0%2C102%2C4%2C0%2C4%2C221%2C44,page,
https://www.hamilton.ca/search?category=152&tags=All&sort_bef_combine=date_DESC&page=0%2C102%2C4%2C0%2C2%2C219%2C60,page,
https://www.hamilton.ca/search?category=152&tags=All&sort_bef_combine=date_DESC&page=0%2C102%2C4%2C0%2C4%2C214%2C60,page,
https://www.hamilton.ca/search?category=152&tags=All&sort_bef_combine=date_DESC&page=0%2C102%2C4%2C0%2C0%2C218%2C38,page,
https://www.hamilton.ca/search?category=152&tags=All&sort_bef_combine=date_DESC&page=0%2C102%2C4%2C0%2C0%2C216%2C35,page,
https://www.hamilton.ca/search?category=152&tags=All&sort_bef_combine=date_DESC&page=0%2C102%2C4%2C0%2C0%2C214%2C32,page,
https://www.hamilton.ca/search?category=152&tags=All&sort_bef_combine=date_DESC&page=0%2C102%2C4%2C0%2C0%2C217%2C38,page,
https://www.hamilton.ca/search?category=152&tags=All&sort_bef_combine=date_DESC&page=0%2C102%2C4%2C0%2C0%2C215%2C35,page,
https://www.hamilton.ca/search?category=152&tags=All&sort_bef_combine=date_DESC&page=0%2C102%2C0%2C0%2C2%2C220%2C38,page,
https://www.hamilton.ca/search?category=152&tags=All&sort_bef_combine=date_DESC&page=0%2C102%2C0%2C0%2C2%2C221%2C35,page,
https://www.hamilton.ca/search?category=152&tags=All&sort_bef_combine=date_DESC&page=0%2C102%2C0%2C0%2C1%2C214%2C6,page,
https://www.hamilton.ca/search?category=152&tags=All&sort_bef_combine=date_DESC&page=0%2C102%2C0%2C0%2C1%2C215%2C55,page,
https://www.hamilton.ca/search?category=152&tags=All&sort_bef_combine=date_DESC&page=0%2C102%2C0%2C0%2C2%2C214%2C21,page,
https://www.hamilton.ca/search?category=152&tags=All&sort_bef_combine=date_DESC&page=0%2C102%2C700%2C0%2C2%2C221%2C20,page,
https://www.hamilton.ca/search?category=152&tags=All&sort_bef_combine=date_DESC&page=0%2C102%2C0%2C0%2C2%2C4%2C6,page,
https://www.hamilton.ca/search?category=152&tags=All&sort_bef_combine=date_DESC&page=0%2C102%2C4%2C0%2C0%2C221%2C39,page,
https://www.hamilton.ca/search?category=152&tags=All&sort_bef_combine=date_DESC&page=0%2C102%2C4%2C0%2C4%2C221%2C36,page,
https://www.hamilton.ca/search?category=152&tags=All&sort_bef_combine=date_DESC&page=0%2C102%2C4%2C0%2C4%2C221%2C42,page,
https://www.hamilton.ca/search?category=152&tags=All&sort_bef_combine=date_DESC&page=0%2C102%2C4%2C0%2C3%2C219%2C60,page,
https://www.hamilton.ca/search?category=152&tags=All&sort_bef_combine=date_DESC&page=0%2C102%2C4%2C0%2C4%2C215%2C60,page,
https://www.hamilton.ca/search?category=152&tags=All&sort_bef_combine=date_DESC&page=0%2C102%2C4%2C0%2C0%2C218%2C40,page,
https://www.hamilton.ca/search?category=152&tags=All&sort_bef_combine=date_DESC&page=0%2C102%2C4%2C0%2C0%2C216%2C37,page,
https://www.hamilton.ca/search?category=152&tags=All&sort_bef_combine=date_DESC&page=0%2C102%2C4%2C0%2C0%2C214%2C34,page,
https://www.hamilton.ca/search?category=152&tags=All&sort_bef_combine=date_DESC&page=0%2C102%2C4%2C0%2C0%2C217%2C40,page,
https://www.hamilton.ca/search?category=152&tags=All&sort_bef_combine=date_DESC&page=0%2C102%2C4%2C0%2C0%2C215%2C37,page,
https://www.hamilton.ca/search?category=152&tags=All&sort_bef_combine=date_DESC&page=0%2C102%2C0%2C0%2C2%2C220%2C40,page,
https://www.hamilton.ca/search?category=152&tags=All&sort_bef_combine=date_DESC&page=0%2C102%2C0%2C0%2C2%2C221%2C37,page,
https://www.hamilton.ca/search?category=152&tags=All&sort_bef_combine=date_DESC&page=0%2C102%2C0%2C0%2C1%2C214%2C4,page,
https://www.hamilton.ca/search?category=152&tags=All&sort_bef_combine=date_DESC&page=0%2C102%2C0%2C0%2C1%2C215%2C53,page,
https://www.hamilton.ca/search?category=152&tags=All&sort_bef_combine=date_DESC&page=0%2C102%2C0%2C0%2C2%2C214%2C23,page,
https://www.hamilton.ca/search?category=152&tags=All&sort_bef_combine=date_DESC&page=0%2C102%2C700%2C0%2C2%2C221%2C22,page,
https://www.hamilton.ca/search?category=152&tags=All&sort_bef_combine=date_DESC&page=0%2C102%2C0%2C0%2C2%2C4%2C7,page,
https://www.hamilton.ca/search?category=152&tags=All&sort_bef_combine=date_DESC&page=0%2C102%2C4%2C0%2C0%2C221%2C41,page,
https://www.hamilton.ca/search?category=152&tags=All&sort_bef_combine=date_DESC&page=0%2C102%2C4%2C0%2C4%2C221%2C38,page,
https://www.hamilton.ca/search?category=152&tags=All&sort_bef_combine=date_DESC&page=0%2C102%2C4%2C0%2C0%2C215%2C39,page,
https://www.hamilton.ca/search?category=152&tags=All&sort_bef_combine=date_DESC&page=0%2C102%2C0%2C0%2C2%2C221%2C39,page,
https://www.hamilton.ca/search?category=152&tags=All&sort_bef_combine=date_DESC&page=0%2C102%2C0%2C0%2C1%2C214%2C2,page,
https://www.hamilton.ca/search?category=152&tags=All&sort_bef_combine=date_DESC&page=0%2C102%2C0%2C0%2C1%2C215%2C51,page,
https://www.hamilton.ca/search?category=152&tags=All&sort_bef_combine=date_DESC&page=0%2C102%2C0%2C0%2C2%2C214%2C25,page,
https://www.hamilton.ca/search?category=152&tags=All&sort_bef_combine=date_DESC&page=0%2C102%2C700%2C0%2C2%2C221%2C24,page,
https://www.hamilton.ca/search?category=152&tags=All&sort_bef_combine=date_DESC&page=0%2C102%2C700%2C0%2C2%2C221%2C23,page,
https://www.hamilton.ca/search?category=152&tags=All&sort_bef_combine=date_DESC&page=0%2C102%2C0%2C0%2C2%2C4%2C9,page,
https://www.hamilton.ca/search?category=152&tags=All&sort_bef_combine=date_DESC&page=0%2C102%2C0%2C0%2C2%2C6%2C7,page,
https://www.hamilton.ca/search?category=152&tags=All&sort_bef_combine=date_DESC&page=0%2C102%2C4%2C0%2C0%2C215%2C41,page,
https://www.hamilton.ca/search?category=152&tags=All&sort_bef_combine=date_DESC&page=0%2C102%2C0%2C0%2C2%2C221%2C41,page,
https://www.hamilton.ca/search?category=152&tags=All&sort_bef_combine=date_DESC&page=0%2C102%2C0%2C0%2C1%2C214%2C1,page,
https://www.hamilton.ca/search?category=152&tags=All&sort_bef_combine=date_DESC&page=0%2C102%2C0%2C0%2C1%2C215%2C49,page,
https://www.hamilton.ca/search?category=152&tags=All&sort_bef_combine=date_DESC&page=0%2C102%2C0%2C0%2C2%2C214%2C27,page,
https://www.hamilton.ca/search?category=152&tags=All&sort_bef_combine=date_DESC&page=0%2C102%2C700%2C0%2C2%2C221%2C26,page,
https://www.hamilton.ca/search?category=152&tags=All&sort_bef_combine=date_DESC&page=0%2C102%2C700%2C0%2C2%2C219%2C23,page,
https://www.hamilton.ca/search?category=152&tags=All&sort_bef_combine=date_DESC&page=0%2C102%2C0%2C0%2C2%2C4%2C11,page,
https://www.hamilton.ca/search?category=152&tags=All&sort_bef_combine=date_DESC&page=0%2C102%2C0%2C0%2C2%2C6%2C61,page,
https://www.hamilton.ca/search?category=152&tags=All&sort_bef_combine=date_DESC&page=0%2C102%2C4%2C0%2C0%2C215%2C43,page,
https://www.hamilton.ca/search?category=152&tags=All&sort_bef_combine=date_DESC&page=0%2C102%2C0%2C0%2C2%2C221%2C43,page,
https://www.hamilton.ca/search?category=152&tags=All&sort_bef_combine=date_DESC&page=0%2C102%2C0%2C0%2C1%2C216%2C1,page,
https://www.hamilton.ca/search?category=152&tags=All&sort_bef_combine=date_DESC&page=0%2C102%2C0%2C0%2C1%2C215%2C1,page,
https://www.hamilton.ca/search?category=152&tags=All&sort_bef_combine=date_DESC&page=0%2C102%2C0%2C0%2C2%2C214%2C29,page,
https://www.hamilton.ca/search?category=152&tags=All&sort_bef_combine=date_DESC&page=0%2C102%2C700%2C0%2C2%2C221%2C28,page,
https://www.hamilton.ca/search?category=152&tags=All&sort_bef_combine=date_DESC&page=0%2C102%2C700%2C0%2C2%2C219%2C25,page,
https://www.hamilton.ca/search?category=152&tags=All&sort_bef_combine=date_DESC&page=0%2C102%2C0%2C0%2C2%2C4%2C13,page,
https://www.hamilton.ca/search?category=152&tags=All&sort_bef_combine=date_DESC&page=0%2C102%2C0%2C0%2C2%2C6%2C59,page,
https://www.hamilton.ca/search?category=152&tags=All&sort_bef_combine=date_DESC&page=0%2C102%2C4%2C0%2C0%2C215%2C45,page,
https://www.hamilton.ca/search?category=152&tags=All&sort_bef_combine=date_DESC&page=0%2C102%2C0%2C0%2C2%2C221%2C45,page,
https://www.hamilton.ca/search?category=152&tags=All&sort_bef_combine=date_DESC&page=0%2C102%2C0%2C0%2C1%2C216%2C3,page,
https://www.hamilton.ca/search?category=152&tags=All&sort_bef_combine=date_DESC&page=0%2C102%2C0%2C0%2C1%2C215%2C3,page,
https://www.hamilton.ca/search?category=152&tags=All&sort_bef_combine=date_DESC&page=0%2C102%2C0%2C0%2C2%2C214%2C31,page,
https://www.hamilton.ca/search?category=152&tags=All&sort_bef_combine=date_DESC&page=0%2C102%2C700%2C0%2C2%2C221%2C30,page,
https://www.hamilton.ca/search?category=152&tags=All&sort_bef_combine=date_DESC&page=0%2C102%2C700%2C0%2C2%2C219%2C27,page,
https://www.hamilton.ca/search?category=152&tags=All&sort_bef_combine=date_DESC&page=0%2C102%2C0%2C0%2C2%2C4%2C15,page,
https://www.hamilton.ca/search?category=152&tags=All&sort_bef_combine=date_DESC&page=0%2C102%2C0%2C0%2C2%2C8%2C59,page,
https://www.hamilton.ca/search?category=152&tags=All&sort_bef_combine=date_DESC&page=0%2C102%2C4%2C0%2C0%2C216%2C45,page,
https://www.hamilton.ca/search?category=152&tags=All&sort_bef_combine=date_DESC&page=0%2C102%2C0%2C0%2C2%2C221%2C47,page,
https://www.hamilton.ca/search?category=152&tags=All&sort_bef_combine=date_DESC&page=0%2C102%2C0%2C0%2C1%2C216%2C5,page,
https://www.hamilton.ca/search?category=152&tags=All&sort_bef_combine=date_DESC&page=0%2C102%2C0%2C0%2C1%2C215%2C5,page,
https://www.hamilton.ca/search?category=152&tags=All&sort_bef_combine=date_DESC&page=0%2C102%2C0%2C0%2C2%2C214%2C33,page,
https://www.hamilton.ca/search?category=152&tags=All&sort_bef_combine=date_DESC&page=0%2C102%2C700%2C0%2C2%2C221%2C32,page,
https://www.hamilton.ca/search?category=152&tags=All&sort_bef_combine=date_DESC&page=0%2C102%2C700%2C0%2C2%2C219%2C29,page,
https://www.hamilton.ca/search?category=152&tags=All&sort_bef_combine=date_DESC&page=0%2C102%2C0%2C0%2C2%2C4%2C17,page,
https://www.hamilton.ca/search?category=152&tags=All&sort_bef_combine=date_DESC&page=0%2C102%2C0%2C0%2C2%2C8%2C60,page,
https://www.hamilton.ca/search?category=152&tags=All&sort_bef_combine=date_DESC&page=0%2C102%2C4%2C0%2C0%2C216%2C47,page,
https://www.hamilton.ca/search?category=152&tags=All&sort_bef_combine=date_DESC&page=0%2C102%2C0%2C0%2C2%2C221%2C49,page,
https://www.hamilton.ca/search?category=152&tags=All&sort_bef_combine=date_DESC&page=0%2C102%2C0%2C0%2C1%2C216%2C7,page,
https://www.hamilton.ca/search?category=152&tags=All&sort_bef_combine=date_DESC&page=0%2C102%2C0%2C0%2C1%2C215%2C7,page,
https://www.hamilton.ca/search?category=152&tags=All&sort_bef_combine=date_DESC&page=0%2C102%2C0%2C0%2C2%2C214%2C35,page,
https://www.hamilton.ca/search?category=152&tags=All&sort_bef_combine=date_DESC&page=0%2C102%2C700%2C0%2C2%2C221%2C34,page,
https://www.hamilton.ca/search?category=152&tags=All&sort_bef_combine=date_DESC&page=0%2C102%2C700%2C0%2C2%2C219%2C31,page,
https://www.hamilton.ca/search?category=152&tags=All&sort_bef_combine=date_DESC&page=0%2C102%2C0%2C0%2C2%2C4%2C19,page,
https://www.hamilton.ca/search?category=152&tags=All&sort_bef_combine=date_DESC&page=0%2C102%2C0%2C0%2C2%2C10%2C60,page,
https://www.hamilton.ca/search?category=152&tags=All&sort_bef_combine=date_DESC&page=0%2C102%2C4%2C0%2C0%2C216%2C49,page,
https://www.hamilton.ca/search?category=152&tags=All&sort_bef_combine=date_DESC&page=0%2C102%2C0%2C0%2C2%2C221%2C51,page,
https://www.hamilton.ca/search?category=152&tags=All&sort_bef_combine=date_DESC&page=0%2C102%2C0%2C0%2C1%2C218%2C7,page,
https://www.hamilton.ca/search?category=152&tags=All&sort_bef_combine=date_DESC&page=0%2C102%2C0%2C0%2C1%2C215%2C9,page,
https://www.hamilton.ca/search?category=152&tags=All&sort_bef_combine=date_DESC&page=0%2C102%2C0%2C0%2C2%2C214%2C37,page,
https://www.hamilton.ca/search?category=152&tags=All&sort_bef_combine=date_DESC&page=0%2C102%2C700%2C0%2C2%2C221%2C36,page,
https://www.hamilton.ca/search?category=152&tags=All&sort_bef_combine=date_DESC&page=0%2C102%2C700%2C0%2C2%2C219%2C34,page,
https://www.hamilton.ca/search?category=152&tags=All&sort_bef_combine=date_DESC&page=0%2C102%2C700%2C0%2C2%2C219%2C33,page,
https://www.hamilton.ca/search?category=152&tags=All&sort_bef_combine=date_DESC&page=0%2C102%2C700%2C0%2C2%2C220%2C31,page,
https://www.hamilton.ca/search?category=152&tags=All&sort_bef_combine=date_DESC&page=0%2C102%2C0%2C0%2C2%2C4%2C21,page,
https://www.hamilton.ca/search?category=152&tags=All&sort_bef_combine=date_DESC&page=0%2C102%2C0%2C0%2C2%2C6%2C19,page,
https://www.hamilton.ca/search?category=152&tags=All&sort_bef_combine=date_DESC&page=0%2C102%2C0%2C0%2C2%2C10%2C61,page,
https://www.hamilton.ca/search?category=152&tags=All&sort_bef_combine=date_DESC&page=0%2C102%2C0%2C0%2C2%2C10%2C58,page,
https://www.hamilton.ca/search?category=152&tags=All&sort_bef_combine=date_DESC&page=0%2C102%2C4%2C0%2C0%2C221%2C49,page,
https://www.hamilton.ca/search?category=152&tags=All&sort_bef_combine=date_DESC&page=0%2C102%2C4%2C0%2C0%2C218%2C49,page,
https://www.hamilton.ca/search?category=152&tags=All&sort_bef_combine=date_DESC&page=0%2C102%2C0%2C0%2C2%2C221%2C53,page,
https://www.hamilton.ca/search?category=152&tags=All&sort_bef_combine=date_DESC&page=0%2C102%2C0%2C0%2C2%2C221%2C52,page,
https://www.hamilton.ca/search?category=152&tags=All&sort_bef_combine=date_DESC&page=0%2C102%2C0%2C0%2C1%2C218%2C6,page,
https://www.hamilton.ca/search?category=152&tags=All&sort_bef_combine=date_DESC&page=0%2C102%2C0%2C0%2C2%2C218%2C7,page,
https://www.hamilton.ca/search?category=152&tags=All&sort_bef_combine=date_DESC&page=0%2C102%2C0%2C0%2C1%2C215%2C11,page,
https://www.hamilton.ca/search?category=152&tags=All&sort_bef_combine=date_DESC&page=0%2C102%2C0%2C0%2C1%2C217%2C9,page,
https://www.hamilton.ca/search?category=152&tags=All&sort_bef_combine=date_DESC&page=0%2C102%2C0%2C0%2C2%2C214%2C39,page,
https://www.hamilton.ca/search?category=152&tags=All&sort_bef_combine=date_DESC&page=0%2C102%2C700%2C0%2C2%2C221%2C38,page,
https://www.hamilton.ca/search?category=152&tags=All&sort_bef_combine=date_DESC&page=0%2C102%2C700%2C0%2C2%2C219%2C35,page,
https://www.hamilton.ca/search?category=152&tags=All&sort_bef_combine=date_DESC&page=0%2C102%2C700%2C0%2C2%2C217%2C33,page,
https://www.hamilton.ca/search?category=152&tags=All&sort_bef_combine=date_DESC&page=0%2C102%2C700%2C0%2C2%2C220%2C0,page,
https://www.hamilton.ca/search?category=152&tags=All&sort_bef_combine=date_DESC&page=0%2C102%2C0%2C0%2C2%2C4%2C23,page,
https://www.hamilton.ca/search?category=152&tags=All&sort_bef_combine=date_DESC&page=0%2C102%2C0%2C0%2C2%2C6%2C20,page,
https://www.hamilton.ca/search?category=152&tags=All&sort_bef_combine=date_DESC&page=0%2C102%2C0%2C0%2C2%2C12%2C61,page,
https://www.hamilton.ca/search?category=152&tags=All&sort_bef_combine=date_DESC&page=0%2C102%2C0%2C0%2C2%2C10%2C56,page,
https://www.hamilton.ca/search?category=152&tags=All&sort_bef_combine=date_DESC&page=0%2C102%2C4%2C0%2C0%2C220%2C49,page,
https://www.hamilton.ca/search?category=152&tags=All&sort_bef_combine=date_DESC&page=0%2C102%2C4%2C0%2C4%2C218%2C49,page,
https://www.hamilton.ca/search?category=152&tags=All&sort_bef_combine=date_DESC&page=0%2C102%2C0%2C0%2C2%2C219%2C53,page,
https://www.hamilton.ca/search?category=152&tags=All&sort_bef_combine=date_DESC&page=0%2C102%2C0%2C0%2C2%2C218%2C52,page,
https://www.hamilton.ca/search?category=152&tags=All&sort_bef_combine=date_DESC&page=0%2C102%2C0%2C0%2C1%2C218%2C4,page,
https://www.hamilton.ca/search?category=152&tags=All&sort_bef_combine=date_DESC&page=0%2C102%2C0%2C0%2C2%2C217%2C7,page,
https://www.hamilton.ca/search?category=152&tags=All&sort_bef_combine=date_DESC&page=0%2C102%2C0%2C0%2C1%2C217%2C11,page,
https://www.hamilton.ca/search?category=152&tags=All&sort_bef_combine=date_DESC&page=0%2C102%2C0%2C0%2C2%2C217%2C9,page,
https://www.hamilton.ca/search?category=152&tags=All&sort_bef_combine=date_DESC&page=0%2C102%2C0%2C0%2C2%2C214%2C41,page,
https://www.hamilton.ca/search?category=152&tags=All&sort_bef_combine=date_DESC&page=0%2C102%2C700%2C0%2C2%2C221%2C40,page,
https://www.hamilton.ca/search?category=152&tags=All&sort_bef_combine=date_DESC&page=0%2C102%2C700%2C0%2C2%2C219%2C37,page,
https://www.hamilton.ca/search?category=152&tags=All&sort_bef_combine=date_DESC&page=0%2C102%2C700%2C0%2C2%2C217%2C61,page,
https://www.hamilton.ca/search?category=152&tags=All&sort_bef_combine=date_DESC&page=0%2C102%2C700%2C0%2C2%2C220%2C4,page,
https://www.hamilton.ca/search?category=152&tags=All&sort_bef_combine=date_DESC&page=0%2C102%2C0%2C0%2C2%2C4%2C25,page,
https://www.hamilton.ca/search?category=152&tags=All&sort_bef_combine=date_DESC&page=0%2C102%2C0%2C0%2C2%2C6%2C22,page,
https://www.hamilton.ca/search?category=152&tags=All&sort_bef_combine=date_DESC&page=0%2C102%2C0%2C0%2C2%2C12%2C59,page,
https://www.hamilton.ca/search?category=152&tags=All&sort_bef_combine=date_DESC&page=0%2C102%2C0%2C0%2C2%2C10%2C54,page,
https://www.hamilton.ca/search?category=152&tags=All&sort_bef_combine=date_DESC&page=0%2C102%2C4%2C0%2C0%2C220%2C51,page,
https://www.hamilton.ca/search?category=152&tags=All&sort_bef_combine=date_DESC&page=0%2C102%2C4%2C0%2C4%2C218%2C51,page,
https://www.hamilton.ca/search?category=152&tags=All&sort_bef_combine=date_DESC&page=0%2C102%2C0%2C0%2C4%2C219%2C53,page,
https://www.hamilton.ca/search?category=152&tags=All&sort_bef_combine=date_DESC&page=0%2C102%2C0%2C0%2C2%2C218%2C50,page,
https://www.hamilton.ca/search?category=152&tags=All&sort_bef_combine=date_DESC&page=0%2C102%2C0%2C0%2C2%2C218%2C4,page,
https://www.hamilton.ca/search?category=152&tags=All&sort_bef_combine=date_DESC&page=0%2C102%2C0%2C0%2C2%2C217%2C5,page,
https://www.hamilton.ca/search?category=152&tags=All&sort_bef_combine=date_DESC&page=0%2C102%2C0%2C0%2C2%2C217%2C11,page,
https://www.hamilton.ca/search?category=152&tags=All&sort_bef_combine=date_DESC&page=0%2C102%2C700%2C0%2C2%2C217%2C9,page,
https://www.hamilton.ca/search?category=152&tags=All&sort_bef_combine=date_DESC&page=0%2C102%2C0%2C0%2C2%2C214%2C43,page,
https://www.hamilton.ca/search?category=152&tags=All&sort_bef_combine=date_DESC&page=0%2C102%2C700%2C0%2C2%2C221%2C42,page,
https://www.hamilton.ca/search?category=152&tags=All&sort_bef_combine=date_DESC&page=0%2C102%2C700%2C0%2C2%2C219%2C39,page,
https://www.hamilton.ca/search?category=152&tags=All&sort_bef_combine=date_DESC&page=0%2C102%2C700%2C0%2C2%2C217%2C58,page,
https://www.hamilton.ca/search?category=152&tags=All&sort_bef_combine=date_DESC&page=0%2C102%2C700%2C0%2C2%2C220%2C5,page,
https://www.hamilton.ca/search?category=152&tags=All&sort_bef_combine=date_DESC&page=0%2C102%2C0%2C0%2C2%2C4%2C27,page,
https://www.hamilton.ca/search?category=152&tags=All&sort_bef_combine=date_DESC&page=0%2C102%2C0%2C0%2C2%2C6%2C24,page,
https://www.hamilton.ca/search?category=152&tags=All&sort_bef_combine=date_DESC&page=0%2C102%2C0%2C0%2C2%2C14%2C59,page,
https://www.hamilton.ca/search?category=152&tags=All&sort_bef_combine=date_DESC&page=0%2C102%2C0%2C0%2C2%2C10%2C52,page,
https://www.hamilton.ca/search?category=152&tags=All&sort_bef_combine=date_DESC&page=0%2C102%2C4%2C0%2C0%2C220%2C53,page,
https://www.hamilton.ca/search?category=152&tags=All&sort_bef_combine=date_DESC&page=0%2C102%2C4%2C0%2C4%2C218%2C53,page,
https://www.hamilton.ca/search?category=152&tags=All&sort_bef_combine=date_DESC&page=0%2C102%2C0%2C0%2C4%2C219%2C51,page,
https://www.hamilton.ca/search?category=152&tags=All&sort_bef_combine=date_DESC&page=0%2C102%2C0%2C0%2C2%2C218%2C48,page,
https://www.hamilton.ca/search?category=152&tags=All&sort_bef_combine=date_DESC&page=0%2C102%2C0%2C0%2C2%2C216%2C4,page,
https://www.hamilton.ca/search?category=152&tags=All&sort_bef_combine=date_DESC&page=0%2C102%2C0%2C0%2C2%2C217%2C3,page,
https://www.hamilton.ca/search?category=152&tags=All&sort_bef_combine=date_DESC&page=0%2C102%2C700%2C0%2C2%2C217%2C11,page,
https://www.hamilton.ca/search?category=152&tags=All&sort_bef_combine=date_DESC&page=0%2C102%2C700%2C0%2C2%2C219%2C9,page,
https://www.hamilton.ca/search?category=152&tags=All&sort_bef_combine=date_DESC&page=0%2C102%2C0%2C0%2C2%2C214%2C45,page,
https://www.hamilton.ca/search?category=152&tags=All&sort_bef_combine=date_DESC&page=0%2C102%2C700%2C0%2C2%2C221%2C44,page,
https://www.hamilton.ca/search?category=152&tags=All&sort_bef_combine=date_DESC&page=0%2C102%2C700%2C0%2C2%2C219%2C41,page,
https://www.hamilton.ca/search?category=152&tags=All&sort_bef_combine=date_DESC&page=0%2C102%2C700%2C0%2C2%2C217%2C56,page,
https://www.hamilton.ca/search?category=152&tags=All&sort_bef_combine=date_DESC&page=0%2C102%2C700%2C0%2C2%2C220%2C7,page,
https://www.hamilton.ca/search?category=152&tags=All&sort_bef_combine=date_DESC&page=0%2C102%2C0%2C0%2C2%2C4%2C29,page,
https://www.hamilton.ca/search?category=152&tags=All&sort_bef_combine=date_DESC&page=0%2C102%2C0%2C0%2C2%2C6%2C26,page,
https://www.hamilton.ca/search?category=152&tags=All&sort_bef_combine=date_DESC&page=0%2C102%2C0%2C0%2C2%2C14%2C60,page,
https://www.hamilton.ca/search?category=152&tags=All&sort_bef_combine=date_DESC&page=0%2C102%2C0%2C0%2C2%2C10%2C50,page,
https://www.hamilton.ca/search?category=152&tags=All&sort_bef_combine=date_DESC&page=0%2C102%2C4%2C0%2C4%2C220%2C53,page,
https://www.hamilton.ca/search?category=152&tags=All&sort_bef_combine=date_DESC&page=0%2C102%2C4%2C0%2C4%2C216%2C53,page,
https://www.hamilton.ca/search?category=152&tags=All&sort_bef_combine=date_DESC&page=0%2C102%2C0%2C0%2C4%2C219%2C49,page,
https://www.hamilton.ca/search?category=152&tags=All&sort_bef_combine=date_DESC&page=0%2C102%2C0%2C0%2C2%2C218%2C46,page,
https://www.hamilton.ca/search?category=152&tags=All&sort_bef_combine=date_DESC&page=0%2C102%2C0%2C0%2C2%2C216%2C6,page,
https://www.hamilton.ca/search?category=152&tags=All&sort_bef_combine=date_DESC&page=0%2C102%2C0%2C0%2C2%2C217%2C1,page,
https://www.hamilton.ca/search?category=152&tags=All&sort_bef_combine=date_DESC&page=0%2C102%2C700%2C0%2C2%2C217%2C13,page,
https://www.hamilton.ca/search?category=152&tags=All&sort_bef_combine=date_DESC&page=0%2C102%2C700%2C0%2C2%2C219%2C7,page,
https://www.hamilton.ca/search?category=152&tags=All&sort_bef_combine=date_DESC&page=0%2C102%2C0%2C0%2C2%2C214%2C47,page,
https://www.hamilton.ca/search?category=152&tags=All&sort_bef_combine=date_DESC&page=0%2C102%2C700%2C0%2C2%2C221%2C46,page,
https://www.hamilton.ca/search?category=152&tags=All&sort_bef_combine=date_DESC&page=0%2C102%2C700%2C0%2C2%2C219%2C43,page,
https://www.hamilton.ca/search?category=152&tags=All&sort_bef_combine=date_DESC&page=0%2C102%2C700%2C0%2C2%2C217%2C54,page,
https://www.hamilton.ca/search?category=152&tags=All&sort_bef_combine=date_DESC&page=0%2C102%2C700%2C0%2C2%2C220%2C8,page,
https://www.hamilton.ca/search?category=152&tags=All&sort_bef_combine=date_DESC&page=0%2C102%2C0%2C0%2C2%2C4%2C31,page,
https://www.hamilton.ca/search?category=152&tags=All&sort_bef_combine=date_DESC&page=0%2C102%2C0%2C0%2C2%2C6%2C28,page,
https://www.hamilton.ca/search?category=152&tags=All&sort_bef_combine=date_DESC&page=0%2C102%2C0%2C0%2C2%2C16%2C60,page,
https://www.hamilton.ca/search?category=152&tags=All&sort_bef_combine=date_DESC&page=0%2C102%2C0%2C0%2C2%2C10%2C48,page,
https://www.hamilton.ca/search?category=152&tags=All&sort_bef_combine=date_DESC&page=0%2C102%2C6%2C0%2C4%2C220%2C53,page,
https://www.hamilton.ca/search?category=152&tags=All&sort_bef_combine=date_DESC&page=0%2C102%2C5%2C0%2C4%2C220%2C53,page,
https://www.hamilton.ca/search?category=152&tags=All&sort_bef_combine=date_DESC&page=0%2C102%2C0%2C0%2C4%2C220%2C49,page,
https://www.hamilton.ca/search?category=152&tags=All&sort_bef_combine=date_DESC&page=0%2C102%2C0%2C0%2C2%2C218%2C44,page,
https://www.hamilton.ca/search?category=152&tags=All&sort_bef_combine=date_DESC&page=0%2C102%2C0%2C0%2C2%2C216%2C8,page,
https://www.hamilton.ca/search?category=152&tags=All&sort_bef_combine=date_DESC&page=0%2C102%2C0%2C0%2C2%2C219%2C1,page,
https://www.hamilton.ca/search?category=152&tags=All&sort_bef_combine=date_DESC&page=0%2C102%2C700%2C0%2C2%2C217%2C15,page,
https://www.hamilton.ca/search?category=152&tags=All&sort_bef_combine=date_DESC&page=0%2C102%2C700%2C0%2C3%2C219%2C7,page,
https://www.hamilton.ca/search?category=152&tags=All&sort_bef_combine=date_DESC&page=0%2C102%2C0%2C0%2C2%2C214%2C49,page,
https://www.hamilton.ca/search?category=152&tags=All&sort_bef_combine=date_DESC&page=0%2C102%2C700%2C0%2C2%2C221%2C48,page,
https://www.hamilton.ca/search?category=152&tags=All&sort_bef_combine=date_DESC&page=0%2C102%2C700%2C0%2C2%2C219%2C45,page,
https://www.hamilton.ca/search?category=152&tags=All&sort_bef_combine=date_DESC&page=0%2C102%2C700%2C0%2C2%2C217%2C52,page,
https://www.hamilton.ca/search?category=152&tags=All&sort_bef_combine=date_DESC&page=0%2C102%2C700%2C0%2C2%2C218%2C8,page,
https://www.hamilton.ca/search?category=152&tags=All&sort_bef_combine=date_DESC&page=0%2C102%2C0%2C0%2C2%2C4%2C33,page,
https://www.hamilton.ca/search?category=152&tags=All&sort_bef_combine=date_DESC&page=0%2C102%2C0%2C0%2C2%2C6%2C30,page,
https://www.hamilton.ca/search?category=152&tags=All&sort_bef_combine=date_DESC&page=0%2C102%2C0%2C0%2C2%2C16%2C61,page,
https://www.hamilton.ca/search?category=152&tags=All&sort_bef_combine=date_DESC&page=0%2C102%2C0%2C0%2C2%2C10%2C46,page,
https://www.hamilton.ca/search?category=152&tags=All&sort_bef_combine=date_DESC&page=0%2C102%2C6%2C0%2C4%2C220%2C61,page,
https://www.hamilton.ca/search?category=152&tags=All&sort_bef_combine=date_DESC&page=0%2C102%2C5%2C0%2C4%2C220%2C61,page,
https://www.hamilton.ca/search?category=152&tags=All&sort_bef_combine=date_DESC&page=0%2C102%2C0%2C0%2C4%2C220%2C50,page,
https://www.hamilton.ca/search?category=152&tags=All&sort_bef_combine=date_DESC&page=0%2C102%2C0%2C0%2C2%2C218%2C42,page,
https://www.hamilton.ca/search?category=152&tags=All&sort_bef_combine=date_DESC&page=0%2C102%2C0%2C0%2C2%2C215%2C8,page,
https://www.hamilton.ca/search?category=152&tags=All&sort_bef_combine=date_DESC&page=0%2C102%2C0%2C0%2C2%2C220%2C1,page,
https://www.hamilton.ca/search?category=152&tags=All&sort_bef_combine=date_DESC&page=0%2C102%2C700%2C0%2C2%2C217%2C17,page,
https://www.hamilton.ca/search?category=152&tags=All&sort_bef_combine=date_DESC&page=0%2C102%2C700%2C0%2C3%2C219%2C8,page,
https://www.hamilton.ca/search?category=152&tags=All&sort_bef_combine=date_DESC&page=0%2C102%2C0%2C0%2C2%2C214%2C51,page,
https://www.hamilton.ca/search?category=152&tags=All&sort_bef_combine=date_DESC&page=0%2C102%2C700%2C0%2C2%2C221%2C50,page,
https://www.hamilton.ca/search?category=152&tags=All&sort_bef_combine=date_DESC&page=0%2C102%2C700%2C0%2C2%2C219%2C47,page,
https://www.hamilton.ca/search?category=152&tags=All&sort_bef_combine=date_DESC&page=0%2C102%2C700%2C0%2C2%2C217%2C50,page,
https://www.hamilton.ca/search?category=152&tags=All&sort_bef_combine=date_DESC&page=0%2C102%2C700%2C0%2C2%2C218%2C6,page,
https://www.hamilton.ca/search?category=152&tags=All&sort_bef_combine=date_DESC&page=0%2C102%2C0%2C0%2C2%2C4%2C35,page,
https://www.hamilton.ca/search?category=152&tags=All&sort_bef_combine=date_DESC&page=0%2C102%2C0%2C0%2C2%2C6%2C32,page,
https://www.hamilton.ca/search?category=152&tags=All&sort_bef_combine=date_DESC&page=0%2C102%2C0%2C0%2C2%2C18%2C61,page,
https://www.hamilton.ca/search?category=152&tags=All&sort_bef_combine=date_DESC&page=0%2C102%2C0%2C0%2C2%2C10%2C44,page,
https://www.hamilton.ca/search?category=152&tags=All&sort_bef_combine=date_DESC&page=0%2C102%2C6%2C0%2C4%2C220%2C58,page,
https://www.hamilton.ca/search?category=152&tags=All&sort_bef_combine=date_DESC&page=0%2C102%2C5%2C0%2C4%2C220%2C58,page,
https://www.hamilton.ca/search?category=152&tags=All&sort_bef_combine=date_DESC&page=0%2C102%2C0%2C0%2C4%2C217%2C50,page,
https://www.hamilton.ca/search?category=152&tags=All&sort_bef_combine=date_DESC&page=0%2C102%2C0%2C0%2C2%2C219%2C42,page,
https://www.hamilton.ca/search?category=152&tags=All&sort_bef_combine=date_DESC&page=0%2C102%2C0%2C0%2C2%2C215%2C61,page,
https://www.hamilton.ca/search?category=152&tags=All&sort_bef_combine=date_DESC&page=0%2C102%2C0%2C0%2C2%2C220%2C3,page,
https://www.hamilton.ca/search?category=152&tags=All&sort_bef_combine=date_DESC&page=0%2C102%2C700%2C0%2C2%2C217%2C19,page,
https://www.hamilton.ca/search?category=152&tags=All&sort_bef_combine=date_DESC&page=0%2C102%2C700%2C0%2C3%2C219%2C10,page,
https://www.hamilton.ca/search?category=152&tags=All&sort_bef_combine=date_DESC&page=0%2C102%2C0%2C0%2C2%2C214%2C53,page,
https://www.hamilton.ca/search?category=152&tags=All&sort_bef_combine=date_DESC&page=0%2C102%2C700%2C0%2C2%2C219%2C50,page,
https://www.hamilton.ca/search?category=152&tags=All&sort_bef_combine=date_DESC&page=0%2C102%2C700%2C0%2C2%2C0%2C50,page,
https://www.hamilton.ca/search?category=152&tags=All&sort_bef_combine=date_DESC&page=0%2C102%2C700%2C0%2C2%2C217%2C49,page,
https://www.hamilton.ca/search?category=152&tags=All&sort_bef_combine=date_DESC&page=0%2C102%2C700%2C0%2C2%2C221%2C6,page,
https://www.hamilton.ca/search?category=152&tags=All&sort_bef_combine=date_DESC&page=0%2C102%2C0%2C0%2C2%2C4%2C37,page,
https://www.hamilton.ca/search?category=152&tags=All&sort_bef_combine=date_DESC&page=0%2C102%2C0%2C0%2C2%2C6%2C34,page,
https://www.hamilton.ca/search?category=152&tags=All&sort_bef_combine=date_DESC&page=0%2C102%2C0%2C0%2C2%2C8%2C32,page,
https://www.hamilton.ca/search?category=152&tags=All&sort_bef_combine=date_DESC&page=0%2C102%2C0%2C0%2C2%2C10%2C42,page,
https://www.hamilton.ca/search?category=152&tags=All&sort_bef_combine=date_DESC&page=0%2C102%2C6%2C0%2C4%2C220%2C56,page,
https://www.hamilton.ca/search?category=152&tags=All&sort_bef_combine=date_DESC&page=0%2C102%2C3%2C0%2C4%2C220%2C58,page,
https://www.hamilton.ca/search?category=152&tags=All&sort_bef_combine=date_DESC&page=0%2C102%2C0%2C0%2C4%2C217%2C52,page,
https://www.hamilton.ca/search?category=152&tags=All&sort_bef_combine=date_DESC&page=0%2C102%2C0%2C0%2C4%2C219%2C42,page,
https://www.hamilton.ca/search?category=152&tags=All&sort_bef_combine=date_DESC&page=0%2C102%2C0%2C0%2C2%2C215%2C58,page,
https://www.hamilton.ca/search?category=152&tags=All&sort_bef_combine=date_DESC&page=0%2C102%2C0%2C0%2C1%2C220%2C3,page,
https://www.hamilton.ca/search?category=152&tags=All&sort_bef_combine=date_DESC&page=0%2C102%2C700%2C0%2C2%2C217%2C21,page,
https://www.hamilton.ca/search?category=152&tags=All&sort_bef_combine=date_DESC&page=0%2C102%2C700%2C0%2C3%2C220%2C10,page,
https://www.hamilton.ca/search?category=152&tags=All&sort_bef_combine=date_DESC&page=0%2C102%2C0%2C0%2C2%2C214%2C55,page,
https://www.hamilton.ca/search?category=152&tags=All&sort_bef_combine=date_DESC&page=0%2C102%2C700%2C0%2C2%2C219%2C51,page,
https://www.hamilton.ca/search?category=152&tags=All&sort_bef_combine=date_DESC&page=0%2C102%2C700%2C0%2C2%2C0%2C51,page,
https://www.hamilton.ca/search?category=152&tags=All&sort_bef_combine=date_DESC&page=0%2C102%2C700%2C0%2C2%2C218%2C49,page,
https://www.hamilton.ca/search?category=152&tags=All&sort_bef_combine=date_DESC&page=0%2C102%2C700%2C0%2C4%2C221%2C6,page,
https://www.hamilton.ca/search?category=152&tags=All&sort_bef_combine=date_DESC&page=0%2C102%2C0%2C0%2C2%2C4%2C39,page,
https://www.hamilton.ca/search?category=152&tags=All&sort_bef_combine=date_DESC&page=0%2C102%2C0%2C0%2C2%2C6%2C36,page,
https://www.hamilton.ca/search?category=152&tags=All&sort_bef_combine=date_DESC&page=0%2C102%2C0%2C0%2C2%2C8%2C33,page,
https://www.hamilton.ca/search?category=152&tags=All&sort_bef_combine=date_DESC&page=0%2C102%2C0%2C0%2C2%2C10%2C40,page,
https://www.hamilton.ca/search?category=152&tags=All&sort_bef_combine=date_DESC&page=0%2C102%2C6%2C0%2C4%2C217%2C56,page,
https://www.hamilton.ca/search?category=152&tags=All&sort_bef_combine=date_DESC&page=0%2C102%2C3%2C0%2C4%2C220%2C56,page,
https://www.hamilton.ca/search?category=152&tags=All&sort_bef_combine=date_DESC&page=0%2C102%2C0%2C0%2C4%2C217%2C54,page,
https://www.hamilton.ca/search?category=152&tags=All&sort_bef_combine=date_DESC&page=0%2C102%2C0%2C0%2C4%2C219%2C44,page,
https://www.hamilton.ca/search?category=152&tags=All&sort_bef_combine=date_DESC&page=0%2C102%2C0%2C0%2C2%2C215%2C56,page,
https://www.hamilton.ca/search?category=152&tags=All&sort_bef_combine=date_DESC&page=0%2C102%2C0%2C0%2C1%2C220%2C2,page,
https://www.hamilton.ca/search?category=152&tags=All&sort_bef_combine=date_DESC&page=0%2C102%2C700%2C0%2C2%2C218%2C21,page,
https://www.hamilton.ca/search?category=152&tags=All&sort_bef_combine=date_DESC&page=0%2C102%2C700%2C0%2C3%2C220%2C11,page,
https://www.hamilton.ca/search?category=152&tags=All&sort_bef_combine=date_DESC&page=0%2C102%2C0%2C0%2C2%2C214%2C57,page,
https://www.hamilton.ca/search?category=152&tags=All&sort_bef_combine=date_DESC&page=0%2C102%2C700%2C0%2C2%2C220%2C51,page,
https://www.hamilton.ca/search?category=152&tags=All&sort_bef_combine=date_DESC&page=0%2C102%2C700%2C0%2C2%2C0%2C53,page,
https://www.hamilton.ca/search?category=152&tags=All&sort_bef_combine=date_DESC&page=0%2C102%2C700%2C0%2C2%2C220%2C49,page,
https://www.hamilton.ca/search?category=152&tags=All&sort_bef_combine=date_DESC&page=0%2C102%2C700%2C0%2C4%2C221%2C8,page,
https://www.hamilton.ca/search?category=152&tags=All&sort_bef_combine=date_DESC&page=0%2C102%2C0%2C0%2C2%2C4%2C41,page,
https://www.hamilton.ca/search?category=152&tags=All&sort_bef_combine=date_DESC&page=0%2C102%2C0%2C0%2C2%2C6%2C38,page,
https://www.hamilton.ca/search?category=152&tags=All&sort_bef_combine=date_DESC&page=0%2C102%2C0%2C0%2C2%2C8%2C35,page,
https://www.hamilton.ca/search?category=152&tags=All&sort_bef_combine=date_DESC&page=0%2C102%2C0%2C0%2C2%2C10%2C38,page,
https://www.hamilton.ca/search?category=152&tags=All&sort_bef_combine=date_DESC&page=0%2C102%2C6%2C0%2C4%2C217%2C57,page,
https://www.hamilton.ca/search?category=152&tags=All&sort_bef_combine=date_DESC&page=0%2C102%2C3%2C0%2C4%2C220%2C54,page,
https://www.hamilton.ca/search?category=152&tags=All&sort_bef_combine=date_DESC&page=0%2C102%2C0%2C0%2C4%2C217%2C55,page,
https://www.hamilton.ca/search?category=152&tags=All&sort_bef_combine=date_DESC&page=0%2C102%2C0%2C0%2C4%2C219%2C45,page,
https://www.hamilton.ca/search?category=152&tags=All&sort_bef_combine=date_DESC&page=0%2C102%2C0%2C0%2C2%2C215%2C54,page,
https://www.hamilton.ca/search?category=152&tags=All&sort_bef_combine=date_DESC&page=0%2C102%2C0%2C0%2C3%2C220%2C2,page,
https://www.hamilton.ca/search?category=152&tags=All&sort_bef_combine=date_DESC&page=0%2C102%2C700%2C0%2C2%2C220%2C21,page,
https://www.hamilton.ca/search?category=152&tags=All&sort_bef_combine=date_DESC&page=0%2C102%2C700%2C0%2C3%2C220%2C13,page,
https://www.hamilton.ca/search?category=152&tags=All&sort_bef_combine=date_DESC&page=0%2C102%2C700%2C0%2C3%2C218%2C11,page,
https://www.hamilton.ca/search?category=152&tags=All&sort_bef_combine=date_DESC&page=0%2C102%2C700%2C0%2C4%2C220%2C51,page,
https://www.hamilton.ca/search?category=152&tags=All&sort_bef_combine=date_DESC&page=0%2C102%2C700%2C0%2C2%2C0%2C55,page,
https://www.hamilton.ca/search?category=152&tags=All&sort_bef_combine=date_DESC&page=0%2C102%2C700%2C0%2C1%2C220%2C49,page,
https://www.hamilton.ca/search?category=152&tags=All&sort_bef_combine=date_DESC&page=0%2C102%2C700%2C0%2C4%2C0%2C8,page,
https://www.hamilton.ca/search?category=152&tags=All&sort_bef_combine=date_DESC&page=0%2C102%2C0%2C0%2C2%2C4%2C43,page,
https://www.hamilton.ca/search?category=152&tags=All&sort_bef_combine=date_DESC&page=0%2C102%2C0%2C0%2C2%2C6%2C40,page,
https://www.hamilton.ca/search?category=152&tags=All&sort_bef_combine=date_DESC&page=0%2C102%2C0%2C0%2C2%2C8%2C37,page,
https://www.hamilton.ca/search?category=152&tags=All&sort_bef_combine=date_DESC&page=0%2C102%2C0%2C0%2C2%2C10%2C36,page,
https://www.hamilton.ca/search?category=152&tags=All&sort_bef_combine=date_DESC&page=0%2C102%2C6%2C0%2C4%2C217%2C59,page,
https://www.hamilton.ca/search?category=152&tags=All&sort_bef_combine=date_DESC&page=0%2C102%2C3%2C0%2C4%2C220%2C52,page,
https://www.hamilton.ca/search?category=152&tags=All&sort_bef_combine=date_DESC&page=0%2C102%2C0%2C0%2C4%2C218%2C55,page,
https://www.hamilton.ca/search?category=152&tags=All&sort_bef_combine=date_DESC&page=0%2C102%2C0%2C0%2C4%2C220%2C45,page,
https://www.hamilton.ca/search?category=152&tags=All&sort_bef_combine=date_DESC&page=0%2C102%2C0%2C0%2C2%2C215%2C52,page,
https://www.hamilton.ca/search?category=152&tags=All&sort_bef_combine=date_DESC&page=0%2C102%2C700%2C0%2C3%2C220%2C2,page,
https://www.hamilton.ca/search?category=152&tags=All&sort_bef_combine=date_DESC&page=0%2C102%2C700%2C0%2C2%2C220%2C19,page,
https://www.hamilton.ca/search?category=152&tags=All&sort_bef_combine=date_DESC&page=0%2C102%2C700%2C0%2C3%2C220%2C15,page,
https://www.hamilton.ca/search?category=152&tags=All&sort_bef_combine=date_DESC&page=0%2C102%2C700%2C0%2C3%2C218%2C12,page,
https://www.hamilton.ca/search?category=152&tags=All&sort_bef_combine=date_DESC&page=0%2C102%2C700%2C0%2C4%2C221%2C51,page,
https://www.hamilton.ca/search?category=152&tags=All&sort_bef_combine=date_DESC&page=0%2C102%2C700%2C0%2C2%2C221%2C55,page,
https://www.hamilton.ca/search?category=152&tags=All&sort_bef_combine=date_DESC&page=0%2C102%2C700%2C0%2C1%2C220%2C47,page,
https://www.hamilton.ca/search?category=152&tags=All&sort_bef_combine=date_DESC&page=0%2C102%2C700%2C0%2C4%2C0%2C10,page,
https://www.hamilton.ca/search?category=152&tags=All&sort_bef_combine=date_DESC&page=0%2C102%2C0%2C0%2C2%2C4%2C45,page,
https://www.hamilton.ca/search?category=152&tags=All&sort_bef_combine=date_DESC&page=0%2C102%2C0%2C0%2C2%2C6%2C42,page,
https://www.hamilton.ca/search?category=152&tags=All&sort_bef_combine=date_DESC&page=0%2C102%2C0%2C0%2C2%2C8%2C39,page,
https://www.hamilton.ca/search?category=152&tags=All&sort_bef_combine=date_DESC&page=0%2C102%2C0%2C0%2C2%2C10%2C34,page,
https://www.hamilton.ca/search?category=152&tags=All&sort_bef_combine=date_DESC&page=0%2C102%2C6%2C0%2C4%2C217%2C60,page,
https://www.hamilton.ca/search?category=152&tags=All&sort_bef_combine=date_DESC&page=0%2C102%2C3%2C0%2C4%2C220%2C51,page,
https://www.hamilton.ca/search?category=152&tags=All&sort_bef_combine=date_DESC&page=0%2C102%2C0%2C0%2C1%2C218%2C55,page,
https://www.hamilton.ca/search?category=152&tags=All&sort_bef_combine=date_DESC&page=0%2C102%2C0%2C0%2C4%2C220%2C46,page,
https://www.hamilton.ca/search?category=152&tags=All&sort_bef_combine=date_DESC&page=0%2C102%2C0%2C0%2C2%2C215%2C50,page,
https://www.hamilton.ca/search?category=152&tags=All&sort_bef_combine=date_DESC&page=0%2C102%2C700%2C0%2C3%2C220%2C3,page,
https://www.hamilton.ca/search?category=152&tags=All&sort_bef_combine=date_DESC&page=0%2C102%2C700%2C0%2C3%2C220%2C19,page,
https://www.hamilton.ca/search?category=152&tags=All&sort_bef_combine=date_DESC&page=0%2C102%2C700%2C0%2C3%2C220%2C16,page,
https://www.hamilton.ca/search?category=152&tags=All&sort_bef_combine=date_DESC&page=0%2C102%2C700%2C0%2C3%2C218%2C14,page,
https://www.hamilton.ca/search?category=152&tags=All&sort_bef_combine=date_DESC&page=0%2C102%2C700%2C0%2C4%2C221%2C53,page,
https://www.hamilton.ca/search?category=152&tags=All&sort_bef_combine=date_DESC&page=0%2C102%2C700%2C0%2C2%2C221%2C57,page,
https://www.hamilton.ca/search?category=152&tags=All&sort_bef_combine=date_DESC&page=0%2C102%2C700%2C0%2C1%2C220%2C45,page,
https://www.hamilton.ca/search?category=152&tags=All&sort_bef_combine=date_DESC&page=0%2C102%2C700%2C0%2C4%2C0%2C12,page,
https://www.hamilton.ca/search?category=152&tags=All&sort_bef_combine=date_DESC&page=0%2C102%2C0%2C0%2C2%2C4%2C47,page,
https://www.hamilton.ca/search?category=152&tags=All&sort_bef_combine=date_DESC&page=0%2C102%2C0%2C0%2C2%2C6%2C44,page,
https://www.hamilton.ca/search?category=152&tags=All&sort_bef_combine=date_DESC&page=0%2C102%2C0%2C0%2C2%2C8%2C41,page,
https://www.hamilton.ca/search?category=152&tags=All&sort_bef_combine=date_DESC&page=0%2C102%2C0%2C0%2C2%2C12%2C34,page,
https://www.hamilton.ca/search?category=152&tags=All&sort_bef_combine=date_DESC&page=0%2C102%2C6%2C0%2C4%2C221%2C60,page,
https://www.hamilton.ca/search?category=152&tags=All&sort_bef_combine=date_DESC&page=0%2C102%2C6%2C0%2C4%2C219%2C60,page,
https://www.hamilton.ca/search?category=152&tags=All&sort_bef_combine=date_DESC&page=0%2C102%2C0%2C0%2C1%2C218%2C53,page,
https://www.hamilton.ca/search?category=152&tags=All&sort_bef_combine=date_DESC&page=0%2C102%2C0%2C0%2C4%2C217%2C46,page,
https://www.hamilton.ca/search?category=152&tags=All&sort_bef_combine=date_DESC&page=0%2C102%2C0%2C0%2C2%2C215%2C48,page,
https://www.hamilton.ca/search?category=152&tags=All&sort_bef_combine=date_DESC&page=0%2C102%2C700%2C0%2C3%2C221%2C3,page,
https://www.hamilton.ca/sites/default/files/2022-02/05-322%20-%20Repealed.pdf,pdf,https://www.hamilton.ca/city-council/news-notices/news-releases/city-passes-historic-by-law-support-tenants-rights
https://www.iap2canada.ca/Resources/Documents/0702-Foundations-Core-Values-MW-rev1.pdf,pdf,https://www.hamilton.ca/city-council/plans-strategies/strategies/engaging-your-city/public-engagement
https://www.hamilton.ca/sites/default/files/2022-03/10-221-consolidated.pdf,pdf,https://www.hamilton.ca/city-council/news-notices/news-releases/city-passes-historic-by-law-support-tenants-rights
https://nwac-afac.ca/assets-knowledge-centre/2012_Building_on_the_Legacy_of_NWAC_Faceless_Doll_Project.pdf,pdf,https://www.hamilton.ca/people-programs/inclusion-diversity-equity-accessibility/indigenous-relations/indigenous-dates-3
https://www.hamilton.ca/sites/default/files/2025-04/2024-2028-Hamilton-Tourism-Strategy.pdf,pdf,https://www.hamilton.ca/city-council/plans-strategies/strategies/tourism-hamilton-strategy
https://www.hamilton.ca/sites/default/files/2025-08/2025-spring-community-compost-giveaway-events-july292025.pdf,pdf,https://www.hamilton.ca/city-council/news-notices/council-communication-updates?department=45&page=4
https://www.hamilton.ca/sites/default/files/2022-09/22-235.pdf,pdf,https://www.hamilton.ca/city-council/news-notices/news-releases/hamilton-granted-injunction-order-crackdown-nuisance
https://www.hamilton.ca/sites/default/files/2025-03/25-049.pdf,pdf,https://www.hamilton.ca/city-council/news-notices/news-releases/passing-by-laws-designate-85-king-st-e-223-governors-rd
https://www.hamilton.ca/sites/default/files/2025-03/25-050.pdf,pdf,https://www.hamilton.ca/city-council/news-notices/news-releases/passing-by-laws-designate-85-king-st-e-223-governors-rd
https://www.hamilton.ca/sites/default/files/2025-05/25-094.pdf,pdf,https://www.hamilton.ca/city-council/news-notices/news-releases/passing-by-law-designate-105-erie-avenue-hamilton
https://www.hamilton.ca/sites/default/files/2025-05/25-109.pdf,pdf,https://www.hamilton.ca/city-council/news-notices/news-releases/passing-by-law-designate-1175-main-st-east-801-dunsmure-rd
https://www.hamilton.ca/sites/default/files/2025-05/25-110.pdf,pdf,https://www.hamilton.ca/city-council/news-notices/news-releases/passing-by-law-designate-1175-main-st-east-801-dunsmure-rd
https://www.hamilton.ca/sites/default/files/2025-08/25-144.pdf,pdf,https://www.hamilton.ca/city-council/news-notices/news-releases/passing-by-laws-designate-properties-hamilton-dundas
https://www.hamilton.ca/sites/default/files/2025-08/25-146.pdf,pdf,https://www.hamilton.ca/city-council/news-notices/news-releases/passing-by-laws-designate-properties-hamilton-dundas
https://www.hamilton.ca/sites/default/files/2026-02/26-032.pdf,pdf,https://www.hamilton.ca/city-council/news-notices/news-releases/passing-by-law-designate-880-centre-road-flamborough
https://www.hamilton.ca/sites/default/files/2026-02/26-033.pdf,pdf,https://www.hamilton.ca/city-council/news-notices/news-releases/passing-by-law-designate-440-victoria-avenue-north-hamilton
https://ontariohealth.ca/errors/404,pdf,https://www.hamilton.ca/city-council/plans-strategies/strategies/hamilton-drug-strategy
https://www.publichealthontario.ca/-/media/Documents/A/24/Antibiotic-resistant-organism-risk-factor-screening-guide.pdf?rev=8fadc36772db477e839094ed249b8f8f&sc_lang=en,pdf,https://www.hamilton.ca/city-council/news-notices/news-releases/medical-advisory-candida-auris-clinical-infections
https://www.hamilton.ca/sites/default/files/2024-12/BartonTiffanyLandsZoneB-ERMM-TemporaryShelterHousing-Oct.29.2024.pdf,pdf,https://www.hamilton.ca/city-council/news-notices/council-communication-updates?department=45&page=9
https://ccsa.ca/sites/default/files/2019-09/CCSA-Language-and-Stigma-in-Substance-Use-Addiction-Guide-2019-en.pdf,pdf,https://www.hamilton.ca/city-council/plans-strategies/strategies/hamilton-drug-strategy
https://www.ccsa.ca/sites/default/files/2019-05/CCSA-NAAW-Substance-Use-Disorder-Fact-Sheet-2018-en.pdf,pdf,https://www.hamilton.ca/city-council/plans-strategies/strategies/hamilton-drug-strategy
https://www.hamilton.ca/sites/default/files/2022-09/COMM-update-2022-Annual-Rain-Barrel-Sale.pdf,pdf,https://www.hamilton.ca/city-council/news-notices/council-communication-updates?department=45&page=26
https://www.hamilton.ca/sites/default/files/2025-05/CSWB_Gender-Based-Safety-Audit-Consideration-Report.pdf,pdf,https://www.hamilton.ca/city-council/plans-strategies/strategies/community-safety-and-well-being-plan
https://www.hamilton.ca/sites/default/files/2022-07/CU-pw-ChedokeCreekRemediation-hw22.05.pdf,pdf,https://www.hamilton.ca/city-council/news-notices/council-communication-updates?department=45&page=27
https://www.hamilton.ca/sites/default/files/2022-07/CU-pw-safety-enhancements-main-king-streets-july5-2022.pdf,pdf,https://www.hamilton.ca/city-council/news-notices/council-communication-updates?department=45&page=27
https://www.mmiwg-ffada.ca/wp-content/uploads/2019/06/Calls_for_Justice.pdf,pdf,https://www.hamilton.ca/people-programs/inclusion-diversity-equity-accessibility/indigenous-relations/indigenous-dates-3
https://ehprnh2mwo3.exactdn.com/wp-content/uploads/2021/01/Calls_to_Action_English2.pdf,pdf,https://www.hamilton.ca/people-programs/inclusion-diversity-equity-accessibility/indigenous-relations/indigenous-dates-0
https://www.hamilton.ca/sites/default/files/2023-10/Ccomm-update-Accessible-Transportation-Services-Customer-Communication.pdf,pdf,https://www.hamilton.ca/city-council/news-notices/council-communication-updates?department=45&page=17
https://www.hamilton.ca/sites/default/files/2022-10/Comm-update-New-HSR-myRide-Hybrid-Service-Waterdown.pdf,pdf,https://www.hamilton.ca/city-council/news-notices/council-communication-updates?department=45&page=24
https://www.hamilton.ca/sites/default/files/2025-04/CommsUpdate-PED-OurFutureDowntown10YearDowntownRevitalizationStrategyProjectUpdate.pdf,pdf,https://www.hamilton.ca/city-council/plans-strategies/strategies/10-year-downtown-hamilton-revitalization-strategy
https://www.hamilton.ca/sites/default/files/2025-04/CommsUpdate-PW-2025CapitalConstructionProjectsRight-of-Way.pdf,pdf,https://www.hamilton.ca/city-council/news-notices/council-communication-updates?department=45&page=8
https://www.hamilton.ca/sites/default/files/2025-05/CommsUpdate-PW-CleanGreenHamiltonStrategy2024YearEndUpdate.pdf,pdf,https://www.hamilton.ca/city-council/news-notices/council-communication-updates?department=45&page=12
https://www.hamilton.ca/sites/default/files/2025-04/CommsUpdate-PW-HSR150CelebrationActivitiesEvents.pdf,pdf,https://www.hamilton.ca/city-council/news-notices/council-communication-updates?department=45&page=8
https://www.hamilton.ca/sites/default/files/2024-12/CommsUpdate-PW-Release-EAS-TemporaryOutdoorShelter%20Project-259%20CarolineStreet.pdf,pdf,https://www.hamilton.ca/city-council/news-notices/council-communication-updates?department=45&page=9
https://www.un.org/esa/socdev/unpfii/documents/DRIPS_en.pdf,pdf,https://www.hamilton.ca/people-programs/inclusion-diversity-equity-accessibility/indigenous-relations/indigenous-dates-2
https://www.hamilton.ca/sites/default/files/2023-02/Digital-Strategy-Accessible.pdf,pdf,https://www.hamilton.ca/city-council/plans-strategies/strategies/digital-strategy
https://www.hamilton.ca/sites/default/files/2022-05/EDI-2019urbanindigenousstrategy-Report.pdf,pdf,https://www.hamilton.ca/people-programs/inclusion-diversity-equity-accessibility/indigenous-relations/urban-indigenous
https://www.hamilton.ca/sites/default/files/2022-05/EDI-UISimplementationplan2021.pdf,pdf,https://www.hamilton.ca/people-programs/inclusion-diversity-equity-accessibility/indigenous-relations/urban-indigenous-0
https://www.hamilton.ca/sites/default/files/2024-12/Final-Phase1-ESA-BarttonTiffany-Feb.8.2018.pdf,pdf,https://www.hamilton.ca/city-council/news-notices/council-communication-updates?department=45&page=9
https://www.arcgis.com/itemdata/92d347a7683b26a11dab76ccf9a5cac2/55ee1da8f27b41bab2d45d9e896de83d/OH_HPS_CODE_ZERO_EVENTS_Metadata.pdf?response-cache-control=max-age%3D0%2C%20s-maxage%3D1200%2C%20v%3D1634337992000&X-Amz-Security-Token=IQoJb3JpZ2luX2VjEKP%2F%2F%2F%2F%2F%2F%2F%2F%2F%2FwEaCXVzLWVhc3QtMSJHMEUCIQD608F%2BLyNmOdQ7EaO56Vzg0yltAHsnjvnyx6ivAR36pgIgGQmqOLv2ey1h9uIeupYvJVRbKfLBYeir7tdsn1tpjj8qswUIaxAAGgw2MDQ3NTgxMDI2NjUiDHnNi9dC58MoQspT7CqQBX1LBnEul8BMYn5ilKPAyxW1uLMt0nR9Uv5zIdAuqx6VUBRbmyfucG%2B5wEv5uGsDbVZHL%2BT2H9%2FXyHqSKG0Cv%2Bc4HsFOZG%2FSe3uH5O48zsEjEnFNzrL1ujYBEaEwTObQ1Uk%2Br%2Fekb2hYCar93sj4wXXazIw5rmoyRiUN6pYiw0wksloIafA2gcq4NTwILvsE7z7WG5I%2FnEosP8xdrWcJzFIchsKTopWw78lnoH3Wg0nEVKZSd96cfh%2B%2FdIG16VAcLlrPxk1LZ%2B0IlxAUBb4e2xGpB7HAnJdvLIRC4h8g3FcPsdKWIhgp4Wl1MNVAqsjbbv7iwc6m2x9ApH%2BFMleZUZnb3G14%2F0yNb7HzbIqDeqU0NYj1MWc18iIj3kfmzvREQqQ%2Fe0fPPDhxf%2B0eoYtT826b%2Fq6Oqzr8qb7k%2F%2BVVnfKEVQm8VTZCero2pbs26NxSfR1fn6RJvFiotRQ0vXPd76%2B28KPKU%2BC%2Fw%2Bm5x4Ga2AVVcX4%2BJjn8wp%2BdAppGmr5CbFDVh6WgAgIeQyd%2F3QSPlQ7Wg2%2B75pGb0%2FmzV7tt3YEHc6bnOvb%2Fax9xBwDtZ9POgqivf%2FMB4cl%2F8fqj6OXh2G7rGLVMkOi%2FzRjlBoJvYHJ24BStsnVIcD5dvBLPu93rUMDW6rgf9dLfMNcsdXu76bDBBhngWOs0dL%2BKP%2FckjjyQxFqZDRYktROgqqHeHxqP3cuXHt5hBDnh6KfVuJy%2BXaMidtGaq%2FB8uvu%2BmAMtiKcJiLoiJyg0YTYleqz%2FysTFVaPlzv5TgZ1af6NsgQb6mi6gzYKo9FpjmtfLU%2BzTN9HS3bxq2X7sL8Ofc6MhdUKsdRCRNO4V7ZIlleU%2FDltIXc0MaeNDqyNaaQiNqwltpJocMJKgs9IGOrEBHwAlA9v0365Dy1Geit%2BrVFyrrYOeyU71wyVrw33yOx1SweHvz3G5RHaknIEvZp11T5PmDnB1xT6KxkVtn7pIB3isPeDf1LG0cZ2jeYDB%2FkrZvt1Ao9a%2FdLoVFbmkYfX2Ini6FVsjvxI3XuK0Rnwi4XL9qbJ0QqZmfMxCHNZ2RGj1a79SUReE9GRBLwqkPL2Kf31nDjjHnWiQ77KTswLdwIqwRTQyB917qY17pg%2B4Z2zj&X-Amz-Algorithm=AWS4-HMAC-SHA256&X-Amz-Date=20260707T115034Z&X-Amz-SignedHeaders=host&X-Amz-Credential=ASIAYZTTEKKE4CT55MKG%2F20260707%2Fus-east-1%2Fs3%2Faws4_request&X-Amz-Expires=1200&X-Amz-Signature=80913a22ae1ad8fefb8e6745f65a5e5b56f6499542f1ca45f92bbc96ac7c7ca5,pdf,https://www.hamilton.ca/search?category=152&tags=All&sort_bef_combine=date_DESC&page=0%2C0%2C2%2C0%2C0%2C221%2C22
https://www.arcgis.com/itemdata/92d347a7683b26a11dab76ccf9a5cac2/256057f97a9a4819b401b21c40852124/OH_HPS_EVENT_RESPONSE_TRANSPORTS_Metadata.pdf?response-cache-control=max-age%3D0%2C%20s-maxage%3D1200%2C%20v%3D1634337995000&X-Amz-Security-Token=IQoJb3JpZ2luX2VjEKD%2F%2F%2F%2F%2F%2F%2F%2F%2F%2FwEaCXVzLWVhc3QtMSJHMEUCIQCGf%2FYgxZTYKTkZ%2F7iO0PmgJ0yRSpqYbySLM8h6W6ghSQIgRPd36yY6AcMUpSKzwZqgEB5uuJcfEOq%2B7r46lK7yPBkqsgUIaRAAGgw2MDQ3NTgxMDI2NjUiDPvWXzwmxjcDyGUcBiqPBcEjRi91dIHu%2FRv3dBRXsQ0bEItpcbQf7%2B3lKFyh5%2FH5vdsct3bekcCuC%2FkZMvyZinYEeBE6w%2B6Yrw37KFa3ndt1nw1xsRwUI%2FZgG8VdfvZl2CQmXFDbkwiGB5UNg1KZTzr7Ul3ZaomBQywGt8Nn5Wi%2Faptwzsg%2BAfb4w2ehGMdQBkxTTUEXDxkS3Hf7x0bA87dH%2BW0nRzia3pUiXshXzS6lsqJoYtVGpeLqxAScuJhyQzU%2BvlRoIKBKom4qxFuPR%2Fm8dQ3bzAugqVKxGCARPIOfFKHcvlG39n4IxSSpv1G5JIunArxmdLMmB%2Btpc%2Fpnm8IuWP%2BIhoYvqb5JX4H9EWkDSPzfzJjPnJ2PbDYJv7al5haFwIwCVAnrCZCH08tlUh%2BF0FtHVlwwCWGhtAqZZqJEK50CqdmehzkI2Uu3phIlNgumL5X7%2FDjkf5SM%2F2Kid9nQxEUjz9z9r5RDEOAXZZ7N6mZcE%2Bjzc277JStyyGXvnHQiiBd%2Bv%2Fwo0wGbtvdihhlDalxvSQHKEObAH9cnbMbl4Fxa4vSAD37RBVOGlgnTI6BdmznL93N8wNKcwSn%2BSiqUSIBeauKHKJqY0Ria4NyJBuxch%2BYvR1t9WIrZgwWt6pbaiDNSMawNf1Kw8UM0GxqtJsg6uyHUm36HQvG%2Ffa1vf13d6flGyln3zpJoCTfdw2Cvx21IADL5GXBgIfWS1MsHRdsZ%2FgxUFPPuC3jPLKhphiDzaHHM77Rbvcwoqxa7XK0cNfCT7zMjRnHp%2BTZXWbdbktu0ZLy9W8NFqluycH38V%2F96O9hFxFGsPH5vP2jaI6uYYLy%2FEU8ucZzZQXBbBGBb2Mb3WZb7AQsa%2B4e%2FyOVo8T0ihR9Fqj68qLW3W8Qw3NOy0gY6sQFRwW4F7kdjMs2IFvhMlLa3HT9ugWlIJ36%2FVAy6mcYaquFir7Sal1a7GTGH3JPKLymn98P7nZGpGJGFX4iStb0pBn0pVNnp1ENk4laW4i8%2F82ig5J3egRAB1tyrBubvwMeJtd4CpMw0U90AD5huGlHUKJ%2BBgkx6R56tcz1IyGiS7Q4KkiTwWvMYg0Qu6WsFglSfhcF%2BBj9FrtbiSliZYYbPvgpyM7vjsnwe%2B8CIeofWXgs%3D&X-Amz-Algorithm=AWS4-HMAC-SHA256&X-Amz-Date=20260707T115014Z&X-Amz-SignedHeaders=host&X-Amz-Credential=ASIAYZTTEKKE65C42VDL%2F20260707%2Fus-east-1%2Fs3%2Faws4_request&X-Amz-Expires=1200&X-Amz-Signature=5a7677c64495b4008d7529b7327bedd40fa11a13c0321b08222bb80bf053e87e,pdf,https://www.hamilton.ca/search?category=152&tags=All&sort_bef_combine=date_DESC&page=0%2C0%2C2%2C0%2C0%2C0%2C21
https://www.arcgis.com/itemdata/92d347a7683b26a11dab76ccf9a5cac2/1635299d56444d9eb87c6e508d6111d5/OH_HPS_REASON_CALL_Metadata.pdf?response-cache-control=max-age%3D0%2C%20s-maxage%3D1200%2C%20v%3D1634337992000&X-Amz-Security-Token=IQoJb3JpZ2luX2VjEKL%2F%2F%2F%2F%2F%2F%2F%2F%2F%2FwEaCXVzLWVhc3QtMSJGMEQCIGaqlAYC3rUsK0n5cqKmLTGcdnBOb5FRfNgI%2F25ZDdrRAiB%2Fat7JhpnJmf8ioRr7LVhS3iaXvO%2FiER09mtH4CnH7piqzBQhrEAAaDDYwNDc1ODEwMjY2NSIMTMpp9jmcGT%2FFqKMtKpAFoHQtykudiXkMPGQixfCtLUK%2B2wAODZi4iWF2ZODONxUpUaosyMMnHa6u8%2BRQxMNVB%2BOLaXuRkqsLvlmg%2BMkOAsbQTHyzdXbUUhGd973j7yPc%2BGS3Cs3FItEHBff0SoYKqjmoP0MmuJ%2FNWj54hJQ6uIu2I%2FqWdPPhrtxQqK2D3Yocy4a19%2BIF%2BSmxD7SPfvAJafhFDBmGcYiTQF%2FvHlR%2FFi3VaRxu2dWsu3UJzKYdqo1ma58QLWxiScTiTrIJlXJcewbNiDrgp%2F099HGxBwSGsvJ6AARi4%2FMReDXZ%2FUp6ysXgF67e078qJN0I7ML%2Fpp4TdUZ6qhraLWsVGvXNXctim0h%2B4qQBD0lhkIDVrbAFAk5Ft4UGQE0jV3Iawc9641A%2FYPW3O1Mry03ruicceo%2BFlLQc1jNsdZ2vIo7%2F2607JiIjlCAAO5D0%2F6tXUgZ5i2YwDNzFylO%2FpUISlhcic26ZmhmqIdTFC9zyUk7ROZQI2eL9%2BqRx3%2BvHcVHtV%2FJxXfZXQrvZim048riwLEkNrBctEmOcPVmlG%2BeoIp2HGUcTQmYEIMcMrT9BSQ38gN6m7ZvlE%2BAg4dff3CafatkCQifRNzee49NItxiEwjxCbAD7oKEGQD04Es%2FTdTPw8ekvfs0hVYCWJNrMQj%2B%2BPB6cE14Xu6nYjzN%2FvTeimTr0QGqTlQGYSjeYDfpdLhbEGNmjoqObh%2BylAFjvpwnxRDlVx5r%2B1foglQP5BvXRFugTLCz7nZs1lNmjHPnx2Nw8L%2FyQ4lu4QVwNy5PaXwwh0vBE4kkBTOu%2FB9%2Fx%2F6xLnJofo95kopHJR%2B58WV6817%2FmXJTtXx6Tznou5PnrcZDrBssxFWLnBB5fF3EPxT6C9tF8ZKh6jzQwp4yz0gY6sgGfAqeQdbQiUOFu2%2BCuMHxAgZNcyrLKvFtIu5ZV%2FGgJqBB1UcXY20HtV057g3vznLmgjm4%2FAbGKBPoIrX%2BcOy64Pw6Du4omYyQw8GUwUfktRYPH7iAE%2B0V8k6bJ4Tww%2FGAEfZqv3b6wh5VsVCfFDfyWEVze7RYcTan9toZUmkyIMDes%2BRw4rK1uPOdJdsTsMrgBoCxC6tyA5meY1nv%2BtmQuz41Qdxc4kJi3TSWeKxwH0lfQ&X-Amz-Algorithm=AWS4-HMAC-SHA256&X-Amz-Date=20260707T115038Z&X-Amz-SignedHeaders=host&X-Amz-Credential=ASIAYZTTEKKE5QHG3I2P%2F20260707%2Fus-east-1%2Fs3%2Faws4_request&X-Amz-Expires=1200&X-Amz-Signature=03280ac424e6c12d364316a36e1a54d58ac4bc1bc0beee0996e21ad855cc7ae4,pdf,https://www.hamilton.ca/search?category=152&tags=All&sort_bef_combine=date_DESC&page=0%2C0%2C2%2C0%2C0%2C221%2C22
https://www.arcgis.com/itemdata/92d347a7683b26a11dab76ccf9a5cac2/a24a0e243ad4484a9b87b811af9c92e8/OH_HPS_TARGET_RESPONSE_TIMES_Metadata.pdf?response-cache-control=max-age%3D0%2C%20s-maxage%3D1200%2C%20v%3D1634337992000&X-Amz-Security-Token=IQoJb3JpZ2luX2VjEKD%2F%2F%2F%2F%2F%2F%2F%2F%2F%2FwEaCXVzLWVhc3QtMSJHMEUCIQC0A%2BYGazQPFUHkoMbn%2FhoRmnMTGDw0jIodhgPXnaDXYQIgILp7o6F%2FO7pNP%2FZ%2FsOnmxIbVv9Dpcm5EMgjBOQp6W%2BEqtAUIaRAAGgw2MDQ3NTgxMDI2NjUiDHH3rmE%2FeVDUYbl8%2FiqRBRSJo1J9GGfuyp6ZpyhDcVctvqKzfCLCE2WrijIPu59aYjCdHA1jDCEvjDaBlk4NoNgv%2B%2FBoQPOnuWVfzWPo7KZERGv2L5vBcIgT%2BltqTC3rzYZKIyvxo9AUWA7jEM7ytFFunosvDpR0hIBJTaC%2BrKrohqCsTb51D2m0OWOv3GGX8prVcinVW%2BU8ESUye3R9t%2FjbH5PDQTGt2k98WBebCaFzO6E74PiLuTgjc5weKENkj%2Bu18Rtbx82ScU8dOoo3QNhTSdlyN7B7CquGyMwvNOtnAiBrl7X1rQROsNUSXcv6lIkFd8oqHnsJjsH9n5jXCGpY5KIr74VoTZjUzEhqXhKE00UGLRdMpOpzHTaZacJIaxSi8laOwFXn%2Bbvj9JG%2F%2BXLtOpfdjuMXpYdwb58mkgDS5DqZowdrVuOTdXwwoVB2xhsl8rx5%2FuikTqf2CbEaYyyVZ%2FQOO6d3lCFDF%2BRtil4Y1i2Jd1xGHNtX6rsWvANPtZcY2uzcxGSxZVfENpcaUMSlYNUup7oun%2FLe4yXpchix8pcCUYrtNXJJ1lDwpdtkHMo8FG64heWq%2FBoLNavdF0Q5b2YRlb5TFmRR5Ftx0ZkefB%2Fy4SWtfbeFvViBCemXSK93uqj4FIEfEEHscaxRwOFMxu7PHbp6ZGneUwWbLAWLgtdzGIYMDQEFHDyJ1%2F9tgUKNDykI31%2B24HMXlREzk5iqRFFcTixoJZgmexyCrfjbSEp%2B38i7J1uGzJyBcX7mWzeDJXBIZZlEuJ2pUR53xQj%2BAVk%2FPbOpUQ%2Fl95ASj84%2BbrnGGA6Uejbf%2BJ5k1IgLcQ168PGYQ0zZzW4QZXMMrCON0BA1AuN66ooNx2D7LCK%2FO9mshgOhDjr73uM%2BRFQJezC%2F17LSBjqxAQ6%2FAZJyP8kuHVa%2BiBofTkB8mtSDeKnrnyXgshO0U8T%2B1yZ5Uzf9dRJVnJ5BY7Wyqi8FW65EfsAyuzpqz5tNqHvQTSzwEXpt9OPhn3rdfGZCdiqo9BOOtLFF0A%2Bur6Dr4hR%2Bas%2By6OnUvytjO2LWrMi0AWRGwteOyocRn6xvptEM%2BDdF8334hCr2REn%2FWR5SsicyfGHJnhNggTADwmlLLXt%2FFJyalr3%2Bk4%2B3qIiPuUir5g%3D%3D&X-Amz-Algorithm=AWS4-HMAC-SHA256&X-Amz-Date=20260707T115037Z&X-Amz-SignedHeaders=host&X-Amz-Credential=ASIAYZTTEKKERFX4TXAH%2F20260707%2Fus-east-1%2Fs3%2Faws4_request&X-Amz-Expires=1200&X-Amz-Signature=bd62b4ddddf79444d74d01b0632793f4de7bbacea65e21da233285e47cfcc7a2,pdf,https://www.hamilton.ca/search?category=152&tags=All&sort_bef_combine=date_DESC&page=0%2C0%2C2%2C0%2C0%2C221%2C22
https://www.arcgis.com/itemdata/92d347a7683b26a11dab76ccf9a5cac2/e2c1144162594eb4999152ff9581f008/OH_HPS_TRANSFER_OF_CARE_Metadata.pdf?response-cache-control=max-age%3D0%2C%20s-maxage%3D1200%2C%20v%3D1634337997000&X-Amz-Security-Token=IQoJb3JpZ2luX2VjEKH%2F%2F%2F%2F%2F%2F%2F%2F%2F%2FwEaCXVzLWVhc3QtMSJHMEUCIHtfv33c6oINlQDJFNMfFV9Ov0wK1lI5MIbz282v%2Fxl2AiEA%2BrLKWDcwZyhHtehOahDDQSwwMK5x%2BnFaR%2BBZcrcyiMkqswUIahAAGgw2MDQ3NTgxMDI2NjUiDGQ300VrvDYj0Hea7yqQBc32EouYTyH%2BbtTbTOe2ah9x8eEUzck8L0AZk9cOZqhhPYtVHadBvX8cf8ZM2azPZKT0I6tlQ%2FP4ExLbRzISqFocGJkYe%2BC9ptUgmYZKgKS4m%2B6zjqm0X0rQEhkAqtWQCa8k5L7XlUFgknbjVlIc3znpIDV0VHv8ryO1JYusosBMMq5Pf8hlBumtBO9%2Fv6u%2Fol9JAXzqsP8jolSoVoaBDWUDRucuH8F0qYcBpYO7QGhfLsJb%2F6jnSqzQzx7voL4ctSP8uY6bOgQPwKhAL9vyj%2FELBwsq9WS7S64PSbuv78ikvbTvUPZgP3Cd4H7JPbUY2Bc%2F1gXE0na4mA8Mg3lKlxshHT%2F7q%2F8lP6QB8%2BEbNleO89HbHxthXqP9In7JcMvKPcZMA4FRdhy1gk%2FdQcVgfdOd%2FwKYp8F%2FPb1lIMpeqfSBtwMmwUTgo1Nnucha1ObcsyO7oJViEF3yHy455ULCrW2%2BKmr5CmeYYd4jdzkNAQdK%2B%2Bczwp3Q3QGq2S2E3qLW6ADvGeSwF9dldKgIf280HVOquAZgxa%2BwFn8j1%2FRK%2BKf%2By%2FX86MPOCwZj8BTyOVVnmNPgsi5Ec%2FeW475v%2BrnfTSDMEJDytmJ5axfvRZvtiB%2FU%2Byvaxw1S6vRiMscy3xA5jxsM3Y0vcsTd7PzxSiKILGFRDX0MdEUVvPj1ieg6StZ66Uwn85IvPDiFK26YQNfa8PWW2lqm%2BhnyuyuWBIP0Gva5RJgFb6irnKrYhLosR5ytxkQ7i9uxH5DJUaWfDk0o8c%2BZMHhHhN8bKOKQsH17dYz0dpNolAXfWMC2AqRXXEsw4hdZr%2BspKlTFkiU4E%2BCgiPLhn3VX9cmbG7%2F3M8Bt%2F%2F7eCdJZ1%2BBxDB0yhnLlNTiDMN71stIGOrEBQnLPzXpqrhzlqlZmlUv828aFcptAeNNa4Kuofnzi9RxiCAjIZVO4lGAywnjMLpfCbxHId2kQqU8AXsqKydRM2u248cy8Yb%2FwgGg5XSyrI5EnblLygrRLD3ajEWqkh%2B8FWu3L5MQAnpfLdNR%2B6WR8NvOo9BIy1mZ1HesFod5AClXZv1aRKfi%2FizGfJFM2T%2FzaOf03iN21jQlZiWLsa%2BR1b9UEw7BsRw34wiOLmEi2HHI8&X-Amz-Algorithm=AWS4-HMAC-SHA256&X-Amz-Date=20260707T115040Z&X-Amz-SignedHeaders=host&X-Amz-Credential=ASIAYZTTEKKEVXI6IW3K%2F20260707%2Fus-east-1%2Fs3%2Faws4_request&X-Amz-Expires=1200&X-Amz-Signature=2eeb0bb94b42dd2ae4c2c2f75af2125cbe56d39748665ec7b5d3735a17dcd643,pdf,https://www.hamilton.ca/search?category=152&tags=All&sort_bef_combine=date_DESC&page=0%2C0%2C2%2C0%2C0%2C221%2C22
https://www.arcgis.com/itemdata/92d347a7683b26a11dab76ccf9a5cac2/880c079ab768439f9bc3e81ba96e8454/OH_SCHOOL_CROSSING_GUARD_LOCATIONS.pdf?response-cache-control=max-age%3D0%2C%20s-maxage%3D1200%2C%20v%3D1634337999000&X-Amz-Security-Token=IQoJb3JpZ2luX2VjEKP%2F%2F%2F%2F%2F%2F%2F%2F%2F%2FwEaCXVzLWVhc3QtMSJHMEUCIQD608F%2BLyNmOdQ7EaO56Vzg0yltAHsnjvnyx6ivAR36pgIgGQmqOLv2ey1h9uIeupYvJVRbKfLBYeir7tdsn1tpjj8qswUIaxAAGgw2MDQ3NTgxMDI2NjUiDHnNi9dC58MoQspT7CqQBX1LBnEul8BMYn5ilKPAyxW1uLMt0nR9Uv5zIdAuqx6VUBRbmyfucG%2B5wEv5uGsDbVZHL%2BT2H9%2FXyHqSKG0Cv%2Bc4HsFOZG%2FSe3uH5O48zsEjEnFNzrL1ujYBEaEwTObQ1Uk%2Br%2Fekb2hYCar93sj4wXXazIw5rmoyRiUN6pYiw0wksloIafA2gcq4NTwILvsE7z7WG5I%2FnEosP8xdrWcJzFIchsKTopWw78lnoH3Wg0nEVKZSd96cfh%2B%2FdIG16VAcLlrPxk1LZ%2B0IlxAUBb4e2xGpB7HAnJdvLIRC4h8g3FcPsdKWIhgp4Wl1MNVAqsjbbv7iwc6m2x9ApH%2BFMleZUZnb3G14%2F0yNb7HzbIqDeqU0NYj1MWc18iIj3kfmzvREQqQ%2Fe0fPPDhxf%2B0eoYtT826b%2Fq6Oqzr8qb7k%2F%2BVVnfKEVQm8VTZCero2pbs26NxSfR1fn6RJvFiotRQ0vXPd76%2B28KPKU%2BC%2Fw%2Bm5x4Ga2AVVcX4%2BJjn8wp%2BdAppGmr5CbFDVh6WgAgIeQyd%2F3QSPlQ7Wg2%2B75pGb0%2FmzV7tt3YEHc6bnOvb%2Fax9xBwDtZ9POgqivf%2FMB4cl%2F8fqj6OXh2G7rGLVMkOi%2FzRjlBoJvYHJ24BStsnVIcD5dvBLPu93rUMDW6rgf9dLfMNcsdXu76bDBBhngWOs0dL%2BKP%2FckjjyQxFqZDRYktROgqqHeHxqP3cuXHt5hBDnh6KfVuJy%2BXaMidtGaq%2FB8uvu%2BmAMtiKcJiLoiJyg0YTYleqz%2FysTFVaPlzv5TgZ1af6NsgQb6mi6gzYKo9FpjmtfLU%2BzTN9HS3bxq2X7sL8Ofc6MhdUKsdRCRNO4V7ZIlleU%2FDltIXc0MaeNDqyNaaQiNqwltpJocMJKgs9IGOrEBHwAlA9v0365Dy1Geit%2BrVFyrrYOeyU71wyVrw33yOx1SweHvz3G5RHaknIEvZp11T5PmDnB1xT6KxkVtn7pIB3isPeDf1LG0cZ2jeYDB%2FkrZvt1Ao9a%2FdLoVFbmkYfX2Ini6FVsjvxI3XuK0Rnwi4XL9qbJ0QqZmfMxCHNZ2RGj1a79SUReE9GRBLwqkPL2Kf31nDjjHnWiQ77KTswLdwIqwRTQyB917qY17pg%2B4Z2zj&X-Amz-Algorithm=AWS4-HMAC-SHA256&X-Amz-Date=20260707T115011Z&X-Amz-SignedHeaders=host&X-Amz-Credential=ASIAYZTTEKKE4CT55MKG%2F20260707%2Fus-east-1%2Fs3%2Faws4_request&X-Amz-Expires=1200&X-Amz-Signature=a257e20c9126cbb73b557d241cd22a8f83551089bf8d427f32fb2ae87385b5de,pdf,https://www.hamilton.ca/search?category=152&tags=All&sort_bef_combine=date_DESC&page=0%2C0%2C2%2C0%2C0%2C0%2C21
https://www.hamilton.ca/sites/default/files/2024-12/PreDemoDesignatedSubstancesSurveyBartonTiffanyLands-Nov.27.2024.pdf,pdf,https://www.hamilton.ca/city-council/news-notices/council-communication-updates?department=45&page=9
https://www.hamilton.ca/sites/default/files/2023-03/Youth-Strategy-Report-2022-2027.pdf,pdf,https://www.hamilton.ca/city-council/plans-strategies/strategies/youth-strategy
https://www.hamilton.ca/sites/default/files/2023-09/block1-stoney-creek-pic3-presentation-slide12.pdf,pdf,https://www.hamilton.ca/environmental-assessments/block-servicing-strategies-stoney-creek-and-gordon-dean
https://www.hamilton.ca/sites/default/files/2023-09/block1-stoney-creek-pic3-presentation-slide13.pdf,pdf,https://www.hamilton.ca/environmental-assessments/block-servicing-strategies-stoney-creek-and-gordon-dean
https://www.hamilton.ca/sites/default/files/2023-09/block1-stoney-creek-pic3-presentation-slide14.pdf,pdf,https://www.hamilton.ca/environmental-assessments/block-servicing-strategies-stoney-creek-and-gordon-dean
https://www.hamilton.ca/sites/default/files/2025-11/budget-flowchart-2026.pdf,pdf,https://www.hamilton.ca/city-council/news-notices/news-releases/city-adopts-2026-tax-budget-focused-affordability
https://www.hamilton.ca/sites/default/files/2023-09/building-safer-communities-multi-year-plan.pdf,pdf,https://www.hamilton.ca/city-council/plans-strategies/strategies/community-safety-and-well-being-plan
https://www.hamilton.ca/sites/default/files/2022-08/bus-maintenance-storage-facility-ea-environmental-project-report-appendixA.pdf,pdf,https://www.hamilton.ca/environmental-assessments/hamilton-transit-bus-maintenance-storage-facility-design
https://www.hamilton.ca/sites/default/files/2022-08/bus-maintenance-storage-facility-ea-environmental-project-report-appendixB.pdf,pdf,https://www.hamilton.ca/environmental-assessments/hamilton-transit-bus-maintenance-storage-facility-design
https://www.hamilton.ca/sites/default/files/2022-08/bus-maintenance-storage-facility-ea-environmental-project-report-appendixC.pdf,pdf,https://www.hamilton.ca/environmental-assessments/hamilton-transit-bus-maintenance-storage-facility-design
https://www.hamilton.ca/sites/default/files/2022-08/bus-maintenance-storage-facility-ea-environmental-project-report-appendixD.pdf,pdf,https://www.hamilton.ca/environmental-assessments/hamilton-transit-bus-maintenance-storage-facility-design
https://www.hamilton.ca/sites/default/files/2022-08/bus-maintenance-storage-facility-ea-environmental-project-report-appendixE.pdf,pdf,https://www.hamilton.ca/environmental-assessments/hamilton-transit-bus-maintenance-storage-facility-design
https://www.hamilton.ca/sites/default/files/2022-08/bus-maintenance-storage-facility-ea-environmental-project-report-appendixF1.pdf,pdf,https://www.hamilton.ca/environmental-assessments/hamilton-transit-bus-maintenance-storage-facility-design
https://www.hamilton.ca/sites/default/files/2022-08/bus-maintenance-storage-facility-ea-environmental-project-report-appendixF2.pdf,pdf,https://www.hamilton.ca/environmental-assessments/hamilton-transit-bus-maintenance-storage-facility-design
https://www.hamilton.ca/sites/default/files/2022-08/bus-maintenance-storage-facility-ea-environmental-project-report-appendixF3.pdf,pdf,https://www.hamilton.ca/environmental-assessments/hamilton-transit-bus-maintenance-storage-facility-design
https://www.hamilton.ca/sites/default/files/2022-08/bus-maintenance-storage-facility-ea-environmental-project-report-appendixF4.pdf,pdf,https://www.hamilton.ca/environmental-assessments/hamilton-transit-bus-maintenance-storage-facility-design
https://www.hamilton.ca/sites/default/files/2022-08/bus-maintenance-storage-facility-ea-environmental-project-report-appendixG.pdf,pdf,https://www.hamilton.ca/environmental-assessments/hamilton-transit-bus-maintenance-storage-facility-design
https://www.hamilton.ca/sites/default/files/2022-08/bus-maintenance-storage-facility-ea-environmental-project-report-appendixH1.pdf,pdf,https://www.hamilton.ca/environmental-assessments/hamilton-transit-bus-maintenance-storage-facility-design
https://www.hamilton.ca/sites/default/files/2022-08/bus-maintenance-storage-facility-ea-environmental-project-report-appendixH2.pdf,pdf,https://www.hamilton.ca/environmental-assessments/hamilton-transit-bus-maintenance-storage-facility-design
https://www.hamilton.ca/sites/default/files/2022-08/bus-maintenance-storage-facility-ea-environmental-project-report.pdf,pdf,https://www.hamilton.ca/environmental-assessments/hamilton-transit-bus-maintenance-storage-facility-design
https://www.hamilton.ca/sites/default/files/2023-11/cOMM-UPDATE-Development-Related-Public-Tree-Removals-1190MainStWest.pdf,pdf,https://www.hamilton.ca/city-council/news-notices/council-communication-updates?department=45&page=16
https://www.publichealthontario.ca/-/media/Documents/C/24/candida-auris-new-case-management.pdf?rev=76c795c712d646daa58c60255ce4057e&sc_lang=en,pdf,https://www.hamilton.ca/city-council/news-notices/news-releases/medical-advisory-candida-auris-clinical-infections
https://www.hamilton.ca/sites/default/files/2024-04/carlisle-ea-pic1-presentation.pdf,pdf,https://www.hamilton.ca/environmental-assessments/carlisle-water-storage-facility
https://www.hamilton.ca/sites/default/files/2024-04/carlisle-ea-pic2-presentation.pdf,pdf,https://www.hamilton.ca/environmental-assessments/carlisle-water-storage-facility
https://www.hamilton.ca/sites/default/files/2024-09/carlisle-water-ea-project-file-report-appendix1.pdf,pdf,https://www.hamilton.ca/environmental-assessments/carlisle-water-storage-facility
https://www.hamilton.ca/sites/default/files/2024-09/carlisle-water-ea-project-file-report-appendix10.pdf,pdf,https://www.hamilton.ca/environmental-assessments/carlisle-water-storage-facility
https://www.hamilton.ca/sites/default/files/2025-04/carlisle-water-ea-project-file-report-appendix11-1.pdf,pdf,https://www.hamilton.ca/environmental-assessments/carlisle-water-storage-facility
https://www.hamilton.ca/sites/default/files/2024-09/carlisle-water-ea-project-file-report-appendix2.pdf,pdf,https://www.hamilton.ca/environmental-assessments/carlisle-water-storage-facility
https://www.hamilton.ca/sites/default/files/2024-09/carlisle-water-ea-project-file-report-appendix3.pdf,pdf,https://www.hamilton.ca/environmental-assessments/carlisle-water-storage-facility
https://www.hamilton.ca/sites/default/files/2025-04/carlisle-water-ea-project-file-report-appendix4-1.pdf,pdf,https://www.hamilton.ca/environmental-assessments/carlisle-water-storage-facility
https://www.hamilton.ca/sites/default/files/2024-09/carlisle-water-ea-project-file-report-appendix5.pdf,pdf,https://www.hamilton.ca/environmental-assessments/carlisle-water-storage-facility
https://www.hamilton.ca/sites/default/files/2024-09/carlisle-water-ea-project-file-report-appendix6.pdf,pdf,https://www.hamilton.ca/environmental-assessments/carlisle-water-storage-facility
https://www.hamilton.ca/sites/default/files/2024-09/carlisle-water-ea-project-file-report-appendix7.pdf,pdf,https://www.hamilton.ca/environmental-assessments/carlisle-water-storage-facility
https://www.hamilton.ca/sites/default/files/2024-09/carlisle-water-ea-project-file-report-appendix8.pdf,pdf,https://www.hamilton.ca/environmental-assessments/carlisle-water-storage-facility
https://www.hamilton.ca/sites/default/files/2024-09/carlisle-water-ea-project-file-report-appendix9.pdf,pdf,https://www.hamilton.ca/environmental-assessments/carlisle-water-storage-facility
https://www.hamilton.ca/sites/default/files/2025-04/carlisle-water-ea-project-file-report-final-1.pdf,pdf,https://www.hamilton.ca/environmental-assessments/carlisle-water-storage-facility
https://www.hamilton.ca/sites/default/files/2025-08/child-youth-network-SOP-agenda-planning-procedure-june2025.pdf,pdf,https://www.hamilton.ca/city-council/plans-strategies/strategies/community-safety-and-well-being-plan/hamiltons-child-and
https://www.hamilton.ca/sites/default/files/2025-08/child-youth-network-SOP-collaborative-grant-procedure-june2025.pdf,pdf,https://www.hamilton.ca/city-council/plans-strategies/strategies/community-safety-and-well-being-plan/hamiltons-child-and
https://www.hamilton.ca/sites/default/files/2025-08/child-youth-network-SOP-email-distribution-procedure-june2025.pdf,pdf,https://www.hamilton.ca/city-council/plans-strategies/strategies/community-safety-and-well-being-plan/hamiltons-child-and
https://www.hamilton.ca/sites/default/files/2025-10/child-youth-network-community-engagement-procedure.pdf,pdf,https://www.hamilton.ca/city-council/plans-strategies/strategies/community-safety-and-well-being-plan/hamiltons-child-and
https://www.hamilton.ca/sites/default/files/2025-11/child-youth-network-data-decision-support-guide1.pdf,pdf,https://www.hamilton.ca/city-council/plans-strategies/strategies/community-safety-and-well-being-plan/hamiltons-child-and
https://www.hamilton.ca/sites/default/files/2025-10/child-youth-network-terms-of-Reference-sep2025.pdf,pdf,https://www.hamilton.ca/city-council/plans-strategies/strategies/community-safety-and-well-being-plan/hamiltons-child-and
https://www.hamilton.ca/sites/default/files/2022-10/comm-Old-Brock-Road-ENG22.003.pdf,pdf,https://www.hamilton.ca/city-council/news-notices/council-communication-updates?department=45&page=25
https://www.hamilton.ca/sites/default/files/2022-07/comm-upadate-annual-corrosion-control-program-wwtf-performance-reports.pdf,pdf,https://www.hamilton.ca/city-council/news-notices/council-communication-updates?department=45&page=29
https://www.hamilton.ca/sites/default/files/2023-07/comm-update-%28ES23013%29-%28City%20Wide%29-Tree-Permit-Updates.pdf,pdf,https://www.hamilton.ca/city-council/news-notices/council-communication-updates?department=45&page=19
https://www.hamilton.ca/sites/default/files/2023-08/comm-update-%28HSR2301%29-%28City%20Wide%29-Ontario-Safe-Restart-Agreement-Municipal-Transit-Stream.pdf,pdf,https://www.hamilton.ca/city-council/news-notices/council-communication-updates?department=45&page=17
https://www.hamilton.ca/sites/default/files/2022-07/comm-update-2021-tree-planting-update.pdf,pdf,https://www.hamilton.ca/city-council/news-notices/council-communication-updates?department=45&page=30
https://www.hamilton.ca/sites/default/files/2022-07/comm-update-2022-spring-community-compost-giveaway-events-wm22002.pdf,pdf,https://www.hamilton.ca/city-council/news-notices/council-communication-updates?department=45&page=28
https://www.hamilton.ca/sites/default/files/2023-02/comm-update-2023-Urban-Forest-Pests.pdf,pdf,https://www.hamilton.ca/city-council/news-notices/council-communication-updates?department=45&page=23
https://www.hamilton.ca/sites/default/files/2024-11/comm-update-CMO-HSC-Next-Gen-911-Update-Nov2024.pdf,pdf,https://www.hamilton.ca/city-council/news-notices/news-releases/city-transitions-next-generation-9-1-1-network
https://www.hamilton.ca/sites/default/files/2022-09/comm-update-CRO22002b-Safety-Enhancements-to-Main-and-King-Street.pdf,pdf,https://www.hamilton.ca/city-council/news-notices/council-communication-updates?department=45&page=25
https://www.hamilton.ca/sites/default/files/2024-12/comm-update-CSWB-toronto-community-Crisis-Centre-Hamiltons-Mental-Health-Crisis-Response.pdf,pdf,https://www.hamilton.ca/city-council/plans-strategies/strategies/community-safety-and-well-being-plan
https://www.hamilton.ca/sites/default/files/2023-03/comm-update-Claremont-Access-Safety-Notice-and-Temporary-Down-Bound-closure.pdf,pdf,https://www.hamilton.ca/city-council/news-notices/council-communication-updates?department=45&page=23
https://www.hamilton.ca/sites/default/files/2024-04/comm-update-ENG24002-2024-Construction-Projects-in-the-Right-of-Way.pdf,pdf,https://www.hamilton.ca/city-council/news-notices/council-communication-updates?department=45&page=13
https://www.hamilton.ca/sites/default/files/2023-11/comm-update-Encampment-Response-Update-247Washroom-Location-Change.pdf,pdf,https://www.hamilton.ca/city-council/news-notices/council-communication-updates?department=45&page=16
https://www.hamilton.ca/sites/default/files/2023-06/comm-update-Gage-Park-Greenhouse-Roof-Panel-Investigation-%28CFEM2306%29.pdf,pdf,https://www.hamilton.ca/city-council/news-notices/council-communication-updates?department=45&page=19
https://www.hamilton.ca/sites/default/files/2024-05/comm-update-HSR-150-Celebrations.pdf,pdf,https://www.hamilton.ca/city-council/news-notices/council-communication-updates?department=45&page=12
https://www.hamilton.ca/sites/default/files/2023-04/comm-update-HSR-Bus-Stop-Bench-Pilot-TRN2105.pdf,pdf,https://www.hamilton.ca/city-council/news-notices/council-communication-updates?department=45&page=34
https://www.hamilton.ca/sites/default/files/2022-09/comm-update-HW.22.08-%20Appendix-A_0.pdf,pdf,https://www.hamilton.ca/city-council/news-notices/council-communication-updates?department=45&page=26
https://www.hamilton.ca/sites/default/files/2022-09/comm-update-HW.22.08-Appendix-B_0.pdf,pdf,https://www.hamilton.ca/city-council/news-notices/council-communication-updates?department=45&page=26
https://www.hamilton.ca/sites/default/files/2022-09/comm-update-HW.22.08-Chedoke-Creek-Remediation.pdf,pdf,https://www.hamilton.ca/city-council/news-notices/council-communication-updates?department=45&page=26
https://www.hamilton.ca/sites/default/files/2022-10/comm-update-HW.22.09%20-ChedokeCreekRemediation-Oct%203-22.pdf,pdf,https://www.hamilton.ca/city-council/news-notices/council-communication-updates?department=45&page=25
https://www.hamilton.ca/sites/default/files/2022-10/comm-update-HW.22.09-ChedokeCreekRemediation-Appendix-A-Oct32022_0.pdf,pdf,https://www.hamilton.ca/city-council/news-notices/council-communication-updates?department=45&page=25
https://www.hamilton.ca/sites/default/files/2022-10/comm-update-HW.22.09-ChedokeCreekRemediation-Appendix-B-Oct%203-22_0.pdf,pdf,https://www.hamilton.ca/city-council/news-notices/council-communication-updates?department=45&page=25
https://www.hamilton.ca/sites/default/files/2022-10/comm-update-HW.22.10-Appendix-A.pdf,pdf,https://www.hamilton.ca/city-council/news-notices/council-communication-updates?department=45&page=25
https://www.hamilton.ca/sites/default/files/2022-10/comm-update-HW.22.10-Chedoke-Creek-Remediation.pdf,pdf,https://www.hamilton.ca/city-council/news-notices/council-communication-updates?department=45&page=25
https://www.hamilton.ca/sites/default/files/2023-06/comm-update-HW.23.05-Provincial-Officers-Order-1-142403769.pdf,pdf,https://www.hamilton.ca/city-council/news-notices/council-communication-updates?department=45&page=19
https://www.hamilton.ca/sites/default/files/2023-07/comm-update-HW.23.06-Chedoke-Creek-Remediation.pdf,pdf,https://www.hamilton.ca/city-council/news-notices/council-communication-updates?department=45&page=18
https://www.hamilton.ca/sites/default/files/2023-10/comm-update-HW.23.08-Chedoke-Creek-Order-Amendment.pdf,pdf,https://www.hamilton.ca/city-council/news-notices/council-communication-updates?department=45&page=16
https://www.hamilton.ca/sites/default/files/2024-03/comm-update-HW2402-Annual-Drinking-Water-Report.pdf,pdf,https://www.hamilton.ca/city-council/news-notices/council-communication-updates?department=45&page=13
https://www.hamilton.ca/sites/default/files/2024-04/comm-update-HW2403-COH-Watershed-Action-Plan-Public-Engagement.pdf,pdf,https://www.hamilton.ca/city-council/news-notices/council-communication-updates?department=45&page=13
https://www.hamilton.ca/sites/default/files/2023-07/comm-update-Hamilton-City-Hall-Garage-Structural-Repairs-%28CFEM2307%29.pdf,pdf,https://www.hamilton.ca/city-council/news-notices/council-communication-updates?department=45&page=18
https://www.hamilton.ca/sites/default/files/2025-08/comm-update-Harmful-Algal-Bloom-Strategy-%28HW2505%29.pdf,pdf,https://www.hamilton.ca/city-council/news-notices/council-communication-updates?department=45&page=5
https://www.hamilton.ca/sites/default/files/2024-05/comm-update-Litter-Management-Service-Enhancements%28WM2401%29.pdf,pdf,https://www.hamilton.ca/city-council/news-notices/council-communication-updates?department=45&page=12
https://www.hamilton.ca/sites/default/files/2024-05/comm-update-Maintenance-on-Lincoln-M-Alexander-Parkway.pdf,pdf,https://www.hamilton.ca/city-council/news-notices/council-communication-updates?department=45&page=12
https://www.hamilton.ca/sites/default/files/2023-01/comm-update-PW-2021-annual-rain-barrel-sale.pdf,pdf,https://www.hamilton.ca/city-council/news-notices/council-communication-updates?department=45&page=33
https://www.hamilton.ca/sites/default/files/2023-01/comm-update-PW-2021-fall-community-compost-giveaways-wm21001.pdf,pdf,https://www.hamilton.ca/city-council/news-notices/council-communication-updates?department=45&page=32
https://www.hamilton.ca/sites/default/files/2023-01/comm-update-PW-2021-hsr-summer-schedule-trn2108.pdf,pdf,https://www.hamilton.ca/city-council/news-notices/council-communication-updates?department=45&page=33
https://www.hamilton.ca/sites/default/files/2024-04/comm-update-PW-HSR-150-apr2024.pdf,pdf,https://www.hamilton.ca/city-council/news-notices/council-communication-updates?department=45&page=12
https://www.hamilton.ca/sites/default/files/2023-12/comm-update-PW-HW2311-chedoke-creek-remediation-update-dec6-23.pdf,pdf,https://www.hamilton.ca/city-council/news-notices/council-communication-updates?department=45&page=15
https://www.hamilton.ca/sites/default/files/2024-04/comm-update-PW-Mountain-Drive-Park-Soils-Finding-ES2402-apr2024.pdf,pdf,https://www.hamilton.ca/city-council/news-notices/council-communication-updates?department=45&page=13
https://www.hamilton.ca/sites/default/files/2024-04/comm-update-PW-Playground-Spray-Pads-Play-Court-Facilities-Maintenance-Service-Levels-Update-Apr2024.pdf,pdf,https://www.hamilton.ca/city-council/news-notices/council-communication-updates?department=45&page=12
https://www.hamilton.ca/sites/default/files/2026-05/comm-update-PW-Powell-Park-Community-Garden-Spoils-Finding-Apr2026.pdf,pdf,https://www.hamilton.ca/city-council/news-notices/news-releases/powell-park-community-garden-temporarily-closed
https://www.hamilton.ca/sites/default/files/2024-03/comm-update-PW-Update3-fire-damage-woodlands-park-washroom.pdf,pdf,https://www.hamilton.ca/city-council/news-notices/council-communication-updates?department=45&page=13
https://www.hamilton.ca/sites/default/files/2023-01/comm-update-PW-automated-speed-enforcement-updates-tom2101.pdf,pdf,https://www.hamilton.ca/city-council/news-notices/council-communication-updates?department=45&page=35
https://www.hamilton.ca/sites/default/files/2023-01/comm-update-PW-bridge-346-load-restrictions-centrerd-mar21.pdf,pdf,https://www.hamilton.ca/city-council/news-notices/council-communication-updates?department=45&page=35
https://www.hamilton.ca/sites/default/files/2023-01/comm-update-PW-chedoke-creek-order-chedoke-creek-workplan-HW-21-04.pdf,pdf,https://www.hamilton.ca/city-council/news-notices/council-communication-updates?department=45&page=32
https://www.hamilton.ca/sites/default/files/2023-01/comm-update-PW-chedoke-creek-order-cootes-paradise-workplan-hw-21-03.pdf,pdf,https://www.hamilton.ca/city-council/news-notices/council-communication-updates?department=45&page=33
https://www.hamilton.ca/sites/default/files/2023-01/comm-update-PW-chedoke-creek-order-short-term-offsets-hw-21-05.pdf,pdf,https://www.hamilton.ca/city-council/news-notices/council-communication-updates?department=45&page=32
https://www.hamilton.ca/sites/default/files/2023-01/comm-update-PW-chedoke-creek-workplan-extension-hw-21-06.pdf,pdf,https://www.hamilton.ca/city-council/news-notices/council-communication-updates?department=45&page=31
https://www.hamilton.ca/sites/default/files/2023-03/comm-update-PW-claremont-access-maintenance-update.pdf,pdf,https://www.hamilton.ca/city-council/news-notices/council-communication-updates?department=45&page=22
https://www.hamilton.ca/sites/default/files/2023-01/comm-update-PW-drinking-water-fountains.pdf,pdf,https://www.hamilton.ca/city-council/news-notices/council-communication-updates?department=45&page=32
https://www.hamilton.ca/sites/default/files/2023-01/comm-update-PW-finalized-blue-box-regulation-es21004.pdf,pdf,https://www.hamilton.ca/city-council/news-notices/council-communication-updates?department=45&page=33
https://www.hamilton.ca/sites/default/files/2023-06/comm-update-PW-first-case-oak-wilt.pdf,pdf,https://www.hamilton.ca/city-council/news-notices/council-communication-updates?department=45&page=19
https://www.hamilton.ca/sites/default/files/2023-01/comm-update-PW-growing-canadas-forests-program-es21003.pdf,pdf,https://www.hamilton.ca/city-council/news-notices/council-communication-updates?department=45&page=34
https://www.hamilton.ca/sites/default/files/2023-01/comm-update-PW-hamilton-aviary-temporary-closure.pdf,pdf,https://www.hamilton.ca/city-council/news-notices/council-communication-updates?department=45&page=23
https://www.hamilton.ca/sites/default/files/2023-01/comm-update-PW-hamilton-municipal-cemeteries-spring-maintenance-ES21002.pdf,pdf,https://www.hamilton.ca/city-council/news-notices/council-communication-updates?department=45&page=34
https://www.hamilton.ca/sites/default/files/2023-02/comm-update-PW-hsr-2021-2022-winter-schedule.pdf,pdf,https://www.hamilton.ca/city-council/news-notices/council-communication-updates?department=45&page=31
https://www.hamilton.ca/sites/default/files/2023-02/comm-update-PW-hsr-ats-accessibility-virtual-public-forum-trn2112.pdf,pdf,https://www.hamilton.ca/city-council/news-notices/council-communication-updates?department=45&page=31
https://www.hamilton.ca/sites/default/files/2023-01/comm-update-PW-hsr-fall-schedule-trn2110.pdf,pdf,https://www.hamilton.ca/city-council/news-notices/council-communication-updates?department=45&page=32
https://www.hamilton.ca/sites/default/files/2023-01/comm-update-PW-hsr-myride-trn2111-appendixA_0.pdf,pdf,https://www.hamilton.ca/city-council/news-notices/council-communication-updates?department=45&page=32
https://www.hamilton.ca/sites/default/files/2023-01/comm-update-PW-hsr-myride-trn2111_1.pdf,pdf,https://www.hamilton.ca/city-council/news-notices/council-communication-updates?department=45&page=32
https://www.hamilton.ca/sites/default/files/2023-01/comm-update-PW-linc-maintenance-tom2103.pdf,pdf,https://www.hamilton.ca/city-council/news-notices/council-communication-updates?department=45&page=34
https://www.hamilton.ca/sites/default/files/2023-01/comm-update-PW-mountain-climber-program-expansion.pdf,pdf,https://www.hamilton.ca/city-council/news-notices/council-communication-updates?department=45&page=33
https://www.hamilton.ca/sites/default/files/2023-01/comm-update-PW-parks-washroom-es21007-appendixA.pdf,pdf,https://www.hamilton.ca/city-council/news-notices/council-communication-updates?department=45&page=31
https://www.hamilton.ca/sites/default/files/2023-01/comm-update-PW-parks-washroom-es21007-appendixB.pdf,pdf,https://www.hamilton.ca/city-council/news-notices/council-communication-updates?department=45&page=31
https://www.hamilton.ca/sites/default/files/2023-01/comm-update-PW-parks-washroom-es21007-appendixC.pdf,pdf,https://www.hamilton.ca/city-council/news-notices/council-communication-updates?department=45&page=31
https://www.hamilton.ca/sites/default/files/2023-01/comm-update-PW-parks-washroom-es21007.pdf,pdf,https://www.hamilton.ca/city-council/news-notices/council-communication-updates?department=45&page=31
https://www.hamilton.ca/sites/default/files/2023-02/comm-update-PW-policy10-high-voltage-electrical-effm-2021-01.pdf,pdf,https://www.hamilton.ca/city-council/news-notices/council-communication-updates?department=45&page=31
https://www.hamilton.ca/sites/default/files/2023-01/comm-update-PW-presto-card-distribution-trn2107.pdf,pdf,https://www.hamilton.ca/city-council/news-notices/council-communication-updates?department=45&page=35
https://www.hamilton.ca/sites/default/files/2023-01/comm-update-PW-procurement-policy-works-related-to-binbrook-sps-dec21.pdf,pdf,https://www.hamilton.ca/city-council/news-notices/council-communication-updates?department=45&page=30
https://www.hamilton.ca/sites/default/files/2023-01/comm-update-PW-randlereef-jun2021.pdf,pdf,https://www.hamilton.ca/city-council/news-notices/council-communication-updates?department=45&page=33
https://www.hamilton.ca/sites/default/files/2023-01/comm-update-PW-transit-shelter-replacements-trn2103-mar21.pdf,pdf,https://www.hamilton.ca/city-council/news-notices/council-communication-updates?department=45&page=35
https://www.hamilton.ca/sites/default/files/2023-01/comm-update-PW-trillium-awards-results-es21006.pdf,pdf,https://www.hamilton.ca/city-council/news-notices/council-communication-updates?department=45&page=31
https://www.hamilton.ca/sites/default/files/2023-01/comm-update-PW-women-in-transit-appendixA_0.pdf,pdf,https://www.hamilton.ca/city-council/news-notices/council-communication-updates?department=45&page=34
https://www.hamilton.ca/sites/default/files/2023-01/comm-update-PW-women-in-transit.pdf,pdf,https://www.hamilton.ca/city-council/news-notices/council-communication-updates?department=45&page=34
https://www.hamilton.ca/sites/default/files/2023-10/comm-update-Pier-4-Park-Tugboat-Closure.pdf,pdf,https://www.hamilton.ca/city-council/news-notices/council-communication-updates?department=45&page=17
https://www.hamilton.ca/sites/default/files/2024-01/comm-update-Procurement-Policy10-Digester-10-Emergency-Repairs-HW2401.pdf,pdf,https://www.hamilton.ca/city-council/news-notices/council-communication-updates?department=45&page=14
https://www.hamilton.ca/sites/default/files/2023-04/comm-update-Re-envision-HSR-Status-Update-June-2020.pdf,pdf,https://www.hamilton.ca/city-council/news-notices/council-communication-updates?department=45&page=38
https://www.hamilton.ca/sites/default/files/2022-08/comm-update-Registering-Emission-Credits-within-Clean-Fuel-Regulations.pdf,pdf,https://www.hamilton.ca/city-council/news-notices/council-communication-updates?department=45&page=26
https://www.hamilton.ca/sites/default/files/2023-03/comm-update-Saltfleet-Community-Centre-Structural-Concerns-and-Closure.pdf,pdf,https://www.hamilton.ca/city-council/news-notices/council-communication-updates?department=45&page=22
https://www.hamilton.ca/sites/default/files/2023-04/comm-update-Spills-From-Hamilton-Wastewater-Infrastructure-Webpage.pdf,pdf,https://www.hamilton.ca/city-council/news-notices/council-communication-updates?department=45&page=21
https://www.hamilton.ca/sites/default/files/2022-08/comm-update-Sport-Lighting-Phase1-Condition-Assessment-Update.pdf,pdf,https://www.hamilton.ca/city-council/news-notices/council-communication-updates?department=45&page=27
https://www.hamilton.ca/sites/default/files/2024-02/comm-update-TSSA-Inspection-Report%2310150505-Bernie-Morelli-Recreation-Centre-%28CFEM2404%29.pdf,pdf,https://www.hamilton.ca/city-council/news-notices/council-communication-updates?department=45&page=13
https://www.hamilton.ca/sites/default/files/2022-10/comm-update-Tree%20Removal-ENG22.002.pdf,pdf,https://www.hamilton.ca/city-council/news-notices/council-communication-updates?department=45&page=25
https://www.hamilton.ca/sites/default/files/2023-07/comm-update-Update%233-Gage-Park-Greenhouse-Roof-Panel-Investigation-%28CFEM2308%29.pdf,pdf,https://www.hamilton.ca/city-council/news-notices/council-communication-updates?department=45&page=18
https://www.hamilton.ca/sites/default/files/2023-07/comm-update-Update%234-Gage-Park-Greenhouse-Roof-Panel-Investigation-%28CFEM2309%29.pdf,pdf,https://www.hamilton.ca/city-council/news-notices/council-communication-updates?department=45&page=18
https://www.hamilton.ca/sites/default/files/2023-10/comm-update-Update%235-Gage-Park-Greenhouse-Reopening-Results-Roof-Panel-Investigation.pdf,pdf,https://www.hamilton.ca/city-council/news-notices/council-communication-updates?department=45&page=17
https://www.hamilton.ca/sites/default/files/2025-07/comm-update-Update-2-Eastwood-Arena-Closure-%28CFEM2505%29.pdf,pdf,https://www.hamilton.ca/city-council/news-notices/council-communication-updates?department=45&page=5
https://www.hamilton.ca/sites/default/files/2023-06/comm-update-Waste-Free-Ontario-Act-Status-of-Blue-Box-Program-Transition%28WM2301%29.pdf,pdf,https://www.hamilton.ca/city-council/news-notices/council-communication-updates?department=45&page=19
https://www.hamilton.ca/sites/default/files/2022-08/comm-update-chedoke-Creek-Remediation.pdf,pdf,https://www.hamilton.ca/city-council/news-notices/council-communication-updates?department=45&page=26
https://www.hamilton.ca/sites/default/files/2022-09/comm-update-hsr-ATS-DARTS-Fleet-Management-and-Vehicle-Safety-Audit-Report-TRN2201.pdf,pdf,https://www.hamilton.ca/city-council/news-notices/council-communication-updates?department=45&page=26
https://www.hamilton.ca/sites/default/files/2025-06/comm-update-maintenance-red-hill-valley-parkway-trans2503-june262025.pdf,pdf,https://www.hamilton.ca/city-council/news-notices/council-communication-updates?department=45&page=5
https://www.hamilton.ca/sites/default/files/2025-09/comm-update-new-transit-maintenance-storage-facility-project-schedule-update-CFEM2507.pdf,pdf,https://www.hamilton.ca/city-council/news-notices/council-communication-updates?department=45&page=3
https://www.hamilton.ca/sites/default/files/2025-05/comm-update-next-generation-911-update.pdf,pdf,https://www.hamilton.ca/city-council/news-notices/news-releases/city-transitions-next-generation-9-1-1-network
https://www.hamilton.ca/sites/default/files/2022-07/comm-update-parks-turf-mowing-program-service-level-impacts-es22005.pdf,pdf,https://www.hamilton.ca/city-council/news-notices/council-communication-updates?department=45&page=28
https://www.hamilton.ca/sites/default/files/2025-08/comm-update-proposed-changes-blue-box-regulation-resource-recovery-circular-economy-act-july2025.pdf,pdf,https://www.hamilton.ca/city-council/news-notices/council-communication-updates?department=45&page=5
https://www.hamilton.ca/sites/default/files/2023-03/comm-update-pw-2-emergency-works-high-lake-levels-hw-oct-2019.pdf,pdf,https://www.hamilton.ca/city-council/news-notices/council-communication-updates?department=45&page=40
https://www.hamilton.ca/sites/default/files/2023-03/comm-update-pw-2019-central-composting-facility-operations-es-19006.pdf,pdf,https://www.hamilton.ca/city-council/news-notices/council-communication-updates?department=45&page=45
https://www.hamilton.ca/sites/default/files/2023-03/comm-update-pw-2019-electronic-waste-es-19021.pdf,pdf,https://www.hamilton.ca/city-council/news-notices/council-communication-updates?department=45&page=41
https://www.hamilton.ca/sites/default/files/2023-03/comm-update-pw-2019-tree-planting-update-es20003.pdf,pdf,https://www.hamilton.ca/city-council/news-notices/council-communication-updates?department=45&page=39
https://www.hamilton.ca/sites/default/files/2023-03/comm-update-pw-2019-waste-free-ontario-act-mar-2019.pdf,pdf,https://www.hamilton.ca/city-council/news-notices/council-communication-updates?department=45&page=45
https://www.hamilton.ca/sites/default/files/2023-03/comm-update-pw-2019-waterfront-trail-repairs.pdf,pdf,https://www.hamilton.ca/city-council/news-notices/council-communication-updates?department=45&page=42
https://www.hamilton.ca/sites/default/files/2023-06/comm-update-pw-City-Hall-Forecourt-Bollard-Installation-Project-Implementation-Update-2.pdf,pdf,https://www.hamilton.ca/city-council/news-notices/council-communication-updates?department=45&page=19
https://www.hamilton.ca/sites/default/files/2023-03/comm-update-pw-aberdeen-avenue-safety-measures-tom1904.pdf,pdf,https://www.hamilton.ca/city-council/news-notices/council-communication-updates?department=45&page=42
https://www.hamilton.ca/sites/default/files/2023-03/comm-update-pw-annual-rain-barrel-sale.pdf,pdf,https://www.hamilton.ca/city-council/news-notices/council-communication-updates?department=45&page=38
https://www.hamilton.ca/sites/default/files/2023-03/comm-update-pw-annual-submission-for-broader-public-sector-reporting.pdf,pdf,https://www.hamilton.ca/city-council/news-notices/council-communication-updates?department=45&page=41
https://www.hamilton.ca/sites/default/files/2023-03/comm-update-pw-automated-speed-enforcement.pdf,pdf,https://www.hamilton.ca/city-council/news-notices/council-communication-updates?department=45&page=36
https://www.hamilton.ca/sites/default/files/2023-03/comm-update-pw-cemeteries-cosmetic-pesticide-ban-es20005.pdf,pdf,https://www.hamilton.ca/city-council/news-notices/council-communication-updates?department=45&page=39
https://www.hamilton.ca/sites/default/files/2023-03/comm-update-pw-central-composting-facility-request-for-proposal-es20008.pdf,pdf,https://www.hamilton.ca/city-council/news-notices/council-communication-updates?department=45&page=38
https://www.hamilton.ca/sites/default/files/2023-04/comm-update-pw-city-hall-forecourt-bollard-project-apr2023.pdf,pdf,https://www.hamilton.ca/city-council/news-notices/council-communication-updates?department=45&page=21
https://www.hamilton.ca/sites/default/files/2023-03/comm-update-pw-city-of-hamiltons-central-composting-facility-operations.pdf,pdf,https://www.hamilton.ca/city-council/news-notices/council-communication-updates?department=45&page=42
https://www.hamilton.ca/sites/default/files/2023-03/comm-update-pw-community-outdoor-ice-rink-program.pdf,pdf,https://www.hamilton.ca/city-council/news-notices/council-communication-updates?department=45&page=36
https://www.hamilton.ca/sites/default/files/2023-03/comm-update-pw-cso-storage-overflow-event-reporting.pdf,pdf,https://www.hamilton.ca/city-council/news-notices/council-communication-updates?department=45&page=40
https://www.hamilton.ca/sites/default/files/2023-03/comm-update-pw-e-w-corridor-parkside-tree-removal.pdf,pdf,https://www.hamilton.ca/city-council/news-notices/council-communication-updates?department=45&page=37
https://www.hamilton.ca/sites/default/files/2023-03/comm-update-pw-emerald-ash-borer-management-annual-update-es20001.pdf,pdf,https://www.hamilton.ca/city-council/news-notices/council-communication-updates?department=45&page=39
https://www.hamilton.ca/sites/default/files/2023-03/comm-update-pw-emergency-works-bridge-452-centennial-pkwy.pdf,pdf,https://www.hamilton.ca/city-council/news-notices/council-communication-updates?department=45&page=40
https://www.hamilton.ca/sites/default/files/2023-03/comm-update-pw-emergency-works-elevated-lake-levels-aug-2019.pdf,pdf,https://www.hamilton.ca/city-council/news-notices/council-communication-updates?department=45&page=41
https://www.hamilton.ca/sites/default/files/2023-03/comm-update-pw-eng-21002-centre-road.pdf,pdf,https://www.hamilton.ca/city-council/news-notices/council-communication-updates?department=45&page=35
https://www.hamilton.ca/sites/default/files/2023-03/comm-update-pw-first-ontario-centre-elevating-device-replacements.pdf,pdf,https://www.hamilton.ca/city-council/news-notices/council-communication-updates?department=45&page=41
https://www.hamilton.ca/sites/default/files/2023-03/comm-update-pw-gypsy-moth-control-program-sept-2019.pdf,pdf,https://www.hamilton.ca/city-council/news-notices/council-communication-updates?department=45&page=40
https://www.hamilton.ca/sites/default/files/2023-03/comm-update-pw-hamilton-municipal-cemeteries-spring-maintenance-program-2021-es-21002.pdf,pdf,https://www.hamilton.ca/city-council/news-notices/council-communication-updates?department=45&page=34
https://www.hamilton.ca/sites/default/files/2023-03/comm-update-pw-hwy-8-tree-removal.pdf,pdf,https://www.hamilton.ca/city-council/news-notices/council-communication-updates?department=45&page=36
https://www.hamilton.ca/sites/default/files/2023-03/comm-update-pw-j-l-grightmire-arena-35-market-street-dundas.pdf,pdf,https://www.hamilton.ca/city-council/news-notices/council-communication-updates?department=45&page=42
https://www.hamilton.ca/sites/default/files/2023-03/comm-update-pw-launch-hsrnow-mobile-app.pdf,pdf,https://www.hamilton.ca/city-council/news-notices/council-communication-updates?department=45&page=37
https://www.hamilton.ca/sites/default/files/2023-03/comm-update-pw-linc-maintenance-jun-2020.pdf,pdf,https://www.hamilton.ca/city-council/news-notices/council-communication-updates?department=45&page=38
https://www.hamilton.ca/sites/default/files/2023-03/comm-update-pw-neighbourhood-speed-limit-reduction-implementation-tom1905.pdf,pdf,https://www.hamilton.ca/city-council/news-notices/council-communication-updates?department=45&page=42
https://www.hamilton.ca/sites/default/files/2023-03/comm-update-pw-new-septage-waste-haulage-receiving-station-schedule-b.pdf,pdf,https://www.hamilton.ca/city-council/news-notices/council-communication-updates?department=45&page=41
https://www.hamilton.ca/sites/default/files/2023-03/comm-update-pw-one-day-rain-barrel-truckload-sale-doors-open-event.pdf,pdf,https://www.hamilton.ca/city-council/news-notices/council-communication-updates?department=45&page=42
https://www.hamilton.ca/sites/default/files/2023-03/comm-update-pw-provincial-officers-order-1-142403769-hw-23-02.pdf,pdf,https://www.hamilton.ca/city-council/news-notices/council-communication-updates?department=45&page=22
https://www.hamilton.ca/sites/default/files/2023-03/comm-update-pw-queen-st-2-way-conversion.pdf,pdf,https://www.hamilton.ca/city-council/news-notices/council-communication-updates?department=45&page=39
https://www.hamilton.ca/sites/default/files/2023-03/comm-update-pw-queen-street-conversion-tom1907.pdf,pdf,https://www.hamilton.ca/city-council/news-notices/council-communication-updates?department=45&page=40
https://www.hamilton.ca/sites/default/files/2023-03/comm-update-pw-results-of-the-2020-digital-trillium-awards-program.pdf,pdf,https://www.hamilton.ca/city-council/news-notices/council-communication-updates?department=45&page=37
https://www.hamilton.ca/sites/default/files/2023-03/comm-update-pw-school-bus-enforcement-camera.pdf,pdf,https://www.hamilton.ca/city-council/news-notices/council-communication-updates?department=45&page=38
https://www.hamilton.ca/sites/default/files/2023-03/comm-update-pw-sidewalk-snow-clearing-engagement.pdf,pdf,https://www.hamilton.ca/city-council/news-notices/council-communication-updates?department=45&page=37
https://www.hamilton.ca/sites/default/files/2023-03/comm-update-pw-sidewalk-snow-removal-tom2001.pdf,pdf,https://www.hamilton.ca/city-council/news-notices/council-communication-updates?department=45&page=39
https://www.hamilton.ca/sites/default/files/2023-03/comm-update-pw-tom-2006-overnight-bridge-repair.pdf,pdf,https://www.hamilton.ca/city-council/news-notices/council-communication-updates?department=45&page=37
https://www.hamilton.ca/sites/default/files/2023-03/comm-update-pw-tom-2101-ase-webpage-updates.pdf,pdf,https://www.hamilton.ca/city-council/news-notices/council-communication-updates?department=45&page=35
https://www.hamilton.ca/sites/default/files/2023-03/comm-update-pw-tom1906-eng19-002-linc-repairs.pdf,pdf,https://www.hamilton.ca/city-council/news-notices/council-communication-updates?department=45&page=41
https://www.hamilton.ca/sites/default/files/2023-03/comm-update-pw-transit-shelter-replacements-trn-2103.pdf,pdf,https://www.hamilton.ca/city-council/news-notices/council-communication-updates?department=45&page=36
https://www.hamilton.ca/sites/default/files/2023-03/comm-update-pw-transit-stop-bench-combo-prototype-trn-2102.pdf,pdf,https://www.hamilton.ca/city-council/news-notices/council-communication-updates?department=45&page=36
https://www.hamilton.ca/sites/default/files/2023-03/comm-update-pw-trillium-program-change-due-to-covid-19.pdf,pdf,https://www.hamilton.ca/city-council/news-notices/council-communication-updates?department=45&page=39
https://www.hamilton.ca/sites/default/files/2023-03/comm-update-pw-trn-2101-transit-day-questions.pdf,pdf,https://www.hamilton.ca/city-council/news-notices/council-communication-updates?department=45&page=36
https://www.hamilton.ca/sites/default/files/2023-03/comm-update-pw-waste-complaint-tracking-june-2020.pdf,pdf,https://www.hamilton.ca/city-council/news-notices/council-communication-updates?department=45&page=38
https://www.hamilton.ca/sites/default/files/2023-03/comm-update-pw-waste-free-ontario-act-update-blue-box-transition-plan-announcement.pdf,pdf,https://www.hamilton.ca/city-council/news-notices/council-communication-updates?department=45&page=40
https://www.hamilton.ca/sites/default/files/2023-03/comm-update-pw-waste-free-ontario-act-update-bluebox-transition-plan.pdf,pdf,https://www.hamilton.ca/city-council/news-notices/council-communication-updates?department=45&page=37
https://www.hamilton.ca/sites/default/files/2022-07/comm-update-response-to-questions-encampment-clean-ups-tree-canopy.pdf,pdf,https://www.hamilton.ca/city-council/news-notices/council-communication-updates?department=45&page=30
https://www.hamilton.ca/sites/default/files/2025-06/comm-update-stoney-creek-water-quality-may-20-21-2025-hw2504_0.pdf,pdf,https://www.hamilton.ca/city-council/news-notices/news-releases/ministry-review-confirms-no-issues-citys-water-quality-and
https://www.hamilton.ca/sites/default/files/2025-08/comm-update-textile-diversion-event-july2025.pdf,pdf,https://www.hamilton.ca/city-council/news-notices/council-communication-updates?department=45&page=5
https://www.hamilton.ca/sites/default/files/2022-07/comm-update-wild-waterworks-2022-operating-season.pdf,pdf,https://www.hamilton.ca/city-council/news-notices/council-communication-updates?department=45&page=28
https://www.hamilton.ca/sites/default/files/2022-11/comm-update-winterizing-public-washrooms-pilot-Nov-3-2022.pdf,pdf,https://www.hamilton.ca/city-council/news-notices/council-communication-updates?department=45&page=24
https://www.hamilton.ca/sites/default/files/2023-10/comm-updateHW.23.07-Chedoke-Creek-Order-Amendment-Request.pdf,pdf,https://www.hamilton.ca/city-council/news-notices/council-communication-updates?department=45&page=17
https://www.hamilton.ca/sites/default/files/2023-01/comm-update_2022-Tree-Planting-Update.pdf,pdf,https://www.hamilton.ca/city-council/news-notices/council-communication-updates?department=45&page=23
https://www.hamilton.ca/sites/default/files/2023-03/comm-update_Chedoke-Creek-Remediation-MECP-Order-Amendment.pdf,pdf,https://www.hamilton.ca/city-council/news-notices/council-communication-updates?department=45&page=23
https://www.hamilton.ca/sites/default/files/2023-04/comm-update_Hamilton-Municipal-Cemeteries%20-Spring-Maintenance-Program-2023.pdf,pdf,https://www.hamilton.ca/city-council/news-notices/council-communication-updates?department=45&page=21
https://www.hamilton.ca/sites/default/files/2023-03/comm-update_Hamilton-Municipal-Cemeteries-historic-tours.pdf,pdf,https://www.hamilton.ca/city-council/news-notices/council-communication-updates?department=45&page=23
https://www.hamilton.ca/sites/default/files/2023-03/comm-update_Hemlock-Woolly-Adelgid-Identified-on-City-Property.pdf,pdf,https://www.hamilton.ca/city-council/news-notices/council-communication-updates?department=45&page=22
https://www.hamilton.ca/sites/default/files/2023-05/comm-update_Playground-Spray-Pads-and-Play-Court-Facilities-Maintenance-Service-Levels-and-Capital-Program-Update.pdf,pdf,https://www.hamilton.ca/city-council/news-notices/council-communication-updates?department=45&page=20
https://www.hamilton.ca/sites/default/files/2023-04/comm-update_Saltfleet-Community-Centre-Structural-Concerns-and-Closure.pdf,pdf,https://www.hamilton.ca/city-council/news-notices/council-communication-updates?department=45&page=22
https://www.hamilton.ca/sites/default/files/2023-09/comms-update-PW-ClaremontAccessUpdate-sept2023.pdf,pdf,https://www.hamilton.ca/city-council/news-notices/council-communication-updates?department=45&page=17
https://www.hamilton.ca/sites/default/files/2023-07/comms-update-PW-chedoke-creek-remediation-Jul2023.pdf,pdf,https://www.hamilton.ca/city-council/news-notices/council-communication-updates?department=45&page=18
https://www.hamilton.ca/sites/default/files/2023-11/comms-update-PW-claremont-access-update-ENG23005.pdf,pdf,https://www.hamilton.ca/city-council/news-notices/council-communication-updates?department=45&page=16
https://www.hamilton.ca/sites/default/files/2023-07/comms-update-PW-gage-park-greenhouse-update2.pdf,pdf,https://www.hamilton.ca/city-council/news-notices/council-communication-updates?department=45&page=18
https://www.hamilton.ca/sites/default/files/2022-07/comms-update-linc-maintenance-apr202022.pdf,pdf,https://www.hamilton.ca/city-council/news-notices/council-communication-updates?department=45&page=29
https://www.hamilton.ca/sites/default/files/2022-07/comms-update-protest-activity-city-hall-030822.pdf,pdf,https://www.hamilton.ca/city-council/news-notices/council-communication-updates?department=45&page=30
https://www.hamilton.ca/sites/default/files/2022-07/comms-update-pw-chedoke-creek-remediation-website-jun2022.pdf,pdf,https://www.hamilton.ca/city-council/news-notices/council-communication-updates?department=45&page=28
https://www.hamilton.ca/sites/default/files/2022-07/comms-update-pw-chedoke-creek-remediation-website-may22.pdf,pdf,https://www.hamilton.ca/city-council/news-notices/council-communication-updates?department=45&page=29
https://www.hamilton.ca/sites/default/files/2022-07/comms-update-pw-forestry-sending-help-ottawa-peterborough-june2022.pdf,pdf,https://www.hamilton.ca/city-council/news-notices/council-communication-updates?department=45&page=28
https://www.hamilton.ca/sites/default/files/2022-07/comms-update-pw-kenilworth-soil-removal-june2022.pdf,pdf,https://www.hamilton.ca/city-council/news-notices/council-communication-updates?department=45&page=28
https://www.hamilton.ca/sites/default/files/2022-07/comms-update-pw-wild-waterworks-operating-season-jun2022.pdf,pdf,https://www.hamilton.ca/city-council/news-notices/council-communication-updates?department=45&page=27
https://www.hamilton.ca/sites/default/files/2022-07/comms-update-pw-wild-waterworks-operating-season-jun242022.pdf,pdf,https://www.hamilton.ca/city-council/news-notices/council-communication-updates?department=45&page=27
https://www.hamilton.ca/sites/default/files/2022-07/comms-update-waste-free-ontario-act-status-blue-box-program-transitionwm22001city_wide.pdf,pdf,https://www.hamilton.ca/city-council/news-notices/council-communication-updates?department=45&page=29
https://www.hamilton.ca/sites/default/files/2022-10/communication-update-bell-ENG22.001.pdf,pdf,https://www.hamilton.ca/city-council/news-notices/council-communication-updates?department=45&page=25
https://www.hamilton.ca/sites/default/files/2022-07/communication-update-hamilton-municipal-cemeteries-spring-maintenance-program-march2022-es22003.pdf,pdf,https://www.hamilton.ca/city-council/news-notices/council-communication-updates?department=45&page=30
https://www.hamilton.ca/sites/default/files/2022-07/communication-update-safety-concern-sydenham-road.pdf,pdf,https://www.hamilton.ca/city-council/news-notices/council-communication-updates?department=45&page=30
https://www.hamilton.ca/sites/default/files/2022-08/community-garden-final-report.pdf,pdf,https://www.hamilton.ca/city-council/plans-strategies/strategies/hamilton-food-strategy
https://www.hamilton.ca/sites/default/files/2022-08/community-garden-infographic.pdf,pdf,https://www.hamilton.ca/city-council/plans-strategies/strategies/hamilton-food-strategy
https://www.hamilton.ca/sites/default/files/2022-08/community-garden-summary-report.pdf,pdf,https://www.hamilton.ca/city-council/plans-strategies/strategies/hamilton-food-strategy
https://www.hamilton.ca/sites/default/files/2022-09/commupdate-pw-centennial-heights-contaminated-soil-sept6-2022.pdf,pdf,https://www.hamilton.ca/city-council/news-notices/council-communication-updates?department=45&page=26
https://www.hamilton.ca/sites/default/files/2025-06/consideration-report-HSC25012-2025-2029-cswb-plan.pdf,pdf,https://www.hamilton.ca/city-council/plans-strategies/strategies/community-safety-and-well-being-plan
https://www.hamilton.ca/sites/default/files/2022-08/cu-pw-safety-enhancements-main-king-street.pdf,pdf,https://www.hamilton.ca/city-council/news-notices/council-communication-updates?department=45&page=27
https://smho-smso.ca/,pdf,https://www.hamilton.ca/city-council/plans-strategies/strategies/hamilton-drug-strategy
https://www.hamilton.ca/sites/default/files/2024-05/engagement-municipal-scan-practices.pdf,pdf,https://www.hamilton.ca/city-council/plans-strategies/strategies/engaging-your-city/public-engagement
https://www.hamilton.ca/sites/default/files/2024-05/engagement-public-engagement-policy-CMO-GRCE-24-01.pdf,pdf,https://www.hamilton.ca/city-council/plans-strategies/strategies/engaging-your-city/public-engagement
https://www.hamilton.ca/sites/default/files/2024-03/events-solar-eclipse-ministry.pdf,pdf,https://www.hamilton.ca/things-do/festivals-events/2024-solar-eclipse
https://www.hamilton.ca/sites/default/files/2024-05/glancaster-rd-ea-cultural-heritage-report.pdf,pdf,https://www.hamilton.ca/environmental-assessments/glancaster-road-improvements-dickenson-rd-garner-rd
https://www.hamilton.ca/sites/default/files/2024-05/glancaster-rd-ea-geotechnical-investigation-report.pdf,pdf,https://www.hamilton.ca/environmental-assessments/glancaster-road-improvements-dickenson-rd-garner-rd
https://www.hamilton.ca/sites/default/files/2024-05/glancaster-rd-ea-natural-environment-report.pdf,pdf,https://www.hamilton.ca/environmental-assessments/glancaster-road-improvements-dickenson-rd-garner-rd
https://www.hamilton.ca/sites/default/files/2024-06/glancaster-rd-ea-pic1-presentation-1.pdf,pdf,https://www.hamilton.ca/environmental-assessments/glancaster-road-improvements-dickenson-rd-garner-rd
https://www.hamilton.ca/sites/default/files/2024-06/glancaster-rd-ea-pic1-roll-plan-alt1-36mROW.pdf,pdf,https://www.hamilton.ca/environmental-assessments/glancaster-road-improvements-dickenson-rd-garner-rd
https://www.hamilton.ca/sites/default/files/2024-06/glancaster-rd-ea-pic1-roll-plan-alt2-HybridROW.pdf,pdf,https://www.hamilton.ca/environmental-assessments/glancaster-road-improvements-dickenson-rd-garner-rd
https://www.hamilton.ca/sites/default/files/2026-06/glancaster-rd-ea-pic2-presentation.pdf,pdf,https://www.hamilton.ca/environmental-assessments/glancaster-road-improvements-dickenson-rd-garner-rd
https://www.hamilton.ca/sites/default/files/2026-06/glancaster-rd-ea-pic2-rollplan-2026.pdf,pdf,https://www.hamilton.ca/environmental-assessments/glancaster-road-improvements-dickenson-rd-garner-rd
https://www.hamilton.ca/sites/default/files/2024-05/glancaster-rd-ea-storm-water-management-report.pdf,pdf,https://www.hamilton.ca/environmental-assessments/glancaster-road-improvements-dickenson-rd-garner-rd
https://www.hamilton.ca/sites/default/files/2023-01/hamilton-digital-strategy_0.pdf,pdf,https://www.hamilton.ca/city-council/plans-strategies/strategies/digital-strategy
https://www.hamilton.ca/sites/default/files/2022-08/hamilton-drug-strategy-report.pdf,pdf,https://www.hamilton.ca/city-council/plans-strategies/strategies/hamilton-drug-strategy
https://www.hamilton.ca/sites/default/files/2022-08/hamilton-food-literacy-network-forum-report-2017.pdf,pdf,https://www.hamilton.ca/city-council/plans-strategies/strategies/hamilton-food-strategy
https://www.hamilton.ca/sites/default/files/2023-07/hamilton-food-strategy-forum-summary.pdf,pdf,https://www.hamilton.ca/city-council/plans-strategies/strategies/hamilton-food-strategy
https://www.hamilton.ca/sites/default/files/2022-08/hamilton-food-strategy.pdf,pdf,https://www.hamilton.ca/city-council/plans-strategies/strategies/hamilton-food-strategy
https://www.hamilton.ca/sites/default/files/2023-03/hamilton-supervised-injection-site-study.pdf,pdf,https://www.hamilton.ca/city-council/plans-strategies/strategies/consumption-and-treatment-services
https://www.hamilton.ca/sites/default/files/2024-09/harassment-discrimination-prevention-policy.pdf,pdf,https://www.hamilton.ca/city-council/plans-strategies/strategies/rzone-respectful-environments
https://www.hamilton.ca/sites/default/files/2025-12/housing-sustainability-investment-roadmap-dec2025.pdf,pdf,https://www.hamilton.ca/city-council/news-notices/news-releases/city-taking-critical-action-effort-support-building-homes
https://www.hamilton.ca/sites/default/files/2025-07/indigenous-health-strateg-2023.pdf,pdf,https://www.hamilton.ca/people-programs/inclusion-diversity-equity-accessibility/indigenous-relations/urban-indigenous
https://www.hamilton.ca/sites/default/files/2024-07/indigenous-relations-honouring-our-roots-report_0.pdf,pdf,https://www.hamilton.ca/people-programs/inclusion-diversity-equity-accessibility/indigenous-relations/indigenous-landmarks
https://www.hamilton.ca/sites/default/files/2025-11/indigenous-tourism-development-strategy.pdf,pdf,https://www.hamilton.ca/people-programs/inclusion-diversity-equity-accessibility/indigenous-relations/urban-indigenous
https://www.hamilton.ca/sites/default/files/2024-12/info-report-CSWB-Progress-Report-%28HSC24050%29.pdf,pdf,https://www.hamilton.ca/city-council/plans-strategies/strategies/community-safety-and-well-being-plan
https://www.hamilton.ca/sites/default/files/2023-08/info-report-HSC23033-Building-Safer-Communities-Multi-Year-Plan-jun2142023.pdf,pdf,https://www.hamilton.ca/city-council/plans-strategies/strategies/community-safety-and-well-being-plan
https://www.hamilton.ca/sites/default/files/2024-09/info-update-HSC24015-Community-Safety-and-Well-Being-Annual-Report-2024.pdf,pdf,https://www.hamilton.ca/city-council/plans-strategies/strategies/community-safety-and-well-being-plan
https://www.publichealthontario.ca/-/media/Documents/I/26/ipac-vhf-specimen-collection.pdf?rev=aee3887ddf4a4c8aa8c47440061f1d77&sc_lang=en,pdf,https://www.hamilton.ca/city-council/news-notices/news-releases/ebola-preparedness
https://www.hamilton.ca/sites/default/files/2025-08/medical-advisory-CMOH-COVID-19-KP2-Vaccine-Market-Withdrawal.pdf,pdf,https://www.hamilton.ca/city-council/news-notices/news-releases/covid-19-kp2-vaccine-market-withdrawal
https://www.hamilton.ca/sites/default/files/2026-06/medicaladvisory-attachment-ACMOH%20Memo-C.auris-HCP_FINAL_FR.pdf,pdf,https://www.hamilton.ca/city-council/news-notices/news-releases/enhanced-provincial-surveillance-candida-auris-colonization
https://www.hamilton.ca/sites/default/files/2026-06/medicaladvisory-attachment-ACMOH%20Memo_C.auris_HCP_FINAL_ENG.pdf,pdf,https://www.hamilton.ca/city-council/news-notices/news-releases/enhanced-provincial-surveillance-candida-auris-colonization
https://www.hamilton.ca/sites/default/files/2025-09/medicaladvisory_CMOH-Letter-to-HCPs-re-RSV.pdf,pdf,https://www.hamilton.ca/city-council/news-notices/news-releases/ontarios-2025-2026-rsv-prevention-program-infant-older
https://www.hamilton.ca/sites/default/files/2025-09/medicaladvisory_Infant-RSV-Guidance-for-Health-Care-Providers.pdf,pdf,https://www.hamilton.ca/city-council/news-notices/news-releases/ontarios-2025-2026-rsv-prevention-program-infant-older
https://www.hamilton.ca/sites/default/files/2025-09/medicaladvisory_RSV-Older-Adult-High-Risk-Fact-Sheet-HCP.pdf,pdf,https://www.hamilton.ca/city-council/news-notices/news-releases/ontarios-2025-2026-rsv-prevention-program-infant-older
https://www.ontario.ca/files/2025-04/moh-covid-19-vaccine-fact-sheet-en-2025-04-04.pdf,pdf,https://www.hamilton.ca/city-council/news-notices/news-releases/covid-19-spring-campaign-2025
https://www.ontario.ca/files/2026-03/moh-notification-pathway-special-pathogens-en-2026-03-03.pdf,pdf,https://www.hamilton.ca/city-council/news-notices/news-releases/ebola-preparedness
https://www.ontario.ca/files/2024-01/moh-publicly-funded-immunization-schedule-en-2024-01-23.pdf,pdf,https://www.hamilton.ca/city-council/news-notices/news-releases/ipv-vaccine-supply-shortage
https://www.hamilton.ca/sites/default/files/2025-04/municipal-act-charges-proposed-bylaws-apr23-2025.pdf,pdf,https://www.hamilton.ca/city-council/news-notices/news-releases/enactment-municipal-act-charges-by-law
https://www.hamilton.ca/sites/default/files/2022-12/neighbourhood-risk-management-toolkit.pdf,pdf,https://www.hamilton.ca/city-council/plans-strategies/strategies/neighbourhood-development
https://www.hamilton.ca/sites/default/files/2024-03/nuisance-party-issued-order.pdf,pdf,https://www.hamilton.ca/city-council/news-notices/news-releases/hamilton-granted-injunction-order-crackdown-nuisance
https://www.hamilton.ca/sites/default/files/2025-02/our-future-hamilton-2018-summit-summary-report.pdf,pdf,https://www.hamilton.ca/city-council/plans-strategies/strategies/our-future-hamilton
https://www.hamilton.ca/sites/default/files/2023-10/our-future-hamilton-2019-summit-summary-report.pdf,pdf,https://www.hamilton.ca/city-council/plans-strategies/strategies/our-future-hamilton
https://www.hamilton.ca/sites/default/files/2022-12/ourfuturehamilton-final-report-2017.pdf,pdf,https://www.hamilton.ca/city-council/plans-strategies/strategies/our-future-hamilton
https://www.hamilton.ca/sites/default/files/2022-12/ourfuturehamilton-progress-report-2018.pdf,pdf,https://www.hamilton.ca/city-council/plans-strategies/strategies/our-future-hamilton
https://www.hamilton.ca/sites/default/files/2022-12/ourfuturehamilton-suggested-actions.pdf,pdf,https://www.hamilton.ca/city-council/plans-strategies/strategies/our-future-hamilton
https://www.hamilton.ca/sites/default/files/2022-07/parks-turf-mowing-program-service-level-and-operation-schedule-es22005-city_wide.pdf,pdf,https://www.hamilton.ca/city-council/news-notices/council-communication-updates?department=45&page=29
https://www.publichealthontario.ca/-/media/Documents/P/2019/pidac-ipac-candida-auris.pdf?rev=7f655451d9144044b38ca13c77649ee3&sc_lang=en,pdf,https://www.hamilton.ca/city-council/news-notices/news-releases/medical-advisory-candida-auris-clinical-infections
https://www.hamilton.ca/sites/default/files/2022-07/playground-spray-pads-play-facilities-maintenance-serv-lvls-capital-program-updatees22004.pdf,pdf,https://www.hamilton.ca/city-council/news-notices/council-communication-updates?department=45&page=29
https://www.hamilton.ca/sites/default/files/2023-10/public-engagement-charter.pdf,pdf,https://www.hamilton.ca/city-council/plans-strategies/strategies/engaging-your-city/public-engagement
https://www.hamilton.ca/sites/default/files/2025-10/public-health-covid-19-vaccine-order-form-sep302025.pdf,pdf,https://www.hamilton.ca/city-council/news-notices/news-releases/covid-19-spring-campaign-2025
https://www.hamilton.ca/sites/default/files/2025-05/publichealth-2024-25-CMOH-COVID-letter-HCPs-April2025.pdf,pdf,https://www.hamilton.ca/city-council/news-notices/news-releases/covid-19-spring-campaign-2025
https://www.hamilton.ca/sites/default/files/2024-09/report-HSC24006-Community-Safety-and-Wellbeing-Situation-Table.pdf,pdf,https://www.hamilton.ca/city-council/plans-strategies/strategies/community-safety-and-well-being-plan
https://www.hamilton.ca/sites/default/files/2024-05/rhop-vol1-appendix-f2-ruralarchaeologicalpotential-nov2022.pdf,pdf,https://www.hamilton.ca/city-council/plans-strategies/strategies/archaeology-management-plan
https://www.hamilton.ca/sites/default/files/2022-08/rymal-road-ea-pic1-panels-accessible.pdf,pdf,https://www.hamilton.ca/environmental-assessments/rymal-road-upper-james-street-dartnall-road
https://www.hamilton.ca/sites/default/files/2026-06/safari-rd-ea-environmental-study-report-appendix10-1.pdf,pdf,https://www.hamilton.ca/environmental-assessments/safari-road-kirkwall-road-valens-road
https://www.publichealthontario.ca/-/media/documents/lab/specimen-containers-supplies.pdf?la=en,pdf,https://www.hamilton.ca/city-council/news-notices/news-releases/medical-advisory-updated-areas-increased-measles-risk-and
https://www.hamilton.ca/sites/default/files/2023-01/standing-water-by-law-03-173.pdf,pdf,https://www.hamilton.ca/city-council/news-notices/news-releases/eastern-equine-encephalitis-virus-reported-hamilton
https://www.hamilton.ca/sites/default/files/2025-08/strategies-10-Year-Downtown-Revitalization-Strategy-Engage-Hamilton-Summary-Findings-Report-Appendix-A.pdf,pdf,https://www.hamilton.ca/city-council/plans-strategies/strategies/10-year-downtown-hamilton-revitalization-strategy
https://www.hamilton.ca/sites/default/files/2025-03/strategies-community-garden-directory-mar2025.pdf,pdf,https://www.hamilton.ca/city-council/plans-strategies/strategies/hamilton-food-strategy
https://www.hamilton.ca/sites/default/files/2023-12/strategies-consumption-treatment-services-local-guidance-applicants-2023.pdf,pdf,https://www.hamilton.ca/city-council/plans-strategies/strategies/consumption-and-treatment-services
https://www.hamilton.ca/sites/default/files/2026-05/strategies-cswb-salt-agenda-planning-procedure.pdf,pdf,https://www.hamilton.ca/city-council/plans-strategies/strategies/community-safety-and-well-being-plan
https://www.hamilton.ca/sites/default/files/2026-05/strategies-cswb-salt-email-distribution-procedure.pdf,pdf,https://www.hamilton.ca/city-council/plans-strategies/strategies/community-safety-and-well-being-plan
https://www.hamilton.ca/sites/default/files/2026-05/strategies-cswb-salt-issue-identification-procedure.pdf,pdf,https://www.hamilton.ca/city-council/plans-strategies/strategies/community-safety-and-well-being-plan
https://www.hamilton.ca/sites/default/files/2026-05/strategies-cswb-salt-issue-response-procedure.pdf,pdf,https://www.hamilton.ca/city-council/plans-strategies/strategies/community-safety-and-well-being-plan
https://www.hamilton.ca/sites/default/files/2026-05/strategies-cswb-salt-terms-of-reference-final.pdf,pdf,https://www.hamilton.ca/city-council/plans-strategies/strategies/community-safety-and-well-being-plan
https://www.hamilton.ca/sites/default/files/2026-05/strategies-indigenous-archaeological-monitoring-policy-may2026.pdf,pdf,https://www.hamilton.ca/city-council/plans-strategies/strategies/archaeology-management-plan
https://www.hamilton.ca/sites/default/files/2025-08/strategies-our-future-downtown-10-year-strategy-engage-hamilton-summary-report-july2025.pdf,pdf,https://www.hamilton.ca/city-council/plans-strategies/strategies/10-year-downtown-hamilton-revitalization-strategy
https://www.hamilton.ca/sites/default/files/2025-09/strategies_08.1-HSC25007%28a%29-Appendix-A-CSWB-Gender-Based-Safety-Audit-Action-Plan.pdf,pdf,https://www.hamilton.ca/city-council/plans-strategies/strategies/community-safety-and-well-being-plan
https://www.hamilton.ca/sites/default/files/2025-09/strategies_08.1-HSC25007%28a%29-CSWB-Gender-Based-Safety-Audit-Action-Plan.pdf,pdf,https://www.hamilton.ca/city-council/plans-strategies/strategies/community-safety-and-well-being-plan
https://www.hamilton.ca/sites/default/files/2025-05/strategies_2nd-Annual-HamOntYouth-Summit-2024-exec-summary.pdf,pdf,https://www.hamilton.ca/city-council/plans-strategies/strategies/youth-strategy
https://www.hamilton.ca/sites/default/files/2025-05/strategies_2nd-Annual-HamOntYouth-Summit-2024-report.pdf,pdf,https://www.hamilton.ca/city-council/plans-strategies/strategies/youth-strategy
https://www.hamilton.ca/sites/default/files/2025-06/strategies_CSWB-Plan-2025-2029.pdf,pdf,https://www.hamilton.ca/city-council/plans-strategies/strategies/community-safety-and-well-being-plan
https://www.hamilton.ca/sites/default/files/2025-11/strategies_Connected-Communities-2-Page-Summary-Report.pdf,pdf,https://www.hamilton.ca/city-council/plans-strategies/strategies/connected-communities
https://www.hamilton.ca/sites/default/files/2025-11/strategies_Connected-Communities-Full-Report-final.pdf,pdf,https://www.hamilton.ca/city-council/plans-strategies/strategies/connected-communities
https://www.hamilton.ca/sites/default/files/2025-11/strategies_Connected-Communities-Summary-Report.pdf,pdf,https://www.hamilton.ca/city-council/plans-strategies/strategies/connected-communities
https://www.hamilton.ca/sites/default/files/2025-11/strategies_Summary-of-Assets-Final.pdf,pdf,https://www.hamilton.ca/city-council/plans-strategies/strategies/corporate-asset-management
https://www.hamilton.ca/sites/default/files/2023-12/strategy-2023-HPS-Asset-Management-Plan.pdf,pdf,https://www.hamilton.ca/city-council/plans-strategies/strategies/corporate-asset-management
https://www.hamilton.ca/sites/default/files/2022-12/strategy-asset-management-plan-overview-jun2022.pdf,pdf,https://www.hamilton.ca/city-council/plans-strategies/strategies/corporate-asset-management
https://www.hamilton.ca/sites/default/files/2024-06/strategy-childrens-community-services-asset-management-plan-2024.pdf,pdf,https://www.hamilton.ca/city-council/plans-strategies/strategies/corporate-asset-management
https://www.hamilton.ca/sites/default/files/2024-06/strategy-cityhousing-hamilton-asset-management-plan-2024.pdf,pdf,https://www.hamilton.ca/city-council/plans-strategies/strategies/corporate-asset-management
https://www.hamilton.ca/sites/default/files/2024-04/strategy-corp-real-estate-asset-management-plan-2024.pdf,pdf,https://www.hamilton.ca/city-council/plans-strategies/strategies/corporate-asset-management
https://www.hamilton.ca/sites/default/files/2024-06/strategy-corporate-asset-management-fleet-services-eam-asset-management-plan-2024.pdf,pdf,https://www.hamilton.ca/city-council/plans-strategies/strategies/corporate-asset-management
https://www.hamilton.ca/sites/default/files/2025-06/strategy-corporate-asset-management-overview-appendix-b.pdf,pdf,https://www.hamilton.ca/city-council/plans-strategies/strategies/corporate-asset-management
https://www.hamilton.ca/sites/default/files/2025-06/strategy-corporate-asset-management-proposed-levels-service.pdf,pdf,https://www.hamilton.ca/city-council/plans-strategies/strategies/corporate-asset-management
https://www.hamilton.ca/sites/default/files/2024-06/strategy-corporate-facilities-energy-management-asset-management-plan-2024.pdf,pdf,https://www.hamilton.ca/city-council/plans-strategies/strategies/corporate-asset-management
https://www.hamilton.ca/sites/default/files/2024-04/strategy-fire-dept-asset-management-plan-2024.pdf,pdf,https://www.hamilton.ca/city-council/plans-strategies/strategies/corporate-asset-management
https://www.hamilton.ca/sites/default/files/2024-06/strategy-forestry-horticulture-asset-management-plan-2024.pdf,pdf,https://www.hamilton.ca/city-council/plans-strategies/strategies/corporate-asset-management
https://www.hamilton.ca/sites/default/files/2024-06/strategy-hamilton-municipal-cemeteries-asset-management-plan-2024.pdf,pdf,https://www.hamilton.ca/city-council/plans-strategies/strategies/corporate-asset-management
https://www.hamilton.ca/sites/default/files/2024-04/strategy-hpl-asset-management-plan-2024.pdf,pdf,https://www.hamilton.ca/city-council/plans-strategies/strategies/corporate-asset-management
https://www.hamilton.ca/sites/default/files/2024-04/strategy-hsr-asset-management-plan-2024.pdf,pdf,https://www.hamilton.ca/city-council/plans-strategies/strategies/corporate-asset-management
https://www.hamilton.ca/sites/default/files/2024-06/strategy-information-technology-asset-management-plan-2024.pdf,pdf,https://www.hamilton.ca/city-council/plans-strategies/strategies/corporate-asset-management
https://www.hamilton.ca/sites/default/files/2024-06/strategy-licensing-bylaw-services-asset-management-plan-2024.pdf,pdf,https://www.hamilton.ca/city-council/plans-strategies/strategies/corporate-asset-management
https://www.hamilton.ca/sites/default/files/2024-06/strategy-long-term-care-asset-management-plan-2024.pdf,pdf,https://www.hamilton.ca/city-council/plans-strategies/strategies/corporate-asset-management
https://www.hamilton.ca/sites/default/files/2024-06/strategy-natural-assets-asset-management-plan-2024.pdf,pdf,https://www.hamilton.ca/city-council/plans-strategies/strategies/corporate-asset-management
https://www.hamilton.ca/sites/default/files/2024-04/strategy-paramedics-asset-management-plan-2024.pdf,pdf,https://www.hamilton.ca/city-council/plans-strategies/strategies/corporate-asset-management
https://www.hamilton.ca/sites/default/files/2023-12/strategy-parking-system-asset-plan-2023.pdf,pdf,https://www.hamilton.ca/city-council/plans-strategies/strategies/corporate-asset-management
https://www.hamilton.ca/sites/default/files/2024-06/strategy-parks-and-recreational-trails-asset-management-plan-2024.pdf,pdf,https://www.hamilton.ca/city-council/plans-strategies/strategies/corporate-asset-management
https://www.hamilton.ca/sites/default/files/2024-06/strategy-public-health-services-asset-management-plan-2024.pdf,pdf,https://www.hamilton.ca/city-council/plans-strategies/strategies/corporate-asset-management
https://www.hamilton.ca/sites/default/files/2024-06/strategy-recreation-asset-management-plan-2024.pdf,pdf,https://www.hamilton.ca/city-council/plans-strategies/strategies/corporate-asset-management
https://www.hamilton.ca/sites/default/files/2024-06/strategy-tourism-and-culture-asset-management-plan-2024.pdf,pdf,https://www.hamilton.ca/city-council/plans-strategies/strategies/corporate-asset-management
https://www.hamilton.ca/sites/default/files/2022-12/strategy-transportation-asset-management-plan-jun2022.pdf,pdf,https://www.hamilton.ca/city-council/plans-strategies/strategies/corporate-asset-management
https://www.hamilton.ca/sites/default/files/2023-12/strategy-waste-management-asset-plan-2023.pdf,pdf,https://www.hamilton.ca/city-council/plans-strategies/strategies/corporate-asset-management
https://www.hamilton.ca/sites/default/files/2022-12/strategy-waterworks-asset-management-plan-jun2022.pdf,pdf,https://www.hamilton.ca/city-council/plans-strategies/strategies/corporate-asset-management
https://files.ontario.ca/treaties_map_english.pdf,pdf,https://www.hamilton.ca/people-programs/inclusion-diversity-equity-accessibility/indigenous-relations/indigenous-dates-5
https://www.hamilton.ca/sites/default/files/2024-10/uhop-vol1-appendix-f4-archaeologicalpotential-dec2023.pdf,pdf,https://www.hamilton.ca/city-council/plans-strategies/strategies/archaeology-management-plan
https://www.publichealthontario.ca/-/media/Documents/V/26/vhf-ipac-acute-care.pdf?rev=11a6c9fe55224e02a65597f1840a4a5a&sc_lang=en&hash=679E959A82C2EEF71DFB637E6384356F,pdf,https://www.hamilton.ca/city-council/news-notices/news-releases/ebola-preparedness
https://www.hamilton.ca/sites/default/files/2024-09/violence-workplace-prevention-policy.pdf,pdf,https://www.hamilton.ca/city-council/plans-strategies/strategies/rzone-respectful-environments
https://www.hamilton.ca/sites/default/files/2025-01/west-5th-ea-pic1-display-panels.pdf,pdf,https://www.hamilton.ca/environmental-assessments/west-5th-street-stone-church-rd-rymal-rd
https://www.hamilton.ca/sites/default/files/2025-06/west-5th-ea-pic2-display-panels.pdf,pdf,https://www.hamilton.ca/environmental-assessments/west-5th-street-stone-church-rd-rymal-rd
https://www.hamilton.ca/sites/default/files/2025-06/west-5th-ea-pic2-roll-plan.pdf,pdf,https://www.hamilton.ca/environmental-assessments/west-5th-street-stone-church-rd-rymal-rd
