url,type,referer
https://www.hud.gov,page,
https://www.hud.gov/siteindex,page,
https://www.hud.gov/contactus/webmanagement,page,
https://www.hud.gov/accessibility,page,
https://www.hud.gov/aboutus/privacy-policy,page,
https://www.hud.gov/foia,page,
https://www.hud.gov/no-fear-act,page,
https://www.hud.gov/contactus/local,page,
https://www.hud.gov/opportunity-zones,page,
https://www.hud.gov/news/hud-no-26-051,page,
https://www.hud.gov/news/hud-no-26-052,page,
https://www.hud.gov/news/hud-no-26-053,page,
https://www.hud.gov/hud-partners/state-and-local-best-practices,page,
https://www.hud.gov/contactus,page,
https://www.hud.gov/aboutus,page,
https://www.hud.gov/news,page,
https://www.hud.gov/gss,page,
https://www.hud.gov/stat,page,
https://www.hud.gov/privacy,page,
https://www.hud.gov/opportunity-zones/updates,page,
https://www.hud.gov/subscribe/signup?listname=Opportunity%20Zones&list=OPPORTUNITY-ZONES-L,page,
https://www.hud.gov/subscribe/localmailinglist,page,
https://www.hud.gov/aboutus/employee-survey-results,page,
https://www.hud.gov/aboutus/fhahistory,page,
https://www.hud.gov/hudclips/handbooks/adm-1325-1,page,
https://www.hud.gov/stat/cpo/service-contract-inventory,page,
https://www.hud.gov/stat/cpo/fair-act,page,
https://www.hud.gov/subscribe,page,
https://www.hud.gov/subscribe/signup?listname=Wisconsin%20CoC%20Grant%20Recipients&list=WI-COC-PARTNERS-L,page,
https://www.hud.gov/subscribe/signup?listname=Minneapolis%20Field%20Office%20Continuum%20of%20Care%20Homeless%20Programs%20Mailing%20List%20&list=MINNEAPOLIS-HOMELESS-GRANTEES-L,page,
https://www.hud.gov/subscribe/signup?listname=Minneapolis%20Field%20Office%20Formula%20Programs%20Mailing%20List%20&list=MINNEAPOLIS-FORMULA-GRANTEES-L,page,
https://www.hud.gov/subscribe/signup?listname=Region%205%20Environmental%20Training%20and%20News&list=R5ENVIROTRAIN-L,page,
https://www.hud.gov/subscribe/signup?listname=Northwest%20Office%20of%20Native%20American%20Programs%20News&list=NWONAP-NEWS-L,page,
https://www.hud.gov/subscribe/signup?listname=Georgia%20Faith-based%20and%20Community%20Initiatives&list=GA-FAITH-BASED-COMMUNITY-L,page,
https://www.hud.gov/subscribe/signup?listname=Northern%20Plains%20Office%20of%20Native%20American%20Programs%20News&list=NORTHERN-PLAINS-ONAP-L,page,
https://www.hud.gov/subscribe/signup?listname=Region%20VIII%20CPD%20Homeless%20Assistance%20and%20Continuum%20of%20Care%20(CoC)%20Grantees&list=R8CPDCOC-L,page,
https://www.hud.gov/subscribe/signup?listname=Region%20VIII%20CPD%20%20Formula%20Grantees&list=R8CPDFORMULA-L,page,
https://www.hud.gov/subscribe/signup?listname=Southern%20California%20Environmental%20Assistance&list=SO-CA-ENVIRONMENTAL-ASSISTANCE-L,page,
https://www.hud.gov/subscribe/signup?listname=Los%20Angeles%20Minority%20Business%20Enterprise&list=LA-CPD-MBE-L,page,
https://www.hud.gov/subscribe/signup?listname=Los%20Angeles%20Community%20Planning%20and%20Development%20Special%20Needs%20Assistance%20Program&list=LA-CPD-SNAPS-PARTNERS-L,page,
https://www.hud.gov/subscribe/signup?listname=Los%20Angeles%20Community%20Planning%20and%20Development%20Community%20Development%20Block%20Grant%20(CDBG)%20Partners&list=LA-CPD-CDBG-L,page,
https://www.hud.gov/subscribe/signup?listname=SPONAP%20Informative%20Updates%20for%20Tribes%20and%20TDHEs&list=SPONAP-UPDATES-L,page,
https://www.hud.gov/subscribe/signup?listname=Region%20VI%20Environment&list=REGION-VI-ENVIRONMENT-L,page,
https://www.hud.gov/subscribe/signup?listname=SWONAP%20All%20Tribes%20TDHES&20&list=SWONAP-ALL-TRIBES-TDHES-L,page,
"https://www.hud.gov/subscribe/signup?listname=Northern%20California,%20Nevada,%20Arizona,%20Hawaii%20and%20Pacific%20Islands%20Environmental%20Mailing%20List&list=NO-CA-ENVIRONMENTAL-ASSISTANCE-L",page,
https://www.hud.gov/subscribe/signup?listname=Alaska%20Office%20of%20Native%20American%20Programs&list=AKONAP-L,page,
https://www.hud.gov/subscribe/signup?listname=Region%20IV%20Environmental%20Team&list=ENVIRONMENTAL-MAILING-L,page,
https://www.hud.gov/opportunity-zones/how-do-opportunity-zones-work,page,
https://www.hud.gov/stat/fheo/assistance-program,page,
https://www.hud.gov/stat/fheo/initiatives-program,page,
https://www.hud.gov/stat/fheo/rights-obligations,page,
https://www.hud.gov/hud-partners/fair-housing-system-hems,page,
https://www.hud.gov/stat/fheo/intake-investigation,page,
https://www.hud.gov/stat/cpd/titlev-weekly,page,
https://www.hud.gov/stat/cpd/edi-grants-fy2024,page,
https://www.hud.gov/stat/cpd/edi-grants-fy2023,page,
https://www.hud.gov/stat/fheo/partners-agencies,page,
https://www.hud.gov/stat/cpd/edi-grants-fy2022,page,
https://www.hud.gov/stat/cpd/universal-notice-grantees,page,
https://www.hud.gov/helping-americans/fair-housing-act-overview,page,
https://www.hud.gov/stat/cpd/edi-grants,page,
https://www.hud.gov/helping-americans/contact-fhip,page,
https://www.hud.gov/subscribe/signup?listname=All%20About%20FHIP&list=ALL-ABOUT-FHIP-L,page,
https://www.hud.gov/hud-partners/community-budget-26,page,
https://www.hud.gov/stat/fpm/labor-applicability,page,
https://www.hud.gov/stat/fpm/dbls-acts,page,
https://www.hud.gov/hudclips/letters,page,
https://www.hud.gov/hudclips/handbooks/sec,page,
https://www.hud.gov/hudclips/guidebooks-4430g,page,
https://www.hud.gov/stat/fpm/dbls-forms,page,
https://www.hud.gov/stat/oa/systems-of-records,page,
https://www.hud.gov/stat/oa/privacy-impact-assessment,page,
https://www.hud.gov/stat/oa/privacy-act,page,
https://www.hud.gov/stat/oa/computer-matching-agreement,page,
https://www.hud.gov/vulnerability-disclosure-policy,page,
https://www.hud.gov/hudclips/handbooks/cio,page,
https://www.hud.gov/stat/cio/ppmv20,page,
https://www.hud.gov/sites/dfiles/CPD/documents/060424-508787-HUD-CPF-transcript.pdf,pdf,https://www.hud.gov/stat/cpd/edi-grants-fy2024
https://www.hud.gov/sites/dfiles/CPD/documents/12-19-24-HUD-CPF-Written_Transcript.pdf,pdf,https://www.hud.gov/stat/cpd/edi-grants-fy2024
https://www.hud.gov/sites/documents/13251c1chch.pdf,pdf,https://www.hud.gov/hudclips/handbooks/adm-1325-1
https://www.hud.gov/sites/documents/13251c2chch.pdf,pdf,https://www.hud.gov/hudclips/handbooks/adm-1325-1
https://www.hud.gov/sites/documents/13251c3chch.pdf,pdf,https://www.hud.gov/hudclips/handbooks/adm-1325-1
https://www.hud.gov/sites/documents/13251c4chch.pdf,pdf,https://www.hud.gov/hudclips/handbooks/adm-1325-1
https://www.hud.gov/sites/documents/13251c5chch.pdf,pdf,https://www.hud.gov/hudclips/handbooks/adm-1325-1
https://www.hud.gov/sites/documents/13251c6chch.pdf,pdf,https://www.hud.gov/hudclips/handbooks/adm-1325-1
https://www.hud.gov/sites/documents/13251c7chch.pdf,pdf,https://www.hud.gov/hudclips/handbooks/adm-1325-1
https://www.hud.gov/sites/documents/13251tocchch.pdf,pdf,https://www.hud.gov/hudclips/handbooks/adm-1325-1
https://www.hud.gov/sites/documents/13251trnchch.pdf,pdf,https://www.hud.gov/hudclips/handbooks/adm-1325-1
https://www.hud.gov/sites/documents/13251xachch.pdf,pdf,https://www.hud.gov/hudclips/handbooks/adm-1325-1
https://www.hud.gov/sites/documents/13251xbchch.pdf,pdf,https://www.hud.gov/hudclips/handbooks/adm-1325-1
https://www.hud.gov/sites/documents/13251xcchch.pdf,pdf,https://www.hud.gov/hudclips/handbooks/adm-1325-1
https://www.hud.gov/sites/documents/13251xdchch.pdf,pdf,https://www.hud.gov/hudclips/handbooks/adm-1325-1
https://www.hud.gov/sites/documents/13251xechch.pdf,pdf,https://www.hud.gov/hudclips/handbooks/adm-1325-1
https://www.hud.gov/sites/documents/13251xfchch.pdf,pdf,https://www.hud.gov/hudclips/handbooks/adm-1325-1
https://www.hud.gov/sites/documents/13251xhchch.pdf,pdf,https://www.hud.gov/hudclips/handbooks/adm-1325-1
https://www.hud.gov/sites/documents/13251xichch.pdf,pdf,https://www.hud.gov/hudclips/handbooks/adm-1325-1
https://www.hud.gov/sites/documents/2012-13annreport.pdf,pdf,https://www.hud.gov/stat
https://www.govinfo.gov/content/pkg/FR-2023-09-29/pdf/2023-21295.pdf,pdf,https://www.hud.gov/stat/oa/computer-matching-agreement
https://www.hud.gov/sites/dfiles/CPD/documents/2023-CPF-Grant-Guide-Award-Instructions-Version-1.0.pdf,pdf,https://www.hud.gov/stat/cpd/edi-grants-fy2023
https://www.hud.gov/sites/dfiles/PA/documents/2023-FEVS-HEART-Report.pdf,pdf,https://www.hud.gov/aboutus/employee-survey-results
https://www.govinfo.gov/content/pkg/FR-2024-02-08/pdf/2024-02567.pdf,pdf,https://www.hud.gov/stat/oa/computer-matching-agreement
https://www.govinfo.gov/content/pkg/FR-2024-02-08/pdf/2024-02568.pdf,pdf,https://www.hud.gov/stat/oa/computer-matching-agreement
https://www.govinfo.gov/content/pkg/FR-2024-09-17/pdf/2024-21113.pdf,pdf,https://www.hud.gov/stat/oa/computer-matching-agreement
https://www.govinfo.gov/content/pkg/FR-2024-10-15/pdf/2024-23736.pdf,pdf,https://www.hud.gov/stat/oa/computer-matching-agreement
https://www.govinfo.gov/content/pkg/FR-2025-01-08/pdf/2024-31621.pdf,pdf,https://www.hud.gov/stat/cpd/universal-notice-grantees
https://www.hud.gov/sites/dfiles/OCHCO/documents/2024-FEVS-HEART-Report.pdf,pdf,https://www.hud.gov/aboutus/employee-survey-results
https://www.govinfo.gov/content/pkg/FR-2025-02-25/pdf/2025-03137.pdf,pdf,https://www.hud.gov/stat/cpd/universal-notice-grantees
https://www.govinfo.gov/content/pkg/FR-2025-04-01/pdf/2025-05555.pdf,pdf,https://www.hud.gov/stat/oa/computer-matching-agreement
https://www.whitehouse.gov/wp-content/uploads/2017/11/203-M-03-22-OMB-Guidance-for-Implementing-the-Privacy-Provisions-of-the-E-Government-Act-of-2002-1.pdf,pdf,https://www.hud.gov/stat/oa/privacy-impact-assessment
https://www.hud.gov/sites/dfiles/FHEO/documents/21FHEO%20Report%20Final%201-15%20-%20Web%20Version.pdf,pdf,https://www.hud.gov/stat
https://www.hud.gov/sites/dfiles/FHEO/documents/21FHEO%20Report%20Final%20Press%201-15_LA.pdf,pdf,https://www.hud.gov/stat
https://www.hud.gov/sites/documents/22411c1admh.pdf,pdf,https://www.hud.gov/hudclips/handbooks/cio
https://www.hud.gov/sites/documents/22411c2admh.pdf,pdf,https://www.hud.gov/hudclips/handbooks/cio
https://www.hud.gov/sites/documents/22411c3admh.pdf,pdf,https://www.hud.gov/hudclips/handbooks/cio
https://www.hud.gov/sites/documents/22411c4admh.pdf,pdf,https://www.hud.gov/hudclips/handbooks/cio
https://www.hud.gov/sites/documents/22411tocadmh.pdf,pdf,https://www.hud.gov/hudclips/handbooks/cio
https://www.hud.gov/sites/documents/22411trnadmh.pdf,pdf,https://www.hud.gov/hudclips/handbooks/cio
https://www.hud.gov/sites/documents/22411x4admh.pdf,pdf,https://www.hud.gov/hudclips/handbooks/cio
https://www.hud.gov/sites/documents/22411x6admh.pdf,pdf,https://www.hud.gov/hudclips/handbooks/cio
https://www.hud.gov/sites/documents/22411x7admh.pdf,pdf,https://www.hud.gov/hudclips/handbooks/cio
https://www.hud.gov/sites/documents/22411x8admh.pdf,pdf,https://www.hud.gov/hudclips/handbooks/cio
https://www.hud.gov/sites/documents/22411x9admh.pdf,pdf,https://www.hud.gov/hudclips/handbooks/cio
https://www.hud.gov/sites/documents/22652c7admh.pdf,pdf,https://www.hud.gov/hudclips/handbooks/sec
https://www.hud.gov/sites/documents/22652c8admh.pdf,pdf,https://www.hud.gov/hudclips/handbooks/sec
https://www.hud.gov/sites/documents/23544_fy2009annual-rpt.pdf,pdf,https://www.hud.gov/stat
https://www.hud.gov/sites/dfiles/OCHCO/documents/2400.1chg6CIOH.pdf,pdf,https://www.hud.gov/hudclips/handbooks/cio
https://www.hud.gov/sites/documents/240013c10admh.pdf,pdf,https://www.hud.gov/hudclips/handbooks/cio
https://www.hud.gov/sites/documents/240013c11admh.pdf,pdf,https://www.hud.gov/hudclips/handbooks/cio
https://www.hud.gov/sites/documents/240013c12admh.pdf,pdf,https://www.hud.gov/hudclips/handbooks/cio
https://www.hud.gov/sites/documents/240013c1admh.pdf,pdf,https://www.hud.gov/hudclips/handbooks/cio
https://www.hud.gov/sites/documents/240013c2admh.pdf,pdf,https://www.hud.gov/hudclips/handbooks/cio
https://www.hud.gov/sites/documents/240013c3admh.pdf,pdf,https://www.hud.gov/hudclips/handbooks/cio
https://www.hud.gov/sites/documents/240013c4admh.pdf,pdf,https://www.hud.gov/hudclips/handbooks/cio
https://www.hud.gov/sites/documents/240013c5admh.pdf,pdf,https://www.hud.gov/hudclips/handbooks/cio
https://www.hud.gov/sites/documents/240013c6admh.pdf,pdf,https://www.hud.gov/hudclips/handbooks/cio
https://www.hud.gov/sites/documents/240013c7admh.pdf,pdf,https://www.hud.gov/hudclips/handbooks/cio
https://www.hud.gov/sites/documents/240013c8admh.pdf,pdf,https://www.hud.gov/hudclips/handbooks/cio
https://www.hud.gov/sites/documents/240013c9admh.pdf,pdf,https://www.hud.gov/hudclips/handbooks/cio
https://www.hud.gov/sites/documents/240013tocadmh.pdf,pdf,https://www.hud.gov/hudclips/handbooks/cio
https://www.hud.gov/sites/documents/240013trnadmh.pdf,pdf,https://www.hud.gov/hudclips/handbooks/cio
https://www.hud.gov/sites/documents/240013x1admh.pdf,pdf,https://www.hud.gov/hudclips/handbooks/cio
https://www.hud.gov/sites/documents/240013x2admh.pdf,pdf,https://www.hud.gov/hudclips/handbooks/cio
https://www.hud.gov/sites/documents/240015trnadmh.pdf,pdf,https://www.hud.gov/hudclips/handbooks/cio
https://www.hud.gov/sites/documents/24001c10admh.pdf,pdf,https://www.hud.gov/hudclips/handbooks/cio
https://www.hud.gov/sites/dfiles/OCHCO/documents/24001c11CIOH.pdf,pdf,https://www.hud.gov/hudclips/handbooks/cio
https://www.hud.gov/sites/documents/24001c11x1cioh.pdf,pdf,https://www.hud.gov/hudclips/handbooks/cio
https://www.hud.gov/sites/documents/24001c1admh.pdf,pdf,https://www.hud.gov/hudclips/handbooks/cio
https://www.hud.gov/sites/documents/24001c2admh.pdf,pdf,https://www.hud.gov/hudclips/handbooks/cio
https://www.hud.gov/sites/documents/24001c3admh.pdf,pdf,https://www.hud.gov/hudclips/handbooks/cio
https://www.hud.gov/sites/documents/24001c4admh.pdf,pdf,https://www.hud.gov/hudclips/handbooks/cio
https://www.hud.gov/sites/documents/24001c5admh.pdf,pdf,https://www.hud.gov/hudclips/handbooks/cio
https://www.hud.gov/sites/documents/24001c8admh.pdf,pdf,https://www.hud.gov/hudclips/handbooks/cio
https://www.hud.gov/sites/documents/24001c9admh.pdf,pdf,https://www.hud.gov/hudclips/handbooks/cio
https://www.hud.gov/sites/documents/24001tocadmh.pdf,pdf,https://www.hud.gov/hudclips/handbooks/cio
https://www.hud.gov/sites/dfiles/OCHCO/documents/24001trn-chg10CIOH.pdf,pdf,https://www.hud.gov/hudclips/handbooks/cio
https://www.hud.gov/sites/dfiles/OCHCO/documents/24001trn-chg11CIOH.pdf,pdf,https://www.hud.gov/hudclips/handbooks/cio
https://www.hud.gov/sites/documents/24001trn-chg7cioh.pdf,pdf,https://www.hud.gov/hudclips/handbooks/cio
https://www.hud.gov/sites/documents/24001trn-chg8cioh.pdf,pdf,https://www.hud.gov/hudclips/handbooks/cio
https://www.hud.gov/sites/dfiles/OCHCO/documents/24001trn-chg9CIOH.pdf,pdf,https://www.hud.gov/hudclips/handbooks/cio
https://www.hud.gov/sites/documents/24001trnadmh.pdf,pdf,https://www.hud.gov/hudclips/handbooks/cio
https://www.hud.gov/sites/documents/24001x1admh.pdf,pdf,https://www.hud.gov/hudclips/handbooks/cio
https://www.hud.gov/sites/documents/24001x2admh.pdf,pdf,https://www.hud.gov/hudclips/handbooks/cio
https://www.hud.gov/sites/documents/24001x3admh.pdf,pdf,https://www.hud.gov/hudclips/handbooks/cio
https://www.hud.gov/sites/documents/24001x4admh.pdf,pdf,https://www.hud.gov/hudclips/handbooks/cio
https://www.hud.gov/sites/documents/24001x5admh.pdf,pdf,https://www.hud.gov/hudclips/handbooks/cio
https://www.hud.gov/sites/documents/24001x6admh.pdf,pdf,https://www.hud.gov/hudclips/handbooks/cio
https://www.hud.gov/sites/dfiles/OCHCO/documents/240025CIOH.pdf,pdf,https://www.hud.gov/hudclips/handbooks/cio
https://www.hud.gov/sites/documents/240025trn2-1admh.pdf,pdf,https://www.hud.gov/hudclips/handbooks/cio
https://www.hud.gov/sites/documents/240025trn2-2cioh.pdf,pdf,https://www.hud.gov/hudclips/handbooks/cio
https://www.hud.gov/sites/documents/240025trn2admh.pdf,pdf,https://www.hud.gov/hudclips/handbooks/cio
https://www.hud.gov/sites/documents/240025trn3ocio.pdf,pdf,https://www.hud.gov/hudclips/handbooks/cio
https://www.hud.gov/sites/documents/240025trn4ocio.pdf,pdf,https://www.hud.gov/hudclips/handbooks/cio
https://www.hud.gov/sites/dfiles/OCHCO/documents/240025trn5OCIO.pdf,pdf,https://www.hud.gov/hudclips/handbooks/cio
https://www.hud.gov/sites/documents/240025trnadmh.pdf,pdf,https://www.hud.gov/hudclips/handbooks/cio
https://www.hud.gov/sites/dfiles/OCHCO/documents/2996.pdf,pdf,https://www.hud.gov/opportunity-zones/updates
https://www.hud.gov/sites/dfiles/CPD/documents/CDBG-DR/3-31-2025UniversalNoticeChangesMemo.pdf,pdf,https://www.hud.gov/stat/cpd/universal-notice-grantees
https://www.hud.gov/sites/dfiles/OCHCO/documents/3150.1cioh.pdf,pdf,https://www.hud.gov/hudclips/handbooks/cio
https://www.hud.gov/sites/documents/3250-1c01admh.pdf,pdf,https://www.hud.gov/hudclips/handbooks/cio
https://www.hud.gov/sites/documents/3250-1c02admh.pdf,pdf,https://www.hud.gov/hudclips/handbooks/cio
https://www.hud.gov/sites/documents/3250-1tocadmh.pdf,pdf,https://www.hud.gov/hudclips/handbooks/cio
https://www.hud.gov/sites/documents/3250-1trnadmh.pdf,pdf,https://www.hud.gov/hudclips/handbooks/cio
https://www.hud.gov/sites/dfiles/OCHCO/documents/32511CIOH.pdf,pdf,https://www.hud.gov/hudclips/handbooks/cio
https://www.hud.gov/sites/dfiles/OCHCO/documents/32511TRN.pdf,pdf,https://www.hud.gov/hudclips/handbooks/cio
https://www.hud.gov/sites/dfiles/OCHCO/documents/32521CIOH.pdf,pdf,https://www.hud.gov/hudclips/handbooks/cio
https://www.hud.gov/sites/dfiles/OCHCO/documents/32521trn-chg1.pdf,pdf,https://www.hud.gov/hudclips/handbooks/cio
https://www.hud.gov/sites/dfiles/OCHCO/documents/32521trn-rev2.pdf,pdf,https://www.hud.gov/hudclips/handbooks/cio
https://www.hud.gov/sites/dfiles/OCHCO/documents/32521trn.pdf,pdf,https://www.hud.gov/hudclips/handbooks/cio
https://www.hud.gov/sites/dfiles/OCHCO/documents/32531CIOH.pdf,pdf,https://www.hud.gov/hudclips/handbooks/cio
https://www.hud.gov/sites/dfiles/OCHCO/documents/32531trn.pdf,pdf,https://www.hud.gov/hudclips/handbooks/cio
https://www.hud.gov/sites/dfiles/OCHCO/documents/32541CIOH.pdf,pdf,https://www.hud.gov/hudclips/handbooks/cio
https://www.hud.gov/sites/dfiles/OCHCO/documents/32541trn.pdf,pdf,https://www.hud.gov/hudclips/handbooks/cio
https://www.hud.gov/sites/dfiles/OCHCO/documents/32551CIOH.pdf,pdf,https://www.hud.gov/hudclips/handbooks/cio
https://www.hud.gov/sites/dfiles/OCHCO/documents/32561CIOH.pdf,pdf,https://www.hud.gov/hudclips/handbooks/cio
https://www.hud.gov/sites/dfiles/OCHCO/documents/32561TRN.pdf,pdf,https://www.hud.gov/hudclips/handbooks/cio
https://www.hud.gov/sites/documents/32601cioh.pdf,pdf,https://www.hud.gov/hudclips/handbooks/cio
https://www.hud.gov/sites/documents/32621c01.pdf,pdf,https://www.hud.gov/hudclips/handbooks/cio
https://www.hud.gov/sites/documents/32621c02.pdf,pdf,https://www.hud.gov/hudclips/handbooks/cio
https://www.hud.gov/sites/documents/32621c03.pdf,pdf,https://www.hud.gov/hudclips/handbooks/cio
https://www.hud.gov/sites/documents/32621c04.pdf,pdf,https://www.hud.gov/hudclips/handbooks/cio
https://www.hud.gov/sites/documents/32621c05.pdf,pdf,https://www.hud.gov/hudclips/handbooks/cio
https://www.hud.gov/sites/documents/32621c06.pdf,pdf,https://www.hud.gov/hudclips/handbooks/cio
https://www.hud.gov/sites/documents/32621c07.pdf,pdf,https://www.hud.gov/hudclips/handbooks/cio
https://www.hud.gov/sites/documents/32621c08.pdf,pdf,https://www.hud.gov/hudclips/handbooks/cio
https://www.hud.gov/sites/documents/32621toc.pdf,pdf,https://www.hud.gov/hudclips/handbooks/cio
https://www.hud.gov/sites/documents/32621trn.pdf,pdf,https://www.hud.gov/hudclips/handbooks/cio
https://www.hud.gov/sites/documents/33001cioh.pdf,pdf,https://www.hud.gov/hudclips/handbooks/cio
https://www.hud.gov/sites/dfiles/OCHCO/documents/34001CIOH.pdf,pdf,https://www.hud.gov/stat
https://www.hud.gov/sites/documents/34101cioh.pdf,pdf,https://www.hud.gov/stat
https://www.hud.gov/sites/dfiles/OCHCO/documents/34151CIOH.pdf,pdf,https://www.hud.gov/stat
https://www.hud.gov/sites/dfiles/OCHCO/documents/34171CIOH.pdf,pdf,https://www.hud.gov/hudclips/handbooks/cio
https://www.hud.gov/sites/dfiles/OCHCO/documents/34171CIOHTRNS.pdf,pdf,https://www.hud.gov/hudclips/handbooks/cio
https://www.hud.gov/sites/dfiles/OCHCO/documents/34251CIOH.pdf,pdf,https://www.hud.gov/hudclips/handbooks/cio
https://www.hud.gov/sites/dfiles/OCHCO/documents/34251CIOHTRNS.pdf,pdf,https://www.hud.gov/hudclips/handbooks/cio
https://www.hud.gov/sites/dfiles/OCHCO/documents/34301CIOH.pdf,pdf,https://www.hud.gov/hudclips/handbooks/cio
https://www.hud.gov/sites/dfiles/OCHCO/documents/34351CIOH.pdf,pdf,https://www.hud.gov/hudclips/handbooks/cio
https://www.hud.gov/sites/dfiles/OCHCO/documents/34351trn2CIO.pdf,pdf,https://www.hud.gov/hudclips/handbooks/cio
https://www.hud.gov/sites/dfiles/OCHCO/documents/34401CIOH.pdf,pdf,https://www.hud.gov/hudclips/handbooks/cio
https://www.hud.gov/sites/dfiles/OCHCO/documents/34401CIOHTRNS.pdf,pdf,https://www.hud.gov/hudclips/handbooks/cio
https://www.hud.gov/sites/dfiles/OCHCO/documents/35001.pdf,pdf,https://www.hud.gov/hudclips/handbooks/cio
https://www.hud.gov/sites/dfiles/OCHCO/documents/35001trn.pdf,pdf,https://www.hud.gov/hudclips/handbooks/cio
https://www.hud.gov/sites/dfiles/CPD/documents/CDBG-DR/60-Day-Extension-FAQ-23-24-Grantees-UN-English-PDF.pdf,pdf,https://www.hud.gov/stat/cpd/universal-notice-grantees
https://www.hud.gov/sites/dfiles/FHEO/documents/APP%20Guide%205.17.17mpn.pdf,pdf,https://www.hud.gov/stat/fheo/initiatives-program
https://www.hud.gov/sites/dfiles/FHEO/documents/AS-FHEO-1.pdf,pdf,https://www.hud.gov/helping-americans/fair-housing-act-overview
https://www.hud.gov/sites/dfiles/OCHCO/documents/AddendumCPICGuide.pdf,pdf,https://www.hud.gov/hudclips/handbooks/cio
https://www.hud.gov/sites/default/files/Main/documents/Administrative-Enforcement-Initiative-OFH-2600-DC-021D.pdf,pdf,https://www.hud.gov/stat/fheo/initiatives-program
https://www.hud.gov/sites/dfiles/OCIO/documents/Agile_POP.pdf,pdf,https://www.hud.gov/stat/cio/ppmv20
https://www.hud.gov/sites/dfiles/OCIO/documents/Agile_PVR.pdf,pdf,https://www.hud.gov/stat/cio/ppmv20
https://www.hud.gov/sites/dfiles/OCIO/documents/Agile_RPR.pdf,pdf,https://www.hud.gov/stat/cio/ppmv20
https://www.hud.gov/sites/dfiles/OCIO/documents/Agile_Rel_Add.pdf,pdf,https://www.hud.gov/stat/cio/ppmv20
https://www.hud.gov/sites/dfiles/OCIO/documents/Agile_Rel_Dep.pdf,pdf,https://www.hud.gov/stat/cio/ppmv20
https://www.hud.gov/sites/dfiles/OCIO/documents/Agile_Rel_Plan.pdf,pdf,https://www.hud.gov/stat/cio/ppmv20
https://www.hud.gov/sites/dfiles/OCIO/documents/Agile_Rel_Readiness.pdf,pdf,https://www.hud.gov/stat/cio/ppmv20
https://www.hud.gov/sites/dfiles/OCIO/documents/Agile_Rel_Retro.pdf,pdf,https://www.hud.gov/stat/cio/ppmv20
https://www.hud.gov/sites/dfiles/OCIO/documents/Agile_Test_Exec.pdf,pdf,https://www.hud.gov/stat/cio/ppmv20
https://www.hud.gov/sites/dfiles/CPD/documents/BILLS-117HR2471SA-RCP-117-35.pdf,pdf,https://www.hud.gov/stat/cpd/edi-grants-fy2022
https://www.congress.gov/117/bills/hr2617/BILLS-117hr2617enr.pdf,pdf,https://www.hud.gov/stat/cpd/edi-grants-fy2023
https://www.congress.gov/118/bills/hr2882/BILLS-118hr2882enr.pdf,pdf,https://www.hud.gov/stat/cpd/edi-grants-fy2024
https://www.congress.gov/118/bills/hr4366/BILLS-118hr4366enr.pdf,pdf,https://www.hud.gov/stat/cpd/edi-grants-fy2024
https://www.hud.gov/sites/dfiles/CPD/documents/CDBG-DR/CDBG-DR-UN-Checklist_Local_Govt_New_Certification.pdf,pdf,https://www.hud.gov/stat/cpd/universal-notice-grantees
https://www.hud.gov/sites/dfiles/CPD/documents/CDBG-DR/CDBG-DR-UN-Checklist_Local_Govt_Relying_Prior_Certification.pdf,pdf,https://www.hud.gov/stat/cpd/universal-notice-grantees
https://www.hud.gov/sites/dfiles/CPD/documents/CDBG-DR/CDBG-DR-UN-Checklist_States_New_Certification.pdf,pdf,https://www.hud.gov/stat/cpd/universal-notice-grantees
https://www.hud.gov/sites/dfiles/CPD/documents/CDBG-DR/CDBG-DR-UN-Checklist_States_Relying_Prior_Certification.pdf,pdf,https://www.hud.gov/stat/cpd/universal-notice-grantees
https://www.hud.gov/sites/dfiles/CPD/documents/CDBG-DR/CDBG-DR-UN-Fin_Certs_Grant_Compliance.pdf,pdf,https://www.hud.gov/stat/cpd/universal-notice-grantees
https://www.hud.gov/sites/dfiles/CPD/documents/CPDUniversalnotice.pdf,pdf,https://www.hud.gov/stat/cpd/universal-notice-grantees
https://www.hud.gov/sites/dfiles/CPD/documents/CPF-Grantee-Training-24-CFR-Part-200-2023-04.05.pdf,pdf,https://www.hud.gov/stat/cpd/edi-grants-fy2023
https://www.hud.gov/sites/dfiles/CPD/documents/CPF-Guidance-on-Documenting-ERR-2023-04.pdf,pdf,https://www.hud.gov/stat/cpd/edi-grants-fy2024
https://www.hud.gov/sites/dfiles/CPD/documents/CPF_Grant_Agreement_Reference_Document.pdf,pdf,https://www.hud.gov/stat/cpd/edi-grants-fy2024
https://www.congress.gov/117/crec/2022/03/09/168/42/CREC-2022-03-09-bk4.pdf,pdf,https://www.hud.gov/stat/cpd/edi-grants-fy2022
https://www.congress.gov/117/crec/2022/12/20/168/198/CREC-2022-12-20-pt3-PgS9325-2.pdf,pdf,https://www.hud.gov/stat/cpd/edi-grants-fy2023
https://www.congress.gov/118/crec/2024/03/05/170/39/CREC-2024-03-05.pdf,pdf,https://www.hud.gov/stat/cpd/edi-grants-fy2024
https://www.congress.gov/118/crec/2024/03/22/170/51/CREC-2024-03-22.pdf,pdf,https://www.hud.gov/stat/cpd/edi-grants-fy2024
https://www.huduser.gov/portal/sites/default/files/pdf/Call-for-Exhibitors-2026.pdf,pdf,https://www.hud.gov/news/hud-no-26-053
https://www.hud.gov/sites/dfiles/CPD/documents/Community-Project-Funding-Portfolio-Assignments.pdf,pdf,https://www.hud.gov/stat/cpd/edi-grants-fy2024
https://www.hud.gov/sites/dfiles/CPD/documents/CDBG-DR/DRGR-Fact-Sheet-UN-English-PDF.pdf,pdf,https://www.hud.gov/stat/cpd/universal-notice-grantees
https://www.hud.gov/sites/dfiles/CPD/documents/DRGR-Quick-Guide-FINAL.pdf,pdf,https://www.hud.gov/stat/cpd/edi-grants-fy2024
https://www.hud.gov/sites/dfiles/CPD/documents/EDI_CPF_Grant_Guide.pdf,pdf,https://www.hud.gov/stat/cpd/edi-grants-fy2024
https://www.hud.gov/sites/dfiles/OCIO/documents/ET_lessons.pdf,pdf,https://www.hud.gov/stat/cio/ppmv20
https://www.hud.gov/sites/default/files/Main/documents/Education-and-Outreach-Initiative-OFH-2600-DC-021A.pdf,pdf,https://www.hud.gov/stat/fheo/initiatives-program
https://www.hud.gov/sites/dfiles/CPD/documents/FAQ-Update-March-2023.pdf,pdf,https://www.hud.gov/stat/cpd/edi-grants-fy2024
https://www.hud.gov/sites/dfiles/FHEO/documents/FHEO%20Annual%20Report%20FY%202021.pdf,pdf,https://www.hud.gov/stat
https://www.hud.gov/sites/dfiles/FHEO/documents/FHEO%20Annual%20Report%20FY%202022.pdf,pdf,https://www.hud.gov/stat
https://www.hud.gov/sites/dfiles/FHEO/documents/FHEO-Annual-Report-FY2020.pdf,pdf,https://www.hud.gov/stat
https://www.hud.gov/sites/dfiles/FHEO/images/FHEO_Annual_Report_2017-508c.pdf,pdf,https://www.hud.gov/stat
https://www.hud.gov/sites/dfiles/SFH/documents/FHEO_Annual_Report_FY_2023.pdf,pdf,https://www.hud.gov/stat
https://www.hud.gov/sites/default/files/FHEO/documents/FHIP-FATA-Compliance-Fact-Sheet.pdf,pdf,https://www.hud.gov/stat/fheo/initiatives-program
https://www.hud.gov/sites/dfiles/CPD/documents/FY-All_EDI_CPF-Grantee-Event-12-19-2024.pdf,pdf,https://www.hud.gov/stat/cpd/edi-grants-fy2024
https://www.hud.gov/sites/dfiles/OCIO/documents/FY18_Egov.pdf,pdf,https://www.hud.gov/stat
https://www.hud.gov/sites/dfiles/ED/documents/FY191stQuarterHUDNoFear.pdf,pdf,https://www.hud.gov/no-fear-act
https://www.hud.gov/sites/dfiles/ED/documents/FY192ndQuarterHUDNoFear.pdf,pdf,https://www.hud.gov/no-fear-act
https://www.hud.gov/sites/dfiles/ED/documents/FY193rdQuarterHUDNoFEAR.pdf,pdf,https://www.hud.gov/no-fear-act
https://www.hud.gov/sites/dfiles/CPO/documents/FY20%20SCI%20Analysis%20and%20Plan.pdf,pdf,https://www.hud.gov/stat/cpo/service-contract-inventory
https://www.hud.gov/sites/dfiles/CPO/documents/FY2014_Summary_AttahmentA.pdf,pdf,https://www.hud.gov/stat/cpo/fair-act
https://www.hud.gov/sites/dfiles/CPO/documents/FY2015_OMB_Inventory.pdf,pdf,https://www.hud.gov/stat/cpo/fair-act
https://www.hud.gov/sites/dfiles/CPO/documents/FY2015_Summary_AttachmentA.pdf,pdf,https://www.hud.gov/stat/cpo/fair-act
https://www.hud.gov/sites/dfiles/CPO/documents/FY2016_FAIRAct_Inventory.pdf,pdf,https://www.hud.gov/stat/cpo/fair-act
https://www.hud.gov/sites/dfiles/CPO/documents/FY2017_FAIR_Act_Inventory.pdf,pdf,https://www.hud.gov/stat/cpo/fair-act
https://www.hud.gov/sites/dfiles/CPO/documents/FY2018-Analysis-FY2019-Plan.pdf,pdf,https://www.hud.gov/stat/cpo/service-contract-inventory
https://www.hud.gov/sites/dfiles/CPD/documents/FY2023-EDI-Community-Project-Funding-Grants.pdf,pdf,https://www.hud.gov/stat/cpd/edi-grants-fy2023
https://www.hud.gov/sites/dfiles/FHEO/documents/FY2024%20FHIP%20NOFO%20PROGRAM%20DEFINITIONS.pdf,pdf,https://www.hud.gov/stat/fheo/initiatives-program
https://www.hud.gov/sites/dfiles/CPD/documents/FY2024_CPF_Letter_of_Invitation.pdf,pdf,https://www.hud.gov/stat/cpd/edi-grants-fy2024
https://www.hud.gov/sites/dfiles/CPD/documents/FY2024_EDI_CPF_Grantee_Intro_Event_2024_6_04.pdf,pdf,https://www.hud.gov/stat/cpd/edi-grants-fy2024
https://www.hud.gov/sites/dfiles/CPO/documents/FY21%20SCI%20Analysis%20and%20Plan.pdf,pdf,https://www.hud.gov/stat/cpo/service-contract-inventory
https://www.hud.gov/sites/dfiles/CPD/documents/FY22-CPF-Cost-Eligibility-Chart-2023-04.pdf,pdf,https://www.hud.gov/stat/cpd/edi-grants-fy2022
https://www.hud.gov/sites/dfiles/CPD/documents/FY22-CPF-ER-Guidance-and-Scenarios-2023-04.pdf,pdf,https://www.hud.gov/stat/cpd/edi-grants-fy2022
https://www.hud.gov/sites/dfiles/CPD/documents/FY22-CPF-Grant-Guide-v.2.0.pdf,pdf,https://www.hud.gov/stat/cpd/edi-grants-fy2022
https://www.hud.gov/sites/dfiles/CPD/documents/FY22-Part-50-CPF-Soft-Costs-Nationwide-Programmatic-ERR-2023-04.pdf,pdf,https://www.hud.gov/stat/cpd/edi-grants-fy2022
https://www.hud.gov/sites/dfiles/CPD/documents/FY23-CPF-Cost-Eligibility-Chart-2023-04.pdf,pdf,https://www.hud.gov/stat/cpd/edi-grants-fy2023
https://www.hud.gov/sites/dfiles/CPD/documents/FY23-CPF-ER-Guidance-and-Scenarios-2023-04.pdf,pdf,https://www.hud.gov/stat/cpd/edi-grants-fy2023
https://www.hud.gov/sites/dfiles/CPD/documents/FY23-Part-50-CPF-Soft-Costs-Nationwide-Programmatic-ERR-2023-04.pdf,pdf,https://www.hud.gov/stat/cpd/edi-grants-fy2023
https://appropriations.house.gov/sites/evo-subsites/republicans-appropriations.house.gov/files/documents/FY24%20Transportation%2C%20Housing%20and%20Urban%20Development%2C%20and%20Related%20Agencies%20-%20CPF%20Table%20Final%20Addendum.pdf,pdf,https://www.hud.gov/stat/cpd/edi-grants-fy2024
https://www.hud.gov/sites/dfiles/CPO/documents/FY_2014_OMB_Inventory.pdf,pdf,https://www.hud.gov/stat/cpo/fair-act
https://www.hud.gov/sites/dfiles/Main/documents/Fair-Housing-Act-Enforcement-Prioritization-Resources.pdf,pdf,https://www.hud.gov/helping-americans/fair-housing-act-overview
https://www.hud.gov/sites/default/files/Main/documents/Fair-Housing-Organizations-Initiative-OFH-2600-DC-021B.pdf,pdf,https://www.hud.gov/stat/fheo/initiatives-program
https://www.hud.gov/sites/dfiles/CPO/documents/FairChallengesAppeals.pdf,pdf,https://www.hud.gov/stat/cpo/fair-act
https://www.hud.gov/sites/dfiles/CPD/documents/Title-V/FederalRegister4-18-25.pdf,pdf,https://www.hud.gov/stat/cpd/titlev-weekly
https://www.hud.gov/sites/dfiles/FHEO/documents/HEMSUsersManual.pdf,pdf,https://www.hud.gov/hud-partners/fair-housing-system-hems
https://www.hud.gov/sites/dfiles/FHEO/documents/HEMS_FHAP_REGISTRATION.pdf,pdf,https://www.hud.gov/hud-partners/fair-housing-system-hems
https://www.hud.gov/sites/dfiles/FHEO/documents/HEMS_HUD_REGISTRATION.pdf,pdf,https://www.hud.gov/hud-partners/fair-housing-system-hems
https://www.hud.gov/sites/dfiles/CPD/documents/HUD-CPF-Environmental-Review-Part-1-Webinar-Slides-2023-04-19.pdf,pdf,https://www.hud.gov/stat/cpd/edi-grants-fy2023
https://www.hud.gov/sites/dfiles/CPD/documents/HUD-CPF-Environmental-Review-Part-1-Webinar-Transcript-2023-04-19.pdf,pdf,https://www.hud.gov/stat/cpd/edi-grants-fy2023
https://www.hud.gov/sites/dfiles/OA/documents/HUD-DOJ.pdf,pdf,https://www.hud.gov/stat/oa/computer-matching-agreement
https://www.hud.gov/sites/dfiles/OA/documents/HUD-FCC-USAC-Renewal.pdf,pdf,https://www.hud.gov/stat/oa/computer-matching-agreement
https://www.hud.gov/sites/dfiles/OA/documents/HUD-FCC.pdf,pdf,https://www.hud.gov/stat/oa/computer-matching-agreement
https://www.hud.gov/sites/default/files/OA/documents/HUD-FEMA-Renwal.pdf,pdf,https://www.hud.gov/stat/oa/computer-matching-agreement
https://www.hud.gov/sites/dfiles/OA/documents/HUD-FEMA.pdf,pdf,https://www.hud.gov/stat/oa/computer-matching-agreement
https://www.hud.gov/sites/dfiles/CPD/documents/HUD-FY2023-CPF-Grantee-Orientation-Webinar-Slides.pdf,pdf,https://www.hud.gov/stat/cpd/edi-grants-fy2022
https://www.hud.gov/sites/dfiles/CPD/documents/HUD-FY2023-CPF-Grantee-Overview-Webinar-Transcript.pdf,pdf,https://www.hud.gov/stat/cpd/edi-grants-fy2022
https://www.hud.gov/sites/default/files/OA/documents/HUD-HHS-Renewal.pdf,pdf,https://www.hud.gov/stat/oa/computer-matching-agreement
https://www.hud.gov/sites/dfiles/OA/documents/HUD-HHS.pdf,pdf,https://www.hud.gov/stat/oa/computer-matching-agreement
https://www.hud.gov/sites/default/files/Main/documents/HUD-Implementation-Plan-for-Gold-Standard-Science-First-Annual-Report.pdf,pdf,https://www.hud.gov/gss
https://www.hud.gov/sites/default/files/hudclips/documents/HUD-Privacy-Office-Memorandum-06-00-Attestation-of-Non-Use-of-Live-Data-or-PII-in-Non-Production-Enrvironments.pdf,pdf,https://www.hud.gov/stat/oa/privacy-act
https://www.hud.gov/sites/dfiles/OA/documents/HUD-SSA.pdf,pdf,https://www.hud.gov/stat/oa/computer-matching-agreement
https://www.hud.gov/sites/dfiles/OA/documents/HUD-Treasury-DNP.pdf,pdf,https://www.hud.gov/stat/oa/computer-matching-agreement
https://www.hud.gov/sites/dfiles/Main/documents/Notice-of-Withdrawal-of-Guidance-Documents.pdf,pdf,https://www.hud.gov/helping-americans/fair-housing-act-overview
https://www.hud.gov/sites/dfiles/OCHCO/documents/OCIOHBK2400.45.pdf,pdf,https://www.hud.gov/hudclips/handbooks/cio
https://www.hud.gov/sites/dfiles/OCHCO/documents/OCIOTRN2400.45.pdf,pdf,https://www.hud.gov/hudclips/handbooks/cio
https://www.hud.gov/sites/default/files/PIH/documents/OCIR-Template-Filetwo-2026-102-PHVP.pdf,pdf,https://www.hud.gov/news/hud-no-26-052
https://www.whitehouse.gov/wp-content/uploads/2025/03/OSTP-Guidance-for-GSS-June-2025.pdf,pdf,https://www.hud.gov/gss
https://www.hud.gov/sites/dfiles/PA/documents/OZ_Best_Practices_Report.pdf,pdf,https://www.hud.gov/opportunity-zones
https://www.hud.gov/sites/dfiles/PA/documents/OZ_One_Year_Report.pdf,pdf,https://www.hud.gov/opportunity-zones
https://www.hud.gov/sites/default/files/Main/documents/Private-Enforcement-Initiative-OFH-2600-DC-021C.pdf,pdf,https://www.hud.gov/stat/fheo/initiatives-program
https://www.hud.gov/sites/dfiles/CPO/documents/SIGNED%20FY%202016%20Analysis_FY%202017%20Plan.pdf,pdf,https://www.hud.gov/stat/cpo/service-contract-inventory
https://www.hud.gov/sites/dfiles/OCIO/documents/SLAP_LRS.pdf,pdf,https://www.hud.gov/stat/cio/ppmv20
https://www.hud.gov/sites/dfiles/CPO/documents/Signed%20FY%202017%20Analysis_FY%202018%20Plan.pdf,pdf,https://www.hud.gov/stat/cpo/service-contract-inventory
https://www.hud.gov/sites/dfiles/CPD/documents/Title-V/SuitabilityListing03-28-25.pdf,pdf,https://www.hud.gov/stat/cpd/titlev-weekly
https://www.hud.gov/sites/dfiles/CPD/documents/Title-V/SuitabilityListing04-04-25.pdf,pdf,https://www.hud.gov/stat/cpd/titlev-weekly
https://www.hud.gov/sites/dfiles/CPD/documents/Title-V/Title-V-2019-Annual-Report-Suitable-and-Available.pdf,pdf,https://www.hud.gov/stat/cpd/titlev-weekly
https://www.hud.gov/sites/dfiles/CPD/documents/Title-V/Title-V-2019-Annual-Report-Suitable-and-Unavailable.pdf,pdf,https://www.hud.gov/stat/cpd/titlev-weekly
https://www.hud.gov/sites/dfiles/CPD/documents/Title-V/Title-V-2020-Annual-Report-Suitable-and-Unavailable.pdf,pdf,https://www.hud.gov/stat/cpd/titlev-weekly
https://www.hud.gov/sites/dfiles/CPD/documents/Title-V/Title-V-2021-Annual-Report-Suitable-and-Unavailable.pdf,pdf,https://www.hud.gov/stat/cpd/titlev-weekly
https://www.hud.gov/sites/dfiles/CPD/documents/Title-V/Title-V-2022-Annual-Report-Suitable-and-Unavailable.pdf,pdf,https://www.hud.gov/stat/cpd/titlev-weekly
https://www.hud.gov/sites/dfiles/CPD/documents/Title-V/Title-V-Listing-2-25-2025.pdf,pdf,https://www.hud.gov/stat/cpd/titlev-weekly
https://www.hud.gov/sites/dfiles/CPD/documents/Title-V/Title-V-Listing-2-7-2025.pdf,pdf,https://www.hud.gov/stat/cpd/titlev-weekly
https://www.hud.gov/sites/dfiles/CPD/documents/Title-V/Title-V-Listing-2017-03-10.pdf,pdf,https://www.hud.gov/stat/cpd/titlev-weekly
https://www.hud.gov/sites/dfiles/CPD/documents/Title-V/Title-V-Listing-2017-03-17.pdf,pdf,https://www.hud.gov/stat/cpd/titlev-weekly
https://www.hud.gov/sites/dfiles/CPD/documents/Title-V/Title-V-Listing-2017-03-24.pdf,pdf,https://www.hud.gov/stat/cpd/titlev-weekly
https://www.hud.gov/sites/dfiles/CPD/documents/Title-V/Title-V-Listing-2017-03-31.pdf,pdf,https://www.hud.gov/stat/cpd/titlev-weekly
https://www.hud.gov/sites/dfiles/CPD/documents/Title-V/Title-V-Listing-2017-04-07.pdf,pdf,https://www.hud.gov/stat/cpd/titlev-weekly
https://www.hud.gov/sites/dfiles/CPD/documents/Title-V/Title-V-Listing-2017-04-14.pdf,pdf,https://www.hud.gov/stat/cpd/titlev-weekly
https://www.hud.gov/sites/dfiles/CPD/documents/Title-V/Title-V-Listing-2017-04-21.pdf,pdf,https://www.hud.gov/stat/cpd/titlev-weekly
https://www.hud.gov/sites/dfiles/CPD/documents/Title-V/Title-V-Listing-2017-04-28.pdf,pdf,https://www.hud.gov/stat/cpd/titlev-weekly
https://www.hud.gov/sites/dfiles/CPD/documents/Title-V/Title-V-Listing-2017-05-05.pdf,pdf,https://www.hud.gov/stat/cpd/titlev-weekly
https://www.hud.gov/sites/dfiles/CPD/documents/Title-V/Title-V-Listing-2017-05-12.pdf,pdf,https://www.hud.gov/stat/cpd/titlev-weekly
https://www.hud.gov/sites/dfiles/CPD/documents/Title-V/Title-V-Listing-2017-05-19.pdf,pdf,https://www.hud.gov/stat/cpd/titlev-weekly
https://www.hud.gov/sites/dfiles/CPD/documents/Title-V/Title-V-Listing-2017-05-26.pdf,pdf,https://www.hud.gov/stat/cpd/titlev-weekly
https://www.hud.gov/sites/dfiles/CPD/documents/Title-V/Title-V-Listing-2017-06-02.pdf,pdf,https://www.hud.gov/stat/cpd/titlev-weekly
https://www.hud.gov/sites/dfiles/CPD/documents/Title-V/Title-V-Listing-2017-06-09.pdf,pdf,https://www.hud.gov/stat/cpd/titlev-weekly
https://www.hud.gov/sites/dfiles/CPD/documents/Title-V/Title-V-Listing-2017-06-16.pdf,pdf,https://www.hud.gov/stat/cpd/titlev-weekly
https://www.hud.gov/sites/dfiles/CPD/documents/Title-V/Title-V-Listing-2017-06-23.pdf,pdf,https://www.hud.gov/stat/cpd/titlev-weekly
https://www.hud.gov/sites/dfiles/CPD/documents/Title-V/Title-V-Listing-2017-06-30.pdf,pdf,https://www.hud.gov/stat/cpd/titlev-weekly
https://www.hud.gov/sites/dfiles/CPD/documents/Title-V/Title-V-Listing-2017-07-07.pdf,pdf,https://www.hud.gov/stat/cpd/titlev-weekly
https://www.hud.gov/sites/dfiles/CPD/documents/Title-V/Title-V-Listing-2017-07-14.pdf,pdf,https://www.hud.gov/stat/cpd/titlev-weekly
https://www.hud.gov/sites/dfiles/CPD/documents/Title-V/Title-V-Listing-2017-07-21.pdf,pdf,https://www.hud.gov/stat/cpd/titlev-weekly
https://www.hud.gov/sites/dfiles/CPD/documents/Title-V/Title-V-Listing-2017-07-28.pdf,pdf,https://www.hud.gov/stat/cpd/titlev-weekly
https://www.hud.gov/sites/dfiles/CPD/documents/Title-V/Title-V-Listing-2017-08-04.pdf,pdf,https://www.hud.gov/stat/cpd/titlev-weekly
https://www.hud.gov/sites/dfiles/CPD/documents/Title-V/Title-V-Listing-2017-08-11.pdf,pdf,https://www.hud.gov/stat/cpd/titlev-weekly
https://www.hud.gov/sites/dfiles/CPD/documents/Title-V/Title-V-Listing-2017-08-18.pdf,pdf,https://www.hud.gov/stat/cpd/titlev-weekly
https://www.hud.gov/sites/dfiles/CPD/documents/Title-V/Title-V-Listing-2017-08-25.pdf,pdf,https://www.hud.gov/stat/cpd/titlev-weekly
https://www.hud.gov/sites/dfiles/CPD/documents/Title-V/Title-V-Listing-2017-09-01.pdf,pdf,https://www.hud.gov/stat/cpd/titlev-weekly
https://www.hud.gov/sites/dfiles/CPD/documents/Title-V/Title-V-Listing-2017-09-08.pdf,pdf,https://www.hud.gov/stat/cpd/titlev-weekly
https://www.hud.gov/sites/dfiles/CPD/documents/Title-V/Title-V-Listing-2017-09-15.pdf,pdf,https://www.hud.gov/stat/cpd/titlev-weekly
https://www.hud.gov/sites/dfiles/CPD/documents/Title-V/Title-V-Listing-2017-09-22.pdf,pdf,https://www.hud.gov/stat/cpd/titlev-weekly
https://www.hud.gov/sites/dfiles/CPD/documents/Title-V/Title-V-Listing-2017-09-29.pdf,pdf,https://www.hud.gov/stat/cpd/titlev-weekly
https://www.hud.gov/sites/dfiles/CPD/documents/Title-V/Title-V-Listing-2017-10-06.pdf,pdf,https://www.hud.gov/stat/cpd/titlev-weekly
https://www.hud.gov/sites/dfiles/CPD/documents/Title-V/Title-V-Listing-2017-10-13.pdf,pdf,https://www.hud.gov/stat/cpd/titlev-weekly
https://www.hud.gov/sites/dfiles/CPD/documents/Title-V/Title-V-Listing-2017-10-20.pdf,pdf,https://www.hud.gov/stat/cpd/titlev-weekly
https://www.hud.gov/sites/dfiles/CPD/documents/Title-V/Title-V-Listing-2017-10-27.pdf,pdf,https://www.hud.gov/stat/cpd/titlev-weekly
https://www.hud.gov/sites/dfiles/CPD/documents/Title-V/Title-V-Listing-2017-11-03.pdf,pdf,https://www.hud.gov/stat/cpd/titlev-weekly
https://www.hud.gov/sites/dfiles/CPD/documents/Title-V/Title-V-Listing-2017-11-09.pdf,pdf,https://www.hud.gov/stat/cpd/titlev-weekly
https://www.hud.gov/sites/dfiles/CPD/documents/Title-V/Title-V-Listing-2017-11-17.pdf,pdf,https://www.hud.gov/stat/cpd/titlev-weekly
https://www.hud.gov/sites/dfiles/CPD/documents/Title-V/Title-V-Listing-2017-11-24.pdf,pdf,https://www.hud.gov/stat/cpd/titlev-weekly
https://www.hud.gov/sites/dfiles/CPD/documents/Title-V/Title-V-Listing-2017-12-01.pdf,pdf,https://www.hud.gov/stat/cpd/titlev-weekly
https://www.hud.gov/sites/dfiles/CPD/documents/Title-V/Title-V-Listing-2017-12-08.pdf,pdf,https://www.hud.gov/stat/cpd/titlev-weekly
https://www.hud.gov/sites/dfiles/CPD/documents/Title-V/Title-V-Listing-2017-12-15.pdf,pdf,https://www.hud.gov/stat/cpd/titlev-weekly
https://www.hud.gov/sites/dfiles/CPD/documents/Title-V/Title-V-Listing-2017-12-22.pdf,pdf,https://www.hud.gov/stat/cpd/titlev-weekly
https://www.hud.gov/sites/dfiles/CPD/documents/Title-V/Title-V-Listing-2017-12-29.pdf,pdf,https://www.hud.gov/stat/cpd/titlev-weekly
https://www.hud.gov/sites/dfiles/CPD/documents/Title-V/Title-V-Listing-2018-02-02.pdf,pdf,https://www.hud.gov/stat/cpd/titlev-weekly
https://www.hud.gov/sites/dfiles/CPD/documents/Title-V/Title-V-Listing-2018-02-09.pdf,pdf,https://www.hud.gov/stat/cpd/titlev-weekly
https://www.hud.gov/sites/dfiles/CPD/documents/Title-V/Title-V-Listing-2018-02-16.pdf,pdf,https://www.hud.gov/stat/cpd/titlev-weekly
https://www.hud.gov/sites/dfiles/CPD/documents/Title-V/Title-V-Listing-2018-02-23.pdf,pdf,https://www.hud.gov/stat/cpd/titlev-weekly
https://www.hud.gov/sites/dfiles/CPD/documents/Title-V/Title-V-Listing-2018-03-02.pdf,pdf,https://www.hud.gov/stat/cpd/titlev-weekly
https://www.hud.gov/sites/dfiles/CPD/documents/Title-V/Title-V-Listing-2018-03-09.pdf,pdf,https://www.hud.gov/stat/cpd/titlev-weekly
https://www.hud.gov/sites/dfiles/CPD/documents/Title-V/Title-V-Listing-2018-03-16.pdf,pdf,https://www.hud.gov/stat/cpd/titlev-weekly
https://www.hud.gov/sites/dfiles/CPD/documents/Title-V/Title-V-Listing-2018-03-23.pdf,pdf,https://www.hud.gov/stat/cpd/titlev-weekly
https://www.hud.gov/sites/dfiles/CPD/documents/Title-V/Title-V-Listing-2018-03-30.pdf,pdf,https://www.hud.gov/stat/cpd/titlev-weekly
https://www.hud.gov/sites/dfiles/CPD/documents/Title-V/Title-V-Listing-2018-04-06.pdf,pdf,https://www.hud.gov/stat/cpd/titlev-weekly
https://www.hud.gov/sites/dfiles/CPD/documents/Title-V/Title-V-Listing-2018-04-13.pdf,pdf,https://www.hud.gov/stat/cpd/titlev-weekly
https://www.hud.gov/sites/dfiles/CPD/documents/Title-V/Title-V-Listing-2018-04-20.pdf,pdf,https://www.hud.gov/stat/cpd/titlev-weekly
https://www.hud.gov/sites/dfiles/CPD/documents/Title-V/Title-V-Listing-2018-04-27.pdf,pdf,https://www.hud.gov/stat/cpd/titlev-weekly
https://www.hud.gov/sites/dfiles/CPD/documents/Title-V/Title-V-Listing-2018-05-04.pdf,pdf,https://www.hud.gov/stat/cpd/titlev-weekly
https://www.hud.gov/sites/dfiles/CPD/documents/Title-V/Title-V-Listing-2018-05-11.pdf,pdf,https://www.hud.gov/stat/cpd/titlev-weekly
https://www.hud.gov/sites/dfiles/CPD/documents/Title-V/Title-V-Listing-2018-05-18.pdf,pdf,https://www.hud.gov/stat/cpd/titlev-weekly
https://www.hud.gov/sites/dfiles/CPD/documents/Title-V/Title-V-Listing-2018-05-25.pdf,pdf,https://www.hud.gov/stat/cpd/titlev-weekly
https://www.hud.gov/sites/dfiles/CPD/documents/Title-V/Title-V-Listing-2018-06-01.pdf,pdf,https://www.hud.gov/stat/cpd/titlev-weekly
https://www.hud.gov/sites/dfiles/CPD/documents/Title-V/Title-V-Listing-2018-06-08.pdf,pdf,https://www.hud.gov/stat/cpd/titlev-weekly
https://www.hud.gov/sites/dfiles/CPD/documents/Title-V/Title-V-Listing-2018-06-15.pdf,pdf,https://www.hud.gov/stat/cpd/titlev-weekly
https://www.hud.gov/sites/dfiles/CPD/documents/Title-V/Title-V-Listing-2018-06-22.pdf,pdf,https://www.hud.gov/stat/cpd/titlev-weekly
https://www.hud.gov/sites/dfiles/CPD/documents/Title-V/Title-V-Listing-2018-06-29.pdf,pdf,https://www.hud.gov/stat/cpd/titlev-weekly
https://www.hud.gov/sites/dfiles/CPD/documents/Title-V/Title-V-Listing-2018-07-06.pdf,pdf,https://www.hud.gov/stat/cpd/titlev-weekly
https://www.hud.gov/sites/dfiles/CPD/documents/Title-V/Title-V-Listing-2018-07-13.pdf,pdf,https://www.hud.gov/stat/cpd/titlev-weekly
https://www.hud.gov/sites/dfiles/CPD/documents/Title-V/Title-V-Listing-2018-07-20.pdf,pdf,https://www.hud.gov/stat/cpd/titlev-weekly
https://www.hud.gov/sites/dfiles/CPD/documents/Title-V/Title-V-Listing-2018-07-27.pdf,pdf,https://www.hud.gov/stat/cpd/titlev-weekly
https://www.hud.gov/sites/dfiles/CPD/documents/Title-V/Title-V-Listing-2018-08-03.pdf,pdf,https://www.hud.gov/stat/cpd/titlev-weekly
https://www.hud.gov/sites/dfiles/CPD/documents/Title-V/Title-V-Listing-2018-08-10.pdf,pdf,https://www.hud.gov/stat/cpd/titlev-weekly
https://www.hud.gov/sites/dfiles/CPD/documents/Title-V/Title-V-Listing-2018-08-17.pdf,pdf,https://www.hud.gov/stat/cpd/titlev-weekly
https://www.hud.gov/sites/dfiles/CPD/documents/Title-V/Title-V-Listing-2018-08-24.pdf,pdf,https://www.hud.gov/stat/cpd/titlev-weekly
https://www.hud.gov/sites/dfiles/CPD/documents/Title-V/Title-V-Listing-2018-08-31.pdf,pdf,https://www.hud.gov/stat/cpd/titlev-weekly
https://www.hud.gov/sites/dfiles/CPD/documents/Title-V/Title-V-Listing-2018-09-07.pdf,pdf,https://www.hud.gov/stat/cpd/titlev-weekly
https://www.hud.gov/sites/dfiles/CPD/documents/Title-V/Title-V-Listing-2018-09-14.pdf,pdf,https://www.hud.gov/stat/cpd/titlev-weekly
https://www.hud.gov/sites/dfiles/CPD/documents/Title-V/Title-V-Listing-2018-09-21.pdf,pdf,https://www.hud.gov/stat/cpd/titlev-weekly
https://www.hud.gov/sites/dfiles/CPD/documents/Title-V/Title-V-Listing-2018-09-28.pdf,pdf,https://www.hud.gov/stat/cpd/titlev-weekly
https://www.hud.gov/sites/dfiles/CPD/documents/Title-V/Title-V-Listing-2018-10-05.pdf,pdf,https://www.hud.gov/stat/cpd/titlev-weekly
https://www.hud.gov/sites/dfiles/CPD/documents/Title-V/Title-V-Listing-2018-10-12.pdf,pdf,https://www.hud.gov/stat/cpd/titlev-weekly
https://www.hud.gov/sites/dfiles/CPD/documents/Title-V/Title-V-Listing-2018-10-19.pdf,pdf,https://www.hud.gov/stat/cpd/titlev-weekly
https://www.hud.gov/sites/dfiles/CPD/documents/Title-V/Title-V-Listing-2018-10-26.pdf,pdf,https://www.hud.gov/stat/cpd/titlev-weekly
https://www.hud.gov/sites/dfiles/CPD/documents/Title-V/Title-V-Listing-2018-11-02.pdf,pdf,https://www.hud.gov/stat/cpd/titlev-weekly
https://www.hud.gov/sites/dfiles/CPD/documents/Title-V/Title-V-Listing-2018-11-09.pdf,pdf,https://www.hud.gov/stat/cpd/titlev-weekly
https://www.hud.gov/sites/dfiles/CPD/documents/Title-V/Title-V-Listing-2018-11-16.pdf,pdf,https://www.hud.gov/stat/cpd/titlev-weekly
https://www.hud.gov/sites/dfiles/CPD/documents/Title-V/Title-V-Listing-2018-11-23.pdf,pdf,https://www.hud.gov/stat/cpd/titlev-weekly
https://www.hud.gov/sites/dfiles/CPD/documents/Title-V/Title-V-Listing-2018-11-30.pdf,pdf,https://www.hud.gov/stat/cpd/titlev-weekly
https://www.hud.gov/sites/dfiles/CPD/documents/Title-V/Title-V-Listing-2018-12-07.pdf,pdf,https://www.hud.gov/stat/cpd/titlev-weekly
https://www.hud.gov/sites/dfiles/CPD/documents/Title-V/Title-V-Listing-2018-12-14.pdf,pdf,https://www.hud.gov/stat/cpd/titlev-weekly
https://www.hud.gov/sites/dfiles/CPD/documents/Title-V/Title-V-Listing-2018-12-21.pdf,pdf,https://www.hud.gov/stat/cpd/titlev-weekly
https://www.hud.gov/sites/dfiles/CPD/documents/Title-V/Title-V-Listing-2019-01-04.pdf,pdf,https://www.hud.gov/stat/cpd/titlev-weekly
https://www.hud.gov/sites/dfiles/CPD/documents/Title-V/Title-V-Listing-2019-01-11.pdf,pdf,https://www.hud.gov/stat/cpd/titlev-weekly
https://www.hud.gov/sites/dfiles/CPD/documents/Title-V/Title-V-Listing-2019-01-18.pdf,pdf,https://www.hud.gov/stat/cpd/titlev-weekly
https://www.hud.gov/sites/dfiles/CPD/documents/Title-V/Title-V-Listing-2019-01-25.pdf,pdf,https://www.hud.gov/stat/cpd/titlev-weekly
https://www.hud.gov/sites/dfiles/CPD/documents/Title-V/Title-V-Listing-2019-02-01.pdf,pdf,https://www.hud.gov/stat/cpd/titlev-weekly
https://www.hud.gov/sites/dfiles/CPD/documents/Title-V/Title-V-Listing-2019-02-08.pdf,pdf,https://www.hud.gov/stat/cpd/titlev-weekly
https://www.hud.gov/sites/dfiles/CPD/documents/Title-V/Title-V-Listing-2019-02-15.pdf,pdf,https://www.hud.gov/stat/cpd/titlev-weekly
https://www.hud.gov/sites/dfiles/CPD/documents/Title-V/Title-V-Listing-2019-02-22.pdf,pdf,https://www.hud.gov/stat/cpd/titlev-weekly
https://www.hud.gov/sites/dfiles/CPD/documents/Title-V/Title-V-Listing-2019-03-01.pdf,pdf,https://www.hud.gov/stat/cpd/titlev-weekly
https://www.hud.gov/sites/dfiles/CPD/documents/Title-V/Title-V-Listing-2019-03-08.pdf,pdf,https://www.hud.gov/stat/cpd/titlev-weekly
https://www.hud.gov/sites/dfiles/CPD/documents/Title-V/Title-V-Listing-2019-03-15.pdf,pdf,https://www.hud.gov/stat/cpd/titlev-weekly
https://www.hud.gov/sites/dfiles/CPD/documents/Title-V/Title-V-Listing-2019-03-22.pdf,pdf,https://www.hud.gov/stat/cpd/titlev-weekly
https://www.hud.gov/sites/dfiles/CPD/documents/Title-V/Title-V-Listing-2019-03-29.pdf,pdf,https://www.hud.gov/stat/cpd/titlev-weekly
https://www.hud.gov/sites/dfiles/CPD/documents/Title-V/Title-V-Listing-2019-04-05.pdf,pdf,https://www.hud.gov/stat/cpd/titlev-weekly
https://www.hud.gov/sites/dfiles/CPD/documents/Title-V/Title-V-Listing-2019-04-12.pdf,pdf,https://www.hud.gov/stat/cpd/titlev-weekly
https://www.hud.gov/sites/dfiles/CPD/documents/Title-V/Title-V-Listing-2019-04-19.pdf,pdf,https://www.hud.gov/stat/cpd/titlev-weekly
https://www.hud.gov/sites/dfiles/CPD/documents/Title-V/Title-V-Listing-2019-04-26.pdf,pdf,https://www.hud.gov/stat/cpd/titlev-weekly
https://www.hud.gov/sites/dfiles/CPD/documents/Title-V/Title-V-Listing-2019-05-03.pdf,pdf,https://www.hud.gov/stat/cpd/titlev-weekly
https://www.hud.gov/sites/dfiles/CPD/documents/Title-V/Title-V-Listing-2019-05-10.pdf,pdf,https://www.hud.gov/stat/cpd/titlev-weekly
https://www.hud.gov/sites/dfiles/CPD/documents/Title-V/Title-V-Listing-2019-05-17.pdf,pdf,https://www.hud.gov/stat/cpd/titlev-weekly
https://www.hud.gov/sites/dfiles/CPD/documents/Title-V/Title-V-Listing-2019-05-24.pdf,pdf,https://www.hud.gov/stat/cpd/titlev-weekly
https://www.hud.gov/sites/dfiles/CPD/documents/Title-V/Title-V-Listing-2019-05-31.pdf,pdf,https://www.hud.gov/stat/cpd/titlev-weekly
https://www.hud.gov/sites/dfiles/CPD/documents/Title-V/Title-V-Listing-2019-06-07.pdf,pdf,https://www.hud.gov/stat/cpd/titlev-weekly
https://www.hud.gov/sites/dfiles/CPD/documents/Title-V/Title-V-Listing-2019-06-14.pdf,pdf,https://www.hud.gov/stat/cpd/titlev-weekly
https://www.hud.gov/sites/dfiles/CPD/documents/Title-V/Title-V-Listing-2019-06-21.pdf,pdf,https://www.hud.gov/stat/cpd/titlev-weekly
https://www.hud.gov/sites/dfiles/CPD/documents/Title-V/Title-V-Listing-2019-06-28.pdf,pdf,https://www.hud.gov/stat/cpd/titlev-weekly
https://www.hud.gov/sites/dfiles/CPD/documents/Title-V/Title-V-Listing-2019-07-05.pdf,pdf,https://www.hud.gov/stat/cpd/titlev-weekly
https://www.hud.gov/sites/dfiles/CPD/documents/Title-V/Title-V-Listing-2019-07-12.pdf,pdf,https://www.hud.gov/stat/cpd/titlev-weekly
https://www.hud.gov/sites/dfiles/CPD/documents/Title-V/Title-V-Listing-2019-07-19.pdf,pdf,https://www.hud.gov/stat/cpd/titlev-weekly
https://www.hud.gov/sites/dfiles/CPD/documents/Title-V/Title-V-Listing-2019-07-26.pdf,pdf,https://www.hud.gov/stat/cpd/titlev-weekly
https://www.hud.gov/sites/dfiles/CPD/documents/Title-V/Title-V-Listing-2019-08-02.pdf,pdf,https://www.hud.gov/stat/cpd/titlev-weekly
https://www.hud.gov/sites/dfiles/CPD/documents/Title-V/Title-V-Listing-2019-08-09.pdf,pdf,https://www.hud.gov/stat/cpd/titlev-weekly
https://www.hud.gov/sites/dfiles/CPD/documents/Title-V/Title-V-Listing-2019-08-16.pdf,pdf,https://www.hud.gov/stat/cpd/titlev-weekly
https://www.hud.gov/sites/dfiles/CPD/documents/Title-V/Title-V-Listing-2019-08-23.pdf,pdf,https://www.hud.gov/stat/cpd/titlev-weekly
https://www.hud.gov/sites/dfiles/CPD/documents/Title-V/Title-V-Listing-2019-08-30.pdf,pdf,https://www.hud.gov/stat/cpd/titlev-weekly
https://www.hud.gov/sites/dfiles/CPD/documents/Title-V/Title-V-Listing-2019-09-06.pdf,pdf,https://www.hud.gov/stat/cpd/titlev-weekly
https://www.hud.gov/sites/dfiles/CPD/documents/Title-V/Title-V-Listing-2019-09-13.pdf,pdf,https://www.hud.gov/stat/cpd/titlev-weekly
https://www.hud.gov/sites/dfiles/CPD/documents/Title-V/Title-V-Listing-2019-09-20.pdf,pdf,https://www.hud.gov/stat/cpd/titlev-weekly
https://www.hud.gov/sites/dfiles/CPD/documents/Title-V/Title-V-Listing-2019-09-27.pdf,pdf,https://www.hud.gov/stat/cpd/titlev-weekly
https://www.hud.gov/sites/dfiles/CPD/documents/Title-V/Title-V-Listing-2019-10-04.pdf,pdf,https://www.hud.gov/stat/cpd/titlev-weekly
https://www.hud.gov/sites/dfiles/CPD/documents/Title-V/Title-V-Listing-2019-10-11.pdf,pdf,https://www.hud.gov/stat/cpd/titlev-weekly
https://www.hud.gov/sites/dfiles/CPD/documents/Title-V/Title-V-Listing-2019-10-18.pdf,pdf,https://www.hud.gov/stat/cpd/titlev-weekly
https://www.hud.gov/sites/dfiles/CPD/documents/Title-V/Title-V-Listing-2019-10-25.pdf,pdf,https://www.hud.gov/stat/cpd/titlev-weekly
https://www.hud.gov/sites/dfiles/CPD/documents/Title-V/Title-V-Listing-2019-11-01.pdf,pdf,https://www.hud.gov/stat/cpd/titlev-weekly
https://www.hud.gov/sites/dfiles/CPD/documents/Title-V/Title-V-Listing-2019-11-08.pdf,pdf,https://www.hud.gov/stat/cpd/titlev-weekly
https://www.hud.gov/sites/dfiles/CPD/documents/Title-V/Title-V-Listing-2019-11-15.pdf,pdf,https://www.hud.gov/stat/cpd/titlev-weekly
https://www.hud.gov/sites/dfiles/CPD/documents/Title-V/Title-V-Listing-2019-11-22.pdf,pdf,https://www.hud.gov/stat/cpd/titlev-weekly
https://www.hud.gov/sites/dfiles/CPD/documents/Title-V/Title-V-Listing-2019-11-29.pdf,pdf,https://www.hud.gov/stat/cpd/titlev-weekly
https://www.hud.gov/sites/dfiles/CPD/documents/Title-V/Title-V-Listing-2019-12-06.pdf,pdf,https://www.hud.gov/stat/cpd/titlev-weekly
https://www.hud.gov/sites/dfiles/CPD/documents/Title-V/Title-V-Listing-2019-12-13.pdf,pdf,https://www.hud.gov/stat/cpd/titlev-weekly
https://www.hud.gov/sites/dfiles/CPD/documents/Title-V/Title-V-Listing-2019-12-20.pdf,pdf,https://www.hud.gov/stat/cpd/titlev-weekly
https://www.hud.gov/sites/dfiles/CPD/documents/Title-V/Title-V-Listing-2019-12-27.pdf,pdf,https://www.hud.gov/stat/cpd/titlev-weekly
https://www.hud.gov/sites/dfiles/CPD/documents/Title-V/Title-V-Listing-2020-01-03.pdf,pdf,https://www.hud.gov/stat/cpd/titlev-weekly
https://www.hud.gov/sites/dfiles/CPD/documents/Title-V/Title-V-Listing-2020-01-10.pdf,pdf,https://www.hud.gov/stat/cpd/titlev-weekly
https://www.hud.gov/sites/dfiles/CPD/documents/Title-V/Title-V-Listing-2020-01-17.pdf,pdf,https://www.hud.gov/stat/cpd/titlev-weekly
https://www.hud.gov/sites/dfiles/CPD/documents/Title-V/Title-V-Listing-2020-01-24.pdf,pdf,https://www.hud.gov/stat/cpd/titlev-weekly
https://www.hud.gov/sites/dfiles/CPD/documents/Title-V/Title-V-Listing-2020-01-31.pdf,pdf,https://www.hud.gov/stat/cpd/titlev-weekly
https://www.hud.gov/sites/dfiles/CPD/documents/Title-V/Title-V-Listing-2020-02-07.pdf,pdf,https://www.hud.gov/stat/cpd/titlev-weekly
https://www.hud.gov/sites/dfiles/CPD/documents/Title-V/Title-V-Listing-2020-02-14.pdf,pdf,https://www.hud.gov/stat/cpd/titlev-weekly
https://www.hud.gov/sites/dfiles/CPD/documents/Title-V/Title-V-Listing-2020-02-21.pdf,pdf,https://www.hud.gov/stat/cpd/titlev-weekly
https://www.hud.gov/sites/dfiles/CPD/documents/Title-V/Title-V-Listing-2020-02-28.pdf,pdf,https://www.hud.gov/stat/cpd/titlev-weekly
https://www.hud.gov/sites/dfiles/CPD/documents/Title-V/Title-V-Listing-2020-03-06.pdf,pdf,https://www.hud.gov/stat/cpd/titlev-weekly
https://www.hud.gov/sites/dfiles/CPD/documents/Title-V/Title-V-Listing-2020-03-13.pdf,pdf,https://www.hud.gov/stat/cpd/titlev-weekly
https://www.hud.gov/sites/dfiles/CPD/documents/Title-V/Title-V-Listing-2020-03-20.pdf,pdf,https://www.hud.gov/stat/cpd/titlev-weekly
https://www.hud.gov/sites/dfiles/CPD/documents/Title-V/Title-V-Listing-2020-03-27.pdf,pdf,https://www.hud.gov/stat/cpd/titlev-weekly
https://www.hud.gov/sites/dfiles/CPD/documents/Title-V/Title-V-Listing-2020-04-03.pdf,pdf,https://www.hud.gov/stat/cpd/titlev-weekly
https://www.hud.gov/sites/dfiles/CPD/documents/Title-V/Title-V-Listing-2020-04-10.pdf,pdf,https://www.hud.gov/stat/cpd/titlev-weekly
https://www.hud.gov/sites/dfiles/CPD/documents/Title-V/Title-V-Listing-2020-04-17.pdf,pdf,https://www.hud.gov/stat/cpd/titlev-weekly
https://www.hud.gov/sites/dfiles/CPD/documents/Title-V/Title-V-Listing-2020-04-24.pdf,pdf,https://www.hud.gov/stat/cpd/titlev-weekly
https://www.hud.gov/sites/dfiles/CPD/documents/Title-V/Title-V-Listing-2020-05-01.pdf,pdf,https://www.hud.gov/stat/cpd/titlev-weekly
https://www.hud.gov/sites/dfiles/CPD/documents/Title-V/Title-V-Listing-2020-05-08.pdf,pdf,https://www.hud.gov/stat/cpd/titlev-weekly
https://www.hud.gov/sites/dfiles/CPD/documents/Title-V/Title-V-Listing-2020-05-15.pdf,pdf,https://www.hud.gov/stat/cpd/titlev-weekly
https://www.hud.gov/sites/dfiles/CPD/documents/Title-V/Title-V-Listing-2020-05-22.pdf,pdf,https://www.hud.gov/stat/cpd/titlev-weekly
https://www.hud.gov/sites/dfiles/CPD/documents/Title-V/Title-V-Listing-2020-05-29.pdf,pdf,https://www.hud.gov/stat/cpd/titlev-weekly
https://www.hud.gov/sites/dfiles/CPD/documents/Title-V/Title-V-Listing-2020-06-05.pdf,pdf,https://www.hud.gov/stat/cpd/titlev-weekly
https://www.hud.gov/sites/dfiles/CPD/documents/Title-V/Title-V-Listing-2020-06-12.pdf,pdf,https://www.hud.gov/stat/cpd/titlev-weekly
https://www.hud.gov/sites/dfiles/CPD/documents/Title-V/Title-V-Listing-2020-06-19.pdf,pdf,https://www.hud.gov/stat/cpd/titlev-weekly
https://www.hud.gov/sites/dfiles/CPD/documents/Title-V/Title-V-Listing-2020-06-26.pdf,pdf,https://www.hud.gov/stat/cpd/titlev-weekly
https://www.hud.gov/sites/dfiles/CPD/documents/Title-V/Title-V-Listing-2020-07-02.pdf,pdf,https://www.hud.gov/stat/cpd/titlev-weekly
https://www.hud.gov/sites/dfiles/CPD/documents/Title-V/Title-V-Listing-2020-07-10.pdf,pdf,https://www.hud.gov/stat/cpd/titlev-weekly
https://www.hud.gov/sites/dfiles/CPD/documents/Title-V/Title-V-Listing-2020-07-17.pdf,pdf,https://www.hud.gov/stat/cpd/titlev-weekly
https://www.hud.gov/sites/dfiles/CPD/documents/Title-V/Title-V-Listing-2020-07-24.pdf,pdf,https://www.hud.gov/stat/cpd/titlev-weekly
https://www.hud.gov/sites/dfiles/CPD/documents/Title-V/Title-V-Listing-2020-07-31.pdf,pdf,https://www.hud.gov/stat/cpd/titlev-weekly
https://www.hud.gov/sites/dfiles/CPD/documents/Title-V/Title-V-Listing-2020-08-07.pdf,pdf,https://www.hud.gov/stat/cpd/titlev-weekly
https://www.hud.gov/sites/dfiles/CPD/documents/Title-V/Title-V-Listing-2020-08-14.pdf,pdf,https://www.hud.gov/stat/cpd/titlev-weekly
https://www.hud.gov/sites/dfiles/CPD/documents/Title-V/Title-V-Listing-2020-08-21.pdf,pdf,https://www.hud.gov/stat/cpd/titlev-weekly
https://www.hud.gov/sites/dfiles/CPD/documents/Title-V/Title-V-Listing-2020-08-28.pdf,pdf,https://www.hud.gov/stat/cpd/titlev-weekly
https://www.hud.gov/sites/dfiles/CPD/documents/Title-V/Title-V-Listing-2020-09-04.pdf,pdf,https://www.hud.gov/stat/cpd/titlev-weekly
https://www.hud.gov/sites/dfiles/CPD/documents/Title-V/Title-V-Listing-2020-09-11.pdf,pdf,https://www.hud.gov/stat/cpd/titlev-weekly
https://www.hud.gov/sites/dfiles/CPD/documents/Title-V/Title-V-Listing-2020-09-18.pdf,pdf,https://www.hud.gov/stat/cpd/titlev-weekly
https://www.hud.gov/sites/dfiles/CPD/documents/Title-V/Title-V-Listing-2020-09-25.pdf,pdf,https://www.hud.gov/stat/cpd/titlev-weekly
https://www.hud.gov/sites/dfiles/CPD/documents/Title-V/Title-V-Listing-2020-10-02.pdf,pdf,https://www.hud.gov/stat/cpd/titlev-weekly
https://www.hud.gov/sites/dfiles/CPD/documents/Title-V/Title-V-Listing-2020-10-09.pdf,pdf,https://www.hud.gov/stat/cpd/titlev-weekly
https://www.hud.gov/sites/dfiles/CPD/documents/Title-V/Title-V-Listing-2020-10-16.pdf,pdf,https://www.hud.gov/stat/cpd/titlev-weekly
https://www.hud.gov/sites/dfiles/CPD/documents/Title-V/Title-V-Listing-2020-10-23.pdf,pdf,https://www.hud.gov/stat/cpd/titlev-weekly
https://www.hud.gov/sites/dfiles/CPD/documents/Title-V/Title-V-Listing-2020-10-30.pdf,pdf,https://www.hud.gov/stat/cpd/titlev-weekly
https://www.hud.gov/sites/dfiles/CPD/documents/Title-V/Title-V-Listing-2020-11-06.pdf,pdf,https://www.hud.gov/stat/cpd/titlev-weekly
https://www.hud.gov/sites/dfiles/CPD/documents/Title-V/Title-V-Listing-2020-11-13.pdf,pdf,https://www.hud.gov/stat/cpd/titlev-weekly
https://www.hud.gov/sites/dfiles/CPD/documents/Title-V/Title-V-Listing-2020-11-20.pdf,pdf,https://www.hud.gov/stat/cpd/titlev-weekly
https://www.hud.gov/sites/dfiles/CPD/documents/Title-V/Title-V-Listing-2020-11-25.pdf,pdf,https://www.hud.gov/stat/cpd/titlev-weekly
https://www.hud.gov/sites/dfiles/CPD/documents/Title-V/Title-V-Listing-2020-12-04.pdf,pdf,https://www.hud.gov/stat/cpd/titlev-weekly
https://www.hud.gov/sites/dfiles/CPD/documents/Title-V/Title-V-Listing-2020-12-11.pdf,pdf,https://www.hud.gov/stat/cpd/titlev-weekly
https://www.hud.gov/sites/dfiles/CPD/documents/Title-V/Title-V-Listing-2020-12-18.pdf,pdf,https://www.hud.gov/stat/cpd/titlev-weekly
https://www.hud.gov/sites/dfiles/CPD/documents/Title-V/Title-V-Listing-2020-12-25.pdf,pdf,https://www.hud.gov/stat/cpd/titlev-weekly
https://www.hud.gov/sites/dfiles/CPD/documents/Title-V/Title-V-Listing-2021-01-01.pdf,pdf,https://www.hud.gov/stat/cpd/titlev-weekly
https://www.hud.gov/sites/dfiles/CPD/documents/Title-V/Title-V-Listing-2021-01-08.pdf,pdf,https://www.hud.gov/stat/cpd/titlev-weekly
https://www.hud.gov/sites/dfiles/CPD/documents/Title-V/Title-V-Listing-2021-01-15.pdf,pdf,https://www.hud.gov/stat/cpd/titlev-weekly
https://www.hud.gov/sites/dfiles/CPD/documents/Title-V/Title-V-Listing-2021-01-22.pdf,pdf,https://www.hud.gov/stat/cpd/titlev-weekly
https://www.hud.gov/sites/dfiles/CPD/documents/Title-V/Title-V-Listing-2021-01-29.pdf,pdf,https://www.hud.gov/stat/cpd/titlev-weekly
https://www.hud.gov/sites/dfiles/CPD/documents/Title-V/Title-V-Listing-2021-02-05.pdf,pdf,https://www.hud.gov/stat/cpd/titlev-weekly
https://www.hud.gov/sites/dfiles/CPD/documents/Title-V/Title-V-Listing-2021-02-12.pdf,pdf,https://www.hud.gov/stat/cpd/titlev-weekly
https://www.hud.gov/sites/dfiles/CPD/documents/Title-V/Title-V-Listing-2021-02-19.pdf,pdf,https://www.hud.gov/stat/cpd/titlev-weekly
https://www.hud.gov/sites/dfiles/CPD/documents/Title-V/Title-V-Listing-2021-02-26.pdf,pdf,https://www.hud.gov/stat/cpd/titlev-weekly
https://www.hud.gov/sites/dfiles/CPD/documents/Title-V/Title-V-Listing-2021-03-05.pdf,pdf,https://www.hud.gov/stat/cpd/titlev-weekly
https://www.hud.gov/sites/dfiles/CPD/documents/Title-V/Title-V-Listing-2021-03-12.pdf,pdf,https://www.hud.gov/stat/cpd/titlev-weekly
https://www.hud.gov/sites/dfiles/CPD/documents/Title-V/Title-V-Listing-2021-03-19.pdf,pdf,https://www.hud.gov/stat/cpd/titlev-weekly
https://www.hud.gov/sites/dfiles/CPD/documents/Title-V/Title-V-Listing-2021-03-26.pdf,pdf,https://www.hud.gov/stat/cpd/titlev-weekly
https://www.hud.gov/sites/dfiles/CPD/documents/Title-V/Title-V-Listing-2021-04-02.pdf,pdf,https://www.hud.gov/stat/cpd/titlev-weekly
https://www.hud.gov/sites/dfiles/CPD/documents/Title-V/Title-V-Listing-2021-04-09.pdf,pdf,https://www.hud.gov/stat/cpd/titlev-weekly
https://www.hud.gov/sites/dfiles/CPD/documents/Title-V/Title-V-Listing-2021-04-16.pdf,pdf,https://www.hud.gov/stat/cpd/titlev-weekly
https://www.hud.gov/sites/dfiles/CPD/documents/Title-V/Title-V-Listing-2021-04-23.pdf,pdf,https://www.hud.gov/stat/cpd/titlev-weekly
https://www.hud.gov/sites/dfiles/CPD/documents/Title-V/Title-V-Listing-2021-04-30.pdf,pdf,https://www.hud.gov/stat/cpd/titlev-weekly
https://www.hud.gov/sites/dfiles/CPD/documents/Title-V/Title-V-Listing-2021-05-07.pdf,pdf,https://www.hud.gov/stat/cpd/titlev-weekly
https://www.hud.gov/sites/dfiles/CPD/documents/Title-V/Title-V-Listing-2021-05-14.pdf,pdf,https://www.hud.gov/stat/cpd/titlev-weekly
https://www.hud.gov/sites/dfiles/CPD/documents/Title-V/Title-V-Listing-2021-05-21.pdf,pdf,https://www.hud.gov/stat/cpd/titlev-weekly
https://www.hud.gov/sites/dfiles/CPD/documents/Title-V/Title-V-Listing-2021-05-28.pdf,pdf,https://www.hud.gov/stat/cpd/titlev-weekly
https://www.hud.gov/sites/dfiles/CPD/documents/Title-V/Title-V-Listing-2021-06-04.pdf,pdf,https://www.hud.gov/stat/cpd/titlev-weekly
https://www.hud.gov/sites/dfiles/CPD/documents/Title-V/Title-V-Listing-2021-06-11.pdf,pdf,https://www.hud.gov/stat/cpd/titlev-weekly
https://www.hud.gov/sites/dfiles/CPD/documents/Title-V/Title-V-Listing-2021-06-18.pdf,pdf,https://www.hud.gov/stat/cpd/titlev-weekly
https://www.hud.gov/sites/dfiles/CPD/documents/Title-V/Title-V-Listing-2021-06-25.pdf,pdf,https://www.hud.gov/stat/cpd/titlev-weekly
https://www.hud.gov/sites/dfiles/CPD/documents/Title-V/Title-V-Listing-2021-07-02.pdf,pdf,https://www.hud.gov/stat/cpd/titlev-weekly
https://www.hud.gov/sites/dfiles/CPD/documents/Title-V/Title-V-Listing-2021-07-09.pdf,pdf,https://www.hud.gov/stat/cpd/titlev-weekly
https://www.hud.gov/sites/dfiles/CPD/documents/Title-V/Title-V-Listing-2021-07-23.pdf,pdf,https://www.hud.gov/stat/cpd/titlev-weekly
https://www.hud.gov/sites/dfiles/CPD/documents/Title-V/Title-V-Listing-2021-07-30.pdf,pdf,https://www.hud.gov/stat/cpd/titlev-weekly
https://www.hud.gov/sites/dfiles/CPD/documents/Title-V/Title-V-Listing-2021-08-06.pdf,pdf,https://www.hud.gov/stat/cpd/titlev-weekly
https://www.hud.gov/sites/dfiles/CPD/documents/Title-V/Title-V-Listing-2021-08-13.pdf,pdf,https://www.hud.gov/stat/cpd/titlev-weekly
https://www.hud.gov/sites/dfiles/CPD/documents/Title-V/Title-V-Listing-2021-08-20.pdf,pdf,https://www.hud.gov/stat/cpd/titlev-weekly
https://www.hud.gov/sites/dfiles/CPD/documents/Title-V/Title-V-Listing-2021-08-27.pdf,pdf,https://www.hud.gov/stat/cpd/titlev-weekly
https://www.hud.gov/sites/dfiles/CPD/documents/Title-V/Title-V-Listing-2021-09-10.pdf,pdf,https://www.hud.gov/stat/cpd/titlev-weekly
https://www.hud.gov/sites/dfiles/CPD/documents/Title-V/Title-V-Listing-2021-09-17.pdf,pdf,https://www.hud.gov/stat/cpd/titlev-weekly
https://www.hud.gov/sites/dfiles/CPD/documents/Title-V/Title-V-Listing-2021-09-24.pdf,pdf,https://www.hud.gov/stat/cpd/titlev-weekly
https://www.hud.gov/sites/dfiles/CPD/documents/Title-V/Title-V-Listing-2021-09-30.pdf,pdf,https://www.hud.gov/stat/cpd/titlev-weekly
https://www.hud.gov/sites/dfiles/CPD/documents/Title-V/Title-V-Listing-2021-10-08.pdf,pdf,https://www.hud.gov/stat/cpd/titlev-weekly
https://www.hud.gov/sites/dfiles/CPD/documents/Title-V/Title-V-Listing-2021-10-15.pdf,pdf,https://www.hud.gov/stat/cpd/titlev-weekly
https://www.hud.gov/sites/dfiles/CPD/documents/Title-V/Title-V-Listing-2021-10-29.pdf,pdf,https://www.hud.gov/stat/cpd/titlev-weekly
https://www.hud.gov/sites/dfiles/CPD/documents/Title-V/Title-V-Listing-2021-11-12.pdf,pdf,https://www.hud.gov/stat/cpd/titlev-weekly
https://www.hud.gov/sites/dfiles/CPD/documents/Title-V/Title-V-Listing-2021-11-19.pdf,pdf,https://www.hud.gov/stat/cpd/titlev-weekly
https://www.hud.gov/sites/dfiles/CPD/documents/Title-V/Title-V-Listing-2021-11-26.pdf,pdf,https://www.hud.gov/stat/cpd/titlev-weekly
https://www.hud.gov/sites/dfiles/CPD/documents/Title-V/Title-V-Listing-2021-12-03.pdf,pdf,https://www.hud.gov/stat/cpd/titlev-weekly
https://www.hud.gov/sites/dfiles/CPD/documents/Title-V/Title-V-Listing-2021-12-10.pdf,pdf,https://www.hud.gov/stat/cpd/titlev-weekly
https://www.hud.gov/sites/dfiles/CPD/documents/Title-V/Title-V-Listing-2021-12-17.pdf,pdf,https://www.hud.gov/stat/cpd/titlev-weekly
https://www.hud.gov/sites/dfiles/CPD/documents/Title-V/Title-V-Listing-2021-12-24.pdf,pdf,https://www.hud.gov/stat/cpd/titlev-weekly
https://www.hud.gov/sites/dfiles/CPD/documents/Title-V/Title-V-Listing-2021-12-31.pdf,pdf,https://www.hud.gov/stat/cpd/titlev-weekly
https://www.hud.gov/sites/dfiles/CPD/documents/Title-V/Title-V-Listing-2022-01-14.pdf,pdf,https://www.hud.gov/stat/cpd/titlev-weekly
https://www.hud.gov/sites/dfiles/CPD/documents/Title-V/Title-V-Listing-2022-01-21.pdf,pdf,https://www.hud.gov/stat/cpd/titlev-weekly
https://www.hud.gov/sites/dfiles/CPD/documents/Title-V/Title-V-Listing-2022-01-28.pdf,pdf,https://www.hud.gov/stat/cpd/titlev-weekly
https://www.hud.gov/sites/dfiles/CPD/documents/Title-V/Title-V-Listing-2022-02-04.pdf,pdf,https://www.hud.gov/stat/cpd/titlev-weekly
https://www.hud.gov/sites/dfiles/CPD/documents/Title-V/Title-V-Listing-2022-02-11.pdf,pdf,https://www.hud.gov/stat/cpd/titlev-weekly
https://www.hud.gov/sites/dfiles/CPD/documents/Title-V/Title-V-Listing-2022-02-18.pdf,pdf,https://www.hud.gov/stat/cpd/titlev-weekly
https://www.hud.gov/sites/dfiles/CPD/documents/Title-V/Title-V-Listing-2022-02-25.pdf,pdf,https://www.hud.gov/stat/cpd/titlev-weekly
https://www.hud.gov/sites/dfiles/CPD/documents/Title-V/Title-V-Listing-2022-03-04.pdf,pdf,https://www.hud.gov/stat/cpd/titlev-weekly
https://www.hud.gov/sites/dfiles/CPD/documents/Title-V/Title-V-Listing-2022-03-11.pdf,pdf,https://www.hud.gov/stat/cpd/titlev-weekly
https://www.hud.gov/sites/dfiles/CPD/documents/Title-V/Title-V-Listing-2022-03-18.pdf,pdf,https://www.hud.gov/stat/cpd/titlev-weekly
https://www.hud.gov/sites/dfiles/CPD/documents/Title-V/Title-V-Listing-2022-04-01.pdf,pdf,https://www.hud.gov/stat/cpd/titlev-weekly
https://www.hud.gov/sites/dfiles/CPD/documents/Title-V/Title-V-Listing-2022-04-15.pdf,pdf,https://www.hud.gov/stat/cpd/titlev-weekly
https://www.hud.gov/sites/dfiles/CPD/documents/Title-V/Title-V-Listing-2022-04-29.pdf,pdf,https://www.hud.gov/stat/cpd/titlev-weekly
https://www.hud.gov/sites/dfiles/CPD/documents/Title-V/Title-V-Listing-2022-05-06.pdf,pdf,https://www.hud.gov/stat/cpd/titlev-weekly
https://www.hud.gov/sites/dfiles/CPD/documents/Title-V/Title-V-Listing-2022-05-13.pdf,pdf,https://www.hud.gov/stat/cpd/titlev-weekly
https://www.hud.gov/sites/dfiles/CPD/documents/Title-V/Title-V-Listing-2022-06-03.pdf,pdf,https://www.hud.gov/stat/cpd/titlev-weekly
https://www.hud.gov/sites/dfiles/CPD/documents/Title-V/Title-V-Listing-2022-06-10.pdf,pdf,https://www.hud.gov/stat/cpd/titlev-weekly
https://www.hud.gov/sites/dfiles/CPD/documents/Title-V/Title-V-Listing-2022-06-17.pdf,pdf,https://www.hud.gov/stat/cpd/titlev-weekly
https://www.hud.gov/sites/dfiles/CPD/documents/Title-V/Title-V-Listing-2022-06-24.pdf,pdf,https://www.hud.gov/stat/cpd/titlev-weekly
https://www.hud.gov/sites/dfiles/CPD/documents/Title-V/Title-V-Listing-2022-07-01.pdf,pdf,https://www.hud.gov/stat/cpd/titlev-weekly
https://www.hud.gov/sites/dfiles/CPD/documents/Title-V/Title-V-Listing-2022-07-08.pdf,pdf,https://www.hud.gov/stat/cpd/titlev-weekly
https://www.hud.gov/sites/dfiles/CPD/documents/Title-V/Title-V-Listing-2022-07-15.pdf,pdf,https://www.hud.gov/stat/cpd/titlev-weekly
https://www.hud.gov/sites/dfiles/CPD/documents/Title-V/Title-V-Listing-2022-07-22.pdf,pdf,https://www.hud.gov/stat/cpd/titlev-weekly
https://www.hud.gov/sites/dfiles/CPD/documents/Title-V/Title-V-Listing-2022-07-29.pdf,pdf,https://www.hud.gov/stat/cpd/titlev-weekly
https://www.hud.gov/sites/dfiles/CPD/documents/Title-V/Title-V-Listing-2022-08-05.pdf,pdf,https://www.hud.gov/stat/cpd/titlev-weekly
https://www.hud.gov/sites/dfiles/CPD/documents/Title-V/Title-V-Listing-2022-08-12.pdf,pdf,https://www.hud.gov/stat/cpd/titlev-weekly
https://www.hud.gov/sites/dfiles/CPD/documents/Title-V/Title-V-Listing-2022-08-19.pdf,pdf,https://www.hud.gov/stat/cpd/titlev-weekly
https://www.hud.gov/sites/dfiles/CPD/documents/Title-V/Title-V-Listing-2022-08-26.pdf,pdf,https://www.hud.gov/stat/cpd/titlev-weekly
https://www.hud.gov/sites/dfiles/CPD/documents/Title-V/Title-V-Listing-2022-09-02.pdf,pdf,https://www.hud.gov/stat/cpd/titlev-weekly
https://www.hud.gov/sites/dfiles/CPD/documents/Title-V/Title-V-Listing-2022-09-09.pdf,pdf,https://www.hud.gov/stat/cpd/titlev-weekly
https://www.hud.gov/sites/dfiles/CPD/documents/Title-V/Title-V-Listing-2022-09-16.pdf,pdf,https://www.hud.gov/stat/cpd/titlev-weekly
https://www.hud.gov/sites/dfiles/CPD/documents/Title-V/Title-V-Listing-2022-09-23.pdf,pdf,https://www.hud.gov/stat/cpd/titlev-weekly
https://www.hud.gov/sites/dfiles/CPD/documents/Title-V/Title-V-Listing-2022-09-30.pdf,pdf,https://www.hud.gov/stat/cpd/titlev-weekly
https://www.hud.gov/sites/dfiles/CPD/documents/Title-V/Title-V-Listing-2022-10-07.pdf,pdf,https://www.hud.gov/stat/cpd/titlev-weekly
https://www.hud.gov/sites/dfiles/CPD/documents/Title-V/Title-V-Listing-2022-10-14_repost.pdf,pdf,https://www.hud.gov/stat/cpd/titlev-weekly
https://www.hud.gov/sites/dfiles/CPD/documents/Title-V/Title-V-Listing-2022-10-21.pdf,pdf,https://www.hud.gov/stat/cpd/titlev-weekly
https://www.hud.gov/sites/dfiles/CPD/documents/Title-V/Title-V-Listing-2022-10-28.pdf,pdf,https://www.hud.gov/stat/cpd/titlev-weekly
https://www.hud.gov/sites/dfiles/CPD/documents/Title-V/Title-V-Listing-2022-11-04.pdf,pdf,https://www.hud.gov/stat/cpd/titlev-weekly
https://www.hud.gov/sites/dfiles/CPD/documents/Title-V/Title-V-Listing-2022-11-11.pdf,pdf,https://www.hud.gov/stat/cpd/titlev-weekly
https://www.hud.gov/sites/dfiles/CPD/documents/Title-V/Title-V-Listing-2022-11-18.pdf,pdf,https://www.hud.gov/stat/cpd/titlev-weekly
https://www.hud.gov/sites/dfiles/CPD/documents/Title-V/Title-V-Listing-2022-11-25.pdf,pdf,https://www.hud.gov/stat/cpd/titlev-weekly
https://www.hud.gov/sites/dfiles/CPD/documents/Title-V/Title-V-Listing-2022-12-02-Amended.pdf,pdf,https://www.hud.gov/stat/cpd/titlev-weekly
https://www.hud.gov/sites/dfiles/CPD/documents/Title-V/Title-V-Listing-2022-12-16.pdf,pdf,https://www.hud.gov/stat/cpd/titlev-weekly
https://www.hud.gov/sites/dfiles/CPD/documents/Title-V/Title-V-Listing-2022-12-23.pdf,pdf,https://www.hud.gov/stat/cpd/titlev-weekly
https://www.hud.gov/sites/dfiles/CPD/documents/Title-V/Title-V-Listing-2022-12-30.pdf,pdf,https://www.hud.gov/stat/cpd/titlev-weekly
https://www.hud.gov/sites/dfiles/CPD/documents/Title-V/Title-V-Listing-2023-01-06.pdf,pdf,https://www.hud.gov/stat/cpd/titlev-weekly
https://www.hud.gov/sites/dfiles/CPD/documents/Title-V/Title-V-Listing-2023-01-13.pdf,pdf,https://www.hud.gov/stat/cpd/titlev-weekly
https://www.hud.gov/sites/dfiles/CPD/documents/Title-V/Title-V-Listing-2023-01-20.pdf,pdf,https://www.hud.gov/stat/cpd/titlev-weekly
https://www.hud.gov/sites/dfiles/CPD/documents/Title-V/Title-V-Listing-2023-01-27.pdf,pdf,https://www.hud.gov/stat/cpd/titlev-weekly
https://www.hud.gov/sites/dfiles/CPD/documents/Title-V/Title-V-Listing-2023-02-03.pdf,pdf,https://www.hud.gov/stat/cpd/titlev-weekly
https://www.hud.gov/sites/dfiles/CPD/documents/Title-V/Title-V-Listing-2023-02-10.pdf,pdf,https://www.hud.gov/stat/cpd/titlev-weekly
https://www.hud.gov/sites/dfiles/CPD/documents/Title-V/Title-V-Listing-2023-02-17.pdf,pdf,https://www.hud.gov/stat/cpd/titlev-weekly
https://www.hud.gov/sites/dfiles/CPD/documents/Title-V/Title-V-Listing-2023-02-24.pdf,pdf,https://www.hud.gov/stat/cpd/titlev-weekly
https://www.hud.gov/sites/dfiles/CPD/documents/Title-V/Title-V-Listing-2023-03-02.pdf,pdf,https://www.hud.gov/stat/cpd/titlev-weekly
https://www.hud.gov/sites/dfiles/CPD/documents/Title-V/Title-V-Listing-2023-03-10.pdf,pdf,https://www.hud.gov/stat/cpd/titlev-weekly
https://www.hud.gov/sites/dfiles/CPD/documents/Title-V/Title-V-Listing-2023-03-17.pdf,pdf,https://www.hud.gov/stat/cpd/titlev-weekly
https://www.hud.gov/sites/dfiles/CPD/documents/Title-V/Title-V-Listing-2023-03-24.pdf,pdf,https://www.hud.gov/stat/cpd/titlev-weekly
https://www.hud.gov/sites/dfiles/CPD/documents/Title-V/Title-V-Listing-2023-03-31.pdf,pdf,https://www.hud.gov/stat/cpd/titlev-weekly
https://www.hud.gov/sites/dfiles/CPD/documents/Title-V/Title-V-Listing-2023-04-07.pdf,pdf,https://www.hud.gov/stat/cpd/titlev-weekly
https://www.hud.gov/sites/dfiles/CPD/documents/Title-V/Title-V-Listing-2023-04-14.pdf,pdf,https://www.hud.gov/stat/cpd/titlev-weekly
https://www.hud.gov/sites/dfiles/CPD/documents/Title-V/Title-V-Listing-2023-04-21.pdf,pdf,https://www.hud.gov/stat/cpd/titlev-weekly
https://www.hud.gov/sites/dfiles/CPD/documents/Title-V/Title-V-Listing-2023-04-28.pdf,pdf,https://www.hud.gov/stat/cpd/titlev-weekly
https://www.hud.gov/sites/dfiles/CPD/documents/Title-V/Title-V-Listing-2023-05-05.pdf,pdf,https://www.hud.gov/stat/cpd/titlev-weekly
https://www.hud.gov/sites/dfiles/CPD/documents/Title-V/Title-V-Listing-2023-05-12.pdf,pdf,https://www.hud.gov/stat/cpd/titlev-weekly
https://www.hud.gov/sites/dfiles/CPD/documents/Title-V/Title-V-Listing-2023-05-19.pdf,pdf,https://www.hud.gov/stat/cpd/titlev-weekly
https://www.hud.gov/sites/dfiles/CPD/documents/Title-V/Title-V-Listing-2023-05-26.pdf,pdf,https://www.hud.gov/stat/cpd/titlev-weekly
https://www.hud.gov/sites/dfiles/CPD/documents/Title-V/Title-V-Listing-2023-06-02.pdf,pdf,https://www.hud.gov/stat/cpd/titlev-weekly
https://www.hud.gov/sites/dfiles/CPD/documents/Title-V/Title-V-Listing-2023-06-09.pdf,pdf,https://www.hud.gov/stat/cpd/titlev-weekly
https://www.hud.gov/sites/dfiles/CPD/documents/Title-V/Title-V-Listing-2023-06-16.pdf,pdf,https://www.hud.gov/stat/cpd/titlev-weekly
https://www.hud.gov/sites/dfiles/CPD/documents/Title-V/Title-V-Listing-2023-06-23.pdf,pdf,https://www.hud.gov/stat/cpd/titlev-weekly
https://www.hud.gov/sites/dfiles/CPD/documents/Title-V/Title-V-Listing-2023-06-30.pdf,pdf,https://www.hud.gov/stat/cpd/titlev-weekly
https://www.hud.gov/sites/dfiles/CPD/documents/Title-V/Title-V-Listing-2023-07-07.pdf,pdf,https://www.hud.gov/stat/cpd/titlev-weekly
https://www.hud.gov/sites/dfiles/CPD/documents/Title-V/Title-V-Listing-2023-07-14.pdf,pdf,https://www.hud.gov/stat/cpd/titlev-weekly
https://www.hud.gov/sites/dfiles/CPD/documents/Title-V/Title-V-Listing-2023-07-21.pdf,pdf,https://www.hud.gov/stat/cpd/titlev-weekly
https://www.hud.gov/sites/dfiles/CPD/documents/Title-V/Title-V-Listing-2023-07-28.pdf,pdf,https://www.hud.gov/stat/cpd/titlev-weekly
https://www.hud.gov/sites/dfiles/CPD/documents/Title-V/Title-V-Listing-2023-08-04.pdf,pdf,https://www.hud.gov/stat/cpd/titlev-weekly
https://www.hud.gov/sites/dfiles/CPD/documents/Title-V/Title-V-Listing-2023-08-11.pdf,pdf,https://www.hud.gov/stat/cpd/titlev-weekly
https://www.hud.gov/sites/dfiles/CPD/documents/Title-V/Title-V-Listing-2023-08-18.pdf,pdf,https://www.hud.gov/stat/cpd/titlev-weekly
https://www.hud.gov/sites/dfiles/CPD/documents/Title-V/Title-V-Listing-2023-08-25.pdf,pdf,https://www.hud.gov/stat/cpd/titlev-weekly
https://www.hud.gov/sites/dfiles/CPD/documents/Title-V/Title-V-Listing-2023-09-01.pdf,pdf,https://www.hud.gov/stat/cpd/titlev-weekly
https://www.hud.gov/sites/dfiles/CPD/documents/Title-V/Title-V-Listing-2023-09-08.pdf,pdf,https://www.hud.gov/stat/cpd/titlev-weekly
https://www.hud.gov/sites/dfiles/CPD/documents/Title-V/Title-V-Listing-2023-09-14.pdf,pdf,https://www.hud.gov/stat/cpd/titlev-weekly
https://www.hud.gov/sites/dfiles/CPD/documents/Title-V/Title-V-Listing-2023-09-22.pdf,pdf,https://www.hud.gov/stat/cpd/titlev-weekly
https://www.hud.gov/sites/dfiles/CPD/documents/Title-V/Title-V-Listing-2023-09-28.pdf,pdf,https://www.hud.gov/stat/cpd/titlev-weekly
https://www.hud.gov/sites/dfiles/CPD/documents/Title-V/Title-V-Listing-2023-10-06.pdf,pdf,https://www.hud.gov/stat/cpd/titlev-weekly
https://www.hud.gov/sites/dfiles/CPD/documents/Title-V/Title-V-Listing-2023-10-13.pdf,pdf,https://www.hud.gov/stat/cpd/titlev-weekly
https://www.hud.gov/sites/dfiles/CPD/documents/Title-V/Title-V-Listing-2023-10-20.pdf,pdf,https://www.hud.gov/stat/cpd/titlev-weekly
https://www.hud.gov/sites/dfiles/CPD/documents/Title-V/Title-V-Listing-2023-10-27.pdf,pdf,https://www.hud.gov/stat/cpd/titlev-weekly
https://www.hud.gov/sites/dfiles/CPD/documents/Title-V/Title-V-Listing-2023-11-03.pdf,pdf,https://www.hud.gov/stat/cpd/titlev-weekly
https://www.hud.gov/sites/dfiles/CPD/documents/Title-V/Title-V-Listing-2023-11-10.pdf,pdf,https://www.hud.gov/stat/cpd/titlev-weekly
https://www.hud.gov/sites/dfiles/CPD/documents/Title-V-Listing-2023-11-17.pdf,pdf,https://www.hud.gov/stat/cpd/titlev-weekly
https://www.hud.gov/sites/dfiles/CPD/documents/Title-V/Title-V-Listing-2023-11-24.pdf,pdf,https://www.hud.gov/stat/cpd/titlev-weekly
https://www.hud.gov/sites/dfiles/CPD/documents/Title-V/Title-V-Listing-2023-12-01.pdf,pdf,https://www.hud.gov/stat/cpd/titlev-weekly
https://www.hud.gov/sites/dfiles/CPD/documents/Title-V/Title-V-Listing-2023-12-08.pdf,pdf,https://www.hud.gov/stat/cpd/titlev-weekly
https://www.hud.gov/sites/dfiles/CPD/documents/Title-V/Title-V-Listing-2023-12-15.pdf,pdf,https://www.hud.gov/stat/cpd/titlev-weekly
https://www.hud.gov/sites/dfiles/CPD/documents/Title-V/Title-V-Listing-2023-12-22.pdf,pdf,https://www.hud.gov/stat/cpd/titlev-weekly
https://www.hud.gov/sites/dfiles/CPD/documents/Title-V/Title-V-Listing-2023-12-29.pdf,pdf,https://www.hud.gov/stat/cpd/titlev-weekly
https://www.hud.gov/sites/dfiles/CPD/documents/Title-V/Title-V-Listing-2024-01-05.pdf,pdf,https://www.hud.gov/stat/cpd/titlev-weekly
https://www.hud.gov/sites/dfiles/CPD/documents/Title-V/Title-V-Listing-2024-01-12.pdf,pdf,https://www.hud.gov/stat/cpd/titlev-weekly
https://www.hud.gov/sites/dfiles/CPD/documents/Title-V/Title-V-Listing-2024-01-19.pdf,pdf,https://www.hud.gov/stat/cpd/titlev-weekly
https://www.hud.gov/sites/dfiles/CPD/documents/Title-V/Title-V-Listing-2024-01-26.pdf,pdf,https://www.hud.gov/stat/cpd/titlev-weekly
https://www.hud.gov/sites/dfiles/CPD/documents/Title-V/Title-V-Listing-2024-02-02.pdf,pdf,https://www.hud.gov/stat/cpd/titlev-weekly
https://www.hud.gov/sites/dfiles/CPD/documents/Title-V/Title-V-Listing-2024-02-09.pdf,pdf,https://www.hud.gov/stat/cpd/titlev-weekly
https://www.hud.gov/sites/dfiles/CPD/documents/Title-V/Title-V-Listing-2024-02-16.pdf,pdf,https://www.hud.gov/stat/cpd/titlev-weekly
https://www.hud.gov/sites/dfiles/CPD/documents/Title-V/Title-V-Listing-2024-02-23.pdf,pdf,https://www.hud.gov/stat/cpd/titlev-weekly
https://www.hud.gov/sites/dfiles/CPD/documents/Title-V/Title-V-Listing-2024-03-01.pdf,pdf,https://www.hud.gov/stat/cpd/titlev-weekly
https://www.hud.gov/sites/dfiles/CPD/documents/Title-V/Title-V-Listing-2024-03-08.pdf,pdf,https://www.hud.gov/stat/cpd/titlev-weekly
https://www.hud.gov/sites/dfiles/CPD/documents/Title-V/Title-V-Listing-2024-03-15.pdf,pdf,https://www.hud.gov/stat/cpd/titlev-weekly
https://www.hud.gov/sites/dfiles/CPD/documents/Title-V/Title-V-Listing-2024-03-22.pdf,pdf,https://www.hud.gov/stat/cpd/titlev-weekly
https://www.hud.gov/sites/dfiles/CPD/documents/Title-V/Title-V-Listing-2024-03-29.pdf,pdf,https://www.hud.gov/stat/cpd/titlev-weekly
https://www.hud.gov/sites/dfiles/CPD/documents/Title-V/Title-V-Listing-2024-04-05.pdf,pdf,https://www.hud.gov/stat/cpd/titlev-weekly
https://www.hud.gov/sites/dfiles/CPD/documents/Title-V/Title-V-Listing-2024-04-12.pdf,pdf,https://www.hud.gov/stat/cpd/titlev-weekly
https://www.hud.gov/sites/dfiles/CPD/documents/Title-V/Title-V-Listing-2024-04-19.pdf,pdf,https://www.hud.gov/stat/cpd/titlev-weekly
https://www.hud.gov/sites/dfiles/CPD/documents/Title-V/Title-V-Listing-2024-04-26.pdf,pdf,https://www.hud.gov/stat/cpd/titlev-weekly
https://www.hud.gov/sites/dfiles/CPD/documents/Title-V/Title-V-Listing-2024-05-03.pdf,pdf,https://www.hud.gov/stat/cpd/titlev-weekly
https://www.hud.gov/sites/dfiles/CPD/documents/Title-V/Title-V-Listing-2024-05-10.pdf,pdf,https://www.hud.gov/stat/cpd/titlev-weekly
https://www.hud.gov/sites/dfiles/CPD/documents/Title-V/Title-V-Listing-2024-05-17.pdf,pdf,https://www.hud.gov/stat/cpd/titlev-weekly
https://www.hud.gov/sites/dfiles/CPD/documents/Title-V/Title-V-Listing-2024-05-24.pdf,pdf,https://www.hud.gov/stat/cpd/titlev-weekly
https://www.hud.gov/sites/dfiles/CPD/documents/Title-V/Title-V-Listing-2024-05-31.pdf,pdf,https://www.hud.gov/stat/cpd/titlev-weekly
https://www.hud.gov/sites/dfiles/CPD/documents/Title-V/Title-V-Listing-2024-06-07.pdf,pdf,https://www.hud.gov/stat/cpd/titlev-weekly
https://www.hud.gov/sites/dfiles/CPD/documents/Title-V/Title-V-Listing-2024-06-14.pdf,pdf,https://www.hud.gov/stat/cpd/titlev-weekly
https://www.hud.gov/sites/dfiles/CPD/documents/Title-V/Title-V-Listing-2024-06-21.pdf,pdf,https://www.hud.gov/stat/cpd/titlev-weekly
https://www.hud.gov/sites/dfiles/CPD/documents/Title-V/Title-V-Listing-2024-06-28.pdf,pdf,https://www.hud.gov/stat/cpd/titlev-weekly
https://www.hud.gov/sites/dfiles/CPD/documents/Title-V/Title-V-Listing-2024-07-05.pdf,pdf,https://www.hud.gov/stat/cpd/titlev-weekly
https://www.hud.gov/sites/dfiles/CPD/documents/Title-V/Title-V-Listing-2024-07-12.pdf,pdf,https://www.hud.gov/stat/cpd/titlev-weekly
https://www.hud.gov/sites/dfiles/CPD/documents/Title-V/Title-V-Listing-2024-07-19.pdf,pdf,https://www.hud.gov/stat/cpd/titlev-weekly
https://www.hud.gov/sites/dfiles/CPD/documents/Title-V/Title-V-Listing-2024-07-26.pdf,pdf,https://www.hud.gov/stat/cpd/titlev-weekly
https://www.hud.gov/sites/dfiles/CPD/documents/Title-V/Title-V-Listing-2024-08-02.pdf,pdf,https://www.hud.gov/stat/cpd/titlev-weekly
https://www.hud.gov/sites/dfiles/CPD/documents/Title-V/Title-V-Listing-2024-08-09.pdf,pdf,https://www.hud.gov/stat/cpd/titlev-weekly
https://www.hud.gov/sites/dfiles/CPD/documents/Title-V/Title-V-Listing-2024-08-16.pdf,pdf,https://www.hud.gov/stat/cpd/titlev-weekly
https://www.hud.gov/sites/dfiles/CPD/documents/Title-V/Title-V-Listing-2024-08-23.pdf,pdf,https://www.hud.gov/stat/cpd/titlev-weekly
https://www.hud.gov/sites/dfiles/CPD/documents/Title-V/Title-V-Listing-2024-08-30.pdf,pdf,https://www.hud.gov/stat/cpd/titlev-weekly
https://www.hud.gov/sites/dfiles/CPD/documents/Title-V/Title-V-Listing-2024-09-06.pdf,pdf,https://www.hud.gov/stat/cpd/titlev-weekly
https://www.hud.gov/sites/dfiles/CPD/documents/Title-V/Title-V-Listing-2024-09-13.pdf,pdf,https://www.hud.gov/stat/cpd/titlev-weekly
https://www.hud.gov/sites/dfiles/CPD/documents/Title-V/Title-V-Listing-2024-09-20.pdf,pdf,https://www.hud.gov/stat/cpd/titlev-weekly
https://www.hud.gov/sites/dfiles/CPD/documents/Title-V/Title-V-Listing-2024-09-27.pdf,pdf,https://www.hud.gov/stat/cpd/titlev-weekly
https://www.hud.gov/sites/dfiles/CPD/documents/Title-V/Title-V-Listing-2024-10-04.pdf,pdf,https://www.hud.gov/stat/cpd/titlev-weekly
https://www.hud.gov/sites/dfiles/CPD/documents/Title-V/Title-V-Listing-2024-10-11.pdf,pdf,https://www.hud.gov/stat/cpd/titlev-weekly
https://www.hud.gov/sites/dfiles/CPD/documents/Title-V/Title-V-Listing-2024-10-18.pdf,pdf,https://www.hud.gov/stat/cpd/titlev-weekly
https://www.hud.gov/sites/dfiles/CPD/documents/Title-V/Title-V-Listing-2024-10-25.pdf,pdf,https://www.hud.gov/stat/cpd/titlev-weekly
https://www.hud.gov/sites/dfiles/CPD/documents/Title-V/Title-V-Listing-2024-11-01.pdf,pdf,https://www.hud.gov/stat/cpd/titlev-weekly
https://www.hud.gov/sites/dfiles/CPD/documents/Title-V/Title-V-Listing-2024-11-08.pdf,pdf,https://www.hud.gov/stat/cpd/titlev-weekly
https://www.hud.gov/sites/dfiles/CPD/documents/Title-V/Title-V-Listing-2024-11-15.pdf,pdf,https://www.hud.gov/stat/cpd/titlev-weekly
https://www.hud.gov/sites/dfiles/CPD/documents/Title-V/Title-V-Listing-2024-11-22.pdf,pdf,https://www.hud.gov/stat/cpd/titlev-weekly
https://www.hud.gov/sites/dfiles/CPD/documents/Title-V/Title-V-Listing-2024-11-29.pdf,pdf,https://www.hud.gov/stat/cpd/titlev-weekly
https://www.hud.gov/sites/dfiles/CPD/documents/Title-V/Title-V-Listing-2024-12-06.pdf,pdf,https://www.hud.gov/stat/cpd/titlev-weekly
https://www.hud.gov/sites/dfiles/CPD/documents/Title-V/Title-V-Listing-2024-12-13.pdf,pdf,https://www.hud.gov/stat/cpd/titlev-weekly
https://www.hud.gov/sites/dfiles/CPD/documents/Title-V/Title-V-Listing-2024-12-20.pdf,pdf,https://www.hud.gov/stat/cpd/titlev-weekly
https://www.hud.gov/sites/dfiles/CPD/documents/Title-V/Title-V-Listing-2024-12-27.pdf,pdf,https://www.hud.gov/stat/cpd/titlev-weekly
https://www.hud.gov/sites/dfiles/CPD/documents/Title-V/Title-V-Listing-2025-01-03.pdf,pdf,https://www.hud.gov/stat/cpd/titlev-weekly
https://www.hud.gov/sites/dfiles/CPD/documents/Title-V/Title-V-Listing-2025-01-10.pdf,pdf,https://www.hud.gov/stat/cpd/titlev-weekly
https://www.hud.gov/sites/dfiles/CPD/documents/Title-V/Title-V-Listing-2025-01-17.pdf,pdf,https://www.hud.gov/stat/cpd/titlev-weekly
https://www.hud.gov/sites/dfiles/CPD/documents/Title-V/Title-V-Listing-2025-02-14.pdf,pdf,https://www.hud.gov/stat/cpd/titlev-weekly
https://www.hud.gov/sites/dfiles/CPD/documents/Title-V/Title-V-Listing-2025-02-21.pdf,pdf,https://www.hud.gov/stat/cpd/titlev-weekly
https://www.hud.gov/sites/dfiles/CPD/documents/Title-V/Title-V-Listing-2025-03-07.pdf,pdf,https://www.hud.gov/stat/cpd/titlev-weekly
https://www.hud.gov/sites/dfiles/CPD/documents/Title-V/Title-V-Listing-2025-03-14.pdf,pdf,https://www.hud.gov/stat/cpd/titlev-weekly
https://www.hud.gov/sites/dfiles/CPD/documents/Title-V/Title-V-Listing-2025-03-21.pdf,pdf,https://www.hud.gov/stat/cpd/titlev-weekly
https://www.hud.gov/sites/dfiles/CPD/documents/Title-V/Title-V-Listing-2025-05-02.pdf,pdf,https://www.hud.gov/stat/cpd/titlev-weekly
https://www.hud.gov/sites/dfiles/CPD/documents/Title-V/Title-V-Listing-2025-05-09.pdf,pdf,https://www.hud.gov/stat/cpd/titlev-weekly
https://www.hud.gov/sites/dfiles/CPD/documents/Title-V/Title-V-Listing-2025-05-16-2nd-list.pdf,pdf,https://www.hud.gov/stat/cpd/titlev-weekly
https://www.hud.gov/sites/dfiles/CPD/documents/Title-V/Title-V-Listing-2025-05-16.pdf,pdf,https://www.hud.gov/stat/cpd/titlev-weekly
https://www.hud.gov/sites/dfiles/CPD/documents/Title-V/Title-V-Listing-2025-05-23.pdf,pdf,https://www.hud.gov/stat/cpd/titlev-weekly
https://www.hud.gov/sites/dfiles/CPD/documents/Title-V/Title-V-Listing-2025-05-30.pdf,pdf,https://www.hud.gov/stat/cpd/titlev-weekly
https://www.hud.gov/sites/dfiles/CPD/documents/Title-V/Title-V-Listing-2025-06-06.pdf,pdf,https://www.hud.gov/stat/cpd/titlev-weekly
https://www.hud.gov/sites/dfiles/CPD/documents/Title-V/Title-V-Listing-2025-06-13.pdf,pdf,https://www.hud.gov/stat/cpd/titlev-weekly
https://www.hud.gov/sites/dfiles/CPD/documents/Title-V/Title-V-Listing-2025-06-20.pdf,pdf,https://www.hud.gov/stat/cpd/titlev-weekly
https://www.hud.gov/sites/dfiles/CPD/documents/Title-V/Title-V-Listing-2025-06-27.pdf,pdf,https://www.hud.gov/stat/cpd/titlev-weekly
https://www.hud.gov/sites/dfiles/CPD/documents/Title-V/Title-V-Listing-2025-07-03.pdf,pdf,https://www.hud.gov/stat/cpd/titlev-weekly
https://www.hud.gov/sites/dfiles/CPD/documents/Title-V/Title-V-Listing-2025-07-11.pdf,pdf,https://www.hud.gov/stat/cpd/titlev-weekly
https://www.hud.gov/sites/dfiles/CPD/documents/Title-V/Title-V-Listing-2025-07-18.pdf,pdf,https://www.hud.gov/stat/cpd/titlev-weekly
https://www.hud.gov/sites/dfiles/CPD/documents/Title-V/Title-V-Listing-2025-07-25.pdf,pdf,https://www.hud.gov/stat/cpd/titlev-weekly
https://www.hud.gov/sites/dfiles/CPD/documents/Title-V/Title-V-Listing-2025-08-01.pdf,pdf,https://www.hud.gov/stat/cpd/titlev-weekly
https://www.hud.gov/sites/dfiles/CPD/documents/Title-V/Title-V-Listing-2025-08-08.pdf,pdf,https://www.hud.gov/stat/cpd/titlev-weekly
https://www.hud.gov/sites/dfiles/CPD/documents/Title-V/Title-V-Listing-2025-08-15.pdf,pdf,https://www.hud.gov/stat/cpd/titlev-weekly
https://www.hud.gov/sites/dfiles/CPD/documents/Title-V/Title-V-Listing-2025-08-22.pdf,pdf,https://www.hud.gov/stat/cpd/titlev-weekly
https://www.hud.gov/sites/dfiles/CPD/documents/Title-V/Title-V-Listing-2025-08-29.pdf,pdf,https://www.hud.gov/stat/cpd/titlev-weekly
https://www.hud.gov/sites/dfiles/CPD/documents/Title-V/Title-V-Listing-2025-09-05.pdf,pdf,https://www.hud.gov/stat/cpd/titlev-weekly
https://www.hud.gov/sites/dfiles/CPD/documents/Title-V/Title-V-Listing-2025-09-12.pdf,pdf,https://www.hud.gov/stat/cpd/titlev-weekly
https://www.hud.gov/sites/dfiles/CPD/documents/Title-V/Title-V-Listing-2025-09-19.pdf,pdf,https://www.hud.gov/stat/cpd/titlev-weekly
https://www.hud.gov/sites/dfiles/CPD/documents/Title-V/Title-V-Listing-2025-09-26.pdf,pdf,https://www.hud.gov/stat/cpd/titlev-weekly
https://www.hud.gov/sites/dfiles/CPD/documents/Title-V/Title-V-Listing-2025-10-03.pdf,pdf,https://www.hud.gov/stat/cpd/titlev-weekly
https://www.hud.gov/sites/dfiles/CPD/documents/Title-V/Title-V-Listing-2025-11-21.pdf,pdf,https://www.hud.gov/stat/cpd/titlev-weekly
https://www.hud.gov/sites/dfiles/CPD/documents/Title-V/Title-V-Listing-2025-11-28.pdf,pdf,https://www.hud.gov/stat/cpd/titlev-weekly
https://www.hud.gov/sites/dfiles/CPD/documents/Title-V/Title-V-Listing-2025-12-05.pdf,pdf,https://www.hud.gov/stat/cpd/titlev-weekly
https://www.hud.gov/sites/dfiles/CPD/documents/Title-V/Title-V-Listing-2025-12-12.pdf,pdf,https://www.hud.gov/stat/cpd/titlev-weekly
https://www.hud.gov/sites/dfiles/CPD/documents/Title-V/Title-V-Listing-2025-12-19.pdf,pdf,https://www.hud.gov/stat/cpd/titlev-weekly
https://www.hud.gov/sites/dfiles/CPD/documents/Title-V-Listing-2026-01-02.pdf,pdf,https://www.hud.gov/stat/cpd/titlev-weekly
https://www.hud.gov/sites/dfiles/CPD/documents/Title-V-Listing-2026-01-09.pdf,pdf,https://www.hud.gov/stat/cpd/titlev-weekly
https://www.hud.gov/sites/dfiles/CPD/documents/Title-V-Listing-2026-01-16.pdf,pdf,https://www.hud.gov/stat/cpd/titlev-weekly
https://www.hud.gov/sites/dfiles/CPD/documents/Title-V-Listing-2026-01-23.pdf,pdf,https://www.hud.gov/stat/cpd/titlev-weekly
https://www.hud.gov/sites/default/files/CPD/documents/Title-V/Title-V-Listing-2026-01-30.pdf,pdf,https://www.hud.gov/stat/cpd/titlev-weekly
https://www.hud.gov/sites/default/files/CPD/documents/Title-V/Title-V-Listing-2026-02-06.pdf,pdf,https://www.hud.gov/stat/cpd/titlev-weekly
https://www.hud.gov/sites/default/files/CPD/documents/Title-V/Title-V-Listing-2026-02-13.pdf,pdf,https://www.hud.gov/stat/cpd/titlev-weekly
https://www.hud.gov/sites/default/files/CPD/documents/Title-V/Title-V-Listing-2026-02-20.pdf,pdf,https://www.hud.gov/stat/cpd/titlev-weekly
https://www.hud.gov/sites/default/files/CPD/documents/Title-V/Title-V-Listing-2026-02-27.pdf,pdf,https://www.hud.gov/stat/cpd/titlev-weekly
https://www.hud.gov/sites/default/files/CPD/documents/Title-V/Title-V-Listing-2026-03-06.pdf,pdf,https://www.hud.gov/stat/cpd/titlev-weekly
https://www.hud.gov/sites/default/files/CPD/documents/Title-V/Title-V-Listing-2026-03-20.pdf,pdf,https://www.hud.gov/stat/cpd/titlev-weekly
https://www.hud.gov/sites/default/files/CPD/documents/Title-V/Title-V-Listing-2026-03-27.pdf,pdf,https://www.hud.gov/stat/cpd/titlev-weekly
https://www.hud.gov/sites/default/files/CPD/documents/Title-V/Title-V-Listing-2026-04-03.pdf,pdf,https://www.hud.gov/stat/cpd/titlev-weekly
https://www.hud.gov/sites/default/files/CPD/documents/Title-V/Title-V-Listing-2026-04-10.pdf,pdf,https://www.hud.gov/stat/cpd/titlev-weekly
https://www.hud.gov/sites/default/files/CPD/documents/Title-V/Title-V-Listing-2026-04-17.pdf,pdf,https://www.hud.gov/stat/cpd/titlev-weekly
https://www.hud.gov/sites/default/files/CPD/documents/Title-V/Title-V-Listing-2026-04-24.pdf,pdf,https://www.hud.gov/stat/cpd/titlev-weekly
https://www.hud.gov/sites/default/files/CPD/documents/Title-V/Title-V-Listing-2026-05-01.pdf,pdf,https://www.hud.gov/stat/cpd/titlev-weekly
https://www.hud.gov/sites/default/files/CPD/documents/Title-V/Title-V-Listing-2026-05-08.pdf,pdf,https://www.hud.gov/stat/cpd/titlev-weekly
https://www.hud.gov/sites/default/files/CPD/documents/Title-V/Title-V-Listing-2026-05-15.pdf,pdf,https://www.hud.gov/stat/cpd/titlev-weekly
https://www.hud.gov/sites/default/files/CPD/documents/Title-V/Title-V-Listing-2026-05-22.pdf,pdf,https://www.hud.gov/stat/cpd/titlev-weekly
https://www.hud.gov/sites/default/files/CPD/documents/Title-V/Title-V-Listing-2026-05-29.pdf,pdf,https://www.hud.gov/stat/cpd/titlev-weekly
https://www.hud.gov/sites/default/files/CPD/documents/Title-V/Title-V-Listing-2026-06-05.pdf,pdf,https://www.hud.gov/stat/cpd/titlev-weekly
https://www.hud.gov/sites/default/files/CPD/documents/Title-V/Title-V-Listing-2026-06-12.pdf,pdf,https://www.hud.gov/stat/cpd/titlev-weekly
https://www.hud.gov/sites/default/files/CPD/documents/Title-V-Listing-2026-06-19.pdf,pdf,https://www.hud.gov/stat/cpd/titlev-weekly
https://www.hud.gov/sites/default/files/CPD/documents/Title-V/Title-V-Listing-2026-06-26.pdf,pdf,https://www.hud.gov/stat/cpd/titlev-weekly
https://www.hud.gov/sites/default/files/CPD/documents/Title-V/Title-V-Listing-2026-07-03.pdf,pdf,https://www.hud.gov/stat/cpd/titlev-weekly
https://www.hud.gov/sites/default/files/CPD/documents/Title-V/Title-V-Listing-2026-13-06.pdf,pdf,https://www.hud.gov/stat/cpd/titlev-weekly
https://www.hud.gov/sites/dfiles/CPD/documents/Title-V/TitleVNoPropertyNoticeFridayApril11-2025.pdf,pdf,https://www.hud.gov/stat/cpd/titlev-weekly
https://www.hud.gov/sites/dfiles/CPD/documents/Title-V/TitleVNoPropertyNoticeFridayApril25-2025.pdf,pdf,https://www.hud.gov/stat/cpd/titlev-weekly
https://www.hud.gov/sites/dfiles/CPD/documents/Universal-Notice-04032025.pdf,pdf,https://www.hud.gov/stat/cpd/universal-notice-grantees
https://www.hud.gov/sites/documents/annualreport2010.pdf,pdf,https://www.hud.gov/stat
https://www.hud.gov/sites/documents/app_sys.pdf,pdf,https://www.hud.gov/stat/cio/ppmv20
https://www.hud.gov/sites/documents/artifact_sigmat.pdf,pdf,https://www.hud.gov/stat/cio/ppmv20
https://www.cisa.gov/sites/default/files/bod-20-01.pdf,pdf,https://www.hud.gov/vulnerability-disclosure-policy
https://www.hud.gov/sites/documents/cfr200.pdf,pdf,https://www.hud.gov/stat/cpd/edi-grants-fy2024
https://www.hud.gov/sites/documents/change_mgtlog.pdf,pdf,https://www.hud.gov/stat/cio/ppmv20
https://www.hud.gov/sites/documents/comm_mgt2.pdf,pdf,https://www.hud.gov/stat/cio/ppmv20
https://www.hud.gov/sites/documents/conops2.pdf,pdf,https://www.hud.gov/stat/cio/ppmv20
https://www.hud.gov/sites/documents/cotsgotsdix.pdf,pdf,https://www.hud.gov/stat/cio/ppmv20
https://www.hud.gov/sites/documents/cotsgotsguidev2.pdf,pdf,https://www.hud.gov/stat/cio/ppmv20
https://www.hud.gov/sites/documents/customguidev2.pdf,pdf,https://www.hud.gov/stat/cio/ppmv20
https://www.hud.gov/sites/documents/dat_conv.pdf,pdf,https://www.hud.gov/stat/cio/ppmv20
https://www.hud.gov/sites/documents/decom_plan2.pdf,pdf,https://www.hud.gov/stat/cio/ppmv20
https://www.hud.gov/sites/documents/decomv3.pdf,pdf,https://www.hud.gov/stat/cio/ppmv20
https://www.justice.gov/criminal/criminal-ccips/page/file/983996/dl?inline=,pdf,https://www.hud.gov/vulnerability-disclosure-policy
https://www.hud.gov/sites/documents/doc_12309.pdf,pdf,https://www.hud.gov/stat
https://www.hud.gov/sites/documents/doc_35339.pdf,pdf,https://www.hud.gov/stat
https://www.hud.gov/sites/dfiles/OCIO/documents/eSig_form102317.pdf,pdf,https://www.hud.gov/stat/cio/ppmv20
https://www.hud.gov/sites/dfiles/OCIO/documents/eSig_quickref102317.pdf,pdf,https://www.hud.gov/stat/cio/ppmv20
https://www.hud.gov/sites/dfiles/OCIO/documents/eSig_usergde102317.pdf,pdf,https://www.hud.gov/stat/cio/ppmv20
https://www.hud.gov/sites/dfiles/OA/documents/encryptionmemo.pdf,pdf,https://www.hud.gov/privacy
https://www.hud.gov/sites/documents/eng_priv_response_11-8.pdf,pdf,https://www.hud.gov/privacy
https://www.hud.gov/sites/dfiles/OCIO/documents/esig_inst102317.pdf,pdf,https://www.hud.gov/stat/cio/ppmv20
https://www.hud.gov/sites/documents/fair_lending_guide.pdf,pdf,https://www.hud.gov/stat/fheo/rights-obligations
https://www.hud.gov/sites/documents/fy13scianalysis.pdf,pdf,https://www.hud.gov/stat/cpo/service-contract-inventory
https://www.hud.gov/sites/documents/fy14-15fheoannrert.pdf,pdf,https://www.hud.gov/stat
https://www.hud.gov/sites/documents/fy14scianalysis.pdf,pdf,https://www.hud.gov/stat/cpo/service-contract-inventory
https://www.hud.gov/sites/documents/fy16_plan-fy15_analysis.pdf,pdf,https://www.hud.gov/stat/cpo/service-contract-inventory
https://www.hud.gov/sites/documents/fy2011_annual_rpt_final.pdf,pdf,https://www.hud.gov/stat
https://www.hud.gov/sites/documents/fy2011_sci.pdf,pdf,https://www.hud.gov/stat/cpo/service-contract-inventory
https://www.hud.gov/sites/documents/fy2012_sci.pdf,pdf,https://www.hud.gov/stat/cpo/service-contract-inventory
https://www.hud.gov/sites/documents/fy2015sci-plan.pdf,pdf,https://www.hud.gov/stat/cpo/service-contract-inventory
https://www.hud.gov/sites/documents/fy2016fheoannualreport.pdf,pdf,https://www.hud.gov/stat
https://www.hud.gov/sites/documents/ias_inact.pdf,pdf,https://www.hud.gov/stat/cio/ppmv20
https://www.hud.gov/sites/documents/imp_plan.pdf,pdf,https://www.hud.gov/stat/cio/ppmv20
https://www.hud.gov/sites/documents/int_con.pdf,pdf,https://www.hud.gov/stat/cio/ppmv20
https://www.hud.gov/sites/documents/ivv_plan.pdf,pdf,https://www.hud.gov/stat/cio/ppmv20
https://www.hud.gov/sites/documents/mods_guide.pdf,pdf,https://www.hud.gov/stat/cio/ppmv20
https://www.irs.gov/pub/irs-drop/n-25-50.pdf,pdf,https://www.hud.gov/opportunity-zones/updates
https://www.hud.gov/sites/documents/omm.pdf,pdf,https://www.hud.gov/stat/cio/ppmv20
https://www.hud.gov/sites/documents/planned-analysis-fy14-sci.pdf,pdf,https://www.hud.gov/stat/cpo/service-contract-inventory
https://www.hud.gov/sites/documents/post_decom.pdf,pdf,https://www.hud.gov/stat/cio/ppmv20
https://www.hud.gov/sites/documents/ppm2controlgate.pdf,pdf,https://www.hud.gov/stat/cio/ppmv20
https://www.hud.gov/sites/documents/ppmv20faqs.pdf,pdf,https://www.hud.gov/stat/cio/ppmv20
https://www.hud.gov/sites/documents/ppmv20roles.pdf,pdf,https://www.hud.gov/stat/cio/ppmv20
https://www.hud.gov/sites/dfiles/OCHCO/documents/privacy-directive-01-00.pdf,pdf,https://www.hud.gov/stat/oa/privacy-act
https://www.hud.gov/sites/dfiles/OCHCO/documents/privacy-directive-02-00.pdf,pdf,https://www.hud.gov/stat/oa/privacy-act
https://www.hud.gov/sites/dfiles/OCHCO/documents/privacy-memo-01-00.pdf,pdf,https://www.hud.gov/stat/oa/privacy-act
https://www.hud.gov/sites/dfiles/OCHCO/documents/privacy-memo-02-00.pdf,pdf,https://www.hud.gov/stat/oa/privacy-act
https://www.hud.gov/sites/dfiles/OCHCO/documents/privacy-memo-03-00.pdf,pdf,https://www.hud.gov/stat/oa/privacy-act
https://www.hud.gov/sites/dfiles/OCHCO/documents/privacy-memo-04-00.pdf,pdf,https://www.hud.gov/stat/oa/privacy-act
https://www.hud.gov/sites/dfiles/OCHCO/documents/privacy-memo-05-00.pdf,pdf,https://www.hud.gov/stat/oa/privacy-act
https://www.hud.gov/sites/documents/privacyincidentrprt011117.pdf,pdf,https://www.hud.gov/privacy
https://www.hud.gov/sites/documents/proc_mgt.pdf,pdf,https://www.hud.gov/stat/cio/ppmv20
https://www.hud.gov/sites/documents/proj_chrt.pdf,pdf,https://www.hud.gov/stat/cio/ppmv20
https://www.hud.gov/sites/documents/proj_compl.pdf,pdf,https://www.hud.gov/stat/cio/ppmv20
https://www.hud.gov/sites/dfiles/OCIO/documents/proj_init_v4.pdf,pdf,https://www.hud.gov/stat/cio/ppmv20
https://www.hud.gov/sites/documents/proj_mgt2.pdf,pdf,https://www.hud.gov/stat/cio/ppmv20
https://www.hud.gov/sites/documents/qual_plan2.pdf,pdf,https://www.hud.gov/stat/cio/ppmv20
https://www.hud.gov/sites/documents/req_def2.pdf,pdf,https://www.hud.gov/stat/cio/ppmv20
https://www.hud.gov/sites/documents/req_mgt2.pdf,pdf,https://www.hud.gov/stat/cio/ppmv20
https://www.hud.gov/sites/documents/risk_mgt2.pdf,pdf,https://www.hud.gov/stat/cio/ppmv20
https://www.hud.gov/sites/documents/saas_guide.pdf,pdf,https://www.hud.gov/stat/cio/ppmv20
https://www.hud.gov/sites/documents/savaos_04_06_16.pdf,pdf,https://www.hud.gov/stat/cio/ppmv20
https://www.hud.gov/sites/documents/sol_arc.pdf,pdf,https://www.hud.gov/stat/cio/ppmv20
https://www.hud.gov/sites/documents/tech_des.pdf,pdf,https://www.hud.gov/stat/cio/ppmv20
https://www.hud.gov/sites/documents/test_plan.pdf,pdf,https://www.hud.gov/stat/cio/ppmv20
https://www.hud.gov/sites/documents/test_rept.pdf,pdf,https://www.hud.gov/stat/cio/ppmv20
https://www.hud.gov/sites/documents/ti-481.pdf,pdf,https://www.hud.gov/hudclips/letters
https://www.hud.gov/sites/documents/train_plan.pdf,pdf,https://www.hud.gov/stat/cio/ppmv20
https://www.hud.gov/sites/documents/trc_cont.pdf,pdf,https://www.hud.gov/stat/cio/ppmv20
https://www.hud.gov/sites/documents/user_man.pdf,pdf,https://www.hud.gov/stat/cio/ppmv20
https://www.hud.gov/sites/documents/wbs_custom_dictionary.pdf,pdf,https://www.hud.gov/stat/cio/ppmv20
https://www.hud.gov/sites/documents/wbs_decom_dictionary.pdf,pdf,https://www.hud.gov/stat/cio/ppmv20
https://www.hud.gov/sites/documents/wbs_modsenhance_dictionary.pdf,pdf,https://www.hud.gov/stat/cio/ppmv20
https://www.hud.gov/sites/documents/wbs_saas_dictionary.pdf,pdf,https://www.hud.gov/stat/cio/ppmv20
https://www.hud.gov/sites/dfiles/OCHCO/documents/wh-m-23-03-fy23-fisma-memo.pdf,pdf,https://www.hud.gov/stat/oa/privacy-act
