url,filename,site,external_domain,file_size_bytes,file_size_human,status,crawled_at,published_date,doc_title,author,subject,keywords,description,accessible,totally_inaccessible,broken,tagged,empty_text,protected,title,language,bookmarks,tagged_content,forms,tagged_form_fields,tagged_annotations,figures_alt_text,headings,lists,tables,exempt,pages,words,images,errors
https://nsf-gov-resources.nsf.gov/2023-11/15_fy2023_0.pdf?VersionId=LV1fEl0ZGY1fu6I4LU2fFmTv1WMLTVex,15_fy2023_0.pdf?VersionId=LV1fEl0ZGY1fu6I4LU2fFmTv1WMLTVex,nsf.gov,,,—,error,2026-03-10T01:18:24.367353+00:00,,,,,,,,,,,,,,,,,,,,,,,,,,,,"File not found: crawled_files/nsf.gov/15_fy2023_0.pdf?VersionId=LV1fEl0ZGY1fu6I4LU2fFmTv1WMLTVex (crawled 1 day(s) ago at 2026-03-10T01:18:24.367353+00:00). Possible causes: failed download, incomplete artifact transfer, or stale manifest entry from a previous run."
https://nsf-gov-resources.nsf.gov/2023-11/16_fy2024.pdf?VersionId=JHTH1BfbREdO1yEeU._5ZFUlbTfGcHEM,16_fy2024.pdf?VersionId=JHTH1BfbREdO1yEeU._5ZFUlbTfGcHEM,nsf.gov,,,—,error,2026-03-10T01:18:24.367964+00:00,,,,,,,,,,,,,,,,,,,,,,,,,,,,"File not found: crawled_files/nsf.gov/16_fy2024.pdf?VersionId=JHTH1BfbREdO1yEeU._5ZFUlbTfGcHEM (crawled 1 day(s) ago at 2026-03-10T01:18:24.367964+00:00). Possible causes: failed download, incomplete artifact transfer, or stale manifest entry from a previous run."
https://nsf-gov-resources.nsf.gov/files/16_fy2025.pdf?VersionId=m.PtB8LZaZ3Sk3XgZVo_177Un3eBgvIN,16_fy2025.pdf?VersionId=m.PtB8LZaZ3Sk3XgZVo_177Un3eBgvIN,nsf.gov,,,—,error,2026-03-10T01:18:24.368592+00:00,,,,,,,,,,,,,,,,,,,,,,,,,,,,"File not found: crawled_files/nsf.gov/16_fy2025.pdf?VersionId=m.PtB8LZaZ3Sk3XgZVo_177Un3eBgvIN (crawled 1 day(s) ago at 2026-03-10T01:18:24.368592+00:00). Possible causes: failed download, incomplete artifact transfer, or stale manifest entry from a previous run."
https://nsf-gov-resources.nsf.gov/2023-11/19_fy2022.pdf?VersionId=Pvr2IemSyQKv3ytydFeKBG_ugunZWHkM,19_fy2022.pdf?VersionId=Pvr2IemSyQKv3ytydFeKBG_ugunZWHkM,nsf.gov,,,—,error,2026-03-10T01:18:24.369355+00:00,,,,,,,,,,,,,,,,,,,,,,,,,,,,"File not found: crawled_files/nsf.gov/19_fy2022.pdf?VersionId=Pvr2IemSyQKv3ytydFeKBG_ugunZWHkM (crawled 1 day(s) ago at 2026-03-10T01:18:24.369355+00:00). Possible causes: failed download, incomplete artifact transfer, or stale manifest entry from a previous run."
https://nsf-gov-resources.nsf.gov/2022-03/2015-2016-ceose-biennial-report-508_0.pdf,2015-2016-ceose-biennial-report-508_0.pdf,nsf.gov,,,—,error,2026-03-10T01:18:24.379467+00:00,,,,,,,,,,,,,,,,,,,,,,,,,,,,Stale manifest entry: file not found after 2+ days (crawled_at: 2026-03-10T01:18:24.379467+00:00). The file was probably downloaded in a previous run whose crawled_files directory is no longer available.
https://nsf-gov-resources.nsf.gov/2023-10/2021-Merit-Review-Survey-Report-Final_508.pdf?VersionId=pJIAJXpdy5tnFX1ONfQHhcKobGM3UYQn,2021-Merit-Review-Survey-Report-Final_508.pdf?VersionId=pJIAJXpdy5tnFX1ONfQHhcKobGM3UYQn,nsf.gov,,,—,error,2026-03-10T01:18:24.386907+00:00,,,,,,,,,,,,,,,,,,,,,,,,,,,,"File not found: crawled_files/nsf.gov/2021-Merit-Review-Survey-Report-Final_508.pdf?VersionId=pJIAJXpdy5tnFX1ONfQHhcKobGM3UYQn (crawled 1 day(s) ago at 2026-03-10T01:18:24.386907+00:00). Possible causes: failed download, incomplete artifact transfer, or stale manifest entry from a previous run."
https://nsf-gov-resources.nsf.gov/files/2026-ECORE-ERISE-RII-guidelines.pdf?VersionId=PuwTR8P0wsS5QppKn8SN8a_GiGRjUDyd,2026-ECORE-ERISE-RII-guidelines.pdf?VersionId=PuwTR8P0wsS5QppKn8SN8a_GiGRjUDyd,nsf.gov,,,—,error,2026-03-10T01:18:24.387711+00:00,,,,,,,,,,,,,,,,,,,,,,,,,,,,"File not found: crawled_files/nsf.gov/2026-ECORE-ERISE-RII-guidelines.pdf?VersionId=PuwTR8P0wsS5QppKn8SN8a_GiGRjUDyd (crawled 1 day(s) ago at 2026-03-10T01:18:24.387711+00:00). Possible causes: failed download, incomplete artifact transfer, or stale manifest entry from a previous run."
https://nsf-gov-resources.nsf.gov/files/2026-RII-ERF-guidelines.pdf?VersionId=4BB19YIh50FED.bmopeuUIfmFzoq_NBr,2026-RII-ERF-guidelines.pdf?VersionId=4BB19YIh50FED.bmopeuUIfmFzoq_NBr,nsf.gov,,,—,error,2026-03-10T01:18:24.388533+00:00,,,,,,,,,,,,,,,,,,,,,,,,,,,,"File not found: crawled_files/nsf.gov/2026-RII-ERF-guidelines.pdf?VersionId=4BB19YIh50FED.bmopeuUIfmFzoq_NBr (crawled 1 day(s) ago at 2026-03-10T01:18:24.388533+00:00). Possible causes: failed download, incomplete artifact transfer, or stale manifest entry from a previous run."
https://nsf-gov-resources.nsf.gov/files/2026-RII-FEC-annual-guidelines.pdf?VersionId=a5Ul2aO3UTqAX.AUgBfvpKhs6LW013xH,2026-RII-FEC-annual-guidelines.pdf?VersionId=a5Ul2aO3UTqAX.AUgBfvpKhs6LW013xH,nsf.gov,,,—,error,2026-03-10T01:18:24.389172+00:00,,,,,,,,,,,,,,,,,,,,,,,,,,,,"File not found: crawled_files/nsf.gov/2026-RII-FEC-annual-guidelines.pdf?VersionId=a5Ul2aO3UTqAX.AUgBfvpKhs6LW013xH (crawled 1 day(s) ago at 2026-03-10T01:18:24.389172+00:00). Possible causes: failed download, incomplete artifact transfer, or stale manifest entry from a previous run."
https://nsf-gov-resources.nsf.gov/files/2026-RII-Track-1-Guidelines.pdf?VersionId=OdAz79H.1U4WjgHj6daTZl.nnyWkkbpJ,2026-RII-Track-1-Guidelines.pdf?VersionId=OdAz79H.1U4WjgHj6daTZl.nnyWkkbpJ,nsf.gov,,,—,error,2026-03-10T01:18:24.390029+00:00,,,,,,,,,,,,,,,,,,,,,,,,,,,,"File not found: crawled_files/nsf.gov/2026-RII-Track-1-Guidelines.pdf?VersionId=OdAz79H.1U4WjgHj6daTZl.nnyWkkbpJ (crawled 1 day(s) ago at 2026-03-10T01:18:24.390029+00:00). Possible causes: failed download, incomplete artifact transfer, or stale manifest entry from a previous run."
https://nsf-gov-resources.nsf.gov/files/51-fy2026.pdf,51-fy2026.pdf,nsf.gov,,,—,analysed,2026-03-10T01:18:24.390575+00:00,2025-07-24 18:07:51+00:00,,,,,,True,False,False,Pass,Pass,Pass,Pass,Pass,Pass,,,,,,,,,False,8,,,
https://nsf-gov-resources.nsf.gov/about/budget/fy2022/pdf/58b_fy2022.pdf,58b_fy2022.pdf,nsf.gov,,,—,error,2026-03-10T01:18:24.391250+00:00,,,,,,,,,,,,,,,,,,,,,,,,,,,,"File not found: crawled_files/nsf.gov/58b_fy2022.pdf (crawled 1 day(s) ago at 2026-03-10T01:18:24.391250+00:00). Possible causes: failed download, incomplete artifact transfer, or stale manifest entry from a previous run."
https://nsf-gov-resources.nsf.gov/files/AF-CIF-FET-SHF%20office%20hours.pdf?VersionId=74wP8sPzcJuNsmHS1If2YRN9oaeMqKXU,AF-CIF-FET-SHF%20office%20hours.pdf?VersionId=74wP8sPzcJuNsmHS1If2YRN9oaeMqKXU,nsf.gov,,,—,error,2026-03-10T01:18:24.393363+00:00,,,,,,,,,,,,,,,,,,,,,,,,,,,,"File not found: crawled_files/nsf.gov/AF-CIF-FET-SHF%20office%20hours.pdf?VersionId=74wP8sPzcJuNsmHS1If2YRN9oaeMqKXU (crawled 1 day(s) ago at 2026-03-10T01:18:24.393363+00:00). Possible causes: failed download, incomplete artifact transfer, or stale manifest entry from a previous run."
https://nsf-gov-resources.nsf.gov/2022-12/BABA%20FAQs%2011302022.pdf?VersionId=K6RKan.Ojaf9AKwgfq4H2dE6.A6k1eUF,BABA%20FAQs%2011302022.pdf?VersionId=K6RKan.Ojaf9AKwgfq4H2dE6.A6k1eUF,nsf.gov,,,—,error,2026-03-10T01:18:24.394296+00:00,,,,,,,,,,,,,,,,,,,,,,,,,,,,"File not found: crawled_files/nsf.gov/BABA%20FAQs%2011302022.pdf?VersionId=K6RKan.Ojaf9AKwgfq4H2dE6.A6k1eUF (crawled 1 day(s) ago at 2026-03-10T01:18:24.394296+00:00). Possible causes: failed download, incomplete artifact transfer, or stale manifest entry from a previous run."
https://nsf-gov-resources.nsf.gov/2023-05/BABA%20Waiver%2020230001%20ARF%20Public%20Interest%20Waiver%20for%20Posting.pdf?VersionId=Kbm2FC_auGyivk0eNYLUuLtZydMsoPEO,BABA%20Waiver%2020230001%20ARF%20Public%20Interest%20Waiver%20for%20Posting.pdf?VersionId=Kbm2FC_auGyivk0eNYLUuLtZydMsoPEO,nsf.gov,,,—,error,2026-03-10T01:18:24.394873+00:00,,,,,,,,,,,,,,,,,,,,,,,,,,,,"File not found: crawled_files/nsf.gov/BABA%20Waiver%2020230001%20ARF%20Public%20Interest%20Waiver%20for%20Posting.pdf?VersionId=Kbm2FC_auGyivk0eNYLUuLtZydMsoPEO (crawled 1 day(s) ago at 2026-03-10T01:18:24.394873+00:00). Possible causes: failed download, incomplete artifact transfer, or stale manifest entry from a previous run."
https://nsf-gov-resources.nsf.gov/2022-10/BABA%20Waiver%20Request%2020220001%20Cornell%20University%2C%2009302022_1.pdf?VersionId=AMTXNnPtxstSFYbzIVC7Io9eNV2q7tOW,BABA%20Waiver%20Request%2020220001%20Cornell%20University%2C%2009302022_1.pdf?VersionId=AMTXNnPtxstSFYbzIVC7Io9eNV2q7tOW,nsf.gov,,,—,error,2026-03-10T01:18:24.396654+00:00,,,,,,,,,,,,,,,,,,,,,,,,,,,,"File not found: crawled_files/nsf.gov/BABA%20Waiver%20Request%2020220001%20Cornell%20University%2C%2009302022_1.pdf?VersionId=AMTXNnPtxstSFYbzIVC7Io9eNV2q7tOW (crawled 1 day(s) ago at 2026-03-10T01:18:24.396654+00:00). Possible causes: failed download, incomplete artifact transfer, or stale manifest entry from a previous run."
https://nsf-gov-resources.nsf.gov/2023-01/BABA%20Waiver%20Request%2020220002%20NRAO%20VLA%20with%20Public%20Comments%2001172023.pdf?VersionId=PL_aAWKNBfdyQ9LdB5kZGT6fvdRt61re,BABA%20Waiver%20Request%2020220002%20NRAO%20VLA%20with%20Public%20Comments%2001172023.pdf?VersionId=PL_aAWKNBfdyQ9LdB5kZGT6fvdRt61re,nsf.gov,,,—,error,2026-03-10T01:18:24.398425+00:00,,,,,,,,,,,,,,,,,,,,,,,,,,,,"File not found: crawled_files/nsf.gov/BABA%20Waiver%20Request%2020220002%20NRAO%20VLA%20with%20Public%20Comments%2001172023.pdf?VersionId=PL_aAWKNBfdyQ9LdB5kZGT6fvdRt61re (crawled 1 day(s) ago at 2026-03-10T01:18:24.398425+00:00). Possible causes: failed download, incomplete artifact transfer, or stale manifest entry from a previous run."
https://nsf-gov-resources.nsf.gov/2022-06/BABA_Implementation_2022_508_1.pdf,BABA_Implementation_2022_508_1.pdf,nsf.gov,,856549,836.5 KB,analysed,2026-03-10T01:18:24.400048+00:00,2022-05-11 14:59:37+00:00,,,,,,True,False,False,Pass,Pass,Pass,Pass,Pass,Pass,,,,,,,,,False,4,,,
https://nsf-gov-resources.nsf.gov/2022-05/BABA_PublicCommentSubmission_508.pdf,BABA_PublicCommentSubmission_508.pdf,nsf.gov,,615416,601.0 KB,analysed,2026-03-10T01:18:24.401274+00:00,2022-05-10 21:53:14+00:00,,,,,,True,False,False,Pass,Pass,Pass,Pass,Pass,Pass,,,,,,,,,False,1,,,
https://nsf-gov-resources.nsf.gov/2022-05/BABA_WaiverRequestSubmission_2022_508.pdf,BABA_WaiverRequestSubmission_2022_508.pdf,nsf.gov,,825317,806.0 KB,analysed,2026-03-10T01:18:24.402851+00:00,2022-05-10 21:52:39+00:00,,,,,,True,False,False,Pass,Pass,Pass,Pass,Pass,Pass,,,,,,,,,False,3,,,
https://nsf-gov-resources.nsf.gov/2022-12/BABA_WaiverRequestSubmission_2022_Nov30_1.pdf?VersionId=nMi1CmpgPOMowx.yHJbVRGQs3zjjQBrG,BABA_WaiverRequestSubmission_2022_Nov30_1.pdf?VersionId=nMi1CmpgPOMowx.yHJbVRGQs3zjjQBrG,nsf.gov,,,—,error,2026-03-10T01:18:24.404490+00:00,,,,,,,,,,,,,,,,,,,,,,,,,,,,"File not found: crawled_files/nsf.gov/BABA_WaiverRequestSubmission_2022_Nov30_1.pdf?VersionId=nMi1CmpgPOMowx.yHJbVRGQs3zjjQBrG (crawled 1 day(s) ago at 2026-03-10T01:18:24.404490+00:00). Possible causes: failed download, incomplete artifact transfer, or stale manifest entry from a previous run."
https://nsf-gov-resources.nsf.gov/2023-04/BETA%20SITE%20IPA%20Rotator%20Study_508c_0.pdf?VersionId=.5fC_mtdOIRigBZCTlSVeDst8vk0RY15,BETA%20SITE%20IPA%20Rotator%20Study_508c_0.pdf?VersionId=.5fC_mtdOIRigBZCTlSVeDst8vk0RY15,nsf.gov,,,—,error,2026-03-10T01:18:24.406129+00:00,,,,,,,,,,,,,,,,,,,,,,,,,,,,"File not found: crawled_files/nsf.gov/BETA%20SITE%20IPA%20Rotator%20Study_508c_0.pdf?VersionId=.5fC_mtdOIRigBZCTlSVeDst8vk0RY15 (crawled 1 day(s) ago at 2026-03-10T01:18:24.406129+00:00). Possible causes: failed download, incomplete artifact transfer, or stale manifest entry from a previous run."
https://nsf-gov-resources.nsf.gov/2023-04/BETA%20SITE%20IRES%20Portfolio%20Analysis%202019.pdf?VersionId=_nLX77wgWqviemxHDNGhyGhEMfMXFiha,BETA%20SITE%20IRES%20Portfolio%20Analysis%202019.pdf?VersionId=_nLX77wgWqviemxHDNGhyGhEMfMXFiha,nsf.gov,,,—,error,2026-03-10T01:18:24.407991+00:00,,,,,,,,,,,,,,,,,,,,,,,,,,,,"File not found: crawled_files/nsf.gov/BETA%20SITE%20IRES%20Portfolio%20Analysis%202019.pdf?VersionId=_nLX77wgWqviemxHDNGhyGhEMfMXFiha (crawled 1 day(s) ago at 2026-03-10T01:18:24.407991+00:00). Possible causes: failed download, incomplete artifact transfer, or stale manifest entry from a previous run."
https://nsf-gov-resources.nsf.gov/2023-04/BETA%20SITE%20NSF%20Anti-harassment%20Findings_Slidedoc_508c_0.pdf?VersionId=unr7RcdzgrfMAKFxhtMKznuc7yslv3nu,BETA%20SITE%20NSF%20Anti-harassment%20Findings_Slidedoc_508c_0.pdf?VersionId=unr7RcdzgrfMAKFxhtMKznuc7yslv3nu,nsf.gov,,,—,error,2026-03-10T01:18:24.410186+00:00,,,,,,,,,,,,,,,,,,,,,,,,,,,,"File not found: crawled_files/nsf.gov/BETA%20SITE%20NSF%20Anti-harassment%20Findings_Slidedoc_508c_0.pdf?VersionId=unr7RcdzgrfMAKFxhtMKznuc7yslv3nu (crawled 1 day(s) ago at 2026-03-10T01:18:24.410186+00:00). Possible causes: failed download, incomplete artifact transfer, or stale manifest entry from a previous run."
https://seedfund.nsf.gov/assets/files/awardees/Blank_Milestone_Chart.xlsx,Blank_Milestone_Chart.xlsx,nsf.gov,,,—,error,2026-03-10T01:18:24.410465+00:00,,,,,,,,,,,,,,,,,,,,,,,,,,,,"File not found: crawled_files/nsf.gov/Blank_Milestone_Chart.xlsx (crawled 1 day(s) ago at 2026-03-10T01:18:24.410465+00:00). Possible causes: failed download, incomplete artifact transfer, or stale manifest entry from a previous run."
https://nsf-gov-resources.nsf.gov/files/Broader-Impacts-Literature-Review.pdf?VersionId=pEEdnFPn5aISEsH5NMaA4JqhFlCKqDMG,Broader-Impacts-Literature-Review.pdf?VersionId=pEEdnFPn5aISEsH5NMaA4JqhFlCKqDMG,nsf.gov,,,—,error,2026-03-10T01:18:24.413045+00:00,,,,,,,,,,,,,,,,,,,,,,,,,,,,"File not found: crawled_files/nsf.gov/Broader-Impacts-Literature-Review.pdf?VersionId=pEEdnFPn5aISEsH5NMaA4JqhFlCKqDMG (crawled 1 day(s) ago at 2026-03-10T01:18:24.413045+00:00). Possible causes: failed download, incomplete artifact transfer, or stale manifest entry from a previous run."
https://nsf-gov-resources.nsf.gov/files/Brown-University-OIG-Report-24-1-013.pdf,Brown-University-OIG-Report-24-1-013.pdf,nsf.gov,,,—,error,2026-03-10T01:18:24.413551+00:00,,,,,,,,,,,,,,,,,,,,,,,,,,,,"File not found: crawled_files/nsf.gov/Brown-University-OIG-Report-24-1-013.pdf (crawled 1 day(s) ago at 2026-03-10T01:18:24.413551+00:00). Possible causes: failed download, incomplete artifact transfer, or stale manifest entry from a previous run."
https://nsf-gov-resources.nsf.gov/2022-08/Build%20America%20Buy%20America%20Factsheet%20and%20FAQs%20for%20Award%20Recipients.pdf,Build%20America%20Buy%20America%20Factsheet%20and%20FAQs%20for%20Award%20Recipients.pdf,nsf.gov,,186039,181.7 KB,analysed,2026-03-10T01:18:24.414083+00:00,2022-08-05 13:08:36+00:00,,,,,,True,False,False,Pass,Pass,Pass,Pass,Pass,Pass,,,,,,,,,False,4,,,
https://nsf-gov-resources.nsf.gov/2022-05/BuildAmericaBuyAmericaPL117-58IIJASec70911_0.pdf,BuildAmericaBuyAmericaPL117-58IIJASec70911_0.pdf,nsf.gov,,214366,209.3 KB,analysed,2026-03-10T01:18:24.414648+00:00,2022-04-06 14:19:41+00:00,,,,,,True,False,False,Pass,Pass,Pass,Pass,Pass,Pass,,,,,,,,,False,8,,,
https://nsf-gov-resources.nsf.gov/2023-04/CASR-DC-2019-2021-508c.pdf?VersionId=ZTHNJB96.0ywoZxz2QKQkjwdWhtHZsPi,CASR-DC-2019-2021-508c.pdf?VersionId=ZTHNJB96.0ywoZxz2QKQkjwdWhtHZsPi,nsf.gov,,,—,error,2026-03-10T01:18:24.417119+00:00,,,,,,,,,,,,,,,,,,,,,,,,,,,,"File not found: crawled_files/nsf.gov/CASR-DC-2019-2021-508c.pdf?VersionId=ZTHNJB96.0ywoZxz2QKQkjwdWhtHZsPi (crawled 1 day(s) ago at 2026-03-10T01:18:24.417119+00:00). Possible causes: failed download, incomplete artifact transfer, or stale manifest entry from a previous run."
https://nsf-gov-resources.nsf.gov/2023-04/CCI_Final_Executive%20Summary_508%20Compliant_0.pdf?VersionId=96yEUZkR4Z7Z5jh36uJI3cAbkorZK4df,CCI_Final_Executive%20Summary_508%20Compliant_0.pdf?VersionId=96yEUZkR4Z7Z5jh36uJI3cAbkorZK4df,nsf.gov,,,—,error,2026-03-10T01:18:24.420448+00:00,,,,,,,,,,,,,,,,,,,,,,,,,,,,"File not found: crawled_files/nsf.gov/CCI_Final_Executive%20Summary_508%20Compliant_0.pdf?VersionId=96yEUZkR4Z7Z5jh36uJI3cAbkorZK4df (crawled 1 day(s) ago at 2026-03-10T01:18:24.420448+00:00). Possible causes: failed download, incomplete artifact transfer, or stale manifest entry from a previous run."
https://nsf-gov-resources.nsf.gov/2023-04/CCI_Final_Full%20Report_508%20Compliant.pdf?VersionId=7F2xtFtENlAJ9Maj3EWLVH6kVPKgLYK8,CCI_Final_Full%20Report_508%20Compliant.pdf?VersionId=7F2xtFtENlAJ9Maj3EWLVH6kVPKgLYK8,nsf.gov,,,—,error,2026-03-10T01:18:24.434636+00:00,,,,,,,,,,,,,,,,,,,,,,,,,,,,"File not found: crawled_files/nsf.gov/CCI_Final_Full%20Report_508%20Compliant.pdf?VersionId=7F2xtFtENlAJ9Maj3EWLVH6kVPKgLYK8 (crawled 1 day(s) ago at 2026-03-10T01:18:24.434636+00:00). Possible causes: failed download, incomplete artifact transfer, or stale manifest entry from a previous run."
https://nsf-gov-resources.nsf.gov/attachments/307874/public/CCStarArea3_Complaint.pptx?VersionId=vEoWU3g4x5AuBgbrK6y7n2LdT6NcPEEk,CCStarArea3_Complaint.pptx?VersionId=vEoWU3g4x5AuBgbrK6y7n2LdT6NcPEEk,nsf.gov,,,—,error,2026-03-10T01:18:24.437360+00:00,,,,,,,,,,,,,,,,,,,,,,,,,,,,"File not found: crawled_files/nsf.gov/CCStarArea3_Complaint.pptx?VersionId=vEoWU3g4x5AuBgbrK6y7n2LdT6NcPEEk (crawled 1 day(s) ago at 2026-03-10T01:18:24.437360+00:00). Possible causes: failed download, incomplete artifact transfer, or stale manifest entry from a previous run."
https://nsf-gov-resources.nsf.gov/attachments/304910/public/CICI-NSF22-581_webinar.pptx?VersionId=_iRnGJyDbU0ok2sgM.xr5p041T3mRJ1b,CICI-NSF22-581_webinar.pptx?VersionId=_iRnGJyDbU0ok2sgM.xr5p041T3mRJ1b,nsf.gov,,,—,error,2026-03-10T01:18:24.440937+00:00,,,,,,,,,,,,,,,,,,,,,,,,,,,,"File not found: crawled_files/nsf.gov/CICI-NSF22-581_webinar.pptx?VersionId=_iRnGJyDbU0ok2sgM.xr5p041T3mRJ1b (crawled 1 day(s) ago at 2026-03-10T01:18:24.440937+00:00). Possible causes: failed download, incomplete artifact transfer, or stale manifest entry from a previous run."
https://nsf-gov-resources.nsf.gov/attachments/307790/public/CIRC-transcript.pdf?VersionId=Avay6li4o.aOnqO42quCrkVWPmhNcOeX,CIRC-transcript.pdf?VersionId=Avay6li4o.aOnqO42quCrkVWPmhNcOeX,nsf.gov,,,—,error,2026-03-10T01:18:24.441695+00:00,,,,,,,,,,,,,,,,,,,,,,,,,,,,"File not found: crawled_files/nsf.gov/CIRC-transcript.pdf?VersionId=Avay6li4o.aOnqO42quCrkVWPmhNcOeX (crawled 1 day(s) ago at 2026-03-10T01:18:24.441695+00:00). Possible causes: failed download, incomplete artifact transfer, or stale manifest entry from a previous run."
https://nsf-gov-resources.nsf.gov/attachments/307790/public/CIRC_Webinar.pptx?VersionId=dOhMfSuBJ6XP2hnJZHSytI4oJVSCFC8Q,CIRC_Webinar.pptx?VersionId=dOhMfSuBJ6XP2hnJZHSytI4oJVSCFC8Q,nsf.gov,,,—,error,2026-03-10T01:18:24.444386+00:00,,,,,,,,,,,,,,,,,,,,,,,,,,,,"File not found: crawled_files/nsf.gov/CIRC_Webinar.pptx?VersionId=dOhMfSuBJ6XP2hnJZHSytI4oJVSCFC8Q (crawled 1 day(s) ago at 2026-03-10T01:18:24.444386+00:00). Possible causes: failed download, incomplete artifact transfer, or stale manifest entry from a previous run."
https://nsf-gov-resources.nsf.gov/files/COI-Confidentiality-Panelists-NSF_Form_1230P.pdf,COI-Confidentiality-Panelists-NSF_Form_1230P.pdf,nsf.gov,,232709,227.3 KB,analysed,2026-03-10T01:18:24.444990+00:00,2026-01-13 16:16:20+00:00,"NSF Form 1230P, Conflict of Interests and Confidentiality Statement for NSF Panelists",OD/OGC,Conflict of Interest and Confidentiality Statement,COI; Conflict of Interest; Confidentiality Statement; OGC; Office of General Council,Conflict of Interest and Confidentiality Statement,True,False,False,Pass,Pass,Pass,Pass,Pass,Pass,Pass,NotApplicable,NotApplicable,Pass,Pass,Pass,Pass,NotApplicable,False,5,2114,5,
https://nsf-gov-resources.nsf.gov/attachments/305552/public/CUE-Transcript.pdf?VersionId=qnMzcJFysWBo3raLsji1EoE_SXrC9AyY,CUE-Transcript.pdf?VersionId=qnMzcJFysWBo3raLsji1EoE_SXrC9AyY,nsf.gov,,,—,error,2026-03-10T01:18:24.445397+00:00,,,,,,,,,,,,,,,,,,,,,,,,,,,,"File not found: crawled_files/nsf.gov/CUE-Transcript.pdf?VersionId=qnMzcJFysWBo3raLsji1EoE_SXrC9AyY (crawled 1 day(s) ago at 2026-03-10T01:18:24.445397+00:00). Possible causes: failed download, incomplete artifact transfer, or stale manifest entry from a previous run."
https://nsf-gov-resources.nsf.gov/attachments/305552/public/CUEWebinarPresentation.pptx?VersionId=_ij6jCW55eyk3XN6dMyOFeVNtHXcli75,CUEWebinarPresentation.pptx?VersionId=_ij6jCW55eyk3XN6dMyOFeVNtHXcli75,nsf.gov,,,—,error,2026-03-10T01:18:24.447694+00:00,,,,,,,,,,,,,,,,,,,,,,,,,,,,"File not found: crawled_files/nsf.gov/CUEWebinarPresentation.pptx?VersionId=_ij6jCW55eyk3XN6dMyOFeVNtHXcli75 (crawled 1 day(s) ago at 2026-03-10T01:18:24.447694+00:00). Possible causes: failed download, incomplete artifact transfer, or stale manifest entry from a previous run."
https://seedfund.nsf.gov/assets/files/awardees/Certificate_of_Current_Cost.docx,Certificate_of_Current_Cost.docx,nsf.gov,,,—,error,2026-03-10T01:18:24.447938+00:00,,,,,,,,,,,,,,,,,,,,,,,,,,,,"File not found: crawled_files/nsf.gov/Certificate_of_Current_Cost.docx (crawled 1 day(s) ago at 2026-03-10T01:18:24.447938+00:00). Possible causes: failed download, incomplete artifact transfer, or stale manifest entry from a previous run."
https://nsf-gov-resources.nsf.gov/files/Closure-Vote-Notice-NSB-Feb25.pdf?VersionId=_vXnvk6JvIQZkw_v7ecpFhCMDqXe.O3U,Closure-Vote-Notice-NSB-Feb25.pdf?VersionId=_vXnvk6JvIQZkw_v7ecpFhCMDqXe.O3U,nsf.gov,,,—,error,2026-03-10T01:18:24.448419+00:00,,,,,,,,,,,,,,,,,,,,,,,,,,,,"File not found: crawled_files/nsf.gov/Closure-Vote-Notice-NSB-Feb25.pdf?VersionId=_vXnvk6JvIQZkw_v7ecpFhCMDqXe.O3U (crawled 1 day(s) ago at 2026-03-10T01:18:24.448419+00:00). Possible causes: failed download, incomplete artifact transfer, or stale manifest entry from a previous run."
https://seedfund.nsf.gov/assets/files/awardees/CommercialHistoryTemplate.xls,CommercialHistoryTemplate.xls,nsf.gov,,,—,error,2026-03-10T01:18:24.448700+00:00,,,,,,,,,,,,,,,,,,,,,,,,,,,,"File not found: crawled_files/nsf.gov/CommercialHistoryTemplate.xls (crawled 1 day(s) ago at 2026-03-10T01:18:24.448700+00:00). Possible causes: failed download, incomplete artifact transfer, or stale manifest entry from a previous run."
https://nsf-gov-resources.nsf.gov/files/Computing-Research-Association-OIG-Report-23-1-002.pdf,Computing-Research-Association-OIG-Report-23-1-002.pdf,nsf.gov,,,—,error,2026-03-10T01:18:24.449256+00:00,,,,,,,,,,,,,,,,,,,,,,,,,,,,"File not found: crawled_files/nsf.gov/Computing-Research-Association-OIG-Report-23-1-002.pdf (crawled 1 day(s) ago at 2026-03-10T01:18:24.449256+00:00). Possible causes: failed download, incomplete artifact transfer, or stale manifest entry from a previous run."
https://nsf-gov-resources.nsf.gov/files/Daniel-Reed-April-2023-NSB-testimony.pdf,Daniel-Reed-April-2023-NSB-testimony.pdf,nsf.gov,,,—,error,2026-03-10T01:18:24.450473+00:00,,,,,,,,,,,,,,,,,,,,,,,,,,,,"File not found: crawled_files/nsf.gov/Daniel-Reed-April-2023-NSB-testimony.pdf (crawled 1 day(s) ago at 2026-03-10T01:18:24.450473+00:00). Possible causes: failed download, incomplete artifact transfer, or stale manifest entry from a previous run."
https://nsf-gov-resources.nsf.gov/files/Daniel-Reed-May-2024-NSB-testimony.pdf,Daniel-Reed-May-2024-NSB-testimony.pdf,nsf.gov,,,—,error,2026-03-10T01:18:24.451566+00:00,,,,,,,,,,,,,,,,,,,,,,,,,,,,"File not found: crawled_files/nsf.gov/Daniel-Reed-May-2024-NSB-testimony.pdf (crawled 1 day(s) ago at 2026-03-10T01:18:24.451566+00:00). Possible causes: failed download, incomplete artifact transfer, or stale manifest entry from a previous run."
https://nsf-gov-resources.nsf.gov/2022-04/Dr.SchragTestimony508_0.pdf,Dr.SchragTestimony508_0.pdf,nsf.gov,,,—,analysed,2026-03-10T01:18:24.452250+00:00,2022-04-26 20:33:49+00:00,,,,,,True,False,False,Pass,Pass,Pass,Pass,Pass,Pass,,,,,,,,,False,9,,,
https://nsf-gov-resources.nsf.gov/files/EAC-Data-Snapshot-Fairness-by-Experience-508.pdf,EAC-Data-Snapshot-Fairness-by-Experience-508.pdf,nsf.gov,,,—,error,2026-03-10T01:18:24.452965+00:00,,,,,,,,,,,,,,,,,,,,,,,,,,,,"File not found: crawled_files/nsf.gov/EAC-Data-Snapshot-Fairness-by-Experience-508.pdf (crawled 1 day(s) ago at 2026-03-10T01:18:24.452965+00:00). Possible causes: failed download, incomplete artifact transfer, or stale manifest entry from a previous run."
https://nsf-gov-resources.nsf.gov/files/EAC-Data-Snapshot-Satisfaction-by-Disability-Status-508.pdf,EAC-Data-Snapshot-Satisfaction-by-Disability-Status-508.pdf,nsf.gov,,,—,error,2026-03-10T01:18:24.453667+00:00,,,,,,,,,,,,,,,,,,,,,,,,,,,,"File not found: crawled_files/nsf.gov/EAC-Data-Snapshot-Satisfaction-by-Disability-Status-508.pdf (crawled 1 day(s) ago at 2026-03-10T01:18:24.453667+00:00). Possible causes: failed download, incomplete artifact transfer, or stale manifest entry from a previous run."
https://nsf-gov-resources.nsf.gov/files/EAC-Data-Snapshot-Satisfaction-by-Experience-508.pdf,EAC-Data-Snapshot-Satisfaction-by-Experience-508.pdf,nsf.gov,,,—,error,2026-03-10T01:18:24.454401+00:00,,,,,,,,,,,,,,,,,,,,,,,,,,,,"File not found: crawled_files/nsf.gov/EAC-Data-Snapshot-Satisfaction-by-Experience-508.pdf (crawled 1 day(s) ago at 2026-03-10T01:18:24.454401+00:00). Possible causes: failed download, incomplete artifact transfer, or stale manifest entry from a previous run."
https://nsf-gov-resources.nsf.gov/files/EAC-Data-Snapshot-Written-Review-Quality-by-Experience-508.pdf,EAC-Data-Snapshot-Written-Review-Quality-by-Experience-508.pdf,nsf.gov,,,—,error,2026-03-10T01:18:24.455117+00:00,,,,,,,,,,,,,,,,,,,,,,,,,,,,"File not found: crawled_files/nsf.gov/EAC-Data-Snapshot-Written-Review-Quality-by-Experience-508.pdf (crawled 1 day(s) ago at 2026-03-10T01:18:24.455117+00:00). Possible causes: failed download, incomplete artifact transfer, or stale manifest entry from a previous run."
https://seedfund.nsf.gov/assets/files/awardees/ED-Supp-Template.docx,ED-Supp-Template.docx,nsf.gov,,,—,error,2026-03-10T01:18:24.455496+00:00,,,,,,,,,,,,,,,,,,,,,,,,,,,,"File not found: crawled_files/nsf.gov/ED-Supp-Template.docx (crawled 1 day(s) ago at 2026-03-10T01:18:24.455496+00:00). Possible causes: failed download, incomplete artifact transfer, or stale manifest entry from a previous run."
https://nsf-gov-resources.nsf.gov/2022-06/EPSCoR%20Base%20Period%20Final%20Report%20-%20%28508%20Compliant%29.pdf,EPSCoR%20Base%20Period%20Final%20Report%20-%20%28508%20Compliant%29.pdf,nsf.gov,,,—,error,2026-03-10T01:18:24.489677+00:00,,,,,,,,,,,,,,,,,,,,,,,,,,,,Stale manifest entry: file not found after 2+ days (crawled_at: 2026-03-10T01:18:24.489677+00:00). The file was probably downloaded in a previous run whose crawled_files directory is no longer available.
https://nsf-gov-resources.nsf.gov/2023-04/EPSCoR%20Base%20Period%20Final%20Report%20-%20%28508%20Compliant%29_1.pdf?VersionId=IKsxGiL7ThivnhGSx1toUnIeB7ajtPCX,EPSCoR%20Base%20Period%20Final%20Report%20-%20%28508%20Compliant%29_1.pdf?VersionId=IKsxGiL7ThivnhGSx1toUnIeB7ajtPCX,nsf.gov,,,—,error,2026-03-10T01:18:24.523852+00:00,,,,,,,,,,,,,,,,,,,,,,,,,,,,"File not found: crawled_files/nsf.gov/EPSCoR%20Base%20Period%20Final%20Report%20-%20%28508%20Compliant%29_1.pdf?VersionId=IKsxGiL7ThivnhGSx1toUnIeB7ajtPCX (crawled 1 day(s) ago at 2026-03-10T01:18:24.523852+00:00). Possible causes: failed download, incomplete artifact transfer, or stale manifest entry from a previous run."
https://nsf-gov-resources.nsf.gov/2023-04/EPSCoR_Abstract_2M_1.pdf?VersionId=eA4eIRurgVCheHEZo3HKZ21LK7pC5ZyE,EPSCoR_Abstract_2M_1.pdf?VersionId=eA4eIRurgVCheHEZo3HKZ21LK7pC5ZyE,nsf.gov,,,—,error,2026-03-10T01:18:24.524280+00:00,,,,,,,,,,,,,,,,,,,,,,,,,,,,"File not found: crawled_files/nsf.gov/EPSCoR_Abstract_2M_1.pdf?VersionId=eA4eIRurgVCheHEZo3HKZ21LK7pC5ZyE (crawled 1 day(s) ago at 2026-03-10T01:18:24.524280+00:00). Possible causes: failed download, incomplete artifact transfer, or stale manifest entry from a previous run."
https://nsf-gov-resources.nsf.gov/2023-10/ETAP-REU-Infographic-508.pdf?VersionId=hNsk6_USss3ALCtT.No1Wsb9IEHijlQ8,ETAP-REU-Infographic-508.pdf?VersionId=hNsk6_USss3ALCtT.No1Wsb9IEHijlQ8,nsf.gov,,,—,error,2026-03-10T01:18:24.526373+00:00,,,,,,,,,,,,,,,,,,,,,,,,,,,,"File not found: crawled_files/nsf.gov/ETAP-REU-Infographic-508.pdf?VersionId=hNsk6_USss3ALCtT.No1Wsb9IEHijlQ8 (crawled 1 day(s) ago at 2026-03-10T01:18:24.526373+00:00). Possible causes: failed download, incomplete artifact transfer, or stale manifest entry from a previous run."
https://nsf-gov-resources.nsf.gov/files/Educational-Development-Center-OIG-Report-22-1-008.pdf,Educational-Development-Center-OIG-Report-22-1-008.pdf,nsf.gov,,,—,error,2026-03-10T01:18:24.526974+00:00,,,,,,,,,,,,,,,,,,,,,,,,,,,,"File not found: crawled_files/nsf.gov/Educational-Development-Center-OIG-Report-22-1-008.pdf (crawled 1 day(s) ago at 2026-03-10T01:18:24.526974+00:00). Possible causes: failed download, incomplete artifact transfer, or stale manifest entry from a previous run."
https://nsf-gov-resources.nsf.gov/files/Ellen-Ochoa-April-2021-NSB-testimony.pdf,Ellen-Ochoa-April-2021-NSB-testimony.pdf,nsf.gov,,,—,error,2026-03-10T01:18:24.527868+00:00,,,,,,,,,,,,,,,,,,,,,,,,,,,,"File not found: crawled_files/nsf.gov/Ellen-Ochoa-April-2021-NSB-testimony.pdf (crawled 1 day(s) ago at 2026-03-10T01:18:24.527868+00:00). Possible causes: failed download, incomplete artifact transfer, or stale manifest entry from a previous run."
https://nsf-gov-resources.nsf.gov/2022-08/Envisioning-The-Future-of-EPSCoR-Report.pdf,Envisioning-The-Future-of-EPSCoR-Report.pdf,nsf.gov,,2098643,2.0 MB,analysed,2026-03-10T01:18:24.531443+00:00,2022-08-02 20:56:10+00:00,Envisioning the Future of NSF EPSCoR Report,National Science Foundation,"{'NSF', 'Report', 'EPSCoR'}","EPSCoR, Report, NSF",Established Program to Stimulate Competitive Research,True,False,False,Pass,Pass,Pass,Pass,Pass,Pass,Pass,NotApplicable,NotApplicable,Pass,Pass,Pass,Pass,Warn,False,103,26522,222,"tables-warn, "
https://nsf-gov-resources.nsf.gov/2023-04/Evaluation%20of%20the%20National%20Sciece%20Foundation%27s%20International%20Research%20Experiences%20for%20Students%20%28IRES%29%20Program.pdf?VersionId=vuL.tNYzsDFY9SfTn9vSrW_GkIZ9CkUS,Evaluation%20of%20the%20National%20Sciece%20Foundation%27s%20International%20Research%20Experiences%20for%20Students%20%28IRES%29%20Program.pdf?VersionId=vuL.tNYzsDFY9SfTn9vSrW_GkIZ9CkUS,nsf.gov,,,—,error,2026-03-10T01:18:24.533099+00:00,,,,,,,,,,,,,,,,,,,,,,,,,,,,"File not found: crawled_files/nsf.gov/Evaluation%20of%20the%20National%20Sciece%20Foundation%27s%20International%20Research%20Experiences%20for%20Students%20%28IRES%29%20Program.pdf?VersionId=vuL.tNYzsDFY9SfTn9vSrW_GkIZ9CkUS (crawled 1 day(s) ago at 2026-03-10T01:18:24.533099+00:00). Possible causes: failed download, incomplete artifact transfer, or stale manifest entry from a previous run."
https://nsf-gov-resources.nsf.gov/files/Evaluation-Policy-Update-Feb-2025-Final-508c.pdf?VersionId=qQTKI2C3MDmrLkCP63z4gBrz1MBcs8yW,Evaluation-Policy-Update-Feb-2025-Final-508c.pdf?VersionId=qQTKI2C3MDmrLkCP63z4gBrz1MBcs8yW,nsf.gov,,,—,error,2026-03-10T01:18:24.536433+00:00,,,,,,,,,,,,,,,,,,,,,,,,,,,,"File not found: crawled_files/nsf.gov/Evaluation-Policy-Update-Feb-2025-Final-508c.pdf?VersionId=qQTKI2C3MDmrLkCP63z4gBrz1MBcs8yW (crawled 1 day(s) ago at 2026-03-10T01:18:24.536433+00:00). Possible causes: failed download, incomplete artifact transfer, or stale manifest entry from a previous run."
https://seedfund.nsf.gov/assets/files/awardees/Example_Budget.xlsx,Example_Budget.xlsx,nsf.gov,,,—,error,2026-03-10T01:18:24.536718+00:00,,,,,,,,,,,,,,,,,,,,,,,,,,,,"File not found: crawled_files/nsf.gov/Example_Budget.xlsx (crawled 1 day(s) ago at 2026-03-10T01:18:24.536718+00:00). Possible causes: failed download, incomplete artifact transfer, or stale manifest entry from a previous run."
https://nsf-gov-resources.nsf.gov/files/FY-2022-MeritReviewDigest.pdf,FY-2022-MeritReviewDigest.pdf,nsf.gov,,,—,error,2026-03-10T01:18:24.538778+00:00,,,,,,,,,,,,,,,,,,,,,,,,,,,,"File not found: crawled_files/nsf.gov/FY-2022-MeritReviewDigest.pdf (crawled 1 day(s) ago at 2026-03-10T01:18:24.538778+00:00). Possible causes: failed download, incomplete artifact transfer, or stale manifest entry from a previous run."
https://nsf-gov-resources.nsf.gov/files/FY-2022-MeritReviewDigest.pdf?VersionId=TJ_XQB1CEOol64zsBiUyFEId02TQK4wg,FY-2022-MeritReviewDigest.pdf?VersionId=TJ_XQB1CEOol64zsBiUyFEId02TQK4wg,nsf.gov,,,—,error,2026-03-10T01:18:24.540793+00:00,,,,,,,,,,,,,,,,,,,,,,,,,,,,"File not found: crawled_files/nsf.gov/FY-2022-MeritReviewDigest.pdf?VersionId=TJ_XQB1CEOol64zsBiUyFEId02TQK4wg (crawled 1 day(s) ago at 2026-03-10T01:18:24.540793+00:00). Possible causes: failed download, incomplete artifact transfer, or stale manifest entry from a previous run."
https://nsf-gov-resources.nsf.gov/files/FY-2023-MeritReviewDigest.pdf,FY-2023-MeritReviewDigest.pdf,nsf.gov,,,—,error,2026-03-10T01:18:24.542759+00:00,,,,,,,,,,,,,,,,,,,,,,,,,,,,"File not found: crawled_files/nsf.gov/FY-2023-MeritReviewDigest.pdf (crawled 1 day(s) ago at 2026-03-10T01:18:24.542759+00:00). Possible causes: failed download, incomplete artifact transfer, or stale manifest entry from a previous run."
https://nsf-gov-resources.nsf.gov/files/FY-2023-MeritReviewDigest.pdf?VersionId=3sAgeSb0hEErbqkmbPj3gBu5I7QSzCSO,FY-2023-MeritReviewDigest.pdf?VersionId=3sAgeSb0hEErbqkmbPj3gBu5I7QSzCSO,nsf.gov,,,—,error,2026-03-10T01:18:24.544815+00:00,,,,,,,,,,,,,,,,,,,,,,,,,,,,"File not found: crawled_files/nsf.gov/FY-2023-MeritReviewDigest.pdf?VersionId=3sAgeSb0hEErbqkmbPj3gBu5I7QSzCSO (crawled 1 day(s) ago at 2026-03-10T01:18:24.544815+00:00). Possible causes: failed download, incomplete artifact transfer, or stale manifest entry from a previous run."
https://nsf-gov-resources.nsf.gov/2023-06/FY2021_MeritReviewDigest_data_v1.xlsx?VersionId=PMD_R_ZADz5qXpmNR9mGtyybKXi9dLKR,FY2021_MeritReviewDigest_data_v1.xlsx?VersionId=PMD_R_ZADz5qXpmNR9mGtyybKXi9dLKR,nsf.gov,,,—,error,2026-03-10T01:18:24.545288+00:00,,,,,,,,,,,,,,,,,,,,,,,,,,,,"File not found: crawled_files/nsf.gov/FY2021_MeritReviewDigest_data_v1.xlsx?VersionId=PMD_R_ZADz5qXpmNR9mGtyybKXi9dLKR (crawled 1 day(s) ago at 2026-03-10T01:18:24.545288+00:00). Possible causes: failed download, incomplete artifact transfer, or stale manifest entry from a previous run."
https://nsf-gov-resources.nsf.gov/files/FY2022-MeritReviewDigestData.xlsx?VersionId=bRMNXycZ4UWPXlcaDXZaqLS1X_ueDaqx,FY2022-MeritReviewDigestData.xlsx?VersionId=bRMNXycZ4UWPXlcaDXZaqLS1X_ueDaqx,nsf.gov,,,—,error,2026-03-10T01:18:24.550379+00:00,,,,,,,,,,,,,,,,,,,,,,,,,,,,"File not found: crawled_files/nsf.gov/FY2022-MeritReviewDigestData.xlsx?VersionId=bRMNXycZ4UWPXlcaDXZaqLS1X_ueDaqx (crawled 1 day(s) ago at 2026-03-10T01:18:24.550379+00:00). Possible causes: failed download, incomplete artifact transfer, or stale manifest entry from a previous run."
https://nsf-gov-resources.nsf.gov/files/FY2023-MeritReviewDigestData.xlsx?VersionId=EXgw_HXWJQeLuQ_7oIsQgOHWMX8r9yo8,FY2023-MeritReviewDigestData.xlsx?VersionId=EXgw_HXWJQeLuQ_7oIsQgOHWMX8r9yo8,nsf.gov,,,—,error,2026-03-10T01:18:24.550871+00:00,,,,,,,,,,,,,,,,,,,,,,,,,,,,"File not found: crawled_files/nsf.gov/FY2023-MeritReviewDigestData.xlsx?VersionId=EXgw_HXWJQeLuQ_7oIsQgOHWMX8r9yo8 (crawled 1 day(s) ago at 2026-03-10T01:18:24.550871+00:00). Possible causes: failed download, incomplete artifact transfer, or stale manifest entry from a previous run."
https://nsf-gov-resources.nsf.gov/files/FY24_Final_Report_from_Budget_Request.pdf?VersionId=uJo.GaRk0Lsykc6LfEMO1tMU4LpmeEA5,FY24_Final_Report_from_Budget_Request.pdf?VersionId=uJo.GaRk0Lsykc6LfEMO1tMU4LpmeEA5,nsf.gov,,,—,error,2026-03-10T01:18:24.551451+00:00,,,,,,,,,,,,,,,,,,,,,,,,,,,,"File not found: crawled_files/nsf.gov/FY24_Final_Report_from_Budget_Request.pdf?VersionId=uJo.GaRk0Lsykc6LfEMO1tMU4LpmeEA5 (crawled 1 day(s) ago at 2026-03-10T01:18:24.551451+00:00). Possible causes: failed download, incomplete artifact transfer, or stale manifest entry from a previous run."
https://nsf-gov-resources.nsf.gov/2023-06/FY_2021_Merit_Review_Digest_0.pdf?VersionId=HDLLbZ41I2agTnZ6QnIFaeNA2XY1YHEv,FY_2021_Merit_Review_Digest_0.pdf?VersionId=HDLLbZ41I2agTnZ6QnIFaeNA2XY1YHEv,nsf.gov,,,—,error,2026-03-10T01:18:24.562014+00:00,,,,,,,,,,,,,,,,,,,,,,,,,,,,"File not found: crawled_files/nsf.gov/FY_2021_Merit_Review_Digest_0.pdf?VersionId=HDLLbZ41I2agTnZ6QnIFaeNA2XY1YHEv (crawled 1 day(s) ago at 2026-03-10T01:18:24.562014+00:00). Possible causes: failed download, incomplete artifact transfer, or stale manifest entry from a previous run."
https://seedfund.nsf.gov/assets/files/applicants/Fast_Track.pdf,Fast_Track.pdf,nsf.gov,,,—,error,2026-03-10T01:18:24.565125+00:00,,,,,,,,,,,,,,,,,,,,,,,,,,,,"File not found: crawled_files/nsf.gov/Fast_Track.pdf (crawled 1 day(s) ago at 2026-03-10T01:18:24.565125+00:00). Possible causes: failed download, incomplete artifact transfer, or stale manifest entry from a previous run."
https://nsf-gov-resources.nsf.gov/files/GC-1-20181022-r.pdf?VersionId=3uN55DGv87RCqMgNgXmXMf5L.xdl3Ipl,GC-1-20181022-r.pdf?VersionId=3uN55DGv87RCqMgNgXmXMf5L.xdl3Ipl,nsf.gov,,,—,error,2026-03-10T01:18:24.565956+00:00,,,,,,,,,,,,,,,,,,,,,,,,,,,,"File not found: crawled_files/nsf.gov/GC-1-20181022-r.pdf?VersionId=3uN55DGv87RCqMgNgXmXMf5L.xdl3Ipl (crawled 1 day(s) ago at 2026-03-10T01:18:24.565956+00:00). Possible causes: failed download, incomplete artifact transfer, or stale manifest entry from a previous run."
https://nsf-gov-resources.nsf.gov/files/GC-1-20190225-r.pdf?VersionId=ZhP3OxOZ3vWiHAaEj488w9EaO8h.BATQ,GC-1-20190225-r.pdf?VersionId=ZhP3OxOZ3vWiHAaEj488w9EaO8h.BATQ,nsf.gov,,,—,error,2026-03-10T01:18:24.567057+00:00,,,,,,,,,,,,,,,,,,,,,,,,,,,,"File not found: crawled_files/nsf.gov/GC-1-20190225-r.pdf?VersionId=ZhP3OxOZ3vWiHAaEj488w9EaO8h.BATQ (crawled 1 day(s) ago at 2026-03-10T01:18:24.567057+00:00). Possible causes: failed download, incomplete artifact transfer, or stale manifest entry from a previous run."
https://nsf-gov-resources.nsf.gov/files/GC-1-20201112-r.pdf?VersionId=BDo8O60OIfSnS4FfqXALOMWuKP39H_A0,GC-1-20201112-r.pdf?VersionId=BDo8O60OIfSnS4FfqXALOMWuKP39H_A0,nsf.gov,,,—,error,2026-03-10T01:18:24.568161+00:00,,,,,,,,,,,,,,,,,,,,,,,,,,,,"File not found: crawled_files/nsf.gov/GC-1-20201112-r.pdf?VersionId=BDo8O60OIfSnS4FfqXALOMWuKP39H_A0 (crawled 1 day(s) ago at 2026-03-10T01:18:24.568161+00:00). Possible causes: failed download, incomplete artifact transfer, or stale manifest entry from a previous run."
https://nsf-gov-resources.nsf.gov/files/GC-1-20220522-r.pdf?VersionId=CcddIoQWPIIoXFf8_ThsDkINpkBp6tvd,GC-1-20220522-r.pdf?VersionId=CcddIoQWPIIoXFf8_ThsDkINpkBp6tvd,nsf.gov,,,—,error,2026-03-10T01:18:24.569245+00:00,,,,,,,,,,,,,,,,,,,,,,,,,,,,"File not found: crawled_files/nsf.gov/GC-1-20220522-r.pdf?VersionId=CcddIoQWPIIoXFf8_ThsDkINpkBp6tvd (crawled 1 day(s) ago at 2026-03-10T01:18:24.569245+00:00). Possible causes: failed download, incomplete artifact transfer, or stale manifest entry from a previous run."
https://nsf-gov-resources.nsf.gov/files/GC-1-changes-20230130-r.pdf?VersionId=wbZzz.PxUnCmCtZHQ1AVbW7P9I3fLhCv,GC-1-changes-20230130-r.pdf?VersionId=wbZzz.PxUnCmCtZHQ1AVbW7P9I3fLhCv,nsf.gov,,,—,error,2026-03-10T01:18:24.569883+00:00,,,,,,,,,,,,,,,,,,,,,,,,,,,,"File not found: crawled_files/nsf.gov/GC-1-changes-20230130-r.pdf?VersionId=wbZzz.PxUnCmCtZHQ1AVbW7P9I3fLhCv (crawled 1 day(s) ago at 2026-03-10T01:18:24.569883+00:00). Possible causes: failed download, incomplete artifact transfer, or stale manifest entry from a previous run."
https://nsf-gov-resources.nsf.gov/attachments/306509/public/GEO_OSE_program_webinar_NSF_23-534_public.pdf?VersionId=Kyg.KiAv3Pd5y8SeoVr7OFzHj6zXfZPx,GEO_OSE_program_webinar_NSF_23-534_public.pdf?VersionId=Kyg.KiAv3Pd5y8SeoVr7OFzHj6zXfZPx,nsf.gov,,,—,error,2026-03-10T01:18:24.571745+00:00,,,,,,,,,,,,,,,,,,,,,,,,,,,,"File not found: crawled_files/nsf.gov/GEO_OSE_program_webinar_NSF_23-534_public.pdf?VersionId=Kyg.KiAv3Pd5y8SeoVr7OFzHj6zXfZPx (crawled 1 day(s) ago at 2026-03-10T01:18:24.571745+00:00). Possible causes: failed download, incomplete artifact transfer, or stale manifest entry from a previous run."
https://nsf-gov-resources.nsf.gov/files/Generating%20Evidence%20for%20Decision%20Making%20with%20US%20National%20Science%20Foundation%20Education%20and%20Training%20Application.pdf?VersionId=LdvFmuSi0MJQYr5nLwErP3QPZFVHlRao,Generating%20Evidence%20for%20Decision%20Making%20with%20US%20National%20Science%20Foundation%20Education%20and%20Training%20Application.pdf?VersionId=LdvFmuSi0MJQYr5nLwErP3QPZFVHlRao,nsf.gov,,,—,error,2026-03-10T01:18:24.578302+00:00,,,,,,,,,,,,,,,,,,,,,,,,,,,,"File not found: crawled_files/nsf.gov/Generating%20Evidence%20for%20Decision%20Making%20with%20US%20National%20Science%20Foundation%20Education%20and%20Training%20Application.pdf?VersionId=LdvFmuSi0MJQYr5nLwErP3QPZFVHlRao (crawled 1 day(s) ago at 2026-03-10T01:18:24.578302+00:00). Possible causes: failed download, incomplete artifact transfer, or stale manifest entry from a previous run."
https://nsf-gov-resources.nsf.gov/files/Generating%20Evidence%20for%20Decision%20Making%20with%20US%20National%20Science%20Foundation%20Education%20and%20Training%20Application_0.pdf?VersionId=AswL.dWKoKFd1hhhpxZaw0tLCzktLAj0,Generating%20Evidence%20for%20Decision%20Making%20with%20US%20National%20Science%20Foundation%20Education%20and%20Training%20Application_0.pdf?VersionId=AswL.dWKoKFd1hhhpxZaw0tLCzktLAj0,nsf.gov,,,—,error,2026-03-10T01:18:24.584862+00:00,,,,,,,,,,,,,,,,,,,,,,,,,,,,"File not found: crawled_files/nsf.gov/Generating%20Evidence%20for%20Decision%20Making%20with%20US%20National%20Science%20Foundation%20Education%20and%20Training%20Application_0.pdf?VersionId=AswL.dWKoKFd1hhhpxZaw0tLCzktLAj0 (crawled 1 day(s) ago at 2026-03-10T01:18:24.584862+00:00). Possible causes: failed download, incomplete artifact transfer, or stale manifest entry from a previous run."
https://nsf-gov-resources.nsf.gov/files/Grant%20General%20Conditions%20%28GC-1%29%20-%20Oct%204%202021-r.pdf?VersionId=fyOpabNoIAyvryWzpGLCVTZ3F6L_QAfa,Grant%20General%20Conditions%20%28GC-1%29%20-%20Oct%204%202021-r.pdf?VersionId=fyOpabNoIAyvryWzpGLCVTZ3F6L_QAfa,nsf.gov,,,—,error,2026-03-10T01:18:24.585932+00:00,,,,,,,,,,,,,,,,,,,,,,,,,,,,"File not found: crawled_files/nsf.gov/Grant%20General%20Conditions%20%28GC-1%29%20-%20Oct%204%202021-r.pdf?VersionId=fyOpabNoIAyvryWzpGLCVTZ3F6L_QAfa (crawled 1 day(s) ago at 2026-03-10T01:18:24.585932+00:00). Possible causes: failed download, incomplete artifact transfer, or stale manifest entry from a previous run."
https://nsf-gov-resources.nsf.gov/files/Grant%20General%20Conditions%20%28GC-1%29%20-%20Oct%205%202020-r.pdf?VersionId=MyQb_wJrHvbkS5yJCotXjlO7z2WmmOBi,Grant%20General%20Conditions%20%28GC-1%29%20-%20Oct%205%202020-r.pdf?VersionId=MyQb_wJrHvbkS5yJCotXjlO7z2WmmOBi,nsf.gov,,,—,error,2026-03-10T01:18:24.587007+00:00,,,,,,,,,,,,,,,,,,,,,,,,,,,,"File not found: crawled_files/nsf.gov/Grant%20General%20Conditions%20%28GC-1%29%20-%20Oct%205%202020-r.pdf?VersionId=MyQb_wJrHvbkS5yJCotXjlO7z2WmmOBi (crawled 1 day(s) ago at 2026-03-10T01:18:24.587007+00:00). Possible causes: failed download, incomplete artifact transfer, or stale manifest entry from a previous run."
https://nsf-gov-resources.nsf.gov/2022-06/HAC-CJS-Panchanathan-FY23testimony_0.pdf,HAC-CJS-Panchanathan-FY23testimony_0.pdf,nsf.gov,,,—,error,2026-03-10T01:18:24.587572+00:00,,,,,,,,,,,,,,,,,,,,,,,,,,,,Stale manifest entry: file not found after 2+ days (crawled_at: 2026-03-10T01:18:24.587572+00:00). The file was probably downloaded in a previous run whose crawled_files directory is no longer available.
https://nsf-gov-resources.nsf.gov/2023-08/HSSTNSFDOEfinaltestimony.pdf?VersionId=IXsTXFR153FXx5Wolotmu1uO5g0PGDEY,HSSTNSFDOEfinaltestimony.pdf?VersionId=IXsTXFR153FXx5Wolotmu1uO5g0PGDEY,nsf.gov,,,—,error,2026-03-10T01:18:24.588116+00:00,,,,,,,,,,,,,,,,,,,,,,,,,,,,Stale manifest entry: file not found after 2+ days (crawled_at: 2026-03-10T01:18:24.588116+00:00). The file was probably downloaded in a previous run whose crawled_files directory is no longer available.
https://nsf-gov-resources.nsf.gov/2022-06/How%20do%20I%20know%20if%20the%20Act%20applies%20to%20my%20award_1.pdf,How%20do%20I%20know%20if%20the%20Act%20applies%20to%20my%20award_1.pdf,nsf.gov,,604276,590.1 KB,analysed,2026-03-10T01:18:24.589330+00:00,2022-06-27 19:30:28+00:00,,,,,,True,False,False,Pass,Pass,Pass,Pass,Pass,Pass,,,,,,,,,False,1,,,
https://nsf-gov-resources.nsf.gov/attachments/307780/public/IISOfficehours-for-phds-postdocs_Complaint.pptx?VersionId=18cBBnY_z9wHGwULoNFPnzD7d2lfFyTL,IISOfficehours-for-phds-postdocs_Complaint.pptx?VersionId=18cBBnY_z9wHGwULoNFPnzD7d2lfFyTL,nsf.gov,,,—,error,2026-03-10T01:18:24.598908+00:00,,,,,,,,,,,,,,,,,,,,,,,,,,,,"File not found: crawled_files/nsf.gov/IISOfficehours-for-phds-postdocs_Complaint.pptx?VersionId=18cBBnY_z9wHGwULoNFPnzD7d2lfFyTL (crawled 1 day(s) ago at 2026-03-10T01:18:24.598908+00:00). Possible causes: failed download, incomplete artifact transfer, or stale manifest entry from a previous run."
https://nsf-gov-resources.nsf.gov/2023-04/IRES-REU-full%20report.pdf?VersionId=G0nbO49GnRhZThwPmy021Vvs3ZIn5cdh,IRES-REU-full%20report.pdf?VersionId=G0nbO49GnRhZThwPmy021Vvs3ZIn5cdh,nsf.gov,,,—,error,2026-03-10T01:18:24.602433+00:00,,,,,,,,,,,,,,,,,,,,,,,,,,,,"File not found: crawled_files/nsf.gov/IRES-REU-full%20report.pdf?VersionId=G0nbO49GnRhZThwPmy021Vvs3ZIn5cdh (crawled 1 day(s) ago at 2026-03-10T01:18:24.602433+00:00). Possible causes: failed download, incomplete artifact transfer, or stale manifest entry from a previous run."
https://nsf-gov-resources.nsf.gov/files/IRIS-OIG-Report-23-1-005.pdf,IRIS-OIG-Report-23-1-005.pdf,nsf.gov,,,—,error,2026-03-10T01:18:24.603077+00:00,,,,,,,,,,,,,,,,,,,,,,,,,,,,"File not found: crawled_files/nsf.gov/IRIS-OIG-Report-23-1-005.pdf (crawled 1 day(s) ago at 2026-03-10T01:18:24.603077+00:00). Possible causes: failed download, incomplete artifact transfer, or stale manifest entry from a previous run."
https://nsf-gov-resources.nsf.gov/files/Indicators-ALASKA.pdf,Indicators-ALASKA.pdf,nsf.gov,,,—,error,2026-03-10T01:18:24.603769+00:00,,,,,,,,,,,,,,,,,,,,,,,,,,,,"File not found: crawled_files/nsf.gov/Indicators-ALASKA.pdf (crawled 1 day(s) ago at 2026-03-10T01:18:24.603769+00:00). Possible causes: failed download, incomplete artifact transfer, or stale manifest entry from a previous run."
https://nsf-gov-resources.nsf.gov/files/Indicators-ARIZONA.pdf,Indicators-ARIZONA.pdf,nsf.gov,,,—,error,2026-03-10T01:18:24.604505+00:00,,,,,,,,,,,,,,,,,,,,,,,,,,,,"File not found: crawled_files/nsf.gov/Indicators-ARIZONA.pdf (crawled 1 day(s) ago at 2026-03-10T01:18:24.604505+00:00). Possible causes: failed download, incomplete artifact transfer, or stale manifest entry from a previous run."
https://nsf-gov-resources.nsf.gov/files/Indicators-ARKANSAS.pdf,Indicators-ARKANSAS.pdf,nsf.gov,,,—,error,2026-03-10T01:18:24.605241+00:00,,,,,,,,,,,,,,,,,,,,,,,,,,,,"File not found: crawled_files/nsf.gov/Indicators-ARKANSAS.pdf (crawled 1 day(s) ago at 2026-03-10T01:18:24.605241+00:00). Possible causes: failed download, incomplete artifact transfer, or stale manifest entry from a previous run."
https://nsf-gov-resources.nsf.gov/files/Indicators-CALIFORNIA.pdf,Indicators-CALIFORNIA.pdf,nsf.gov,,,—,error,2026-03-10T01:18:24.605995+00:00,,,,,,,,,,,,,,,,,,,,,,,,,,,,"File not found: crawled_files/nsf.gov/Indicators-CALIFORNIA.pdf (crawled 1 day(s) ago at 2026-03-10T01:18:24.605995+00:00). Possible causes: failed download, incomplete artifact transfer, or stale manifest entry from a previous run."
https://nsf-gov-resources.nsf.gov/files/Indicators-COLORADO.pdf,Indicators-COLORADO.pdf,nsf.gov,,,—,error,2026-03-10T01:18:24.606759+00:00,,,,,,,,,,,,,,,,,,,,,,,,,,,,"File not found: crawled_files/nsf.gov/Indicators-COLORADO.pdf (crawled 1 day(s) ago at 2026-03-10T01:18:24.606759+00:00). Possible causes: failed download, incomplete artifact transfer, or stale manifest entry from a previous run."
https://nsf-gov-resources.nsf.gov/files/Indicators-CONNECTICUT.pdf,Indicators-CONNECTICUT.pdf,nsf.gov,,,—,error,2026-03-10T01:18:24.607510+00:00,,,,,,,,,,,,,,,,,,,,,,,,,,,,"File not found: crawled_files/nsf.gov/Indicators-CONNECTICUT.pdf (crawled 1 day(s) ago at 2026-03-10T01:18:24.607510+00:00). Possible causes: failed download, incomplete artifact transfer, or stale manifest entry from a previous run."
https://nsf-gov-resources.nsf.gov/files/Indicators-DC.pdf,Indicators-DC.pdf,nsf.gov,,,—,error,2026-03-10T01:18:24.608233+00:00,,,,,,,,,,,,,,,,,,,,,,,,,,,,"File not found: crawled_files/nsf.gov/Indicators-DC.pdf (crawled 1 day(s) ago at 2026-03-10T01:18:24.608233+00:00). Possible causes: failed download, incomplete artifact transfer, or stale manifest entry from a previous run."
https://nsf-gov-resources.nsf.gov/files/Indicators-DELAWARE.pdf,Indicators-DELAWARE.pdf,nsf.gov,,,—,error,2026-03-10T01:18:24.608980+00:00,,,,,,,,,,,,,,,,,,,,,,,,,,,,"File not found: crawled_files/nsf.gov/Indicators-DELAWARE.pdf (crawled 1 day(s) ago at 2026-03-10T01:18:24.608980+00:00). Possible causes: failed download, incomplete artifact transfer, or stale manifest entry from a previous run."
https://nsf-gov-resources.nsf.gov/files/Indicators-FLORIDA.pdf,Indicators-FLORIDA.pdf,nsf.gov,,,—,error,2026-03-10T01:18:24.609725+00:00,,,,,,,,,,,,,,,,,,,,,,,,,,,,"File not found: crawled_files/nsf.gov/Indicators-FLORIDA.pdf (crawled 1 day(s) ago at 2026-03-10T01:18:24.609725+00:00). Possible causes: failed download, incomplete artifact transfer, or stale manifest entry from a previous run."
https://nsf-gov-resources.nsf.gov/files/Indicators-GEORGIA.pdf,Indicators-GEORGIA.pdf,nsf.gov,,,—,error,2026-03-10T01:18:24.610457+00:00,,,,,,,,,,,,,,,,,,,,,,,,,,,,"File not found: crawled_files/nsf.gov/Indicators-GEORGIA.pdf (crawled 1 day(s) ago at 2026-03-10T01:18:24.610457+00:00). Possible causes: failed download, incomplete artifact transfer, or stale manifest entry from a previous run."
https://nsf-gov-resources.nsf.gov/files/Indicators-HAWAII.pdf,Indicators-HAWAII.pdf,nsf.gov,,,—,error,2026-03-10T01:18:24.611168+00:00,,,,,,,,,,,,,,,,,,,,,,,,,,,,"File not found: crawled_files/nsf.gov/Indicators-HAWAII.pdf (crawled 1 day(s) ago at 2026-03-10T01:18:24.611168+00:00). Possible causes: failed download, incomplete artifact transfer, or stale manifest entry from a previous run."
https://nsf-gov-resources.nsf.gov/files/Indicators-IDAHO.pdf,Indicators-IDAHO.pdf,nsf.gov,,,—,error,2026-03-10T01:18:24.611871+00:00,,,,,,,,,,,,,,,,,,,,,,,,,,,,"File not found: crawled_files/nsf.gov/Indicators-IDAHO.pdf (crawled 1 day(s) ago at 2026-03-10T01:18:24.611871+00:00). Possible causes: failed download, incomplete artifact transfer, or stale manifest entry from a previous run."
https://nsf-gov-resources.nsf.gov/files/Indicators-ILLINOIS.pdf,Indicators-ILLINOIS.pdf,nsf.gov,,,—,error,2026-03-10T01:18:24.612589+00:00,,,,,,,,,,,,,,,,,,,,,,,,,,,,"File not found: crawled_files/nsf.gov/Indicators-ILLINOIS.pdf (crawled 1 day(s) ago at 2026-03-10T01:18:24.612589+00:00). Possible causes: failed download, incomplete artifact transfer, or stale manifest entry from a previous run."
https://nsf-gov-resources.nsf.gov/files/Indicators-INDIANA.pdf,Indicators-INDIANA.pdf,nsf.gov,,,—,error,2026-03-10T01:18:24.613313+00:00,,,,,,,,,,,,,,,,,,,,,,,,,,,,"File not found: crawled_files/nsf.gov/Indicators-INDIANA.pdf (crawled 1 day(s) ago at 2026-03-10T01:18:24.613313+00:00). Possible causes: failed download, incomplete artifact transfer, or stale manifest entry from a previous run."
https://nsf-gov-resources.nsf.gov/files/Indicators-IOWA.pdf,Indicators-IOWA.pdf,nsf.gov,,,—,error,2026-03-10T01:18:24.614024+00:00,,,,,,,,,,,,,,,,,,,,,,,,,,,,"File not found: crawled_files/nsf.gov/Indicators-IOWA.pdf (crawled 1 day(s) ago at 2026-03-10T01:18:24.614024+00:00). Possible causes: failed download, incomplete artifact transfer, or stale manifest entry from a previous run."
https://nsf-gov-resources.nsf.gov/files/Indicators-KANSAS.pdf,Indicators-KANSAS.pdf,nsf.gov,,,—,error,2026-03-10T01:18:24.614729+00:00,,,,,,,,,,,,,,,,,,,,,,,,,,,,"File not found: crawled_files/nsf.gov/Indicators-KANSAS.pdf (crawled 1 day(s) ago at 2026-03-10T01:18:24.614729+00:00). Possible causes: failed download, incomplete artifact transfer, or stale manifest entry from a previous run."
https://nsf-gov-resources.nsf.gov/files/Indicators-KENTUCKY.pdf,Indicators-KENTUCKY.pdf,nsf.gov,,,—,error,2026-03-10T01:18:24.615449+00:00,,,,,,,,,,,,,,,,,,,,,,,,,,,,"File not found: crawled_files/nsf.gov/Indicators-KENTUCKY.pdf (crawled 1 day(s) ago at 2026-03-10T01:18:24.615449+00:00). Possible causes: failed download, incomplete artifact transfer, or stale manifest entry from a previous run."
https://nsf-gov-resources.nsf.gov/files/Indicators-LOUISIANA.pdf,Indicators-LOUISIANA.pdf,nsf.gov,,,—,error,2026-03-10T01:18:24.616186+00:00,,,,,,,,,,,,,,,,,,,,,,,,,,,,"File not found: crawled_files/nsf.gov/Indicators-LOUISIANA.pdf (crawled 1 day(s) ago at 2026-03-10T01:18:24.616186+00:00). Possible causes: failed download, incomplete artifact transfer, or stale manifest entry from a previous run."
https://nsf-gov-resources.nsf.gov/files/Indicators-MAINE.pdf,Indicators-MAINE.pdf,nsf.gov,,,—,error,2026-03-10T01:18:24.617039+00:00,,,,,,,,,,,,,,,,,,,,,,,,,,,,"File not found: crawled_files/nsf.gov/Indicators-MAINE.pdf (crawled 1 day(s) ago at 2026-03-10T01:18:24.617039+00:00). Possible causes: failed download, incomplete artifact transfer, or stale manifest entry from a previous run."
https://nsf-gov-resources.nsf.gov/files/Indicators-MARYLAND.pdf,Indicators-MARYLAND.pdf,nsf.gov,,,—,error,2026-03-10T01:18:24.617750+00:00,,,,,,,,,,,,,,,,,,,,,,,,,,,,"File not found: crawled_files/nsf.gov/Indicators-MARYLAND.pdf (crawled 1 day(s) ago at 2026-03-10T01:18:24.617750+00:00). Possible causes: failed download, incomplete artifact transfer, or stale manifest entry from a previous run."
https://nsf-gov-resources.nsf.gov/files/Indicators-MASSACHUSETTS.pdf,Indicators-MASSACHUSETTS.pdf,nsf.gov,,,—,error,2026-03-10T01:18:24.618564+00:00,,,,,,,,,,,,,,,,,,,,,,,,,,,,"File not found: crawled_files/nsf.gov/Indicators-MASSACHUSETTS.pdf (crawled 1 day(s) ago at 2026-03-10T01:18:24.618564+00:00). Possible causes: failed download, incomplete artifact transfer, or stale manifest entry from a previous run."
https://nsf-gov-resources.nsf.gov/files/Indicators-MICHIGAN.pdf,Indicators-MICHIGAN.pdf,nsf.gov,,,—,error,2026-03-10T01:18:24.619274+00:00,,,,,,,,,,,,,,,,,,,,,,,,,,,,"File not found: crawled_files/nsf.gov/Indicators-MICHIGAN.pdf (crawled 1 day(s) ago at 2026-03-10T01:18:24.619274+00:00). Possible causes: failed download, incomplete artifact transfer, or stale manifest entry from a previous run."
https://nsf-gov-resources.nsf.gov/files/Indicators-MINNESOTA.pdf,Indicators-MINNESOTA.pdf,nsf.gov,,,—,error,2026-03-10T01:18:24.619985+00:00,,,,,,,,,,,,,,,,,,,,,,,,,,,,"File not found: crawled_files/nsf.gov/Indicators-MINNESOTA.pdf (crawled 1 day(s) ago at 2026-03-10T01:18:24.619985+00:00). Possible causes: failed download, incomplete artifact transfer, or stale manifest entry from a previous run."
https://nsf-gov-resources.nsf.gov/files/Indicators-MISSISSIPPI.pdf,Indicators-MISSISSIPPI.pdf,nsf.gov,,,—,error,2026-03-10T01:18:24.620686+00:00,,,,,,,,,,,,,,,,,,,,,,,,,,,,"File not found: crawled_files/nsf.gov/Indicators-MISSISSIPPI.pdf (crawled 1 day(s) ago at 2026-03-10T01:18:24.620686+00:00). Possible causes: failed download, incomplete artifact transfer, or stale manifest entry from a previous run."
https://nsf-gov-resources.nsf.gov/files/Indicators-MISSOURI.pdf,Indicators-MISSOURI.pdf,nsf.gov,,,—,error,2026-03-10T01:18:24.621392+00:00,,,,,,,,,,,,,,,,,,,,,,,,,,,,"File not found: crawled_files/nsf.gov/Indicators-MISSOURI.pdf (crawled 1 day(s) ago at 2026-03-10T01:18:24.621392+00:00). Possible causes: failed download, incomplete artifact transfer, or stale manifest entry from a previous run."
https://nsf-gov-resources.nsf.gov/files/Indicators-MONTANA.pdf,Indicators-MONTANA.pdf,nsf.gov,,,—,error,2026-03-10T01:18:24.622095+00:00,,,,,,,,,,,,,,,,,,,,,,,,,,,,"File not found: crawled_files/nsf.gov/Indicators-MONTANA.pdf (crawled 1 day(s) ago at 2026-03-10T01:18:24.622095+00:00). Possible causes: failed download, incomplete artifact transfer, or stale manifest entry from a previous run."
https://nsf-gov-resources.nsf.gov/files/Indicators-NEBRASKA.pdf,Indicators-NEBRASKA.pdf,nsf.gov,,,—,error,2026-03-10T01:18:24.622786+00:00,,,,,,,,,,,,,,,,,,,,,,,,,,,,"File not found: crawled_files/nsf.gov/Indicators-NEBRASKA.pdf (crawled 1 day(s) ago at 2026-03-10T01:18:24.622786+00:00). Possible causes: failed download, incomplete artifact transfer, or stale manifest entry from a previous run."
https://nsf-gov-resources.nsf.gov/files/Indicators-NEVADA.pdf,Indicators-NEVADA.pdf,nsf.gov,,,—,error,2026-03-10T01:18:24.623487+00:00,,,,,,,,,,,,,,,,,,,,,,,,,,,,"File not found: crawled_files/nsf.gov/Indicators-NEVADA.pdf (crawled 1 day(s) ago at 2026-03-10T01:18:24.623487+00:00). Possible causes: failed download, incomplete artifact transfer, or stale manifest entry from a previous run."
https://nsf-gov-resources.nsf.gov/files/Indicators-NEW-HAMPSHIRE.pdf,Indicators-NEW-HAMPSHIRE.pdf,nsf.gov,,,—,error,2026-03-10T01:18:24.624211+00:00,,,,,,,,,,,,,,,,,,,,,,,,,,,,"File not found: crawled_files/nsf.gov/Indicators-NEW-HAMPSHIRE.pdf (crawled 1 day(s) ago at 2026-03-10T01:18:24.624211+00:00). Possible causes: failed download, incomplete artifact transfer, or stale manifest entry from a previous run."
https://nsf-gov-resources.nsf.gov/files/Indicators-NEW-JERSEY.pdf,Indicators-NEW-JERSEY.pdf,nsf.gov,,,—,error,2026-03-10T01:18:24.624911+00:00,,,,,,,,,,,,,,,,,,,,,,,,,,,,"File not found: crawled_files/nsf.gov/Indicators-NEW-JERSEY.pdf (crawled 1 day(s) ago at 2026-03-10T01:18:24.624911+00:00). Possible causes: failed download, incomplete artifact transfer, or stale manifest entry from a previous run."
https://nsf-gov-resources.nsf.gov/files/Indicators-NEW-MEXICO.pdf,Indicators-NEW-MEXICO.pdf,nsf.gov,,,—,error,2026-03-10T01:18:24.625613+00:00,,,,,,,,,,,,,,,,,,,,,,,,,,,,"File not found: crawled_files/nsf.gov/Indicators-NEW-MEXICO.pdf (crawled 1 day(s) ago at 2026-03-10T01:18:24.625613+00:00). Possible causes: failed download, incomplete artifact transfer, or stale manifest entry from a previous run."
https://nsf-gov-resources.nsf.gov/files/Indicators-NEW-YORK.pdf,Indicators-NEW-YORK.pdf,nsf.gov,,,—,error,2026-03-10T01:18:24.626319+00:00,,,,,,,,,,,,,,,,,,,,,,,,,,,,"File not found: crawled_files/nsf.gov/Indicators-NEW-YORK.pdf (crawled 1 day(s) ago at 2026-03-10T01:18:24.626319+00:00). Possible causes: failed download, incomplete artifact transfer, or stale manifest entry from a previous run."
https://nsf-gov-resources.nsf.gov/files/Indicators-NORTH-CAROLINA.pdf,Indicators-NORTH-CAROLINA.pdf,nsf.gov,,,—,error,2026-03-10T01:18:24.627024+00:00,,,,,,,,,,,,,,,,,,,,,,,,,,,,"File not found: crawled_files/nsf.gov/Indicators-NORTH-CAROLINA.pdf (crawled 1 day(s) ago at 2026-03-10T01:18:24.627024+00:00). Possible causes: failed download, incomplete artifact transfer, or stale manifest entry from a previous run."
https://nsf-gov-resources.nsf.gov/files/Indicators-NORTH-DAKOTA.pdf,Indicators-NORTH-DAKOTA.pdf,nsf.gov,,,—,error,2026-03-10T01:18:24.627795+00:00,,,,,,,,,,,,,,,,,,,,,,,,,,,,"File not found: crawled_files/nsf.gov/Indicators-NORTH-DAKOTA.pdf (crawled 1 day(s) ago at 2026-03-10T01:18:24.627795+00:00). Possible causes: failed download, incomplete artifact transfer, or stale manifest entry from a previous run."
https://nsf-gov-resources.nsf.gov/files/Indicators-OHIO.pdf,Indicators-OHIO.pdf,nsf.gov,,,—,error,2026-03-10T01:18:24.628583+00:00,,,,,,,,,,,,,,,,,,,,,,,,,,,,"File not found: crawled_files/nsf.gov/Indicators-OHIO.pdf (crawled 1 day(s) ago at 2026-03-10T01:18:24.628583+00:00). Possible causes: failed download, incomplete artifact transfer, or stale manifest entry from a previous run."
https://nsf-gov-resources.nsf.gov/files/Indicators-OKLAHOMA.pdf,Indicators-OKLAHOMA.pdf,nsf.gov,,,—,error,2026-03-10T01:18:24.629369+00:00,,,,,,,,,,,,,,,,,,,,,,,,,,,,"File not found: crawled_files/nsf.gov/Indicators-OKLAHOMA.pdf (crawled 1 day(s) ago at 2026-03-10T01:18:24.629369+00:00). Possible causes: failed download, incomplete artifact transfer, or stale manifest entry from a previous run."
https://nsf-gov-resources.nsf.gov/files/Indicators-OREGON.pdf,Indicators-OREGON.pdf,nsf.gov,,,—,error,2026-03-10T01:18:24.630154+00:00,,,,,,,,,,,,,,,,,,,,,,,,,,,,"File not found: crawled_files/nsf.gov/Indicators-OREGON.pdf (crawled 1 day(s) ago at 2026-03-10T01:18:24.630154+00:00). Possible causes: failed download, incomplete artifact transfer, or stale manifest entry from a previous run."
https://nsf-gov-resources.nsf.gov/files/Indicators-PENNSYLVANIA.pdf,Indicators-PENNSYLVANIA.pdf,nsf.gov,,,—,error,2026-03-10T01:18:24.630968+00:00,,,,,,,,,,,,,,,,,,,,,,,,,,,,"File not found: crawled_files/nsf.gov/Indicators-PENNSYLVANIA.pdf (crawled 1 day(s) ago at 2026-03-10T01:18:24.630968+00:00). Possible causes: failed download, incomplete artifact transfer, or stale manifest entry from a previous run."
https://nsf-gov-resources.nsf.gov/files/Indicators-RHODE-ISLAND.pdf,Indicators-RHODE-ISLAND.pdf,nsf.gov,,,—,error,2026-03-10T01:18:24.631748+00:00,,,,,,,,,,,,,,,,,,,,,,,,,,,,"File not found: crawled_files/nsf.gov/Indicators-RHODE-ISLAND.pdf (crawled 1 day(s) ago at 2026-03-10T01:18:24.631748+00:00). Possible causes: failed download, incomplete artifact transfer, or stale manifest entry from a previous run."
https://nsf-gov-resources.nsf.gov/files/Indicators-SOUTH-CAROLINA.pdf,Indicators-SOUTH-CAROLINA.pdf,nsf.gov,,,—,error,2026-03-10T01:18:24.632544+00:00,,,,,,,,,,,,,,,,,,,,,,,,,,,,"File not found: crawled_files/nsf.gov/Indicators-SOUTH-CAROLINA.pdf (crawled 1 day(s) ago at 2026-03-10T01:18:24.632544+00:00). Possible causes: failed download, incomplete artifact transfer, or stale manifest entry from a previous run."
https://nsf-gov-resources.nsf.gov/files/Indicators-SOUTH-DAKOTA.pdf,Indicators-SOUTH-DAKOTA.pdf,nsf.gov,,,—,error,2026-03-10T01:18:24.633381+00:00,,,,,,,,,,,,,,,,,,,,,,,,,,,,"File not found: crawled_files/nsf.gov/Indicators-SOUTH-DAKOTA.pdf (crawled 1 day(s) ago at 2026-03-10T01:18:24.633381+00:00). Possible causes: failed download, incomplete artifact transfer, or stale manifest entry from a previous run."
https://nsf-gov-resources.nsf.gov/files/Indicators-TENNESSEE.pdf,Indicators-TENNESSEE.pdf,nsf.gov,,,—,error,2026-03-10T01:18:24.634178+00:00,,,,,,,,,,,,,,,,,,,,,,,,,,,,"File not found: crawled_files/nsf.gov/Indicators-TENNESSEE.pdf (crawled 1 day(s) ago at 2026-03-10T01:18:24.634178+00:00). Possible causes: failed download, incomplete artifact transfer, or stale manifest entry from a previous run."
https://nsf-gov-resources.nsf.gov/files/Indicators-TEXAS.pdf,Indicators-TEXAS.pdf,nsf.gov,,,—,error,2026-03-10T01:18:24.634988+00:00,,,,,,,,,,,,,,,,,,,,,,,,,,,,"File not found: crawled_files/nsf.gov/Indicators-TEXAS.pdf (crawled 1 day(s) ago at 2026-03-10T01:18:24.634988+00:00). Possible causes: failed download, incomplete artifact transfer, or stale manifest entry from a previous run."
https://nsf-gov-resources.nsf.gov/files/Indicators-UTAH.pdf,Indicators-UTAH.pdf,nsf.gov,,,—,error,2026-03-10T01:18:24.635770+00:00,,,,,,,,,,,,,,,,,,,,,,,,,,,,"File not found: crawled_files/nsf.gov/Indicators-UTAH.pdf (crawled 1 day(s) ago at 2026-03-10T01:18:24.635770+00:00). Possible causes: failed download, incomplete artifact transfer, or stale manifest entry from a previous run."
https://nsf-gov-resources.nsf.gov/files/Indicators-VERMONT.pdf,Indicators-VERMONT.pdf,nsf.gov,,,—,error,2026-03-10T01:18:24.636566+00:00,,,,,,,,,,,,,,,,,,,,,,,,,,,,"File not found: crawled_files/nsf.gov/Indicators-VERMONT.pdf (crawled 1 day(s) ago at 2026-03-10T01:18:24.636566+00:00). Possible causes: failed download, incomplete artifact transfer, or stale manifest entry from a previous run."
https://nsf-gov-resources.nsf.gov/files/Indicators-VIRGINIA.pdf,Indicators-VIRGINIA.pdf,nsf.gov,,,—,error,2026-03-10T01:18:24.637383+00:00,,,,,,,,,,,,,,,,,,,,,,,,,,,,"File not found: crawled_files/nsf.gov/Indicators-VIRGINIA.pdf (crawled 1 day(s) ago at 2026-03-10T01:18:24.637383+00:00). Possible causes: failed download, incomplete artifact transfer, or stale manifest entry from a previous run."
https://nsf-gov-resources.nsf.gov/files/Indicators-WASHINGTON.pdf,Indicators-WASHINGTON.pdf,nsf.gov,,,—,error,2026-03-10T01:18:24.638143+00:00,,,,,,,,,,,,,,,,,,,,,,,,,,,,"File not found: crawled_files/nsf.gov/Indicators-WASHINGTON.pdf (crawled 1 day(s) ago at 2026-03-10T01:18:24.638143+00:00). Possible causes: failed download, incomplete artifact transfer, or stale manifest entry from a previous run."
https://nsf-gov-resources.nsf.gov/files/Indicators-WEST-VIRGINIA.pdf,Indicators-WEST-VIRGINIA.pdf,nsf.gov,,,—,error,2026-03-10T01:18:24.638982+00:00,,,,,,,,,,,,,,,,,,,,,,,,,,,,"File not found: crawled_files/nsf.gov/Indicators-WEST-VIRGINIA.pdf (crawled 1 day(s) ago at 2026-03-10T01:18:24.638982+00:00). Possible causes: failed download, incomplete artifact transfer, or stale manifest entry from a previous run."
https://nsf-gov-resources.nsf.gov/files/Indicators-WISCONSIN.pdf,Indicators-WISCONSIN.pdf,nsf.gov,,,—,error,2026-03-10T01:18:24.639775+00:00,,,,,,,,,,,,,,,,,,,,,,,,,,,,"File not found: crawled_files/nsf.gov/Indicators-WISCONSIN.pdf (crawled 1 day(s) ago at 2026-03-10T01:18:24.639775+00:00). Possible causes: failed download, incomplete artifact transfer, or stale manifest entry from a previous run."
https://nsf-gov-resources.nsf.gov/files/Indicators-WYOMING.pdf,Indicators-WYOMING.pdf,nsf.gov,,,—,error,2026-03-10T01:18:24.640558+00:00,,,,,,,,,,,,,,,,,,,,,,,,,,,,"File not found: crawled_files/nsf.gov/Indicators-WYOMING.pdf (crawled 1 day(s) ago at 2026-03-10T01:18:24.640558+00:00). Possible causes: failed download, incomplete artifact transfer, or stale manifest entry from a previous run."
https://nsf-gov-resources.nsf.gov/files/Iowa-State-University-OIG-Report-24-1-012.pdf,Iowa-State-University-OIG-Report-24-1-012.pdf,nsf.gov,,,—,error,2026-03-10T01:18:24.641199+00:00,,,,,,,,,,,,,,,,,,,,,,,,,,,,"File not found: crawled_files/nsf.gov/Iowa-State-University-OIG-Report-24-1-012.pdf (crawled 1 day(s) ago at 2026-03-10T01:18:24.641199+00:00). Possible causes: failed download, incomplete artifact transfer, or stale manifest entry from a previous run."
https://nsf-gov-resources.nsf.gov/files/Merit-Review-Changing-Landscape-2025.pdf,Merit-Review-Changing-Landscape-2025.pdf,nsf.gov,,,—,error,2026-03-10T01:18:24.656498+00:00,,,,,,,,,,,,,,,,,,,,,,,,,,,,"File not found: crawled_files/nsf.gov/Merit-Review-Changing-Landscape-2025.pdf (crawled 1 day(s) ago at 2026-03-10T01:18:24.656498+00:00). Possible causes: failed download, incomplete artifact transfer, or stale manifest entry from a previous run."
https://nsf-gov-resources.nsf.gov/files/Merit-Review-Changing-Landscape-2025.pdf?VersionId=YYGYSNvNKnW0JQTiji_iPHFXYDLPa0Xk,Merit-Review-Changing-Landscape-2025.pdf?VersionId=YYGYSNvNKnW0JQTiji_iPHFXYDLPa0Xk,nsf.gov,,,—,error,2026-03-10T01:18:24.671618+00:00,,,,,,,,,,,,,,,,,,,,,,,,,,,,"File not found: crawled_files/nsf.gov/Merit-Review-Changing-Landscape-2025.pdf?VersionId=YYGYSNvNKnW0JQTiji_iPHFXYDLPa0Xk (crawled 1 day(s) ago at 2026-03-10T01:18:24.671618+00:00). Possible causes: failed download, incomplete artifact transfer, or stale manifest entry from a previous run."
https://nsf-gov-resources.nsf.gov/files/Montana-State-University-OIG-Report-24-1-006.pdf,Montana-State-University-OIG-Report-24-1-006.pdf,nsf.gov,,,—,error,2026-03-10T01:18:24.672154+00:00,,,,,,,,,,,,,,,,,,,,,,,,,,,,"File not found: crawled_files/nsf.gov/Montana-State-University-OIG-Report-24-1-006.pdf (crawled 1 day(s) ago at 2026-03-10T01:18:24.672154+00:00). Possible causes: failed download, incomplete artifact transfer, or stale manifest entry from a previous run."
https://nsf-gov-resources.nsf.gov/files/NAIRR-2-Year-Progress-Update.pdf?VersionId=rPBRmrQGywlcbucdkNLSHgOWcYlUV1ZT,NAIRR-2-Year-Progress-Update.pdf?VersionId=rPBRmrQGywlcbucdkNLSHgOWcYlUV1ZT,nsf.gov,,,—,error,2026-03-10T01:18:24.685437+00:00,,,,,,,,,,,,,,,,,,,,,,,,,,,,"File not found: crawled_files/nsf.gov/NAIRR-2-Year-Progress-Update.pdf?VersionId=rPBRmrQGywlcbucdkNLSHgOWcYlUV1ZT (crawled 1 day(s) ago at 2026-03-10T01:18:24.685437+00:00). Possible causes: failed download, incomplete artifact transfer, or stale manifest entry from a previous run."
https://nsf-gov-resources.nsf.gov/files/NAIRR-TF-Agenda-01132023.pdf?VersionId=QRs2PXwxSsD6ETYGRc6A9Sj7IC04lEse,NAIRR-TF-Agenda-01132023.pdf?VersionId=QRs2PXwxSsD6ETYGRc6A9Sj7IC04lEse,nsf.gov,,139572,136.3 KB,error,2026-03-10T01:18:24.685902+00:00,,,,,,,,,,,,,,,,,,,,,,,,,,,,Stale manifest entry: file not found after 2+ days (crawled_at: 2026-03-10T01:18:24.685902+00:00). The file was probably downloaded in a previous run whose crawled_files directory is no longer available.
https://nsf-gov-resources.nsf.gov/files/NAIRR-TF-Agenda-02162022.pdf?VersionId=Hl00a.7psq5ac4p_ZqCOTMvsujQk3ToS,NAIRR-TF-Agenda-02162022.pdf?VersionId=Hl00a.7psq5ac4p_ZqCOTMvsujQk3ToS,nsf.gov,,188655,184.2 KB,error,2026-03-10T01:18:24.686447+00:00,,,,,,,,,,,,,,,,,,,,,,,,,,,,Stale manifest entry: file not found after 2+ days (crawled_at: 2026-03-10T01:18:24.686447+00:00). The file was probably downloaded in a previous run whose crawled_files directory is no longer available.
https://nsf-gov-resources.nsf.gov/files/NAIRR-TF-Agenda-04082021.pdf?VersionId=IstCcDCkmF6ynpOCbsnhcZ3TMQfFle0b,NAIRR-TF-Agenda-04082021.pdf?VersionId=IstCcDCkmF6ynpOCbsnhcZ3TMQfFle0b,nsf.gov,,179755,175.5 KB,error,2026-03-10T01:18:24.686973+00:00,,,,,,,,,,,,,,,,,,,,,,,,,,,,Stale manifest entry: file not found after 2+ days (crawled_at: 2026-03-10T01:18:24.686973+00:00). The file was probably downloaded in a previous run whose crawled_files directory is no longer available.
https://nsf-gov-resources.nsf.gov/files/NAIRR-TF-Agenda-05202022.pdf?VersionId=BKcoxtfjQHwZ3UkfxmiNwQlDOEMFfvGa,NAIRR-TF-Agenda-05202022.pdf?VersionId=BKcoxtfjQHwZ3UkfxmiNwQlDOEMFfvGa,nsf.gov,,140842,137.5 KB,error,2026-03-10T01:18:24.687427+00:00,,,,,,,,,,,,,,,,,,,,,,,,,,,,Stale manifest entry: file not found after 2+ days (crawled_at: 2026-03-10T01:18:24.687427+00:00). The file was probably downloaded in a previous run whose crawled_files directory is no longer available.
https://nsf-gov-resources.nsf.gov/files/NAIRR-TF-Agenda-07252022.pdf?VersionId=NRuKbZC4em_DoE7zi9tSxA_R_rh3WeHo,NAIRR-TF-Agenda-07252022.pdf?VersionId=NRuKbZC4em_DoE7zi9tSxA_R_rh3WeHo,nsf.gov,,158111,154.4 KB,error,2026-03-10T01:18:24.687906+00:00,,,,,,,,,,,,,,,,,,,,,,,,,,,,Stale manifest entry: file not found after 2+ days (crawled_at: 2026-03-10T01:18:24.687906+00:00). The file was probably downloaded in a previous run whose crawled_files directory is no longer available.
https://nsf-gov-resources.nsf.gov/files/NAIRR-TF-Agenda-07282021.pdf?VersionId=Wa1i7NGNwuSBwctDgCLvnATPUgDGxK3I,NAIRR-TF-Agenda-07282021.pdf?VersionId=Wa1i7NGNwuSBwctDgCLvnATPUgDGxK3I,nsf.gov,,170678,166.7 KB,error,2026-03-10T01:18:24.688520+00:00,,,,,,,,,,,,,,,,,,,,,,,,,,,,Stale manifest entry: file not found after 2+ days (crawled_at: 2026-03-10T01:18:24.688520+00:00). The file was probably downloaded in a previous run whose crawled_files directory is no longer available.
https://nsf-gov-resources.nsf.gov/files/NAIRR-TF-Agenda-08302021.pdf?VersionId=ehkbPIZB6Uac.K0JCODfuzLB.4FOWnOw,NAIRR-TF-Agenda-08302021.pdf?VersionId=ehkbPIZB6Uac.K0JCODfuzLB.4FOWnOw,nsf.gov,,175718,171.6 KB,error,2026-03-10T01:18:24.689060+00:00,,,,,,,,,,,,,,,,,,,,,,,,,,,,Stale manifest entry: file not found after 2+ days (crawled_at: 2026-03-10T01:18:24.689060+00:00). The file was probably downloaded in a previous run whose crawled_files directory is no longer available.
https://nsf-gov-resources.nsf.gov/files/NAIRR-TF-Agenda-09122022.pdf?VersionId=TLxrwxABnvO12Eh6KgpfkD02.gUNZzzP,NAIRR-TF-Agenda-09122022.pdf?VersionId=TLxrwxABnvO12Eh6KgpfkD02.gUNZzzP,nsf.gov,,160205,156.5 KB,error,2026-03-10T01:18:24.689547+00:00,,,,,,,,,,,,,,,,,,,,,,,,,,,,Stale manifest entry: file not found after 2+ days (crawled_at: 2026-03-10T01:18:24.689547+00:00). The file was probably downloaded in a previous run whose crawled_files directory is no longer available.
https://nsf-gov-resources.nsf.gov/files/NAIRR-TF-Agenda-10212022.pdf?VersionId=GuQRYKe5VSHTrOYbh.uCoxxt6wLNVKpF,NAIRR-TF-Agenda-10212022.pdf?VersionId=GuQRYKe5VSHTrOYbh.uCoxxt6wLNVKpF,nsf.gov,,130604,127.5 KB,error,2026-03-10T01:18:24.689998+00:00,,,,,,,,,,,,,,,,,,,,,,,,,,,,Stale manifest entry: file not found after 2+ days (crawled_at: 2026-03-10T01:18:24.689998+00:00). The file was probably downloaded in a previous run whose crawled_files directory is no longer available.
https://nsf-gov-resources.nsf.gov/files/NAIRR-TF-Agenda-10252021.pdf?VersionId=8q0UPs4QgcqfXLvfaWCKZ8EaUOR0IGiw,NAIRR-TF-Agenda-10252021.pdf?VersionId=8q0UPs4QgcqfXLvfaWCKZ8EaUOR0IGiw,nsf.gov,,171081,167.1 KB,error,2026-03-10T01:18:24.690550+00:00,,,,,,,,,,,,,,,,,,,,,,,,,,,,Stale manifest entry: file not found after 2+ days (crawled_at: 2026-03-10T01:18:24.690550+00:00). The file was probably downloaded in a previous run whose crawled_files directory is no longer available.
https://nsf-gov-resources.nsf.gov/files/NAIRR-TF-Agenda-12132021.pdf?VersionId=7jSHuY6tft1hv1yC0qR6PJcIHMjbZ8Sv,NAIRR-TF-Agenda-12132021.pdf?VersionId=7jSHuY6tft1hv1yC0qR6PJcIHMjbZ8Sv,nsf.gov,,170233,166.2 KB,error,2026-03-10T01:18:24.691078+00:00,,,,,,,,,,,,,,,,,,,,,,,,,,,,Stale manifest entry: file not found after 2+ days (crawled_at: 2026-03-10T01:18:24.691078+00:00). The file was probably downloaded in a previous run whose crawled_files directory is no longer available.
https://nsf-gov-resources.nsf.gov/files/NAIRR-TF-Interim-Report-2022.pdf?VersionId=.yhXZ_u9o_213S2qQHLt6BMTtmhQWoJe,NAIRR-TF-Interim-Report-2022.pdf?VersionId=.yhXZ_u9o_213S2qQHLt6BMTtmhQWoJe,nsf.gov,,2000928,1.9 MB,error,2026-03-10T01:18:24.694506+00:00,,,,,,,,,,,,,,,,,,,,,,,,,,,,Stale manifest entry: file not found after 2+ days (crawled_at: 2026-03-10T01:18:24.694506+00:00). The file was probably downloaded in a previous run whose crawled_files directory is no longer available.
https://nsf-gov-resources.nsf.gov/files/NAIRR-TF-Meeting-Minutes-01132023.pdf?VersionId=Qnt71pnkKDC21R0.RKgEHOe4jXOUGQFJ,NAIRR-TF-Meeting-Minutes-01132023.pdf?VersionId=Qnt71pnkKDC21R0.RKgEHOe4jXOUGQFJ,nsf.gov,,166600,162.7 KB,error,2026-03-10T01:18:24.695022+00:00,,,,,,,,,,,,,,,,,,,,,,,,,,,,Stale manifest entry: file not found after 2+ days (crawled_at: 2026-03-10T01:18:24.695022+00:00). The file was probably downloaded in a previous run whose crawled_files directory is no longer available.
https://nsf-gov-resources.nsf.gov/files/NAIRR-TF-Meeting-Minutes-02162022.pdf?VersionId=AUZPhcSfklfqn84b4UNWg6t67OfU9kPD,NAIRR-TF-Meeting-Minutes-02162022.pdf?VersionId=AUZPhcSfklfqn84b4UNWg6t67OfU9kPD,nsf.gov,,200596,195.9 KB,error,2026-03-10T01:18:24.695571+00:00,,,,,,,,,,,,,,,,,,,,,,,,,,,,Stale manifest entry: file not found after 2+ days (crawled_at: 2026-03-10T01:18:24.695571+00:00). The file was probably downloaded in a previous run whose crawled_files directory is no longer available.
https://nsf-gov-resources.nsf.gov/files/NAIRR-TF-Meeting-Minutes-04082022.pdf?VersionId=ODjOGcm99EE6rlcUNZlYw1wveWtdBd89,NAIRR-TF-Meeting-Minutes-04082022.pdf?VersionId=ODjOGcm99EE6rlcUNZlYw1wveWtdBd89,nsf.gov,,177972,173.8 KB,error,2026-03-10T01:18:24.696111+00:00,,,,,,,,,,,,,,,,,,,,,,,,,,,,Stale manifest entry: file not found after 2+ days (crawled_at: 2026-03-10T01:18:24.696111+00:00). The file was probably downloaded in a previous run whose crawled_files directory is no longer available.
https://nsf-gov-resources.nsf.gov/files/NAIRR-TF-Meeting-Minutes-05202022.pdf?VersionId=EmB3i4KtNMWw7lC9fqrMhGb_l42QsyKh,NAIRR-TF-Meeting-Minutes-05202022.pdf?VersionId=EmB3i4KtNMWw7lC9fqrMhGb_l42QsyKh,nsf.gov,,168903,164.9 KB,error,2026-03-10T01:18:24.696616+00:00,,,,,,,,,,,,,,,,,,,,,,,,,,,,Stale manifest entry: file not found after 2+ days (crawled_at: 2026-03-10T01:18:24.696616+00:00). The file was probably downloaded in a previous run whose crawled_files directory is no longer available.
https://nsf-gov-resources.nsf.gov/files/NAIRR-TF-Meeting-Minutes-07252022.pdf?VersionId=l09_CKba6WQDYs48AszVuByN1iuDj9LI,NAIRR-TF-Meeting-Minutes-07252022.pdf?VersionId=l09_CKba6WQDYs48AszVuByN1iuDj9LI,nsf.gov,,178082,173.9 KB,error,2026-03-10T01:18:24.697144+00:00,,,,,,,,,,,,,,,,,,,,,,,,,,,,Stale manifest entry: file not found after 2+ days (crawled_at: 2026-03-10T01:18:24.697144+00:00). The file was probably downloaded in a previous run whose crawled_files directory is no longer available.
https://nsf-gov-resources.nsf.gov/files/NAIRR-TF-Meeting-Minutes-07282021.pdf?VersionId=lAyw.PkRiEV_CVsaObfnibEN5_FOdcVx,NAIRR-TF-Meeting-Minutes-07282021.pdf?VersionId=lAyw.PkRiEV_CVsaObfnibEN5_FOdcVx,nsf.gov,,161922,158.1 KB,error,2026-03-10T01:18:24.697636+00:00,,,,,,,,,,,,,,,,,,,,,,,,,,,,Stale manifest entry: file not found after 2+ days (crawled_at: 2026-03-10T01:18:24.697636+00:00). The file was probably downloaded in a previous run whose crawled_files directory is no longer available.
https://nsf-gov-resources.nsf.gov/files/NAIRR-TF-Meeting-Minutes-08302021.pdf?VersionId=D47RXei6ZIMK21NWv717PBV3sSdX6qCS,NAIRR-TF-Meeting-Minutes-08302021.pdf?VersionId=D47RXei6ZIMK21NWv717PBV3sSdX6qCS,nsf.gov,,167126,163.2 KB,error,2026-03-10T01:18:24.698146+00:00,,,,,,,,,,,,,,,,,,,,,,,,,,,,Stale manifest entry: file not found after 2+ days (crawled_at: 2026-03-10T01:18:24.698146+00:00). The file was probably downloaded in a previous run whose crawled_files directory is no longer available.
https://nsf-gov-resources.nsf.gov/files/NAIRR-TF-Meeting-Minutes-09122022.pdf?VersionId=wLRTZS5KIKQYm9NkJQtfpQwrgkH6Qj0q,NAIRR-TF-Meeting-Minutes-09122022.pdf?VersionId=wLRTZS5KIKQYm9NkJQtfpQwrgkH6Qj0q,nsf.gov,,187360,183.0 KB,error,2026-03-10T01:18:24.698685+00:00,,,,,,,,,,,,,,,,,,,,,,,,,,,,Stale manifest entry: file not found after 2+ days (crawled_at: 2026-03-10T01:18:24.698685+00:00). The file was probably downloaded in a previous run whose crawled_files directory is no longer available.
https://nsf-gov-resources.nsf.gov/files/NAIRR-TF-Meeting-Minutes-10212022.pdf?VersionId=0glvbx4zIY4nHIQEip3MQtcor33q729O,NAIRR-TF-Meeting-Minutes-10212022.pdf?VersionId=0glvbx4zIY4nHIQEip3MQtcor33q729O,nsf.gov,,159840,156.1 KB,error,2026-03-10T01:18:24.699178+00:00,,,,,,,,,,,,,,,,,,,,,,,,,,,,Stale manifest entry: file not found after 2+ days (crawled_at: 2026-03-10T01:18:24.699178+00:00). The file was probably downloaded in a previous run whose crawled_files directory is no longer available.
https://nsf-gov-resources.nsf.gov/files/NAIRR-TF-Meeting-Minutes-10252021.pdf?VersionId=VP.RyaOT3G8ZNPOw8RxM94wmbu0Ou8_s,NAIRR-TF-Meeting-Minutes-10252021.pdf?VersionId=VP.RyaOT3G8ZNPOw8RxM94wmbu0Ou8_s,nsf.gov,,168740,164.8 KB,error,2026-03-10T01:18:24.699675+00:00,,,,,,,,,,,,,,,,,,,,,,,,,,,,Stale manifest entry: file not found after 2+ days (crawled_at: 2026-03-10T01:18:24.699675+00:00). The file was probably downloaded in a previous run whose crawled_files directory is no longer available.
https://nsf-gov-resources.nsf.gov/files/NAIRR-TF-Meeting-Minutes-12132021.pdf?VersionId=m55H9iR0ci0J67jz6pYzOgSYG5kWIZcQ,NAIRR-TF-Meeting-Minutes-12132021.pdf?VersionId=m55H9iR0ci0J67jz6pYzOgSYG5kWIZcQ,nsf.gov,,203327,198.6 KB,error,2026-03-10T01:18:24.700253+00:00,,,,,,,,,,,,,,,,,,,,,,,,,,,,Stale manifest entry: file not found after 2+ days (crawled_at: 2026-03-10T01:18:24.700253+00:00). The file was probably downloaded in a previous run whose crawled_files directory is no longer available.
https://nsf-gov-resources.nsf.gov/files/NAIRR-TF-Presentations-01132023.pdf?VersionId=uxuCEielRZm5BVGMnb3uJ0x8XQQZ4iOl,NAIRR-TF-Presentations-01132023.pdf?VersionId=uxuCEielRZm5BVGMnb3uJ0x8XQQZ4iOl,nsf.gov,,742060,724.7 KB,error,2026-03-10T01:18:24.701672+00:00,,,,,,,,,,,,,,,,,,,,,,,,,,,,Stale manifest entry: file not found after 2+ days (crawled_at: 2026-03-10T01:18:24.701672+00:00). The file was probably downloaded in a previous run whose crawled_files directory is no longer available.
https://nsf-gov-resources.nsf.gov/files/NAIRR-TF-Presentations-02162022.pdf?VersionId=9jZHOC6wBLQWdYjy19iKwVwuhGSYwOgY,NAIRR-TF-Presentations-02162022.pdf?VersionId=9jZHOC6wBLQWdYjy19iKwVwuhGSYwOgY,nsf.gov,,1478537,1.4 MB,error,2026-03-10T01:18:24.704256+00:00,,,,,,,,,,,,,,,,,,,,,,,,,,,,Stale manifest entry: file not found after 2+ days (crawled_at: 2026-03-10T01:18:24.704256+00:00). The file was probably downloaded in a previous run whose crawled_files directory is no longer available.
https://nsf-gov-resources.nsf.gov/files/NAIRR-TF-Presentations-04082022.pdf?VersionId=sRX7kwH5x2FKQIvVAUAP5DPcXkl4b9wu,NAIRR-TF-Presentations-04082022.pdf?VersionId=sRX7kwH5x2FKQIvVAUAP5DPcXkl4b9wu,nsf.gov,,1275405,1.2 MB,error,2026-03-10T01:18:24.706506+00:00,,,,,,,,,,,,,,,,,,,,,,,,,,,,Stale manifest entry: file not found after 2+ days (crawled_at: 2026-03-10T01:18:24.706506+00:00). The file was probably downloaded in a previous run whose crawled_files directory is no longer available.
https://nsf-gov-resources.nsf.gov/files/NAIRR-TF-Presentations-05202022.pdf?VersionId=jKV9UNLLBw6XmKD0YPdTMpqKks21VitK,NAIRR-TF-Presentations-05202022.pdf?VersionId=jKV9UNLLBw6XmKD0YPdTMpqKks21VitK,nsf.gov,,935332,913.4 KB,error,2026-03-10T01:18:24.708253+00:00,,,,,,,,,,,,,,,,,,,,,,,,,,,,Stale manifest entry: file not found after 2+ days (crawled_at: 2026-03-10T01:18:24.708253+00:00). The file was probably downloaded in a previous run whose crawled_files directory is no longer available.
https://nsf-gov-resources.nsf.gov/files/NAIRR-TF-Presentations-07252022.pdf?VersionId=fVrTn30CwdAKgVx2n3vypOfYF5kDXsXx,NAIRR-TF-Presentations-07252022.pdf?VersionId=fVrTn30CwdAKgVx2n3vypOfYF5kDXsXx,nsf.gov,,3974959,3.8 MB,error,2026-03-10T01:18:24.714772+00:00,,,,,,,,,,,,,,,,,,,,,,,,,,,,Stale manifest entry: file not found after 2+ days (crawled_at: 2026-03-10T01:18:24.714772+00:00). The file was probably downloaded in a previous run whose crawled_files directory is no longer available.
https://nsf-gov-resources.nsf.gov/files/NAIRR-TF-Presentations-07282021.pdf?VersionId=oe76jymBnRU4.h6gu3mAkfgQ3OXfhsAZ,NAIRR-TF-Presentations-07282021.pdf?VersionId=oe76jymBnRU4.h6gu3mAkfgQ3OXfhsAZ,nsf.gov,,13254626,12.6 MB,error,2026-03-10T01:18:24.736040+00:00,,,,,,,,,,,,,,,,,,,,,,,,,,,,Stale manifest entry: file not found after 2+ days (crawled_at: 2026-03-10T01:18:24.736040+00:00). The file was probably downloaded in a previous run whose crawled_files directory is no longer available.
https://nsf-gov-resources.nsf.gov/files/NAIRR-TF-Presentations-08302021.pdf?VersionId=Bgfg.J4.5UvFm1xQ0x4Ls6jng.Id9PGe,NAIRR-TF-Presentations-08302021.pdf?VersionId=Bgfg.J4.5UvFm1xQ0x4Ls6jng.Id9PGe,nsf.gov,,1033719,1009.5 KB,error,2026-03-10T01:18:24.737963+00:00,,,,,,,,,,,,,,,,,,,,,,,,,,,,Stale manifest entry: file not found after 2+ days (crawled_at: 2026-03-10T01:18:24.737963+00:00). The file was probably downloaded in a previous run whose crawled_files directory is no longer available.
https://nsf-gov-resources.nsf.gov/files/NAIRR-TF-Presentations-09122022.pdf?VersionId=gqmPfBP9xbfUQEw0m5H7M5GIyVmotBfL,NAIRR-TF-Presentations-09122022.pdf?VersionId=gqmPfBP9xbfUQEw0m5H7M5GIyVmotBfL,nsf.gov,,3621466,3.5 MB,error,2026-03-10T01:18:24.743927+00:00,,,,,,,,,,,,,,,,,,,,,,,,,,,,Stale manifest entry: file not found after 2+ days (crawled_at: 2026-03-10T01:18:24.743927+00:00). The file was probably downloaded in a previous run whose crawled_files directory is no longer available.
https://nsf-gov-resources.nsf.gov/files/NAIRR-TF-Presentations-10212022.pdf?VersionId=1rLJCtjsm3IPli.O6cSYI2QhIGIrWK35,NAIRR-TF-Presentations-10212022.pdf?VersionId=1rLJCtjsm3IPli.O6cSYI2QhIGIrWK35,nsf.gov,,1834221,1.7 MB,error,2026-03-10T01:18:24.747102+00:00,,,,,,,,,,,,,,,,,,,,,,,,,,,,Stale manifest entry: file not found after 2+ days (crawled_at: 2026-03-10T01:18:24.747102+00:00). The file was probably downloaded in a previous run whose crawled_files directory is no longer available.
https://nsf-gov-resources.nsf.gov/files/NAIRR-TF-Presentations-10252021.pdf?VersionId=pO2JQc1Ze.AyJT.J7Nx3kINcCh_1P.Fs,NAIRR-TF-Presentations-10252021.pdf?VersionId=pO2JQc1Ze.AyJT.J7Nx3kINcCh_1P.Fs,nsf.gov,,26735640,25.5 MB,error,2026-03-10T01:18:24.789592+00:00,,,,,,,,,,,,,,,,,,,,,,,,,,,,Stale manifest entry: file not found after 2+ days (crawled_at: 2026-03-10T01:18:24.789592+00:00). The file was probably downloaded in a previous run whose crawled_files directory is no longer available.
https://nsf-gov-resources.nsf.gov/files/NAIRR-TF-Presentations-12132021.pdf?VersionId=LI.TE9oXWVyVoCCGBmS6N84vUOkgi9HO,NAIRR-TF-Presentations-12132021.pdf?VersionId=LI.TE9oXWVyVoCCGBmS6N84vUOkgi9HO,nsf.gov,,2260801,2.2 MB,error,2026-03-10T01:18:24.793431+00:00,,,,,,,,,,,,,,,,,,,,,,,,,,,,Stale manifest entry: file not found after 2+ days (crawled_at: 2026-03-10T01:18:24.793431+00:00). The file was probably downloaded in a previous run whose crawled_files directory is no longer available.
https://nsf-gov-resources.nsf.gov/2023-09/NASEM-Report.pdf?VersionId=rzLokBbl9Yw2vscRhztc6ezG94SgWI5c,NASEM-Report.pdf?VersionId=rzLokBbl9Yw2vscRhztc6ezG94SgWI5c,nsf.gov,,,—,error,2026-03-10T01:18:24.797850+00:00,,,,,,,,,,,,,,,,,,,,,,,,,,,,"File not found: crawled_files/nsf.gov/NASEM-Report.pdf?VersionId=rzLokBbl9Yw2vscRhztc6ezG94SgWI5c (crawled 1 day(s) ago at 2026-03-10T01:18:24.797850+00:00). Possible causes: failed download, incomplete artifact transfer, or stale manifest entry from a previous run."
https://nsf-gov-resources.nsf.gov/2023-04/NDL%20Exploratory%20Analysis%20Memo_508c_0.pdf?VersionId=y0wqzEgYNyLfb5l.NOa6ji5iCJ3QO1g3,NDL%20Exploratory%20Analysis%20Memo_508c_0.pdf?VersionId=y0wqzEgYNyLfb5l.NOa6ji5iCJ3QO1g3,nsf.gov,,,—,error,2026-03-10T01:18:24.801105+00:00,,,,,,,,,,,,,,,,,,,,,,,,,,,,"File not found: crawled_files/nsf.gov/NDL%20Exploratory%20Analysis%20Memo_508c_0.pdf?VersionId=y0wqzEgYNyLfb5l.NOa6ji5iCJ3QO1g3 (crawled 1 day(s) ago at 2026-03-10T01:18:24.801105+00:00). Possible causes: failed download, incomplete artifact transfer, or stale manifest entry from a previous run."
https://nsf-gov-resources.nsf.gov/2023-04/NDL%20Literature%20Review%20Final%20508c_0.pdf?VersionId=Nj5cSUmHmRCfh5FnxJV_lFHRn_ZwGNbg,NDL%20Literature%20Review%20Final%20508c_0.pdf?VersionId=Nj5cSUmHmRCfh5FnxJV_lFHRn_ZwGNbg,nsf.gov,,,—,error,2026-03-10T01:18:24.805907+00:00,,,,,,,,,,,,,,,,,,,,,,,,,,,,"File not found: crawled_files/nsf.gov/NDL%20Literature%20Review%20Final%20508c_0.pdf?VersionId=Nj5cSUmHmRCfh5FnxJV_lFHRn_ZwGNbg (crawled 1 day(s) ago at 2026-03-10T01:18:24.805907+00:00). Possible causes: failed download, incomplete artifact transfer, or stale manifest entry from a previous run."
https://nsf-gov-resources.nsf.gov/files/NSB-China-2018.pdf,NSB-China-2018.pdf,nsf.gov,,,—,error,2026-03-10T01:18:24.806838+00:00,,,,,,,,,,,,,,,,,,,,,,,,,,,,"File not found: crawled_files/nsf.gov/NSB-China-2018.pdf (crawled 1 day(s) ago at 2026-03-10T01:18:24.806838+00:00). Possible causes: failed download, incomplete artifact transfer, or stale manifest entry from a previous run."
https://nsf-gov-resources.nsf.gov/files/NSB-Feb25-schedule.pdf?VersionId=iVwB6Oe1NmH2TSNOdJk632j7qgNXsJLr,NSB-Feb25-schedule.pdf?VersionId=iVwB6Oe1NmH2TSNOdJk632j7qgNXsJLr,nsf.gov,,,—,error,2026-03-10T01:18:24.807343+00:00,,,,,,,,,,,,,,,,,,,,,,,,,,,,"File not found: crawled_files/nsf.gov/NSB-Feb25-schedule.pdf?VersionId=iVwB6Oe1NmH2TSNOdJk632j7qgNXsJLr (crawled 1 day(s) ago at 2026-03-10T01:18:24.807343+00:00). Possible causes: failed download, incomplete artifact transfer, or stale manifest entry from a previous run."
https://nsf-gov-resources.nsf.gov/files/NSB-Higher-Ed-Public-Good-One-Pager.pdf,NSB-Higher-Ed-Public-Good-One-Pager.pdf,nsf.gov,,,—,error,2026-03-10T01:18:24.808695+00:00,,,,,,,,,,,,,,,,,,,,,,,,,,,,"File not found: crawled_files/nsf.gov/NSB-Higher-Ed-Public-Good-One-Pager.pdf (crawled 1 day(s) ago at 2026-03-10T01:18:24.808695+00:00). Possible causes: failed download, incomplete artifact transfer, or stale manifest entry from a previous run."
https://nsf-gov-resources.nsf.gov/files/NSB-SEI-Foreign-Born.pdf,NSB-SEI-Foreign-Born.pdf,nsf.gov,,,—,error,2026-03-10T01:18:24.809171+00:00,,,,,,,,,,,,,,,,,,,,,,,,,,,,"File not found: crawled_files/nsf.gov/NSB-SEI-Foreign-Born.pdf (crawled 1 day(s) ago at 2026-03-10T01:18:24.809171+00:00). Possible causes: failed download, incomplete artifact transfer, or stale manifest entry from a previous run."
https://nsf-gov-resources.nsf.gov/files/NSB-STEM-workforce-1.pdf,NSB-STEM-workforce-1.pdf,nsf.gov,,,—,error,2026-03-10T01:18:24.810529+00:00,,,,,,,,,,,,,,,,,,,,,,,,,,,,"File not found: crawled_files/nsf.gov/NSB-STEM-workforce-1.pdf (crawled 1 day(s) ago at 2026-03-10T01:18:24.810529+00:00). Possible causes: failed download, incomplete artifact transfer, or stale manifest entry from a previous run."
https://nsf-gov-resources.nsf.gov/files/NSB-STEM-workforce-2.pdf,NSB-STEM-workforce-2.pdf,nsf.gov,,,—,error,2026-03-10T01:18:24.811319+00:00,,,,,,,,,,,,,,,,,,,,,,,,,,,,"File not found: crawled_files/nsf.gov/NSB-STEM-workforce-2.pdf (crawled 1 day(s) ago at 2026-03-10T01:18:24.811319+00:00). Possible causes: failed download, incomplete artifact transfer, or stale manifest entry from a previous run."
https://nsf-gov-resources.nsf.gov/files/NSB-STW-One-Pager.pdf,NSB-STW-One-Pager.pdf,nsf.gov,,,—,error,2026-03-10T01:18:24.812836+00:00,,,,,,,,,,,,,,,,,,,,,,,,,,,,"File not found: crawled_files/nsf.gov/NSB-STW-One-Pager.pdf (crawled 1 day(s) ago at 2026-03-10T01:18:24.812836+00:00). Possible causes: failed download, incomplete artifact transfer, or stale manifest entry from a previous run."
https://nsf-gov-resources.nsf.gov/files/NSB-Vision-2030-One-Pager.pdf,NSB-Vision-2030-One-Pager.pdf,nsf.gov,,,—,error,2026-03-10T01:18:24.816690+00:00,,,,,,,,,,,,,,,,,,,,,,,,,,,,"File not found: crawled_files/nsf.gov/NSB-Vision-2030-One-Pager.pdf (crawled 1 day(s) ago at 2026-03-10T01:18:24.816690+00:00). Possible causes: failed download, incomplete artifact transfer, or stale manifest entry from a previous run."
https://nsf-gov-resources.nsf.gov/2023-04/NSF%20Annual%20Evaluation%20Plan%20FY2023%20Final.pdf?VersionId=KKWVtXsq_VLEUk6k7HHP8hcLbsLzHXpj,NSF%20Annual%20Evaluation%20Plan%20FY2023%20Final.pdf?VersionId=KKWVtXsq_VLEUk6k7HHP8hcLbsLzHXpj,nsf.gov,,,—,error,2026-03-10T01:18:24.832110+00:00,,,,,,,,,,,,,,,,,,,,,,,,,,,,"File not found: crawled_files/nsf.gov/NSF%20Annual%20Evaluation%20Plan%20FY2023%20Final.pdf?VersionId=KKWVtXsq_VLEUk6k7HHP8hcLbsLzHXpj (crawled 1 day(s) ago at 2026-03-10T01:18:24.832110+00:00). Possible causes: failed download, incomplete artifact transfer, or stale manifest entry from a previous run."
https://nsf-gov-resources.nsf.gov/2023-04/NSF%20Anti-harassment%20Findings_TechnicalAppendix_508compliant_0.pdf?VersionId=3S5ciGgmZHu3svIR09lIBmYmPoVgRs75,NSF%20Anti-harassment%20Findings_TechnicalAppendix_508compliant_0.pdf?VersionId=3S5ciGgmZHu3svIR09lIBmYmPoVgRs75,nsf.gov,,,—,error,2026-03-10T01:18:24.833677+00:00,,,,,,,,,,,,,,,,,,,,,,,,,,,,"File not found: crawled_files/nsf.gov/NSF%20Anti-harassment%20Findings_TechnicalAppendix_508compliant_0.pdf?VersionId=3S5ciGgmZHu3svIR09lIBmYmPoVgRs75 (crawled 1 day(s) ago at 2026-03-10T01:18:24.833677+00:00). Possible causes: failed download, incomplete artifact transfer, or stale manifest entry from a previous run."
https://nsf-gov-resources.nsf.gov/2023-04/NSF%20Capacity%20Assessment%20Report%20Final%20March%202022.pdf?VersionId=4Blzi8gxBmxs3E7FTs9TYBTSA6HCHnXh,NSF%20Capacity%20Assessment%20Report%20Final%20March%202022.pdf?VersionId=4Blzi8gxBmxs3E7FTs9TYBTSA6HCHnXh,nsf.gov,,,—,error,2026-03-10T01:18:24.845515+00:00,,,,,,,,,,,,,,,,,,,,,,,,,,,,"File not found: crawled_files/nsf.gov/NSF%20Capacity%20Assessment%20Report%20Final%20March%202022.pdf?VersionId=4Blzi8gxBmxs3E7FTs9TYBTSA6HCHnXh (crawled 1 day(s) ago at 2026-03-10T01:18:24.845515+00:00). Possible causes: failed download, incomplete artifact transfer, or stale manifest entry from a previous run."
https://nsf-gov-resources.nsf.gov/2023-03/NSF%20Evaluation%20Plan%20FY%202024%20FINAL.pdf?VersionId=Iu6pR7KVwlGcNWiEUFlTbHyHpVT_ZEKf,NSF%20Evaluation%20Plan%20FY%202024%20FINAL.pdf?VersionId=Iu6pR7KVwlGcNWiEUFlTbHyHpVT_ZEKf,nsf.gov,,,—,error,2026-03-10T01:18:24.877820+00:00,,,,,,,,,,,,,,,,,,,,,,,,,,,,"File not found: crawled_files/nsf.gov/NSF%20Evaluation%20Plan%20FY%202024%20FINAL.pdf?VersionId=Iu6pR7KVwlGcNWiEUFlTbHyHpVT_ZEKf (crawled 1 day(s) ago at 2026-03-10T01:18:24.877820+00:00). Possible causes: failed download, incomplete artifact transfer, or stale manifest entry from a previous run."
https://nsf-gov-resources.nsf.gov/2021-11/NSF%20HSST%20NWIRP%20Testimony%20Final-CLEARED_0.pdf,NSF%20HSST%20NWIRP%20Testimony%20Final-CLEARED_0.pdf,nsf.gov,,,—,analysed,2026-03-10T01:18:24.878603+00:00,2021-11-08 16:07:29+00:00,,,,,,False,False,False,Pass,Pass,Pass,Fail,Pass,Pass,,,,,,,,,False,9,,,"title, "
https://nsf-gov-resources.nsf.gov/files/NSF%20IDSS.pdf?VersionId=KSLD0pffarWPie1UYUL9VpSh8EDuYyRd,NSF%20IDSS.pdf?VersionId=KSLD0pffarWPie1UYUL9VpSh8EDuYyRd,nsf.gov,,,—,error,2026-03-10T01:18:24.880136+00:00,,,,,,,,,,,,,,,,,,,,,,,,,,,,"File not found: crawled_files/nsf.gov/NSF%20IDSS.pdf?VersionId=KSLD0pffarWPie1UYUL9VpSh8EDuYyRd (crawled 1 day(s) ago at 2026-03-10T01:18:24.880136+00:00). Possible causes: failed download, incomplete artifact transfer, or stale manifest entry from a previous run."
https://nsf-gov-resources.nsf.gov/files/NSF%20Proposed%20Nonavailability%20Waiver%20MiniSplit.pdf?VersionId=AZl4ZP3GrTcaolhhXK9iBjZBS566jN_8,NSF%20Proposed%20Nonavailability%20Waiver%20MiniSplit.pdf?VersionId=AZl4ZP3GrTcaolhhXK9iBjZBS566jN_8,nsf.gov,,,—,error,2026-03-10T01:18:24.880820+00:00,,,,,,,,,,,,,,,,,,,,,,,,,,,,"File not found: crawled_files/nsf.gov/NSF%20Proposed%20Nonavailability%20Waiver%20MiniSplit.pdf?VersionId=AZl4ZP3GrTcaolhhXK9iBjZBS566jN_8 (crawled 1 day(s) ago at 2026-03-10T01:18:24.880820+00:00). Possible causes: failed download, incomplete artifact transfer, or stale manifest entry from a previous run."
https://nsf-gov-resources.nsf.gov/files/NSF-AICA-Report.pdf?VersionId=fMKedEWHRFXwH9bucczW7x7WKAUEam5Z,NSF-AICA-Report.pdf?VersionId=fMKedEWHRFXwH9bucczW7x7WKAUEam5Z,nsf.gov,,,—,error,2026-03-10T01:18:24.884300+00:00,,,,,,,,,,,,,,,,,,,,,,,,,,,,"File not found: crawled_files/nsf.gov/NSF-AICA-Report.pdf?VersionId=fMKedEWHRFXwH9bucczW7x7WKAUEam5Z (crawled 1 day(s) ago at 2026-03-10T01:18:24.884300+00:00). Possible causes: failed download, incomplete artifact transfer, or stale manifest entry from a previous run."
https://nsf-gov-resources.nsf.gov/2023-10/NSF-Acquisition-Forecast.pdf?VersionId=NySGCdRfvnaFBH3IojSeqFFLmgMS0DEv,NSF-Acquisition-Forecast.pdf?VersionId=NySGCdRfvnaFBH3IojSeqFFLmgMS0DEv,nsf.gov,,,—,error,2026-03-10T01:18:24.885262+00:00,,,,,,,,,,,,,,,,,,,,,,,,,,,,"File not found: crawled_files/nsf.gov/NSF-Acquisition-Forecast.pdf?VersionId=NySGCdRfvnaFBH3IojSeqFFLmgMS0DEv (crawled 1 day(s) ago at 2026-03-10T01:18:24.885262+00:00). Possible causes: failed download, incomplete artifact transfer, or stale manifest entry from a previous run."
https://nsf-gov-resources.nsf.gov/files/NSF-FY2026-Annual-Evaluation-Plan.pdf?VersionId=PqHpqu3Hf71IC_zH5Es3urdfbv_EwRpA,NSF-FY2026-Annual-Evaluation-Plan.pdf?VersionId=PqHpqu3Hf71IC_zH5Es3urdfbv_EwRpA,nsf.gov,,,—,error,2026-03-10T01:18:24.885735+00:00,,,,,,,,,,,,,,,,,,,,,,,,,,,,"File not found: crawled_files/nsf.gov/NSF-FY2026-Annual-Evaluation-Plan.pdf?VersionId=PqHpqu3Hf71IC_zH5Es3urdfbv_EwRpA (crawled 1 day(s) ago at 2026-03-10T01:18:24.885735+00:00). Possible causes: failed download, incomplete artifact transfer, or stale manifest entry from a previous run."
https://nsf-gov-resources.nsf.gov/files/NSF-FY25-Annual-%20Evaluation-and-Evidence-Plan%20FINAL.pdf?VersionId=6IhhufEYoT2waJZQYxZNCWb1zCN.8D_o,NSF-FY25-Annual-%20Evaluation-and-Evidence-Plan%20FINAL.pdf?VersionId=6IhhufEYoT2waJZQYxZNCWb1zCN.8D_o,nsf.gov,,,—,error,2026-03-10T01:18:24.903495+00:00,,,,,,,,,,,,,,,,,,,,,,,,,,,,"File not found: crawled_files/nsf.gov/NSF-FY25-Annual-%20Evaluation-and-Evidence-Plan%20FINAL.pdf?VersionId=6IhhufEYoT2waJZQYxZNCWb1zCN.8D_o (crawled 1 day(s) ago at 2026-03-10T01:18:24.903495+00:00). Possible causes: failed download, incomplete artifact transfer, or stale manifest entry from a previous run."
https://nsf-gov-resources.nsf.gov/files/NSF-OIG-Response-Fall-2021.pdf,NSF-OIG-Response-Fall-2021.pdf,nsf.gov,,,—,error,2026-03-10T01:18:24.905593+00:00,,,,,,,,,,,,,,,,,,,,,,,,,,,,"File not found: crawled_files/nsf.gov/NSF-OIG-Response-Fall-2021.pdf (crawled 1 day(s) ago at 2026-03-10T01:18:24.905593+00:00). Possible causes: failed download, incomplete artifact transfer, or stale manifest entry from a previous run."
https://nsf-gov-resources.nsf.gov/files/NSF-OIG-Response-Fall-2022.pdf,NSF-OIG-Response-Fall-2022.pdf,nsf.gov,,,—,error,2026-03-10T01:18:24.910334+00:00,,,,,,,,,,,,,,,,,,,,,,,,,,,,"File not found: crawled_files/nsf.gov/NSF-OIG-Response-Fall-2022.pdf (crawled 1 day(s) ago at 2026-03-10T01:18:24.910334+00:00). Possible causes: failed download, incomplete artifact transfer, or stale manifest entry from a previous run."
https://nsf-gov-resources.nsf.gov/files/NSF-OIG-Response-Fall-2023.pdf,NSF-OIG-Response-Fall-2023.pdf,nsf.gov,,,—,error,2026-03-10T01:18:24.911989+00:00,,,,,,,,,,,,,,,,,,,,,,,,,,,,"File not found: crawled_files/nsf.gov/NSF-OIG-Response-Fall-2023.pdf (crawled 1 day(s) ago at 2026-03-10T01:18:24.911989+00:00). Possible causes: failed download, incomplete artifact transfer, or stale manifest entry from a previous run."
https://nsf-gov-resources.nsf.gov/files/NSF-OIG-Response-Fall-2024.pdf,NSF-OIG-Response-Fall-2024.pdf,nsf.gov,,,—,error,2026-03-10T01:18:24.913029+00:00,,,,,,,,,,,,,,,,,,,,,,,,,,,,"File not found: crawled_files/nsf.gov/NSF-OIG-Response-Fall-2024.pdf (crawled 1 day(s) ago at 2026-03-10T01:18:24.913029+00:00). Possible causes: failed download, incomplete artifact transfer, or stale manifest entry from a previous run."
https://nsf-gov-resources.nsf.gov/files/NSF-OIG-Response-Spring-2021.pdf,NSF-OIG-Response-Spring-2021.pdf,nsf.gov,,,—,error,2026-03-10T01:18:24.916521+00:00,,,,,,,,,,,,,,,,,,,,,,,,,,,,"File not found: crawled_files/nsf.gov/NSF-OIG-Response-Spring-2021.pdf (crawled 1 day(s) ago at 2026-03-10T01:18:24.916521+00:00). Possible causes: failed download, incomplete artifact transfer, or stale manifest entry from a previous run."
https://nsf-gov-resources.nsf.gov/files/NSF-OIG-Response-Spring-2022.pdf,NSF-OIG-Response-Spring-2022.pdf,nsf.gov,,,—,error,2026-03-10T01:18:24.917821+00:00,,,,,,,,,,,,,,,,,,,,,,,,,,,,"File not found: crawled_files/nsf.gov/NSF-OIG-Response-Spring-2022.pdf (crawled 1 day(s) ago at 2026-03-10T01:18:24.917821+00:00). Possible causes: failed download, incomplete artifact transfer, or stale manifest entry from a previous run."
https://nsf-gov-resources.nsf.gov/files/NSF-OIG-Response-Spring-2023.pdf,NSF-OIG-Response-Spring-2023.pdf,nsf.gov,,,—,error,2026-03-10T01:18:24.919437+00:00,,,,,,,,,,,,,,,,,,,,,,,,,,,,"File not found: crawled_files/nsf.gov/NSF-OIG-Response-Spring-2023.pdf (crawled 1 day(s) ago at 2026-03-10T01:18:24.919437+00:00). Possible causes: failed download, incomplete artifact transfer, or stale manifest entry from a previous run."
https://nsf-gov-resources.nsf.gov/files/NSF-OIG-Response-Spring-2024.pdf,NSF-OIG-Response-Spring-2024.pdf,nsf.gov,,,—,error,2026-03-10T01:18:24.923615+00:00,,,,,,,,,,,,,,,,,,,,,,,,,,,,"File not found: crawled_files/nsf.gov/NSF-OIG-Response-Spring-2024.pdf (crawled 1 day(s) ago at 2026-03-10T01:18:24.923615+00:00). Possible causes: failed download, incomplete artifact transfer, or stale manifest entry from a previous run."
https://nsf-gov-resources.nsf.gov/files/NSF-Organizational-Chart.pdf,NSF-Organizational-Chart.pdf,nsf.gov,,,—,error,2026-03-10T01:18:24.923974+00:00,,,,,,,,,,,,,,,,,,,,,,,,,,,,"File not found: crawled_files/nsf.gov/NSF-Organizational-Chart.pdf (crawled 1 day(s) ago at 2026-03-10T01:18:24.923974+00:00). Possible causes: failed download, incomplete artifact transfer, or stale manifest entry from a previous run."
https://nsf-gov-resources.nsf.gov/files/NSF-international-research-terms-conditions-20210104-r.pdf?VersionId=kl4eWweyPgPYp16Vn7W4CMwPBTCWq3b2,NSF-international-research-terms-conditions-20210104-r.pdf?VersionId=kl4eWweyPgPYp16Vn7W4CMwPBTCWq3b2,nsf.gov,,,—,error,2026-03-10T01:18:24.924992+00:00,,,,,,,,,,,,,,,,,,,,,,,,,,,,"File not found: crawled_files/nsf.gov/NSF-international-research-terms-conditions-20210104-r.pdf?VersionId=kl4eWweyPgPYp16Vn7W4CMwPBTCWq3b2 (crawled 1 day(s) ago at 2026-03-10T01:18:24.924992+00:00). Possible causes: failed download, incomplete artifact transfer, or stale manifest entry from a previous run."
https://nsf-gov-resources.nsf.gov/files/NSF-scientific-integrity-policy.pdf,NSF-scientific-integrity-policy.pdf,nsf.gov,,105410,102.9 KB,analysed,2026-03-10T01:18:24.925396+00:00,2025-05-30 15:42:44+00:00,,,,,,True,False,False,Pass,Pass,Pass,Pass,Pass,Pass,,,,,,,,,False,2,,,
https://nsf-gov-resources.nsf.gov/2023-04/NSFAnti-HarassmentES_0.pdf?VersionId=OW7tYGjLTAzzm0GKDUxFMbBC5_Rr9PLQ,NSFAnti-HarassmentES_0.pdf?VersionId=OW7tYGjLTAzzm0GKDUxFMbBC5_Rr9PLQ,nsf.gov,,,—,error,2026-03-10T01:18:24.925915+00:00,,,,,,,,,,,,,,,,,,,,,,,,,,,,"File not found: crawled_files/nsf.gov/NSFAnti-HarassmentES_0.pdf?VersionId=OW7tYGjLTAzzm0GKDUxFMbBC5_Rr9PLQ (crawled 1 day(s) ago at 2026-03-10T01:18:24.925915+00:00). Possible causes: failed download, incomplete artifact transfer, or stale manifest entry from a previous run."
https://nsf-gov-resources.nsf.gov/files/NSFPlainLanguageReport_508c.pdf?VersionId=brknYsxCuYi5CpL12keP6W2Z6ZETg58G,NSFPlainLanguageReport_508c.pdf?VersionId=brknYsxCuYi5CpL12keP6W2Z6ZETg58G,nsf.gov,,,—,error,2026-03-10T01:18:24.932310+00:00,,,,,,,,,,,,,,,,,,,,,,,,,,,,"File not found: crawled_files/nsf.gov/NSFPlainLanguageReport_508c.pdf?VersionId=brknYsxCuYi5CpL12keP6W2Z6ZETg58G (crawled 1 day(s) ago at 2026-03-10T01:18:24.932310+00:00). Possible causes: failed download, incomplete artifact transfer, or stale manifest entry from a previous run."
https://nsf-gov-resources.nsf.gov/2023-04/NSF_Annual_Evaluation_Plan_FY22_0.pdf?VersionId=wJ1gDGfUCu6NGvc2T2wW5_LGwjjGuKL2,NSF_Annual_Evaluation_Plan_FY22_0.pdf?VersionId=wJ1gDGfUCu6NGvc2T2wW5_LGwjjGuKL2,nsf.gov,,,—,error,2026-03-10T01:18:24.934902+00:00,,,,,,,,,,,,,,,,,,,,,,,,,,,,"File not found: crawled_files/nsf.gov/NSF_Annual_Evaluation_Plan_FY22_0.pdf?VersionId=wJ1gDGfUCu6NGvc2T2wW5_LGwjjGuKL2 (crawled 1 day(s) ago at 2026-03-10T01:18:24.934902+00:00). Possible causes: failed download, incomplete artifact transfer, or stale manifest entry from a previous run."
https://nsf-gov-resources.nsf.gov/files/NSF_FOIA_Reading_Room_Certification.pdf?VersionId=aaxeul47Hz8x7lUm3lr4ieu3uNTTfJ.u,NSF_FOIA_Reading_Room_Certification.pdf?VersionId=aaxeul47Hz8x7lUm3lr4ieu3uNTTfJ.u,nsf.gov,,,—,error,2026-03-10T01:18:24.935183+00:00,,,,,,,,,,,,,,,,,,,,,,,,,,,,"File not found: crawled_files/nsf.gov/NSF_FOIA_Reading_Room_Certification.pdf?VersionId=aaxeul47Hz8x7lUm3lr4ieu3uNTTfJ.u (crawled 1 day(s) ago at 2026-03-10T01:18:24.935183+00:00). Possible causes: failed download, incomplete artifact transfer, or stale manifest entry from a previous run."
https://nsf-gov-resources.nsf.gov/2022-04/NSF_FY22-FY26%20Learning%20Agenda%20Final.pdf,NSF_FY22-FY26%20Learning%20Agenda%20Final.pdf,nsf.gov,,,—,error,2026-03-10T01:18:24.948497+00:00,,,,,,,,,,,,,,,,,,,,,,,,,,,,"File not found: crawled_files/nsf.gov/NSF_FY22-FY26%20Learning%20Agenda%20Final.pdf (crawled 1 day(s) ago at 2026-03-10T01:18:24.948497+00:00). Possible causes: failed download, incomplete artifact transfer, or stale manifest entry from a previous run."
https://seedfund.nsf.gov/assets/files/awardees/NSF_Interim_Report_Fillable.pdf,NSF_Interim_Report_Fillable.pdf,nsf.gov,,,—,error,2026-03-10T01:18:24.950299+00:00,,,,,,,,,,,,,,,,,,,,,,,,,,,,"File not found: crawled_files/nsf.gov/NSF_Interim_Report_Fillable.pdf (crawled 1 day(s) ago at 2026-03-10T01:18:24.950299+00:00). Possible causes: failed download, incomplete artifact transfer, or stale manifest entry from a previous run."
https://nsf-gov-resources.nsf.gov/files/NSF_Management_Response_for_OIG_Fall_2025Sem.pdf,NSF_Management_Response_for_OIG_Fall_2025Sem.pdf,nsf.gov,,,—,error,2026-03-10T01:18:24.950969+00:00,,,,,,,,,,,,,,,,,,,,,,,,,,,,"File not found: crawled_files/nsf.gov/NSF_Management_Response_for_OIG_Fall_2025Sem.pdf (crawled 1 day(s) ago at 2026-03-10T01:18:24.950969+00:00). Possible causes: failed download, incomplete artifact transfer, or stale manifest entry from a previous run."
https://nsf-gov-resources.nsf.gov/files/NSF_Management_Response_to_the_OIG_Semiannual.pdf,NSF_Management_Response_to_the_OIG_Semiannual.pdf,nsf.gov,,,—,error,2026-03-10T01:18:24.951721+00:00,,,,,,,,,,,,,,,,,,,,,,,,,,,,"File not found: crawled_files/nsf.gov/NSF_Management_Response_to_the_OIG_Semiannual.pdf (crawled 1 day(s) ago at 2026-03-10T01:18:24.951721+00:00). Possible causes: failed download, incomplete artifact transfer, or stale manifest entry from a previous run."
https://nsf-gov-resources.nsf.gov/2023-08/NSF_Response_supported_Glaciers_and_Glaciology_Award.pdf,NSF_Response_supported_Glaciers_and_Glaciology_Award.pdf,nsf.gov,,,—,analysed,2026-03-10T01:18:24.952262+00:00,2016-03-10 17:44:52-05:00,,,,,,False,False,False,Pass,Pass,Pass,Fail,Pass,Pass,,,,,,,,,True,2,,,"title, "
https://nsf-gov-resources.nsf.gov/2023-08/NSF_Response_to_Festivus_Report_2020.pdf,NSF_Response_to_Festivus_Report_2020.pdf,nsf.gov,,,—,analysed,2026-03-10T01:18:24.952880+00:00,2021-02-25 18:58:39+00:00,,,,,,False,False,False,Pass,Pass,Pass,Fail,Pass,Pass,,,,,,,,,False,8,,,"title, "
https://nsf-gov-resources.nsf.gov/2023-08/NSF_Response_to_Festivus_Report_2021.pdf,NSF_Response_to_Festivus_Report_2021.pdf,nsf.gov,,,—,analysed,2026-03-10T01:18:24.953471+00:00,2022-01-10 16:11:47+00:00,,,,,,True,False,False,Pass,Pass,Pass,Pass,Pass,Pass,,,,,,,,,False,3,,,
https://nsf-gov-resources.nsf.gov/2023-08/NSF_Response_to_Festivus_Report_2022.pdf,NSF_Response_to_Festivus_Report_2022.pdf,nsf.gov,,,—,analysed,2026-03-10T01:18:24.954328+00:00,2023-01-10 18:58:11+00:00,,,,,,True,False,False,Pass,Pass,Pass,Pass,Pass,Pass,,,,,,,,,False,3,,,
https://nsf-gov-resources.nsf.gov/2023-08/NSF_Response_to_Senator_Coburns_Waste_Report.pdf,NSF_Response_to_Senator_Coburns_Waste_Report.pdf,nsf.gov,,,—,analysed,2026-03-10T01:18:24.954865+00:00,2021-05-27 15:07:04+00:00,,,,,,True,False,False,Pass,Pass,Pass,Pass,Pass,Pass,,,,,,,,,False,2,,,
https://nsf-gov-resources.nsf.gov/2023-08/NSF_Response_to_Senator_Ernsts_December_2022_Squeal_Report.pdf,NSF_Response_to_Senator_Ernsts_December_2022_Squeal_Report.pdf,nsf.gov,,,—,analysed,2026-03-10T01:18:24.955442+00:00,2023-02-09 17:24:57+00:00,,,,,,False,False,False,Pass,Pass,Pass,Fail,Pass,Pass,,,,,,,,,False,3,,,"title, "
https://nsf-gov-resources.nsf.gov/2023-08/NSF_Response_to_Senator_Ernsts_March_2023_Squeal%20_Report.pdf,NSF_Response_to_Senator_Ernsts_March_2023_Squeal%20_Report.pdf,nsf.gov,,,—,analysed,2026-03-10T01:18:24.956024+00:00,2023-03-27 14:41:41+00:00,,,,,,True,False,False,Pass,Pass,Pass,Pass,Pass,Pass,,,,,,,,,False,4,,,
https://nsf-gov-resources.nsf.gov/2023-08/NSF_Response_to_Senator_Ernsts_May_2021_Make_em_Squeal_Report.pdf,NSF_Response_to_Senator_Ernsts_May_2021_Make_em_Squeal_Report.pdf,nsf.gov,,,—,analysed,2026-03-10T01:18:24.956600+00:00,2021-05-28 14:45:15+00:00,,,,,,False,False,False,Pass,Pass,Pass,Fail,Pass,Pass,,,,,,,,,False,6,,,"title, "
https://nsf-gov-resources.nsf.gov/2023-08/NSF_Response_to_Senator_Ernsts_November_2021_Squeal_Report.pdf,NSF_Response_to_Senator_Ernsts_November_2021_Squeal_Report.pdf,nsf.gov,,,—,analysed,2026-03-10T01:18:24.957189+00:00,2022-01-10 18:07:18+00:00,,,,,,True,False,False,Pass,Pass,Pass,Pass,Pass,Pass,,,,,,,,,False,2,,,
https://nsf-gov-resources.nsf.gov/2023-08/NSF_Response_to_Senator_Flakes_Twenty_Questions_Government_Studies.pdf,NSF_Response_to_Senator_Flakes_Twenty_Questions_Government_Studies.pdf,nsf.gov,,,—,analysed,2026-03-10T01:18:24.957796+00:00,2016-06-27 17:06:57-04:00,,,,,,False,False,False,Fail,Pass,Pass,Fail,Pass,Pass,,,,,,,,,True,15,,,"title, tagged, "
https://nsf-gov-resources.nsf.gov/2023-08/NSF_Response_to_Senator_Flakes_Wastebooke_The_Farce_Awakens.pdf,NSF_Response_to_Senator_Flakes_Wastebooke_The_Farce_Awakens.pdf,nsf.gov,,,—,analysed,2026-03-10T01:18:24.958310+00:00,2015-12-21 18:33:40+00:00,,,,,,False,False,False,Pass,Pass,Pass,Fail,Pass,Pass,,,,,,,,,True,18,,,"title, "
https://nsf-gov-resources.nsf.gov/2023-08/NSF_Response_to_Senator_Lankfords_Federal_Fumbles.pdf,NSF_Response_to_Senator_Lankfords_Federal_Fumbles.pdf,nsf.gov,,,—,analysed,2026-03-10T01:18:24.958911+00:00,2015-12-09 12:27:30-05:00,,,,,,False,False,False,Pass,Pass,Pass,Fail,Pass,Pass,,,,,,,,,True,8,,,"title, "
https://nsf-gov-resources.nsf.gov/2023-08/NSF_Response_to_Senator_Lankfords_Federal_Fumbles_Vol2.pdf,NSF_Response_to_Senator_Lankfords_Federal_Fumbles_Vol2.pdf,nsf.gov,,,—,analysed,2026-03-10T01:18:24.959354+00:00,2016-12-27 16:12:45+00:00,,,,,,False,False,False,Pass,Pass,Pass,Fail,Pass,Pass,,,,,,,,,True,12,,,"title, "
https://nsf-gov-resources.nsf.gov/2023-08/NSF_Response_to_Senator_Lankfords_Federal_Fumbles_Vol3.pdf,NSF_Response_to_Senator_Lankfords_Federal_Fumbles_Vol3.pdf,nsf.gov,,,—,analysed,2026-03-10T01:18:24.960178+00:00,2017-12-05 14:44:36+00:00,,,,,,True,False,False,Pass,Pass,Pass,Pass,Pass,Pass,,,,,,,,,True,9,,,
https://nsf-gov-resources.nsf.gov/2023-08/NSF_Response_to_Senator_Lankfords_Federal_Fumbles_Vol5.pdf,NSF_Response_to_Senator_Lankfords_Federal_Fumbles_Vol5.pdf,nsf.gov,,,—,analysed,2026-03-10T01:18:24.960578+00:00,2019-12-17 16:15:32+00:00,,,,,,False,False,False,Pass,Pass,Pass,Fail,Pass,Pass,,,,,,,,,False,2,,,"title, "
https://nsf-gov-resources.nsf.gov/2023-08/NSF_Response_to_Senator_McCains_Americas_Most_Wasted_Runaway_Spending.pdf,NSF_Response_to_Senator_McCains_Americas_Most_Wasted_Runaway_Spending.pdf,nsf.gov,,,—,analysed,2026-03-10T01:18:24.961293+00:00,2016-01-20 12:20:32-05:00,,,,,,False,False,False,Pass,Pass,Pass,Fail,Pass,Pass,,,,,,,,,True,6,,,"title, "
https://nsf-gov-resources.nsf.gov/2023-08/NSF_Response_to_Senator_Pauls_2018_Festivus_Report.pdf,NSF_Response_to_Senator_Pauls_2018_Festivus_Report.pdf,nsf.gov,,,—,analysed,2026-03-10T01:18:24.961883+00:00,2021-05-19 19:13:10+00:00,,,,,,True,False,False,Pass,Pass,Pass,Pass,Pass,Pass,,,,,,,,,False,3,,,
https://nsf-gov-resources.nsf.gov/2023-08/NSF_Response_to_Senator_Pauls_February_2016_Waste_Report.pdf,NSF_Response_to_Senator_Pauls_February_2016_Waste_Report.pdf,nsf.gov,,,—,analysed,2026-03-10T01:18:24.962500+00:00,2021-05-28 13:39:37+00:00,,,,,,False,False,False,Pass,Pass,Pass,Fail,Pass,Pass,,,,,,,,,False,2,,,"title, "
https://nsf-gov-resources.nsf.gov/2023-08/NSF_Response_to_Senator_Pauls_March_2017_Waste_Report.pdf,NSF_Response_to_Senator_Pauls_March_2017_Waste_Report.pdf,nsf.gov,,,—,analysed,2026-03-10T01:18:24.963127+00:00,2021-05-19 19:14:27+00:00,,,,,,True,False,False,Pass,Pass,Pass,Pass,Pass,Pass,,,,,,,,,False,2,,,
https://nsf-gov-resources.nsf.gov/2023-08/NSF_Response_to_Senator_Pauls_November_2015_Waste_Report.pdf,NSF_Response_to_Senator_Pauls_November_2015_Waste_Report.pdf,nsf.gov,,,—,analysed,2026-03-10T01:18:24.963665+00:00,2021-05-19 19:15:27+00:00,,,,,,True,False,False,Pass,Pass,Pass,Pass,Pass,Pass,,,,,,,,,False,3,,,
https://nsf-gov-resources.nsf.gov/2023-08/NSF_Response_to_Senator_Pauls_October_2016_Waste_Report.pdf,NSF_Response_to_Senator_Pauls_October_2016_Waste_Report.pdf,nsf.gov,,,—,analysed,2026-03-10T01:18:24.964258+00:00,2021-05-19 19:11:50+00:00,,,,,,True,False,False,Pass,Pass,Pass,Pass,Pass,Pass,,,,,,,,,False,3,,,
https://nsf-gov-resources.nsf.gov/2023-08/NSF_Response_to_Senator_Pauls_September_2017_Waste_Report.pdf,NSF_Response_to_Senator_Pauls_September_2017_Waste_Report.pdf,nsf.gov,,,—,analysed,2026-03-10T01:18:24.964805+00:00,2021-05-19 19:06:22+00:00,,,,,,True,False,False,Pass,Pass,Pass,Pass,Pass,Pass,,,,,,,,,False,2,,,
https://nsf-gov-resources.nsf.gov/2023-08/NSF_Response_to_Senator_Pauls_Spring_2019_Waste_in_Full_Bloom.pdf,NSF_Response_to_Senator_Pauls_Spring_2019_Waste_in_Full_Bloom.pdf,nsf.gov,,,—,analysed,2026-03-10T01:18:24.965432+00:00,2021-05-19 19:27:33+00:00,,,,,,True,False,False,Pass,Pass,Pass,Pass,Pass,Pass,,,,,,,,,False,6,,,
https://nsf-gov-resources.nsf.gov/2023-08/NSF_Response_to_Senator_Pauls_Summer_2019_Waste_Report.pdf,NSF_Response_to_Senator_Pauls_Summer_2019_Waste_Report.pdf,nsf.gov,,,—,analysed,2026-03-10T01:18:24.966017+00:00,2021-05-19 19:09:56+00:00,,,,,,True,False,False,Pass,Pass,Pass,Pass,Pass,Pass,,,,,,,,,False,3,,,
https://seedfund.nsf.gov/assets/files/awardees/NSF_SBIR_Ambassador_Toolkit.pdf,NSF_SBIR_Ambassador_Toolkit.pdf,nsf.gov,,,—,error,2026-03-10T01:18:24.966534+00:00,,,,,,,,,,,,,,,,,,,,,,,,,,,,"File not found: crawled_files/nsf.gov/NSF_SBIR_Ambassador_Toolkit.pdf (crawled 1 day(s) ago at 2026-03-10T01:18:24.966534+00:00). Possible causes: failed download, incomplete artifact transfer, or stale manifest entry from a previous run."
https://nsf-gov-resources.nsf.gov/2023-04/NSF_act_1950_legislation.pdf,NSF_act_1950_legislation.pdf,nsf.gov,,,—,error,2026-03-10T01:18:24.966818+00:00,,,,,,,,,,,,,,,,,,,,,,,,,,,,"File not found: crawled_files/nsf.gov/NSF_act_1950_legislation.pdf (crawled 1 day(s) ago at 2026-03-10T01:18:24.966818+00:00). Possible causes: failed download, incomplete artifact transfer, or stale manifest entry from a previous run."
https://nsf-gov-resources.nsf.gov/files/National-AI-Research-Resource-Task-Force-Charter-2021.pdf,National-AI-Research-Resource-Task-Force-Charter-2021.pdf,nsf.gov,,150133,146.6 KB,analysed,2026-03-10T01:18:24.967307+00:00,2024-01-22 19:28:43+00:00,National AI Research Resource Task Force Charter 2021,,,,,True,False,False,Pass,Pass,Pass,Pass,Pass,Pass,Pass,NotApplicable,NotApplicable,Pass,Pass,Pass,NotApplicable,NotApplicable,False,3,315,0,
https://nsf-gov-resources.nsf.gov/files/Northeastern-University-OIG-Report-25-1-005.pdf,Northeastern-University-OIG-Report-25-1-005.pdf,nsf.gov,,,—,error,2026-03-10T01:18:24.967836+00:00,,,,,,,,,,,,,,,,,,,,,,,,,,,,"File not found: crawled_files/nsf.gov/Northeastern-University-OIG-Report-25-1-005.pdf (crawled 1 day(s) ago at 2026-03-10T01:18:24.967836+00:00). Possible causes: failed download, incomplete artifact transfer, or stale manifest entry from a previous run."
https://nsf-gov-resources.nsf.gov/files/Oregon-University-OIG-Report-19-1-017.pdf,Oregon-University-OIG-Report-19-1-017.pdf,nsf.gov,,,—,error,2026-03-10T01:18:24.968652+00:00,,,,,,,,,,,,,,,,,,,,,,,,,,,,"File not found: crawled_files/nsf.gov/Oregon-University-OIG-Report-19-1-017.pdf (crawled 1 day(s) ago at 2026-03-10T01:18:24.968652+00:00). Possible causes: failed download, incomplete artifact transfer, or stale manifest entry from a previous run."
https://nsf-gov-resources.nsf.gov/files/PIA-2023-and-2025-Survey-of-Doctorate-Recipients.pdf?VersionId=sbNCZ_Y01VT4XBcFKQQuzOwNZtFppdVZ,PIA-2023-and-2025-Survey-of-Doctorate-Recipients.pdf?VersionId=sbNCZ_Y01VT4XBcFKQQuzOwNZtFppdVZ,nsf.gov,,,—,error,2026-03-10T01:18:24.969591+00:00,,,,,,,,,,,,,,,,,,,,,,,,,,,,"File not found: crawled_files/nsf.gov/PIA-2023-and-2025-Survey-of-Doctorate-Recipients.pdf?VersionId=sbNCZ_Y01VT4XBcFKQQuzOwNZtFppdVZ (crawled 1 day(s) ago at 2026-03-10T01:18:24.969591+00:00). Possible causes: failed download, incomplete artifact transfer, or stale manifest entry from a previous run."
https://nsf-gov-resources.nsf.gov/files/PIA-MyNSF.pdf?VersionId=bcC3hunPx6rz2YxRzMOIE18IWf64hiuH,PIA-MyNSF.pdf?VersionId=bcC3hunPx6rz2YxRzMOIE18IWf64hiuH,nsf.gov,,,—,error,2026-03-10T01:18:24.970247+00:00,,,,,,,,,,,,,,,,,,,,,,,,,,,,"File not found: crawled_files/nsf.gov/PIA-MyNSF.pdf?VersionId=bcC3hunPx6rz2YxRzMOIE18IWf64hiuH (crawled 1 day(s) ago at 2026-03-10T01:18:24.970247+00:00). Possible causes: failed download, incomplete artifact transfer, or stale manifest entry from a previous run."
https://nsf-gov-resources.nsf.gov/files/PIA-Rgov.pdf?VersionId=JA6EU5ePH74dUTkSnOFmIKNHSgdU9pMF,PIA-Rgov.pdf?VersionId=JA6EU5ePH74dUTkSnOFmIKNHSgdU9pMF,nsf.gov,,,—,error,2026-03-10T01:18:24.971056+00:00,,,,,,,,,,,,,,,,,,,,,,,,,,,,"File not found: crawled_files/nsf.gov/PIA-Rgov.pdf?VersionId=JA6EU5ePH74dUTkSnOFmIKNHSgdU9pMF (crawled 1 day(s) ago at 2026-03-10T01:18:24.971056+00:00). Possible causes: failed download, incomplete artifact transfer, or stale manifest entry from a previous run."
https://nsf-gov-resources.nsf.gov/files/PIA-SESTAT.pdf?VersionId=f574OhiVqtq1NU8vidD0gkPn2fnlExoJ,PIA-SESTAT.pdf?VersionId=f574OhiVqtq1NU8vidD0gkPn2fnlExoJ,nsf.gov,,,—,error,2026-03-10T01:18:24.971682+00:00,,,,,,,,,,,,,,,,,,,,,,,,,,,,"File not found: crawled_files/nsf.gov/PIA-SESTAT.pdf?VersionId=f574OhiVqtq1NU8vidD0gkPn2fnlExoJ (crawled 1 day(s) ago at 2026-03-10T01:18:24.971682+00:00). Possible causes: failed download, incomplete artifact transfer, or stale manifest entry from a previous run."
https://nsf-gov-resources.nsf.gov/files/PIA-iTRAK.pdf?VersionId=MS1MreMOO1ndpegyFIu4b8by.NsEljjw,PIA-iTRAK.pdf?VersionId=MS1MreMOO1ndpegyFIu4b8by.NsEljjw,nsf.gov,,,—,error,2026-03-10T01:18:24.972207+00:00,,,,,,,,,,,,,,,,,,,,,,,,,,,,"File not found: crawled_files/nsf.gov/PIA-iTRAK.pdf?VersionId=MS1MreMOO1ndpegyFIu4b8by.NsEljjw (crawled 1 day(s) ago at 2026-03-10T01:18:24.972207+00:00). Possible causes: failed download, incomplete artifact transfer, or stale manifest entry from a previous run."
https://seedfund.nsf.gov/assets/files/awardees/Phase.II.SBIR-STTR.Project.Schedule.xlsx,Phase.II.SBIR-STTR.Project.Schedule.xlsx,nsf.gov,,,—,error,2026-03-10T01:18:24.972469+00:00,,,,,,,,,,,,,,,,,,,,,,,,,,,,"File not found: crawled_files/nsf.gov/Phase.II.SBIR-STTR.Project.Schedule.xlsx (crawled 1 day(s) ago at 2026-03-10T01:18:24.972469+00:00). Possible causes: failed download, incomplete artifact transfer, or stale manifest entry from a previous run."
https://nsf-gov-resources.nsf.gov/files/Renewal-Site-Visit-Guidelines.pdf?VersionId=MuDQFu0OZeBq.1r7erUTJH8b3LX3Oi3W,Renewal-Site-Visit-Guidelines.pdf?VersionId=MuDQFu0OZeBq.1r7erUTJH8b3LX3Oi3W,nsf.gov,,,—,error,2026-03-10T01:18:24.973183+00:00,,,,,,,,,,,,,,,,,,,,,,,,,,,,"File not found: crawled_files/nsf.gov/Renewal-Site-Visit-Guidelines.pdf?VersionId=MuDQFu0OZeBq.1r7erUTJH8b3LX3Oi3W (crawled 1 day(s) ago at 2026-03-10T01:18:24.973183+00:00). Possible causes: failed download, incomplete artifact transfer, or stale manifest entry from a previous run."
https://nsf-gov-resources.nsf.gov/attachments/304910/public/Rough-Transcript-CICI.pdf?VersionId=pYmFvazQsyajPitFMB.gkJZCHZ_FZ4lj,Rough-Transcript-CICI.pdf?VersionId=pYmFvazQsyajPitFMB.gkJZCHZ_FZ4lj,nsf.gov,,,—,error,2026-03-10T01:18:24.973630+00:00,,,,,,,,,,,,,,,,,,,,,,,,,,,,"File not found: crawled_files/nsf.gov/Rough-Transcript-CICI.pdf?VersionId=pYmFvazQsyajPitFMB.gkJZCHZ_FZ4lj (crawled 1 day(s) ago at 2026-03-10T01:18:24.973630+00:00). Possible causes: failed download, incomplete artifact transfer, or stale manifest entry from a previous run."
https://nsf-gov-resources.nsf.gov/2022-06/SAC%20CJS%20NSF%20FY23%20Testimony%20FINAL.pdf,SAC%20CJS%20NSF%20FY23%20Testimony%20FINAL.pdf,nsf.gov,,,—,error,2026-03-10T01:18:24.974288+00:00,,,,,,,,,,,,,,,,,,,,,,,,,,,,Stale manifest entry: file not found after 2+ days (crawled_at: 2026-03-10T01:18:24.974288+00:00). The file was probably downloaded in a previous run whose crawled_files directory is no longer available.
https://seedfund.nsf.gov/assets/files/awardees/SBIR-STTR_Revised_Report_Cover.pdf,SBIR-STTR_Revised_Report_Cover.pdf,nsf.gov,,,—,error,2026-03-10T01:18:24.975469+00:00,,,,,,,,,,,,,,,,,,,,,,,,,,,,"File not found: crawled_files/nsf.gov/SBIR-STTR_Revised_Report_Cover.pdf (crawled 1 day(s) ago at 2026-03-10T01:18:24.975469+00:00). Possible causes: failed download, incomplete artifact transfer, or stale manifest entry from a previous run."
https://seedfund.nsf.gov/assets/files/awardees/SBIRSTTR%20Sample%20Budget%20Justification%20Jan2024.pdf,SBIRSTTR%20Sample%20Budget%20Justification%20Jan2024.pdf,nsf.gov,,,—,error,2026-03-10T01:18:24.975891+00:00,,,,,,,,,,,,,,,,,,,,,,,,,,,,"File not found: crawled_files/nsf.gov/SBIRSTTR%20Sample%20Budget%20Justification%20Jan2024.pdf (crawled 1 day(s) ago at 2026-03-10T01:18:24.975891+00:00). Possible causes: failed download, incomplete artifact transfer, or stale manifest entry from a previous run."
https://seedfund.nsf.gov/assets/files/awardees/SBIR_STTR_Funding_Agreement.pdf,SBIR_STTR_Funding_Agreement.pdf,nsf.gov,,,—,error,2026-03-10T01:18:24.976586+00:00,,,,,,,,,,,,,,,,,,,,,,,,,,,,"File not found: crawled_files/nsf.gov/SBIR_STTR_Funding_Agreement.pdf (crawled 1 day(s) ago at 2026-03-10T01:18:24.976586+00:00). Possible causes: failed download, incomplete artifact transfer, or stale manifest entry from a previous run."
https://nsf-gov-resources.nsf.gov/attachments/310446/public/STC-Webinar-October-2024-508c.pdf?VersionId=Y2RMEZ2_okk_uyz1MK4XrRCCeODCOGgB,STC-Webinar-October-2024-508c.pdf?VersionId=Y2RMEZ2_okk_uyz1MK4XrRCCeODCOGgB,nsf.gov,,,—,error,2026-03-10T01:18:24.977629+00:00,,,,,,,,,,,,,,,,,,,,,,,,,,,,"File not found: crawled_files/nsf.gov/STC-Webinar-October-2024-508c.pdf?VersionId=Y2RMEZ2_okk_uyz1MK4XrRCCeODCOGgB (crawled 1 day(s) ago at 2026-03-10T01:18:24.977629+00:00). Possible causes: failed download, incomplete artifact transfer, or stale manifest entry from a previous run."
https://nsf-gov-resources.nsf.gov/attachments/310245/public/STC-Webinar-Sept-2024-508c.pdf?VersionId=3QbpV7e2Vt7Q4S8R_dmSRW7Ok1VXhiEi,STC-Webinar-Sept-2024-508c.pdf?VersionId=3QbpV7e2Vt7Q4S8R_dmSRW7Ok1VXhiEi,nsf.gov,,,—,error,2026-03-10T01:18:24.978660+00:00,,,,,,,,,,,,,,,,,,,,,,,,,,,,"File not found: crawled_files/nsf.gov/STC-Webinar-Sept-2024-508c.pdf?VersionId=3QbpV7e2Vt7Q4S8R_dmSRW7Ok1VXhiEi (crawled 1 day(s) ago at 2026-03-10T01:18:24.978660+00:00). Possible causes: failed download, incomplete artifact transfer, or stale manifest entry from a previous run."
https://nsf-gov-resources.nsf.gov/files/STC-webinar-Sep2024-508c.pdf?VersionId=GMLEa_tauW5YrOVWwmKpq_Lf0yzoKNPW,STC-webinar-Sep2024-508c.pdf?VersionId=GMLEa_tauW5YrOVWwmKpq_Lf0yzoKNPW,nsf.gov,,,—,error,2026-03-10T01:18:25.012035+00:00,,,,,,,,,,,,,,,,,,,,,,,,,,,,"File not found: crawled_files/nsf.gov/STC-webinar-Sep2024-508c.pdf?VersionId=GMLEa_tauW5YrOVWwmKpq_Lf0yzoKNPW (crawled 1 day(s) ago at 2026-03-10T01:18:25.012035+00:00). Possible causes: failed download, incomplete artifact transfer, or stale manifest entry from a previous run."
https://nsf-gov-resources.nsf.gov/files/STCwebinarOct24-508c.pdf?VersionId=y7OXu3HHWr6F1xLUn7onIEAhV6FgLg_V,STCwebinarOct24-508c.pdf?VersionId=y7OXu3HHWr6F1xLUn7onIEAhV6FgLg_V,nsf.gov,,,—,error,2026-03-10T01:18:25.041628+00:00,,,,,,,,,,,,,,,,,,,,,,,,,,,,"File not found: crawled_files/nsf.gov/STCwebinarOct24-508c.pdf?VersionId=y7OXu3HHWr6F1xLUn7onIEAhV6FgLg_V (crawled 1 day(s) ago at 2026-03-10T01:18:25.041628+00:00). Possible causes: failed download, incomplete artifact transfer, or stale manifest entry from a previous run."
https://nsf-gov-resources.nsf.gov/files/SciENcvFAQs.pdf,SciENcvFAQs.pdf,nsf.gov,,,—,analysed,2026-03-10T01:18:25.043614+00:00,2024-08-06 15:14:45+00:00,,,,,,True,False,False,Pass,Pass,Pass,Pass,Pass,Pass,,,,,,,,,False,19,,,
https://nsf-gov-resources.nsf.gov/files/Semiannual_Report_to_Congress-Fall2025.pdf,Semiannual_Report_to_Congress-Fall2025.pdf,nsf.gov,,,—,error,2026-03-10T01:18:25.046574+00:00,,,,,,,,,,,,,,,,,,,,,,,,,,,,"File not found: crawled_files/nsf.gov/Semiannual_Report_to_Congress-Fall2025.pdf (crawled 1 day(s) ago at 2026-03-10T01:18:25.046574+00:00). Possible causes: failed download, incomplete artifact transfer, or stale manifest entry from a previous run."
https://nsf-gov-resources.nsf.gov/files/TIP%20Impact%20Infographic%20508%20v2.pdf,TIP%20Impact%20Infographic%20508%20v2.pdf,nsf.gov,,,—,analysed,2026-03-10T01:18:25.052128+00:00,2025-03-21 16:39:00+00:00,,,,,,True,False,False,Pass,Pass,Pass,Pass,Pass,Pass,,,,,,,,,False,2,,,
https://nsf-gov-resources.nsf.gov/files/USAP-SAHPR-Report.pdf,USAP-SAHPR-Report.pdf,nsf.gov,,,—,error,2026-03-10T01:18:25.104126+00:00,,,,,,,,,,,,,,,,,,,,,,,,,,,,"File not found: crawled_files/nsf.gov/USAP-SAHPR-Report.pdf (crawled 1 day(s) ago at 2026-03-10T01:18:25.104126+00:00). Possible causes: failed download, incomplete artifact transfer, or stale manifest entry from a previous run."
https://nsf-gov-resources.nsf.gov/files/University-Alabama-OIG-Audit-24-1-011.pdf,University-Alabama-OIG-Audit-24-1-011.pdf,nsf.gov,,,—,error,2026-03-10T01:18:25.105115+00:00,,,,,,,,,,,,,,,,,,,,,,,,,,,,"File not found: crawled_files/nsf.gov/University-Alabama-OIG-Audit-24-1-011.pdf (crawled 1 day(s) ago at 2026-03-10T01:18:25.105115+00:00). Possible causes: failed download, incomplete artifact transfer, or stale manifest entry from a previous run."
https://nsf-gov-resources.nsf.gov/files/University-Connecticut-Health-Center-OIG-Report-23-1-010.pdf,University-Connecticut-Health-Center-OIG-Report-23-1-010.pdf,nsf.gov,,,—,error,2026-03-10T01:18:25.106527+00:00,,,,,,,,,,,,,,,,,,,,,,,,,,,,"File not found: crawled_files/nsf.gov/University-Connecticut-Health-Center-OIG-Report-23-1-010.pdf (crawled 1 day(s) ago at 2026-03-10T01:18:25.106527+00:00). Possible causes: failed download, incomplete artifact transfer, or stale manifest entry from a previous run."
https://nsf-gov-resources.nsf.gov/files/University-Florida-OIG-Report-21-1-004.pdf,University-Florida-OIG-Report-21-1-004.pdf,nsf.gov,,,—,error,2026-03-10T01:18:25.107233+00:00,,,,,,,,,,,,,,,,,,,,,,,,,,,,"File not found: crawled_files/nsf.gov/University-Florida-OIG-Report-21-1-004.pdf (crawled 1 day(s) ago at 2026-03-10T01:18:25.107233+00:00). Possible causes: failed download, incomplete artifact transfer, or stale manifest entry from a previous run."
https://nsf-gov-resources.nsf.gov/files/University-Georgia-OIG-Report-25-1-001.pdf,University-Georgia-OIG-Report-25-1-001.pdf,nsf.gov,,,—,error,2026-03-10T01:18:25.107803+00:00,,,,,,,,,,,,,,,,,,,,,,,,,,,,"File not found: crawled_files/nsf.gov/University-Georgia-OIG-Report-25-1-001.pdf (crawled 1 day(s) ago at 2026-03-10T01:18:25.107803+00:00). Possible causes: failed download, incomplete artifact transfer, or stale manifest entry from a previous run."
https://nsf-gov-resources.nsf.gov/files/University-Maine-OIG-Report-25-1-002.pdf,University-Maine-OIG-Report-25-1-002.pdf,nsf.gov,,,—,error,2026-03-10T01:18:25.108473+00:00,,,,,,,,,,,,,,,,,,,,,,,,,,,,"File not found: crawled_files/nsf.gov/University-Maine-OIG-Report-25-1-002.pdf (crawled 1 day(s) ago at 2026-03-10T01:18:25.108473+00:00). Possible causes: failed download, incomplete artifact transfer, or stale manifest entry from a previous run."
https://nsf-gov-resources.nsf.gov/files/University-New-Hampshire-OIG-Report-24-1-004.pdf,University-New-Hampshire-OIG-Report-24-1-004.pdf,nsf.gov,,,—,error,2026-03-10T01:18:25.109203+00:00,,,,,,,,,,,,,,,,,,,,,,,,,,,,"File not found: crawled_files/nsf.gov/University-New-Hampshire-OIG-Report-24-1-004.pdf (crawled 1 day(s) ago at 2026-03-10T01:18:25.109203+00:00). Possible causes: failed download, incomplete artifact transfer, or stale manifest entry from a previous run."
https://nsf-gov-resources.nsf.gov/files/University-Oklahoma-OIG-Report-24-1-008.pdf,University-Oklahoma-OIG-Report-24-1-008.pdf,nsf.gov,,,—,error,2026-03-10T01:18:25.109766+00:00,,,,,,,,,,,,,,,,,,,,,,,,,,,,"File not found: crawled_files/nsf.gov/University-Oklahoma-OIG-Report-24-1-008.pdf (crawled 1 day(s) ago at 2026-03-10T01:18:25.109766+00:00). Possible causes: failed download, incomplete artifact transfer, or stale manifest entry from a previous run."
https://nsf-gov-resources.nsf.gov/attachments/310618/public/WebinarNSF25-506.pdf?VersionId=ul2SImdau8jVceNB9ldHZAuReHgzsviL,WebinarNSF25-506.pdf?VersionId=ul2SImdau8jVceNB9ldHZAuReHgzsviL,nsf.gov,,,—,error,2026-03-10T01:18:25.111874+00:00,,,,,,,,,,,,,,,,,,,,,,,,,,,,"File not found: crawled_files/nsf.gov/WebinarNSF25-506.pdf?VersionId=ul2SImdau8jVceNB9ldHZAuReHgzsviL (crawled 1 day(s) ago at 2026-03-10T01:18:25.111874+00:00). Possible causes: failed download, incomplete artifact transfer, or stale manifest entry from a previous run."
https://nsf-gov-resources.nsf.gov/files/alertmemo_bfaresponse213.pdf,alertmemo_bfaresponse213.pdf,nsf.gov,,,—,error,2026-03-10T01:18:25.114182+00:00,,,,,,,,,,,,,,,,,,,,,,,,,,,,"File not found: crawled_files/nsf.gov/alertmemo_bfaresponse213.pdf (crawled 1 day(s) ago at 2026-03-10T01:18:25.114182+00:00). Possible causes: failed download, incomplete artifact transfer, or stale manifest entry from a previous run."
https://nsf-gov-resources.nsf.gov/files/appendix-a-r.pdf,appendix-a-r.pdf,nsf.gov,,,—,analysed,2026-03-10T01:18:25.114881+00:00,2025-02-12 22:37:12+00:00,,,,,,True,False,False,Pass,Pass,Pass,Pass,Pass,Pass,,,,,,,,,False,4,,,
https://nsf-gov-resources.nsf.gov/files/audit-rep-201004-unc-chapelhill.pdf,audit-rep-201004-unc-chapelhill.pdf,nsf.gov,,,—,error,2026-03-10T01:18:25.115593+00:00,,,,,,,,,,,,,,,,,,,,,,,,,,,,"File not found: crawled_files/nsf.gov/audit-rep-201004-unc-chapelhill.pdf (crawled 1 day(s) ago at 2026-03-10T01:18:25.115593+00:00). Possible causes: failed download, incomplete artifact transfer, or stale manifest entry from a previous run."
https://nsf-gov-resources.nsf.gov/files/audit-rep-221002-utdallas.pdf,audit-rep-221002-utdallas.pdf,nsf.gov,,,—,error,2026-03-10T01:18:25.116299+00:00,,,,,,,,,,,,,,,,,,,,,,,,,,,,"File not found: crawled_files/nsf.gov/audit-rep-221002-utdallas.pdf (crawled 1 day(s) ago at 2026-03-10T01:18:25.116299+00:00). Possible causes: failed download, incomplete artifact transfer, or stale manifest entry from a previous run."
https://nsf-gov-resources.nsf.gov/files/audit-rep-221009-bscs.pdf,audit-rep-221009-bscs.pdf,nsf.gov,,,—,error,2026-03-10T01:18:25.116983+00:00,,,,,,,,,,,,,,,,,,,,,,,,,,,,"File not found: crawled_files/nsf.gov/audit-rep-221009-bscs.pdf (crawled 1 day(s) ago at 2026-03-10T01:18:25.116983+00:00). Possible causes: failed download, incomplete artifact transfer, or stale manifest entry from a previous run."
https://nsf-gov-resources.nsf.gov/files/audit-rep-221013-mines.pdf,audit-rep-221013-mines.pdf,nsf.gov,,,—,error,2026-03-10T01:18:25.117606+00:00,,,,,,,,,,,,,,,,,,,,,,,,,,,,"File not found: crawled_files/nsf.gov/audit-rep-221013-mines.pdf (crawled 1 day(s) ago at 2026-03-10T01:18:25.117606+00:00). Possible causes: failed download, incomplete artifact transfer, or stale manifest entry from a previous run."
https://nsf-gov-resources.nsf.gov/files/audit-rep-231003-olemiss.pdf,audit-rep-231003-olemiss.pdf,nsf.gov,,,—,error,2026-03-10T01:18:25.118289+00:00,,,,,,,,,,,,,,,,,,,,,,,,,,,,"File not found: crawled_files/nsf.gov/audit-rep-231003-olemiss.pdf (crawled 1 day(s) ago at 2026-03-10T01:18:25.118289+00:00). Possible causes: failed download, incomplete artifact transfer, or stale manifest entry from a previous run."
https://nsf-gov-resources.nsf.gov/files/audit-rep-231006-rpi.pdf,audit-rep-231006-rpi.pdf,nsf.gov,,,—,error,2026-03-10T01:18:25.119025+00:00,,,,,,,,,,,,,,,,,,,,,,,,,,,,"File not found: crawled_files/nsf.gov/audit-rep-231006-rpi.pdf (crawled 1 day(s) ago at 2026-03-10T01:18:25.119025+00:00). Possible causes: failed download, incomplete artifact transfer, or stale manifest entry from a previous run."
https://nsf-gov-resources.nsf.gov/files/audit-rep-231007-osu.pdf,audit-rep-231007-osu.pdf,nsf.gov,,,—,error,2026-03-10T01:18:25.119722+00:00,,,,,,,,,,,,,,,,,,,,,,,,,,,,"File not found: crawled_files/nsf.gov/audit-rep-231007-osu.pdf (crawled 1 day(s) ago at 2026-03-10T01:18:25.119722+00:00). Possible causes: failed download, incomplete artifact transfer, or stale manifest entry from a previous run."
https://nsf-gov-resources.nsf.gov/files/audit-rep-231009-mbari.pdf,audit-rep-231009-mbari.pdf,nsf.gov,,,—,error,2026-03-10T01:18:25.120459+00:00,,,,,,,,,,,,,,,,,,,,,,,,,,,,"File not found: crawled_files/nsf.gov/audit-rep-231009-mbari.pdf (crawled 1 day(s) ago at 2026-03-10T01:18:25.120459+00:00). Possible causes: failed download, incomplete artifact transfer, or stale manifest entry from a previous run."
https://nsf-gov-resources.nsf.gov/files/audit-rep-241001-vermont.pdf,audit-rep-241001-vermont.pdf,nsf.gov,,,—,error,2026-03-10T01:18:25.121138+00:00,,,,,,,,,,,,,,,,,,,,,,,,,,,,"File not found: crawled_files/nsf.gov/audit-rep-241001-vermont.pdf (crawled 1 day(s) ago at 2026-03-10T01:18:25.121138+00:00). Possible causes: failed download, incomplete artifact transfer, or stale manifest entry from a previous run."
https://nsf-gov-resources.nsf.gov/files/audit-rep-241009-vatech.pdf,audit-rep-241009-vatech.pdf,nsf.gov,,,—,error,2026-03-10T01:18:25.121966+00:00,,,,,,,,,,,,,,,,,,,,,,,,,,,,"File not found: crawled_files/nsf.gov/audit-rep-241009-vatech.pdf (crawled 1 day(s) ago at 2026-03-10T01:18:25.121966+00:00). Possible causes: failed download, incomplete artifact transfer, or stale manifest entry from a previous run."
https://nsf-gov-resources.nsf.gov/files/audit-rep-241010-pitt.pdf,audit-rep-241010-pitt.pdf,nsf.gov,,,—,error,2026-03-10T01:18:25.122694+00:00,,,,,,,,,,,,,,,,,,,,,,,,,,,,"File not found: crawled_files/nsf.gov/audit-rep-241010-pitt.pdf (crawled 1 day(s) ago at 2026-03-10T01:18:25.122694+00:00). Possible causes: failed download, incomplete artifact transfer, or stale manifest entry from a previous run."
https://nsf-gov-resources.nsf.gov/files/audit-rep-241014-ncstate.pdf,audit-rep-241014-ncstate.pdf,nsf.gov,,,—,error,2026-03-10T01:18:25.123386+00:00,,,,,,,,,,,,,,,,,,,,,,,,,,,,"File not found: crawled_files/nsf.gov/audit-rep-241014-ncstate.pdf (crawled 1 day(s) ago at 2026-03-10T01:18:25.123386+00:00). Possible causes: failed download, incomplete artifact transfer, or stale manifest entry from a previous run."
https://nsf-gov-resources.nsf.gov/files/audit-report-201005-houston.pdf,audit-report-201005-houston.pdf,nsf.gov,,,—,error,2026-03-10T01:18:25.123968+00:00,,,,,,,,,,,,,,,,,,,,,,,,,,,,"File not found: crawled_files/nsf.gov/audit-report-201005-houston.pdf (crawled 1 day(s) ago at 2026-03-10T01:18:25.123968+00:00). Possible causes: failed download, incomplete artifact transfer, or stale manifest entry from a previous run."
https://nsf-gov-resources.nsf.gov/files/audit-report-211007-clemson.pdf,audit-report-211007-clemson.pdf,nsf.gov,,,—,error,2026-03-10T01:18:25.124702+00:00,,,,,,,,,,,,,,,,,,,,,,,,,,,,"File not found: crawled_files/nsf.gov/audit-report-211007-clemson.pdf (crawled 1 day(s) ago at 2026-03-10T01:18:25.124702+00:00). Possible causes: failed download, incomplete artifact transfer, or stale manifest entry from a previous run."
https://nsf-gov-resources.nsf.gov/files/audit-report-231008-sao.pdf,audit-report-231008-sao.pdf,nsf.gov,,,—,error,2026-03-10T01:18:25.125372+00:00,,,,,,,,,,,,,,,,,,,,,,,,,,,,"File not found: crawled_files/nsf.gov/audit-report-231008-sao.pdf (crawled 1 day(s) ago at 2026-03-10T01:18:25.125372+00:00). Possible causes: failed download, incomplete artifact transfer, or stale manifest entry from a previous run."
https://nsf-gov-resources.nsf.gov/files/auditr-ep-231004-unc-charlotte.pdf,auditr-ep-231004-unc-charlotte.pdf,nsf.gov,,,—,error,2026-03-10T01:18:25.126060+00:00,,,,,,,,,,,,,,,,,,,,,,,,,,,,"File not found: crawled_files/nsf.gov/auditr-ep-231004-unc-charlotte.pdf (crawled 1 day(s) ago at 2026-03-10T01:18:25.126060+00:00). Possible causes: failed download, incomplete artifact transfer, or stale manifest entry from a previous run."
https://nsf-gov-resources.nsf.gov/files/auditrep121005-ucsb-r.pdf,auditrep121005-ucsb-r.pdf,nsf.gov,,,—,error,2026-03-10T01:18:25.127111+00:00,,,,,,,,,,,,,,,,,,,,,,,,,,,,"File not found: crawled_files/nsf.gov/auditrep121005-ucsb-r.pdf (crawled 1 day(s) ago at 2026-03-10T01:18:25.127111+00:00). Possible causes: failed download, incomplete artifact transfer, or stale manifest entry from a previous run."
https://nsf-gov-resources.nsf.gov/files/auditrep131001and003-uwmad-r.pdf,auditrep131001and003-uwmad-r.pdf,nsf.gov,,,—,error,2026-03-10T01:18:25.127657+00:00,,,,,,,,,,,,,,,,,,,,,,,,,,,,"File not found: crawled_files/nsf.gov/auditrep131001and003-uwmad-r.pdf (crawled 1 day(s) ago at 2026-03-10T01:18:25.127657+00:00). Possible causes: failed download, incomplete artifact transfer, or stale manifest entry from a previous run."
https://nsf-gov-resources.nsf.gov/files/auditrep131004-cornell-r.pdf,auditrep131004-cornell-r.pdf,nsf.gov,,,—,error,2026-03-10T01:18:25.128256+00:00,,,,,,,,,,,,,,,,,,,,,,,,,,,,"File not found: crawled_files/nsf.gov/auditrep131004-cornell-r.pdf (crawled 1 day(s) ago at 2026-03-10T01:18:25.128256+00:00). Possible causes: failed download, incomplete artifact transfer, or stale manifest entry from a previous run."
https://nsf-gov-resources.nsf.gov/files/auditrep131005-safod.pdf,auditrep131005-safod.pdf,nsf.gov,,,—,error,2026-03-10T01:18:25.129374+00:00,,,,,,,,,,,,,,,,,,,,,,,,,,,,"File not found: crawled_files/nsf.gov/auditrep131005-safod.pdf (crawled 1 day(s) ago at 2026-03-10T01:18:25.129374+00:00). Possible causes: failed download, incomplete artifact transfer, or stale manifest entry from a previous run."
https://nsf-gov-resources.nsf.gov/files/auditrep14001-nyu-r.pdf,auditrep14001-nyu-r.pdf,nsf.gov,,,—,error,2026-03-10T01:18:25.129993+00:00,,,,,,,,,,,,,,,,,,,,,,,,,,,,"File not found: crawled_files/nsf.gov/auditrep14001-nyu-r.pdf (crawled 1 day(s) ago at 2026-03-10T01:18:25.129993+00:00). Possible causes: failed download, incomplete artifact transfer, or stale manifest entry from a previous run."
https://nsf-gov-resources.nsf.gov/files/auditrep141002-vpi-r.pdf,auditrep141002-vpi-r.pdf,nsf.gov,,,—,error,2026-03-10T01:18:25.130490+00:00,,,,,,,,,,,,,,,,,,,,,,,,,,,,"File not found: crawled_files/nsf.gov/auditrep141002-vpi-r.pdf (crawled 1 day(s) ago at 2026-03-10T01:18:25.130490+00:00). Possible causes: failed download, incomplete artifact transfer, or stale manifest entry from a previous run."
https://nsf-gov-resources.nsf.gov/files/auditrep141004-ucla.pdf,auditrep141004-ucla.pdf,nsf.gov,,,—,error,2026-03-10T01:18:25.131719+00:00,,,,,,,,,,,,,,,,,,,,,,,,,,,,"File not found: crawled_files/nsf.gov/auditrep141004-ucla.pdf (crawled 1 day(s) ago at 2026-03-10T01:18:25.131719+00:00). Possible causes: failed download, incomplete artifact transfer, or stale manifest entry from a previous run."
https://nsf-gov-resources.nsf.gov/files/auditrep141006-uiuc.pdf,auditrep141006-uiuc.pdf,nsf.gov,,,—,error,2026-03-10T01:18:25.132323+00:00,,,,,,,,,,,,,,,,,,,,,,,,,,,,"File not found: crawled_files/nsf.gov/auditrep141006-uiuc.pdf (crawled 1 day(s) ago at 2026-03-10T01:18:25.132323+00:00). Possible causes: failed download, incomplete artifact transfer, or stale manifest entry from a previous run."
https://nsf-gov-resources.nsf.gov/files/auditrep151002-uafairbanks.pdf,auditrep151002-uafairbanks.pdf,nsf.gov,,,—,error,2026-03-10T01:18:25.132594+00:00,,,,,,,,,,,,,,,,,,,,,,,,,,,,"File not found: crawled_files/nsf.gov/auditrep151002-uafairbanks.pdf (crawled 1 day(s) ago at 2026-03-10T01:18:25.132594+00:00). Possible causes: failed download, incomplete artifact transfer, or stale manifest entry from a previous run."
https://nsf-gov-resources.nsf.gov/files/auditrep151003-msu.pdf,auditrep151003-msu.pdf,nsf.gov,,,—,error,2026-03-10T01:18:25.133075+00:00,,,,,,,,,,,,,,,,,,,,,,,,,,,,"File not found: crawled_files/nsf.gov/auditrep151003-msu.pdf (crawled 1 day(s) ago at 2026-03-10T01:18:25.133075+00:00). Possible causes: failed download, incomplete artifact transfer, or stale manifest entry from a previous run."
https://nsf-gov-resources.nsf.gov/files/auditrep151004-uflorida.pdf,auditrep151004-uflorida.pdf,nsf.gov,,,—,error,2026-03-10T01:18:25.133627+00:00,,,,,,,,,,,,,,,,,,,,,,,,,,,,"File not found: crawled_files/nsf.gov/auditrep151004-uflorida.pdf (crawled 1 day(s) ago at 2026-03-10T01:18:25.133627+00:00). Possible causes: failed download, incomplete artifact transfer, or stale manifest entry from a previous run."
https://nsf-gov-resources.nsf.gov/files/auditrep151012-ucberkeley.pdf,auditrep151012-ucberkeley.pdf,nsf.gov,,,—,error,2026-03-10T01:18:25.134157+00:00,,,,,,,,,,,,,,,,,,,,,,,,,,,,"File not found: crawled_files/nsf.gov/auditrep151012-ucberkeley.pdf (crawled 1 day(s) ago at 2026-03-10T01:18:25.134157+00:00). Possible causes: failed download, incomplete artifact transfer, or stale manifest entry from a previous run."
https://nsf-gov-resources.nsf.gov/files/auditrep151014-uwmadison.pdf,auditrep151014-uwmadison.pdf,nsf.gov,,,—,error,2026-03-10T01:18:25.134622+00:00,,,,,,,,,,,,,,,,,,,,,,,,,,,,"File not found: crawled_files/nsf.gov/auditrep151014-uwmadison.pdf (crawled 1 day(s) ago at 2026-03-10T01:18:25.134622+00:00). Possible causes: failed download, incomplete artifact transfer, or stale manifest entry from a previous run."
https://nsf-gov-resources.nsf.gov/files/auditrep151017-gmason.pdf,auditrep151017-gmason.pdf,nsf.gov,,,—,error,2026-03-10T01:18:25.135176+00:00,,,,,,,,,,,,,,,,,,,,,,,,,,,,"File not found: crawled_files/nsf.gov/auditrep151017-gmason.pdf (crawled 1 day(s) ago at 2026-03-10T01:18:25.135176+00:00). Possible causes: failed download, incomplete artifact transfer, or stale manifest entry from a previous run."
https://nsf-gov-resources.nsf.gov/files/auditrep151019-indianau.pdf,auditrep151019-indianau.pdf,nsf.gov,,,—,error,2026-03-10T01:18:25.135637+00:00,,,,,,,,,,,,,,,,,,,,,,,,,,,,"File not found: crawled_files/nsf.gov/auditrep151019-indianau.pdf (crawled 1 day(s) ago at 2026-03-10T01:18:25.135637+00:00). Possible causes: failed download, incomplete artifact transfer, or stale manifest entry from a previous run."
https://nsf-gov-resources.nsf.gov/files/auditrep151020-stanford.pdf,auditrep151020-stanford.pdf,nsf.gov,,,—,error,2026-03-10T01:18:25.136142+00:00,,,,,,,,,,,,,,,,,,,,,,,,,,,,"File not found: crawled_files/nsf.gov/auditrep151020-stanford.pdf (crawled 1 day(s) ago at 2026-03-10T01:18:25.136142+00:00). Possible causes: failed download, incomplete artifact transfer, or stale manifest entry from a previous run."
https://nsf-gov-resources.nsf.gov/files/auditrep151021-fsu.pdf,auditrep151021-fsu.pdf,nsf.gov,,,—,error,2026-03-10T01:18:25.136529+00:00,,,,,,,,,,,,,,,,,,,,,,,,,,,,"File not found: crawled_files/nsf.gov/auditrep151021-fsu.pdf (crawled 1 day(s) ago at 2026-03-10T01:18:25.136529+00:00). Possible causes: failed download, incomplete artifact transfer, or stale manifest entry from a previous run."
https://nsf-gov-resources.nsf.gov/files/auditrep151022-cmu.pdf,auditrep151022-cmu.pdf,nsf.gov,,,—,error,2026-03-10T01:18:25.136996+00:00,,,,,,,,,,,,,,,,,,,,,,,,,,,,"File not found: crawled_files/nsf.gov/auditrep151022-cmu.pdf (crawled 1 day(s) ago at 2026-03-10T01:18:25.136996+00:00). Possible causes: failed download, incomplete artifact transfer, or stale manifest entry from a previous run."
https://nsf-gov-resources.nsf.gov/files/auditrep151023-michtech.pdf,auditrep151023-michtech.pdf,nsf.gov,,,—,error,2026-03-10T01:18:25.137428+00:00,,,,,,,,,,,,,,,,,,,,,,,,,,,,"File not found: crawled_files/nsf.gov/auditrep151023-michtech.pdf (crawled 1 day(s) ago at 2026-03-10T01:18:25.137428+00:00). Possible causes: failed download, incomplete artifact transfer, or stale manifest entry from a previous run."
https://nsf-gov-resources.nsf.gov/files/auditrep161021-columbia.pdf,auditrep161021-columbia.pdf,nsf.gov,,,—,error,2026-03-10T01:18:25.137895+00:00,,,,,,,,,,,,,,,,,,,,,,,,,,,,"File not found: crawled_files/nsf.gov/auditrep161021-columbia.pdf (crawled 1 day(s) ago at 2026-03-10T01:18:25.137895+00:00). Possible causes: failed download, incomplete artifact transfer, or stale manifest entry from a previous run."
https://nsf-gov-resources.nsf.gov/files/auditrep161022-georgetown.pdf,auditrep161022-georgetown.pdf,nsf.gov,,,—,error,2026-03-10T01:18:25.138387+00:00,,,,,,,,,,,,,,,,,,,,,,,,,,,,"File not found: crawled_files/nsf.gov/auditrep161022-georgetown.pdf (crawled 1 day(s) ago at 2026-03-10T01:18:25.138387+00:00). Possible causes: failed download, incomplete artifact transfer, or stale manifest entry from a previous run."
https://nsf-gov-resources.nsf.gov/files/auditrep161023-michigan.pdf,auditrep161023-michigan.pdf,nsf.gov,,,—,error,2026-03-10T01:18:25.138876+00:00,,,,,,,,,,,,,,,,,,,,,,,,,,,,"File not found: crawled_files/nsf.gov/auditrep161023-michigan.pdf (crawled 1 day(s) ago at 2026-03-10T01:18:25.138876+00:00). Possible causes: failed download, incomplete artifact transfer, or stale manifest entry from a previous run."
https://nsf-gov-resources.nsf.gov/files/auditrep171001-pennstate.pdf,auditrep171001-pennstate.pdf,nsf.gov,,,—,error,2026-03-10T01:18:25.139365+00:00,,,,,,,,,,,,,,,,,,,,,,,,,,,,"File not found: crawled_files/nsf.gov/auditrep171001-pennstate.pdf (crawled 1 day(s) ago at 2026-03-10T01:18:25.139365+00:00). Possible causes: failed download, incomplete artifact transfer, or stale manifest entry from a previous run."
https://nsf-gov-resources.nsf.gov/files/auditrep171002-ucdavis.pdf,auditrep171002-ucdavis.pdf,nsf.gov,,,—,error,2026-03-10T01:18:25.139877+00:00,,,,,,,,,,,,,,,,,,,,,,,,,,,,"File not found: crawled_files/nsf.gov/auditrep171002-ucdavis.pdf (crawled 1 day(s) ago at 2026-03-10T01:18:25.139877+00:00). Possible causes: failed download, incomplete artifact transfer, or stale manifest entry from a previous run."
https://nsf-gov-resources.nsf.gov/files/auditrep171003-purdue.pdf,auditrep171003-purdue.pdf,nsf.gov,,,—,error,2026-03-10T01:18:25.140417+00:00,,,,,,,,,,,,,,,,,,,,,,,,,,,,"File not found: crawled_files/nsf.gov/auditrep171003-purdue.pdf (crawled 1 day(s) ago at 2026-03-10T01:18:25.140417+00:00). Possible causes: failed download, incomplete artifact transfer, or stale manifest entry from a previous run."
https://nsf-gov-resources.nsf.gov/files/auditrep171004-oregonst.pdf,auditrep171004-oregonst.pdf,nsf.gov,,,—,error,2026-03-10T01:18:25.140923+00:00,,,,,,,,,,,,,,,,,,,,,,,,,,,,"File not found: crawled_files/nsf.gov/auditrep171004-oregonst.pdf (crawled 1 day(s) ago at 2026-03-10T01:18:25.140923+00:00). Possible causes: failed download, incomplete artifact transfer, or stale manifest entry from a previous run."
https://nsf-gov-resources.nsf.gov/files/auditrep171005-ucsd_0.pdf,auditrep171005-ucsd_0.pdf,nsf.gov,,,—,error,2026-03-10T01:18:25.141446+00:00,,,,,,,,,,,,,,,,,,,,,,,,,,,,"File not found: crawled_files/nsf.gov/auditrep171005-ucsd_0.pdf (crawled 1 day(s) ago at 2026-03-10T01:18:25.141446+00:00). Possible causes: failed download, incomplete artifact transfer, or stale manifest entry from a previous run."
https://nsf-gov-resources.nsf.gov/files/auditrep171006-ucsd.pdf,auditrep171006-ucsd.pdf,nsf.gov,,,—,error,2026-03-10T01:18:25.141965+00:00,,,,,,,,,,,,,,,,,,,,,,,,,,,,"File not found: crawled_files/nsf.gov/auditrep171006-ucsd.pdf (crawled 1 day(s) ago at 2026-03-10T01:18:25.141965+00:00). Possible causes: failed download, incomplete artifact transfer, or stale manifest entry from a previous run."
https://nsf-gov-resources.nsf.gov/files/auditrep171007-raytheon.pdf,auditrep171007-raytheon.pdf,nsf.gov,,,—,error,2026-03-10T01:18:25.142462+00:00,,,,,,,,,,,,,,,,,,,,,,,,,,,,"File not found: crawled_files/nsf.gov/auditrep171007-raytheon.pdf (crawled 1 day(s) ago at 2026-03-10T01:18:25.142462+00:00). Possible causes: failed download, incomplete artifact transfer, or stale manifest entry from a previous run."
https://nsf-gov-resources.nsf.gov/files/auditrep171008-gtrc.pdf,auditrep171008-gtrc.pdf,nsf.gov,,,—,error,2026-03-10T01:18:25.143000+00:00,,,,,,,,,,,,,,,,,,,,,,,,,,,,"File not found: crawled_files/nsf.gov/auditrep171008-gtrc.pdf (crawled 1 day(s) ago at 2026-03-10T01:18:25.143000+00:00). Possible causes: failed download, incomplete artifact transfer, or stale manifest entry from a previous run."
https://nsf-gov-resources.nsf.gov/files/auditrep171009-usc.pdf,auditrep171009-usc.pdf,nsf.gov,,,—,error,2026-03-10T01:18:25.143517+00:00,,,,,,,,,,,,,,,,,,,,,,,,,,,,"File not found: crawled_files/nsf.gov/auditrep171009-usc.pdf (crawled 1 day(s) ago at 2026-03-10T01:18:25.143517+00:00). Possible causes: failed download, incomplete artifact transfer, or stale manifest entry from a previous run."
https://nsf-gov-resources.nsf.gov/files/auditrep171010-arizona.pdf,auditrep171010-arizona.pdf,nsf.gov,,,—,error,2026-03-10T01:18:25.144054+00:00,,,,,,,,,,,,,,,,,,,,,,,,,,,,"File not found: crawled_files/nsf.gov/auditrep171010-arizona.pdf (crawled 1 day(s) ago at 2026-03-10T01:18:25.144054+00:00). Possible causes: failed download, incomplete artifact transfer, or stale manifest entry from a previous run."
https://nsf-gov-resources.nsf.gov/files/auditrep181002-texasamees.pdf,auditrep181002-texasamees.pdf,nsf.gov,,,—,error,2026-03-10T01:18:25.144575+00:00,,,,,,,,,,,,,,,,,,,,,,,,,,,,"File not found: crawled_files/nsf.gov/auditrep181002-texasamees.pdf (crawled 1 day(s) ago at 2026-03-10T01:18:25.144575+00:00). Possible causes: failed download, incomplete artifact transfer, or stale manifest entry from a previous run."
https://nsf-gov-resources.nsf.gov/files/auditrep181003-ncstate.pdf,auditrep181003-ncstate.pdf,nsf.gov,,,—,error,2026-03-10T01:18:25.145098+00:00,,,,,,,,,,,,,,,,,,,,,,,,,,,,"File not found: crawled_files/nsf.gov/auditrep181003-ncstate.pdf (crawled 1 day(s) ago at 2026-03-10T01:18:25.145098+00:00). Possible causes: failed download, incomplete artifact transfer, or stale manifest entry from a previous run."
https://nsf-gov-resources.nsf.gov/files/auditrep181005-nas.pdf,auditrep181005-nas.pdf,nsf.gov,,,—,error,2026-03-10T01:18:25.145593+00:00,,,,,,,,,,,,,,,,,,,,,,,,,,,,"File not found: crawled_files/nsf.gov/auditrep181005-nas.pdf (crawled 1 day(s) ago at 2026-03-10T01:18:25.145593+00:00). Possible causes: failed download, incomplete artifact transfer, or stale manifest entry from a previous run."
https://nsf-gov-resources.nsf.gov/files/auditrep181006-mit.pdf,auditrep181006-mit.pdf,nsf.gov,,,—,error,2026-03-10T01:18:25.146129+00:00,,,,,,,,,,,,,,,,,,,,,,,,,,,,"File not found: crawled_files/nsf.gov/auditrep181006-mit.pdf (crawled 1 day(s) ago at 2026-03-10T01:18:25.146129+00:00). Possible causes: failed download, incomplete artifact transfer, or stale manifest entry from a previous run."
https://nsf-gov-resources.nsf.gov/files/auditrep181007-montana.pdf,auditrep181007-montana.pdf,nsf.gov,,,—,error,2026-03-10T01:18:25.146642+00:00,,,,,,,,,,,,,,,,,,,,,,,,,,,,"File not found: crawled_files/nsf.gov/auditrep181007-montana.pdf (crawled 1 day(s) ago at 2026-03-10T01:18:25.146642+00:00). Possible causes: failed download, incomplete artifact transfer, or stale manifest entry from a previous run."
https://nsf-gov-resources.nsf.gov/files/auditrep181008-tufts.pdf,auditrep181008-tufts.pdf,nsf.gov,,,—,error,2026-03-10T01:18:25.147164+00:00,,,,,,,,,,,,,,,,,,,,,,,,,,,,"File not found: crawled_files/nsf.gov/auditrep181008-tufts.pdf (crawled 1 day(s) ago at 2026-03-10T01:18:25.147164+00:00). Possible causes: failed download, incomplete artifact transfer, or stale manifest entry from a previous run."
https://nsf-gov-resources.nsf.gov/files/auditrep191001-northwestern.pdf,auditrep191001-northwestern.pdf,nsf.gov,,,—,error,2026-03-10T01:18:25.147679+00:00,,,,,,,,,,,,,,,,,,,,,,,,,,,,"File not found: crawled_files/nsf.gov/auditrep191001-northwestern.pdf (crawled 1 day(s) ago at 2026-03-10T01:18:25.147679+00:00). Possible causes: failed download, incomplete artifact transfer, or stale manifest entry from a previous run."
https://nsf-gov-resources.nsf.gov/files/auditrep191002-uwyoming.pdf,auditrep191002-uwyoming.pdf,nsf.gov,,,—,error,2026-03-10T01:18:25.148271+00:00,,,,,,,,,,,,,,,,,,,,,,,,,,,,"File not found: crawled_files/nsf.gov/auditrep191002-uwyoming.pdf (crawled 1 day(s) ago at 2026-03-10T01:18:25.148271+00:00). Possible causes: failed download, incomplete artifact transfer, or stale manifest entry from a previous run."
https://nsf-gov-resources.nsf.gov/files/auditrep191003-csu.pdf,auditrep191003-csu.pdf,nsf.gov,,,—,error,2026-03-10T01:18:25.148791+00:00,,,,,,,,,,,,,,,,,,,,,,,,,,,,"File not found: crawled_files/nsf.gov/auditrep191003-csu.pdf (crawled 1 day(s) ago at 2026-03-10T01:18:25.148791+00:00). Possible causes: failed download, incomplete artifact transfer, or stale manifest entry from a previous run."
https://nsf-gov-resources.nsf.gov/files/auditrep191004-princeton.pdf,auditrep191004-princeton.pdf,nsf.gov,,,—,error,2026-03-10T01:18:25.149331+00:00,,,,,,,,,,,,,,,,,,,,,,,,,,,,"File not found: crawled_files/nsf.gov/auditrep191004-princeton.pdf (crawled 1 day(s) ago at 2026-03-10T01:18:25.149331+00:00). Possible causes: failed download, incomplete artifact transfer, or stale manifest entry from a previous run."
https://nsf-gov-resources.nsf.gov/files/auditrep191005-utknox.pdf,auditrep191005-utknox.pdf,nsf.gov,,,—,error,2026-03-10T01:18:25.149842+00:00,,,,,,,,,,,,,,,,,,,,,,,,,,,,"File not found: crawled_files/nsf.gov/auditrep191005-utknox.pdf (crawled 1 day(s) ago at 2026-03-10T01:18:25.149842+00:00). Possible causes: failed download, incomplete artifact transfer, or stale manifest entry from a previous run."
https://nsf-gov-resources.nsf.gov/files/auditrep191006-minnesota.pdf,auditrep191006-minnesota.pdf,nsf.gov,,,—,error,2026-03-10T01:18:25.150366+00:00,,,,,,,,,,,,,,,,,,,,,,,,,,,,"File not found: crawled_files/nsf.gov/auditrep191006-minnesota.pdf (crawled 1 day(s) ago at 2026-03-10T01:18:25.150366+00:00). Possible causes: failed download, incomplete artifact transfer, or stale manifest entry from a previous run."
https://nsf-gov-resources.nsf.gov/files/auditrep191007-asu.pdf,auditrep191007-asu.pdf,nsf.gov,,,—,error,2026-03-10T01:18:25.150917+00:00,,,,,,,,,,,,,,,,,,,,,,,,,,,,"File not found: crawled_files/nsf.gov/auditrep191007-asu.pdf (crawled 1 day(s) ago at 2026-03-10T01:18:25.150917+00:00). Possible causes: failed download, incomplete artifact transfer, or stale manifest entry from a previous run."
https://nsf-gov-resources.nsf.gov/files/auditrep191008-utah.pdf,auditrep191008-utah.pdf,nsf.gov,,,—,error,2026-03-10T01:18:25.151524+00:00,,,,,,,,,,,,,,,,,,,,,,,,,,,,"File not found: crawled_files/nsf.gov/auditrep191008-utah.pdf (crawled 1 day(s) ago at 2026-03-10T01:18:25.151524+00:00). Possible causes: failed download, incomplete artifact transfer, or stale manifest entry from a previous run."
https://nsf-gov-resources.nsf.gov/files/auditrep191009-ucar.pdf,auditrep191009-ucar.pdf,nsf.gov,,,—,error,2026-03-10T01:18:25.152047+00:00,,,,,,,,,,,,,,,,,,,,,,,,,,,,"File not found: crawled_files/nsf.gov/auditrep191009-ucar.pdf (crawled 1 day(s) ago at 2026-03-10T01:18:25.152047+00:00). Possible causes: failed download, incomplete artifact transfer, or stale manifest entry from a previous run."
https://nsf-gov-resources.nsf.gov/files/auditrep191011-delaware.pdf,auditrep191011-delaware.pdf,nsf.gov,,,—,error,2026-03-10T01:18:25.152732+00:00,,,,,,,,,,,,,,,,,,,,,,,,,,,,"File not found: crawled_files/nsf.gov/auditrep191011-delaware.pdf (crawled 1 day(s) ago at 2026-03-10T01:18:25.152732+00:00). Possible causes: failed download, incomplete artifact transfer, or stale manifest entry from a previous run."
https://nsf-gov-resources.nsf.gov/files/auditrep191012-utaustin.pdf,auditrep191012-utaustin.pdf,nsf.gov,,,—,error,2026-03-10T01:18:25.153257+00:00,,,,,,,,,,,,,,,,,,,,,,,,,,,,"File not found: crawled_files/nsf.gov/auditrep191012-utaustin.pdf (crawled 1 day(s) ago at 2026-03-10T01:18:25.153257+00:00). Possible causes: failed download, incomplete artifact transfer, or stale manifest entry from a previous run."
https://nsf-gov-resources.nsf.gov/files/auditrep191013-upenn.pdf,auditrep191013-upenn.pdf,nsf.gov,,,—,error,2026-03-10T01:18:25.153910+00:00,,,,,,,,,,,,,,,,,,,,,,,,,,,,"File not found: crawled_files/nsf.gov/auditrep191013-upenn.pdf (crawled 1 day(s) ago at 2026-03-10T01:18:25.153910+00:00). Possible causes: failed download, incomplete artifact transfer, or stale manifest entry from a previous run."
https://nsf-gov-resources.nsf.gov/files/auditrep191014-cincy.pdf,auditrep191014-cincy.pdf,nsf.gov,,,—,error,2026-03-10T01:18:25.154476+00:00,,,,,,,,,,,,,,,,,,,,,,,,,,,,"File not found: crawled_files/nsf.gov/auditrep191014-cincy.pdf (crawled 1 day(s) ago at 2026-03-10T01:18:25.154476+00:00). Possible causes: failed download, incomplete artifact transfer, or stale manifest entry from a previous run."
https://nsf-gov-resources.nsf.gov/files/auditrep191015-woodshole.pdf,auditrep191015-woodshole.pdf,nsf.gov,,,—,error,2026-03-10T01:18:25.154961+00:00,,,,,,,,,,,,,,,,,,,,,,,,,,,,"File not found: crawled_files/nsf.gov/auditrep191015-woodshole.pdf (crawled 1 day(s) ago at 2026-03-10T01:18:25.154961+00:00). Possible causes: failed download, incomplete artifact transfer, or stale manifest entry from a previous run."
https://nsf-gov-resources.nsf.gov/files/auditrep191016-ohiost.pdf,auditrep191016-ohiost.pdf,nsf.gov,,,—,error,2026-03-10T01:18:25.155546+00:00,,,,,,,,,,,,,,,,,,,,,,,,,,,,"File not found: crawled_files/nsf.gov/auditrep191016-ohiost.pdf (crawled 1 day(s) ago at 2026-03-10T01:18:25.155546+00:00). Possible causes: failed download, incomplete artifact transfer, or stale manifest entry from a previous run."
https://nsf-gov-resources.nsf.gov/files/auditrep196001-uscarolina.pdf,auditrep196001-uscarolina.pdf,nsf.gov,,,—,error,2026-03-10T01:18:25.156050+00:00,,,,,,,,,,,,,,,,,,,,,,,,,,,,"File not found: crawled_files/nsf.gov/auditrep196001-uscarolina.pdf (crawled 1 day(s) ago at 2026-03-10T01:18:25.156050+00:00). Possible causes: failed download, incomplete artifact transfer, or stale manifest entry from a previous run."
https://nsf-gov-resources.nsf.gov/files/auditrep196002-delaware.pdf,auditrep196002-delaware.pdf,nsf.gov,,,—,error,2026-03-10T01:18:25.156551+00:00,,,,,,,,,,,,,,,,,,,,,,,,,,,,"File not found: crawled_files/nsf.gov/auditrep196002-delaware.pdf (crawled 1 day(s) ago at 2026-03-10T01:18:25.156551+00:00). Possible causes: failed download, incomplete artifact transfer, or stale manifest entry from a previous run."
https://nsf-gov-resources.nsf.gov/files/auditrep201002-uconn-r.pdf,auditrep201002-uconn-r.pdf,nsf.gov,,,—,error,2026-03-10T01:18:25.157159+00:00,,,,,,,,,,,,,,,,,,,,,,,,,,,,"File not found: crawled_files/nsf.gov/auditrep201002-uconn-r.pdf (crawled 1 day(s) ago at 2026-03-10T01:18:25.157159+00:00). Possible causes: failed download, incomplete artifact transfer, or stale manifest entry from a previous run."
https://nsf-gov-resources.nsf.gov/files/auditrep201003-jhu-r.pdf,auditrep201003-jhu-r.pdf,nsf.gov,,,—,error,2026-03-10T01:18:25.157724+00:00,,,,,,,,,,,,,,,,,,,,,,,,,,,,"File not found: crawled_files/nsf.gov/auditrep201003-jhu-r.pdf (crawled 1 day(s) ago at 2026-03-10T01:18:25.157724+00:00). Possible causes: failed download, incomplete artifact transfer, or stale manifest entry from a previous run."
https://nsf-gov-resources.nsf.gov/files/auditrep201006-temple-r.pdf,auditrep201006-temple-r.pdf,nsf.gov,,,—,error,2026-03-10T01:18:25.158403+00:00,,,,,,,,,,,,,,,,,,,,,,,,,,,,"File not found: crawled_files/nsf.gov/auditrep201006-temple-r.pdf (crawled 1 day(s) ago at 2026-03-10T01:18:25.158403+00:00). Possible causes: failed download, incomplete artifact transfer, or stale manifest entry from a previous run."
https://nsf-gov-resources.nsf.gov/files/auditrep201007-yale-r-1.pdf,auditrep201007-yale-r-1.pdf,nsf.gov,,,—,error,2026-03-10T01:18:25.159124+00:00,,,,,,,,,,,,,,,,,,,,,,,,,,,,"File not found: crawled_files/nsf.gov/auditrep201007-yale-r-1.pdf (crawled 1 day(s) ago at 2026-03-10T01:18:25.159124+00:00). Possible causes: failed download, incomplete artifact transfer, or stale manifest entry from a previous run."
https://nsf-gov-resources.nsf.gov/files/auditrep201008-duke-r.pdf,auditrep201008-duke-r.pdf,nsf.gov,,,—,error,2026-03-10T01:18:25.159958+00:00,,,,,,,,,,,,,,,,,,,,,,,,,,,,"File not found: crawled_files/nsf.gov/auditrep201008-duke-r.pdf (crawled 1 day(s) ago at 2026-03-10T01:18:25.159958+00:00). Possible causes: failed download, incomplete artifact transfer, or stale manifest entry from a previous run."
https://nsf-gov-resources.nsf.gov/files/auditrep20221213-ucboulder-r.pdf,auditrep20221213-ucboulder-r.pdf,nsf.gov,,,—,error,2026-03-10T01:18:25.160817+00:00,,,,,,,,,,,,,,,,,,,,,,,,,,,,"File not found: crawled_files/nsf.gov/auditrep20221213-ucboulder-r.pdf (crawled 1 day(s) ago at 2026-03-10T01:18:25.160817+00:00). Possible causes: failed download, incomplete artifact transfer, or stale manifest entry from a previous run."
https://nsf-gov-resources.nsf.gov/files/auditrep206002-wyoming-r.pdf,auditrep206002-wyoming-r.pdf,nsf.gov,,,—,error,2026-03-10T01:18:25.161327+00:00,,,,,,,,,,,,,,,,,,,,,,,,,,,,"File not found: crawled_files/nsf.gov/auditrep206002-wyoming-r.pdf (crawled 1 day(s) ago at 2026-03-10T01:18:25.161327+00:00). Possible causes: failed download, incomplete artifact transfer, or stale manifest entry from a previous run."
https://nsf-gov-resources.nsf.gov/files/auditrep211001-kuresearch-r.pdf,auditrep211001-kuresearch-r.pdf,nsf.gov,,,—,error,2026-03-10T01:18:25.161954+00:00,,,,,,,,,,,,,,,,,,,,,,,,,,,,"File not found: crawled_files/nsf.gov/auditrep211001-kuresearch-r.pdf (crawled 1 day(s) ago at 2026-03-10T01:18:25.161954+00:00). Possible causes: failed download, incomplete artifact transfer, or stale manifest entry from a previous run."
https://nsf-gov-resources.nsf.gov/files/auditrep211002_tamu.pdf,auditrep211002_tamu.pdf,nsf.gov,,,—,error,2026-03-10T01:18:25.162678+00:00,,,,,,,,,,,,,,,,,,,,,,,,,,,,"File not found: crawled_files/nsf.gov/auditrep211002_tamu.pdf (crawled 1 day(s) ago at 2026-03-10T01:18:25.162678+00:00). Possible causes: failed download, incomplete artifact transfer, or stale manifest entry from a previous run."
https://nsf-gov-resources.nsf.gov/files/auditrep211003-wyoming-2-r.pdf,auditrep211003-wyoming-2-r.pdf,nsf.gov,,,—,error,2026-03-10T01:18:25.163404+00:00,,,,,,,,,,,,,,,,,,,,,,,,,,,,"File not found: crawled_files/nsf.gov/auditrep211003-wyoming-2-r.pdf (crawled 1 day(s) ago at 2026-03-10T01:18:25.163404+00:00). Possible causes: failed download, incomplete artifact transfer, or stale manifest entry from a previous run."
https://nsf-gov-resources.nsf.gov/files/auditrep211005-uafairbanks-r.pdf,auditrep211005-uafairbanks-r.pdf,nsf.gov,,,—,error,2026-03-10T01:18:25.163989+00:00,,,,,,,,,,,,,,,,,,,,,,,,,,,,"File not found: crawled_files/nsf.gov/auditrep211005-uafairbanks-r.pdf (crawled 1 day(s) ago at 2026-03-10T01:18:25.163989+00:00). Possible causes: failed download, incomplete artifact transfer, or stale manifest entry from a previous run."
https://nsf-gov-resources.nsf.gov/files/auditrep211006-uky-r.pdf,auditrep211006-uky-r.pdf,nsf.gov,,,—,error,2026-03-10T01:18:25.164492+00:00,,,,,,,,,,,,,,,,,,,,,,,,,,,,"File not found: crawled_files/nsf.gov/auditrep211006-uky-r.pdf (crawled 1 day(s) ago at 2026-03-10T01:18:25.164492+00:00). Possible causes: failed download, incomplete artifact transfer, or stale manifest entry from a previous run."
https://nsf-gov-resources.nsf.gov/files/auditrep211010-sunysb-r.pdf,auditrep211010-sunysb-r.pdf,nsf.gov,,,—,error,2026-03-10T01:18:25.165063+00:00,,,,,,,,,,,,,,,,,,,,,,,,,,,,"File not found: crawled_files/nsf.gov/auditrep211010-sunysb-r.pdf (crawled 1 day(s) ago at 2026-03-10T01:18:25.165063+00:00). Possible causes: failed download, incomplete artifact transfer, or stale manifest entry from a previous run."
https://nsf-gov-resources.nsf.gov/files/auditrep211012-fsu-r.pdf,auditrep211012-fsu-r.pdf,nsf.gov,,,—,error,2026-03-10T01:18:25.165609+00:00,,,,,,,,,,,,,,,,,,,,,,,,,,,,"File not found: crawled_files/nsf.gov/auditrep211012-fsu-r.pdf (crawled 1 day(s) ago at 2026-03-10T01:18:25.165609+00:00). Possible causes: failed download, incomplete artifact transfer, or stale manifest entry from a previous run."
https://nsf-gov-resources.nsf.gov/files/auditrep211013-uwmadison-r.pdf,auditrep211013-uwmadison-r.pdf,nsf.gov,,,—,error,2026-03-10T01:18:25.166192+00:00,,,,,,,,,,,,,,,,,,,,,,,,,,,,"File not found: crawled_files/nsf.gov/auditrep211013-uwmadison-r.pdf (crawled 1 day(s) ago at 2026-03-10T01:18:25.166192+00:00). Possible causes: failed download, incomplete artifact transfer, or stale manifest entry from a previous run."
https://nsf-gov-resources.nsf.gov/files/auditrep211015-ucf-r.pdf,auditrep211015-ucf-r.pdf,nsf.gov,,,—,error,2026-03-10T01:18:25.166722+00:00,,,,,,,,,,,,,,,,,,,,,,,,,,,,"File not found: crawled_files/nsf.gov/auditrep211015-ucf-r.pdf (crawled 1 day(s) ago at 2026-03-10T01:18:25.166722+00:00). Possible causes: failed download, incomplete artifact transfer, or stale manifest entry from a previous run."
https://nsf-gov-resources.nsf.gov/files/auditrep211018-michigan-r.pdf,auditrep211018-michigan-r.pdf,nsf.gov,,,—,error,2026-03-10T01:18:25.167240+00:00,,,,,,,,,,,,,,,,,,,,,,,,,,,,"File not found: crawled_files/nsf.gov/auditrep211018-michigan-r.pdf (crawled 1 day(s) ago at 2026-03-10T01:18:25.167240+00:00). Possible causes: failed download, incomplete artifact transfer, or stale manifest entry from a previous run."
https://nsf-gov-resources.nsf.gov/files/auditrep211019_pitt.pdf,auditrep211019_pitt.pdf,nsf.gov,,,—,error,2026-03-10T01:18:25.167915+00:00,,,,,,,,,,,,,,,,,,,,,,,,,,,,"File not found: crawled_files/nsf.gov/auditrep211019_pitt.pdf (crawled 1 day(s) ago at 2026-03-10T01:18:25.167915+00:00). Possible causes: failed download, incomplete artifact transfer, or stale manifest entry from a previous run."
https://nsf-gov-resources.nsf.gov/files/auditrep221003_ucmerced.pdf,auditrep221003_ucmerced.pdf,nsf.gov,,,—,error,2026-03-10T01:18:25.168744+00:00,,,,,,,,,,,,,,,,,,,,,,,,,,,,"File not found: crawled_files/nsf.gov/auditrep221003_ucmerced.pdf (crawled 1 day(s) ago at 2026-03-10T01:18:25.168744+00:00). Possible causes: failed download, incomplete artifact transfer, or stale manifest entry from a previous run."
https://nsf-gov-resources.nsf.gov/files/auditrep221004-idaho-r.pdf,auditrep221004-idaho-r.pdf,nsf.gov,,,—,error,2026-03-10T01:18:25.169372+00:00,,,,,,,,,,,,,,,,,,,,,,,,,,,,"File not found: crawled_files/nsf.gov/auditrep221004-idaho-r.pdf (crawled 1 day(s) ago at 2026-03-10T01:18:25.169372+00:00). Possible causes: failed download, incomplete artifact transfer, or stale manifest entry from a previous run."
https://nsf-gov-resources.nsf.gov/files/auditrep221005-maine-r.pdf,auditrep221005-maine-r.pdf,nsf.gov,,,—,error,2026-03-10T01:18:25.169867+00:00,,,,,,,,,,,,,,,,,,,,,,,,,,,,"File not found: crawled_files/nsf.gov/auditrep221005-maine-r.pdf (crawled 1 day(s) ago at 2026-03-10T01:18:25.169867+00:00). Possible causes: failed download, incomplete artifact transfer, or stale manifest entry from a previous run."
https://nsf-gov-resources.nsf.gov/files/auditrep221006_calpoly.pdf,auditrep221006_calpoly.pdf,nsf.gov,,,—,error,2026-03-10T01:18:25.170573+00:00,,,,,,,,,,,,,,,,,,,,,,,,,,,,"File not found: crawled_files/nsf.gov/auditrep221006_calpoly.pdf (crawled 1 day(s) ago at 2026-03-10T01:18:25.170573+00:00). Possible causes: failed download, incomplete artifact transfer, or stale manifest entry from a previous run."
https://nsf-gov-resources.nsf.gov/files/auditrep221010-wvu-r.pdf,auditrep221010-wvu-r.pdf,nsf.gov,,,—,error,2026-03-10T01:18:25.171223+00:00,,,,,,,,,,,,,,,,,,,,,,,,,,,,"File not found: crawled_files/nsf.gov/auditrep221010-wvu-r.pdf (crawled 1 day(s) ago at 2026-03-10T01:18:25.171223+00:00). Possible causes: failed download, incomplete artifact transfer, or stale manifest entry from a previous run."
https://nsf-gov-resources.nsf.gov/files/auditrep226006-mit-r.pdf,auditrep226006-mit-r.pdf,nsf.gov,,,—,error,2026-03-10T01:18:25.171824+00:00,,,,,,,,,,,,,,,,,,,,,,,,,,,,"File not found: crawled_files/nsf.gov/auditrep226006-mit-r.pdf (crawled 1 day(s) ago at 2026-03-10T01:18:25.171824+00:00). Possible causes: failed download, incomplete artifact transfer, or stale manifest entry from a previous run."
https://nsf-gov-resources.nsf.gov/files/auditrep241002_arkansas.pdf,auditrep241002_arkansas.pdf,nsf.gov,,,—,error,2026-03-10T01:18:25.172527+00:00,,,,,,,,,,,,,,,,,,,,,,,,,,,,"File not found: crawled_files/nsf.gov/auditrep241002_arkansas.pdf (crawled 1 day(s) ago at 2026-03-10T01:18:25.172527+00:00). Possible causes: failed download, incomplete artifact transfer, or stale manifest entry from a previous run."
https://nsf-gov-resources.nsf.gov/files/auditrep241003_ndsu.pdf,auditrep241003_ndsu.pdf,nsf.gov,,,—,error,2026-03-10T01:18:25.173181+00:00,,,,,,,,,,,,,,,,,,,,,,,,,,,,"File not found: crawled_files/nsf.gov/auditrep241003_ndsu.pdf (crawled 1 day(s) ago at 2026-03-10T01:18:25.173181+00:00). Possible causes: failed download, incomplete artifact transfer, or stale manifest entry from a previous run."
https://nsf-gov-resources.nsf.gov/files/auditrep241005_msstate.pdf,auditrep241005_msstate.pdf,nsf.gov,,,—,error,2026-03-10T01:18:25.173834+00:00,,,,,,,,,,,,,,,,,,,,,,,,,,,,"File not found: crawled_files/nsf.gov/auditrep241005_msstate.pdf (crawled 1 day(s) ago at 2026-03-10T01:18:25.173834+00:00). Possible causes: failed download, incomplete artifact transfer, or stale manifest entry from a previous run."
https://nsf-gov-resources.nsf.gov/files/auditrep241007_dartmouth.pdf,auditrep241007_dartmouth.pdf,nsf.gov,,,—,error,2026-03-10T01:18:25.174507+00:00,,,,,,,,,,,,,,,,,,,,,,,,,,,,"File not found: crawled_files/nsf.gov/auditrep241007_dartmouth.pdf (crawled 1 day(s) ago at 2026-03-10T01:18:25.174507+00:00). Possible causes: failed download, incomplete artifact transfer, or stale manifest entry from a previous run."
https://ncses.nsf.gov/pubs/nsf18313/assets/technical-tables/tables/brdis15-dst-taba007.pdf,brdis15-dst-taba007.pdf,nsf.gov,,,—,error,2026-03-10T01:18:25.174822+00:00,,,,,,,,,,,,,,,,,,,,,,,,,,,,"File not found: crawled_files/nsf.gov/brdis15-dst-taba007.pdf (crawled 1 day(s) ago at 2026-03-10T01:18:25.174822+00:00). Possible causes: failed download, incomplete artifact transfer, or stale manifest entry from a previous run."
https://ncses.nsf.gov/pubs/nsf18313/assets/technical-tables/tables/brdis15-dst-taba007.xlsx,brdis15-dst-taba007.xlsx,nsf.gov,,,—,error,2026-03-10T01:18:25.175084+00:00,,,,,,,,,,,,,,,,,,,,,,,,,,,,"File not found: crawled_files/nsf.gov/brdis15-dst-taba007.xlsx (crawled 1 day(s) ago at 2026-03-10T01:18:25.175084+00:00). Possible causes: failed download, incomplete artifact transfer, or stale manifest entry from a previous run."
https://ncses.nsf.gov/pubs/nsf18313/assets/technical-tables/tables/brdis15-dst-taba008.pdf,brdis15-dst-taba008.pdf,nsf.gov,,,—,error,2026-03-10T01:18:25.175391+00:00,,,,,,,,,,,,,,,,,,,,,,,,,,,,"File not found: crawled_files/nsf.gov/brdis15-dst-taba008.pdf (crawled 1 day(s) ago at 2026-03-10T01:18:25.175391+00:00). Possible causes: failed download, incomplete artifact transfer, or stale manifest entry from a previous run."
https://ncses.nsf.gov/pubs/nsf18313/assets/technical-tables/tables/brdis15-dst-taba008.xlsx,brdis15-dst-taba008.xlsx,nsf.gov,,,—,error,2026-03-10T01:18:25.175639+00:00,,,,,,,,,,,,,,,,,,,,,,,,,,,,"File not found: crawled_files/nsf.gov/brdis15-dst-taba008.xlsx (crawled 1 day(s) ago at 2026-03-10T01:18:25.175639+00:00). Possible causes: failed download, incomplete artifact transfer, or stale manifest entry from a previous run."
https://ncses.nsf.gov/pubs/nsf18313/assets/technical-tables/tables/brdis15-dst-taba009.pdf,brdis15-dst-taba009.pdf,nsf.gov,,,—,error,2026-03-10T01:18:25.175967+00:00,,,,,,,,,,,,,,,,,,,,,,,,,,,,"File not found: crawled_files/nsf.gov/brdis15-dst-taba009.pdf (crawled 1 day(s) ago at 2026-03-10T01:18:25.175967+00:00). Possible causes: failed download, incomplete artifact transfer, or stale manifest entry from a previous run."
https://ncses.nsf.gov/pubs/nsf18313/assets/technical-tables/tables/brdis15-dst-taba009.xlsx,brdis15-dst-taba009.xlsx,nsf.gov,,,—,error,2026-03-10T01:18:25.176231+00:00,,,,,,,,,,,,,,,,,,,,,,,,,,,,"File not found: crawled_files/nsf.gov/brdis15-dst-taba009.xlsx (crawled 1 day(s) ago at 2026-03-10T01:18:25.176231+00:00). Possible causes: failed download, incomplete artifact transfer, or stale manifest entry from a previous run."
https://ncses.nsf.gov/pubs/nsf18313/assets/technical-tables/tables/brdis15-dst-taba010.pdf,brdis15-dst-taba010.pdf,nsf.gov,,,—,error,2026-03-10T01:18:25.176666+00:00,,,,,,,,,,,,,,,,,,,,,,,,,,,,"File not found: crawled_files/nsf.gov/brdis15-dst-taba010.pdf (crawled 1 day(s) ago at 2026-03-10T01:18:25.176666+00:00). Possible causes: failed download, incomplete artifact transfer, or stale manifest entry from a previous run."
https://ncses.nsf.gov/pubs/nsf18313/assets/technical-tables/tables/brdis15-dst-taba010.xlsx,brdis15-dst-taba010.xlsx,nsf.gov,,,—,error,2026-03-10T01:18:25.176935+00:00,,,,,,,,,,,,,,,,,,,,,,,,,,,,"File not found: crawled_files/nsf.gov/brdis15-dst-taba010.xlsx (crawled 1 day(s) ago at 2026-03-10T01:18:25.176935+00:00). Possible causes: failed download, incomplete artifact transfer, or stale manifest entry from a previous run."
https://ncses.nsf.gov/pubs/nsf18313/assets/technical-tables/tables/brdis15-dst-taba011.pdf,brdis15-dst-taba011.pdf,nsf.gov,,,—,error,2026-03-10T01:18:25.177256+00:00,,,,,,,,,,,,,,,,,,,,,,,,,,,,"File not found: crawled_files/nsf.gov/brdis15-dst-taba011.pdf (crawled 1 day(s) ago at 2026-03-10T01:18:25.177256+00:00). Possible causes: failed download, incomplete artifact transfer, or stale manifest entry from a previous run."
https://ncses.nsf.gov/pubs/nsf18313/assets/technical-tables/tables/brdis15-dst-taba011.xlsx,brdis15-dst-taba011.xlsx,nsf.gov,,,—,error,2026-03-10T01:18:25.177505+00:00,,,,,,,,,,,,,,,,,,,,,,,,,,,,"File not found: crawled_files/nsf.gov/brdis15-dst-taba011.xlsx (crawled 1 day(s) ago at 2026-03-10T01:18:25.177505+00:00). Possible causes: failed download, incomplete artifact transfer, or stale manifest entry from a previous run."
https://nsf-gov-resources.nsf.gov/files/cafatc-0123-r.pdf?VersionId=1K.qSF90lTpKbcxuWgSunTb3X91SqI_G,cafatc-0123-r.pdf?VersionId=1K.qSF90lTpKbcxuWgSunTb3X91SqI_G,nsf.gov,,,—,error,2026-03-10T01:18:25.179071+00:00,,,,,,,,,,,,,,,,,,,,,,,,,,,,"File not found: crawled_files/nsf.gov/cafatc-0123-r.pdf?VersionId=1K.qSF90lTpKbcxuWgSunTb3X91SqI_G (crawled 1 day(s) ago at 2026-03-10T01:18:25.179071+00:00). Possible causes: failed download, incomplete artifact transfer, or stale manifest entry from a previous run."
https://nsf-gov-resources.nsf.gov/files/cafatc-0522-r.pdf?VersionId=vf39f1SR04kRUir60up_Iz3yDy7RVflL,cafatc-0522-r.pdf?VersionId=vf39f1SR04kRUir60up_Iz3yDy7RVflL,nsf.gov,,,—,error,2026-03-10T01:18:25.180344+00:00,,,,,,,,,,,,,,,,,,,,,,,,,,,,"File not found: crawled_files/nsf.gov/cafatc-0522-r.pdf?VersionId=vf39f1SR04kRUir60up_Iz3yDy7RVflL (crawled 1 day(s) ago at 2026-03-10T01:18:25.180344+00:00). Possible causes: failed download, incomplete artifact transfer, or stale manifest entry from a previous run."
https://nsf-gov-resources.nsf.gov/files/cafatc-0523-r.pdf?VersionId=pqmbfmqhuVRRYLXHs2lwwRCHK14H4UEd,cafatc-0523-r.pdf?VersionId=pqmbfmqhuVRRYLXHs2lwwRCHK14H4UEd,nsf.gov,,,—,error,2026-03-10T01:18:25.181591+00:00,,,,,,,,,,,,,,,,,,,,,,,,,,,,"File not found: crawled_files/nsf.gov/cafatc-0523-r.pdf?VersionId=pqmbfmqhuVRRYLXHs2lwwRCHK14H4UEd (crawled 1 day(s) ago at 2026-03-10T01:18:25.181591+00:00). Possible causes: failed download, incomplete artifact transfer, or stale manifest entry from a previous run."
https://nsf-gov-resources.nsf.gov/files/cafatc-0524-r.pdf,cafatc-0524-r.pdf,nsf.gov,,,—,error,2026-03-10T01:18:25.183293+00:00,,,,,,,,,,,,,,,,,,,,,,,,,,,,"File not found: crawled_files/nsf.gov/cafatc-0524-r.pdf (crawled 1 day(s) ago at 2026-03-10T01:18:25.183293+00:00). Possible causes: failed download, incomplete artifact transfer, or stale manifest entry from a previous run."
https://nsf-gov-resources.nsf.gov/files/cafatc-1018-r.pdf?VersionId=hclqwi0UZLHYl0XMbJO8t3B95Xn1bKJD,cafatc-1018-r.pdf?VersionId=hclqwi0UZLHYl0XMbJO8t3B95Xn1bKJD,nsf.gov,,,—,error,2026-03-10T01:18:25.184337+00:00,,,,,,,,,,,,,,,,,,,,,,,,,,,,"File not found: crawled_files/nsf.gov/cafatc-1018-r.pdf?VersionId=hclqwi0UZLHYl0XMbJO8t3B95Xn1bKJD (crawled 1 day(s) ago at 2026-03-10T01:18:25.184337+00:00). Possible causes: failed download, incomplete artifact transfer, or stale manifest entry from a previous run."
https://nsf-gov-resources.nsf.gov/files/cafatc-1020-r.pdf?VersionId=i.BL3OG3lO.qtLnMCwS.Vo6Cgiy8Cdqd,cafatc-1020-r.pdf?VersionId=i.BL3OG3lO.qtLnMCwS.Vo6Cgiy8Cdqd,nsf.gov,,,—,error,2026-03-10T01:18:25.185473+00:00,,,,,,,,,,,,,,,,,,,,,,,,,,,,"File not found: crawled_files/nsf.gov/cafatc-1020-r.pdf?VersionId=i.BL3OG3lO.qtLnMCwS.Vo6Cgiy8Cdqd (crawled 1 day(s) ago at 2026-03-10T01:18:25.185473+00:00). Possible causes: failed download, incomplete artifact transfer, or stale manifest entry from a previous run."
https://nsf-gov-resources.nsf.gov/files/cafatc-1021-r.pdf?VersionId=7kY9zmwobtgu1NHMloGgT6j_SvTEuSoy,cafatc-1021-r.pdf?VersionId=7kY9zmwobtgu1NHMloGgT6j_SvTEuSoy,nsf.gov,,,—,error,2026-03-10T01:18:25.186615+00:00,,,,,,,,,,,,,,,,,,,,,,,,,,,,"File not found: crawled_files/nsf.gov/cafatc-1021-r.pdf?VersionId=7kY9zmwobtgu1NHMloGgT6j_SvTEuSoy (crawled 1 day(s) ago at 2026-03-10T01:18:25.186615+00:00). Possible causes: failed download, incomplete artifact transfer, or stale manifest entry from a previous run."
https://nsf-gov-resources.nsf.gov/files/cafatc-1024-r.pdf?VersionId=saknl32SH8YowbOlrwNXFwPSz4Bn1u1P,cafatc-1024-r.pdf?VersionId=saknl32SH8YowbOlrwNXFwPSz4Bn1u1P,nsf.gov,,,—,error,2026-03-10T01:18:25.188090+00:00,,,,,,,,,,,,,,,,,,,,,,,,,,,,"File not found: crawled_files/nsf.gov/cafatc-1024-r.pdf?VersionId=saknl32SH8YowbOlrwNXFwPSz4Bn1u1P (crawled 1 day(s) ago at 2026-03-10T01:18:25.188090+00:00). Possible causes: failed download, incomplete artifact transfer, or stale manifest entry from a previous run."
https://nsf-gov-resources.nsf.gov/files/cafatc-1120-r.pdf,cafatc-1120-r.pdf,nsf.gov,,,—,error,2026-03-10T01:18:25.189281+00:00,,,,,,,,,,,,,,,,,,,,,,,,,,,,"File not found: crawled_files/nsf.gov/cafatc-1120-r.pdf (crawled 1 day(s) ago at 2026-03-10T01:18:25.189281+00:00). Possible causes: failed download, incomplete artifact transfer, or stale manifest entry from a previous run."
https://nsf-gov-resources.nsf.gov/files/cafatc-121321-r.pdf?VersionId=aj0zCxWja4rN5XjNF0UVuI1dCdmaRcXM,cafatc-121321-r.pdf?VersionId=aj0zCxWja4rN5XjNF0UVuI1dCdmaRcXM,nsf.gov,,,—,error,2026-03-10T01:18:25.190554+00:00,,,,,,,,,,,,,,,,,,,,,,,,,,,,"File not found: crawled_files/nsf.gov/cafatc-121321-r.pdf?VersionId=aj0zCxWja4rN5XjNF0UVuI1dCdmaRcXM (crawled 1 day(s) ago at 2026-03-10T01:18:25.190554+00:00). Possible causes: failed download, incomplete artifact transfer, or stale manifest entry from a previous run."
https://nsf-gov-resources.nsf.gov/files/cafatc-20211025-r.pdf?VersionId=42_lPVvBtdDtNmg0p.t_qW8vpIyYyRbH,cafatc-20211025-r.pdf?VersionId=42_lPVvBtdDtNmg0p.t_qW8vpIyYyRbH,nsf.gov,,,—,error,2026-03-10T01:18:25.192016+00:00,,,,,,,,,,,,,,,,,,,,,,,,,,,,"File not found: crawled_files/nsf.gov/cafatc-20211025-r.pdf?VersionId=42_lPVvBtdDtNmg0p.t_qW8vpIyYyRbH (crawled 1 day(s) ago at 2026-03-10T01:18:25.192016+00:00). Possible causes: failed download, incomplete artifact transfer, or stale manifest entry from a previous run."
https://nsf-gov-resources.nsf.gov/files/cafatc-219-r.pdf?VersionId=6Sgo0U1huFaRVkj9gr001G7mgTxiNh3y,cafatc-219-r.pdf?VersionId=6Sgo0U1huFaRVkj9gr001G7mgTxiNh3y,nsf.gov,,,—,error,2026-03-10T01:18:25.192919+00:00,,,,,,,,,,,,,,,,,,,,,,,,,,,,"File not found: crawled_files/nsf.gov/cafatc-219-r.pdf?VersionId=6Sgo0U1huFaRVkj9gr001G7mgTxiNh3y (crawled 1 day(s) ago at 2026-03-10T01:18:25.192919+00:00). Possible causes: failed download, incomplete artifact transfer, or stale manifest entry from a previous run."
https://nsf-gov-resources.nsf.gov/files/cafatc-525.pdf?VersionId=00hXvbwk6n.WAIe_vaNKtZxpQx9whC4q,cafatc-525.pdf?VersionId=00hXvbwk6n.WAIe_vaNKtZxpQx9whC4q,nsf.gov,,,—,error,2026-03-10T01:18:25.194192+00:00,,,,,,,,,,,,,,,,,,,,,,,,,,,,"File not found: crawled_files/nsf.gov/cafatc-525.pdf?VersionId=00hXvbwk6n.WAIe_vaNKtZxpQx9whC4q (crawled 1 day(s) ago at 2026-03-10T01:18:25.194192+00:00). Possible causes: failed download, incomplete artifact transfer, or stale manifest entry from a previous run."
https://nsf-gov-resources.nsf.gov/files/cafatc-changes0123-r.pdf?VersionId=F813JLTNOZt_GkZccrAl4DOePrkYHe9G,cafatc-changes0123-r.pdf?VersionId=F813JLTNOZt_GkZccrAl4DOePrkYHe9G,nsf.gov,,,—,error,2026-03-10T01:18:25.194919+00:00,,,,,,,,,,,,,,,,,,,,,,,,,,,,"File not found: crawled_files/nsf.gov/cafatc-changes0123-r.pdf?VersionId=F813JLTNOZt_GkZccrAl4DOePrkYHe9G (crawled 1 day(s) ago at 2026-03-10T01:18:25.194919+00:00). Possible causes: failed download, incomplete artifact transfer, or stale manifest entry from a previous run."
https://nsf-gov-resources.nsf.gov/files/cafatc-changes0523-r.pdf?VersionId=IYzP_u_rSn0qo6cme.Ej4EgEY7.oDJv_,cafatc-changes0523-r.pdf?VersionId=IYzP_u_rSn0qo6cme.Ej4EgEY7.oDJv_,nsf.gov,,,—,error,2026-03-10T01:18:25.195421+00:00,,,,,,,,,,,,,,,,,,,,,,,,,,,,"File not found: crawled_files/nsf.gov/cafatc-changes0523-r.pdf?VersionId=IYzP_u_rSn0qo6cme.Ej4EgEY7.oDJv_ (crawled 1 day(s) ago at 2026-03-10T01:18:25.195421+00:00). Possible causes: failed download, incomplete artifact transfer, or stale manifest entry from a previous run."
https://nsf-gov-resources.nsf.gov/files/cafatc-changes0524-r.pdf,cafatc-changes0524-r.pdf,nsf.gov,,,—,error,2026-03-10T01:18:25.195968+00:00,,,,,,,,,,,,,,,,,,,,,,,,,,,,"File not found: crawled_files/nsf.gov/cafatc-changes0524-r.pdf (crawled 1 day(s) ago at 2026-03-10T01:18:25.195968+00:00). Possible causes: failed download, incomplete artifact transfer, or stale manifest entry from a previous run."
https://nsf-gov-resources.nsf.gov/files/cafatc-modsandsup-mfandffrdc-changes0123-r.pdf?VersionId=Z0iOsvBZX6TcAqyqOg_5fcEh2pt7fX8q,cafatc-modsandsup-mfandffrdc-changes0123-r.pdf?VersionId=Z0iOsvBZX6TcAqyqOg_5fcEh2pt7fX8q,nsf.gov,,,—,error,2026-03-10T01:18:25.196539+00:00,,,,,,,,,,,,,,,,,,,,,,,,,,,,"File not found: crawled_files/nsf.gov/cafatc-modsandsup-mfandffrdc-changes0123-r.pdf?VersionId=Z0iOsvBZX6TcAqyqOg_5fcEh2pt7fX8q (crawled 1 day(s) ago at 2026-03-10T01:18:25.196539+00:00). Possible causes: failed download, incomplete artifact transfer, or stale manifest entry from a previous run."
https://nsf-gov-resources.nsf.gov/files/cafatc-modsandsup-mfandffrdc-changes0523-r.pdf?VersionId=vX9ssRVsp_rw3_tLz3rhKsHRilcJv6hU,cafatc-modsandsup-mfandffrdc-changes0523-r.pdf?VersionId=vX9ssRVsp_rw3_tLz3rhKsHRilcJv6hU,nsf.gov,,,—,error,2026-03-10T01:18:25.197132+00:00,,,,,,,,,,,,,,,,,,,,,,,,,,,,"File not found: crawled_files/nsf.gov/cafatc-modsandsup-mfandffrdc-changes0523-r.pdf?VersionId=vX9ssRVsp_rw3_tLz3rhKsHRilcJv6hU (crawled 1 day(s) ago at 2026-03-10T01:18:25.197132+00:00). Possible causes: failed download, incomplete artifact transfer, or stale manifest entry from a previous run."
https://nsf-gov-resources.nsf.gov/files/cafatc-modsandsup-mfandffrdc-changes0524-r.pdf?VersionId=jRlLYUGSr5UzqK.kTlUc_7zS7oVyfZTp,cafatc-modsandsup-mfandffrdc-changes0524-r.pdf?VersionId=jRlLYUGSr5UzqK.kTlUc_7zS7oVyfZTp,nsf.gov,,,—,error,2026-03-10T01:18:25.197726+00:00,,,,,,,,,,,,,,,,,,,,,,,,,,,,"File not found: crawled_files/nsf.gov/cafatc-modsandsup-mfandffrdc-changes0524-r.pdf?VersionId=jRlLYUGSr5UzqK.kTlUc_7zS7oVyfZTp (crawled 1 day(s) ago at 2026-03-10T01:18:25.197726+00:00). Possible causes: failed download, incomplete artifact transfer, or stale manifest entry from a previous run."
https://nsf-gov-resources.nsf.gov/files/cafatc-modsandsup-mfandffrdc-sigchg0522-r.pdf?VersionId=JfD62zG0eMdMj5Jn_NBG7XtaAUammAgP,cafatc-modsandsup-mfandffrdc-sigchg0522-r.pdf?VersionId=JfD62zG0eMdMj5Jn_NBG7XtaAUammAgP,nsf.gov,,,—,error,2026-03-10T01:18:25.198436+00:00,,,,,,,,,,,,,,,,,,,,,,,,,,,,"File not found: crawled_files/nsf.gov/cafatc-modsandsup-mfandffrdc-sigchg0522-r.pdf?VersionId=JfD62zG0eMdMj5Jn_NBG7XtaAUammAgP (crawled 1 day(s) ago at 2026-03-10T01:18:25.198436+00:00). Possible causes: failed download, incomplete artifact transfer, or stale manifest entry from a previous run."
https://nsf-gov-resources.nsf.gov/files/cafatc-modsandsup-mfandffrdc0522-r.pdf?VersionId=yIPONCHV_piMBzGLl46_bfla4CBXj8Wk,cafatc-modsandsup-mfandffrdc0522-r.pdf?VersionId=yIPONCHV_piMBzGLl46_bfla4CBXj8Wk,nsf.gov,,,—,error,2026-03-10T01:18:25.199527+00:00,,,,,,,,,,,,,,,,,,,,,,,,,,,,"File not found: crawled_files/nsf.gov/cafatc-modsandsup-mfandffrdc0522-r.pdf?VersionId=yIPONCHV_piMBzGLl46_bfla4CBXj8Wk (crawled 1 day(s) ago at 2026-03-10T01:18:25.199527+00:00). Possible causes: failed download, incomplete artifact transfer, or stale manifest entry from a previous run."
https://nsf-gov-resources.nsf.gov/files/cafatc-modsandsup-mfandffrdc0523-r.pdf?VersionId=IdOjYRW6q.VG8F4k8E3waL8thg_Gs4Yk,cafatc-modsandsup-mfandffrdc0523-r.pdf?VersionId=IdOjYRW6q.VG8F4k8E3waL8thg_Gs4Yk,nsf.gov,,,—,error,2026-03-10T01:18:25.200589+00:00,,,,,,,,,,,,,,,,,,,,,,,,,,,,"File not found: crawled_files/nsf.gov/cafatc-modsandsup-mfandffrdc0523-r.pdf?VersionId=IdOjYRW6q.VG8F4k8E3waL8thg_Gs4Yk (crawled 1 day(s) ago at 2026-03-10T01:18:25.200589+00:00). Possible causes: failed download, incomplete artifact transfer, or stale manifest entry from a previous run."
https://nsf-gov-resources.nsf.gov/files/cafatc-modsandsup-mfandffrdc0524-r.pdf?VersionId=YbA9emc7Gmo5e3VeKnMUd2w44_clL0RS,cafatc-modsandsup-mfandffrdc0524-r.pdf?VersionId=YbA9emc7Gmo5e3VeKnMUd2w44_clL0RS,nsf.gov,,,—,error,2026-03-10T01:18:25.201568+00:00,,,,,,,,,,,,,,,,,,,,,,,,,,,,"File not found: crawled_files/nsf.gov/cafatc-modsandsup-mfandffrdc0524-r.pdf?VersionId=YbA9emc7Gmo5e3VeKnMUd2w44_clL0RS (crawled 1 day(s) ago at 2026-03-10T01:18:25.201568+00:00). Possible causes: failed download, incomplete artifact transfer, or stale manifest entry from a previous run."
https://nsf-gov-resources.nsf.gov/files/cafatc-modsandsup-mfandffrdc0525.pdf?VersionId=kicnZ2hfX_vOOKALVSLhhsBBMHU_7I.f,cafatc-modsandsup-mfandffrdc0525.pdf?VersionId=kicnZ2hfX_vOOKALVSLhhsBBMHU_7I.f,nsf.gov,,,—,error,2026-03-10T01:18:25.202366+00:00,,,,,,,,,,,,,,,,,,,,,,,,,,,,"File not found: crawled_files/nsf.gov/cafatc-modsandsup-mfandffrdc0525.pdf?VersionId=kicnZ2hfX_vOOKALVSLhhsBBMHU_7I.f (crawled 1 day(s) ago at 2026-03-10T01:18:25.202366+00:00). Possible causes: failed download, incomplete artifact transfer, or stale manifest entry from a previous run."
https://nsf-gov-resources.nsf.gov/files/cafatc-modsandsup-mfandffrdc1024-r.pdf?VersionId=rVkWqze410L_dyKGzuc4ewOS0L22yIFe,cafatc-modsandsup-mfandffrdc1024-r.pdf?VersionId=rVkWqze410L_dyKGzuc4ewOS0L22yIFe,nsf.gov,,,—,error,2026-03-10T01:18:25.203188+00:00,,,,,,,,,,,,,,,,,,,,,,,,,,,,"File not found: crawled_files/nsf.gov/cafatc-modsandsup-mfandffrdc1024-r.pdf?VersionId=rVkWqze410L_dyKGzuc4ewOS0L22yIFe (crawled 1 day(s) ago at 2026-03-10T01:18:25.203188+00:00). Possible causes: failed download, incomplete artifact transfer, or stale manifest entry from a previous run."
https://nsf-gov-resources.nsf.gov/files/cafatc-modsandsup-midscale-changes-20240520-r.pdf?VersionId=7bLDOGVl6rwvRCJVBtLsnaxlqYFCGCx1,cafatc-modsandsup-midscale-changes-20240520-r.pdf?VersionId=7bLDOGVl6rwvRCJVBtLsnaxlqYFCGCx1,nsf.gov,,,—,error,2026-03-10T01:18:25.203665+00:00,,,,,,,,,,,,,,,,,,,,,,,,,,,,"File not found: crawled_files/nsf.gov/cafatc-modsandsup-midscale-changes-20240520-r.pdf?VersionId=7bLDOGVl6rwvRCJVBtLsnaxlqYFCGCx1 (crawled 1 day(s) ago at 2026-03-10T01:18:25.203665+00:00). Possible causes: failed download, incomplete artifact transfer, or stale manifest entry from a previous run."
https://nsf-gov-resources.nsf.gov/files/cafatc-modsandsup-midscale-changes0123-r.pdf?VersionId=hFmNI84QwTIEF5ilsyFji2LhIoCDIIwd,cafatc-modsandsup-midscale-changes0123-r.pdf?VersionId=hFmNI84QwTIEF5ilsyFji2LhIoCDIIwd,nsf.gov,,,—,error,2026-03-10T01:18:25.204292+00:00,,,,,,,,,,,,,,,,,,,,,,,,,,,,"File not found: crawled_files/nsf.gov/cafatc-modsandsup-midscale-changes0123-r.pdf?VersionId=hFmNI84QwTIEF5ilsyFji2LhIoCDIIwd (crawled 1 day(s) ago at 2026-03-10T01:18:25.204292+00:00). Possible causes: failed download, incomplete artifact transfer, or stale manifest entry from a previous run."
https://nsf-gov-resources.nsf.gov/files/cafatc-modsandsup-midscale-changes0123-r_0.pdf?VersionId=z_JivIpXe1aDYxhLqy8xfNHx6NTMqGOx,cafatc-modsandsup-midscale-changes0123-r_0.pdf?VersionId=z_JivIpXe1aDYxhLqy8xfNHx6NTMqGOx,nsf.gov,,,—,error,2026-03-10T01:18:25.204912+00:00,,,,,,,,,,,,,,,,,,,,,,,,,,,,"File not found: crawled_files/nsf.gov/cafatc-modsandsup-midscale-changes0123-r_0.pdf?VersionId=z_JivIpXe1aDYxhLqy8xfNHx6NTMqGOx (crawled 1 day(s) ago at 2026-03-10T01:18:25.204912+00:00). Possible causes: failed download, incomplete artifact transfer, or stale manifest entry from a previous run."
https://nsf-gov-resources.nsf.gov/files/cafatc-modsandsup-midscale0522-r.pdf?VersionId=5JAIjyCmwdOs.zpQIt_Mah0NpG9JzthC,cafatc-modsandsup-midscale0522-r.pdf?VersionId=5JAIjyCmwdOs.zpQIt_Mah0NpG9JzthC,nsf.gov,,,—,error,2026-03-10T01:18:25.205554+00:00,,,,,,,,,,,,,,,,,,,,,,,,,,,,"File not found: crawled_files/nsf.gov/cafatc-modsandsup-midscale0522-r.pdf?VersionId=5JAIjyCmwdOs.zpQIt_Mah0NpG9JzthC (crawled 1 day(s) ago at 2026-03-10T01:18:25.205554+00:00). Possible causes: failed download, incomplete artifact transfer, or stale manifest entry from a previous run."
https://nsf-gov-resources.nsf.gov/files/cafatc-modsandsup-midscale0523-r.pdf?VersionId=shbgsmybPM3JAb_Zpcj6BS.uW_HTaepe,cafatc-modsandsup-midscale0523-r.pdf?VersionId=shbgsmybPM3JAb_Zpcj6BS.uW_HTaepe,nsf.gov,,,—,error,2026-03-10T01:18:25.206242+00:00,,,,,,,,,,,,,,,,,,,,,,,,,,,,"File not found: crawled_files/nsf.gov/cafatc-modsandsup-midscale0523-r.pdf?VersionId=shbgsmybPM3JAb_Zpcj6BS.uW_HTaepe (crawled 1 day(s) ago at 2026-03-10T01:18:25.206242+00:00). Possible causes: failed download, incomplete artifact transfer, or stale manifest entry from a previous run."
https://nsf-gov-resources.nsf.gov/files/cafatc-modsandsup-midscale0524-r.pdf?VersionId=QbXYjSup2GpH9vUbH8A.mMPI9QtwMD4K,cafatc-modsandsup-midscale0524-r.pdf?VersionId=QbXYjSup2GpH9vUbH8A.mMPI9QtwMD4K,nsf.gov,,,—,error,2026-03-10T01:18:25.206909+00:00,,,,,,,,,,,,,,,,,,,,,,,,,,,,"File not found: crawled_files/nsf.gov/cafatc-modsandsup-midscale0524-r.pdf?VersionId=QbXYjSup2GpH9vUbH8A.mMPI9QtwMD4K (crawled 1 day(s) ago at 2026-03-10T01:18:25.206909+00:00). Possible causes: failed download, incomplete artifact transfer, or stale manifest entry from a previous run."
https://nsf-gov-resources.nsf.gov/files/cafatc-modsandsup-midscale0525.pdf?VersionId=7rVBi8.yTZzZpQkHAFeP5VsI1ZyJo.Uu,cafatc-modsandsup-midscale0525.pdf?VersionId=7rVBi8.yTZzZpQkHAFeP5VsI1ZyJo.Uu,nsf.gov,,,—,error,2026-03-10T01:18:25.207517+00:00,,,,,,,,,,,,,,,,,,,,,,,,,,,,"File not found: crawled_files/nsf.gov/cafatc-modsandsup-midscale0525.pdf?VersionId=7rVBi8.yTZzZpQkHAFeP5VsI1ZyJo.Uu (crawled 1 day(s) ago at 2026-03-10T01:18:25.207517+00:00). Possible causes: failed download, incomplete artifact transfer, or stale manifest entry from a previous run."
https://nsf-gov-resources.nsf.gov/files/cafatc-modsandsup-midscale1024-r.pdf?VersionId=hRMHkw0aR_Pztd6H0JyAkkTs6OQQKxy7,cafatc-modsandsup-midscale1024-r.pdf?VersionId=hRMHkw0aR_Pztd6H0JyAkkTs6OQQKxy7,nsf.gov,,,—,error,2026-03-10T01:18:25.208188+00:00,,,,,,,,,,,,,,,,,,,,,,,,,,,,"File not found: crawled_files/nsf.gov/cafatc-modsandsup-midscale1024-r.pdf?VersionId=hRMHkw0aR_Pztd6H0JyAkkTs6OQQKxy7 (crawled 1 day(s) ago at 2026-03-10T01:18:25.208188+00:00). Possible causes: failed download, incomplete artifact transfer, or stale manifest entry from a previous run."
https://nsf-gov-resources.nsf.gov/files/cafatc-modsandsup1020revised-r.pdf?VersionId=tKq.McccBTvI0LqcENEmTmrX0ommG2Ir,cafatc-modsandsup1020revised-r.pdf?VersionId=tKq.McccBTvI0LqcENEmTmrX0ommG2Ir,nsf.gov,,,—,error,2026-03-10T01:18:25.208982+00:00,,,,,,,,,,,,,,,,,,,,,,,,,,,,"File not found: crawled_files/nsf.gov/cafatc-modsandsup1020revised-r.pdf?VersionId=tKq.McccBTvI0LqcENEmTmrX0ommG2Ir (crawled 1 day(s) ago at 2026-03-10T01:18:25.208982+00:00). Possible causes: failed download, incomplete artifact transfer, or stale manifest entry from a previous run."
https://nsf-gov-resources.nsf.gov/files/cafatc-modsandsup1021-r.pdf?VersionId=8BxxveqrsH8VD1Pv5Xjcw39ogIGKreSg,cafatc-modsandsup1021-r.pdf?VersionId=8BxxveqrsH8VD1Pv5Xjcw39ogIGKreSg,nsf.gov,,,—,error,2026-03-10T01:18:25.209772+00:00,,,,,,,,,,,,,,,,,,,,,,,,,,,,"File not found: crawled_files/nsf.gov/cafatc-modsandsup1021-r.pdf?VersionId=8BxxveqrsH8VD1Pv5Xjcw39ogIGKreSg (crawled 1 day(s) ago at 2026-03-10T01:18:25.209772+00:00). Possible causes: failed download, incomplete artifact transfer, or stale manifest entry from a previous run."
https://nsf-gov-resources.nsf.gov/files/cafatc-modsandsup102521-r.pdf?VersionId=3tAZgc9RgOG7wO6TdvwZRu4fWK3Spx5f,cafatc-modsandsup102521-r.pdf?VersionId=3tAZgc9RgOG7wO6TdvwZRu4fWK3Spx5f,nsf.gov,,,—,error,2026-03-10T01:18:25.210547+00:00,,,,,,,,,,,,,,,,,,,,,,,,,,,,"File not found: crawled_files/nsf.gov/cafatc-modsandsup102521-r.pdf?VersionId=3tAZgc9RgOG7wO6TdvwZRu4fWK3Spx5f (crawled 1 day(s) ago at 2026-03-10T01:18:25.210547+00:00). Possible causes: failed download, incomplete artifact transfer, or stale manifest entry from a previous run."
https://nsf-gov-resources.nsf.gov/files/cafatc-modsandsup121321-r.pdf?VersionId=TmtupY02vcDoaN92ecbhDVNv8cEDfzt1,cafatc-modsandsup121321-r.pdf?VersionId=TmtupY02vcDoaN92ecbhDVNv8cEDfzt1,nsf.gov,,,—,error,2026-03-10T01:18:25.211314+00:00,,,,,,,,,,,,,,,,,,,,,,,,,,,,"File not found: crawled_files/nsf.gov/cafatc-modsandsup121321-r.pdf?VersionId=TmtupY02vcDoaN92ecbhDVNv8cEDfzt1 (crawled 1 day(s) ago at 2026-03-10T01:18:25.211314+00:00). Possible causes: failed download, incomplete artifact transfer, or stale manifest entry from a previous run."
https://nsf-gov-resources.nsf.gov/files/cafatc-modsandsup20201112-r.pdf?VersionId=AAd1Io8k1RA5HXGT7RAl4Nx9_aSVU9VH,cafatc-modsandsup20201112-r.pdf?VersionId=AAd1Io8k1RA5HXGT7RAl4Nx9_aSVU9VH,nsf.gov,,,—,error,2026-03-10T01:18:25.212084+00:00,,,,,,,,,,,,,,,,,,,,,,,,,,,,"File not found: crawled_files/nsf.gov/cafatc-modsandsup20201112-r.pdf?VersionId=AAd1Io8k1RA5HXGT7RAl4Nx9_aSVU9VH (crawled 1 day(s) ago at 2026-03-10T01:18:25.212084+00:00). Possible causes: failed download, incomplete artifact transfer, or stale manifest entry from a previous run."
https://nsf-gov-resources.nsf.gov/files/cafatc-modsandsup321-r.pdf?VersionId=fpvaZNaPZoZ0eT7uOcslsbZbHupwtF0m,cafatc-modsandsup321-r.pdf?VersionId=fpvaZNaPZoZ0eT7uOcslsbZbHupwtF0m,nsf.gov,,,—,error,2026-03-10T01:18:25.212795+00:00,,,,,,,,,,,,,,,,,,,,,,,,,,,,"File not found: crawled_files/nsf.gov/cafatc-modsandsup321-r.pdf?VersionId=fpvaZNaPZoZ0eT7uOcslsbZbHupwtF0m (crawled 1 day(s) ago at 2026-03-10T01:18:25.212795+00:00). Possible causes: failed download, incomplete artifact transfer, or stale manifest entry from a previous run."
https://nsf-gov-resources.nsf.gov/files/cafatc-sigchg0522-r.pdf?VersionId=vjtk2pP6uGOu0h51WNNJ4OvfGZr8VtmF,cafatc-sigchg0522-r.pdf?VersionId=vjtk2pP6uGOu0h51WNNJ4OvfGZr8VtmF,nsf.gov,,,—,error,2026-03-10T01:18:25.213299+00:00,,,,,,,,,,,,,,,,,,,,,,,,,,,,"File not found: crawled_files/nsf.gov/cafatc-sigchg0522-r.pdf?VersionId=vjtk2pP6uGOu0h51WNNJ4OvfGZr8VtmF (crawled 1 day(s) ago at 2026-03-10T01:18:25.213299+00:00). Possible causes: failed download, incomplete artifact transfer, or stale manifest entry from a previous run."
https://nsf-gov-resources.nsf.gov/files/cafatc-sigchg1018-r.pdf?VersionId=GXE0ALf.R8Q1SmMcTE6tJoD3esQx4jHE,cafatc-sigchg1018-r.pdf?VersionId=GXE0ALf.R8Q1SmMcTE6tJoD3esQx4jHE,nsf.gov,,,—,error,2026-03-10T01:18:25.213685+00:00,,,,,,,,,,,,,,,,,,,,,,,,,,,,"File not found: crawled_files/nsf.gov/cafatc-sigchg1018-r.pdf?VersionId=GXE0ALf.R8Q1SmMcTE6tJoD3esQx4jHE (crawled 1 day(s) ago at 2026-03-10T01:18:25.213685+00:00). Possible causes: failed download, incomplete artifact transfer, or stale manifest entry from a previous run."
https://nsf-gov-resources.nsf.gov/files/cafatc-sigchg1020-r.pdf?VersionId=8xSjV5.HEL50gUEfSrqSlPnK3aFHbliL,cafatc-sigchg1020-r.pdf?VersionId=8xSjV5.HEL50gUEfSrqSlPnK3aFHbliL,nsf.gov,,,—,error,2026-03-10T01:18:25.214200+00:00,,,,,,,,,,,,,,,,,,,,,,,,,,,,"File not found: crawled_files/nsf.gov/cafatc-sigchg1020-r.pdf?VersionId=8xSjV5.HEL50gUEfSrqSlPnK3aFHbliL (crawled 1 day(s) ago at 2026-03-10T01:18:25.214200+00:00). Possible causes: failed download, incomplete artifact transfer, or stale manifest entry from a previous run."
https://nsf-gov-resources.nsf.gov/files/cafatc-sigchg1021-r.pdf?VersionId=Nf67X8MMTKyFlbesfUw0KeVdcg5vPhJf,cafatc-sigchg1021-r.pdf?VersionId=Nf67X8MMTKyFlbesfUw0KeVdcg5vPhJf,nsf.gov,,,—,error,2026-03-10T01:18:25.214704+00:00,,,,,,,,,,,,,,,,,,,,,,,,,,,,"File not found: crawled_files/nsf.gov/cafatc-sigchg1021-r.pdf?VersionId=Nf67X8MMTKyFlbesfUw0KeVdcg5vPhJf (crawled 1 day(s) ago at 2026-03-10T01:18:25.214704+00:00). Possible causes: failed download, incomplete artifact transfer, or stale manifest entry from a previous run."
https://nsf-gov-resources.nsf.gov/files/cafatc-sigchg102521.pdf?VersionId=Rf99trguljfh8SK8zm3rBiK8hZz0JuGG,cafatc-sigchg102521.pdf?VersionId=Rf99trguljfh8SK8zm3rBiK8hZz0JuGG,nsf.gov,,,—,error,2026-03-10T01:18:25.215147+00:00,,,,,,,,,,,,,,,,,,,,,,,,,,,,"File not found: crawled_files/nsf.gov/cafatc-sigchg102521.pdf?VersionId=Rf99trguljfh8SK8zm3rBiK8hZz0JuGG (crawled 1 day(s) ago at 2026-03-10T01:18:25.215147+00:00). Possible causes: failed download, incomplete artifact transfer, or stale manifest entry from a previous run."
https://nsf-gov-resources.nsf.gov/files/cafatc-sigchg1120-r.pdf?VersionId=tJd8vmItMTli.Mg3zE9a2cZjzGP_xof_,cafatc-sigchg1120-r.pdf?VersionId=tJd8vmItMTli.Mg3zE9a2cZjzGP_xof_,nsf.gov,,,—,error,2026-03-10T01:18:25.215688+00:00,,,,,,,,,,,,,,,,,,,,,,,,,,,,"File not found: crawled_files/nsf.gov/cafatc-sigchg1120-r.pdf?VersionId=tJd8vmItMTli.Mg3zE9a2cZjzGP_xof_ (crawled 1 day(s) ago at 2026-03-10T01:18:25.215688+00:00). Possible causes: failed download, incomplete artifact transfer, or stale manifest entry from a previous run."
https://nsf-gov-resources.nsf.gov/files/cafatc-sigchg121321-r_0.pdf?VersionId=llIXoE6grs2qdbbbdUwuqqo6Tfata4su,cafatc-sigchg121321-r_0.pdf?VersionId=llIXoE6grs2qdbbbdUwuqqo6Tfata4su,nsf.gov,,,—,error,2026-03-10T01:18:25.216176+00:00,,,,,,,,,,,,,,,,,,,,,,,,,,,,"File not found: crawled_files/nsf.gov/cafatc-sigchg121321-r_0.pdf?VersionId=llIXoE6grs2qdbbbdUwuqqo6Tfata4su (crawled 1 day(s) ago at 2026-03-10T01:18:25.216176+00:00). Possible causes: failed download, incomplete artifact transfer, or stale manifest entry from a previous run."
https://nsf-gov-resources.nsf.gov/files/cafatc-sigchg219-r.pdf?VersionId=2R3sGpJLQKUVsur2bARatWWK2IuAP05N,cafatc-sigchg219-r.pdf?VersionId=2R3sGpJLQKUVsur2bARatWWK2IuAP05N,nsf.gov,,,—,error,2026-03-10T01:18:25.216653+00:00,,,,,,,,,,,,,,,,,,,,,,,,,,,,"File not found: crawled_files/nsf.gov/cafatc-sigchg219-r.pdf?VersionId=2R3sGpJLQKUVsur2bARatWWK2IuAP05N (crawled 1 day(s) ago at 2026-03-10T01:18:25.216653+00:00). Possible causes: failed download, incomplete artifact transfer, or stale manifest entry from a previous run."
https://nsf-gov-resources.nsf.gov/files/cafatc_modsandsup_mfandffrdc-20230130-r.pdf?VersionId=mMdG0uwNKNqxEfel9YQvYj9sIgMpAjIs,cafatc_modsandsup_mfandffrdc-20230130-r.pdf?VersionId=mMdG0uwNKNqxEfel9YQvYj9sIgMpAjIs,nsf.gov,,,—,error,2026-03-10T01:18:25.217450+00:00,,,,,,,,,,,,,,,,,,,,,,,,,,,,"File not found: crawled_files/nsf.gov/cafatc_modsandsup_mfandffrdc-20230130-r.pdf?VersionId=mMdG0uwNKNqxEfel9YQvYj9sIgMpAjIs (crawled 1 day(s) ago at 2026-03-10T01:18:25.217450+00:00). Possible causes: failed download, incomplete artifact transfer, or stale manifest entry from a previous run."
https://nsf-gov-resources.nsf.gov/files/cafatcmodsandsup-219.pdf?VersionId=4VzWBeioPVDSl3CGPNn4A5dv3AedgDyI,cafatcmodsandsup-219.pdf?VersionId=4VzWBeioPVDSl3CGPNn4A5dv3AedgDyI,nsf.gov,,,—,error,2026-03-10T01:18:25.218011+00:00,,,,,,,,,,,,,,,,,,,,,,,,,,,,"File not found: crawled_files/nsf.gov/cafatcmodsandsup-219.pdf?VersionId=4VzWBeioPVDSl3CGPNn4A5dv3AedgDyI (crawled 1 day(s) ago at 2026-03-10T01:18:25.218011+00:00). Possible causes: failed download, incomplete artifact transfer, or stale manifest entry from a previous run."
https://nsf-gov-resources.nsf.gov/files/cafatcmodsandsup-sigchg1020.pdf?VersionId=JxQ7LzP80scPDSv.2w2NmFJvXtfQFg7y,cafatcmodsandsup-sigchg1020.pdf?VersionId=JxQ7LzP80scPDSv.2w2NmFJvXtfQFg7y,nsf.gov,,,—,error,2026-03-10T01:18:25.218500+00:00,,,,,,,,,,,,,,,,,,,,,,,,,,,,"File not found: crawled_files/nsf.gov/cafatcmodsandsup-sigchg1020.pdf?VersionId=JxQ7LzP80scPDSv.2w2NmFJvXtfQFg7y (crawled 1 day(s) ago at 2026-03-10T01:18:25.218500+00:00). Possible causes: failed download, incomplete artifact transfer, or stale manifest entry from a previous run."
https://nsf-gov-resources.nsf.gov/files/cafatcmodsandsup-sigchg1021.pdf?VersionId=oXo.IQWon6rveuVLE9vUguTHLtwSuATt,cafatcmodsandsup-sigchg1021.pdf?VersionId=oXo.IQWon6rveuVLE9vUguTHLtwSuATt,nsf.gov,,,—,error,2026-03-10T01:18:25.218981+00:00,,,,,,,,,,,,,,,,,,,,,,,,,,,,"File not found: crawled_files/nsf.gov/cafatcmodsandsup-sigchg1021.pdf?VersionId=oXo.IQWon6rveuVLE9vUguTHLtwSuATt (crawled 1 day(s) ago at 2026-03-10T01:18:25.218981+00:00). Possible causes: failed download, incomplete artifact transfer, or stale manifest entry from a previous run."
https://nsf-gov-resources.nsf.gov/files/cafatcmodsandsup-sigchg102521.pdf?VersionId=Vixyl26aGHMPsD04EylT2GK0A5DyQ3T3,cafatcmodsandsup-sigchg102521.pdf?VersionId=Vixyl26aGHMPsD04EylT2GK0A5DyQ3T3,nsf.gov,,,—,error,2026-03-10T01:18:25.219436+00:00,,,,,,,,,,,,,,,,,,,,,,,,,,,,"File not found: crawled_files/nsf.gov/cafatcmodsandsup-sigchg102521.pdf?VersionId=Vixyl26aGHMPsD04EylT2GK0A5DyQ3T3 (crawled 1 day(s) ago at 2026-03-10T01:18:25.219436+00:00). Possible causes: failed download, incomplete artifact transfer, or stale manifest entry from a previous run."
https://nsf-gov-resources.nsf.gov/files/cafatcmodsandsup-sigchg1120.pdf?VersionId=seZ.pOqtWBjE61csZE9rrVilu9.dUSh7,cafatcmodsandsup-sigchg1120.pdf?VersionId=seZ.pOqtWBjE61csZE9rrVilu9.dUSh7,nsf.gov,,,—,error,2026-03-10T01:18:25.219918+00:00,,,,,,,,,,,,,,,,,,,,,,,,,,,,"File not found: crawled_files/nsf.gov/cafatcmodsandsup-sigchg1120.pdf?VersionId=seZ.pOqtWBjE61csZE9rrVilu9.dUSh7 (crawled 1 day(s) ago at 2026-03-10T01:18:25.219918+00:00). Possible causes: failed download, incomplete artifact transfer, or stale manifest entry from a previous run."
https://nsf-gov-resources.nsf.gov/files/cafatcmodsandsup-sigchg121321.pdf?VersionId=omW3Ht7bEQ.S_eAMHM6jcZdP9_czTIVm,cafatcmodsandsup-sigchg121321.pdf?VersionId=omW3Ht7bEQ.S_eAMHM6jcZdP9_czTIVm,nsf.gov,,,—,error,2026-03-10T01:18:25.220391+00:00,,,,,,,,,,,,,,,,,,,,,,,,,,,,"File not found: crawled_files/nsf.gov/cafatcmodsandsup-sigchg121321.pdf?VersionId=omW3Ht7bEQ.S_eAMHM6jcZdP9_czTIVm (crawled 1 day(s) ago at 2026-03-10T01:18:25.220391+00:00). Possible causes: failed download, incomplete artifact transfer, or stale manifest entry from a previous run."
https://nsf-gov-resources.nsf.gov/files/cafatcmodsandsup_sigchg219.pdf?VersionId=5RPYCap_xk3FQO9J0RXjKNbNHcK6vdmf,cafatcmodsandsup_sigchg219.pdf?VersionId=5RPYCap_xk3FQO9J0RXjKNbNHcK6vdmf,nsf.gov,,,—,error,2026-03-10T01:18:25.220759+00:00,,,,,,,,,,,,,,,,,,,,,,,,,,,,"File not found: crawled_files/nsf.gov/cafatcmodsandsup_sigchg219.pdf?VersionId=5RPYCap_xk3FQO9J0RXjKNbNHcK6vdmf (crawled 1 day(s) ago at 2026-03-10T01:18:25.220759+00:00). Possible causes: failed download, incomplete artifact transfer, or stale manifest entry from a previous run."
https://nsf-gov-resources.nsf.gov/files/cafatcmodsandsup_sigchg321_0.pdf?VersionId=PS_3tjlK5_ZyLvaQPLFWstIlUMZI9t9t,cafatcmodsandsup_sigchg321_0.pdf?VersionId=PS_3tjlK5_ZyLvaQPLFWstIlUMZI9t9t,nsf.gov,,,—,error,2026-03-10T01:18:25.221261+00:00,,,,,,,,,,,,,,,,,,,,,,,,,,,,"File not found: crawled_files/nsf.gov/cafatcmodsandsup_sigchg321_0.pdf?VersionId=PS_3tjlK5_ZyLvaQPLFWstIlUMZI9t9t (crawled 1 day(s) ago at 2026-03-10T01:18:25.221261+00:00). Possible causes: failed download, incomplete artifact transfer, or stale manifest entry from a previous run."
https://nsf-gov-resources.nsf.gov/files/cafatcmodsandsup_techcorrect_jan22.pdf?VersionId=SG6XLw_Bpc0_2AgSNynHQw5KQv8edPw.,cafatcmodsandsup_techcorrect_jan22.pdf?VersionId=SG6XLw_Bpc0_2AgSNynHQw5KQv8edPw.,nsf.gov,,,—,error,2026-03-10T01:18:25.221829+00:00,,,,,,,,,,,,,,,,,,,,,,,,,,,,"File not found: crawled_files/nsf.gov/cafatcmodsandsup_techcorrect_jan22.pdf?VersionId=SG6XLw_Bpc0_2AgSNynHQw5KQv8edPw. (crawled 1 day(s) ago at 2026-03-10T01:18:25.221829+00:00). Possible causes: failed download, incomplete artifact transfer, or stale manifest entry from a previous run."
https://nsf-gov-resources.nsf.gov/files/changes-may24-r.pdf,changes-may24-r.pdf,nsf.gov,,,—,error,2026-03-10T01:18:25.222378+00:00,,,,,,,,,,,,,,,,,,,,,,,,,,,,"File not found: crawled_files/nsf.gov/changes-may24-r.pdf (crawled 1 day(s) ago at 2026-03-10T01:18:25.222378+00:00). Possible causes: failed download, incomplete artifact transfer, or stale manifest entry from a previous run."
https://nsf-gov-resources.nsf.gov/files/coa_template.xlsx,coa_template.xlsx,nsf.gov,,,—,error,2026-03-10T01:18:25.222663+00:00,,,,,,,,,,,,,,,,,,,,,,,,,,,,"File not found: crawled_files/nsf.gov/coa_template.xlsx (crawled 1 day(s) ago at 2026-03-10T01:18:25.222663+00:00). Possible causes: failed download, incomplete artifact transfer, or stale manifest entry from a previous run."
https://nsf-gov-resources.nsf.gov/files/coa_template.xlsx?VersionId=uaz022di3.2KKDC7uauIadw7yeI3Xf.1,coa_template.xlsx?VersionId=uaz022di3.2KKDC7uauIadw7yeI3Xf.1,nsf.gov,,,—,error,2026-03-10T01:18:25.222962+00:00,,,,,,,,,,,,,,,,,,,,,,,,,,,,"File not found: crawled_files/nsf.gov/coa_template.xlsx?VersionId=uaz022di3.2KKDC7uauIadw7yeI3Xf.1 (crawled 1 day(s) ago at 2026-03-10T01:18:25.222962+00:00). Possible causes: failed download, incomplete artifact transfer, or stale manifest entry from a previous run."
https://seedfund.nsf.gov/assets/files/applicants/combined-topics.pdf,combined-topics.pdf,nsf.gov,,,—,error,2026-03-10T01:18:25.224068+00:00,,,,,,,,,,,,,,,,,,,,,,,,,,,,"File not found: crawled_files/nsf.gov/combined-topics.pdf (crawled 1 day(s) ago at 2026-03-10T01:18:25.224068+00:00). Possible causes: failed download, incomplete artifact transfer, or stale manifest entry from a previous run."
https://nsf-gov-resources.nsf.gov/files/completion_146001.pdf,completion_146001.pdf,nsf.gov,,,—,error,2026-03-10T01:18:25.225083+00:00,,,,,,,,,,,,,,,,,,,,,,,,,,,,"File not found: crawled_files/nsf.gov/completion_146001.pdf (crawled 1 day(s) ago at 2026-03-10T01:18:25.225083+00:00). Possible causes: failed download, incomplete artifact transfer, or stale manifest entry from a previous run."
https://seedfund.nsf.gov/assets/files/awardees/comrpt.doc,comrpt.doc,nsf.gov,,,—,error,2026-03-10T01:18:25.225364+00:00,,,,,,,,,,,,,,,,,,,,,,,,,,,,"File not found: crawled_files/nsf.gov/comrpt.doc (crawled 1 day(s) ago at 2026-03-10T01:18:25.225364+00:00). Possible causes: failed download, incomplete artifact transfer, or stale manifest entry from a previous run."
https://nsf-gov-resources.nsf.gov/files/cost-sharing-statement.pdf,cost-sharing-statement.pdf,nsf.gov,,264085,257.9 KB,analysed,2026-03-10T01:18:25.226034+00:00,2025-02-18 20:34:15+00:00,Implementation of the 2nd NSB Cost Sharing Report,"Hodges, Samantha B.",,,,False,False,False,Pass,Pass,Pass,Pass,Pass,Pass,Fail,NotApplicable,NotApplicable,NotApplicable,Pass,Warn,Pass,NotApplicable,False,2,464,2,"tagged-content-fail, headings-none, "
https://www.nsf.gov/policies/nspm-33/definitions,definitions,nsf.gov,,,—,error,2026-03-10T01:18:25.226410+00:00,,,,,,,,,,,,,,,,,,,,,,,,,,,,"File not found: crawled_files/nsf.gov/definitions (crawled 1 day(s) ago at 2026-03-10T01:18:25.226410+00:00). Possible causes: failed download, incomplete artifact transfer, or stale manifest entry from a previous run."
https://www.nsf.gov/policies/nspm-33/disclosures,disclosures,nsf.gov,,,—,error,2026-03-10T01:18:25.226768+00:00,,,,,,,,,,,,,,,,,,,,,,,,,,,,Not a PDF file: (no extension)
https://nsf-gov-resources.nsf.gov/files/draft-addl-reporting-template-cci-quantifiable-data-r.pdf,draft-addl-reporting-template-cci-quantifiable-data-r.pdf,nsf.gov,,,—,error,2026-03-10T01:18:25.227259+00:00,,,,,,,,,,,,,,,,,,,,,,,,,,,,"File not found: crawled_files/nsf.gov/draft-addl-reporting-template-cci-quantifiable-data-r.pdf (crawled 1 day(s) ago at 2026-03-10T01:18:25.227259+00:00). Possible causes: failed download, incomplete artifact transfer, or stale manifest entry from a previous run."
https://nsf-gov-resources.nsf.gov/files/draft-cci-ptcs-r.pdf,draft-cci-ptcs-r.pdf,nsf.gov,,,—,error,2026-03-10T01:18:25.227786+00:00,,,,,,,,,,,,,,,,,,,,,,,,,,,,"File not found: crawled_files/nsf.gov/draft-cci-ptcs-r.pdf (crawled 1 day(s) ago at 2026-03-10T01:18:25.227786+00:00). Possible causes: failed download, incomplete artifact transfer, or stale manifest entry from a previous run."
https://nsf-gov-resources.nsf.gov/files/environmental-impacts-checklist.pdf,environmental-impacts-checklist.pdf,nsf.gov,,373744,365.0 KB,analysed,2026-03-10T01:18:25.228627+00:00,2016-12-16 21:46:00+00:00,,,,,,False,False,False,Fail,Pass,Pass,Fail,Fail,Pass,Fail,Fail,Fail,NotApplicable,NotApplicable,NotApplicable,NotApplicable,NotApplicable,False,9,3598,0,"title, tagged, lang, forms-fail, forms-untagged, "
https://ncses.nsf.gov/pubs/nsf19304/assets/errata/errata.pdf,errata.pdf,nsf.gov,,,—,error,2026-03-10T01:18:25.228919+00:00,,,,,,,,,,,,,,,,,,,,,,,,,,,,"File not found: crawled_files/nsf.gov/errata.pdf (crawled 1 day(s) ago at 2026-03-10T01:18:25.228919+00:00). Possible causes: failed download, incomplete artifact transfer, or stale manifest entry from a previous run."
https://www.nsf.gov/statistics/2018/nsb20181/assets/1178/figures/fig08-09.pdf,fig08-09.pdf,nsf.gov,,,—,error,2026-03-10T01:18:25.229336+00:00,,,,,,,,,,,,,,,,,,,,,,,,,,,,"File not found: crawled_files/nsf.gov/fig08-09.pdf (crawled 1 day(s) ago at 2026-03-10T01:18:25.229336+00:00). Possible causes: failed download, incomplete artifact transfer, or stale manifest entry from a previous run."
https://nsf-gov-resources.nsf.gov/files/financial-admin-terms-conditions-sbirii-20200706-r.pdf?VersionId=2zlthVsAmMWJDaGFremMKHqrbrml.FUn,financial-admin-terms-conditions-sbirii-20200706-r.pdf?VersionId=2zlthVsAmMWJDaGFremMKHqrbrml.FUn,nsf.gov,,,—,error,2026-03-10T01:18:25.230315+00:00,,,,,,,,,,,,,,,,,,,,,,,,,,,,"File not found: crawled_files/nsf.gov/financial-admin-terms-conditions-sbirii-20200706-r.pdf?VersionId=2zlthVsAmMWJDaGFremMKHqrbrml.FUn (crawled 1 day(s) ago at 2026-03-10T01:18:25.230315+00:00). Possible causes: failed download, incomplete artifact transfer, or stale manifest entry from a previous run."
https://nsf-gov-resources.nsf.gov/files/fl26-0123-r.pdf?VersionId=B7S7szJwPqTpRyN4tIY7YA.w75Mq0ZpM,fl26-0123-r.pdf?VersionId=B7S7szJwPqTpRyN4tIY7YA.w75Mq0ZpM,nsf.gov,,,—,error,2026-03-10T01:18:25.230885+00:00,,,,,,,,,,,,,,,,,,,,,,,,,,,,"File not found: crawled_files/nsf.gov/fl26-0123-r.pdf?VersionId=B7S7szJwPqTpRyN4tIY7YA.w75Mq0ZpM (crawled 1 day(s) ago at 2026-03-10T01:18:25.230885+00:00). Possible causes: failed download, incomplete artifact transfer, or stale manifest entry from a previous run."
https://nsf-gov-resources.nsf.gov/files/fl26-0524-r.pdf?VersionId=KnYJZr7OS5n8WBcAYJsDnZQ2oekR8ulZ,fl26-0524-r.pdf?VersionId=KnYJZr7OS5n8WBcAYJsDnZQ2oekR8ulZ,nsf.gov,,,—,error,2026-03-10T01:18:25.231422+00:00,,,,,,,,,,,,,,,,,,,,,,,,,,,,"File not found: crawled_files/nsf.gov/fl26-0524-r.pdf?VersionId=KnYJZr7OS5n8WBcAYJsDnZQ2oekR8ulZ (crawled 1 day(s) ago at 2026-03-10T01:18:25.231422+00:00). Possible causes: failed download, incomplete artifact transfer, or stale manifest entry from a previous run."
https://nsf-gov-resources.nsf.gov/files/fl26-0525.pdf?VersionId=JRZ.acf9_LN2_t27ZHKBG.YC.pdIA0.F,fl26-0525.pdf?VersionId=JRZ.acf9_LN2_t27ZHKBG.YC.pdIA0.F,nsf.gov,,,—,error,2026-03-10T01:18:25.232080+00:00,,,,,,,,,,,,,,,,,,,,,,,,,,,,"File not found: crawled_files/nsf.gov/fl26-0525.pdf?VersionId=JRZ.acf9_LN2_t27ZHKBG.YC.pdIA0.F (crawled 1 day(s) ago at 2026-03-10T01:18:25.232080+00:00). Possible causes: failed download, incomplete artifact transfer, or stale manifest entry from a previous run."
https://nsf-gov-resources.nsf.gov/files/fl26-1024-r.pdf?VersionId=XwqiQWTATg2Eg4nWxFDDulXvUONZJ5GQ,fl26-1024-r.pdf?VersionId=XwqiQWTATg2Eg4nWxFDDulXvUONZJ5GQ,nsf.gov,,,—,error,2026-03-10T01:18:25.232690+00:00,,,,,,,,,,,,,,,,,,,,,,,,,,,,"File not found: crawled_files/nsf.gov/fl26-1024-r.pdf?VersionId=XwqiQWTATg2Eg4nWxFDDulXvUONZJ5GQ (crawled 1 day(s) ago at 2026-03-10T01:18:25.232690+00:00). Possible causes: failed download, incomplete artifact transfer, or stale manifest entry from a previous run."
https://nsf-gov-resources.nsf.gov/files/fl26-changes0524-r.pdf?VersionId=aCV0PTW4wX25aO52ZlVQ11GTemzTXEHK,fl26-changes0524-r.pdf?VersionId=aCV0PTW4wX25aO52ZlVQ11GTemzTXEHK,nsf.gov,,,—,error,2026-03-10T01:18:25.233190+00:00,,,,,,,,,,,,,,,,,,,,,,,,,,,,"File not found: crawled_files/nsf.gov/fl26-changes0524-r.pdf?VersionId=aCV0PTW4wX25aO52ZlVQ11GTemzTXEHK (crawled 1 day(s) ago at 2026-03-10T01:18:25.233190+00:00). Possible causes: failed download, incomplete artifact transfer, or stale manifest entry from a previous run."
https://nsf-gov-resources.nsf.gov/files/fl26-irtc-changes-20230130-r.pdf?VersionId=CWWiwjODS351X.FljMsbRe2ChNrh2T1E,fl26-irtc-changes-20230130-r.pdf?VersionId=CWWiwjODS351X.FljMsbRe2ChNrh2T1E,nsf.gov,,,—,error,2026-03-10T01:18:25.233753+00:00,,,,,,,,,,,,,,,,,,,,,,,,,,,,"File not found: crawled_files/nsf.gov/fl26-irtc-changes-20230130-r.pdf?VersionId=CWWiwjODS351X.FljMsbRe2ChNrh2T1E (crawled 1 day(s) ago at 2026-03-10T01:18:25.233753+00:00). Possible causes: failed download, incomplete artifact transfer, or stale manifest entry from a previous run."
https://nsf-gov-resources.nsf.gov/files/fl26-irtc-sig-chg-20220513-r.pdf?VersionId=zOL99q137NTJ7M.IDDm19Se43W61MTLI,fl26-irtc-sig-chg-20220513-r.pdf?VersionId=zOL99q137NTJ7M.IDDm19Se43W61MTLI,nsf.gov,,,—,error,2026-03-10T01:18:25.234249+00:00,,,,,,,,,,,,,,,,,,,,,,,,,,,,"File not found: crawled_files/nsf.gov/fl26-irtc-sig-chg-20220513-r.pdf?VersionId=zOL99q137NTJ7M.IDDm19Se43W61MTLI (crawled 1 day(s) ago at 2026-03-10T01:18:25.234249+00:00). Possible causes: failed download, incomplete artifact transfer, or stale manifest entry from a previous run."
https://nsf-gov-resources.nsf.gov/files/fl26-irtc0524.pdf?VersionId=.GkFQL4MEjs0thVs3U8xqL5WDJlqdXI.,fl26-irtc0524.pdf?VersionId=.GkFQL4MEjs0thVs3U8xqL5WDJlqdXI.,nsf.gov,,,—,error,2026-03-10T01:18:25.234773+00:00,,,,,,,,,,,,,,,,,,,,,,,,,,,,"File not found: crawled_files/nsf.gov/fl26-irtc0524.pdf?VersionId=.GkFQL4MEjs0thVs3U8xqL5WDJlqdXI. (crawled 1 day(s) ago at 2026-03-10T01:18:25.234773+00:00). Possible causes: failed download, incomplete artifact transfer, or stale manifest entry from a previous run."
https://nsf-gov-resources.nsf.gov/files/fl26-irtc1024.pdf?VersionId=9m8.hmN8Ib__Hyl1RVXyzW6q_sXfWuL8,fl26-irtc1024.pdf?VersionId=9m8.hmN8Ib__Hyl1RVXyzW6q_sXfWuL8,nsf.gov,,,—,error,2026-03-10T01:18:25.235319+00:00,,,,,,,,,,,,,,,,,,,,,,,,,,,,"File not found: crawled_files/nsf.gov/fl26-irtc1024.pdf?VersionId=9m8.hmN8Ib__Hyl1RVXyzW6q_sXfWuL8 (crawled 1 day(s) ago at 2026-03-10T01:18:25.235319+00:00). Possible causes: failed download, incomplete artifact transfer, or stale manifest entry from a previous run."
https://nsf-gov-resources.nsf.gov/files/fl26-irtc525.pdf?VersionId=biZYLFweIMSBmS_vdAx5uDPc3zx.M2jB,fl26-irtc525.pdf?VersionId=biZYLFweIMSBmS_vdAx5uDPc3zx.M2jB,nsf.gov,,,—,error,2026-03-10T01:18:25.235897+00:00,,,,,,,,,,,,,,,,,,,,,,,,,,,,"File not found: crawled_files/nsf.gov/fl26-irtc525.pdf?VersionId=biZYLFweIMSBmS_vdAx5uDPc3zx.M2jB (crawled 1 day(s) ago at 2026-03-10T01:18:25.235897+00:00). Possible causes: failed download, incomplete artifact transfer, or stale manifest entry from a previous run."
https://nsf-gov-resources.nsf.gov/files/fl26-irtcchanges0524.pdf,fl26-irtcchanges0524.pdf,nsf.gov,,,—,error,2026-03-10T01:18:25.236369+00:00,,,,,,,,,,,,,,,,,,,,,,,,,,,,"File not found: crawled_files/nsf.gov/fl26-irtcchanges0524.pdf (crawled 1 day(s) ago at 2026-03-10T01:18:25.236369+00:00). Possible causes: failed download, incomplete artifact transfer, or stale manifest entry from a previous run."
https://nsf-gov-resources.nsf.gov/files/fl26-sigchg-20201005-r.pdf?VersionId=dLYaDNqPp.3xJKSrD9yS2jxXHnrNyAwo,fl26-sigchg-20201005-r.pdf?VersionId=dLYaDNqPp.3xJKSrD9yS2jxXHnrNyAwo,nsf.gov,,,—,error,2026-03-10T01:18:25.236829+00:00,,,,,,,,,,,,,,,,,,,,,,,,,,,,"File not found: crawled_files/nsf.gov/fl26-sigchg-20201005-r.pdf?VersionId=dLYaDNqPp.3xJKSrD9yS2jxXHnrNyAwo (crawled 1 day(s) ago at 2026-03-10T01:18:25.236829+00:00). Possible causes: failed download, incomplete artifact transfer, or stale manifest entry from a previous run."
https://nsf-gov-resources.nsf.gov/files/fl26-sigchg-20201120-r.pdf?VersionId=7TBW8VJsSSbql6N8N37kKiU79_0cdh9D,fl26-sigchg-20201120-r.pdf?VersionId=7TBW8VJsSSbql6N8N37kKiU79_0cdh9D,nsf.gov,,,—,error,2026-03-10T01:18:25.237342+00:00,,,,,,,,,,,,,,,,,,,,,,,,,,,,"File not found: crawled_files/nsf.gov/fl26-sigchg-20201120-r.pdf?VersionId=7TBW8VJsSSbql6N8N37kKiU79_0cdh9D (crawled 1 day(s) ago at 2026-03-10T01:18:25.237342+00:00). Possible causes: failed download, incomplete artifact transfer, or stale manifest entry from a previous run."
https://nsf-gov-resources.nsf.gov/files/fl26-sigchg-20211004-r.pdf?VersionId=jqHhZkA273VjgG3L..izB7ReAHt4ubCL,fl26-sigchg-20211004-r.pdf?VersionId=jqHhZkA273VjgG3L..izB7ReAHt4ubCL,nsf.gov,,,—,error,2026-03-10T01:18:25.237819+00:00,,,,,,,,,,,,,,,,,,,,,,,,,,,,"File not found: crawled_files/nsf.gov/fl26-sigchg-20211004-r.pdf?VersionId=jqHhZkA273VjgG3L..izB7ReAHt4ubCL (crawled 1 day(s) ago at 2026-03-10T01:18:25.237819+00:00). Possible causes: failed download, incomplete artifact transfer, or stale manifest entry from a previous run."
https://nsf-gov-resources.nsf.gov/files/gc1-may25.pdf?VersionId=Q2l66Hxw3DQqonkzV9qqkrcnO910C1cU,gc1-may25.pdf?VersionId=Q2l66Hxw3DQqonkzV9qqkrcnO910C1cU,nsf.gov,,,—,error,2026-03-10T01:18:25.238911+00:00,,,,,,,,,,,,,,,,,,,,,,,,,,,,"File not found: crawled_files/nsf.gov/gc1-may25.pdf?VersionId=Q2l66Hxw3DQqonkzV9qqkrcnO910C1cU (crawled 1 day(s) ago at 2026-03-10T01:18:25.238911+00:00). Possible causes: failed download, incomplete artifact transfer, or stale manifest entry from a previous run."
https://nsf-gov-resources.nsf.gov/files/grant-general-cond-sbirii-20230130-r.pdf?VersionId=22jGjFJtAdo.b2iXzLsqKSPe_NwO1Dee,grant-general-cond-sbirii-20230130-r.pdf?VersionId=22jGjFJtAdo.b2iXzLsqKSPe_NwO1Dee,nsf.gov,,,—,error,2026-03-10T01:18:25.240627+00:00,,,,,,,,,,,,,,,,,,,,,,,,,,,,"File not found: crawled_files/nsf.gov/grant-general-cond-sbirii-20230130-r.pdf?VersionId=22jGjFJtAdo.b2iXzLsqKSPe_NwO1Dee (crawled 1 day(s) ago at 2026-03-10T01:18:25.240627+00:00). Possible causes: failed download, incomplete artifact transfer, or stale manifest entry from a previous run."
https://nsf-gov-resources.nsf.gov/files/grant-general-cond-sbirii-20240520-r.pdf?VersionId=6zQ2vB5XHIqNxmDy1pLkqwHU6mxEuMmm,grant-general-cond-sbirii-20240520-r.pdf?VersionId=6zQ2vB5XHIqNxmDy1pLkqwHU6mxEuMmm,nsf.gov,,,—,error,2026-03-10T01:18:25.241897+00:00,,,,,,,,,,,,,,,,,,,,,,,,,,,,"File not found: crawled_files/nsf.gov/grant-general-cond-sbirii-20240520-r.pdf?VersionId=6zQ2vB5XHIqNxmDy1pLkqwHU6mxEuMmm (crawled 1 day(s) ago at 2026-03-10T01:18:25.241897+00:00). Possible causes: failed download, incomplete artifact transfer, or stale manifest entry from a previous run."
https://nsf-gov-resources.nsf.gov/files/grant-general-cond-sbirii-20241001-r.pdf?VersionId=BF8Qc7amy3DM2oKa0mElQjI96W5fK2tT,grant-general-cond-sbirii-20241001-r.pdf?VersionId=BF8Qc7amy3DM2oKa0mElQjI96W5fK2tT,nsf.gov,,,—,error,2026-03-10T01:18:25.243032+00:00,,,,,,,,,,,,,,,,,,,,,,,,,,,,"File not found: crawled_files/nsf.gov/grant-general-cond-sbirii-20241001-r.pdf?VersionId=BF8Qc7amy3DM2oKa0mElQjI96W5fK2tT (crawled 1 day(s) ago at 2026-03-10T01:18:25.243032+00:00). Possible causes: failed download, incomplete artifact transfer, or stale manifest entry from a previous run."
https://nsf-gov-resources.nsf.gov/files/grantsgovcompliancechecks-jan2023-r.pdf?VersionId=PsHNy0QjmfKawDmoFSOrHq2uulSLOEdv,grantsgovcompliancechecks-jan2023-r.pdf?VersionId=PsHNy0QjmfKawDmoFSOrHq2uulSLOEdv,nsf.gov,,,—,error,2026-03-10T01:18:25.243475+00:00,,,,,,,,,,,,,,,,,,,,,,,,,,,,"File not found: crawled_files/nsf.gov/grantsgovcompliancechecks-jan2023-r.pdf?VersionId=PsHNy0QjmfKawDmoFSOrHq2uulSLOEdv (crawled 1 day(s) ago at 2026-03-10T01:18:25.243475+00:00). Possible causes: failed download, incomplete artifact transfer, or stale manifest entry from a previous run."
https://nsf-gov-resources.nsf.gov/pubs/policydocs/grantsgovguide0116.pdf?VersionId=l_8.mK1sd0KMnocPYkZ7pWc3qdMCw_7V,grantsgovguide0116.pdf?VersionId=l_8.mK1sd0KMnocPYkZ7pWc3qdMCw_7V,nsf.gov,,,—,error,2026-03-10T01:18:25.251007+00:00,,,,,,,,,,,,,,,,,,,,,,,,,,,,"File not found: crawled_files/nsf.gov/grantsgovguide0116.pdf?VersionId=l_8.mK1sd0KMnocPYkZ7pWc3qdMCw_7V (crawled 1 day(s) ago at 2026-03-10T01:18:25.251007+00:00). Possible causes: failed download, incomplete artifact transfer, or stale manifest entry from a previous run."
https://nsf-gov-resources.nsf.gov/pubs/policydocs/grantsgovguide0117.pdf?VersionId=rqrF.nYaQG7Vrvm1F8BYD31hZmfKCFJk,grantsgovguide0117.pdf?VersionId=rqrF.nYaQG7Vrvm1F8BYD31hZmfKCFJk,nsf.gov,,,—,error,2026-03-10T01:18:25.256221+00:00,,,,,,,,,,,,,,,,,,,,,,,,,,,,"File not found: crawled_files/nsf.gov/grantsgovguide0117.pdf?VersionId=rqrF.nYaQG7Vrvm1F8BYD31hZmfKCFJk (crawled 1 day(s) ago at 2026-03-10T01:18:25.256221+00:00). Possible causes: failed download, incomplete artifact transfer, or stale manifest entry from a previous run."
https://nsf-gov-resources.nsf.gov/pubs/policydocs/grantsgovguide0118.pdf?VersionId=f4TcCXeWJhXOy4ZQ7lxXcsPQ0bE6JZIH,grantsgovguide0118.pdf?VersionId=f4TcCXeWJhXOy4ZQ7lxXcsPQ0bE6JZIH,nsf.gov,,,—,error,2026-03-10T01:18:25.262828+00:00,,,,,,,,,,,,,,,,,,,,,,,,,,,,"File not found: crawled_files/nsf.gov/grantsgovguide0118.pdf?VersionId=f4TcCXeWJhXOy4ZQ7lxXcsPQ0bE6JZIH (crawled 1 day(s) ago at 2026-03-10T01:18:25.262828+00:00). Possible causes: failed download, incomplete artifact transfer, or stale manifest entry from a previous run."
https://nsf-gov-resources.nsf.gov/pubs/policydocs/grantsgovguide0123.pdf?VersionId=0r1O3_jPORlWcP.qgWZA1lOiTNAAbwrF,grantsgovguide0123.pdf?VersionId=0r1O3_jPORlWcP.qgWZA1lOiTNAAbwrF,nsf.gov,,,—,error,2026-03-10T01:18:25.264309+00:00,,,,,,,,,,,,,,,,,,,,,,,,,,,,"File not found: crawled_files/nsf.gov/grantsgovguide0123.pdf?VersionId=0r1O3_jPORlWcP.qgWZA1lOiTNAAbwrF (crawled 1 day(s) ago at 2026-03-10T01:18:25.264309+00:00). Possible causes: failed download, incomplete artifact transfer, or stale manifest entry from a previous run."
https://nsf-gov-resources.nsf.gov/pubs/policydocs/grantsgovguide0219.pdf?VersionId=9OsEqHjnq_afQOlQt4N4vWoVvpylSSZC,grantsgovguide0219.pdf?VersionId=9OsEqHjnq_afQOlQt4N4vWoVvpylSSZC,nsf.gov,,,—,error,2026-03-10T01:18:25.271063+00:00,,,,,,,,,,,,,,,,,,,,,,,,,,,,"File not found: crawled_files/nsf.gov/grantsgovguide0219.pdf?VersionId=9OsEqHjnq_afQOlQt4N4vWoVvpylSSZC (crawled 1 day(s) ago at 2026-03-10T01:18:25.271063+00:00). Possible causes: failed download, incomplete artifact transfer, or stale manifest entry from a previous run."
https://nsf-gov-resources.nsf.gov/pubs/policydocs/grantsgovguide0524.pdf?VersionId=VMJbfxzbaKl4tjIS4EzeuDjEkYOHjPQX,grantsgovguide0524.pdf?VersionId=VMJbfxzbaKl4tjIS4EzeuDjEkYOHjPQX,nsf.gov,,,—,error,2026-03-10T01:18:25.272515+00:00,,,,,,,,,,,,,,,,,,,,,,,,,,,,"File not found: crawled_files/nsf.gov/grantsgovguide0524.pdf?VersionId=VMJbfxzbaKl4tjIS4EzeuDjEkYOHjPQX (crawled 1 day(s) ago at 2026-03-10T01:18:25.272515+00:00). Possible causes: failed download, incomplete artifact transfer, or stale manifest entry from a previous run."
https://nsf-gov-resources.nsf.gov/pubs/policydocs/grantsgovguide0620.pdf?VersionId=VVcSM0gLxZcbvg.aFj1377Dipc0J0_WX,grantsgovguide0620.pdf?VersionId=VVcSM0gLxZcbvg.aFj1377Dipc0J0_WX,nsf.gov,,,—,error,2026-03-10T01:18:25.274702+00:00,,,,,,,,,,,,,,,,,,,,,,,,,,,,"File not found: crawled_files/nsf.gov/grantsgovguide0620.pdf?VersionId=VVcSM0gLxZcbvg.aFj1377Dipc0J0_WX (crawled 1 day(s) ago at 2026-03-10T01:18:25.274702+00:00). Possible causes: failed download, incomplete artifact transfer, or stale manifest entry from a previous run."
https://nsf-gov-resources.nsf.gov/pubs/policydocs/grantsgovguide1020.pdf?VersionId=tsAZjQPP9s7tka2biYcWv68wYQAUWEp.,grantsgovguide1020.pdf?VersionId=tsAZjQPP9s7tka2biYcWv68wYQAUWEp.,nsf.gov,,,—,error,2026-03-10T01:18:25.276526+00:00,,,,,,,,,,,,,,,,,,,,,,,,,,,,"File not found: crawled_files/nsf.gov/grantsgovguide1020.pdf?VersionId=tsAZjQPP9s7tka2biYcWv68wYQAUWEp. (crawled 1 day(s) ago at 2026-03-10T01:18:25.276526+00:00). Possible causes: failed download, incomplete artifact transfer, or stale manifest entry from a previous run."
https://nsf-gov-resources.nsf.gov/pubs/policydocs/grantsgovguide1021.pdf?VersionId=zE4VYGaIa8r7HUi2T3_XEsg564FzRffm,grantsgovguide1021.pdf?VersionId=zE4VYGaIa8r7HUi2T3_XEsg564FzRffm,nsf.gov,,,—,error,2026-03-10T01:18:25.278300+00:00,,,,,,,,,,,,,,,,,,,,,,,,,,,,"File not found: crawled_files/nsf.gov/grantsgovguide1021.pdf?VersionId=zE4VYGaIa8r7HUi2T3_XEsg564FzRffm (crawled 1 day(s) ago at 2026-03-10T01:18:25.278300+00:00). Possible causes: failed download, incomplete artifact transfer, or stale manifest entry from a previous run."
https://nsf-gov-resources.nsf.gov/pubs/policydocs/grantsgovguide1209.pdf?VersionId=yj1aB7TK1rrk_PZ7.iyGRCtApcw6LaWS,grantsgovguide1209.pdf?VersionId=yj1aB7TK1rrk_PZ7.iyGRCtApcw6LaWS,nsf.gov,,,—,error,2026-03-10T01:18:25.283254+00:00,,,,,,,,,,,,,,,,,,,,,,,,,,,,"File not found: crawled_files/nsf.gov/grantsgovguide1209.pdf?VersionId=yj1aB7TK1rrk_PZ7.iyGRCtApcw6LaWS (crawled 1 day(s) ago at 2026-03-10T01:18:25.283254+00:00). Possible causes: failed download, incomplete artifact transfer, or stale manifest entry from a previous run."
https://nsf-gov-resources.nsf.gov/pubs/policydocs/grantsgovguide1214.pdf?VersionId=jMLQB7MLjJqSQ.0meqCR_zLTGDUBK_Wn,grantsgovguide1214.pdf?VersionId=jMLQB7MLjJqSQ.0meqCR_zLTGDUBK_Wn,nsf.gov,,,—,error,2026-03-10T01:18:25.288891+00:00,,,,,,,,,,,,,,,,,,,,,,,,,,,,"File not found: crawled_files/nsf.gov/grantsgovguide1214.pdf?VersionId=jMLQB7MLjJqSQ.0meqCR_zLTGDUBK_Wn (crawled 1 day(s) ago at 2026-03-10T01:18:25.288891+00:00). Possible causes: failed download, incomplete artifact transfer, or stale manifest entry from a previous run."
https://nsf-gov-resources.nsf.gov/pubs/policydocs/grantsgovguide309.pdf?VersionId=X.D.BbnzhGHUVJU7blOjdkrYyi8OTglB,grantsgovguide309.pdf?VersionId=X.D.BbnzhGHUVJU7blOjdkrYyi8OTglB,nsf.gov,,,—,error,2026-03-10T01:18:25.292474+00:00,,,,,,,,,,,,,,,,,,,,,,,,,,,,"File not found: crawled_files/nsf.gov/grantsgovguide309.pdf?VersionId=X.D.BbnzhGHUVJU7blOjdkrYyi8OTglB (crawled 1 day(s) ago at 2026-03-10T01:18:25.292474+00:00). Possible causes: failed download, incomplete artifact transfer, or stale manifest entry from a previous run."
https://nsf-gov-resources.nsf.gov/pubs/policydocs/grantsgovguide607.pdf?VersionId=DoqBPFn6OVhp6ApOGBjmjWjgH3uNJ5ub,grantsgovguide607.pdf?VersionId=DoqBPFn6OVhp6ApOGBjmjWjgH3uNJ5ub,nsf.gov,,,—,error,2026-03-10T01:18:25.297008+00:00,,,,,,,,,,,,,,,,,,,,,,,,,,,,"File not found: crawled_files/nsf.gov/grantsgovguide607.pdf?VersionId=DoqBPFn6OVhp6ApOGBjmjWjgH3uNJ5ub (crawled 1 day(s) ago at 2026-03-10T01:18:25.297008+00:00). Possible causes: failed download, incomplete artifact transfer, or stale manifest entry from a previous run."
https://www.nsf.gov/awards/indirect-cost-proposals,indirect-cost-proposals,nsf.gov,,102406,100.0 KB,error,2026-07-31T18:57:06.801463+00:00,,,,,,,,,,,,,,,,,,,,,,,,,,,,"File not found: crawled_files/nsf.gov/indirect-cost-proposals (crawled 0.0 day(s) ago at 2026-07-31T18:57:06.801463+00:00). Possible causes: failed download, incomplete artifact transfer, or stale manifest entry from a previous run."
https://seedfund.nsf.gov/assets/files/applicants/indirect-cost-rate-adjustments.pdf,indirect-cost-rate-adjustments.pdf,nsf.gov,,,—,error,2026-03-10T01:18:25.298047+00:00,,,,,,,,,,,,,,,,,,,,,,,,,,,,"File not found: crawled_files/nsf.gov/indirect-cost-rate-adjustments.pdf (crawled 1 day(s) ago at 2026-03-10T01:18:25.298047+00:00). Possible causes: failed download, incomplete artifact transfer, or stale manifest entry from a previous run."
https://nsf-gov-resources.nsf.gov/files/irtc-0522.pdf?VersionId=ZmKquT_3LewGSVKO.Q_pwat1vjfJhXQr,irtc-0522.pdf?VersionId=ZmKquT_3LewGSVKO.Q_pwat1vjfJhXQr,nsf.gov,,,—,error,2026-03-10T01:18:25.298960+00:00,,,,,,,,,,,,,,,,,,,,,,,,,,,,"File not found: crawled_files/nsf.gov/irtc-0522.pdf?VersionId=ZmKquT_3LewGSVKO.Q_pwat1vjfJhXQr (crawled 1 day(s) ago at 2026-03-10T01:18:25.298960+00:00). Possible causes: failed download, incomplete artifact transfer, or stale manifest entry from a previous run."
https://nsf-gov-resources.nsf.gov/files/irtc-0525.pdf?VersionId=6f4y6JYOollwwt2W.8CG8z8AxGI7iusY,irtc-0525.pdf?VersionId=6f4y6JYOollwwt2W.8CG8z8AxGI7iusY,nsf.gov,,,—,error,2026-03-10T01:18:25.300008+00:00,,,,,,,,,,,,,,,,,,,,,,,,,,,,"File not found: crawled_files/nsf.gov/irtc-0525.pdf?VersionId=6f4y6JYOollwwt2W.8CG8z8AxGI7iusY (crawled 1 day(s) ago at 2026-03-10T01:18:25.300008+00:00). Possible causes: failed download, incomplete artifact transfer, or stale manifest entry from a previous run."
https://nsf-gov-resources.nsf.gov/files/irtc-20210901-r.pdf?VersionId=aq9jzo2CyqQzkPs56rR1HbA4JnD.f151,irtc-20210901-r.pdf?VersionId=aq9jzo2CyqQzkPs56rR1HbA4JnD.f151,nsf.gov,,,—,error,2026-03-10T01:18:25.301009+00:00,,,,,,,,,,,,,,,,,,,,,,,,,,,,"File not found: crawled_files/nsf.gov/irtc-20210901-r.pdf?VersionId=aq9jzo2CyqQzkPs56rR1HbA4JnD.f151 (crawled 1 day(s) ago at 2026-03-10T01:18:25.301009+00:00). Possible causes: failed download, incomplete artifact transfer, or stale manifest entry from a previous run."
https://nsf-gov-resources.nsf.gov/files/irtc-20230130-r_0.pdf?VersionId=f76nJO6ob85g07H5t9D8irYZnANWlO1F,irtc-20230130-r_0.pdf?VersionId=f76nJO6ob85g07H5t9D8irYZnANWlO1F,nsf.gov,,,—,error,2026-03-10T01:18:25.302172+00:00,,,,,,,,,,,,,,,,,,,,,,,,,,,,"File not found: crawled_files/nsf.gov/irtc-20230130-r_0.pdf?VersionId=f76nJO6ob85g07H5t9D8irYZnANWlO1F (crawled 1 day(s) ago at 2026-03-10T01:18:25.302172+00:00). Possible causes: failed download, incomplete artifact transfer, or stale manifest entry from a previous run."
https://nsf-gov-resources.nsf.gov/files/irtc-20240520-r.pdf?VersionId=OhRM2O9MCuGZQJpn95ZnMiSL3JeFybmd,irtc-20240520-r.pdf?VersionId=OhRM2O9MCuGZQJpn95ZnMiSL3JeFybmd,nsf.gov,,,—,error,2026-03-10T01:18:25.303203+00:00,,,,,,,,,,,,,,,,,,,,,,,,,,,,"File not found: crawled_files/nsf.gov/irtc-20240520-r.pdf?VersionId=OhRM2O9MCuGZQJpn95ZnMiSL3JeFybmd (crawled 1 day(s) ago at 2026-03-10T01:18:25.303203+00:00). Possible causes: failed download, incomplete artifact transfer, or stale manifest entry from a previous run."
https://nsf-gov-resources.nsf.gov/files/irtc-20241001-r.pdf?VersionId=QhjrmyeFt40cyNPANzwDgqkI6FsODQ2x,irtc-20241001-r.pdf?VersionId=QhjrmyeFt40cyNPANzwDgqkI6FsODQ2x,nsf.gov,,,—,error,2026-03-10T01:18:25.304286+00:00,,,,,,,,,,,,,,,,,,,,,,,,,,,,"File not found: crawled_files/nsf.gov/irtc-20241001-r.pdf?VersionId=QhjrmyeFt40cyNPANzwDgqkI6FsODQ2x (crawled 1 day(s) ago at 2026-03-10T01:18:25.304286+00:00). Possible causes: failed download, incomplete artifact transfer, or stale manifest entry from a previous run."
https://nsf-gov-resources.nsf.gov/files/irtc-changes-20230130-r.pdf?VersionId=SIquchOaE8K_z1NeO.EXcWSGeafH0yyy,irtc-changes-20230130-r.pdf?VersionId=SIquchOaE8K_z1NeO.EXcWSGeafH0yyy,nsf.gov,,,—,error,2026-03-10T01:18:25.304866+00:00,,,,,,,,,,,,,,,,,,,,,,,,,,,,"File not found: crawled_files/nsf.gov/irtc-changes-20230130-r.pdf?VersionId=SIquchOaE8K_z1NeO.EXcWSGeafH0yyy (crawled 1 day(s) ago at 2026-03-10T01:18:25.304866+00:00). Possible causes: failed download, incomplete artifact transfer, or stale manifest entry from a previous run."
https://nsf-gov-resources.nsf.gov/files/irtc-changes0524.pdf,irtc-changes0524.pdf,nsf.gov,,,—,error,2026-03-10T01:18:25.305370+00:00,,,,,,,,,,,,,,,,,,,,,,,,,,,,"File not found: crawled_files/nsf.gov/irtc-changes0524.pdf (crawled 1 day(s) ago at 2026-03-10T01:18:25.305370+00:00). Possible causes: failed download, incomplete artifact transfer, or stale manifest entry from a previous run."
https://nsf-gov-resources.nsf.gov/files/irtc-sig-chg-fl26-20211004-r.pdf?VersionId=2kR4Ao6JvKdleMrB0DsskGnG6mDF4wTI,irtc-sig-chg-fl26-20211004-r.pdf?VersionId=2kR4Ao6JvKdleMrB0DsskGnG6mDF4wTI,nsf.gov,,,—,error,2026-03-10T01:18:25.305898+00:00,,,,,,,,,,,,,,,,,,,,,,,,,,,,"File not found: crawled_files/nsf.gov/irtc-sig-chg-fl26-20211004-r.pdf?VersionId=2kR4Ao6JvKdleMrB0DsskGnG6mDF4wTI (crawled 1 day(s) ago at 2026-03-10T01:18:25.305898+00:00). Possible causes: failed download, incomplete artifact transfer, or stale manifest entry from a previous run."
https://nsf-gov-resources.nsf.gov/files/irtc-spec-terms-conditions-fl26-20181022-r.pdf?VersionId=JMseRlrAMi7DIwwoEA8jwp5VeXvba0l1,irtc-spec-terms-conditions-fl26-20181022-r.pdf?VersionId=JMseRlrAMi7DIwwoEA8jwp5VeXvba0l1,nsf.gov,,,—,error,2026-03-10T01:18:25.306601+00:00,,,,,,,,,,,,,,,,,,,,,,,,,,,,"File not found: crawled_files/nsf.gov/irtc-spec-terms-conditions-fl26-20181022-r.pdf?VersionId=JMseRlrAMi7DIwwoEA8jwp5VeXvba0l1 (crawled 1 day(s) ago at 2026-03-10T01:18:25.306601+00:00). Possible causes: failed download, incomplete artifact transfer, or stale manifest entry from a previous run."
https://nsf-gov-resources.nsf.gov/files/irtc-spec-terms-conditions-fl26-20210901-r.pdf?VersionId=3M.gdw_UYg4F5T.5lJ7Yh1YnJJ9DpfYg,irtc-spec-terms-conditions-fl26-20210901-r.pdf?VersionId=3M.gdw_UYg4F5T.5lJ7Yh1YnJJ9DpfYg,nsf.gov,,,—,error,2026-03-10T01:18:25.307285+00:00,,,,,,,,,,,,,,,,,,,,,,,,,,,,"File not found: crawled_files/nsf.gov/irtc-spec-terms-conditions-fl26-20210901-r.pdf?VersionId=3M.gdw_UYg4F5T.5lJ7Yh1YnJJ9DpfYg (crawled 1 day(s) ago at 2026-03-10T01:18:25.307285+00:00). Possible causes: failed download, incomplete artifact transfer, or stale manifest entry from a previous run."
https://nsf-gov-resources.nsf.gov/files/irtc-spec-terms-conditions-fl26-20211004-r.pdf?VersionId=npXNirLCwSkIkWBZv2TfjcUiBKn4T7_o,irtc-spec-terms-conditions-fl26-20211004-r.pdf?VersionId=npXNirLCwSkIkWBZv2TfjcUiBKn4T7_o,nsf.gov,,,—,error,2026-03-10T01:18:25.307870+00:00,,,,,,,,,,,,,,,,,,,,,,,,,,,,"File not found: crawled_files/nsf.gov/irtc-spec-terms-conditions-fl26-20211004-r.pdf?VersionId=npXNirLCwSkIkWBZv2TfjcUiBKn4T7_o (crawled 1 day(s) ago at 2026-03-10T01:18:25.307870+00:00). Possible causes: failed download, incomplete artifact transfer, or stale manifest entry from a previous run."
https://nsf-gov-resources.nsf.gov/files/irtc-spec-terms-conditions-fl26-20230130-r.pdf?VersionId=zpQ..BC8K6rVNeIxx8UKdjfN0X07.Ocz,irtc-spec-terms-conditions-fl26-20230130-r.pdf?VersionId=zpQ..BC8K6rVNeIxx8UKdjfN0X07.Ocz,nsf.gov,,,—,error,2026-03-10T01:18:25.308477+00:00,,,,,,,,,,,,,,,,,,,,,,,,,,,,"File not found: crawled_files/nsf.gov/irtc-spec-terms-conditions-fl26-20230130-r.pdf?VersionId=zpQ..BC8K6rVNeIxx8UKdjfN0X07.Ocz (crawled 1 day(s) ago at 2026-03-10T01:18:25.308477+00:00). Possible causes: failed download, incomplete artifact transfer, or stale manifest entry from a previous run."
https://nsf-gov-resources.nsf.gov/files/irtc-special-terms-conditions-fl26-20220513-r.pdf?VersionId=cwsgbV2pxWWfqsiddnw2L7YjrEqiF4_C,irtc-special-terms-conditions-fl26-20220513-r.pdf?VersionId=cwsgbV2pxWWfqsiddnw2L7YjrEqiF4_C,nsf.gov,,,—,error,2026-03-10T01:18:25.309072+00:00,,,,,,,,,,,,,,,,,,,,,,,,,,,,"File not found: crawled_files/nsf.gov/irtc-special-terms-conditions-fl26-20220513-r.pdf?VersionId=cwsgbV2pxWWfqsiddnw2L7YjrEqiF4_C (crawled 1 day(s) ago at 2026-03-10T01:18:25.309072+00:00). Possible causes: failed download, incomplete artifact transfer, or stale manifest entry from a previous run."
https://nsf-gov-resources.nsf.gov/files/irtcsigchg-0522.pdf?VersionId=c.gTMKp7bJbnFKOEBYbxMDR_TM0O9H7Y,irtcsigchg-0522.pdf?VersionId=c.gTMKp7bJbnFKOEBYbxMDR_TM0O9H7Y,nsf.gov,,,—,error,2026-03-10T01:18:25.309530+00:00,,,,,,,,,,,,,,,,,,,,,,,,,,,,"File not found: crawled_files/nsf.gov/irtcsigchg-0522.pdf?VersionId=c.gTMKp7bJbnFKOEBYbxMDR_TM0O9H7Y (crawled 1 day(s) ago at 2026-03-10T01:18:25.309530+00:00). Possible causes: failed download, incomplete artifact transfer, or stale manifest entry from a previous run."
https://nsf-gov-resources.nsf.gov/files/irtcsigchg-1021.pdf?VersionId=X2JY_JNz_VFC0xS_xqS0Hq03A9HNAWgi,irtcsigchg-1021.pdf?VersionId=X2JY_JNz_VFC0xS_xqS0Hq03A9HNAWgi,nsf.gov,,,—,error,2026-03-10T01:18:25.310001+00:00,,,,,,,,,,,,,,,,,,,,,,,,,,,,"File not found: crawled_files/nsf.gov/irtcsigchg-1021.pdf?VersionId=X2JY_JNz_VFC0xS_xqS0Hq03A9HNAWgi (crawled 1 day(s) ago at 2026-03-10T01:18:25.310001+00:00). Possible causes: failed download, incomplete artifact transfer, or stale manifest entry from a previous run."
https://nsf-gov-resources.nsf.gov/files/jan23-r.pdf?VersionId=JCmOwjuQcynhuO82.aS21uywQtf0avNX,jan23-r.pdf?VersionId=JCmOwjuQcynhuO82.aS21uywQtf0avNX,nsf.gov,,,—,error,2026-03-10T01:18:25.311460+00:00,,,,,,,,,,,,,,,,,,,,,,,,,,,,"File not found: crawled_files/nsf.gov/jan23-r.pdf?VersionId=JCmOwjuQcynhuO82.aS21uywQtf0avNX (crawled 1 day(s) ago at 2026-03-10T01:18:25.311460+00:00). Possible causes: failed download, incomplete artifact transfer, or stale manifest entry from a previous run."
https://nsf-gov-resources.nsf.gov/files/k-12-indicator-2022.pdf?VersionId=mBf.TPxnpxF4ZuNy.bNc1fYp9jaA25xF,k-12-indicator-2022.pdf?VersionId=mBf.TPxnpxF4ZuNy.bNc1fYp9jaA25xF,nsf.gov,,,—,error,2026-03-10T01:18:25.312078+00:00,,,,,,,,,,,,,,,,,,,,,,,,,,,,"File not found: crawled_files/nsf.gov/k-12-indicator-2022.pdf?VersionId=mBf.TPxnpxF4ZuNy.bNc1fYp9jaA25xF (crawled 1 day(s) ago at 2026-03-10T01:18:25.312078+00:00). Possible causes: failed download, incomplete artifact transfer, or stale manifest entry from a previous run."
https://nsf-gov-resources.nsf.gov/files/may24-r.pdf,may24-r.pdf,nsf.gov,,,—,error,2026-03-10T01:18:25.313137+00:00,,,,,,,,,,,,,,,,,,,,,,,,,,,,"File not found: crawled_files/nsf.gov/may24-r.pdf (crawled 1 day(s) ago at 2026-03-10T01:18:25.313137+00:00). Possible causes: failed download, incomplete artifact transfer, or stale manifest entry from a previous run."
https://ncses.nsf.gov/pubs/ncses23200/assets/appendix-c-field-of-study-coding/tables/ncses23200-tabc-002.pdf,ncses23200-tabc-002.pdf,nsf.gov,,,—,error,2026-03-10T01:18:25.313461+00:00,,,,,,,,,,,,,,,,,,,,,,,,,,,,"File not found: crawled_files/nsf.gov/ncses23200-tabc-002.pdf (crawled 1 day(s) ago at 2026-03-10T01:18:25.313461+00:00). Possible causes: failed download, incomplete artifact transfer, or stale manifest entry from a previous run."
https://ncses.nsf.gov/1599/assets/0/file/ncses_stategovrd.pdf,ncses_stategovrd.pdf,nsf.gov,,,—,error,2026-03-10T01:18:25.316367+00:00,,,,,,,,,,,,,,,,,,,,,,,,,,,,"File not found: crawled_files/nsf.gov/ncses_stategovrd.pdf (crawled 1 day(s) ago at 2026-03-10T01:18:25.316367+00:00). Possible causes: failed download, incomplete artifact transfer, or stale manifest entry from a previous run."
https://nsf-gov-resources.nsf.gov/files/nsb-International-stem-talent-2022.pdf?VersionId=0dRA.a6VI.cGstBHSvCyXz_3KNIEVghb,nsb-International-stem-talent-2022.pdf?VersionId=0dRA.a6VI.cGstBHSvCyXz_3KNIEVghb,nsf.gov,,,—,error,2026-03-10T01:18:25.317048+00:00,,,,,,,,,,,,,,,,,,,,,,,,,,,,"File not found: crawled_files/nsf.gov/nsb-International-stem-talent-2022.pdf?VersionId=0dRA.a6VI.cGstBHSvCyXz_3KNIEVghb (crawled 1 day(s) ago at 2026-03-10T01:18:25.317048+00:00). Possible causes: failed download, incomplete artifact transfer, or stale manifest entry from a previous run."
https://nsf-gov-resources.nsf.gov/files/nsb-changed-landscape.pdf?VersionId=7Rj.5eDpkrkU9lWJ2Cm1NImLHEsiwwhm,nsb-changed-landscape.pdf?VersionId=7Rj.5eDpkrkU9lWJ2Cm1NImLHEsiwwhm,nsf.gov,,,—,error,2026-03-10T01:18:25.321136+00:00,,,,,,,,,,,,,,,,,,,,,,,,,,,,"File not found: crawled_files/nsf.gov/nsb-changed-landscape.pdf?VersionId=7Rj.5eDpkrkU9lWJ2Cm1NImLHEsiwwhm (crawled 1 day(s) ago at 2026-03-10T01:18:25.321136+00:00). Possible causes: failed download, incomplete artifact transfer, or stale manifest entry from a previous run."
https://nsf-gov-resources.nsf.gov/files/nsb-connected-horizons-2024.pdf,nsb-connected-horizons-2024.pdf,nsf.gov,,,—,error,2026-03-10T01:18:25.323202+00:00,,,,,,,,,,,,,,,,,,,,,,,,,,,,"File not found: crawled_files/nsf.gov/nsb-connected-horizons-2024.pdf (crawled 1 day(s) ago at 2026-03-10T01:18:25.323202+00:00). Possible causes: failed download, incomplete artifact transfer, or stale manifest entry from a previous run."
https://nsf-gov-resources.nsf.gov/files/nsb-connected-horizons-2024.pdf?VersionId=cWjJ4Z8sG7iGYcN4Yk2fQOyfH3zC.1jQ,nsb-connected-horizons-2024.pdf?VersionId=cWjJ4Z8sG7iGYcN4Yk2fQOyfH3zC.1jQ,nsf.gov,,,—,error,2026-03-10T01:18:25.325254+00:00,,,,,,,,,,,,,,,,,,,,,,,,,,,,"File not found: crawled_files/nsf.gov/nsb-connected-horizons-2024.pdf?VersionId=cWjJ4Z8sG7iGYcN4Yk2fQOyfH3zC.1jQ (crawled 1 day(s) ago at 2026-03-10T01:18:25.325254+00:00). Possible causes: failed download, incomplete artifact transfer, or stale manifest entry from a previous run."
https://nsf-gov-resources.nsf.gov/files/nsb-nsf-investments-ai-quantum.pdf?VersionId=qzKkZuEH9WFob0OGHO29lL.dNvanWPb_,nsb-nsf-investments-ai-quantum.pdf?VersionId=qzKkZuEH9WFob0OGHO29lL.dNvanWPb_,nsf.gov,,,—,error,2026-03-10T01:18:25.328408+00:00,,,,,,,,,,,,,,,,,,,,,,,,,,,,"File not found: crawled_files/nsf.gov/nsb-nsf-investments-ai-quantum.pdf?VersionId=qzKkZuEH9WFob0OGHO29lL.dNvanWPb_ (crawled 1 day(s) ago at 2026-03-10T01:18:25.328408+00:00). Possible causes: failed download, incomplete artifact transfer, or stale manifest entry from a previous run."
https://nsf-gov-resources.nsf.gov/files/nsb-phd-hurdles-2022.pdf?VersionId=knG7GOzukGa.ZX3la1Csigc_CPsD1Qxh,nsb-phd-hurdles-2022.pdf?VersionId=knG7GOzukGa.ZX3la1Csigc_CPsD1Qxh,nsf.gov,,,—,error,2026-03-10T01:18:25.329123+00:00,,,,,,,,,,,,,,,,,,,,,,,,,,,,"File not found: crawled_files/nsf.gov/nsb-phd-hurdles-2022.pdf?VersionId=knG7GOzukGa.ZX3la1Csigc_CPsD1Qxh (crawled 1 day(s) ago at 2026-03-10T01:18:25.329123+00:00). Possible causes: failed download, incomplete artifact transfer, or stale manifest entry from a previous run."
https://nsf-gov-resources.nsf.gov/files/nsb-skilled-technical-workforce-factsheet.pdf?VersionId=xd9jM94RXayhxijjkfHB8VDnbfowPghR,nsb-skilled-technical-workforce-factsheet.pdf?VersionId=xd9jM94RXayhxijjkfHB8VDnbfowPghR,nsf.gov,,,—,error,2026-03-10T01:18:25.332269+00:00,,,,,,,,,,,,,,,,,,,,,,,,,,,,"File not found: crawled_files/nsf.gov/nsb-skilled-technical-workforce-factsheet.pdf?VersionId=xd9jM94RXayhxijjkfHB8VDnbfowPghR (crawled 1 day(s) ago at 2026-03-10T01:18:25.332269+00:00). Possible causes: failed download, incomplete artifact transfer, or stale manifest entry from a previous run."
https://nsf-gov-resources.nsf.gov/files/nsb-skilled-technical-workforce-factsheet_0.pdf?VersionId=KFR2AUX09R1gY1.zZWM5BSllqQWooHP.,nsb-skilled-technical-workforce-factsheet_0.pdf?VersionId=KFR2AUX09R1gY1.zZWM5BSllqQWooHP.,nsf.gov,,,—,error,2026-03-10T01:18:25.335467+00:00,,,,,,,,,,,,,,,,,,,,,,,,,,,,"File not found: crawled_files/nsf.gov/nsb-skilled-technical-workforce-factsheet_0.pdf?VersionId=KFR2AUX09R1gY1.zZWM5BSllqQWooHP. (crawled 1 day(s) ago at 2026-03-10T01:18:25.335467+00:00). Possible causes: failed download, incomplete artifact transfer, or stale manifest entry from a previous run."
https://nsf-gov-resources.nsf.gov/files/nsb-talent-treasure-2024.pdf?VersionId=jYFS36vua1ZDaWUtQaGl6r4tarOpLMzH,nsb-talent-treasure-2024.pdf?VersionId=jYFS36vua1ZDaWUtQaGl6r4tarOpLMzH,nsf.gov,,,—,error,2026-03-10T01:18:25.339644+00:00,,,,,,,,,,,,,,,,,,,,,,,,,,,,"File not found: crawled_files/nsf.gov/nsb-talent-treasure-2024.pdf?VersionId=jYFS36vua1ZDaWUtQaGl6r4tarOpLMzH (crawled 1 day(s) ago at 2026-03-10T01:18:25.339644+00:00). Possible causes: failed download, incomplete artifact transfer, or stale manifest entry from a previous run."
https://nsf-gov-resources.nsf.gov/files/nsb-winning-race-for-future.pdf?VersionId=0jKZvVFir1XK.N0JtJZoIJpGDSAkFyAo,nsb-winning-race-for-future.pdf?VersionId=0jKZvVFir1XK.N0JtJZoIJpGDSAkFyAo,nsf.gov,,,—,error,2026-03-10T01:18:25.340811+00:00,,,,,,,,,,,,,,,,,,,,,,,,,,,,"File not found: crawled_files/nsf.gov/nsb-winning-race-for-future.pdf?VersionId=0jKZvVFir1XK.N0JtJZoIJpGDSAkFyAo (crawled 1 day(s) ago at 2026-03-10T01:18:25.340811+00:00). Possible causes: failed download, incomplete artifact transfer, or stale manifest entry from a previous run."
https://nsf-gov-resources.nsf.gov/pubs/2009/nsb0920/nsb0920.pdf?VersionId=un9CjelwvPrSn747hpbdzN1srHXw.mfB,nsb0920.pdf?VersionId=un9CjelwvPrSn747hpbdzN1srHXw.mfB,nsf.gov,,,—,error,2026-03-10T01:18:25.342905+00:00,,,,,,,,,,,,,,,,,,,,,,,,,,,,"File not found: crawled_files/nsf.gov/nsb0920.pdf?VersionId=un9CjelwvPrSn747hpbdzN1srHXw.mfB (crawled 1 day(s) ago at 2026-03-10T01:18:25.342905+00:00). Possible causes: failed download, incomplete artifact transfer, or stale manifest entry from a previous run."
https://nsf-gov-resources.nsf.gov/pubs/2015/nsb201510/nsb201510.pdf,nsb201510.pdf,nsf.gov,,,—,error,2026-03-10T01:18:25.350124+00:00,,,,,,,,,,,,,,,,,,,,,,,,,,,,"File not found: crawled_files/nsf.gov/nsb201510.pdf (crawled 1 day(s) ago at 2026-03-10T01:18:25.350124+00:00). Possible causes: failed download, incomplete artifact transfer, or stale manifest entry from a previous run."
https://nsf-gov-resources.nsf.gov/nsb/publications/2020/nsb20163.pdf,nsb20163.pdf,nsf.gov,,,—,error,2026-03-10T01:18:25.351459+00:00,,,,,,,,,,,,,,,,,,,,,,,,,,,,"File not found: crawled_files/nsf.gov/nsb20163.pdf (crawled 1 day(s) ago at 2026-03-10T01:18:25.351459+00:00). Possible causes: failed download, incomplete artifact transfer, or stale manifest entry from a previous run."
https://nsf-gov-resources.nsf.gov/nsb/publications/2016/nsb201641.pdf,nsb201641.pdf,nsf.gov,,,—,error,2026-03-10T01:18:25.357152+00:00,,,,,,,,,,,,,,,,,,,,,,,,,,,,"File not found: crawled_files/nsf.gov/nsb201641.pdf (crawled 1 day(s) ago at 2026-03-10T01:18:25.357152+00:00). Possible causes: failed download, incomplete artifact transfer, or stale manifest entry from a previous run."
https://nsf-gov-resources.nsf.gov/nsb/publications/2017/nsb201726.pdf,nsb201726.pdf,nsf.gov,,,—,error,2026-03-10T01:18:25.360989+00:00,,,,,,,,,,,,,,,,,,,,,,,,,,,,"File not found: crawled_files/nsf.gov/nsb201726.pdf (crawled 1 day(s) ago at 2026-03-10T01:18:25.360989+00:00). Possible causes: failed download, incomplete artifact transfer, or stale manifest entry from a previous run."
https://nsf-gov-resources.nsf.gov/files/nsb201817.pdf,nsb201817.pdf,nsf.gov,,,—,error,2026-03-10T01:18:25.362145+00:00,,,,,,,,,,,,,,,,,,,,,,,,,,,,"File not found: crawled_files/nsf.gov/nsb201817.pdf (crawled 1 day(s) ago at 2026-03-10T01:18:25.362145+00:00). Possible causes: failed download, incomplete artifact transfer, or stale manifest entry from a previous run."
https://nsf-gov-resources.nsf.gov/pubs/2018/nsb201840/nsb201840.pdf,nsb201840.pdf,nsf.gov,,,—,error,2026-03-10T01:18:25.363244+00:00,,,,,,,,,,,,,,,,,,,,,,,,,,,,"File not found: crawled_files/nsf.gov/nsb201840.pdf (crawled 1 day(s) ago at 2026-03-10T01:18:25.363244+00:00). Possible causes: failed download, incomplete artifact transfer, or stale manifest entry from a previous run."
https://nsf-gov-resources.nsf.gov/pubs/2018/nsb20187/nsb20187.pdf,nsb20187.pdf,nsf.gov,,,—,error,2026-03-10T01:18:25.365684+00:00,,,,,,,,,,,,,,,,,,,,,,,,,,,,"File not found: crawled_files/nsf.gov/nsb20187.pdf (crawled 1 day(s) ago at 2026-03-10T01:18:25.365684+00:00). Possible causes: failed download, incomplete artifact transfer, or stale manifest entry from a previous run."
https://nsf-gov-resources.nsf.gov/nsb/publications/2018/nsb201915.pdf,nsb201915.pdf,nsf.gov,,,—,error,2026-03-10T01:18:25.368458+00:00,,,,,,,,,,,,,,,,,,,,,,,,,,,,"File not found: crawled_files/nsf.gov/nsb201915.pdf (crawled 1 day(s) ago at 2026-03-10T01:18:25.368458+00:00). Possible causes: failed download, incomplete artifact transfer, or stale manifest entry from a previous run."
https://ncses.nsf.gov/pubs/nsb20198/assets/u-s-s-e-workforce-definition-size-and-growth/figures/nsb20198-fig03-001.pdf,nsb20198-fig03-001.pdf,nsf.gov,,,—,error,2026-03-10T01:18:25.368828+00:00,,,,,,,,,,,,,,,,,,,,,,,,,,,,"File not found: crawled_files/nsf.gov/nsb20198-fig03-001.pdf (crawled 1 day(s) ago at 2026-03-10T01:18:25.368828+00:00). Possible causes: failed download, incomplete artifact transfer, or stale manifest entry from a previous run."
https://ncses.nsf.gov/pubs/nsb20198/assets/u-s-s-e-workforce-definition-size-and-growth/figures/nsb20198-fig03-001.xlsx,nsb20198-fig03-001.xlsx,nsf.gov,,,—,error,2026-03-10T01:18:25.369184+00:00,,,,,,,,,,,,,,,,,,,,,,,,,,,,"File not found: crawled_files/nsf.gov/nsb20198-fig03-001.xlsx (crawled 1 day(s) ago at 2026-03-10T01:18:25.369184+00:00). Possible causes: failed download, incomplete artifact transfer, or stale manifest entry from a previous run."
https://ncses.nsf.gov/pubs/nsb20198/assets/u-s-s-e-workforce-definition-size-and-growth/figures/nsb20198-fig03-002.pdf,nsb20198-fig03-002.pdf,nsf.gov,,,—,error,2026-03-10T01:18:25.369614+00:00,,,,,,,,,,,,,,,,,,,,,,,,,,,,"File not found: crawled_files/nsf.gov/nsb20198-fig03-002.pdf (crawled 1 day(s) ago at 2026-03-10T01:18:25.369614+00:00). Possible causes: failed download, incomplete artifact transfer, or stale manifest entry from a previous run."
https://ncses.nsf.gov/pubs/nsb20198/assets/u-s-s-e-workforce-definition-size-and-growth/figures/nsb20198-fig03-002.xlsx,nsb20198-fig03-002.xlsx,nsf.gov,,,—,error,2026-03-10T01:18:25.369872+00:00,,,,,,,,,,,,,,,,,,,,,,,,,,,,"File not found: crawled_files/nsf.gov/nsb20198-fig03-002.xlsx (crawled 1 day(s) ago at 2026-03-10T01:18:25.369872+00:00). Possible causes: failed download, incomplete artifact transfer, or stale manifest entry from a previous run."
https://ncses.nsf.gov/pubs/nsb20198/assets/u-s-s-e-workforce-definition-size-and-growth/figures/nsb20198-fig03-003.pdf,nsb20198-fig03-003.pdf,nsf.gov,,,—,error,2026-03-10T01:18:25.370262+00:00,,,,,,,,,,,,,,,,,,,,,,,,,,,,"File not found: crawled_files/nsf.gov/nsb20198-fig03-003.pdf (crawled 1 day(s) ago at 2026-03-10T01:18:25.370262+00:00). Possible causes: failed download, incomplete artifact transfer, or stale manifest entry from a previous run."
https://ncses.nsf.gov/pubs/nsb20198/assets/u-s-s-e-workforce-definition-size-and-growth/figures/nsb20198-fig03-003.xlsx,nsb20198-fig03-003.xlsx,nsf.gov,,,—,error,2026-03-10T01:18:25.370518+00:00,,,,,,,,,,,,,,,,,,,,,,,,,,,,"File not found: crawled_files/nsf.gov/nsb20198-fig03-003.xlsx (crawled 1 day(s) ago at 2026-03-10T01:18:25.370518+00:00). Possible causes: failed download, incomplete artifact transfer, or stale manifest entry from a previous run."
https://ncses.nsf.gov/pubs/nsb20198/assets/u-s-s-e-workforce-definition-size-and-growth/figures/nsb20198-fig03-004.pdf,nsb20198-fig03-004.pdf,nsf.gov,,,—,error,2026-03-10T01:18:25.370907+00:00,,,,,,,,,,,,,,,,,,,,,,,,,,,,"File not found: crawled_files/nsf.gov/nsb20198-fig03-004.pdf (crawled 1 day(s) ago at 2026-03-10T01:18:25.370907+00:00). Possible causes: failed download, incomplete artifact transfer, or stale manifest entry from a previous run."
https://ncses.nsf.gov/pubs/nsb20198/assets/u-s-s-e-workforce-definition-size-and-growth/figures/nsb20198-fig03-004.xlsx,nsb20198-fig03-004.xlsx,nsf.gov,,,—,error,2026-03-10T01:18:25.371219+00:00,,,,,,,,,,,,,,,,,,,,,,,,,,,,"File not found: crawled_files/nsf.gov/nsb20198-fig03-004.xlsx (crawled 1 day(s) ago at 2026-03-10T01:18:25.371219+00:00). Possible causes: failed download, incomplete artifact transfer, or stale manifest entry from a previous run."
https://ncses.nsf.gov/pubs/nsb20198/assets/demographic-trends-of-the-s-e-workforce/figures/nsb20198-fig03-021.pdf,nsb20198-fig03-021.pdf,nsf.gov,,,—,analysed,2026-03-10T01:18:25.371623+00:00,2019-09-26 12:23:02+00:00,,,,,,True,False,False,Pass,Pass,Pass,Pass,Pass,Pass,,,,,,,,,False,1,,,
https://ncses.nsf.gov/pubs/nsb20198/assets/demographic-trends-of-the-s-e-workforce/figures/nsb20198-fig03-021.xlsx,nsb20198-fig03-021.xlsx,nsf.gov,,,—,error,2026-03-10T01:18:25.371935+00:00,,,,,,,,,,,,,,,,,,,,,,,,,,,,"File not found: crawled_files/nsf.gov/nsb20198-fig03-021.xlsx (crawled 1 day(s) ago at 2026-03-10T01:18:25.371935+00:00). Possible causes: failed download, incomplete artifact transfer, or stale manifest entry from a previous run."
https://ncses.nsf.gov/pubs/nsb20198/assets/demographic-trends-of-the-s-e-workforce/figures/nsb20198-fig03-022.pdf,nsb20198-fig03-022.pdf,nsf.gov,,,—,analysed,2026-03-10T01:18:25.372353+00:00,2019-09-26 12:23:03+00:00,,,,,,True,False,False,Pass,Pass,Pass,Pass,Pass,Pass,,,,,,,,,False,1,,,
https://ncses.nsf.gov/pubs/nsb20198/assets/demographic-trends-of-the-s-e-workforce/figures/nsb20198-fig03-022.xlsx,nsb20198-fig03-022.xlsx,nsf.gov,,,—,error,2026-03-10T01:18:25.372612+00:00,,,,,,,,,,,,,,,,,,,,,,,,,,,,"File not found: crawled_files/nsf.gov/nsb20198-fig03-022.xlsx (crawled 1 day(s) ago at 2026-03-10T01:18:25.372612+00:00). Possible causes: failed download, incomplete artifact transfer, or stale manifest entry from a previous run."
https://ncses.nsf.gov/pubs/nsb20198/assets/demographic-trends-of-the-s-e-workforce/figures/nsb20198-fig03-023.pdf,nsb20198-fig03-023.pdf,nsf.gov,,,—,analysed,2026-03-10T01:18:25.373050+00:00,2019-09-26 12:23:05+00:00,,,,,,True,False,False,Pass,Pass,Pass,Pass,Pass,Pass,,,,,,,,,False,1,,,
https://ncses.nsf.gov/pubs/nsb20198/assets/demographic-trends-of-the-s-e-workforce/figures/nsb20198-fig03-023.xlsx,nsb20198-fig03-023.xlsx,nsf.gov,,,—,error,2026-03-10T01:18:25.373314+00:00,,,,,,,,,,,,,,,,,,,,,,,,,,,,"File not found: crawled_files/nsf.gov/nsb20198-fig03-023.xlsx (crawled 1 day(s) ago at 2026-03-10T01:18:25.373314+00:00). Possible causes: failed download, incomplete artifact transfer, or stale manifest entry from a previous run."
https://ncses.nsf.gov/pubs/nsb20198/assets/immigration-and-the-s-e-workforce/figures/nsb20198-fig03-024.pdf,nsb20198-fig03-024.pdf,nsf.gov,,,—,analysed,2026-03-10T01:18:25.373694+00:00,2019-09-26 12:23:13+00:00,,,,,,True,False,False,Pass,Pass,Pass,Pass,Pass,Pass,,,,,,,,,False,1,,,
https://ncses.nsf.gov/pubs/nsb20198/assets/immigration-and-the-s-e-workforce/figures/nsb20198-fig03-024.xlsx,nsb20198-fig03-024.xlsx,nsf.gov,,,—,error,2026-03-10T01:18:25.373965+00:00,,,,,,,,,,,,,,,,,,,,,,,,,,,,"File not found: crawled_files/nsf.gov/nsb20198-fig03-024.xlsx (crawled 1 day(s) ago at 2026-03-10T01:18:25.373965+00:00). Possible causes: failed download, incomplete artifact transfer, or stale manifest entry from a previous run."
https://ncses.nsf.gov/pubs/nsb20198/assets/immigration-and-the-s-e-workforce/figures/nsb20198-fig03-025.pdf,nsb20198-fig03-025.pdf,nsf.gov,,,—,analysed,2026-03-10T01:18:25.374422+00:00,2019-09-26 12:23:12+00:00,,,,,,True,False,False,Pass,Pass,Pass,Pass,Pass,Pass,,,,,,,,,False,1,,,
https://ncses.nsf.gov/pubs/nsb20198/assets/immigration-and-the-s-e-workforce/figures/nsb20198-fig03-025.xlsx,nsb20198-fig03-025.xlsx,nsf.gov,,,—,error,2026-03-10T01:18:25.374681+00:00,,,,,,,,,,,,,,,,,,,,,,,,,,,,"File not found: crawled_files/nsf.gov/nsb20198-fig03-025.xlsx (crawled 1 day(s) ago at 2026-03-10T01:18:25.374681+00:00). Possible causes: failed download, incomplete artifact transfer, or stale manifest entry from a previous run."
https://ncses.nsf.gov/pubs/nsb20198/assets/immigration-and-the-s-e-workforce/figures/nsb20198-fig03-026.pdf,nsb20198-fig03-026.pdf,nsf.gov,,,—,analysed,2026-03-10T01:18:25.375098+00:00,2019-09-26 12:23:15+00:00,,,,,,True,False,False,Pass,Pass,Pass,Pass,Pass,Pass,,,,,,,,,False,1,,,
https://ncses.nsf.gov/pubs/nsb20198/assets/immigration-and-the-s-e-workforce/figures/nsb20198-fig03-026.xlsx,nsb20198-fig03-026.xlsx,nsf.gov,,,—,error,2026-03-10T01:18:25.375366+00:00,,,,,,,,,,,,,,,,,,,,,,,,,,,,"File not found: crawled_files/nsf.gov/nsb20198-fig03-026.xlsx (crawled 1 day(s) ago at 2026-03-10T01:18:25.375366+00:00). Possible causes: failed download, incomplete artifact transfer, or stale manifest entry from a previous run."
https://ncses.nsf.gov/pubs/nsb20198/assets/immigration-and-the-s-e-workforce/figures/nsb20198-fig03-027.pdf,nsb20198-fig03-027.pdf,nsf.gov,,,—,analysed,2026-03-10T01:18:25.375744+00:00,2019-09-26 12:23:14+00:00,,,,,,True,False,False,Pass,Pass,Pass,Pass,Pass,Pass,,,,,,,,,False,1,,,
https://ncses.nsf.gov/pubs/nsb20198/assets/immigration-and-the-s-e-workforce/figures/nsb20198-fig03-027.xlsx,nsb20198-fig03-027.xlsx,nsf.gov,,,—,error,2026-03-10T01:18:25.376022+00:00,,,,,,,,,,,,,,,,,,,,,,,,,,,,"File not found: crawled_files/nsf.gov/nsb20198-fig03-027.xlsx (crawled 1 day(s) ago at 2026-03-10T01:18:25.376022+00:00). Possible causes: failed download, incomplete artifact transfer, or stale manifest entry from a previous run."
https://ncses.nsf.gov/pubs/nsb20198/assets/u-s-s-e-workforce-definition-size-and-growth/figures/nsb20198-fig03-a.pdf,nsb20198-fig03-a.pdf,nsf.gov,,,—,error,2026-03-10T01:18:25.376433+00:00,,,,,,,,,,,,,,,,,,,,,,,,,,,,"File not found: crawled_files/nsf.gov/nsb20198-fig03-a.pdf (crawled 1 day(s) ago at 2026-03-10T01:18:25.376433+00:00). Possible causes: failed download, incomplete artifact transfer, or stale manifest entry from a previous run."
https://ncses.nsf.gov/pubs/nsb20198/assets/u-s-s-e-workforce-definition-size-and-growth/figures/nsb20198-fig03-a.xlsx,nsb20198-fig03-a.xlsx,nsf.gov,,,—,error,2026-03-10T01:18:25.376688+00:00,,,,,,,,,,,,,,,,,,,,,,,,,,,,"File not found: crawled_files/nsf.gov/nsb20198-fig03-a.xlsx (crawled 1 day(s) ago at 2026-03-10T01:18:25.376688+00:00). Possible causes: failed download, incomplete artifact transfer, or stale manifest entry from a previous run."
https://ncses.nsf.gov/pubs/nsb20198/assets/immigration-and-the-s-e-workforce/figures/nsb20198-fig03-b.pdf,nsb20198-fig03-b.pdf,nsf.gov,,,—,analysed,2026-03-10T01:18:25.377078+00:00,2019-09-26 12:23:11+00:00,,,,,,True,False,False,Pass,Pass,Pass,Pass,Pass,Pass,,,,,,,,,False,1,,,
https://ncses.nsf.gov/pubs/nsb20198/assets/immigration-and-the-s-e-workforce/figures/nsb20198-fig03-b.xlsx,nsb20198-fig03-b.xlsx,nsf.gov,,,—,error,2026-03-10T01:18:25.377338+00:00,,,,,,,,,,,,,,,,,,,,,,,,,,,,"File not found: crawled_files/nsf.gov/nsb20198-fig03-b.xlsx (crawled 1 day(s) ago at 2026-03-10T01:18:25.377338+00:00). Possible causes: failed download, incomplete artifact transfer, or stale manifest entry from a previous run."
https://ncses.nsf.gov/pubs/nsb20198/assets/immigration-and-the-s-e-workforce/sidebars/nsb20198-global-s-e-labor-force.pdf,nsb20198-global-s-e-labor-force.pdf,nsf.gov,,,—,analysed,2026-03-10T01:18:25.377752+00:00,2019-09-26 12:23:11+00:00,,,,,,True,False,False,Pass,Pass,Pass,Pass,Pass,Pass,,,,,,,,,False,2,,,
https://ncses.nsf.gov/pubs/nsb20198/assets/u-s-s-e-workforce-definition-size-and-growth/sidebars/nsb20198-projected-growth-of-employment-in-s-e-occupations.pdf,nsb20198-projected-growth-of-employment-in-s-e-occupations.pdf,nsf.gov,,,—,error,2026-03-10T01:18:25.378242+00:00,,,,,,,,,,,,,,,,,,,,,,,,,,,,"File not found: crawled_files/nsf.gov/nsb20198-projected-growth-of-employment-in-s-e-occupations.pdf (crawled 1 day(s) ago at 2026-03-10T01:18:25.378242+00:00). Possible causes: failed download, incomplete artifact transfer, or stale manifest entry from a previous run."
https://ncses.nsf.gov/pubs/nsb20198/assets/u-s-s-e-workforce-definition-size-and-growth/tables/nsb20198-tab03-001.pdf,nsb20198-tab03-001.pdf,nsf.gov,,,—,error,2026-03-10T01:18:25.378623+00:00,,,,,,,,,,,,,,,,,,,,,,,,,,,,"File not found: crawled_files/nsf.gov/nsb20198-tab03-001.pdf (crawled 1 day(s) ago at 2026-03-10T01:18:25.378623+00:00). Possible causes: failed download, incomplete artifact transfer, or stale manifest entry from a previous run."
https://ncses.nsf.gov/pubs/nsb20198/assets/u-s-s-e-workforce-definition-size-and-growth/tables/nsb20198-tab03-001.xlsx,nsb20198-tab03-001.xlsx,nsf.gov,,,—,error,2026-03-10T01:18:25.378878+00:00,,,,,,,,,,,,,,,,,,,,,,,,,,,,"File not found: crawled_files/nsf.gov/nsb20198-tab03-001.xlsx (crawled 1 day(s) ago at 2026-03-10T01:18:25.378878+00:00). Possible causes: failed download, incomplete artifact transfer, or stale manifest entry from a previous run."
https://ncses.nsf.gov/pubs/nsb20198/assets/s-e-labor-market-conditions/tables/nsb20198-tab03-012.pdf,nsb20198-tab03-012.pdf,nsf.gov,,,—,error,2026-03-10T01:18:25.379283+00:00,,,,,,,,,,,,,,,,,,,,,,,,,,,,"File not found: crawled_files/nsf.gov/nsb20198-tab03-012.pdf (crawled 1 day(s) ago at 2026-03-10T01:18:25.379283+00:00). Possible causes: failed download, incomplete artifact transfer, or stale manifest entry from a previous run."
https://ncses.nsf.gov/pubs/nsb20198/assets/s-e-labor-market-conditions/tables/nsb20198-tab03-013.pdf,nsb20198-tab03-013.pdf,nsf.gov,,,—,error,2026-03-10T01:18:25.379654+00:00,,,,,,,,,,,,,,,,,,,,,,,,,,,,"File not found: crawled_files/nsf.gov/nsb20198-tab03-013.pdf (crawled 1 day(s) ago at 2026-03-10T01:18:25.379654+00:00). Possible causes: failed download, incomplete artifact transfer, or stale manifest entry from a previous run."
https://ncses.nsf.gov/pubs/nsb20198/assets/s-e-labor-market-conditions/tables/nsb20198-tab03-013.xlsx,nsb20198-tab03-013.xlsx,nsf.gov,,,—,error,2026-03-10T01:18:25.379910+00:00,,,,,,,,,,,,,,,,,,,,,,,,,,,,"File not found: crawled_files/nsf.gov/nsb20198-tab03-013.xlsx (crawled 1 day(s) ago at 2026-03-10T01:18:25.379910+00:00). Possible causes: failed download, incomplete artifact transfer, or stale manifest entry from a previous run."
https://ncses.nsf.gov/pubs/nsb20198/assets/the-skilled-technical-workforce/tables/nsb20198-tab03-015.pdf,nsb20198-tab03-015.pdf,nsf.gov,,,—,analysed,2026-03-10T01:18:25.380310+00:00,2019-09-26 12:23:00+00:00,,,,,,True,False,False,Pass,Pass,Pass,Pass,Pass,Pass,,,,,,,,,False,1,,,
https://ncses.nsf.gov/pubs/nsb20198/assets/the-skilled-technical-workforce/tables/nsb20198-tab03-015.xlsx,nsb20198-tab03-015.xlsx,nsf.gov,,,—,error,2026-03-10T01:18:25.380568+00:00,,,,,,,,,,,,,,,,,,,,,,,,,,,,"File not found: crawled_files/nsf.gov/nsb20198-tab03-015.xlsx (crawled 1 day(s) ago at 2026-03-10T01:18:25.380568+00:00). Possible causes: failed download, incomplete artifact transfer, or stale manifest entry from a previous run."
https://ncses.nsf.gov/pubs/nsb20198/assets/demographic-trends-of-the-s-e-workforce/tables/nsb20198-tab03-017.pdf,nsb20198-tab03-017.pdf,nsf.gov,,,—,error,2026-03-10T01:18:25.380937+00:00,,,,,,,,,,,,,,,,,,,,,,,,,,,,"File not found: crawled_files/nsf.gov/nsb20198-tab03-017.pdf (crawled 1 day(s) ago at 2026-03-10T01:18:25.380937+00:00). Possible causes: failed download, incomplete artifact transfer, or stale manifest entry from a previous run."
https://ncses.nsf.gov/pubs/nsb20198/assets/demographic-trends-of-the-s-e-workforce/tables/nsb20198-tab03-018.pdf,nsb20198-tab03-018.pdf,nsf.gov,,,—,error,2026-03-10T01:18:25.381325+00:00,,,,,,,,,,,,,,,,,,,,,,,,,,,,"File not found: crawled_files/nsf.gov/nsb20198-tab03-018.pdf (crawled 1 day(s) ago at 2026-03-10T01:18:25.381325+00:00). Possible causes: failed download, incomplete artifact transfer, or stale manifest entry from a previous run."
https://ncses.nsf.gov/pubs/nsb20198/assets/demographic-trends-of-the-s-e-workforce/tables/nsb20198-tab03-018.xlsx,nsb20198-tab03-018.xlsx,nsf.gov,,,—,error,2026-03-10T01:18:25.381581+00:00,,,,,,,,,,,,,,,,,,,,,,,,,,,,"File not found: crawled_files/nsf.gov/nsb20198-tab03-018.xlsx (crawled 1 day(s) ago at 2026-03-10T01:18:25.381581+00:00). Possible causes: failed download, incomplete artifact transfer, or stale manifest entry from a previous run."
https://ncses.nsf.gov/pubs/nsb20198/assets/demographic-trends-of-the-s-e-workforce/tables/nsb20198-tab03-019.pdf,nsb20198-tab03-019.pdf,nsf.gov,,,—,analysed,2026-03-10T01:18:25.381966+00:00,2019-09-26 12:23:09+00:00,,,,,,True,False,False,Pass,Pass,Pass,Pass,Pass,Pass,,,,,,,,,False,1,,,
https://ncses.nsf.gov/pubs/nsb20198/assets/demographic-trends-of-the-s-e-workforce/tables/nsb20198-tab03-019.xlsx,nsb20198-tab03-019.xlsx,nsf.gov,,,—,error,2026-03-10T01:18:25.382226+00:00,,,,,,,,,,,,,,,,,,,,,,,,,,,,"File not found: crawled_files/nsf.gov/nsb20198-tab03-019.xlsx (crawled 1 day(s) ago at 2026-03-10T01:18:25.382226+00:00). Possible causes: failed download, incomplete artifact transfer, or stale manifest entry from a previous run."
https://ncses.nsf.gov/pubs/nsb20198/assets/demographic-trends-of-the-s-e-workforce/tables/nsb20198-tab03-020.pdf,nsb20198-tab03-020.pdf,nsf.gov,,,—,analysed,2026-03-10T01:18:25.382602+00:00,2019-09-26 12:23:10+00:00,,,,,,True,False,False,Pass,Pass,Pass,Pass,Pass,Pass,,,,,,,,,False,1,,,
https://ncses.nsf.gov/pubs/nsb20198/assets/demographic-trends-of-the-s-e-workforce/tables/nsb20198-tab03-020.xlsx,nsb20198-tab03-020.xlsx,nsf.gov,,,—,error,2026-03-10T01:18:25.382857+00:00,,,,,,,,,,,,,,,,,,,,,,,,,,,,"File not found: crawled_files/nsf.gov/nsb20198-tab03-020.xlsx (crawled 1 day(s) ago at 2026-03-10T01:18:25.382857+00:00). Possible causes: failed download, incomplete artifact transfer, or stale manifest entry from a previous run."
https://ncses.nsf.gov/pubs/nsb20198/assets/immigration-and-the-s-e-workforce/tables/nsb20198-tab03-021.pdf,nsb20198-tab03-021.pdf,nsf.gov,,,—,analysed,2026-03-10T01:18:25.383238+00:00,2019-09-26 12:23:17+00:00,,,,,,True,False,False,Pass,Pass,Pass,Pass,Pass,Pass,,,,,,,,,False,1,,,
https://ncses.nsf.gov/pubs/nsb20198/assets/immigration-and-the-s-e-workforce/tables/nsb20198-tab03-021.xlsx,nsb20198-tab03-021.xlsx,nsf.gov,,,—,error,2026-03-10T01:18:25.383495+00:00,,,,,,,,,,,,,,,,,,,,,,,,,,,,"File not found: crawled_files/nsf.gov/nsb20198-tab03-021.xlsx (crawled 1 day(s) ago at 2026-03-10T01:18:25.383495+00:00). Possible causes: failed download, incomplete artifact transfer, or stale manifest entry from a previous run."
https://ncses.nsf.gov/pubs/nsb20198/assets/immigration-and-the-s-e-workforce/tables/nsb20198-tab03-022.pdf,nsb20198-tab03-022.pdf,nsf.gov,,,—,analysed,2026-03-10T01:18:25.383867+00:00,2019-09-26 12:23:17+00:00,,,,,,True,False,False,Pass,Pass,Pass,Pass,Pass,Pass,,,,,,,,,False,1,,,
https://ncses.nsf.gov/pubs/nsb20198/assets/immigration-and-the-s-e-workforce/tables/nsb20198-tab03-022.xlsx,nsb20198-tab03-022.xlsx,nsf.gov,,,—,error,2026-03-10T01:18:25.384141+00:00,,,,,,,,,,,,,,,,,,,,,,,,,,,,"File not found: crawled_files/nsf.gov/nsb20198-tab03-022.xlsx (crawled 1 day(s) ago at 2026-03-10T01:18:25.384141+00:00). Possible causes: failed download, incomplete artifact transfer, or stale manifest entry from a previous run."
https://ncses.nsf.gov/pubs/nsb20198/assets/immigration-and-the-s-e-workforce/tables/nsb20198-tab03-023.pdf,nsb20198-tab03-023.pdf,nsf.gov,,,—,analysed,2026-03-10T01:18:25.384518+00:00,2019-09-26 12:23:18+00:00,,,,,,True,False,False,Pass,Pass,Pass,Pass,Pass,Pass,,,,,,,,,False,1,,,
https://ncses.nsf.gov/pubs/nsb20198/assets/immigration-and-the-s-e-workforce/tables/nsb20198-tab03-023.xlsx,nsb20198-tab03-023.xlsx,nsf.gov,,,—,error,2026-03-10T01:18:25.384775+00:00,,,,,,,,,,,,,,,,,,,,,,,,,,,,"File not found: crawled_files/nsf.gov/nsb20198-tab03-023.xlsx (crawled 1 day(s) ago at 2026-03-10T01:18:25.384775+00:00). Possible causes: failed download, incomplete artifact transfer, or stale manifest entry from a previous run."
https://ncses.nsf.gov/pubs/nsb20198/assets/u-s-s-e-workforce-definition-size-and-growth/tables/nsb20198-tab03-a.pdf,nsb20198-tab03-a.pdf,nsf.gov,,,—,error,2026-03-10T01:18:25.385174+00:00,,,,,,,,,,,,,,,,,,,,,,,,,,,,"File not found: crawled_files/nsf.gov/nsb20198-tab03-a.pdf (crawled 1 day(s) ago at 2026-03-10T01:18:25.385174+00:00). Possible causes: failed download, incomplete artifact transfer, or stale manifest entry from a previous run."
https://ncses.nsf.gov/pubs/nsb20198/assets/u-s-s-e-workforce-definition-size-and-growth/tables/nsb20198-tab03-a.xlsx,nsb20198-tab03-a.xlsx,nsf.gov,,,—,error,2026-03-10T01:18:25.385433+00:00,,,,,,,,,,,,,,,,,,,,,,,,,,,,"File not found: crawled_files/nsf.gov/nsb20198-tab03-a.xlsx (crawled 1 day(s) ago at 2026-03-10T01:18:25.385433+00:00). Possible causes: failed download, incomplete artifact transfer, or stale manifest entry from a previous run."
https://nsf-gov-resources.nsf.gov/nsb/publications/2020/nsb202013.pdf,nsb202013.pdf,nsf.gov,,,—,error,2026-03-10T01:18:25.389767+00:00,,,,,,,,,,,,,,,,,,,,,,,,,,,,"File not found: crawled_files/nsf.gov/nsb202013.pdf (crawled 1 day(s) ago at 2026-03-10T01:18:25.389767+00:00). Possible causes: failed download, incomplete artifact transfer, or stale manifest entry from a previous run."
https://nsf-gov-resources.nsf.gov/nsb/publications/2020/nsb202015.pdf?VersionId=TySo_d0KJ7zHCGTsauweSjp9b_Ngel6.,nsb202015.pdf?VersionId=TySo_d0KJ7zHCGTsauweSjp9b_Ngel6.,nsf.gov,,16457228,15.7 MB,error,2026-03-10T01:18:25.416067+00:00,,,,,,,,,,,,,,,,,,,,,,,,,,,,Stale manifest entry: file not found after 2+ days (crawled_at: 2026-03-10T01:18:25.416067+00:00). The file was probably downloaded in a previous run whose crawled_files directory is no longer available.
https://nsf-gov-resources.nsf.gov/files/nsb202038.pdf,nsb202038.pdf,nsf.gov,,,—,error,2026-03-10T01:18:25.426265+00:00,,,,,,,,,,,,,,,,,,,,,,,,,,,,"File not found: crawled_files/nsf.gov/nsb202038.pdf (crawled 1 day(s) ago at 2026-03-10T01:18:25.426265+00:00). Possible causes: failed download, incomplete artifact transfer, or stale manifest entry from a previous run."
https://ncses.nsf.gov/pubs/nsb20204/assets/beyond-patents-trademarks-and-plant-varieties/figures/nsb20204-fig08-017.pdf,nsb20204-fig08-017.pdf,nsf.gov,,,—,error,2026-03-10T01:18:25.426866+00:00,,,,,,,,,,,,,,,,,,,,,,,,,,,,"File not found: crawled_files/nsf.gov/nsb20204-fig08-017.pdf (crawled 1 day(s) ago at 2026-03-10T01:18:25.426866+00:00). Possible causes: failed download, incomplete artifact transfer, or stale manifest entry from a previous run."
https://ncses.nsf.gov/pubs/nsb20204/assets/beyond-patents-trademarks-and-plant-varieties/figures/nsb20204-fig08-017.xlsx,nsb20204-fig08-017.xlsx,nsf.gov,,,—,error,2026-03-10T01:18:25.427166+00:00,,,,,,,,,,,,,,,,,,,,,,,,,,,,"File not found: crawled_files/nsf.gov/nsb20204-fig08-017.xlsx (crawled 1 day(s) ago at 2026-03-10T01:18:25.427166+00:00). Possible causes: failed download, incomplete artifact transfer, or stale manifest entry from a previous run."
https://ncses.nsf.gov/pubs/nsb20204/assets/knowledge-transfer/figures/nsb20204-fig08-019.pdf,nsb20204-fig08-019.pdf,nsf.gov,,,—,error,2026-03-10T01:18:25.427570+00:00,,,,,,,,,,,,,,,,,,,,,,,,,,,,"File not found: crawled_files/nsf.gov/nsb20204-fig08-019.pdf (crawled 1 day(s) ago at 2026-03-10T01:18:25.427570+00:00). Possible causes: failed download, incomplete artifact transfer, or stale manifest entry from a previous run."
https://ncses.nsf.gov/pubs/nsb20204/assets/knowledge-transfer/figures/nsb20204-fig08-019.xlsx,nsb20204-fig08-019.xlsx,nsf.gov,,,—,error,2026-03-10T01:18:25.427857+00:00,,,,,,,,,,,,,,,,,,,,,,,,,,,,"File not found: crawled_files/nsf.gov/nsb20204-fig08-019.xlsx (crawled 1 day(s) ago at 2026-03-10T01:18:25.427857+00:00). Possible causes: failed download, incomplete artifact transfer, or stale manifest entry from a previous run."
https://ncses.nsf.gov/pubs/nsb20204/assets/innovation-indicators-united-states-and-other-major-economies/figures/nsb20204-fig08-029.pdf,nsb20204-fig08-029.pdf,nsf.gov,,,—,error,2026-03-10T01:18:25.428314+00:00,,,,,,,,,,,,,,,,,,,,,,,,,,,,"File not found: crawled_files/nsf.gov/nsb20204-fig08-029.pdf (crawled 1 day(s) ago at 2026-03-10T01:18:25.428314+00:00). Possible causes: failed download, incomplete artifact transfer, or stale manifest entry from a previous run."
https://ncses.nsf.gov/pubs/nsb20204/assets/innovation-indicators-united-states-and-other-major-economies/figures/nsb20204-fig08-029.xlsx,nsb20204-fig08-029.xlsx,nsf.gov,,,—,error,2026-03-10T01:18:25.428575+00:00,,,,,,,,,,,,,,,,,,,,,,,,,,,,"File not found: crawled_files/nsf.gov/nsb20204-fig08-029.xlsx (crawled 1 day(s) ago at 2026-03-10T01:18:25.428575+00:00). Possible causes: failed download, incomplete artifact transfer, or stale manifest entry from a previous run."
https://ncses.nsf.gov/pubs/nsb20204/assets/innovation-indicators-united-states-and-other-major-economies/figures/nsb20204-fig08-030.pdf,nsb20204-fig08-030.pdf,nsf.gov,,,—,error,2026-03-10T01:18:25.428978+00:00,,,,,,,,,,,,,,,,,,,,,,,,,,,,"File not found: crawled_files/nsf.gov/nsb20204-fig08-030.pdf (crawled 1 day(s) ago at 2026-03-10T01:18:25.428978+00:00). Possible causes: failed download, incomplete artifact transfer, or stale manifest entry from a previous run."
https://ncses.nsf.gov/pubs/nsb20204/assets/innovation-indicators-united-states-and-other-major-economies/figures/nsb20204-fig08-030.xlsx,nsb20204-fig08-030.xlsx,nsf.gov,,,—,error,2026-03-10T01:18:25.429241+00:00,,,,,,,,,,,,,,,,,,,,,,,,,,,,"File not found: crawled_files/nsf.gov/nsb20204-fig08-030.xlsx (crawled 1 day(s) ago at 2026-03-10T01:18:25.429241+00:00). Possible causes: failed download, incomplete artifact transfer, or stale manifest entry from a previous run."
https://ncses.nsf.gov/pubs/nsb20204/assets/innovation-indicators-united-states-and-other-major-economies/figures/nsb20204-fig08-031.pdf,nsb20204-fig08-031.pdf,nsf.gov,,,—,error,2026-03-10T01:18:25.429625+00:00,,,,,,,,,,,,,,,,,,,,,,,,,,,,"File not found: crawled_files/nsf.gov/nsb20204-fig08-031.pdf (crawled 1 day(s) ago at 2026-03-10T01:18:25.429625+00:00). Possible causes: failed download, incomplete artifact transfer, or stale manifest entry from a previous run."
https://ncses.nsf.gov/pubs/nsb20204/assets/innovation-indicators-united-states-and-other-major-economies/figures/nsb20204-fig08-031.xlsx,nsb20204-fig08-031.xlsx,nsf.gov,,,—,error,2026-03-10T01:18:25.429882+00:00,,,,,,,,,,,,,,,,,,,,,,,,,,,,"File not found: crawled_files/nsf.gov/nsb20204-fig08-031.xlsx (crawled 1 day(s) ago at 2026-03-10T01:18:25.429882+00:00). Possible causes: failed download, incomplete artifact transfer, or stale manifest entry from a previous run."
https://ncses.nsf.gov/pubs/nsb20204/assets/innovation-indicators-united-states-and-other-major-economies/figures/nsb20204-fig08-032.pdf,nsb20204-fig08-032.pdf,nsf.gov,,,—,error,2026-03-10T01:18:25.430296+00:00,,,,,,,,,,,,,,,,,,,,,,,,,,,,"File not found: crawled_files/nsf.gov/nsb20204-fig08-032.pdf (crawled 1 day(s) ago at 2026-03-10T01:18:25.430296+00:00). Possible causes: failed download, incomplete artifact transfer, or stale manifest entry from a previous run."
https://ncses.nsf.gov/pubs/nsb20204/assets/innovation-indicators-united-states-and-other-major-economies/figures/nsb20204-fig08-032.xlsx,nsb20204-fig08-032.xlsx,nsf.gov,,,—,error,2026-03-10T01:18:25.430554+00:00,,,,,,,,,,,,,,,,,,,,,,,,,,,,"File not found: crawled_files/nsf.gov/nsb20204-fig08-032.xlsx (crawled 1 day(s) ago at 2026-03-10T01:18:25.430554+00:00). Possible causes: failed download, incomplete artifact transfer, or stale manifest entry from a previous run."
https://ncses.nsf.gov/pubs/nsb20204/assets/knowledge-transfer/tables/nsb20204-tab08-005.pdf,nsb20204-tab08-005.pdf,nsf.gov,,,—,error,2026-03-10T01:18:25.430958+00:00,,,,,,,,,,,,,,,,,,,,,,,,,,,,"File not found: crawled_files/nsf.gov/nsb20204-tab08-005.pdf (crawled 1 day(s) ago at 2026-03-10T01:18:25.430958+00:00). Possible causes: failed download, incomplete artifact transfer, or stale manifest entry from a previous run."
https://ncses.nsf.gov/pubs/nsb20204/assets/innovation-indicators-united-states-and-other-major-economies/tables/nsb20204-tab08-009.pdf,nsb20204-tab08-009.pdf,nsf.gov,,,—,error,2026-03-10T01:18:25.431450+00:00,,,,,,,,,,,,,,,,,,,,,,,,,,,,"File not found: crawled_files/nsf.gov/nsb20204-tab08-009.pdf (crawled 1 day(s) ago at 2026-03-10T01:18:25.431450+00:00). Possible causes: failed download, incomplete artifact transfer, or stale manifest entry from a previous run."
https://ncses.nsf.gov/pubs/nsb20204/assets/innovation-indicators-united-states-and-other-major-economies/tables/nsb20204-tab08-009.xlsx,nsb20204-tab08-009.xlsx,nsf.gov,,,—,error,2026-03-10T01:18:25.431747+00:00,,,,,,,,,,,,,,,,,,,,,,,,,,,,"File not found: crawled_files/nsf.gov/nsb20204-tab08-009.xlsx (crawled 1 day(s) ago at 2026-03-10T01:18:25.431747+00:00). Possible causes: failed download, incomplete artifact transfer, or stale manifest entry from a previous run."
https://nsf-gov-resources.nsf.gov/files/nsb202145.pdf,nsb202145.pdf,nsf.gov,,,—,error,2026-03-10T01:18:25.439134+00:00,,,,,,,,,,,,,,,,,,,,,,,,,,,,"File not found: crawled_files/nsf.gov/nsb202145.pdf (crawled 1 day(s) ago at 2026-03-10T01:18:25.439134+00:00). Possible causes: failed download, incomplete artifact transfer, or stale manifest entry from a previous run."
https://nsf-gov-resources.nsf.gov/pubs/2020/nsb20222/nsb20222.pdf?VersionId=r4iaTnb5JandvCjB6sLO4OwsvoNQ_cAA,nsb20222.pdf?VersionId=r4iaTnb5JandvCjB6sLO4OwsvoNQ_cAA,nsf.gov,,,—,error,2026-03-10T01:18:25.441959+00:00,,,,,,,,,,,,,,,,,,,,,,,,,,,,"File not found: crawled_files/nsf.gov/nsb20222.pdf?VersionId=r4iaTnb5JandvCjB6sLO4OwsvoNQ_cAA (crawled 1 day(s) ago at 2026-03-10T01:18:25.441959+00:00). Possible causes: failed download, incomplete artifact transfer, or stale manifest entry from a previous run."
https://ncses.nsf.gov/pubs/nsb20224/assets/knowledge-transfer-indicators-making-information-available/sidebars/nsb20224-sidebar-citizen-science-in-federal-agencies-and-departments.pdf,nsb20224-sidebar-citizen-science-in-federal-agencies-and-departments.pdf,nsf.gov,,,—,error,2026-03-10T01:18:25.442360+00:00,,,,,,,,,,,,,,,,,,,,,,,,,,,,"File not found: crawled_files/nsf.gov/nsb20224-sidebar-citizen-science-in-federal-agencies-and-departments.pdf (crawled 1 day(s) ago at 2026-03-10T01:18:25.442360+00:00). Possible causes: failed download, incomplete artifact transfer, or stale manifest entry from a previous run."
https://ncses.nsf.gov/pubs/nsb20224/assets/knowledge-transfer-indicators-making-information-available/sidebars/nsb20224-sidebar-u-s-international-collaborations-in-open-source-software.pdf,nsb20224-sidebar-u-s-international-collaborations-in-open-source-software.pdf,nsf.gov,,,—,error,2026-03-10T01:18:25.442812+00:00,,,,,,,,,,,,,,,,,,,,,,,,,,,,"File not found: crawled_files/nsf.gov/nsb20224-sidebar-u-s-international-collaborations-in-open-source-software.pdf (crawled 1 day(s) ago at 2026-03-10T01:18:25.442812+00:00). Possible causes: failed download, incomplete artifact transfer, or stale manifest entry from a previous run."
https://ncses.nsf.gov/pubs/nsb20224/assets/technical-appendix/nsb20224-technical-appendix.pdf,nsb20224-technical-appendix.pdf,nsf.gov,,,—,error,2026-03-10T01:18:25.443533+00:00,,,,,,,,,,,,,,,,,,,,,,,,,,,,"File not found: crawled_files/nsf.gov/nsb20224-technical-appendix.pdf (crawled 1 day(s) ago at 2026-03-10T01:18:25.443533+00:00). Possible causes: failed download, incomplete artifact transfer, or stale manifest entry from a previous run."
https://nsf-gov-resources.nsf.gov/nsb/publications/2022/merit_review/nsb202314.pdf,nsb202314.pdf,nsf.gov,,,—,error,2026-03-10T01:18:25.454298+00:00,,,,,,,,,,,,,,,,,,,,,,,,,,,,"File not found: crawled_files/nsf.gov/nsb202314.pdf (crawled 1 day(s) ago at 2026-03-10T01:18:25.454298+00:00). Possible causes: failed download, incomplete artifact transfer, or stale manifest entry from a previous run."
https://nsf-gov-resources.nsf.gov/2023-12/nsf-final-de-minimis-small-grant-minor-comp.pdf?VersionId=EZlZNICbnobKPrdzjpJjGexl09vUFYmz,nsf-final-de-minimis-small-grant-minor-comp.pdf?VersionId=EZlZNICbnobKPrdzjpJjGexl09vUFYmz,nsf.gov,,,—,error,2026-03-10T01:18:25.454957+00:00,,,,,,,,,,,,,,,,,,,,,,,,,,,,"File not found: crawled_files/nsf.gov/nsf-final-de-minimis-small-grant-minor-comp.pdf?VersionId=EZlZNICbnobKPrdzjpJjGexl09vUFYmz (crawled 1 day(s) ago at 2026-03-10T01:18:25.454957+00:00). Possible causes: failed download, incomplete artifact transfer, or stale manifest entry from a previous run."
https://nsf-gov-resources.nsf.gov/pubs/2002/nsf02057/nsf02057.pdf?VersionId=KKxPW.jSZGI02I2gDJyFWomUT6Vg_3H.,nsf02057.pdf?VersionId=KKxPW.jSZGI02I2gDJyFWomUT6Vg_3H.,nsf.gov,,,—,error,2026-03-10T01:18:25.455818+00:00,,,,,,,,,,,,,,,,,,,,,,,,,,,,"File not found: crawled_files/nsf.gov/nsf02057.pdf?VersionId=KKxPW.jSZGI02I2gDJyFWomUT6Vg_3H. (crawled 1 day(s) ago at 2026-03-10T01:18:25.455818+00:00). Possible causes: failed download, incomplete artifact transfer, or stale manifest entry from a previous run."
https://nsf-gov-resources.nsf.gov/pubs/2007/nsf0738/nsf0738.pdf?VersionId=mYwkVOpaxsj0NM_0o9mRDlUnuDfG8zv3,nsf0738.pdf?VersionId=mYwkVOpaxsj0NM_0o9mRDlUnuDfG8zv3,nsf.gov,,,—,error,2026-03-10T01:18:25.457716+00:00,,,,,,,,,,,,,,,,,,,,,,,,,,,,"File not found: crawled_files/nsf.gov/nsf0738.pdf?VersionId=mYwkVOpaxsj0NM_0o9mRDlUnuDfG8zv3 (crawled 1 day(s) ago at 2026-03-10T01:18:25.457716+00:00). Possible causes: failed download, incomplete artifact transfer, or stale manifest entry from a previous run."
https://nsf-gov-resources.nsf.gov/pubs/2010/nsf10012/nsf10012.pdf?VersionId=e7NCtUZWkK5R_gjYtVo1Gbqi_MjAagWo,nsf10012.pdf?VersionId=e7NCtUZWkK5R_gjYtVo1Gbqi_MjAagWo,nsf.gov,,,—,error,2026-03-10T01:18:25.459596+00:00,,,,,,,,,,,,,,,,,,,,,,,,,,,,"File not found: crawled_files/nsf.gov/nsf10012.pdf?VersionId=e7NCtUZWkK5R_gjYtVo1Gbqi_MjAagWo (crawled 1 day(s) ago at 2026-03-10T01:18:25.459596+00:00). Possible causes: failed download, incomplete artifact transfer, or stale manifest entry from a previous run."
https://nsf-gov-resources.nsf.gov/pubs/2010/nsf104/nsf104.pdf?VersionId=1zNUCvupLvFVVbQ6j34qI3894CIcQZ_P,nsf104.pdf?VersionId=1zNUCvupLvFVVbQ6j34qI3894CIcQZ_P,nsf.gov,,,—,error,2026-03-10T01:18:25.461655+00:00,,,,,,,,,,,,,,,,,,,,,,,,,,,,"File not found: crawled_files/nsf.gov/nsf104.pdf?VersionId=1zNUCvupLvFVVbQ6j34qI3894CIcQZ_P (crawled 1 day(s) ago at 2026-03-10T01:18:25.461655+00:00). Possible causes: failed download, incomplete artifact transfer, or stale manifest entry from a previous run."
https://nsf-gov-resources.nsf.gov/pubs/2013/nsf13038/nsf13038new.pdf?VersionId=K.W4POc9FOBA8GBYpkOFcMdiUORajipk,nsf13038new.pdf?VersionId=K.W4POc9FOBA8GBYpkOFcMdiUORajipk,nsf.gov,,,—,error,2026-03-10T01:18:25.462667+00:00,,,,,,,,,,,,,,,,,,,,,,,,,,,,"File not found: crawled_files/nsf.gov/nsf13038new.pdf?VersionId=K.W4POc9FOBA8GBYpkOFcMdiUORajipk (crawled 1 day(s) ago at 2026-03-10T01:18:25.462667+00:00). Possible causes: failed download, incomplete artifact transfer, or stale manifest entry from a previous run."
https://nsf-gov-resources.nsf.gov/pubs/2015/nsf15089/nsf15089.pdf?VersionId=G4eS8JPUx1gf.Q8jytI16KO5juyTIv7i,nsf15089.pdf?VersionId=G4eS8JPUx1gf.Q8jytI16KO5juyTIv7i,nsf.gov,,,—,error,2026-03-10T01:18:25.471785+00:00,,,,,,,,,,,,,,,,,,,,,,,,,,,,"File not found: crawled_files/nsf.gov/nsf15089.pdf?VersionId=G4eS8JPUx1gf.Q8jytI16KO5juyTIv7i (crawled 1 day(s) ago at 2026-03-10T01:18:25.471785+00:00). Possible causes: failed download, incomplete artifact transfer, or stale manifest entry from a previous run."
https://nsf-gov-resources.nsf.gov/pubs/policydocs/pappguide/nsf16001/nsf16_1.pdf?VersionId=RglAArfAx.LGcOalSpQqs_L5frdg0qre,nsf16_1.pdf?VersionId=RglAArfAx.LGcOalSpQqs_L5frdg0qre,nsf.gov,,,—,error,2026-03-10T01:18:25.483548+00:00,,,,,,,,,,,,,,,,,,,,,,,,,,,,Stale manifest entry: file not found after 2+ days (crawled_at: 2026-03-10T01:18:25.483548+00:00). The file was probably downloaded in a previous run whose crawled_files directory is no longer available.
https://nsf-gov-resources.nsf.gov/pubs/2017/nsf17066/nsf17066.pdf?VersionId=o9536BDMp0zSGUv7RJjt1461GCNXMfGo,nsf17066.pdf?VersionId=o9536BDMp0zSGUv7RJjt1461GCNXMfGo,nsf.gov,,,—,error,2026-03-10T01:18:25.491637+00:00,,,,,,,,,,,,,,,,,,,,,,,,,,,,"File not found: crawled_files/nsf.gov/nsf17066.pdf?VersionId=o9536BDMp0zSGUv7RJjt1461GCNXMfGo (crawled 1 day(s) ago at 2026-03-10T01:18:25.491637+00:00). Possible causes: failed download, incomplete artifact transfer, or stale manifest entry from a previous run."
https://nsf-gov-resources.nsf.gov/solicitations/pubs/2017/nsf17602/nsf17602.pdf?VersionId=XPCFYHazCAgiLPbvPfcaKO6Rz__cB.KN,nsf17602.pdf?VersionId=XPCFYHazCAgiLPbvPfcaKO6Rz__cB.KN,nsf.gov,,,—,error,2026-03-10T01:18:25.494127+00:00,,,,,,,,,,,,,,,,,,,,,,,,,,,,"File not found: crawled_files/nsf.gov/nsf17602.pdf?VersionId=XPCFYHazCAgiLPbvPfcaKO6Rz__cB.KN (crawled 1 day(s) ago at 2026-03-10T01:18:25.494127+00:00). Possible causes: failed download, incomplete artifact transfer, or stale manifest entry from a previous run."
https://nsf-gov-resources.nsf.gov/pubs/policydocs/pappg17_1/nsf17_1.pdf?VersionId=vOy1_.EB7Qg2MdAl8S2UskV8hJEs0ELL,nsf17_1.pdf?VersionId=vOy1_.EB7Qg2MdAl8S2UskV8hJEs0ELL,nsf.gov,,,—,error,2026-03-10T01:18:25.500619+00:00,,,,,,,,,,,,,,,,,,,,,,,,,,,,"File not found: crawled_files/nsf.gov/nsf17_1.pdf?VersionId=vOy1_.EB7Qg2MdAl8S2UskV8hJEs0ELL (crawled 1 day(s) ago at 2026-03-10T01:18:25.500619+00:00). Possible causes: failed download, incomplete artifact transfer, or stale manifest entry from a previous run."
https://nsf-gov-resources.nsf.gov/pubs/2018/nsf18033/nsf18033.pdf?VersionId=At0Bh_C9BtNaL3_GptkG0mSPw.hbLSgF,nsf18033.pdf?VersionId=At0Bh_C9BtNaL3_GptkG0mSPw.hbLSgF,nsf.gov,,,—,error,2026-03-10T01:18:25.502529+00:00,,,,,,,,,,,,,,,,,,,,,,,,,,,,"File not found: crawled_files/nsf.gov/nsf18033.pdf?VersionId=At0Bh_C9BtNaL3_GptkG0mSPw.hbLSgF (crawled 1 day(s) ago at 2026-03-10T01:18:25.502529+00:00). Possible causes: failed download, incomplete artifact transfer, or stale manifest entry from a previous run."
https://nsf-gov-resources.nsf.gov/pubs/policydocs/pappg18_1/nsf18_1.pdf?VersionId=JO2B4cgq4egrzM0VklgMEuVx1w8InRkA,nsf18_1.pdf?VersionId=JO2B4cgq4egrzM0VklgMEuVx1w8InRkA,nsf.gov,,,—,error,2026-03-10T01:18:25.507096+00:00,,,,,,,,,,,,,,,,,,,,,,,,,,,,"File not found: crawled_files/nsf.gov/nsf18_1.pdf?VersionId=JO2B4cgq4egrzM0VklgMEuVx1w8InRkA (crawled 1 day(s) ago at 2026-03-10T01:18:25.507096+00:00). Possible causes: failed download, incomplete artifact transfer, or stale manifest entry from a previous run."
https://nsf-gov-resources.nsf.gov/pubs/2019/nsf19068/nsf19068.pdf?VersionId=ihjhgPVBqVph4LizQCYCzZrpvsgsxacQ,nsf19068.pdf?VersionId=ihjhgPVBqVph4LizQCYCzZrpvsgsxacQ,nsf.gov,,,—,error,2026-03-10T01:18:25.516026+00:00,,,,,,,,,,,,,,,,,,,,,,,,,,,,"File not found: crawled_files/nsf.gov/nsf19068.pdf?VersionId=ihjhgPVBqVph4LizQCYCzZrpvsgsxacQ (crawled 1 day(s) ago at 2026-03-10T01:18:25.516026+00:00). Possible causes: failed download, incomplete artifact transfer, or stale manifest entry from a previous run."
https://nsf-gov-resources.nsf.gov/solicitations/pubs/2019/nsf19551/nsf19551.pdf?VersionId=29UQf_6hVKMO6f0frWvjWPyzT._ViCC2,nsf19551.pdf?VersionId=29UQf_6hVKMO6f0frWvjWPyzT._ViCC2,nsf.gov,,,—,error,2026-03-10T01:18:25.518546+00:00,,,,,,,,,,,,,,,,,,,,,,,,,,,,"File not found: crawled_files/nsf.gov/nsf19551.pdf?VersionId=29UQf_6hVKMO6f0frWvjWPyzT._ViCC2 (crawled 1 day(s) ago at 2026-03-10T01:18:25.518546+00:00). Possible causes: failed download, incomplete artifact transfer, or stale manifest entry from a previous run."
https://nsf-gov-resources.nsf.gov/files/nsf19552.pdf?VersionId=N2BDTPXy58DbxZA2GCl4o5Txhn4DD1zJ,nsf19552.pdf?VersionId=N2BDTPXy58DbxZA2GCl4o5Txhn4DD1zJ,nsf.gov,,,—,error,2026-03-10T01:18:25.519925+00:00,,,,,,,,,,,,,,,,,,,,,,,,,,,,"File not found: crawled_files/nsf.gov/nsf19552.pdf?VersionId=N2BDTPXy58DbxZA2GCl4o5Txhn4DD1zJ (crawled 1 day(s) ago at 2026-03-10T01:18:25.519925+00:00). Possible causes: failed download, incomplete artifact transfer, or stale manifest entry from a previous run."
https://nsf-gov-resources.nsf.gov/pubs/2020/nsf20032/nsf20032.pdf?VersionId=Y97Gg2LwBle6dLPkGvh1Yh_FgS68qLwL,nsf20032.pdf?VersionId=Y97Gg2LwBle6dLPkGvh1Yh_FgS68qLwL,nsf.gov,,,—,error,2026-03-10T01:18:25.522492+00:00,,,,,,,,,,,,,,,,,,,,,,,,,,,,"File not found: crawled_files/nsf.gov/nsf20032.pdf?VersionId=Y97Gg2LwBle6dLPkGvh1Yh_FgS68qLwL (crawled 1 day(s) ago at 2026-03-10T01:18:25.522492+00:00). Possible causes: failed download, incomplete artifact transfer, or stale manifest entry from a previous run."
https://nsf-gov-resources.nsf.gov/pubs/policydocs/pappg20_1/nsf20_1.pdf?VersionId=Fka..PA5IeL11Cd0agSrPFYyt36sgBux,nsf20_1.pdf?VersionId=Fka..PA5IeL11Cd0agSrPFYyt36sgBux,nsf.gov,,,—,error,2026-03-10T01:18:25.526701+00:00,,,,,,,,,,,,,,,,,,,,,,,,,,,,"File not found: crawled_files/nsf.gov/nsf20_1.pdf?VersionId=Fka..PA5IeL11Cd0agSrPFYyt36sgBux (crawled 1 day(s) ago at 2026-03-10T01:18:25.526701+00:00). Possible causes: failed download, incomplete artifact transfer, or stale manifest entry from a previous run."
https://nsf-gov-resources.nsf.gov/pubs/2021/nsf21107/nsf21107.pdf?VersionId=6SuSjanXp7.2tfYdvEtD5WI9LDmuu2qc,nsf21107.pdf?VersionId=6SuSjanXp7.2tfYdvEtD5WI9LDmuu2qc,nsf.gov,,,—,error,2026-03-10T01:18:25.539696+00:00,,,,,,,,,,,,,,,,,,,,,,,,,,,,"File not found: crawled_files/nsf.gov/nsf21107.pdf?VersionId=6SuSjanXp7.2tfYdvEtD5WI9LDmuu2qc (crawled 1 day(s) ago at 2026-03-10T01:18:25.539696+00:00). Possible causes: failed download, incomplete artifact transfer, or stale manifest entry from a previous run."
https://nsf-gov-resources.nsf.gov/solicitations/pubs/2021/nsf21555/nsf21555.pdf?VersionId=wxUtybPFk8fe1q769DOBj5ULnm0eF6Kn,nsf21555.pdf?VersionId=wxUtybPFk8fe1q769DOBj5ULnm0eF6Kn,nsf.gov,,,—,error,2026-03-10T01:18:25.542508+00:00,,,,,,,,,,,,,,,,,,,,,,,,,,,,"File not found: crawled_files/nsf.gov/nsf21555.pdf?VersionId=wxUtybPFk8fe1q769DOBj5ULnm0eF6Kn (crawled 1 day(s) ago at 2026-03-10T01:18:25.542508+00:00). Possible causes: failed download, incomplete artifact transfer, or stale manifest entry from a previous run."
https://nsf-gov-resources.nsf.gov/pubs/2022/nsf22068/nsf22068.pdf?VersionId=QeimX_s5IrCTtRsHVInSet1iQjahFwNG,nsf22068.pdf?VersionId=QeimX_s5IrCTtRsHVInSet1iQjahFwNG,nsf.gov,,,—,error,2026-03-10T01:18:25.572460+00:00,,,,,,,,,,,,,,,,,,,,,,,,,,,,Stale manifest entry: file not found after 2+ days (crawled_at: 2026-03-10T01:18:25.572460+00:00). The file was probably downloaded in a previous run whose crawled_files directory is no longer available.
https://nsf-gov-resources.nsf.gov/solicitations/pubs/2022/nsf22528/nsf22528.pdf?VersionId=TlMYEXeRibcdxKcml92eKMIJ_0JHvJhn,nsf22528.pdf?VersionId=TlMYEXeRibcdxKcml92eKMIJ_0JHvJhn,nsf.gov,,,—,error,2026-03-10T01:18:25.574273+00:00,,,,,,,,,,,,,,,,,,,,,,,,,,,,"File not found: crawled_files/nsf.gov/nsf22528.pdf?VersionId=TlMYEXeRibcdxKcml92eKMIJ_0JHvJhn (crawled 1 day(s) ago at 2026-03-10T01:18:25.574273+00:00). Possible causes: failed download, incomplete artifact transfer, or stale manifest entry from a previous run."
https://nsf-gov-resources.nsf.gov/solicitations/pubs/2022/nsf22529/nsf22529.pdf?VersionId=kDfiaXqzubLX2trSPD91kxcD45I4STfn,nsf22529.pdf?VersionId=kDfiaXqzubLX2trSPD91kxcD45I4STfn,nsf.gov,,,—,error,2026-03-10T01:18:25.575759+00:00,,,,,,,,,,,,,,,,,,,,,,,,,,,,"File not found: crawled_files/nsf.gov/nsf22529.pdf?VersionId=kDfiaXqzubLX2trSPD91kxcD45I4STfn (crawled 1 day(s) ago at 2026-03-10T01:18:25.575759+00:00). Possible causes: failed download, incomplete artifact transfer, or stale manifest entry from a previous run."
https://nsf-gov-resources.nsf.gov/pubs/2023/nsf23104/nsf23104.pdf,nsf23104.pdf,nsf.gov,,2161794,2.1 MB,analysed,2026-03-10T01:18:25.579493+00:00,2023-07-17 14:41:10+00:00,,,,,,True,False,False,Pass,Pass,Pass,Pass,Pass,Pass,,,,,,,,,False,28,,,
https://nsf-gov-resources.nsf.gov/solicitations/pubs/2023/nsf23534/nsf23534.pdf?VersionId=Irmgt52vhpKDNO.Cn1GcYVamTdzCUxED,nsf23534.pdf?VersionId=Irmgt52vhpKDNO.Cn1GcYVamTdzCUxED,nsf.gov,,,—,error,2026-03-10T01:18:25.582008+00:00,,,,,,,,,,,,,,,,,,,,,,,,,,,,"File not found: crawled_files/nsf.gov/nsf23534.pdf?VersionId=Irmgt52vhpKDNO.Cn1GcYVamTdzCUxED (crawled 1 day(s) ago at 2026-03-10T01:18:25.582008+00:00). Possible causes: failed download, incomplete artifact transfer, or stale manifest entry from a previous run."
https://nsf-gov-resources.nsf.gov/solicitations/pubs/2023/nsf23545/nsf23545.pdf?VersionId=zcW1UPfJqr5.yhCpB99.7FlbmcQ.D.2B,nsf23545.pdf?VersionId=zcW1UPfJqr5.yhCpB99.7FlbmcQ.D.2B,nsf.gov,,,—,error,2026-03-10T01:18:25.584608+00:00,,,,,,,,,,,,,,,,,,,,,,,,,,,,"File not found: crawled_files/nsf.gov/nsf23545.pdf?VersionId=zcW1UPfJqr5.yhCpB99.7FlbmcQ.D.2B (crawled 1 day(s) ago at 2026-03-10T01:18:25.584608+00:00). Possible causes: failed download, incomplete artifact transfer, or stale manifest entry from a previous run."
https://nsf-gov-resources.nsf.gov/solicitations/pubs/2023/nsf23629/nsf23629.pdf?VersionId=eAPkrNKjQpa91G3P74Dh.1xgzXhydvze,nsf23629.pdf?VersionId=eAPkrNKjQpa91G3P74Dh.1xgzXhydvze,nsf.gov,,,—,error,2026-03-10T01:18:25.587039+00:00,,,,,,,,,,,,,,,,,,,,,,,,,,,,"File not found: crawled_files/nsf.gov/nsf23629.pdf?VersionId=eAPkrNKjQpa91G3P74Dh.1xgzXhydvze (crawled 1 day(s) ago at 2026-03-10T01:18:25.587039+00:00). Possible causes: failed download, incomplete artifact transfer, or stale manifest entry from a previous run."
https://nsf-gov-resources.nsf.gov/2022-10/nsf23_1.pdf,nsf23_1.pdf,nsf.gov,,3389511,3.2 MB,analysed,2026-03-10T01:18:25.592636+00:00,2024-02-15 01:16:46+00:00,,,,,,True,False,False,Pass,Pass,Pass,Pass,Pass,Pass,,,,,,,,,False,203,,,
https://nsf-gov-resources.nsf.gov/2022-10/nsf23_1.pdf?VersionId=VQHMy1XFClNhULRMabdaeCqYvbgykldV,nsf23_1.pdf?VersionId=VQHMy1XFClNhULRMabdaeCqYvbgykldV,nsf.gov,,,—,error,2026-03-10T01:18:25.598242+00:00,,,,,,,,,,,,,,,,,,,,,,,,,,,,"File not found: crawled_files/nsf.gov/nsf23_1.pdf?VersionId=VQHMy1XFClNhULRMabdaeCqYvbgykldV (crawled 1 day(s) ago at 2026-03-10T01:18:25.598242+00:00). Possible causes: failed download, incomplete artifact transfer, or stale manifest entry from a previous run."
https://nsf-gov-resources.nsf.gov/files/nsf24571.pdf?VersionId=G91eL6rGq7lLlCvYYXZ2zsWRy_U5vEI_,nsf24571.pdf?VersionId=G91eL6rGq7lLlCvYYXZ2zsWRy_U5vEI_,nsf.gov,,,—,error,2026-03-10T01:18:25.599862+00:00,,,,,,,,,,,,,,,,,,,,,,,,,,,,"File not found: crawled_files/nsf.gov/nsf24571.pdf?VersionId=G91eL6rGq7lLlCvYYXZ2zsWRy_U5vEI_ (crawled 1 day(s) ago at 2026-03-10T01:18:25.599862+00:00). Possible causes: failed download, incomplete artifact transfer, or stale manifest entry from a previous run."
https://nsf-gov-resources.nsf.gov/files/nsf24588.pdf?VersionId=gcaK8aTD1T0Gg7WVrIRRez1GDQlf70lg,nsf24588.pdf?VersionId=gcaK8aTD1T0Gg7WVrIRRez1GDQlf70lg,nsf.gov,,,—,error,2026-03-10T01:18:25.601620+00:00,,,,,,,,,,,,,,,,,,,,,,,,,,,,"File not found: crawled_files/nsf.gov/nsf24588.pdf?VersionId=gcaK8aTD1T0Gg7WVrIRRez1GDQlf70lg (crawled 1 day(s) ago at 2026-03-10T01:18:25.601620+00:00). Possible causes: failed download, incomplete artifact transfer, or stale manifest entry from a previous run."
https://nsf-gov-resources.nsf.gov/files/nsf24_1.pdf,nsf24_1.pdf,nsf.gov,,4593193,4.4 MB,analysed,2026-03-10T01:18:25.609167+00:00,2025-12-09 14:17:50+00:00,,,,,,True,False,False,Pass,Pass,Pass,Pass,Pass,Pass,,,,,,,,,False,216,,,
https://nsf-gov-resources.nsf.gov/files/nsf25003.pdf,nsf25003.pdf,nsf.gov,,,—,analysed,2026-03-10T01:18:25.612864+00:00,2025-01-10 20:13:09+00:00,,,,,,True,False,False,Pass,Pass,Pass,Pass,Pass,Pass,,,,,,,,,False,34,,,
https://ncses.nsf.gov/pubs/nsf26302/assets/data-tables/tables/nsf26302-tab001.pdf,nsf26302-tab001.pdf,nsf.gov,,,—,error,2026-03-10T01:18:25.613292+00:00,,,,,,,,,,,,,,,,,,,,,,,,,,,,"File not found: crawled_files/nsf.gov/nsf26302-tab001.pdf (crawled 1 day(s) ago at 2026-03-10T01:18:25.613292+00:00). Possible causes: failed download, incomplete artifact transfer, or stale manifest entry from a previous run."
https://ncses.nsf.gov/pubs/nsf26302/assets/data-tables/tables/nsf26302-tab001.xlsx,nsf26302-tab001.xlsx,nsf.gov,,,—,error,2026-03-10T01:18:25.613873+00:00,,,,,,,,,,,,,,,,,,,,,,,,,,,,"File not found: crawled_files/nsf.gov/nsf26302-tab001.xlsx (crawled 1 day(s) ago at 2026-03-10T01:18:25.613873+00:00). Possible causes: failed download, incomplete artifact transfer, or stale manifest entry from a previous run."
https://ncses.nsf.gov/pubs/nsf26302/assets/data-tables/tables/nsf26302-tab002.pdf,nsf26302-tab002.pdf,nsf.gov,,,—,error,2026-03-10T01:18:25.614385+00:00,,,,,,,,,,,,,,,,,,,,,,,,,,,,"File not found: crawled_files/nsf.gov/nsf26302-tab002.pdf (crawled 1 day(s) ago at 2026-03-10T01:18:25.614385+00:00). Possible causes: failed download, incomplete artifact transfer, or stale manifest entry from a previous run."
https://ncses.nsf.gov/pubs/nsf26302/assets/data-tables/tables/nsf26302-tab002.xlsx,nsf26302-tab002.xlsx,nsf.gov,,,—,error,2026-03-10T01:18:25.614965+00:00,,,,,,,,,,,,,,,,,,,,,,,,,,,,"File not found: crawled_files/nsf.gov/nsf26302-tab002.xlsx (crawled 1 day(s) ago at 2026-03-10T01:18:25.614965+00:00). Possible causes: failed download, incomplete artifact transfer, or stale manifest entry from a previous run."
https://ncses.nsf.gov/pubs/nsf26302/assets/data-tables/tables/nsf26302-tab003.pdf,nsf26302-tab003.pdf,nsf.gov,,,—,error,2026-03-10T01:18:25.615636+00:00,,,,,,,,,,,,,,,,,,,,,,,,,,,,"File not found: crawled_files/nsf.gov/nsf26302-tab003.pdf (crawled 1 day(s) ago at 2026-03-10T01:18:25.615636+00:00). Possible causes: failed download, incomplete artifact transfer, or stale manifest entry from a previous run."
https://ncses.nsf.gov/pubs/nsf26302/assets/data-tables/tables/nsf26302-tab003.xlsx,nsf26302-tab003.xlsx,nsf.gov,,,—,error,2026-03-10T01:18:25.616124+00:00,,,,,,,,,,,,,,,,,,,,,,,,,,,,"File not found: crawled_files/nsf.gov/nsf26302-tab003.xlsx (crawled 1 day(s) ago at 2026-03-10T01:18:25.616124+00:00). Possible causes: failed download, incomplete artifact transfer, or stale manifest entry from a previous run."
https://ncses.nsf.gov/pubs/nsf26302/assets/data-tables/tables/nsf26302-tab004.pdf,nsf26302-tab004.pdf,nsf.gov,,,—,error,2026-03-10T01:18:25.616652+00:00,,,,,,,,,,,,,,,,,,,,,,,,,,,,"File not found: crawled_files/nsf.gov/nsf26302-tab004.pdf (crawled 1 day(s) ago at 2026-03-10T01:18:25.616652+00:00). Possible causes: failed download, incomplete artifact transfer, or stale manifest entry from a previous run."
https://ncses.nsf.gov/pubs/nsf26302/assets/data-tables/tables/nsf26302-tab004.xlsx,nsf26302-tab004.xlsx,nsf.gov,,,—,error,2026-03-10T01:18:25.617398+00:00,,,,,,,,,,,,,,,,,,,,,,,,,,,,"File not found: crawled_files/nsf.gov/nsf26302-tab004.xlsx (crawled 1 day(s) ago at 2026-03-10T01:18:25.617398+00:00). Possible causes: failed download, incomplete artifact transfer, or stale manifest entry from a previous run."
https://ncses.nsf.gov/pubs/nsf26302/assets/data-tables/tables/nsf26302-tab005.pdf,nsf26302-tab005.pdf,nsf.gov,,,—,error,2026-03-10T01:18:25.618085+00:00,,,,,,,,,,,,,,,,,,,,,,,,,,,,"File not found: crawled_files/nsf.gov/nsf26302-tab005.pdf (crawled 1 day(s) ago at 2026-03-10T01:18:25.618085+00:00). Possible causes: failed download, incomplete artifact transfer, or stale manifest entry from a previous run."
https://ncses.nsf.gov/pubs/nsf26302/assets/data-tables/tables/nsf26302-tab005.xlsx,nsf26302-tab005.xlsx,nsf.gov,,,—,error,2026-03-10T01:18:25.618511+00:00,,,,,,,,,,,,,,,,,,,,,,,,,,,,"File not found: crawled_files/nsf.gov/nsf26302-tab005.xlsx (crawled 1 day(s) ago at 2026-03-10T01:18:25.618511+00:00). Possible causes: failed download, incomplete artifact transfer, or stale manifest entry from a previous run."
https://ncses.nsf.gov/pubs/nsf26302/assets/data-tables/tables/nsf26302-tab006.pdf,nsf26302-tab006.pdf,nsf.gov,,,—,error,2026-03-10T01:18:25.619180+00:00,,,,,,,,,,,,,,,,,,,,,,,,,,,,"File not found: crawled_files/nsf.gov/nsf26302-tab006.pdf (crawled 1 day(s) ago at 2026-03-10T01:18:25.619180+00:00). Possible causes: failed download, incomplete artifact transfer, or stale manifest entry from a previous run."
https://ncses.nsf.gov/pubs/nsf26302/assets/data-tables/tables/nsf26302-tab006.xlsx,nsf26302-tab006.xlsx,nsf.gov,,,—,error,2026-03-10T01:18:25.619625+00:00,,,,,,,,,,,,,,,,,,,,,,,,,,,,"File not found: crawled_files/nsf.gov/nsf26302-tab006.xlsx (crawled 1 day(s) ago at 2026-03-10T01:18:25.619625+00:00). Possible causes: failed download, incomplete artifact transfer, or stale manifest entry from a previous run."
https://ncses.nsf.gov/pubs/nsf26302/assets/data-tables/tables/nsf26302-tab007.pdf,nsf26302-tab007.pdf,nsf.gov,,,—,error,2026-03-10T01:18:25.620216+00:00,,,,,,,,,,,,,,,,,,,,,,,,,,,,"File not found: crawled_files/nsf.gov/nsf26302-tab007.pdf (crawled 1 day(s) ago at 2026-03-10T01:18:25.620216+00:00). Possible causes: failed download, incomplete artifact transfer, or stale manifest entry from a previous run."
https://ncses.nsf.gov/pubs/nsf26302/assets/data-tables/tables/nsf26302-tab007.xlsx,nsf26302-tab007.xlsx,nsf.gov,,,—,error,2026-03-10T01:18:25.620692+00:00,,,,,,,,,,,,,,,,,,,,,,,,,,,,"File not found: crawled_files/nsf.gov/nsf26302-tab007.xlsx (crawled 1 day(s) ago at 2026-03-10T01:18:25.620692+00:00). Possible causes: failed download, incomplete artifact transfer, or stale manifest entry from a previous run."
https://ncses.nsf.gov/pubs/nsf26302/assets/data-tables/tables/nsf26302-tab008.pdf,nsf26302-tab008.pdf,nsf.gov,,,—,error,2026-03-10T01:18:25.621348+00:00,,,,,,,,,,,,,,,,,,,,,,,,,,,,"File not found: crawled_files/nsf.gov/nsf26302-tab008.pdf (crawled 1 day(s) ago at 2026-03-10T01:18:25.621348+00:00). Possible causes: failed download, incomplete artifact transfer, or stale manifest entry from a previous run."
https://ncses.nsf.gov/pubs/nsf26302/assets/data-tables/tables/nsf26302-tab008.xlsx,nsf26302-tab008.xlsx,nsf.gov,,,—,error,2026-03-10T01:18:25.621794+00:00,,,,,,,,,,,,,,,,,,,,,,,,,,,,"File not found: crawled_files/nsf.gov/nsf26302-tab008.xlsx (crawled 1 day(s) ago at 2026-03-10T01:18:25.621794+00:00). Possible causes: failed download, incomplete artifact transfer, or stale manifest entry from a previous run."
https://ncses.nsf.gov/pubs/nsf26302/assets/data-tables/tables/nsf26302-tab009.pdf,nsf26302-tab009.pdf,nsf.gov,,,—,error,2026-03-10T01:18:25.622562+00:00,,,,,,,,,,,,,,,,,,,,,,,,,,,,"File not found: crawled_files/nsf.gov/nsf26302-tab009.pdf (crawled 1 day(s) ago at 2026-03-10T01:18:25.622562+00:00). Possible causes: failed download, incomplete artifact transfer, or stale manifest entry from a previous run."
https://ncses.nsf.gov/pubs/nsf26302/assets/data-tables/tables/nsf26302-tab009.xlsx,nsf26302-tab009.xlsx,nsf.gov,,,—,error,2026-03-10T01:18:25.623222+00:00,,,,,,,,,,,,,,,,,,,,,,,,,,,,"File not found: crawled_files/nsf.gov/nsf26302-tab009.xlsx (crawled 1 day(s) ago at 2026-03-10T01:18:25.623222+00:00). Possible causes: failed download, incomplete artifact transfer, or stale manifest entry from a previous run."
https://ncses.nsf.gov/pubs/nsf26302/assets/data-tables/tables/nsf26302-tab010.pdf,nsf26302-tab010.pdf,nsf.gov,,,—,error,2026-03-10T01:18:25.623866+00:00,,,,,,,,,,,,,,,,,,,,,,,,,,,,"File not found: crawled_files/nsf.gov/nsf26302-tab010.pdf (crawled 1 day(s) ago at 2026-03-10T01:18:25.623866+00:00). Possible causes: failed download, incomplete artifact transfer, or stale manifest entry from a previous run."
https://ncses.nsf.gov/pubs/nsf26302/assets/data-tables/tables/nsf26302-tab010.xlsx,nsf26302-tab010.xlsx,nsf.gov,,,—,error,2026-03-10T01:18:25.624363+00:00,,,,,,,,,,,,,,,,,,,,,,,,,,,,"File not found: crawled_files/nsf.gov/nsf26302-tab010.xlsx (crawled 1 day(s) ago at 2026-03-10T01:18:25.624363+00:00). Possible causes: failed download, incomplete artifact transfer, or stale manifest entry from a previous run."
https://ncses.nsf.gov/pubs/nsf26302/assets/data-tables/tables/nsf26302-tab011.pdf,nsf26302-tab011.pdf,nsf.gov,,,—,error,2026-03-10T01:18:25.625127+00:00,,,,,,,,,,,,,,,,,,,,,,,,,,,,"File not found: crawled_files/nsf.gov/nsf26302-tab011.pdf (crawled 1 day(s) ago at 2026-03-10T01:18:25.625127+00:00). Possible causes: failed download, incomplete artifact transfer, or stale manifest entry from a previous run."
https://ncses.nsf.gov/pubs/nsf26302/assets/data-tables/tables/nsf26302-tab011.xlsx,nsf26302-tab011.xlsx,nsf.gov,,,—,error,2026-03-10T01:18:25.625683+00:00,,,,,,,,,,,,,,,,,,,,,,,,,,,,"File not found: crawled_files/nsf.gov/nsf26302-tab011.xlsx (crawled 1 day(s) ago at 2026-03-10T01:18:25.625683+00:00). Possible causes: failed download, incomplete artifact transfer, or stale manifest entry from a previous run."
https://ncses.nsf.gov/pubs/nsf26302/assets/data-tables/tables/nsf26302-tab012.pdf,nsf26302-tab012.pdf,nsf.gov,,,—,error,2026-03-10T01:18:25.626415+00:00,,,,,,,,,,,,,,,,,,,,,,,,,,,,"File not found: crawled_files/nsf.gov/nsf26302-tab012.pdf (crawled 1 day(s) ago at 2026-03-10T01:18:25.626415+00:00). Possible causes: failed download, incomplete artifact transfer, or stale manifest entry from a previous run."
https://ncses.nsf.gov/pubs/nsf26302/assets/data-tables/tables/nsf26302-tab012.xlsx,nsf26302-tab012.xlsx,nsf.gov,,,—,error,2026-03-10T01:18:25.626985+00:00,,,,,,,,,,,,,,,,,,,,,,,,,,,,"File not found: crawled_files/nsf.gov/nsf26302-tab012.xlsx (crawled 1 day(s) ago at 2026-03-10T01:18:25.626985+00:00). Possible causes: failed download, incomplete artifact transfer, or stale manifest entry from a previous run."
https://ncses.nsf.gov/pubs/nsf26302/assets/data-tables/tables/nsf26302-tab013.pdf,nsf26302-tab013.pdf,nsf.gov,,,—,error,2026-03-10T01:18:25.627680+00:00,,,,,,,,,,,,,,,,,,,,,,,,,,,,"File not found: crawled_files/nsf.gov/nsf26302-tab013.pdf (crawled 1 day(s) ago at 2026-03-10T01:18:25.627680+00:00). Possible causes: failed download, incomplete artifact transfer, or stale manifest entry from a previous run."
https://ncses.nsf.gov/pubs/nsf26302/assets/data-tables/tables/nsf26302-tab013.xlsx,nsf26302-tab013.xlsx,nsf.gov,,,—,error,2026-03-10T01:18:25.628363+00:00,,,,,,,,,,,,,,,,,,,,,,,,,,,,"File not found: crawled_files/nsf.gov/nsf26302-tab013.xlsx (crawled 1 day(s) ago at 2026-03-10T01:18:25.628363+00:00). Possible causes: failed download, incomplete artifact transfer, or stale manifest entry from a previous run."
https://ncses.nsf.gov/pubs/nsf26302/assets/data-tables/tables/nsf26302-tab014.pdf,nsf26302-tab014.pdf,nsf.gov,,,—,error,2026-03-10T01:18:25.629112+00:00,,,,,,,,,,,,,,,,,,,,,,,,,,,,"File not found: crawled_files/nsf.gov/nsf26302-tab014.pdf (crawled 1 day(s) ago at 2026-03-10T01:18:25.629112+00:00). Possible causes: failed download, incomplete artifact transfer, or stale manifest entry from a previous run."
https://ncses.nsf.gov/pubs/nsf26302/assets/data-tables/tables/nsf26302-tab014.xlsx,nsf26302-tab014.xlsx,nsf.gov,,,—,error,2026-03-10T01:18:25.629587+00:00,,,,,,,,,,,,,,,,,,,,,,,,,,,,"File not found: crawled_files/nsf.gov/nsf26302-tab014.xlsx (crawled 1 day(s) ago at 2026-03-10T01:18:25.629587+00:00). Possible causes: failed download, incomplete artifact transfer, or stale manifest entry from a previous run."
https://ncses.nsf.gov/pubs/nsf26302/assets/data-tables/tables/nsf26302-tab015.pdf,nsf26302-tab015.pdf,nsf.gov,,,—,error,2026-03-10T01:18:25.630657+00:00,,,,,,,,,,,,,,,,,,,,,,,,,,,,"File not found: crawled_files/nsf.gov/nsf26302-tab015.pdf (crawled 1 day(s) ago at 2026-03-10T01:18:25.630657+00:00). Possible causes: failed download, incomplete artifact transfer, or stale manifest entry from a previous run."
https://ncses.nsf.gov/pubs/nsf26302/assets/data-tables/tables/nsf26302-tab015.xlsx,nsf26302-tab015.xlsx,nsf.gov,,,—,error,2026-03-10T01:18:25.631227+00:00,,,,,,,,,,,,,,,,,,,,,,,,,,,,"File not found: crawled_files/nsf.gov/nsf26302-tab015.xlsx (crawled 1 day(s) ago at 2026-03-10T01:18:25.631227+00:00). Possible causes: failed download, incomplete artifact transfer, or stale manifest entry from a previous run."
https://ncses.nsf.gov/pubs/nsf26302/assets/data-tables/tables/nsf26302-tab016.pdf,nsf26302-tab016.pdf,nsf.gov,,,—,error,2026-03-10T01:18:25.631900+00:00,,,,,,,,,,,,,,,,,,,,,,,,,,,,"File not found: crawled_files/nsf.gov/nsf26302-tab016.pdf (crawled 1 day(s) ago at 2026-03-10T01:18:25.631900+00:00). Possible causes: failed download, incomplete artifact transfer, or stale manifest entry from a previous run."
https://ncses.nsf.gov/pubs/nsf26302/assets/data-tables/tables/nsf26302-tab016.xlsx,nsf26302-tab016.xlsx,nsf.gov,,,—,error,2026-03-10T01:18:25.632315+00:00,,,,,,,,,,,,,,,,,,,,,,,,,,,,"File not found: crawled_files/nsf.gov/nsf26302-tab016.xlsx (crawled 1 day(s) ago at 2026-03-10T01:18:25.632315+00:00). Possible causes: failed download, incomplete artifact transfer, or stale manifest entry from a previous run."
https://ncses.nsf.gov/pubs/nsf26302/assets/data-tables/tables/nsf26302-tab017.pdf,nsf26302-tab017.pdf,nsf.gov,,,—,error,2026-03-10T01:18:25.632907+00:00,,,,,,,,,,,,,,,,,,,,,,,,,,,,"File not found: crawled_files/nsf.gov/nsf26302-tab017.pdf (crawled 1 day(s) ago at 2026-03-10T01:18:25.632907+00:00). Possible causes: failed download, incomplete artifact transfer, or stale manifest entry from a previous run."
https://ncses.nsf.gov/pubs/nsf26302/assets/data-tables/tables/nsf26302-tab017.xlsx,nsf26302-tab017.xlsx,nsf.gov,,,—,error,2026-03-10T01:18:25.633310+00:00,,,,,,,,,,,,,,,,,,,,,,,,,,,,"File not found: crawled_files/nsf.gov/nsf26302-tab017.xlsx (crawled 1 day(s) ago at 2026-03-10T01:18:25.633310+00:00). Possible causes: failed download, incomplete artifact transfer, or stale manifest entry from a previous run."
https://ncses.nsf.gov/pubs/nsf26302/assets/data-tables/tables/nsf26302-tab018.pdf,nsf26302-tab018.pdf,nsf.gov,,,—,error,2026-03-10T01:18:25.634062+00:00,,,,,,,,,,,,,,,,,,,,,,,,,,,,"File not found: crawled_files/nsf.gov/nsf26302-tab018.pdf (crawled 1 day(s) ago at 2026-03-10T01:18:25.634062+00:00). Possible causes: failed download, incomplete artifact transfer, or stale manifest entry from a previous run."
https://ncses.nsf.gov/pubs/nsf26302/assets/data-tables/tables/nsf26302-tab018.xlsx,nsf26302-tab018.xlsx,nsf.gov,,,—,error,2026-03-10T01:18:25.634679+00:00,,,,,,,,,,,,,,,,,,,,,,,,,,,,"File not found: crawled_files/nsf.gov/nsf26302-tab018.xlsx (crawled 1 day(s) ago at 2026-03-10T01:18:25.634679+00:00). Possible causes: failed download, incomplete artifact transfer, or stale manifest entry from a previous run."
https://ncses.nsf.gov/pubs/nsf26302/assets/data-tables/tables/nsf26302-tab019.pdf,nsf26302-tab019.pdf,nsf.gov,,,—,error,2026-03-10T01:18:25.635335+00:00,,,,,,,,,,,,,,,,,,,,,,,,,,,,"File not found: crawled_files/nsf.gov/nsf26302-tab019.pdf (crawled 1 day(s) ago at 2026-03-10T01:18:25.635335+00:00). Possible causes: failed download, incomplete artifact transfer, or stale manifest entry from a previous run."
https://ncses.nsf.gov/pubs/nsf26302/assets/data-tables/tables/nsf26302-tab019.xlsx,nsf26302-tab019.xlsx,nsf.gov,,,—,error,2026-03-10T01:18:25.635647+00:00,,,,,,,,,,,,,,,,,,,,,,,,,,,,"File not found: crawled_files/nsf.gov/nsf26302-tab019.xlsx (crawled 1 day(s) ago at 2026-03-10T01:18:25.635647+00:00). Possible causes: failed download, incomplete artifact transfer, or stale manifest entry from a previous run."
https://ncses.nsf.gov/pubs/nsf26302/assets/data-tables/tables/nsf26302-tab020.pdf,nsf26302-tab020.pdf,nsf.gov,,,—,error,2026-03-10T01:18:25.636355+00:00,,,,,,,,,,,,,,,,,,,,,,,,,,,,"File not found: crawled_files/nsf.gov/nsf26302-tab020.pdf (crawled 1 day(s) ago at 2026-03-10T01:18:25.636355+00:00). Possible causes: failed download, incomplete artifact transfer, or stale manifest entry from a previous run."
https://ncses.nsf.gov/pubs/nsf26302/assets/data-tables/tables/nsf26302-tab020.xlsx,nsf26302-tab020.xlsx,nsf.gov,,,—,error,2026-03-10T01:18:25.636690+00:00,,,,,,,,,,,,,,,,,,,,,,,,,,,,"File not found: crawled_files/nsf.gov/nsf26302-tab020.xlsx (crawled 1 day(s) ago at 2026-03-10T01:18:25.636690+00:00). Possible causes: failed download, incomplete artifact transfer, or stale manifest entry from a previous run."
https://ncses.nsf.gov/pubs/nsf26302/assets/data-tables/tables/nsf26302-tab021.pdf,nsf26302-tab021.pdf,nsf.gov,,,—,error,2026-03-10T01:18:25.637332+00:00,,,,,,,,,,,,,,,,,,,,,,,,,,,,"File not found: crawled_files/nsf.gov/nsf26302-tab021.pdf (crawled 1 day(s) ago at 2026-03-10T01:18:25.637332+00:00). Possible causes: failed download, incomplete artifact transfer, or stale manifest entry from a previous run."
https://ncses.nsf.gov/pubs/nsf26302/assets/data-tables/tables/nsf26302-tab021.xlsx,nsf26302-tab021.xlsx,nsf.gov,,,—,error,2026-03-10T01:18:25.637648+00:00,,,,,,,,,,,,,,,,,,,,,,,,,,,,"File not found: crawled_files/nsf.gov/nsf26302-tab021.xlsx (crawled 1 day(s) ago at 2026-03-10T01:18:25.637648+00:00). Possible causes: failed download, incomplete artifact transfer, or stale manifest entry from a previous run."
https://ncses.nsf.gov/pubs/nsf26302/assets/data-tables/tables/nsf26302-tab022.pdf,nsf26302-tab022.pdf,nsf.gov,,,—,error,2026-03-10T01:18:25.638044+00:00,,,,,,,,,,,,,,,,,,,,,,,,,,,,"File not found: crawled_files/nsf.gov/nsf26302-tab022.pdf (crawled 1 day(s) ago at 2026-03-10T01:18:25.638044+00:00). Possible causes: failed download, incomplete artifact transfer, or stale manifest entry from a previous run."
https://ncses.nsf.gov/pubs/nsf26302/assets/data-tables/tables/nsf26302-tab022.xlsx,nsf26302-tab022.xlsx,nsf.gov,,,—,error,2026-03-10T01:18:25.638319+00:00,,,,,,,,,,,,,,,,,,,,,,,,,,,,"File not found: crawled_files/nsf.gov/nsf26302-tab022.xlsx (crawled 1 day(s) ago at 2026-03-10T01:18:25.638319+00:00). Possible causes: failed download, incomplete artifact transfer, or stale manifest entry from a previous run."
https://ncses.nsf.gov/pubs/nsf26302/assets/data-tables/tables/nsf26302-tab023.pdf,nsf26302-tab023.pdf,nsf.gov,,,—,error,2026-03-10T01:18:25.638839+00:00,,,,,,,,,,,,,,,,,,,,,,,,,,,,"File not found: crawled_files/nsf.gov/nsf26302-tab023.pdf (crawled 1 day(s) ago at 2026-03-10T01:18:25.638839+00:00). Possible causes: failed download, incomplete artifact transfer, or stale manifest entry from a previous run."
https://ncses.nsf.gov/pubs/nsf26302/assets/data-tables/tables/nsf26302-tab023.xlsx,nsf26302-tab023.xlsx,nsf.gov,,,—,error,2026-03-10T01:18:25.639154+00:00,,,,,,,,,,,,,,,,,,,,,,,,,,,,"File not found: crawled_files/nsf.gov/nsf26302-tab023.xlsx (crawled 1 day(s) ago at 2026-03-10T01:18:25.639154+00:00). Possible causes: failed download, incomplete artifact transfer, or stale manifest entry from a previous run."
https://ncses.nsf.gov/pubs/nsf26302/assets/technical-tables/tables/nsf26302-taba-001.pdf,nsf26302-taba-001.pdf,nsf.gov,,,—,error,2026-03-10T01:18:25.639486+00:00,,,,,,,,,,,,,,,,,,,,,,,,,,,,"File not found: crawled_files/nsf.gov/nsf26302-taba-001.pdf (crawled 1 day(s) ago at 2026-03-10T01:18:25.639486+00:00). Possible causes: failed download, incomplete artifact transfer, or stale manifest entry from a previous run."
https://ncses.nsf.gov/pubs/nsf26302/assets/technical-tables/tables/nsf26302-taba-001.xlsx,nsf26302-taba-001.xlsx,nsf.gov,,,—,error,2026-03-10T01:18:25.639749+00:00,,,,,,,,,,,,,,,,,,,,,,,,,,,,"File not found: crawled_files/nsf.gov/nsf26302-taba-001.xlsx (crawled 1 day(s) ago at 2026-03-10T01:18:25.639749+00:00). Possible causes: failed download, incomplete artifact transfer, or stale manifest entry from a previous run."
https://ncses.nsf.gov/pubs/nsf26303/assets/nsf26303-data-sources.xlsx,nsf26303-data-sources.xlsx,nsf.gov,,,—,error,2026-03-10T01:18:25.640040+00:00,,,,,,,,,,,,,,,,,,,,,,,,,,,,"File not found: crawled_files/nsf.gov/nsf26303-data-sources.xlsx (crawled 1 day(s) ago at 2026-03-10T01:18:25.640040+00:00). Possible causes: failed download, incomplete artifact transfer, or stale manifest entry from a previous run."
https://ncses.nsf.gov/pubs/nsf26303/assets/nsf26303.pdf,nsf26303.pdf,nsf.gov,,,—,error,2026-03-10T01:18:25.640697+00:00,,,,,,,,,,,,,,,,,,,,,,,,,,,,"File not found: crawled_files/nsf.gov/nsf26303.pdf (crawled 1 day(s) ago at 2026-03-10T01:18:25.640697+00:00). Possible causes: failed download, incomplete artifact transfer, or stale manifest entry from a previous run."
https://ncses.nsf.gov/pubs/nsf26304/assets/data-tables/tables/nsf26304-tab026.pdf,nsf26304-tab026.pdf,nsf.gov,,,—,error,2026-03-10T01:18:25.641074+00:00,,,,,,,,,,,,,,,,,,,,,,,,,,,,"File not found: crawled_files/nsf.gov/nsf26304-tab026.pdf (crawled 1 day(s) ago at 2026-03-10T01:18:25.641074+00:00). Possible causes: failed download, incomplete artifact transfer, or stale manifest entry from a previous run."
https://ncses.nsf.gov/pubs/nsf26304/assets/data-tables/tables/nsf26304-tab027.pdf,nsf26304-tab027.pdf,nsf.gov,,,—,error,2026-03-10T01:18:25.642339+00:00,,,,,,,,,,,,,,,,,,,,,,,,,,,,"File not found: crawled_files/nsf.gov/nsf26304-tab027.pdf (crawled 1 day(s) ago at 2026-03-10T01:18:25.642339+00:00). Possible causes: failed download, incomplete artifact transfer, or stale manifest entry from a previous run."
https://ncses.nsf.gov/pubs/nsf26304/assets/data-tables/tables/nsf26304-tab027.xlsx,nsf26304-tab027.xlsx,nsf.gov,,,—,error,2026-03-10T01:18:25.642777+00:00,,,,,,,,,,,,,,,,,,,,,,,,,,,,"File not found: crawled_files/nsf.gov/nsf26304-tab027.xlsx (crawled 1 day(s) ago at 2026-03-10T01:18:25.642777+00:00). Possible causes: failed download, incomplete artifact transfer, or stale manifest entry from a previous run."
https://ncses.nsf.gov/pubs/nsf26305/assets/nsf26305-data-sources.xlsx,nsf26305-data-sources.xlsx,nsf.gov,,,—,error,2026-03-10T01:18:25.643062+00:00,,,,,,,,,,,,,,,,,,,,,,,,,,,,"File not found: crawled_files/nsf.gov/nsf26305-data-sources.xlsx (crawled 1 day(s) ago at 2026-03-10T01:18:25.643062+00:00). Possible causes: failed download, incomplete artifact transfer, or stale manifest entry from a previous run."
https://ncses.nsf.gov/pubs/nsf26306/assets/nsf26306-data-sources.xlsx,nsf26306-data-sources.xlsx,nsf.gov,,,—,error,2026-03-10T01:18:25.643327+00:00,,,,,,,,,,,,,,,,,,,,,,,,,,,,"File not found: crawled_files/nsf.gov/nsf26306-data-sources.xlsx (crawled 1 day(s) ago at 2026-03-10T01:18:25.643327+00:00). Possible causes: failed download, incomplete artifact transfer, or stale manifest entry from a previous run."
https://ncses.nsf.gov/pubs/nsf26310/assets/nsf26310-data-sources.xlsx,nsf26310-data-sources.xlsx,nsf.gov,,,—,error,2026-03-10T01:18:25.643592+00:00,,,,,,,,,,,,,,,,,,,,,,,,,,,,"File not found: crawled_files/nsf.gov/nsf26310-data-sources.xlsx (crawled 1 day(s) ago at 2026-03-10T01:18:25.643592+00:00). Possible causes: failed download, incomplete artifact transfer, or stale manifest entry from a previous run."
https://ncses.nsf.gov/pubs/nsf26313/assets/data-tables/tables/nsf26313-tab006.pdf,nsf26313-tab006.pdf,nsf.gov,,,—,error,2026-03-10T01:18:25.644256+00:00,,,,,,,,,,,,,,,,,,,,,,,,,,,,"File not found: crawled_files/nsf.gov/nsf26313-tab006.pdf (crawled 1 day(s) ago at 2026-03-10T01:18:25.644256+00:00). Possible causes: failed download, incomplete artifact transfer, or stale manifest entry from a previous run."
https://ncses.nsf.gov/pubs/nsf26313/assets/data-tables/tables/nsf26313-tab007.pdf,nsf26313-tab007.pdf,nsf.gov,,,—,error,2026-03-10T01:18:25.644916+00:00,,,,,,,,,,,,,,,,,,,,,,,,,,,,"File not found: crawled_files/nsf.gov/nsf26313-tab007.pdf (crawled 1 day(s) ago at 2026-03-10T01:18:25.644916+00:00). Possible causes: failed download, incomplete artifact transfer, or stale manifest entry from a previous run."
https://ncses.nsf.gov/pubs/nsf26313/assets/data-tables/tables/nsf26313-tab007.xlsx,nsf26313-tab007.xlsx,nsf.gov,,,—,error,2026-03-10T01:18:25.645251+00:00,,,,,,,,,,,,,,,,,,,,,,,,,,,,"File not found: crawled_files/nsf.gov/nsf26313-tab007.xlsx (crawled 1 day(s) ago at 2026-03-10T01:18:25.645251+00:00). Possible causes: failed download, incomplete artifact transfer, or stale manifest entry from a previous run."
https://ncses.nsf.gov/pubs/nsf26313/assets/data-tables/tables/nsf26313-tab008.pdf,nsf26313-tab008.pdf,nsf.gov,,,—,error,2026-03-10T01:18:25.645913+00:00,,,,,,,,,,,,,,,,,,,,,,,,,,,,"File not found: crawled_files/nsf.gov/nsf26313-tab008.pdf (crawled 1 day(s) ago at 2026-03-10T01:18:25.645913+00:00). Possible causes: failed download, incomplete artifact transfer, or stale manifest entry from a previous run."
https://ncses.nsf.gov/pubs/nsf26313/assets/data-tables/tables/nsf26313-tab008.xlsx,nsf26313-tab008.xlsx,nsf.gov,,,—,error,2026-03-10T01:18:25.646249+00:00,,,,,,,,,,,,,,,,,,,,,,,,,,,,"File not found: crawled_files/nsf.gov/nsf26313-tab008.xlsx (crawled 1 day(s) ago at 2026-03-10T01:18:25.646249+00:00). Possible causes: failed download, incomplete artifact transfer, or stale manifest entry from a previous run."
https://ncses.nsf.gov/pubs/nsf26313/assets/data-tables/tables/nsf26313-tab009.pdf,nsf26313-tab009.pdf,nsf.gov,,,—,analysed,2026-03-10T01:18:25.646907+00:00,2026-02-27 14:39:42+00:00,,,,,,True,False,False,Pass,Pass,Pass,Pass,Pass,Pass,,,,,,,,,False,5,,,
https://ncses.nsf.gov/pubs/nsf26313/assets/data-tables/tables/nsf26313-tab009.xlsx,nsf26313-tab009.xlsx,nsf.gov,,,—,error,2026-03-10T01:18:25.647237+00:00,,,,,,,,,,,,,,,,,,,,,,,,,,,,"File not found: crawled_files/nsf.gov/nsf26313-tab009.xlsx (crawled 1 day(s) ago at 2026-03-10T01:18:25.647237+00:00). Possible causes: failed download, incomplete artifact transfer, or stale manifest entry from a previous run."
https://ncses.nsf.gov/pubs/nsf26313/assets/data-tables/tables/nsf26313-tab010.pdf,nsf26313-tab010.pdf,nsf.gov,,,—,analysed,2026-03-10T01:18:25.647719+00:00,2026-02-27 14:39:47+00:00,,,,,,True,False,False,Pass,Pass,Pass,Pass,Pass,Pass,,,,,,,,,False,3,,,
https://ncses.nsf.gov/pubs/nsf26313/assets/data-tables/tables/nsf26313-tab010.xlsx,nsf26313-tab010.xlsx,nsf.gov,,,—,error,2026-03-10T01:18:25.648026+00:00,,,,,,,,,,,,,,,,,,,,,,,,,,,,"File not found: crawled_files/nsf.gov/nsf26313-tab010.xlsx (crawled 1 day(s) ago at 2026-03-10T01:18:25.648026+00:00). Possible causes: failed download, incomplete artifact transfer, or stale manifest entry from a previous run."
https://nsf-gov-resources.nsf.gov/files/nsfreviewofmanagementfeepoliciesandcontrolsNov2014.pdf,nsfreviewofmanagementfeepoliciesandcontrolsNov2014.pdf,nsf.gov,,,—,error,2026-03-10T01:18:25.648752+00:00,,,,,,,,,,,,,,,,,,,,,,,,,,,,"File not found: crawled_files/nsf.gov/nsfreviewofmanagementfeepoliciesandcontrolsNov2014.pdf (crawled 1 day(s) ago at 2026-03-10T01:18:25.648752+00:00). Possible causes: failed download, incomplete artifact transfer, or stale manifest entry from a previous run."
https://nsf-gov-resources.nsf.gov/files/oct24-r.pdf?VersionId=ez9o0fnwdyyR3JS1nO__Alc30Adw0eCX,oct24-r.pdf?VersionId=ez9o0fnwdyyR3JS1nO__Alc30Adw0eCX,nsf.gov,,,—,error,2026-03-10T01:18:25.650082+00:00,,,,,,,,,,,,,,,,,,,,,,,,,,,,"File not found: crawled_files/nsf.gov/oct24-r.pdf?VersionId=ez9o0fnwdyyR3JS1nO__Alc30Adw0eCX (crawled 1 day(s) ago at 2026-03-10T01:18:25.650082+00:00). Possible causes: failed download, incomplete artifact transfer, or stale manifest entry from a previous run."
https://seedfund.nsf.gov/assets/files/press/overview.pdf,overview.pdf,nsf.gov,,2763546,2.6 MB,analysed,2026-03-10T01:18:25.654709+00:00,2025-03-10 18:03:10+00:00,,,,,,True,False,False,Pass,Pass,Pass,Pass,Pass,Pass,,,,,,,,,False,2,,,
https://nsf-gov-resources.nsf.gov/files/pia-nsf-staff-and-visitor-medical-information.pdf?VersionId=uGv_oUXMm1rUqKSF8x8LpcoVH_fRAZOf,pia-nsf-staff-and-visitor-medical-information.pdf?VersionId=uGv_oUXMm1rUqKSF8x8LpcoVH_fRAZOf,nsf.gov,,,—,error,2026-03-10T01:18:25.655436+00:00,,,,,,,,,,,,,,,,,,,,,,,,,,,,"File not found: crawled_files/nsf.gov/pia-nsf-staff-and-visitor-medical-information.pdf?VersionId=uGv_oUXMm1rUqKSF8x8LpcoVH_fRAZOf (crawled 1 day(s) ago at 2026-03-10T01:18:25.655436+00:00). Possible causes: failed download, incomplete artifact transfer, or stale manifest entry from a previous run."
https://nsf-gov-resources.nsf.gov/files/pia-social-media-sites.pdf?VersionId=OH3h5V91ZkSrNyRZbc6baqplKg9TGnZd,pia-social-media-sites.pdf?VersionId=OH3h5V91ZkSrNyRZbc6baqplKg9TGnZd,nsf.gov,,,—,error,2026-03-10T01:18:25.656146+00:00,,,,,,,,,,,,,,,,,,,,,,,,,,,,"File not found: crawled_files/nsf.gov/pia-social-media-sites.pdf?VersionId=OH3h5V91ZkSrNyRZbc6baqplKg9TGnZd (crawled 1 day(s) ago at 2026-03-10T01:18:25.656146+00:00). Possible causes: failed download, incomplete artifact transfer, or stale manifest entry from a previous run."
https://nsf-gov-resources.nsf.gov/pubs/policydocs/pnag/pnag141.pdf?VersionId=8BgXtRGdH.Sv1oqa3RL.IAGtIzL_24yu,pnag141.pdf?VersionId=8BgXtRGdH.Sv1oqa3RL.IAGtIzL_24yu,nsf.gov,,,—,error,2026-03-10T01:18:25.657710+00:00,,,,,,,,,,,,,,,,,,,,,,,,,,,,"File not found: crawled_files/nsf.gov/pnag141.pdf?VersionId=8BgXtRGdH.Sv1oqa3RL.IAGtIzL_24yu (crawled 1 day(s) ago at 2026-03-10T01:18:25.657710+00:00). Possible causes: failed download, incomplete artifact transfer, or stale manifest entry from a previous run."
https://nsf-gov-resources.nsf.gov/pubs/policydocs/pnag/pnag151.pdf?VersionId=z5Cq2oW40aroaSW7XpxCxjsnVhL_WvuD,pnag151.pdf?VersionId=z5Cq2oW40aroaSW7XpxCxjsnVhL_WvuD,nsf.gov,,,—,error,2026-03-10T01:18:25.658664+00:00,,,,,,,,,,,,,,,,,,,,,,,,,,,,"File not found: crawled_files/nsf.gov/pnag151.pdf?VersionId=z5Cq2oW40aroaSW7XpxCxjsnVhL_WvuD (crawled 1 day(s) ago at 2026-03-10T01:18:25.658664+00:00). Possible causes: failed download, incomplete artifact transfer, or stale manifest entry from a previous run."
https://nsf-gov-resources.nsf.gov/pubs/policydocs/pnag/pnag161.pdf?VersionId=2Z9mzyd9iyO_IaBD6T8m2Krih8BdjnkO,pnag161.pdf?VersionId=2Z9mzyd9iyO_IaBD6T8m2Krih8BdjnkO,nsf.gov,,,—,error,2026-03-10T01:18:25.659962+00:00,,,,,,,,,,,,,,,,,,,,,,,,,,,,"File not found: crawled_files/nsf.gov/pnag161.pdf?VersionId=2Z9mzyd9iyO_IaBD6T8m2Krih8BdjnkO (crawled 1 day(s) ago at 2026-03-10T01:18:25.659962+00:00). Possible causes: failed download, incomplete artifact transfer, or stale manifest entry from a previous run."
https://nsf-gov-resources.nsf.gov/pubs/policydocs/pnag/pnag171.pdf?VersionId=fKt7WYIWedO5SffTDuhcCYNh0TpmX4t_,pnag171.pdf?VersionId=fKt7WYIWedO5SffTDuhcCYNh0TpmX4t_,nsf.gov,,,—,error,2026-03-10T01:18:25.660999+00:00,,,,,,,,,,,,,,,,,,,,,,,,,,,,"File not found: crawled_files/nsf.gov/pnag171.pdf?VersionId=fKt7WYIWedO5SffTDuhcCYNh0TpmX4t_ (crawled 1 day(s) ago at 2026-03-10T01:18:25.660999+00:00). Possible causes: failed download, incomplete artifact transfer, or stale manifest entry from a previous run."
https://nsf-gov-resources.nsf.gov/files/polar-coc-r.pdf,polar-coc-r.pdf,nsf.gov,,,—,error,2026-03-10T01:18:25.661920+00:00,,,,,,,,,,,,,,,,,,,,,,,,,,,,Stale manifest entry: file not found after 2+ days (crawled_at: 2026-03-10T01:18:25.661920+00:00). The file was probably downloaded in a previous run whose crawled_files directory is no longer available.
https://nsf-gov-resources.nsf.gov/2022-06/reportingrequirements.pdf,reportingrequirements.pdf,nsf.gov,,,—,error,2026-03-10T01:18:25.662579+00:00,,,,,,,,,,,,,,,,,,,,,,,,,,,,"File not found: crawled_files/nsf.gov/reportingrequirements.pdf (crawled 1 day(s) ago at 2026-03-10T01:18:25.662579+00:00). Possible causes: failed download, incomplete artifact transfer, or stale manifest entry from a previous run."
https://www.nsf.gov/awards/terms-conditions/research,research,nsf.gov,,,—,error,2026-03-10T01:18:25.663010+00:00,,,,,,,,,,,,,,,,,,,,,,,,,,,,"File not found: crawled_files/nsf.gov/research (crawled 1 day(s) ago at 2026-03-10T01:18:25.663010+00:00). Possible causes: failed download, incomplete artifact transfer, or stale manifest entry from a previous run."
https://seedfund.nsf.gov/assets/files/applicants/research_101_for_engineers.pdf,research_101_for_engineers.pdf,nsf.gov,,,—,error,2026-03-10T01:18:25.663451+00:00,,,,,,,,,,,,,,,,,,,,,,,,,,,,"File not found: crawled_files/nsf.gov/research_101_for_engineers.pdf (crawled 1 day(s) ago at 2026-03-10T01:18:25.663451+00:00). Possible causes: failed download, incomplete artifact transfer, or stale manifest entry from a previous run."
https://nsf-gov-resources.nsf.gov/files/rgovcompliancechecks-jan2023-r_0.pdf?VersionId=jTiNu.YAIBUjzJq7J.06cFPkdQcQMR4J,rgovcompliancechecks-jan2023-r_0.pdf?VersionId=jTiNu.YAIBUjzJq7J.06cFPkdQcQMR4J,nsf.gov,,,—,error,2026-03-10T01:18:25.665028+00:00,,,,,,,,,,,,,,,,,,,,,,,,,,,,"File not found: crawled_files/nsf.gov/rgovcompliancechecks-jan2023-r_0.pdf?VersionId=jTiNu.YAIBUjzJq7J.06cFPkdQcQMR4J (crawled 1 day(s) ago at 2026-03-10T01:18:25.665028+00:00). Possible causes: failed download, incomplete artifact transfer, or stale manifest entry from a previous run."
https://nsf-gov-resources.nsf.gov/files/sbiri-0123-r.pdf?VersionId=SCWXzFKP5zrQP3fY9VsEDfuEQqZilZTb,sbiri-0123-r.pdf?VersionId=SCWXzFKP5zrQP3fY9VsEDfuEQqZilZTb,nsf.gov,,,—,error,2026-03-10T01:18:25.666468+00:00,,,,,,,,,,,,,,,,,,,,,,,,,,,,"File not found: crawled_files/nsf.gov/sbiri-0123-r.pdf?VersionId=SCWXzFKP5zrQP3fY9VsEDfuEQqZilZTb (crawled 1 day(s) ago at 2026-03-10T01:18:25.666468+00:00). Possible causes: failed download, incomplete artifact transfer, or stale manifest entry from a previous run."
https://nsf-gov-resources.nsf.gov/files/sbiri-0522-r.pdf?VersionId=.iqVnYHo98HMaqllrrYUpPu6o7C4c8tj,sbiri-0522-r.pdf?VersionId=.iqVnYHo98HMaqllrrYUpPu6o7C4c8tj,nsf.gov,,,—,error,2026-03-10T01:18:25.667600+00:00,,,,,,,,,,,,,,,,,,,,,,,,,,,,"File not found: crawled_files/nsf.gov/sbiri-0522-r.pdf?VersionId=.iqVnYHo98HMaqllrrYUpPu6o7C4c8tj (crawled 1 day(s) ago at 2026-03-10T01:18:25.667600+00:00). Possible causes: failed download, incomplete artifact transfer, or stale manifest entry from a previous run."
https://nsf-gov-resources.nsf.gov/files/sbiri-0524-r.pdf?VersionId=iRn3Cj.I8ed9R7WKdENkW8C4Ef1vMVp1,sbiri-0524-r.pdf?VersionId=iRn3Cj.I8ed9R7WKdENkW8C4Ef1vMVp1,nsf.gov,,,—,error,2026-03-10T01:18:25.668663+00:00,,,,,,,,,,,,,,,,,,,,,,,,,,,,"File not found: crawled_files/nsf.gov/sbiri-0524-r.pdf?VersionId=iRn3Cj.I8ed9R7WKdENkW8C4Ef1vMVp1 (crawled 1 day(s) ago at 2026-03-10T01:18:25.668663+00:00). Possible causes: failed download, incomplete artifact transfer, or stale manifest entry from a previous run."
https://nsf-gov-resources.nsf.gov/files/sbiri-0525.pdf?VersionId=hlcxPayQxqLakkm8w2Cl__xJVFOmV8uJ,sbiri-0525.pdf?VersionId=hlcxPayQxqLakkm8w2Cl__xJVFOmV8uJ,nsf.gov,,,—,error,2026-03-10T01:18:25.669607+00:00,,,,,,,,,,,,,,,,,,,,,,,,,,,,"File not found: crawled_files/nsf.gov/sbiri-0525.pdf?VersionId=hlcxPayQxqLakkm8w2Cl__xJVFOmV8uJ (crawled 1 day(s) ago at 2026-03-10T01:18:25.669607+00:00). Possible causes: failed download, incomplete artifact transfer, or stale manifest entry from a previous run."
https://nsf-gov-resources.nsf.gov/files/sbiri-1024-r.pdf?VersionId=Djs10c8yuUmrXXMo3IGif4OrJnxAwtLC,sbiri-1024-r.pdf?VersionId=Djs10c8yuUmrXXMo3IGif4OrJnxAwtLC,nsf.gov,,,—,error,2026-03-10T01:18:25.670699+00:00,,,,,,,,,,,,,,,,,,,,,,,,,,,,"File not found: crawled_files/nsf.gov/sbiri-1024-r.pdf?VersionId=Djs10c8yuUmrXXMo3IGif4OrJnxAwtLC (crawled 1 day(s) ago at 2026-03-10T01:18:25.670699+00:00). Possible causes: failed download, incomplete artifact transfer, or stale manifest entry from a previous run."
https://nsf-gov-resources.nsf.gov/files/sbiri-122.pdf?VersionId=80osCSACjP.Tmgfn8T0pf4y0Iz8P.XQW,sbiri-122.pdf?VersionId=80osCSACjP.Tmgfn8T0pf4y0Iz8P.XQW,nsf.gov,,,—,error,2026-03-10T01:18:25.671787+00:00,,,,,,,,,,,,,,,,,,,,,,,,,,,,"File not found: crawled_files/nsf.gov/sbiri-122.pdf?VersionId=80osCSACjP.Tmgfn8T0pf4y0Iz8P.XQW (crawled 1 day(s) ago at 2026-03-10T01:18:25.671787+00:00). Possible causes: failed download, incomplete artifact transfer, or stale manifest entry from a previous run."
https://nsf-gov-resources.nsf.gov/files/sbiri-720-r.pdf?VersionId=femNVTgcB51ZmexMcE48tnsyflP2L44c,sbiri-720-r.pdf?VersionId=femNVTgcB51ZmexMcE48tnsyflP2L44c,nsf.gov,,,—,error,2026-03-10T01:18:25.673133+00:00,,,,,,,,,,,,,,,,,,,,,,,,,,,,"File not found: crawled_files/nsf.gov/sbiri-720-r.pdf?VersionId=femNVTgcB51ZmexMcE48tnsyflP2L44c (crawled 1 day(s) ago at 2026-03-10T01:18:25.673133+00:00). Possible causes: failed download, incomplete artifact transfer, or stale manifest entry from a previous run."
https://nsf-gov-resources.nsf.gov/files/sbiri-general-cond-changes20240520-r.pdf?VersionId=nvI_Yu6iXAXtJHbXQvc8TuCdoNDYE5iL,sbiri-general-cond-changes20240520-r.pdf?VersionId=nvI_Yu6iXAXtJHbXQvc8TuCdoNDYE5iL,nsf.gov,,,—,error,2026-03-10T01:18:25.673717+00:00,,,,,,,,,,,,,,,,,,,,,,,,,,,,"File not found: crawled_files/nsf.gov/sbiri-general-cond-changes20240520-r.pdf?VersionId=nvI_Yu6iXAXtJHbXQvc8TuCdoNDYE5iL (crawled 1 day(s) ago at 2026-03-10T01:18:25.673717+00:00). Possible causes: failed download, incomplete artifact transfer, or stale manifest entry from a previous run."
https://nsf-gov-resources.nsf.gov/files/sbiri-grants-conditions-changes-20230130-r.pdf?VersionId=IkUfDgh5LYevEmwf4vUe_uoVQ_3nKj16,sbiri-grants-conditions-changes-20230130-r.pdf?VersionId=IkUfDgh5LYevEmwf4vUe_uoVQ_3nKj16,nsf.gov,,,—,error,2026-03-10T01:18:25.674308+00:00,,,,,,,,,,,,,,,,,,,,,,,,,,,,"File not found: crawled_files/nsf.gov/sbiri-grants-conditions-changes-20230130-r.pdf?VersionId=IkUfDgh5LYevEmwf4vUe_uoVQ_3nKj16 (crawled 1 day(s) ago at 2026-03-10T01:18:25.674308+00:00). Possible causes: failed download, incomplete artifact transfer, or stale manifest entry from a previous run."
https://nsf-gov-resources.nsf.gov/files/sbiri-sigchg0522-r.pdf?VersionId=dKOATReA2x8YYu11Rp7VOahmJIk2C9xc,sbiri-sigchg0522-r.pdf?VersionId=dKOATReA2x8YYu11Rp7VOahmJIk2C9xc,nsf.gov,,,—,error,2026-03-10T01:18:25.674859+00:00,,,,,,,,,,,,,,,,,,,,,,,,,,,,"File not found: crawled_files/nsf.gov/sbiri-sigchg0522-r.pdf?VersionId=dKOATReA2x8YYu11Rp7VOahmJIk2C9xc (crawled 1 day(s) ago at 2026-03-10T01:18:25.674859+00:00). Possible causes: failed download, incomplete artifact transfer, or stale manifest entry from a previous run."
https://nsf-gov-resources.nsf.gov/files/sbiri-sigchg122-r.pdf?VersionId=7JQJUmevEvPtpJ_WYgRHDmii9bdz2r1x,sbiri-sigchg122-r.pdf?VersionId=7JQJUmevEvPtpJ_WYgRHDmii9bdz2r1x,nsf.gov,,,—,error,2026-03-10T01:18:25.675464+00:00,,,,,,,,,,,,,,,,,,,,,,,,,,,,"File not found: crawled_files/nsf.gov/sbiri-sigchg122-r.pdf?VersionId=7JQJUmevEvPtpJ_WYgRHDmii9bdz2r1x (crawled 1 day(s) ago at 2026-03-10T01:18:25.675464+00:00). Possible causes: failed download, incomplete artifact transfer, or stale manifest entry from a previous run."
https://nsf-gov-resources.nsf.gov/files/sbiri-sigchg720-r.pdf?VersionId=kKLe.6FMOqMACwYWWhhcOT.fno_5kl2.,sbiri-sigchg720-r.pdf?VersionId=kKLe.6FMOqMACwYWWhhcOT.fno_5kl2.,nsf.gov,,,—,error,2026-03-10T01:18:25.676002+00:00,,,,,,,,,,,,,,,,,,,,,,,,,,,,"File not found: crawled_files/nsf.gov/sbiri-sigchg720-r.pdf?VersionId=kKLe.6FMOqMACwYWWhhcOT.fno_5kl2. (crawled 1 day(s) ago at 2026-03-10T01:18:25.676002+00:00). Possible causes: failed download, incomplete artifact transfer, or stale manifest entry from a previous run."
https://nsf-gov-resources.nsf.gov/pubs/policydocs/sbir/sbiri_212.pdf?VersionId=LQ5gF701_UZpySQl9aD0_m.7o26OaZnE,sbiri_212.pdf?VersionId=LQ5gF701_UZpySQl9aD0_m.7o26OaZnE,nsf.gov,,,—,error,2026-03-10T01:18:25.676471+00:00,,,,,,,,,,,,,,,,,,,,,,,,,,,,"File not found: crawled_files/nsf.gov/sbiri_212.pdf?VersionId=LQ5gF701_UZpySQl9aD0_m.7o26OaZnE (crawled 1 day(s) ago at 2026-03-10T01:18:25.676471+00:00). Possible causes: failed download, incomplete artifact transfer, or stale manifest entry from a previous run."
https://nsf-gov-resources.nsf.gov/files/sbirii-0525.pdf?VersionId=lw45FZBoM6zzCdALZGIX1RyrBEkRXCm1,sbirii-0525.pdf?VersionId=lw45FZBoM6zzCdALZGIX1RyrBEkRXCm1,nsf.gov,,,—,error,2026-03-10T01:18:25.677531+00:00,,,,,,,,,,,,,,,,,,,,,,,,,,,,"File not found: crawled_files/nsf.gov/sbirii-0525.pdf?VersionId=lw45FZBoM6zzCdALZGIX1RyrBEkRXCm1 (crawled 1 day(s) ago at 2026-03-10T01:18:25.677531+00:00). Possible causes: failed download, incomplete artifact transfer, or stale manifest entry from a previous run."
https://nsf-gov-resources.nsf.gov/files/sbirii-cafatc-0524.pdf?VersionId=kiElt0n9CrlbnIfDh19SSX7US_UJscqI,sbirii-cafatc-0524.pdf?VersionId=kiElt0n9CrlbnIfDh19SSX7US_UJscqI,nsf.gov,,,—,error,2026-03-10T01:18:25.678601+00:00,,,,,,,,,,,,,,,,,,,,,,,,,,,,"File not found: crawled_files/nsf.gov/sbirii-cafatc-0524.pdf?VersionId=kiElt0n9CrlbnIfDh19SSX7US_UJscqI (crawled 1 day(s) ago at 2026-03-10T01:18:25.678601+00:00). Possible causes: failed download, incomplete artifact transfer, or stale manifest entry from a previous run."
https://nsf-gov-resources.nsf.gov/files/sbirii-cafatc-0525.pdf?VersionId=eI36BcM4wtL4TeR3ymJ61OJKBeVISJJ0,sbirii-cafatc-0525.pdf?VersionId=eI36BcM4wtL4TeR3ymJ61OJKBeVISJJ0,nsf.gov,,,—,error,2026-03-10T01:18:25.679725+00:00,,,,,,,,,,,,,,,,,,,,,,,,,,,,"File not found: crawled_files/nsf.gov/sbirii-cafatc-0525.pdf?VersionId=eI36BcM4wtL4TeR3ymJ61OJKBeVISJJ0 (crawled 1 day(s) ago at 2026-03-10T01:18:25.679725+00:00). Possible causes: failed download, incomplete artifact transfer, or stale manifest entry from a previous run."
https://nsf-gov-resources.nsf.gov/files/sbirii-cafatc-1024.pdf?VersionId=jRJl7geXEclIoKnj44fqNSr7sAy7tKSK,sbirii-cafatc-1024.pdf?VersionId=jRJl7geXEclIoKnj44fqNSr7sAy7tKSK,nsf.gov,,,—,error,2026-03-10T01:18:25.680846+00:00,,,,,,,,,,,,,,,,,,,,,,,,,,,,"File not found: crawled_files/nsf.gov/sbirii-cafatc-1024.pdf?VersionId=jRJl7geXEclIoKnj44fqNSr7sAy7tKSK (crawled 1 day(s) ago at 2026-03-10T01:18:25.680846+00:00). Possible causes: failed download, incomplete artifact transfer, or stale manifest entry from a previous run."
https://nsf-gov-resources.nsf.gov/files/sbirii-cafatc-20211025-r.pdf?VersionId=7k6xELjitST0HqtccH4MDGDliPh5NG6g,sbirii-cafatc-20211025-r.pdf?VersionId=7k6xELjitST0HqtccH4MDGDliPh5NG6g,nsf.gov,,,—,error,2026-03-10T01:18:25.682022+00:00,,,,,,,,,,,,,,,,,,,,,,,,,,,,"File not found: crawled_files/nsf.gov/sbirii-cafatc-20211025-r.pdf?VersionId=7k6xELjitST0HqtccH4MDGDliPh5NG6g (crawled 1 day(s) ago at 2026-03-10T01:18:25.682022+00:00). Possible causes: failed download, incomplete artifact transfer, or stale manifest entry from a previous run."
https://nsf-gov-resources.nsf.gov/files/sbirii-cafatc-20211213-r.pdf?VersionId=Tf19s7NW0O3mFylFVd.6fqV3ApKoQd.H,sbirii-cafatc-20211213-r.pdf?VersionId=Tf19s7NW0O3mFylFVd.6fqV3ApKoQd.H,nsf.gov,,,—,error,2026-03-10T01:18:25.683110+00:00,,,,,,,,,,,,,,,,,,,,,,,,,,,,"File not found: crawled_files/nsf.gov/sbirii-cafatc-20211213-r.pdf?VersionId=Tf19s7NW0O3mFylFVd.6fqV3ApKoQd.H (crawled 1 day(s) ago at 2026-03-10T01:18:25.683110+00:00). Possible causes: failed download, incomplete artifact transfer, or stale manifest entry from a previous run."
https://nsf-gov-resources.nsf.gov/files/sbirii-cafatc-20220114-r.pdf?VersionId=DZnPxh1lJJppNpwuGLNn65wyCo6.xZxm,sbirii-cafatc-20220114-r.pdf?VersionId=DZnPxh1lJJppNpwuGLNn65wyCo6.xZxm,nsf.gov,,,—,error,2026-03-10T01:18:25.684248+00:00,,,,,,,,,,,,,,,,,,,,,,,,,,,,"File not found: crawled_files/nsf.gov/sbirii-cafatc-20220114-r.pdf?VersionId=DZnPxh1lJJppNpwuGLNn65wyCo6.xZxm (crawled 1 day(s) ago at 2026-03-10T01:18:25.684248+00:00). Possible causes: failed download, incomplete artifact transfer, or stale manifest entry from a previous run."
https://nsf-gov-resources.nsf.gov/files/sbirii-cafatc-20220513-r.pdf?VersionId=p6yxCngDqkJoEcqckhxPIv5hz_KVK0ak,sbirii-cafatc-20220513-r.pdf?VersionId=p6yxCngDqkJoEcqckhxPIv5hz_KVK0ak,nsf.gov,,,—,error,2026-03-10T01:18:25.685367+00:00,,,,,,,,,,,,,,,,,,,,,,,,,,,,"File not found: crawled_files/nsf.gov/sbirii-cafatc-20220513-r.pdf?VersionId=p6yxCngDqkJoEcqckhxPIv5hz_KVK0ak (crawled 1 day(s) ago at 2026-03-10T01:18:25.685367+00:00). Possible causes: failed download, incomplete artifact transfer, or stale manifest entry from a previous run."
https://nsf-gov-resources.nsf.gov/files/sbirii-cafatc-20230130-r.pdf?VersionId=.5p6vZOX39Kzc04ILsNW74JTp6v6Vsov,sbirii-cafatc-20230130-r.pdf?VersionId=.5p6vZOX39Kzc04ILsNW74JTp6v6Vsov,nsf.gov,,,—,error,2026-03-10T01:18:25.686717+00:00,,,,,,,,,,,,,,,,,,,,,,,,,,,,"File not found: crawled_files/nsf.gov/sbirii-cafatc-20230130-r.pdf?VersionId=.5p6vZOX39Kzc04ILsNW74JTp6v6Vsov (crawled 1 day(s) ago at 2026-03-10T01:18:25.686717+00:00). Possible causes: failed download, incomplete artifact transfer, or stale manifest entry from a previous run."
https://nsf-gov-resources.nsf.gov/files/sbirii-cafatc-changes-20230130-r.pdf?VersionId=vDWKiqGd78_cwINBj0QDdzkLGfTA.pjs,sbirii-cafatc-changes-20230130-r.pdf?VersionId=vDWKiqGd78_cwINBj0QDdzkLGfTA.pjs,nsf.gov,,,—,error,2026-03-10T01:18:25.687305+00:00,,,,,,,,,,,,,,,,,,,,,,,,,,,,"File not found: crawled_files/nsf.gov/sbirii-cafatc-changes-20230130-r.pdf?VersionId=vDWKiqGd78_cwINBj0QDdzkLGfTA.pjs (crawled 1 day(s) ago at 2026-03-10T01:18:25.687305+00:00). Possible causes: failed download, incomplete artifact transfer, or stale manifest entry from a previous run."
https://nsf-gov-resources.nsf.gov/files/sbirii-cafatc-changes0524.pdf,sbirii-cafatc-changes0524.pdf,nsf.gov,,,—,error,2026-03-10T01:18:25.687814+00:00,,,,,,,,,,,,,,,,,,,,,,,,,,,,"File not found: crawled_files/nsf.gov/sbirii-cafatc-changes0524.pdf (crawled 1 day(s) ago at 2026-03-10T01:18:25.687814+00:00). Possible causes: failed download, incomplete artifact transfer, or stale manifest entry from a previous run."
https://nsf-gov-resources.nsf.gov/files/sbirii-cafatcsigchg-20211025-r.pdf?VersionId=X8vlGtN0_9.dsPoJMzzhyvi0CmYarM01,sbirii-cafatcsigchg-20211025-r.pdf?VersionId=X8vlGtN0_9.dsPoJMzzhyvi0CmYarM01,nsf.gov,,,—,error,2026-03-10T01:18:25.688373+00:00,,,,,,,,,,,,,,,,,,,,,,,,,,,,"File not found: crawled_files/nsf.gov/sbirii-cafatcsigchg-20211025-r.pdf?VersionId=X8vlGtN0_9.dsPoJMzzhyvi0CmYarM01 (crawled 1 day(s) ago at 2026-03-10T01:18:25.688373+00:00). Possible causes: failed download, incomplete artifact transfer, or stale manifest entry from a previous run."
https://nsf-gov-resources.nsf.gov/files/sbirii-cafatcsigchg-20211213-r.pdf?VersionId=68CjQHad.cKCnKlkYYAuVFZoPY3Cu6T2,sbirii-cafatcsigchg-20211213-r.pdf?VersionId=68CjQHad.cKCnKlkYYAuVFZoPY3Cu6T2,nsf.gov,,,—,error,2026-03-10T01:18:25.688968+00:00,,,,,,,,,,,,,,,,,,,,,,,,,,,,"File not found: crawled_files/nsf.gov/sbirii-cafatcsigchg-20211213-r.pdf?VersionId=68CjQHad.cKCnKlkYYAuVFZoPY3Cu6T2 (crawled 1 day(s) ago at 2026-03-10T01:18:25.688968+00:00). Possible causes: failed download, incomplete artifact transfer, or stale manifest entry from a previous run."
https://nsf-gov-resources.nsf.gov/files/sbirii-cafatcsigchg-20220114-r.pdf?VersionId=flDn8Ll2mSsy0KLBxoc5i2c8fWx59IGj,sbirii-cafatcsigchg-20220114-r.pdf?VersionId=flDn8Ll2mSsy0KLBxoc5i2c8fWx59IGj,nsf.gov,,,—,error,2026-03-10T01:18:25.689631+00:00,,,,,,,,,,,,,,,,,,,,,,,,,,,,"File not found: crawled_files/nsf.gov/sbirii-cafatcsigchg-20220114-r.pdf?VersionId=flDn8Ll2mSsy0KLBxoc5i2c8fWx59IGj (crawled 1 day(s) ago at 2026-03-10T01:18:25.689631+00:00). Possible causes: failed download, incomplete artifact transfer, or stale manifest entry from a previous run."
https://nsf-gov-resources.nsf.gov/files/sbirii-cafatcsigchg-20220513-r.pdf?VersionId=tKKFLCMPF6D5WB1agWp5WtZkeLruc00b,sbirii-cafatcsigchg-20220513-r.pdf?VersionId=tKKFLCMPF6D5WB1agWp5WtZkeLruc00b,nsf.gov,,,—,error,2026-03-10T01:18:25.690173+00:00,,,,,,,,,,,,,,,,,,,,,,,,,,,,"File not found: crawled_files/nsf.gov/sbirii-cafatcsigchg-20220513-r.pdf?VersionId=tKKFLCMPF6D5WB1agWp5WtZkeLruc00b (crawled 1 day(s) ago at 2026-03-10T01:18:25.690173+00:00). Possible causes: failed download, incomplete artifact transfer, or stale manifest entry from a previous run."
https://nsf-gov-resources.nsf.gov/files/sbirii-changes-20230130-r.pdf?VersionId=NELWjH5HYOEu_n6Av_922mtSQXNQgvJN,sbirii-changes-20230130-r.pdf?VersionId=NELWjH5HYOEu_n6Av_922mtSQXNQgvJN,nsf.gov,,,—,error,2026-03-10T01:18:25.690756+00:00,,,,,,,,,,,,,,,,,,,,,,,,,,,,"File not found: crawled_files/nsf.gov/sbirii-changes-20230130-r.pdf?VersionId=NELWjH5HYOEu_n6Av_922mtSQXNQgvJN (crawled 1 day(s) ago at 2026-03-10T01:18:25.690756+00:00). Possible causes: failed download, incomplete artifact transfer, or stale manifest entry from a previous run."
https://nsf-gov-resources.nsf.gov/files/sbirii-changes-20240520-r.pdf?VersionId=sd3W3rMnMJcN4dnD51R8fNxg8ztWTjX6,sbirii-changes-20240520-r.pdf?VersionId=sd3W3rMnMJcN4dnD51R8fNxg8ztWTjX6,nsf.gov,,,—,error,2026-03-10T01:18:25.691316+00:00,,,,,,,,,,,,,,,,,,,,,,,,,,,,"File not found: crawled_files/nsf.gov/sbirii-changes-20240520-r.pdf?VersionId=sd3W3rMnMJcN4dnD51R8fNxg8ztWTjX6 (crawled 1 day(s) ago at 2026-03-10T01:18:25.691316+00:00). Possible causes: failed download, incomplete artifact transfer, or stale manifest entry from a previous run."
https://nsf-gov-resources.nsf.gov/files/sbirii-grant-general-terms-cond-20220114-r.pdf?VersionId=R3vOxsCSBr9coAsh9OBQwO4V6tOqm.Kb,sbirii-grant-general-terms-cond-20220114-r.pdf?VersionId=R3vOxsCSBr9coAsh9OBQwO4V6tOqm.Kb,nsf.gov,,,—,error,2026-03-10T01:18:25.692584+00:00,,,,,,,,,,,,,,,,,,,,,,,,,,,,"File not found: crawled_files/nsf.gov/sbirii-grant-general-terms-cond-20220114-r.pdf?VersionId=R3vOxsCSBr9coAsh9OBQwO4V6tOqm.Kb (crawled 1 day(s) ago at 2026-03-10T01:18:25.692584+00:00). Possible causes: failed download, incomplete artifact transfer, or stale manifest entry from a previous run."
https://nsf-gov-resources.nsf.gov/files/sbirii-sigchg-20200706-r.pdf?VersionId=wtjNOP_5e0TB01hUcpH2xQyxoqbKxBct,sbirii-sigchg-20200706-r.pdf?VersionId=wtjNOP_5e0TB01hUcpH2xQyxoqbKxBct,nsf.gov,,,—,error,2026-03-10T01:18:25.693216+00:00,,,,,,,,,,,,,,,,,,,,,,,,,,,,"File not found: crawled_files/nsf.gov/sbirii-sigchg-20200706-r.pdf?VersionId=wtjNOP_5e0TB01hUcpH2xQyxoqbKxBct (crawled 1 day(s) ago at 2026-03-10T01:18:25.693216+00:00). Possible causes: failed download, incomplete artifact transfer, or stale manifest entry from a previous run."
https://nsf-gov-resources.nsf.gov/files/sbirii-sigchg-20220114-r.pdf?VersionId=ilSrPC3wC0vptApDlq0Ddw.rg8feK.Lx,sbirii-sigchg-20220114-r.pdf?VersionId=ilSrPC3wC0vptApDlq0Ddw.rg8feK.Lx,nsf.gov,,,—,error,2026-03-10T01:18:25.693795+00:00,,,,,,,,,,,,,,,,,,,,,,,,,,,,"File not found: crawled_files/nsf.gov/sbirii-sigchg-20220114-r.pdf?VersionId=ilSrPC3wC0vptApDlq0Ddw.rg8feK.Lx (crawled 1 day(s) ago at 2026-03-10T01:18:25.693795+00:00). Possible causes: failed download, incomplete artifact transfer, or stale manifest entry from a previous run."
https://nsf-gov-resources.nsf.gov/files/sbirii-sigchg-20220513-r_0.pdf?VersionId=M5tx9lHmglDsC8wQj2bWsLAUDHP0SQC2,sbirii-sigchg-20220513-r_0.pdf?VersionId=M5tx9lHmglDsC8wQj2bWsLAUDHP0SQC2,nsf.gov,,,—,error,2026-03-10T01:18:25.694329+00:00,,,,,,,,,,,,,,,,,,,,,,,,,,,,"File not found: crawled_files/nsf.gov/sbirii-sigchg-20220513-r_0.pdf?VersionId=M5tx9lHmglDsC8wQj2bWsLAUDHP0SQC2 (crawled 1 day(s) ago at 2026-03-10T01:18:25.694329+00:00). Possible causes: failed download, incomplete artifact transfer, or stale manifest entry from a previous run."
https://nsf-gov-resources.nsf.gov/pubs/policydocs/sbir/sbirii_212.pdf?VersionId=xKkN0ab191fCTCvI10dChLojNIBU5evj,sbirii_212.pdf?VersionId=xKkN0ab191fCTCvI10dChLojNIBU5evj,nsf.gov,,,—,error,2026-03-10T01:18:25.694808+00:00,,,,,,,,,,,,,,,,,,,,,,,,,,,,"File not found: crawled_files/nsf.gov/sbirii_212.pdf?VersionId=xKkN0ab191fCTCvI10dChLojNIBU5evj (crawled 1 day(s) ago at 2026-03-10T01:18:25.694808+00:00). Possible causes: failed download, incomplete artifact transfer, or stale manifest entry from a previous run."
https://nsf-gov-resources.nsf.gov/files/sigchg-20210901-r_0.pdf?VersionId=iE4Sk3_IqWhRc8PUnSzXHvutZlTD7HDe,sigchg-20210901-r_0.pdf?VersionId=iE4Sk3_IqWhRc8PUnSzXHvutZlTD7HDe,nsf.gov,,,—,error,2026-03-10T01:18:25.695431+00:00,,,,,,,,,,,,,,,,,,,,,,,,,,,,"File not found: crawled_files/nsf.gov/sigchg-20210901-r_0.pdf?VersionId=iE4Sk3_IqWhRc8PUnSzXHvutZlTD7HDe (crawled 1 day(s) ago at 2026-03-10T01:18:25.695431+00:00). Possible causes: failed download, incomplete artifact transfer, or stale manifest entry from a previous run."
https://nsf-gov-resources.nsf.gov/files/sigchg-feb19.pdf?VersionId=b5RppYRjkItY4_RjXVMQe1o.M2CEeCVW,sigchg-feb19.pdf?VersionId=b5RppYRjkItY4_RjXVMQe1o.M2CEeCVW,nsf.gov,,,—,error,2026-03-10T01:18:25.695893+00:00,,,,,,,,,,,,,,,,,,,,,,,,,,,,"File not found: crawled_files/nsf.gov/sigchg-feb19.pdf?VersionId=b5RppYRjkItY4_RjXVMQe1o.M2CEeCVW (crawled 1 day(s) ago at 2026-03-10T01:18:25.695893+00:00). Possible causes: failed download, incomplete artifact transfer, or stale manifest entry from a previous run."
https://nsf-gov-resources.nsf.gov/files/sigchg-may22.pdf?VersionId=2MDxki9yLrQ5PRwN9kvqiOH5KVGeUB6q,sigchg-may22.pdf?VersionId=2MDxki9yLrQ5PRwN9kvqiOH5KVGeUB6q,nsf.gov,,,—,error,2026-03-10T01:18:25.696389+00:00,,,,,,,,,,,,,,,,,,,,,,,,,,,,"File not found: crawled_files/nsf.gov/sigchg-may22.pdf?VersionId=2MDxki9yLrQ5PRwN9kvqiOH5KVGeUB6q (crawled 1 day(s) ago at 2026-03-10T01:18:25.696389+00:00). Possible causes: failed download, incomplete artifact transfer, or stale manifest entry from a previous run."
https://nsf-gov-resources.nsf.gov/files/sigchg-nov20.pdf?VersionId=dlB38Ayc1XdPL34yTXMFjOeas21TbcQk,sigchg-nov20.pdf?VersionId=dlB38Ayc1XdPL34yTXMFjOeas21TbcQk,nsf.gov,,,—,error,2026-03-10T01:18:25.697009+00:00,,,,,,,,,,,,,,,,,,,,,,,,,,,,"File not found: crawled_files/nsf.gov/sigchg-nov20.pdf?VersionId=dlB38Ayc1XdPL34yTXMFjOeas21TbcQk (crawled 1 day(s) ago at 2026-03-10T01:18:25.697009+00:00). Possible causes: failed download, incomplete artifact transfer, or stale manifest entry from a previous run."
https://nsf-gov-resources.nsf.gov/files/sigchg-oct18.pdf?VersionId=BmL0CD24BBNKNaOipbjZTCjTNie_9HYn,sigchg-oct18.pdf?VersionId=BmL0CD24BBNKNaOipbjZTCjTNie_9HYn,nsf.gov,,,—,error,2026-03-10T01:18:25.697332+00:00,,,,,,,,,,,,,,,,,,,,,,,,,,,,"File not found: crawled_files/nsf.gov/sigchg-oct18.pdf?VersionId=BmL0CD24BBNKNaOipbjZTCjTNie_9HYn (crawled 1 day(s) ago at 2026-03-10T01:18:25.697332+00:00). Possible causes: failed download, incomplete artifact transfer, or stale manifest entry from a previous run."
https://nsf-gov-resources.nsf.gov/files/sigchg-oct20.pdf?VersionId=iVgzZ6QRs0PhQFjegecBy1f1fDK5foiX,sigchg-oct20.pdf?VersionId=iVgzZ6QRs0PhQFjegecBy1f1fDK5foiX,nsf.gov,,,—,error,2026-03-10T01:18:25.697851+00:00,,,,,,,,,,,,,,,,,,,,,,,,,,,,"File not found: crawled_files/nsf.gov/sigchg-oct20.pdf?VersionId=iVgzZ6QRs0PhQFjegecBy1f1fDK5foiX (crawled 1 day(s) ago at 2026-03-10T01:18:25.697851+00:00). Possible causes: failed download, incomplete artifact transfer, or stale manifest entry from a previous run."
https://nsf-gov-resources.nsf.gov/files/sigchg-oct21.pdf?VersionId=ch1x_a3LiVWFoNigPIDzZ9XjG7b2J5Tx,sigchg-oct21.pdf?VersionId=ch1x_a3LiVWFoNigPIDzZ9XjG7b2J5Tx,nsf.gov,,,—,error,2026-03-10T01:18:25.698339+00:00,,,,,,,,,,,,,,,,,,,,,,,,,,,,"File not found: crawled_files/nsf.gov/sigchg-oct21.pdf?VersionId=ch1x_a3LiVWFoNigPIDzZ9XjG7b2J5Tx (crawled 1 day(s) ago at 2026-03-10T01:18:25.698339+00:00). Possible causes: failed download, incomplete artifact transfer, or stale manifest entry from a previous run."
https://nsf-gov-resources.nsf.gov/files/spec-terms-conditions-conf-grants-20211004-r.pdf?VersionId=C360LBQN0wqfbYMplh7qfmmeTOEE99Uy,spec-terms-conditions-conf-grants-20211004-r.pdf?VersionId=C360LBQN0wqfbYMplh7qfmmeTOEE99Uy,nsf.gov,,,—,error,2026-03-10T01:18:25.699017+00:00,,,,,,,,,,,,,,,,,,,,,,,,,,,,"File not found: crawled_files/nsf.gov/spec-terms-conditions-conf-grants-20211004-r.pdf?VersionId=C360LBQN0wqfbYMplh7qfmmeTOEE99Uy (crawled 1 day(s) ago at 2026-03-10T01:18:25.699017+00:00). Possible causes: failed download, incomplete artifact transfer, or stale manifest entry from a previous run."
https://nsf-gov-resources.nsf.gov/files/spec-terms-conditions-conf-travel-grants-20201005-r.pdf?VersionId=QC4_M1bUsfAQwZM6GEKc7K3_EO_jlO3H,spec-terms-conditions-conf-travel-grants-20201005-r.pdf?VersionId=QC4_M1bUsfAQwZM6GEKc7K3_EO_jlO3H,nsf.gov,,,—,error,2026-03-10T01:18:25.699582+00:00,,,,,,,,,,,,,,,,,,,,,,,,,,,,"File not found: crawled_files/nsf.gov/spec-terms-conditions-conf-travel-grants-20201005-r.pdf?VersionId=QC4_M1bUsfAQwZM6GEKc7K3_EO_jlO3H (crawled 1 day(s) ago at 2026-03-10T01:18:25.699582+00:00). Possible causes: failed download, incomplete artifact transfer, or stale manifest entry from a previous run."
https://nsf-gov-resources.nsf.gov/files/spec-terms-conditions-conf-travel-grants-20201112-r.pdf?VersionId=g6cuHI8rU7me5fkXjTBaSRn3xnMG3WKc,spec-terms-conditions-conf-travel-grants-20201112-r.pdf?VersionId=g6cuHI8rU7me5fkXjTBaSRn3xnMG3WKc,nsf.gov,,,—,error,2026-03-10T01:18:25.700195+00:00,,,,,,,,,,,,,,,,,,,,,,,,,,,,"File not found: crawled_files/nsf.gov/spec-terms-conditions-conf-travel-grants-20201112-r.pdf?VersionId=g6cuHI8rU7me5fkXjTBaSRn3xnMG3WKc (crawled 1 day(s) ago at 2026-03-10T01:18:25.700195+00:00). Possible causes: failed download, incomplete artifact transfer, or stale manifest entry from a previous run."
https://nsf-gov-resources.nsf.gov/files/spec-terms-conditions-conf-travel-grants-20220513-r.pdf?VersionId=VdmDCxp5ViDAs4uiZKRs5aXqNbqFKcUL,spec-terms-conditions-conf-travel-grants-20220513-r.pdf?VersionId=VdmDCxp5ViDAs4uiZKRs5aXqNbqFKcUL,nsf.gov,,,—,error,2026-03-10T01:18:25.700799+00:00,,,,,,,,,,,,,,,,,,,,,,,,,,,,"File not found: crawled_files/nsf.gov/spec-terms-conditions-conf-travel-grants-20220513-r.pdf?VersionId=VdmDCxp5ViDAs4uiZKRs5aXqNbqFKcUL (crawled 1 day(s) ago at 2026-03-10T01:18:25.700799+00:00). Possible causes: failed download, incomplete artifact transfer, or stale manifest entry from a previous run."
https://nsf-gov-resources.nsf.gov/files/spec-terms-conditions-conf-travel-grants-changes-20230130-r.pdf?VersionId=APpRLITOPQe8wkv7M.6t_v.kbHk1_VrN,spec-terms-conditions-conf-travel-grants-changes-20230130-r.pdf?VersionId=APpRLITOPQe8wkv7M.6t_v.kbHk1_VrN,nsf.gov,,,—,error,2026-03-10T01:18:25.701989+00:00,,,,,,,,,,,,,,,,,,,,,,,,,,,,"File not found: crawled_files/nsf.gov/spec-terms-conditions-conf-travel-grants-changes-20230130-r.pdf?VersionId=APpRLITOPQe8wkv7M.6t_v.kbHk1_VrN (crawled 1 day(s) ago at 2026-03-10T01:18:25.701989+00:00). Possible causes: failed download, incomplete artifact transfer, or stale manifest entry from a previous run."
https://nsf-gov-resources.nsf.gov/files/spec-terms-conditions-conf-travel-grants-fl26-20190225-r.pdf?VersionId=m6lhL_QgVOV.tBmF20xyKWI_LaRUpAua,spec-terms-conditions-conf-travel-grants-fl26-20190225-r.pdf?VersionId=m6lhL_QgVOV.tBmF20xyKWI_LaRUpAua,nsf.gov,,,—,error,2026-03-10T01:18:25.703806+00:00,,,,,,,,,,,,,,,,,,,,,,,,,,,,"File not found: crawled_files/nsf.gov/spec-terms-conditions-conf-travel-grants-fl26-20190225-r.pdf?VersionId=m6lhL_QgVOV.tBmF20xyKWI_LaRUpAua (crawled 1 day(s) ago at 2026-03-10T01:18:25.703806+00:00). Possible causes: failed download, incomplete artifact transfer, or stale manifest entry from a previous run."
https://nsf-gov-resources.nsf.gov/files/spec-terms-conditions-fl26-conf-travel-grants-20220513-r.pdf?VersionId=aX1m9puSfy4.RZfa92H6j96NgPzqJW7.,spec-terms-conditions-fl26-conf-travel-grants-20220513-r.pdf?VersionId=aX1m9puSfy4.RZfa92H6j96NgPzqJW7.,nsf.gov,,,—,error,2026-03-10T01:18:25.705753+00:00,,,,,,,,,,,,,,,,,,,,,,,,,,,,"File not found: crawled_files/nsf.gov/spec-terms-conditions-fl26-conf-travel-grants-20220513-r.pdf?VersionId=aX1m9puSfy4.RZfa92H6j96NgPzqJW7. (crawled 1 day(s) ago at 2026-03-10T01:18:25.705753+00:00). Possible causes: failed download, incomplete artifact transfer, or stale manifest entry from a previous run."
https://ncses.nsf.gov/1599/assets/0/files/srvystaterd-2024.pdf,srvystaterd-2024.pdf,nsf.gov,,,—,error,2026-03-10T01:18:25.714329+00:00,,,,,,,,,,,,,,,,,,,,,,,,,,,,"File not found: crawled_files/nsf.gov/srvystaterd-2024.pdf (crawled 1 day(s) ago at 2026-03-10T01:18:25.714329+00:00). Possible causes: failed download, incomplete artifact transfer, or stale manifest entry from a previous run."
https://ncses.nsf.gov/1599/assets/0/files/srvystaterd-2025.pdf,srvystaterd-2025.pdf,nsf.gov,,,—,error,2026-03-10T01:18:25.720047+00:00,,,,,,,,,,,,,,,,,,,,,,,,,,,,"File not found: crawled_files/nsf.gov/srvystaterd-2025.pdf (crawled 1 day(s) ago at 2026-03-10T01:18:25.720047+00:00). Possible causes: failed download, incomplete artifact transfer, or stale manifest entry from a previous run."
https://ncses.nsf.gov/pubs/nsf19304/assets/digest/figures/wmpd19-sr-fig04a.pdf,wmpd19-sr-fig04a.pdf,nsf.gov,,,—,error,2026-03-10T01:18:25.720834+00:00,,,,,,,,,,,,,,,,,,,,,,,,,,,,"File not found: crawled_files/nsf.gov/wmpd19-sr-fig04a.pdf (crawled 1 day(s) ago at 2026-03-10T01:18:25.720834+00:00). Possible causes: failed download, incomplete artifact transfer, or stale manifest entry from a previous run."
https://ncses.nsf.gov/pubs/nsf19304/assets/digest/figures/wmpd19-sr-fig04a.xlsx,wmpd19-sr-fig04a.xlsx,nsf.gov,,,—,error,2026-03-10T01:18:25.721520+00:00,,,,,,,,,,,,,,,,,,,,,,,,,,,,"File not found: crawled_files/nsf.gov/wmpd19-sr-fig04a.xlsx (crawled 1 day(s) ago at 2026-03-10T01:18:25.721520+00:00). Possible causes: failed download, incomplete artifact transfer, or stale manifest entry from a previous run."
https://ncses.nsf.gov/pubs/nsf19304/assets/digest/figures/wmpd19-sr-fig04b.pdf,wmpd19-sr-fig04b.pdf,nsf.gov,,,—,error,2026-03-10T01:18:25.722167+00:00,,,,,,,,,,,,,,,,,,,,,,,,,,,,"File not found: crawled_files/nsf.gov/wmpd19-sr-fig04b.pdf (crawled 1 day(s) ago at 2026-03-10T01:18:25.722167+00:00). Possible causes: failed download, incomplete artifact transfer, or stale manifest entry from a previous run."
https://ncses.nsf.gov/pubs/nsf19304/assets/digest/figures/wmpd19-sr-fig04b.xlsx,wmpd19-sr-fig04b.xlsx,nsf.gov,,,—,error,2026-03-10T01:18:25.722793+00:00,,,,,,,,,,,,,,,,,,,,,,,,,,,,"File not found: crawled_files/nsf.gov/wmpd19-sr-fig04b.xlsx (crawled 1 day(s) ago at 2026-03-10T01:18:25.722793+00:00). Possible causes: failed download, incomplete artifact transfer, or stale manifest entry from a previous run."
https://ncses.nsf.gov/pubs/nsf19304/assets/digest/figures/wmpd19-sr-fig04c.pdf,wmpd19-sr-fig04c.pdf,nsf.gov,,,—,error,2026-03-10T01:18:25.723664+00:00,,,,,,,,,,,,,,,,,,,,,,,,,,,,"File not found: crawled_files/nsf.gov/wmpd19-sr-fig04c.pdf (crawled 1 day(s) ago at 2026-03-10T01:18:25.723664+00:00). Possible causes: failed download, incomplete artifact transfer, or stale manifest entry from a previous run."
https://ncses.nsf.gov/pubs/nsf19304/assets/digest/figures/wmpd19-sr-fig04c.xlsx,wmpd19-sr-fig04c.xlsx,nsf.gov,,,—,error,2026-03-10T01:18:25.724255+00:00,,,,,,,,,,,,,,,,,,,,,,,,,,,,"File not found: crawled_files/nsf.gov/wmpd19-sr-fig04c.xlsx (crawled 1 day(s) ago at 2026-03-10T01:18:25.724255+00:00). Possible causes: failed download, incomplete artifact transfer, or stale manifest entry from a previous run."
https://ncses.nsf.gov/pubs/nsf19304/assets/digest/figures/wmpd19-sr-fig04d.pdf,wmpd19-sr-fig04d.pdf,nsf.gov,,,—,error,2026-03-10T01:18:25.725107+00:00,,,,,,,,,,,,,,,,,,,,,,,,,,,,"File not found: crawled_files/nsf.gov/wmpd19-sr-fig04d.pdf (crawled 1 day(s) ago at 2026-03-10T01:18:25.725107+00:00). Possible causes: failed download, incomplete artifact transfer, or stale manifest entry from a previous run."
https://ncses.nsf.gov/pubs/nsf19304/assets/digest/figures/wmpd19-sr-fig04d.xlsx,wmpd19-sr-fig04d.xlsx,nsf.gov,,,—,error,2026-03-10T01:18:25.725637+00:00,,,,,,,,,,,,,,,,,,,,,,,,,,,,"File not found: crawled_files/nsf.gov/wmpd19-sr-fig04d.xlsx (crawled 1 day(s) ago at 2026-03-10T01:18:25.725637+00:00). Possible causes: failed download, incomplete artifact transfer, or stale manifest entry from a previous run."
https://ncses.nsf.gov/pubs/nsf19304/assets/digest/figures/wmpd19-sr-fig04e.pdf,wmpd19-sr-fig04e.pdf,nsf.gov,,,—,error,2026-03-10T01:18:25.726497+00:00,,,,,,,,,,,,,,,,,,,,,,,,,,,,"File not found: crawled_files/nsf.gov/wmpd19-sr-fig04e.pdf (crawled 1 day(s) ago at 2026-03-10T01:18:25.726497+00:00). Possible causes: failed download, incomplete artifact transfer, or stale manifest entry from a previous run."
https://ncses.nsf.gov/pubs/nsf19304/assets/digest/figures/wmpd19-sr-fig04e.xlsx,wmpd19-sr-fig04e.xlsx,nsf.gov,,,—,error,2026-03-10T01:18:25.727096+00:00,,,,,,,,,,,,,,,,,,,,,,,,,,,,"File not found: crawled_files/nsf.gov/wmpd19-sr-fig04e.xlsx (crawled 1 day(s) ago at 2026-03-10T01:18:25.727096+00:00). Possible causes: failed download, incomplete artifact transfer, or stale manifest entry from a previous run."
https://ncses.nsf.gov/pubs/nsf19304/assets/digest/figures/wmpd19-sr-fig04f.pdf,wmpd19-sr-fig04f.pdf,nsf.gov,,,—,error,2026-03-10T01:18:25.727809+00:00,,,,,,,,,,,,,,,,,,,,,,,,,,,,"File not found: crawled_files/nsf.gov/wmpd19-sr-fig04f.pdf (crawled 1 day(s) ago at 2026-03-10T01:18:25.727809+00:00). Possible causes: failed download, incomplete artifact transfer, or stale manifest entry from a previous run."
https://ncses.nsf.gov/pubs/nsf19304/assets/digest/figures/wmpd19-sr-fig04f.xlsx,wmpd19-sr-fig04f.xlsx,nsf.gov,,,—,error,2026-03-10T01:18:25.728391+00:00,,,,,,,,,,,,,,,,,,,,,,,,,,,,"File not found: crawled_files/nsf.gov/wmpd19-sr-fig04f.xlsx (crawled 1 day(s) ago at 2026-03-10T01:18:25.728391+00:00). Possible causes: failed download, incomplete artifact transfer, or stale manifest entry from a previous run."
https://ncses.nsf.gov/pubs/nsf19304/assets/digest/figures/wmpd19-sr-fig05a.pdf,wmpd19-sr-fig05a.pdf,nsf.gov,,,—,error,2026-03-10T01:18:25.729061+00:00,,,,,,,,,,,,,,,,,,,,,,,,,,,,"File not found: crawled_files/nsf.gov/wmpd19-sr-fig05a.pdf (crawled 1 day(s) ago at 2026-03-10T01:18:25.729061+00:00). Possible causes: failed download, incomplete artifact transfer, or stale manifest entry from a previous run."
https://ncses.nsf.gov/pubs/nsf19304/assets/digest/figures/wmpd19-sr-fig05a.xlsx,wmpd19-sr-fig05a.xlsx,nsf.gov,,,—,error,2026-03-10T01:18:25.729570+00:00,,,,,,,,,,,,,,,,,,,,,,,,,,,,"File not found: crawled_files/nsf.gov/wmpd19-sr-fig05a.xlsx (crawled 1 day(s) ago at 2026-03-10T01:18:25.729570+00:00). Possible causes: failed download, incomplete artifact transfer, or stale manifest entry from a previous run."
https://ncses.nsf.gov/pubs/nsf19304/assets/digest/figures/wmpd19-sr-fig05b.pdf,wmpd19-sr-fig05b.pdf,nsf.gov,,,—,error,2026-03-10T01:18:25.730337+00:00,,,,,,,,,,,,,,,,,,,,,,,,,,,,"File not found: crawled_files/nsf.gov/wmpd19-sr-fig05b.pdf (crawled 1 day(s) ago at 2026-03-10T01:18:25.730337+00:00). Possible causes: failed download, incomplete artifact transfer, or stale manifest entry from a previous run."
https://ncses.nsf.gov/pubs/nsf19304/assets/digest/figures/wmpd19-sr-fig05b.xlsx,wmpd19-sr-fig05b.xlsx,nsf.gov,,,—,error,2026-03-10T01:18:25.730848+00:00,,,,,,,,,,,,,,,,,,,,,,,,,,,,"File not found: crawled_files/nsf.gov/wmpd19-sr-fig05b.xlsx (crawled 1 day(s) ago at 2026-03-10T01:18:25.730848+00:00). Possible causes: failed download, incomplete artifact transfer, or stale manifest entry from a previous run."
https://ncses.nsf.gov/pubs/nsf19304/assets/digest/figures/wmpd19-sr-fig05c.pdf,wmpd19-sr-fig05c.pdf,nsf.gov,,,—,error,2026-03-10T01:18:25.731446+00:00,,,,,,,,,,,,,,,,,,,,,,,,,,,,"File not found: crawled_files/nsf.gov/wmpd19-sr-fig05c.pdf (crawled 1 day(s) ago at 2026-03-10T01:18:25.731446+00:00). Possible causes: failed download, incomplete artifact transfer, or stale manifest entry from a previous run."
https://ncses.nsf.gov/pubs/nsf19304/assets/digest/figures/wmpd19-sr-fig05c.xlsx,wmpd19-sr-fig05c.xlsx,nsf.gov,,,—,error,2026-03-10T01:18:25.732054+00:00,,,,,,,,,,,,,,,,,,,,,,,,,,,,"File not found: crawled_files/nsf.gov/wmpd19-sr-fig05c.xlsx (crawled 1 day(s) ago at 2026-03-10T01:18:25.732054+00:00). Possible causes: failed download, incomplete artifact transfer, or stale manifest entry from a previous run."
https://ncses.nsf.gov/pubs/nsf19304/assets/digest/figures/wmpd19-sr-fig05d.pdf,wmpd19-sr-fig05d.pdf,nsf.gov,,,—,error,2026-03-10T01:18:25.732555+00:00,,,,,,,,,,,,,,,,,,,,,,,,,,,,"File not found: crawled_files/nsf.gov/wmpd19-sr-fig05d.pdf (crawled 1 day(s) ago at 2026-03-10T01:18:25.732555+00:00). Possible causes: failed download, incomplete artifact transfer, or stale manifest entry from a previous run."
https://ncses.nsf.gov/pubs/nsf19304/assets/digest/figures/wmpd19-sr-fig05d.xlsx,wmpd19-sr-fig05d.xlsx,nsf.gov,,,—,error,2026-03-10T01:18:25.732828+00:00,,,,,,,,,,,,,,,,,,,,,,,,,,,,"File not found: crawled_files/nsf.gov/wmpd19-sr-fig05d.xlsx (crawled 1 day(s) ago at 2026-03-10T01:18:25.732828+00:00). Possible causes: failed download, incomplete artifact transfer, or stale manifest entry from a previous run."
https://ncses.nsf.gov/pubs/nsf19304/assets/digest/figures/wmpd19-sr-fig05e.pdf,wmpd19-sr-fig05e.pdf,nsf.gov,,,—,error,2026-03-10T01:18:25.733226+00:00,,,,,,,,,,,,,,,,,,,,,,,,,,,,"File not found: crawled_files/nsf.gov/wmpd19-sr-fig05e.pdf (crawled 1 day(s) ago at 2026-03-10T01:18:25.733226+00:00). Possible causes: failed download, incomplete artifact transfer, or stale manifest entry from a previous run."
https://ncses.nsf.gov/pubs/nsf19304/assets/digest/figures/wmpd19-sr-fig05e.xlsx,wmpd19-sr-fig05e.xlsx,nsf.gov,,,—,error,2026-03-10T01:18:25.733496+00:00,,,,,,,,,,,,,,,,,,,,,,,,,,,,"File not found: crawled_files/nsf.gov/wmpd19-sr-fig05e.xlsx (crawled 1 day(s) ago at 2026-03-10T01:18:25.733496+00:00). Possible causes: failed download, incomplete artifact transfer, or stale manifest entry from a previous run."
https://ncses.nsf.gov/pubs/nsf19304/assets/digest/figures/wmpd19-sr-fig05f.pdf,wmpd19-sr-fig05f.pdf,nsf.gov,,,—,error,2026-03-10T01:18:25.733878+00:00,,,,,,,,,,,,,,,,,,,,,,,,,,,,"File not found: crawled_files/nsf.gov/wmpd19-sr-fig05f.pdf (crawled 1 day(s) ago at 2026-03-10T01:18:25.733878+00:00). Possible causes: failed download, incomplete artifact transfer, or stale manifest entry from a previous run."
https://ncses.nsf.gov/pubs/nsf19304/assets/digest/figures/wmpd19-sr-fig05f.xlsx,wmpd19-sr-fig05f.xlsx,nsf.gov,,,—,error,2026-03-10T01:18:25.734165+00:00,,,,,,,,,,,,,,,,,,,,,,,,,,,,"File not found: crawled_files/nsf.gov/wmpd19-sr-fig05f.xlsx (crawled 1 day(s) ago at 2026-03-10T01:18:25.734165+00:00). Possible causes: failed download, incomplete artifact transfer, or stale manifest entry from a previous run."
https://ncses.nsf.gov/pubs/nsf19304/assets/digest/figures/wmpd19-sr-fig06f.pdf,wmpd19-sr-fig06f.pdf,nsf.gov,,,—,error,2026-03-10T01:18:25.734570+00:00,,,,,,,,,,,,,,,,,,,,,,,,,,,,"File not found: crawled_files/nsf.gov/wmpd19-sr-fig06f.pdf (crawled 1 day(s) ago at 2026-03-10T01:18:25.734570+00:00). Possible causes: failed download, incomplete artifact transfer, or stale manifest entry from a previous run."
https://ncses.nsf.gov/pubs/nsf19304/assets/data/tables/wmpd19-sr-tab01-001.pdf,wmpd19-sr-tab01-001.pdf,nsf.gov,,,—,error,2026-03-10T01:18:25.734955+00:00,,,,,,,,,,,,,,,,,,,,,,,,,,,,"File not found: crawled_files/nsf.gov/wmpd19-sr-tab01-001.pdf (crawled 1 day(s) ago at 2026-03-10T01:18:25.734955+00:00). Possible causes: failed download, incomplete artifact transfer, or stale manifest entry from a previous run."
https://ncses.nsf.gov/pubs/nsf19304/assets/data/tables/wmpd19-sr-tab01-001.xlsx,wmpd19-sr-tab01-001.xlsx,nsf.gov,,,—,error,2026-03-10T01:18:25.735231+00:00,,,,,,,,,,,,,,,,,,,,,,,,,,,,"File not found: crawled_files/nsf.gov/wmpd19-sr-tab01-001.xlsx (crawled 1 day(s) ago at 2026-03-10T01:18:25.735231+00:00). Possible causes: failed download, incomplete artifact transfer, or stale manifest entry from a previous run."
https://ncses.nsf.gov/pubs/nsf19304/assets/data/tables/wmpd19-sr-tab01-002.pdf,wmpd19-sr-tab01-002.pdf,nsf.gov,,,—,error,2026-03-10T01:18:25.735614+00:00,,,,,,,,,,,,,,,,,,,,,,,,,,,,"File not found: crawled_files/nsf.gov/wmpd19-sr-tab01-002.pdf (crawled 1 day(s) ago at 2026-03-10T01:18:25.735614+00:00). Possible causes: failed download, incomplete artifact transfer, or stale manifest entry from a previous run."
https://ncses.nsf.gov/pubs/nsf19304/assets/data/tables/wmpd19-sr-tab01-002.xlsx,wmpd19-sr-tab01-002.xlsx,nsf.gov,,,—,error,2026-03-10T01:18:25.735888+00:00,,,,,,,,,,,,,,,,,,,,,,,,,,,,"File not found: crawled_files/nsf.gov/wmpd19-sr-tab01-002.xlsx (crawled 1 day(s) ago at 2026-03-10T01:18:25.735888+00:00). Possible causes: failed download, incomplete artifact transfer, or stale manifest entry from a previous run."
https://ncses.nsf.gov/pubs/nsf19304/assets/data/tables/wmpd19-sr-tab01-003.pdf,wmpd19-sr-tab01-003.pdf,nsf.gov,,,—,error,2026-03-10T01:18:25.736307+00:00,,,,,,,,,,,,,,,,,,,,,,,,,,,,"File not found: crawled_files/nsf.gov/wmpd19-sr-tab01-003.pdf (crawled 1 day(s) ago at 2026-03-10T01:18:25.736307+00:00). Possible causes: failed download, incomplete artifact transfer, or stale manifest entry from a previous run."
https://ncses.nsf.gov/pubs/nsf19304/assets/data/tables/wmpd19-sr-tab01-003.xlsx,wmpd19-sr-tab01-003.xlsx,nsf.gov,,,—,error,2026-03-10T01:18:25.736580+00:00,,,,,,,,,,,,,,,,,,,,,,,,,,,,"File not found: crawled_files/nsf.gov/wmpd19-sr-tab01-003.xlsx (crawled 1 day(s) ago at 2026-03-10T01:18:25.736580+00:00). Possible causes: failed download, incomplete artifact transfer, or stale manifest entry from a previous run."
https://ncses.nsf.gov/pubs/nsf19304/assets/data/tables/wmpd19-sr-tab02-001.pdf,wmpd19-sr-tab02-001.pdf,nsf.gov,,,—,error,2026-03-10T01:18:25.737059+00:00,,,,,,,,,,,,,,,,,,,,,,,,,,,,"File not found: crawled_files/nsf.gov/wmpd19-sr-tab02-001.pdf (crawled 1 day(s) ago at 2026-03-10T01:18:25.737059+00:00). Possible causes: failed download, incomplete artifact transfer, or stale manifest entry from a previous run."
https://ncses.nsf.gov/pubs/nsf19304/assets/data/tables/wmpd19-sr-tab02-001.xlsx,wmpd19-sr-tab02-001.xlsx,nsf.gov,,,—,error,2026-03-10T01:18:25.737346+00:00,,,,,,,,,,,,,,,,,,,,,,,,,,,,"File not found: crawled_files/nsf.gov/wmpd19-sr-tab02-001.xlsx (crawled 1 day(s) ago at 2026-03-10T01:18:25.737346+00:00). Possible causes: failed download, incomplete artifact transfer, or stale manifest entry from a previous run."
https://ncses.nsf.gov/pubs/nsf19304/assets/data/tables/wmpd19-sr-tab02-002.pdf,wmpd19-sr-tab02-002.pdf,nsf.gov,,,—,error,2026-03-10T01:18:25.737824+00:00,,,,,,,,,,,,,,,,,,,,,,,,,,,,"File not found: crawled_files/nsf.gov/wmpd19-sr-tab02-002.pdf (crawled 1 day(s) ago at 2026-03-10T01:18:25.737824+00:00). Possible causes: failed download, incomplete artifact transfer, or stale manifest entry from a previous run."
https://ncses.nsf.gov/pubs/nsf19304/assets/data/tables/wmpd19-sr-tab02-002.xlsx,wmpd19-sr-tab02-002.xlsx,nsf.gov,,,—,error,2026-03-10T01:18:25.738124+00:00,,,,,,,,,,,,,,,,,,,,,,,,,,,,"File not found: crawled_files/nsf.gov/wmpd19-sr-tab02-002.xlsx (crawled 1 day(s) ago at 2026-03-10T01:18:25.738124+00:00). Possible causes: failed download, incomplete artifact transfer, or stale manifest entry from a previous run."
https://ncses.nsf.gov/pubs/nsf19304/assets/data/tables/wmpd19-sr-tab02-003.pdf,wmpd19-sr-tab02-003.pdf,nsf.gov,,,—,error,2026-03-10T01:18:25.738597+00:00,,,,,,,,,,,,,,,,,,,,,,,,,,,,"File not found: crawled_files/nsf.gov/wmpd19-sr-tab02-003.pdf (crawled 1 day(s) ago at 2026-03-10T01:18:25.738597+00:00). Possible causes: failed download, incomplete artifact transfer, or stale manifest entry from a previous run."
https://ncses.nsf.gov/pubs/nsf19304/assets/data/tables/wmpd19-sr-tab02-003.xlsx,wmpd19-sr-tab02-003.xlsx,nsf.gov,,,—,error,2026-03-10T01:18:25.738881+00:00,,,,,,,,,,,,,,,,,,,,,,,,,,,,"File not found: crawled_files/nsf.gov/wmpd19-sr-tab02-003.xlsx (crawled 1 day(s) ago at 2026-03-10T01:18:25.738881+00:00). Possible causes: failed download, incomplete artifact transfer, or stale manifest entry from a previous run."
https://ncses.nsf.gov/pubs/nsf19304/assets/data/tables/wmpd19-sr-tab02-004.pdf,wmpd19-sr-tab02-004.pdf,nsf.gov,,,—,error,2026-03-10T01:18:25.739357+00:00,,,,,,,,,,,,,,,,,,,,,,,,,,,,"File not found: crawled_files/nsf.gov/wmpd19-sr-tab02-004.pdf (crawled 1 day(s) ago at 2026-03-10T01:18:25.739357+00:00). Possible causes: failed download, incomplete artifact transfer, or stale manifest entry from a previous run."
https://ncses.nsf.gov/pubs/nsf19304/assets/data/tables/wmpd19-sr-tab02-004.xlsx,wmpd19-sr-tab02-004.xlsx,nsf.gov,,,—,error,2026-03-10T01:18:25.739642+00:00,,,,,,,,,,,,,,,,,,,,,,,,,,,,"File not found: crawled_files/nsf.gov/wmpd19-sr-tab02-004.xlsx (crawled 1 day(s) ago at 2026-03-10T01:18:25.739642+00:00). Possible causes: failed download, incomplete artifact transfer, or stale manifest entry from a previous run."
https://ncses.nsf.gov/pubs/nsf19304/assets/data/tables/wmpd19-sr-tab02-005.pdf,wmpd19-sr-tab02-005.pdf,nsf.gov,,,—,error,2026-03-10T01:18:25.740051+00:00,,,,,,,,,,,,,,,,,,,,,,,,,,,,"File not found: crawled_files/nsf.gov/wmpd19-sr-tab02-005.pdf (crawled 1 day(s) ago at 2026-03-10T01:18:25.740051+00:00). Possible causes: failed download, incomplete artifact transfer, or stale manifest entry from a previous run."
https://ncses.nsf.gov/pubs/nsf19304/assets/data/tables/wmpd19-sr-tab02-005.xlsx,wmpd19-sr-tab02-005.xlsx,nsf.gov,,,—,error,2026-03-10T01:18:25.740330+00:00,,,,,,,,,,,,,,,,,,,,,,,,,,,,"File not found: crawled_files/nsf.gov/wmpd19-sr-tab02-005.xlsx (crawled 1 day(s) ago at 2026-03-10T01:18:25.740330+00:00). Possible causes: failed download, incomplete artifact transfer, or stale manifest entry from a previous run."
https://ncses.nsf.gov/pubs/nsf19304/assets/data/tables/wmpd19-sr-tab02-006.pdf,wmpd19-sr-tab02-006.pdf,nsf.gov,,,—,error,2026-03-10T01:18:25.740706+00:00,,,,,,,,,,,,,,,,,,,,,,,,,,,,"File not found: crawled_files/nsf.gov/wmpd19-sr-tab02-006.pdf (crawled 1 day(s) ago at 2026-03-10T01:18:25.740706+00:00). Possible causes: failed download, incomplete artifact transfer, or stale manifest entry from a previous run."
https://ncses.nsf.gov/pubs/nsf19304/assets/data/tables/wmpd19-sr-tab02-006.xlsx,wmpd19-sr-tab02-006.xlsx,nsf.gov,,,—,error,2026-03-10T01:18:25.740993+00:00,,,,,,,,,,,,,,,,,,,,,,,,,,,,"File not found: crawled_files/nsf.gov/wmpd19-sr-tab02-006.xlsx (crawled 1 day(s) ago at 2026-03-10T01:18:25.740993+00:00). Possible causes: failed download, incomplete artifact transfer, or stale manifest entry from a previous run."
https://ncses.nsf.gov/pubs/nsf19304/assets/data/tables/wmpd19-sr-tab02-007.pdf,wmpd19-sr-tab02-007.pdf,nsf.gov,,,—,error,2026-03-10T01:18:25.741363+00:00,,,,,,,,,,,,,,,,,,,,,,,,,,,,"File not found: crawled_files/nsf.gov/wmpd19-sr-tab02-007.pdf (crawled 1 day(s) ago at 2026-03-10T01:18:25.741363+00:00). Possible causes: failed download, incomplete artifact transfer, or stale manifest entry from a previous run."
https://ncses.nsf.gov/pubs/nsf19304/assets/data/tables/wmpd19-sr-tab02-007.xlsx,wmpd19-sr-tab02-007.xlsx,nsf.gov,,,—,error,2026-03-10T01:18:25.741631+00:00,,,,,,,,,,,,,,,,,,,,,,,,,,,,"File not found: crawled_files/nsf.gov/wmpd19-sr-tab02-007.xlsx (crawled 1 day(s) ago at 2026-03-10T01:18:25.741631+00:00). Possible causes: failed download, incomplete artifact transfer, or stale manifest entry from a previous run."
https://ncses.nsf.gov/pubs/nsf19304/assets/data/tables/wmpd19-sr-tab02-008.pdf,wmpd19-sr-tab02-008.pdf,nsf.gov,,,—,error,2026-03-10T01:18:25.741990+00:00,,,,,,,,,,,,,,,,,,,,,,,,,,,,"File not found: crawled_files/nsf.gov/wmpd19-sr-tab02-008.pdf (crawled 1 day(s) ago at 2026-03-10T01:18:25.741990+00:00). Possible causes: failed download, incomplete artifact transfer, or stale manifest entry from a previous run."
https://ncses.nsf.gov/pubs/nsf19304/assets/data/tables/wmpd19-sr-tab02-008.xlsx,wmpd19-sr-tab02-008.xlsx,nsf.gov,,,—,error,2026-03-10T01:18:25.742258+00:00,,,,,,,,,,,,,,,,,,,,,,,,,,,,"File not found: crawled_files/nsf.gov/wmpd19-sr-tab02-008.xlsx (crawled 1 day(s) ago at 2026-03-10T01:18:25.742258+00:00). Possible causes: failed download, incomplete artifact transfer, or stale manifest entry from a previous run."
https://ncses.nsf.gov/pubs/nsf19304/assets/data/tables/wmpd19-sr-tab02-009.pdf,wmpd19-sr-tab02-009.pdf,nsf.gov,,,—,error,2026-03-10T01:18:25.742698+00:00,,,,,,,,,,,,,,,,,,,,,,,,,,,,"File not found: crawled_files/nsf.gov/wmpd19-sr-tab02-009.pdf (crawled 1 day(s) ago at 2026-03-10T01:18:25.742698+00:00). Possible causes: failed download, incomplete artifact transfer, or stale manifest entry from a previous run."
https://ncses.nsf.gov/pubs/nsf19304/assets/data/tables/wmpd19-sr-tab02-009.xlsx,wmpd19-sr-tab02-009.xlsx,nsf.gov,,,—,error,2026-03-10T01:18:25.742996+00:00,,,,,,,,,,,,,,,,,,,,,,,,,,,,"File not found: crawled_files/nsf.gov/wmpd19-sr-tab02-009.xlsx (crawled 1 day(s) ago at 2026-03-10T01:18:25.742996+00:00). Possible causes: failed download, incomplete artifact transfer, or stale manifest entry from a previous run."
https://ncses.nsf.gov/pubs/nsf19304/assets/data/tables/wmpd19-sr-tab02-010.pdf,wmpd19-sr-tab02-010.pdf,nsf.gov,,,—,error,2026-03-10T01:18:25.743370+00:00,,,,,,,,,,,,,,,,,,,,,,,,,,,,"File not found: crawled_files/nsf.gov/wmpd19-sr-tab02-010.pdf (crawled 1 day(s) ago at 2026-03-10T01:18:25.743370+00:00). Possible causes: failed download, incomplete artifact transfer, or stale manifest entry from a previous run."
https://ncses.nsf.gov/pubs/nsf19304/assets/data/tables/wmpd19-sr-tab02-010.xlsx,wmpd19-sr-tab02-010.xlsx,nsf.gov,,,—,error,2026-03-10T01:18:25.743668+00:00,,,,,,,,,,,,,,,,,,,,,,,,,,,,"File not found: crawled_files/nsf.gov/wmpd19-sr-tab02-010.xlsx (crawled 1 day(s) ago at 2026-03-10T01:18:25.743668+00:00). Possible causes: failed download, incomplete artifact transfer, or stale manifest entry from a previous run."
https://ncses.nsf.gov/pubs/nsf19304/assets/data/tables/wmpd19-sr-tab03-001.pdf,wmpd19-sr-tab03-001.pdf,nsf.gov,,,—,error,2026-03-10T01:18:25.744275+00:00,,,,,,,,,,,,,,,,,,,,,,,,,,,,"File not found: crawled_files/nsf.gov/wmpd19-sr-tab03-001.pdf (crawled 1 day(s) ago at 2026-03-10T01:18:25.744275+00:00). Possible causes: failed download, incomplete artifact transfer, or stale manifest entry from a previous run."
https://ncses.nsf.gov/pubs/nsf19304/assets/data/tables/wmpd19-sr-tab03-001.xlsx,wmpd19-sr-tab03-001.xlsx,nsf.gov,,,—,error,2026-03-10T01:18:25.744581+00:00,,,,,,,,,,,,,,,,,,,,,,,,,,,,"File not found: crawled_files/nsf.gov/wmpd19-sr-tab03-001.xlsx (crawled 1 day(s) ago at 2026-03-10T01:18:25.744581+00:00). Possible causes: failed download, incomplete artifact transfer, or stale manifest entry from a previous run."
https://ncses.nsf.gov/pubs/nsf19304/assets/data/tables/wmpd19-sr-tab03-002.pdf,wmpd19-sr-tab03-002.pdf,nsf.gov,,,—,error,2026-03-10T01:18:25.745008+00:00,,,,,,,,,,,,,,,,,,,,,,,,,,,,"File not found: crawled_files/nsf.gov/wmpd19-sr-tab03-002.pdf (crawled 1 day(s) ago at 2026-03-10T01:18:25.745008+00:00). Possible causes: failed download, incomplete artifact transfer, or stale manifest entry from a previous run."
https://ncses.nsf.gov/pubs/nsf19304/assets/data/tables/wmpd19-sr-tab03-002.xlsx,wmpd19-sr-tab03-002.xlsx,nsf.gov,,,—,error,2026-03-10T01:18:25.745289+00:00,,,,,,,,,,,,,,,,,,,,,,,,,,,,"File not found: crawled_files/nsf.gov/wmpd19-sr-tab03-002.xlsx (crawled 1 day(s) ago at 2026-03-10T01:18:25.745289+00:00). Possible causes: failed download, incomplete artifact transfer, or stale manifest entry from a previous run."
https://ncses.nsf.gov/pubs/nsf19304/assets/data/tables/wmpd19-sr-tab03-003.pdf,wmpd19-sr-tab03-003.pdf,nsf.gov,,,—,error,2026-03-10T01:18:25.745711+00:00,,,,,,,,,,,,,,,,,,,,,,,,,,,,"File not found: crawled_files/nsf.gov/wmpd19-sr-tab03-003.pdf (crawled 1 day(s) ago at 2026-03-10T01:18:25.745711+00:00). Possible causes: failed download, incomplete artifact transfer, or stale manifest entry from a previous run."
https://ncses.nsf.gov/pubs/nsf19304/assets/data/tables/wmpd19-sr-tab03-003.xlsx,wmpd19-sr-tab03-003.xlsx,nsf.gov,,,—,error,2026-03-10T01:18:25.746005+00:00,,,,,,,,,,,,,,,,,,,,,,,,,,,,"File not found: crawled_files/nsf.gov/wmpd19-sr-tab03-003.xlsx (crawled 1 day(s) ago at 2026-03-10T01:18:25.746005+00:00). Possible causes: failed download, incomplete artifact transfer, or stale manifest entry from a previous run."
https://ncses.nsf.gov/pubs/nsf19304/assets/data/tables/wmpd19-sr-tab03-004.pdf,wmpd19-sr-tab03-004.pdf,nsf.gov,,,—,error,2026-03-10T01:18:25.746435+00:00,,,,,,,,,,,,,,,,,,,,,,,,,,,,"File not found: crawled_files/nsf.gov/wmpd19-sr-tab03-004.pdf (crawled 1 day(s) ago at 2026-03-10T01:18:25.746435+00:00). Possible causes: failed download, incomplete artifact transfer, or stale manifest entry from a previous run."
https://ncses.nsf.gov/pubs/nsf19304/assets/data/tables/wmpd19-sr-tab03-004.xlsx,wmpd19-sr-tab03-004.xlsx,nsf.gov,,,—,error,2026-03-10T01:18:25.746723+00:00,,,,,,,,,,,,,,,,,,,,,,,,,,,,"File not found: crawled_files/nsf.gov/wmpd19-sr-tab03-004.xlsx (crawled 1 day(s) ago at 2026-03-10T01:18:25.746723+00:00). Possible causes: failed download, incomplete artifact transfer, or stale manifest entry from a previous run."
https://ncses.nsf.gov/pubs/nsf19304/assets/data/tables/wmpd19-sr-tab03-005.pdf,wmpd19-sr-tab03-005.pdf,nsf.gov,,,—,error,2026-03-10T01:18:25.747322+00:00,,,,,,,,,,,,,,,,,,,,,,,,,,,,"File not found: crawled_files/nsf.gov/wmpd19-sr-tab03-005.pdf (crawled 1 day(s) ago at 2026-03-10T01:18:25.747322+00:00). Possible causes: failed download, incomplete artifact transfer, or stale manifest entry from a previous run."
https://ncses.nsf.gov/pubs/nsf19304/assets/data/tables/wmpd19-sr-tab03-005.xlsx,wmpd19-sr-tab03-005.xlsx,nsf.gov,,,—,error,2026-03-10T01:18:25.747697+00:00,,,,,,,,,,,,,,,,,,,,,,,,,,,,"File not found: crawled_files/nsf.gov/wmpd19-sr-tab03-005.xlsx (crawled 1 day(s) ago at 2026-03-10T01:18:25.747697+00:00). Possible causes: failed download, incomplete artifact transfer, or stale manifest entry from a previous run."
https://ncses.nsf.gov/pubs/nsf19304/assets/data/tables/wmpd19-sr-tab03-006.pdf,wmpd19-sr-tab03-006.pdf,nsf.gov,,,—,error,2026-03-10T01:18:25.748421+00:00,,,,,,,,,,,,,,,,,,,,,,,,,,,,"File not found: crawled_files/nsf.gov/wmpd19-sr-tab03-006.pdf (crawled 1 day(s) ago at 2026-03-10T01:18:25.748421+00:00). Possible causes: failed download, incomplete artifact transfer, or stale manifest entry from a previous run."
https://ncses.nsf.gov/pubs/nsf19304/assets/data/tables/wmpd19-sr-tab03-006.xlsx,wmpd19-sr-tab03-006.xlsx,nsf.gov,,,—,error,2026-03-10T01:18:25.748739+00:00,,,,,,,,,,,,,,,,,,,,,,,,,,,,"File not found: crawled_files/nsf.gov/wmpd19-sr-tab03-006.xlsx (crawled 1 day(s) ago at 2026-03-10T01:18:25.748739+00:00). Possible causes: failed download, incomplete artifact transfer, or stale manifest entry from a previous run."
https://ncses.nsf.gov/pubs/nsf19304/assets/data/tables/wmpd19-sr-tab04-001.pdf,wmpd19-sr-tab04-001.pdf,nsf.gov,,,—,error,2026-03-10T01:18:25.749188+00:00,,,,,,,,,,,,,,,,,,,,,,,,,,,,"File not found: crawled_files/nsf.gov/wmpd19-sr-tab04-001.pdf (crawled 1 day(s) ago at 2026-03-10T01:18:25.749188+00:00). Possible causes: failed download, incomplete artifact transfer, or stale manifest entry from a previous run."
https://ncses.nsf.gov/pubs/nsf19304/assets/data/tables/wmpd19-sr-tab04-001.xlsx,wmpd19-sr-tab04-001.xlsx,nsf.gov,,,—,error,2026-03-10T01:18:25.749469+00:00,,,,,,,,,,,,,,,,,,,,,,,,,,,,"File not found: crawled_files/nsf.gov/wmpd19-sr-tab04-001.xlsx (crawled 1 day(s) ago at 2026-03-10T01:18:25.749469+00:00). Possible causes: failed download, incomplete artifact transfer, or stale manifest entry from a previous run."
https://ncses.nsf.gov/pubs/nsf19304/assets/data/tables/wmpd19-sr-tab04-002.pdf,wmpd19-sr-tab04-002.pdf,nsf.gov,,,—,error,2026-03-10T01:18:25.750160+00:00,,,,,,,,,,,,,,,,,,,,,,,,,,,,"File not found: crawled_files/nsf.gov/wmpd19-sr-tab04-002.pdf (crawled 1 day(s) ago at 2026-03-10T01:18:25.750160+00:00). Possible causes: failed download, incomplete artifact transfer, or stale manifest entry from a previous run."
https://ncses.nsf.gov/pubs/nsf19304/assets/data/tables/wmpd19-sr-tab04-002.xlsx,wmpd19-sr-tab04-002.xlsx,nsf.gov,,,—,error,2026-03-10T01:18:25.750471+00:00,,,,,,,,,,,,,,,,,,,,,,,,,,,,"File not found: crawled_files/nsf.gov/wmpd19-sr-tab04-002.xlsx (crawled 1 day(s) ago at 2026-03-10T01:18:25.750471+00:00). Possible causes: failed download, incomplete artifact transfer, or stale manifest entry from a previous run."
https://ncses.nsf.gov/pubs/nsf19304/assets/data/tables/wmpd19-sr-tab04-003.pdf,wmpd19-sr-tab04-003.pdf,nsf.gov,,,—,error,2026-03-10T01:18:25.750895+00:00,,,,,,,,,,,,,,,,,,,,,,,,,,,,"File not found: crawled_files/nsf.gov/wmpd19-sr-tab04-003.pdf (crawled 1 day(s) ago at 2026-03-10T01:18:25.750895+00:00). Possible causes: failed download, incomplete artifact transfer, or stale manifest entry from a previous run."
https://ncses.nsf.gov/pubs/nsf19304/assets/data/tables/wmpd19-sr-tab04-003.xlsx,wmpd19-sr-tab04-003.xlsx,nsf.gov,,,—,error,2026-03-10T01:18:25.751188+00:00,,,,,,,,,,,,,,,,,,,,,,,,,,,,"File not found: crawled_files/nsf.gov/wmpd19-sr-tab04-003.xlsx (crawled 1 day(s) ago at 2026-03-10T01:18:25.751188+00:00). Possible causes: failed download, incomplete artifact transfer, or stale manifest entry from a previous run."
https://ncses.nsf.gov/pubs/nsf19304/assets/data/tables/wmpd19-sr-tab04-004.pdf,wmpd19-sr-tab04-004.pdf,nsf.gov,,,—,error,2026-03-10T01:18:25.751569+00:00,,,,,,,,,,,,,,,,,,,,,,,,,,,,"File not found: crawled_files/nsf.gov/wmpd19-sr-tab04-004.pdf (crawled 1 day(s) ago at 2026-03-10T01:18:25.751569+00:00). Possible causes: failed download, incomplete artifact transfer, or stale manifest entry from a previous run."
https://ncses.nsf.gov/pubs/nsf19304/assets/data/tables/wmpd19-sr-tab04-004.xlsx,wmpd19-sr-tab04-004.xlsx,nsf.gov,,,—,error,2026-03-10T01:18:25.751842+00:00,,,,,,,,,,,,,,,,,,,,,,,,,,,,"File not found: crawled_files/nsf.gov/wmpd19-sr-tab04-004.xlsx (crawled 1 day(s) ago at 2026-03-10T01:18:25.751842+00:00). Possible causes: failed download, incomplete artifact transfer, or stale manifest entry from a previous run."
https://ncses.nsf.gov/pubs/nsf19304/assets/data/tables/wmpd19-sr-tab04-005.pdf,wmpd19-sr-tab04-005.pdf,nsf.gov,,,—,error,2026-03-10T01:18:25.752255+00:00,,,,,,,,,,,,,,,,,,,,,,,,,,,,"File not found: crawled_files/nsf.gov/wmpd19-sr-tab04-005.pdf (crawled 1 day(s) ago at 2026-03-10T01:18:25.752255+00:00). Possible causes: failed download, incomplete artifact transfer, or stale manifest entry from a previous run."
https://ncses.nsf.gov/pubs/nsf19304/assets/data/tables/wmpd19-sr-tab04-005.xlsx,wmpd19-sr-tab04-005.xlsx,nsf.gov,,,—,error,2026-03-10T01:18:25.752532+00:00,,,,,,,,,,,,,,,,,,,,,,,,,,,,"File not found: crawled_files/nsf.gov/wmpd19-sr-tab04-005.xlsx (crawled 1 day(s) ago at 2026-03-10T01:18:25.752532+00:00). Possible causes: failed download, incomplete artifact transfer, or stale manifest entry from a previous run."
https://ncses.nsf.gov/pubs/nsf19304/assets/data/tables/wmpd19-sr-tab05-001.pdf,wmpd19-sr-tab05-001.pdf,nsf.gov,,,—,error,2026-03-10T01:18:25.752981+00:00,,,,,,,,,,,,,,,,,,,,,,,,,,,,"File not found: crawled_files/nsf.gov/wmpd19-sr-tab05-001.pdf (crawled 1 day(s) ago at 2026-03-10T01:18:25.752981+00:00). Possible causes: failed download, incomplete artifact transfer, or stale manifest entry from a previous run."
https://ncses.nsf.gov/pubs/nsf19304/assets/data/tables/wmpd19-sr-tab05-001.xlsx,wmpd19-sr-tab05-001.xlsx,nsf.gov,,,—,error,2026-03-10T01:18:25.753265+00:00,,,,,,,,,,,,,,,,,,,,,,,,,,,,"File not found: crawled_files/nsf.gov/wmpd19-sr-tab05-001.xlsx (crawled 1 day(s) ago at 2026-03-10T01:18:25.753265+00:00). Possible causes: failed download, incomplete artifact transfer, or stale manifest entry from a previous run."
https://ncses.nsf.gov/pubs/nsf19304/assets/data/tables/wmpd19-sr-tab05-002.pdf,wmpd19-sr-tab05-002.pdf,nsf.gov,,,—,error,2026-03-10T01:18:25.753746+00:00,,,,,,,,,,,,,,,,,,,,,,,,,,,,"File not found: crawled_files/nsf.gov/wmpd19-sr-tab05-002.pdf (crawled 1 day(s) ago at 2026-03-10T01:18:25.753746+00:00). Possible causes: failed download, incomplete artifact transfer, or stale manifest entry from a previous run."
https://ncses.nsf.gov/pubs/nsf19304/assets/data/tables/wmpd19-sr-tab05-002.xlsx,wmpd19-sr-tab05-002.xlsx,nsf.gov,,,—,error,2026-03-10T01:18:25.754053+00:00,,,,,,,,,,,,,,,,,,,,,,,,,,,,"File not found: crawled_files/nsf.gov/wmpd19-sr-tab05-002.xlsx (crawled 1 day(s) ago at 2026-03-10T01:18:25.754053+00:00). Possible causes: failed download, incomplete artifact transfer, or stale manifest entry from a previous run."
https://ncses.nsf.gov/pubs/nsf19304/assets/data/tables/wmpd19-sr-tab05-003.pdf,wmpd19-sr-tab05-003.pdf,nsf.gov,,,—,error,2026-03-10T01:18:25.755058+00:00,,,,,,,,,,,,,,,,,,,,,,,,,,,,"File not found: crawled_files/nsf.gov/wmpd19-sr-tab05-003.pdf (crawled 1 day(s) ago at 2026-03-10T01:18:25.755058+00:00). Possible causes: failed download, incomplete artifact transfer, or stale manifest entry from a previous run."
https://ncses.nsf.gov/pubs/nsf19304/assets/data/tables/wmpd19-sr-tab05-003.xlsx,wmpd19-sr-tab05-003.xlsx,nsf.gov,,,—,error,2026-03-10T01:18:25.755408+00:00,,,,,,,,,,,,,,,,,,,,,,,,,,,,"File not found: crawled_files/nsf.gov/wmpd19-sr-tab05-003.xlsx (crawled 1 day(s) ago at 2026-03-10T01:18:25.755408+00:00). Possible causes: failed download, incomplete artifact transfer, or stale manifest entry from a previous run."
https://ncses.nsf.gov/pubs/nsf19304/assets/data/tables/wmpd19-sr-tab05-004.pdf,wmpd19-sr-tab05-004.pdf,nsf.gov,,,—,error,2026-03-10T01:18:25.756362+00:00,,,,,,,,,,,,,,,,,,,,,,,,,,,,"File not found: crawled_files/nsf.gov/wmpd19-sr-tab05-004.pdf (crawled 1 day(s) ago at 2026-03-10T01:18:25.756362+00:00). Possible causes: failed download, incomplete artifact transfer, or stale manifest entry from a previous run."
https://ncses.nsf.gov/pubs/nsf19304/assets/data/tables/wmpd19-sr-tab05-004.xlsx,wmpd19-sr-tab05-004.xlsx,nsf.gov,,,—,error,2026-03-10T01:18:25.756706+00:00,,,,,,,,,,,,,,,,,,,,,,,,,,,,"File not found: crawled_files/nsf.gov/wmpd19-sr-tab05-004.xlsx (crawled 1 day(s) ago at 2026-03-10T01:18:25.756706+00:00). Possible causes: failed download, incomplete artifact transfer, or stale manifest entry from a previous run."
https://ncses.nsf.gov/pubs/nsf19304/assets/data/tables/wmpd19-sr-tab05-005.pdf,wmpd19-sr-tab05-005.pdf,nsf.gov,,,—,error,2026-03-10T01:18:25.757647+00:00,,,,,,,,,,,,,,,,,,,,,,,,,,,,"File not found: crawled_files/nsf.gov/wmpd19-sr-tab05-005.pdf (crawled 1 day(s) ago at 2026-03-10T01:18:25.757647+00:00). Possible causes: failed download, incomplete artifact transfer, or stale manifest entry from a previous run."
https://ncses.nsf.gov/pubs/nsf19304/assets/data/tables/wmpd19-sr-tab05-005.xlsx,wmpd19-sr-tab05-005.xlsx,nsf.gov,,,—,error,2026-03-10T01:18:25.758008+00:00,,,,,,,,,,,,,,,,,,,,,,,,,,,,"File not found: crawled_files/nsf.gov/wmpd19-sr-tab05-005.xlsx (crawled 1 day(s) ago at 2026-03-10T01:18:25.758008+00:00). Possible causes: failed download, incomplete artifact transfer, or stale manifest entry from a previous run."
https://ncses.nsf.gov/pubs/nsf19304/assets/data/tables/wmpd19-sr-tab05-006.pdf,wmpd19-sr-tab05-006.pdf,nsf.gov,,,—,error,2026-03-10T01:18:25.758823+00:00,,,,,,,,,,,,,,,,,,,,,,,,,,,,"File not found: crawled_files/nsf.gov/wmpd19-sr-tab05-006.pdf (crawled 1 day(s) ago at 2026-03-10T01:18:25.758823+00:00). Possible causes: failed download, incomplete artifact transfer, or stale manifest entry from a previous run."
https://ncses.nsf.gov/pubs/nsf19304/assets/data/tables/wmpd19-sr-tab05-006.xlsx,wmpd19-sr-tab05-006.xlsx,nsf.gov,,,—,error,2026-03-10T01:18:25.759160+00:00,,,,,,,,,,,,,,,,,,,,,,,,,,,,"File not found: crawled_files/nsf.gov/wmpd19-sr-tab05-006.xlsx (crawled 1 day(s) ago at 2026-03-10T01:18:25.759160+00:00). Possible causes: failed download, incomplete artifact transfer, or stale manifest entry from a previous run."
https://ncses.nsf.gov/pubs/nsf19304/assets/data/tables/wmpd19-sr-tab05-007.pdf,wmpd19-sr-tab05-007.pdf,nsf.gov,,,—,error,2026-03-10T01:18:25.759581+00:00,,,,,,,,,,,,,,,,,,,,,,,,,,,,"File not found: crawled_files/nsf.gov/wmpd19-sr-tab05-007.pdf (crawled 1 day(s) ago at 2026-03-10T01:18:25.759581+00:00). Possible causes: failed download, incomplete artifact transfer, or stale manifest entry from a previous run."
https://ncses.nsf.gov/pubs/nsf19304/assets/data/tables/wmpd19-sr-tab05-007.xlsx,wmpd19-sr-tab05-007.xlsx,nsf.gov,,,—,error,2026-03-10T01:18:25.759861+00:00,,,,,,,,,,,,,,,,,,,,,,,,,,,,"File not found: crawled_files/nsf.gov/wmpd19-sr-tab05-007.xlsx (crawled 1 day(s) ago at 2026-03-10T01:18:25.759861+00:00). Possible causes: failed download, incomplete artifact transfer, or stale manifest entry from a previous run."
https://ncses.nsf.gov/pubs/nsf19304/assets/data/tables/wmpd19-sr-tab05-008.pdf,wmpd19-sr-tab05-008.pdf,nsf.gov,,,—,error,2026-03-10T01:18:25.760271+00:00,,,,,,,,,,,,,,,,,,,,,,,,,,,,"File not found: crawled_files/nsf.gov/wmpd19-sr-tab05-008.pdf (crawled 1 day(s) ago at 2026-03-10T01:18:25.760271+00:00). Possible causes: failed download, incomplete artifact transfer, or stale manifest entry from a previous run."
https://ncses.nsf.gov/pubs/nsf19304/assets/data/tables/wmpd19-sr-tab05-008.xlsx,wmpd19-sr-tab05-008.xlsx,nsf.gov,,,—,error,2026-03-10T01:18:25.760549+00:00,,,,,,,,,,,,,,,,,,,,,,,,,,,,"File not found: crawled_files/nsf.gov/wmpd19-sr-tab05-008.xlsx (crawled 1 day(s) ago at 2026-03-10T01:18:25.760549+00:00). Possible causes: failed download, incomplete artifact transfer, or stale manifest entry from a previous run."
https://ncses.nsf.gov/pubs/nsf19304/assets/data/tables/wmpd19-sr-tab05-009.pdf,wmpd19-sr-tab05-009.pdf,nsf.gov,,,—,error,2026-03-10T01:18:25.760973+00:00,,,,,,,,,,,,,,,,,,,,,,,,,,,,"File not found: crawled_files/nsf.gov/wmpd19-sr-tab05-009.pdf (crawled 1 day(s) ago at 2026-03-10T01:18:25.760973+00:00). Possible causes: failed download, incomplete artifact transfer, or stale manifest entry from a previous run."
https://ncses.nsf.gov/pubs/nsf19304/assets/data/tables/wmpd19-sr-tab05-009.xlsx,wmpd19-sr-tab05-009.xlsx,nsf.gov,,,—,error,2026-03-10T01:18:25.761252+00:00,,,,,,,,,,,,,,,,,,,,,,,,,,,,"File not found: crawled_files/nsf.gov/wmpd19-sr-tab05-009.xlsx (crawled 1 day(s) ago at 2026-03-10T01:18:25.761252+00:00). Possible causes: failed download, incomplete artifact transfer, or stale manifest entry from a previous run."
https://ncses.nsf.gov/pubs/nsf19304/assets/data/tables/wmpd19-sr-tab05-010.pdf,wmpd19-sr-tab05-010.pdf,nsf.gov,,,—,error,2026-03-10T01:18:25.761648+00:00,,,,,,,,,,,,,,,,,,,,,,,,,,,,"File not found: crawled_files/nsf.gov/wmpd19-sr-tab05-010.pdf (crawled 1 day(s) ago at 2026-03-10T01:18:25.761648+00:00). Possible causes: failed download, incomplete artifact transfer, or stale manifest entry from a previous run."
https://ncses.nsf.gov/pubs/nsf19304/assets/data/tables/wmpd19-sr-tab05-010.xlsx,wmpd19-sr-tab05-010.xlsx,nsf.gov,,,—,error,2026-03-10T01:18:25.761923+00:00,,,,,,,,,,,,,,,,,,,,,,,,,,,,"File not found: crawled_files/nsf.gov/wmpd19-sr-tab05-010.xlsx (crawled 1 day(s) ago at 2026-03-10T01:18:25.761923+00:00). Possible causes: failed download, incomplete artifact transfer, or stale manifest entry from a previous run."
https://ncses.nsf.gov/pubs/nsf19304/assets/data/tables/wmpd19-sr-tab05-011.pdf,wmpd19-sr-tab05-011.pdf,nsf.gov,,,—,error,2026-03-10T01:18:25.762327+00:00,,,,,,,,,,,,,,,,,,,,,,,,,,,,"File not found: crawled_files/nsf.gov/wmpd19-sr-tab05-011.pdf (crawled 1 day(s) ago at 2026-03-10T01:18:25.762327+00:00). Possible causes: failed download, incomplete artifact transfer, or stale manifest entry from a previous run."
https://ncses.nsf.gov/pubs/nsf19304/assets/data/tables/wmpd19-sr-tab05-011.xlsx,wmpd19-sr-tab05-011.xlsx,nsf.gov,,,—,error,2026-03-10T01:18:25.762601+00:00,,,,,,,,,,,,,,,,,,,,,,,,,,,,"File not found: crawled_files/nsf.gov/wmpd19-sr-tab05-011.xlsx (crawled 1 day(s) ago at 2026-03-10T01:18:25.762601+00:00). Possible causes: failed download, incomplete artifact transfer, or stale manifest entry from a previous run."
https://ncses.nsf.gov/pubs/nsf19304/assets/data/tables/wmpd19-sr-tab05-012.pdf,wmpd19-sr-tab05-012.pdf,nsf.gov,,,—,error,2026-03-10T01:18:25.763029+00:00,,,,,,,,,,,,,,,,,,,,,,,,,,,,"File not found: crawled_files/nsf.gov/wmpd19-sr-tab05-012.pdf (crawled 1 day(s) ago at 2026-03-10T01:18:25.763029+00:00). Possible causes: failed download, incomplete artifact transfer, or stale manifest entry from a previous run."
https://ncses.nsf.gov/pubs/nsf19304/assets/data/tables/wmpd19-sr-tab05-012.xlsx,wmpd19-sr-tab05-012.xlsx,nsf.gov,,,—,error,2026-03-10T01:18:25.763310+00:00,,,,,,,,,,,,,,,,,,,,,,,,,,,,"File not found: crawled_files/nsf.gov/wmpd19-sr-tab05-012.xlsx (crawled 1 day(s) ago at 2026-03-10T01:18:25.763310+00:00). Possible causes: failed download, incomplete artifact transfer, or stale manifest entry from a previous run."
https://ncses.nsf.gov/pubs/nsf19304/assets/data/tables/wmpd19-sr-tab05-013.pdf,wmpd19-sr-tab05-013.pdf,nsf.gov,,,—,error,2026-03-10T01:18:25.763703+00:00,,,,,,,,,,,,,,,,,,,,,,,,,,,,"File not found: crawled_files/nsf.gov/wmpd19-sr-tab05-013.pdf (crawled 1 day(s) ago at 2026-03-10T01:18:25.763703+00:00). Possible causes: failed download, incomplete artifact transfer, or stale manifest entry from a previous run."
https://ncses.nsf.gov/pubs/nsf19304/assets/data/tables/wmpd19-sr-tab05-013.xlsx,wmpd19-sr-tab05-013.xlsx,nsf.gov,,,—,error,2026-03-10T01:18:25.763995+00:00,,,,,,,,,,,,,,,,,,,,,,,,,,,,"File not found: crawled_files/nsf.gov/wmpd19-sr-tab05-013.xlsx (crawled 1 day(s) ago at 2026-03-10T01:18:25.763995+00:00). Possible causes: failed download, incomplete artifact transfer, or stale manifest entry from a previous run."
https://ncses.nsf.gov/pubs/nsf19304/assets/data/tables/wmpd19-sr-tab05-014.pdf,wmpd19-sr-tab05-014.pdf,nsf.gov,,,—,error,2026-03-10T01:18:25.764553+00:00,,,,,,,,,,,,,,,,,,,,,,,,,,,,"File not found: crawled_files/nsf.gov/wmpd19-sr-tab05-014.pdf (crawled 1 day(s) ago at 2026-03-10T01:18:25.764553+00:00). Possible causes: failed download, incomplete artifact transfer, or stale manifest entry from a previous run."
https://ncses.nsf.gov/pubs/nsf19304/assets/data/tables/wmpd19-sr-tab05-014.xlsx,wmpd19-sr-tab05-014.xlsx,nsf.gov,,,—,error,2026-03-10T01:18:25.764850+00:00,,,,,,,,,,,,,,,,,,,,,,,,,,,,"File not found: crawled_files/nsf.gov/wmpd19-sr-tab05-014.xlsx (crawled 1 day(s) ago at 2026-03-10T01:18:25.764850+00:00). Possible causes: failed download, incomplete artifact transfer, or stale manifest entry from a previous run."
https://ncses.nsf.gov/pubs/nsf19304/assets/data/tables/wmpd19-sr-tab06-001.pdf,wmpd19-sr-tab06-001.pdf,nsf.gov,,,—,error,2026-03-10T01:18:25.765256+00:00,,,,,,,,,,,,,,,,,,,,,,,,,,,,"File not found: crawled_files/nsf.gov/wmpd19-sr-tab06-001.pdf (crawled 1 day(s) ago at 2026-03-10T01:18:25.765256+00:00). Possible causes: failed download, incomplete artifact transfer, or stale manifest entry from a previous run."
https://ncses.nsf.gov/pubs/nsf19304/assets/data/tables/wmpd19-sr-tab06-001.xlsx,wmpd19-sr-tab06-001.xlsx,nsf.gov,,,—,error,2026-03-10T01:18:25.765536+00:00,,,,,,,,,,,,,,,,,,,,,,,,,,,,"File not found: crawled_files/nsf.gov/wmpd19-sr-tab06-001.xlsx (crawled 1 day(s) ago at 2026-03-10T01:18:25.765536+00:00). Possible causes: failed download, incomplete artifact transfer, or stale manifest entry from a previous run."
https://ncses.nsf.gov/pubs/nsf19304/assets/data/tables/wmpd19-sr-tab06-002.pdf,wmpd19-sr-tab06-002.pdf,nsf.gov,,,—,error,2026-03-10T01:18:25.765938+00:00,,,,,,,,,,,,,,,,,,,,,,,,,,,,"File not found: crawled_files/nsf.gov/wmpd19-sr-tab06-002.pdf (crawled 1 day(s) ago at 2026-03-10T01:18:25.765938+00:00). Possible causes: failed download, incomplete artifact transfer, or stale manifest entry from a previous run."
https://ncses.nsf.gov/pubs/nsf19304/assets/data/tables/wmpd19-sr-tab06-002.xlsx,wmpd19-sr-tab06-002.xlsx,nsf.gov,,,—,error,2026-03-10T01:18:25.766231+00:00,,,,,,,,,,,,,,,,,,,,,,,,,,,,"File not found: crawled_files/nsf.gov/wmpd19-sr-tab06-002.xlsx (crawled 1 day(s) ago at 2026-03-10T01:18:25.766231+00:00). Possible causes: failed download, incomplete artifact transfer, or stale manifest entry from a previous run."
https://ncses.nsf.gov/pubs/nsf19304/assets/data/tables/wmpd19-sr-tab06-003.pdf,wmpd19-sr-tab06-003.pdf,nsf.gov,,,—,error,2026-03-10T01:18:25.767166+00:00,,,,,,,,,,,,,,,,,,,,,,,,,,,,"File not found: crawled_files/nsf.gov/wmpd19-sr-tab06-003.pdf (crawled 1 day(s) ago at 2026-03-10T01:18:25.767166+00:00). Possible causes: failed download, incomplete artifact transfer, or stale manifest entry from a previous run."
https://ncses.nsf.gov/pubs/nsf19304/assets/data/tables/wmpd19-sr-tab06-003.xlsx,wmpd19-sr-tab06-003.xlsx,nsf.gov,,,—,error,2026-03-10T01:18:25.767509+00:00,,,,,,,,,,,,,,,,,,,,,,,,,,,,"File not found: crawled_files/nsf.gov/wmpd19-sr-tab06-003.xlsx (crawled 1 day(s) ago at 2026-03-10T01:18:25.767509+00:00). Possible causes: failed download, incomplete artifact transfer, or stale manifest entry from a previous run."
https://ncses.nsf.gov/pubs/nsf19304/assets/data/tables/wmpd19-sr-tab06-004.pdf,wmpd19-sr-tab06-004.pdf,nsf.gov,,,—,error,2026-03-10T01:18:25.768442+00:00,,,,,,,,,,,,,,,,,,,,,,,,,,,,"File not found: crawled_files/nsf.gov/wmpd19-sr-tab06-004.pdf (crawled 1 day(s) ago at 2026-03-10T01:18:25.768442+00:00). Possible causes: failed download, incomplete artifact transfer, or stale manifest entry from a previous run."
https://ncses.nsf.gov/pubs/nsf19304/assets/data/tables/wmpd19-sr-tab06-004.xlsx,wmpd19-sr-tab06-004.xlsx,nsf.gov,,,—,error,2026-03-10T01:18:25.768784+00:00,,,,,,,,,,,,,,,,,,,,,,,,,,,,"File not found: crawled_files/nsf.gov/wmpd19-sr-tab06-004.xlsx (crawled 1 day(s) ago at 2026-03-10T01:18:25.768784+00:00). Possible causes: failed download, incomplete artifact transfer, or stale manifest entry from a previous run."
https://ncses.nsf.gov/pubs/nsf19304/assets/data/tables/wmpd19-sr-tab06-005.pdf,wmpd19-sr-tab06-005.pdf,nsf.gov,,,—,error,2026-03-10T01:18:25.769723+00:00,,,,,,,,,,,,,,,,,,,,,,,,,,,,"File not found: crawled_files/nsf.gov/wmpd19-sr-tab06-005.pdf (crawled 1 day(s) ago at 2026-03-10T01:18:25.769723+00:00). Possible causes: failed download, incomplete artifact transfer, or stale manifest entry from a previous run."
https://ncses.nsf.gov/pubs/nsf19304/assets/data/tables/wmpd19-sr-tab06-005.xlsx,wmpd19-sr-tab06-005.xlsx,nsf.gov,,,—,error,2026-03-10T01:18:25.770076+00:00,,,,,,,,,,,,,,,,,,,,,,,,,,,,"File not found: crawled_files/nsf.gov/wmpd19-sr-tab06-005.xlsx (crawled 1 day(s) ago at 2026-03-10T01:18:25.770076+00:00). Possible causes: failed download, incomplete artifact transfer, or stale manifest entry from a previous run."
https://ncses.nsf.gov/pubs/nsf19304/assets/data/tables/wmpd19-sr-tab06-006.pdf,wmpd19-sr-tab06-006.pdf,nsf.gov,,,—,error,2026-03-10T01:18:25.770890+00:00,,,,,,,,,,,,,,,,,,,,,,,,,,,,"File not found: crawled_files/nsf.gov/wmpd19-sr-tab06-006.pdf (crawled 1 day(s) ago at 2026-03-10T01:18:25.770890+00:00). Possible causes: failed download, incomplete artifact transfer, or stale manifest entry from a previous run."
https://ncses.nsf.gov/pubs/nsf19304/assets/data/tables/wmpd19-sr-tab06-006.xlsx,wmpd19-sr-tab06-006.xlsx,nsf.gov,,,—,error,2026-03-10T01:18:25.771227+00:00,,,,,,,,,,,,,,,,,,,,,,,,,,,,"File not found: crawled_files/nsf.gov/wmpd19-sr-tab06-006.xlsx (crawled 1 day(s) ago at 2026-03-10T01:18:25.771227+00:00). Possible causes: failed download, incomplete artifact transfer, or stale manifest entry from a previous run."
https://ncses.nsf.gov/pubs/nsf19304/assets/data/tables/wmpd19-sr-tab07-001.pdf,wmpd19-sr-tab07-001.pdf,nsf.gov,,,—,error,2026-03-10T01:18:25.771635+00:00,,,,,,,,,,,,,,,,,,,,,,,,,,,,"File not found: crawled_files/nsf.gov/wmpd19-sr-tab07-001.pdf (crawled 1 day(s) ago at 2026-03-10T01:18:25.771635+00:00). Possible causes: failed download, incomplete artifact transfer, or stale manifest entry from a previous run."
https://ncses.nsf.gov/pubs/nsf19304/assets/data/tables/wmpd19-sr-tab07-001.xlsx,wmpd19-sr-tab07-001.xlsx,nsf.gov,,,—,error,2026-03-10T01:18:25.771913+00:00,,,,,,,,,,,,,,,,,,,,,,,,,,,,"File not found: crawled_files/nsf.gov/wmpd19-sr-tab07-001.xlsx (crawled 1 day(s) ago at 2026-03-10T01:18:25.771913+00:00). Possible causes: failed download, incomplete artifact transfer, or stale manifest entry from a previous run."
https://ncses.nsf.gov/pubs/nsf19304/assets/data/tables/wmpd19-sr-tab07-002.pdf,wmpd19-sr-tab07-002.pdf,nsf.gov,,,—,error,2026-03-10T01:18:25.772343+00:00,,,,,,,,,,,,,,,,,,,,,,,,,,,,"File not found: crawled_files/nsf.gov/wmpd19-sr-tab07-002.pdf (crawled 1 day(s) ago at 2026-03-10T01:18:25.772343+00:00). Possible causes: failed download, incomplete artifact transfer, or stale manifest entry from a previous run."
https://ncses.nsf.gov/pubs/nsf19304/assets/data/tables/wmpd19-sr-tab07-002.xlsx,wmpd19-sr-tab07-002.xlsx,nsf.gov,,,—,error,2026-03-10T01:18:25.772624+00:00,,,,,,,,,,,,,,,,,,,,,,,,,,,,"File not found: crawled_files/nsf.gov/wmpd19-sr-tab07-002.xlsx (crawled 1 day(s) ago at 2026-03-10T01:18:25.772624+00:00). Possible causes: failed download, incomplete artifact transfer, or stale manifest entry from a previous run."
https://ncses.nsf.gov/pubs/nsf19304/assets/data/tables/wmpd19-sr-tab07-003.pdf,wmpd19-sr-tab07-003.pdf,nsf.gov,,,—,error,2026-03-10T01:18:25.773057+00:00,,,,,,,,,,,,,,,,,,,,,,,,,,,,"File not found: crawled_files/nsf.gov/wmpd19-sr-tab07-003.pdf (crawled 1 day(s) ago at 2026-03-10T01:18:25.773057+00:00). Possible causes: failed download, incomplete artifact transfer, or stale manifest entry from a previous run."
https://ncses.nsf.gov/pubs/nsf19304/assets/data/tables/wmpd19-sr-tab07-003.xlsx,wmpd19-sr-tab07-003.xlsx,nsf.gov,,,—,error,2026-03-10T01:18:25.773338+00:00,,,,,,,,,,,,,,,,,,,,,,,,,,,,"File not found: crawled_files/nsf.gov/wmpd19-sr-tab07-003.xlsx (crawled 1 day(s) ago at 2026-03-10T01:18:25.773338+00:00). Possible causes: failed download, incomplete artifact transfer, or stale manifest entry from a previous run."
https://ncses.nsf.gov/pubs/nsf19304/assets/data/tables/wmpd19-sr-tab07-004.pdf,wmpd19-sr-tab07-004.pdf,nsf.gov,,,—,error,2026-03-10T01:18:25.774269+00:00,,,,,,,,,,,,,,,,,,,,,,,,,,,,"File not found: crawled_files/nsf.gov/wmpd19-sr-tab07-004.pdf (crawled 1 day(s) ago at 2026-03-10T01:18:25.774269+00:00). Possible causes: failed download, incomplete artifact transfer, or stale manifest entry from a previous run."
https://ncses.nsf.gov/pubs/nsf19304/assets/data/tables/wmpd19-sr-tab07-004.xlsx,wmpd19-sr-tab07-004.xlsx,nsf.gov,,,—,error,2026-03-10T01:18:25.774614+00:00,,,,,,,,,,,,,,,,,,,,,,,,,,,,"File not found: crawled_files/nsf.gov/wmpd19-sr-tab07-004.xlsx (crawled 1 day(s) ago at 2026-03-10T01:18:25.774614+00:00). Possible causes: failed download, incomplete artifact transfer, or stale manifest entry from a previous run."
https://ncses.nsf.gov/pubs/nsf19304/assets/data/tables/wmpd19-sr-tab07-005.pdf,wmpd19-sr-tab07-005.pdf,nsf.gov,,,—,error,2026-03-10T01:18:25.775043+00:00,,,,,,,,,,,,,,,,,,,,,,,,,,,,"File not found: crawled_files/nsf.gov/wmpd19-sr-tab07-005.pdf (crawled 1 day(s) ago at 2026-03-10T01:18:25.775043+00:00). Possible causes: failed download, incomplete artifact transfer, or stale manifest entry from a previous run."
https://ncses.nsf.gov/pubs/nsf19304/assets/data/tables/wmpd19-sr-tab07-005.xlsx,wmpd19-sr-tab07-005.xlsx,nsf.gov,,,—,error,2026-03-10T01:18:25.775324+00:00,,,,,,,,,,,,,,,,,,,,,,,,,,,,"File not found: crawled_files/nsf.gov/wmpd19-sr-tab07-005.xlsx (crawled 1 day(s) ago at 2026-03-10T01:18:25.775324+00:00). Possible causes: failed download, incomplete artifact transfer, or stale manifest entry from a previous run."
https://ncses.nsf.gov/pubs/nsf19304/assets/data/tables/wmpd19-sr-tab07-006.pdf,wmpd19-sr-tab07-006.pdf,nsf.gov,,,—,error,2026-03-10T01:18:25.775700+00:00,,,,,,,,,,,,,,,,,,,,,,,,,,,,"File not found: crawled_files/nsf.gov/wmpd19-sr-tab07-006.pdf (crawled 1 day(s) ago at 2026-03-10T01:18:25.775700+00:00). Possible causes: failed download, incomplete artifact transfer, or stale manifest entry from a previous run."
https://ncses.nsf.gov/pubs/nsf19304/assets/data/tables/wmpd19-sr-tab07-006.xlsx,wmpd19-sr-tab07-006.xlsx,nsf.gov,,,—,error,2026-03-10T01:18:25.775990+00:00,,,,,,,,,,,,,,,,,,,,,,,,,,,,"File not found: crawled_files/nsf.gov/wmpd19-sr-tab07-006.xlsx (crawled 1 day(s) ago at 2026-03-10T01:18:25.775990+00:00). Possible causes: failed download, incomplete artifact transfer, or stale manifest entry from a previous run."
https://ncses.nsf.gov/pubs/nsf19304/assets/data/tables/wmpd19-sr-tab07-007.pdf,wmpd19-sr-tab07-007.pdf,nsf.gov,,,—,error,2026-03-10T01:18:25.776773+00:00,,,,,,,,,,,,,,,,,,,,,,,,,,,,"File not found: crawled_files/nsf.gov/wmpd19-sr-tab07-007.pdf (crawled 1 day(s) ago at 2026-03-10T01:18:25.776773+00:00). Possible causes: failed download, incomplete artifact transfer, or stale manifest entry from a previous run."
https://ncses.nsf.gov/pubs/nsf19304/assets/data/tables/wmpd19-sr-tab07-007.xlsx,wmpd19-sr-tab07-007.xlsx,nsf.gov,,,—,error,2026-03-10T01:18:25.777110+00:00,,,,,,,,,,,,,,,,,,,,,,,,,,,,"File not found: crawled_files/nsf.gov/wmpd19-sr-tab07-007.xlsx (crawled 1 day(s) ago at 2026-03-10T01:18:25.777110+00:00). Possible causes: failed download, incomplete artifact transfer, or stale manifest entry from a previous run."
https://ncses.nsf.gov/pubs/nsf19304/assets/data/tables/wmpd19-sr-tab07-008.pdf,wmpd19-sr-tab07-008.pdf,nsf.gov,,,—,error,2026-03-10T01:18:25.777521+00:00,,,,,,,,,,,,,,,,,,,,,,,,,,,,"File not found: crawled_files/nsf.gov/wmpd19-sr-tab07-008.pdf (crawled 1 day(s) ago at 2026-03-10T01:18:25.777521+00:00). Possible causes: failed download, incomplete artifact transfer, or stale manifest entry from a previous run."
https://ncses.nsf.gov/pubs/nsf19304/assets/data/tables/wmpd19-sr-tab07-008.xlsx,wmpd19-sr-tab07-008.xlsx,nsf.gov,,,—,error,2026-03-10T01:18:25.777799+00:00,,,,,,,,,,,,,,,,,,,,,,,,,,,,"File not found: crawled_files/nsf.gov/wmpd19-sr-tab07-008.xlsx (crawled 1 day(s) ago at 2026-03-10T01:18:25.777799+00:00). Possible causes: failed download, incomplete artifact transfer, or stale manifest entry from a previous run."
https://ncses.nsf.gov/pubs/nsf19304/assets/data/tables/wmpd19-sr-tab07-009.pdf,wmpd19-sr-tab07-009.pdf,nsf.gov,,,—,error,2026-03-10T01:18:25.778197+00:00,,,,,,,,,,,,,,,,,,,,,,,,,,,,"File not found: crawled_files/nsf.gov/wmpd19-sr-tab07-009.pdf (crawled 1 day(s) ago at 2026-03-10T01:18:25.778197+00:00). Possible causes: failed download, incomplete artifact transfer, or stale manifest entry from a previous run."
https://ncses.nsf.gov/pubs/nsf19304/assets/data/tables/wmpd19-sr-tab07-009.xlsx,wmpd19-sr-tab07-009.xlsx,nsf.gov,,,—,error,2026-03-10T01:18:25.778480+00:00,,,,,,,,,,,,,,,,,,,,,,,,,,,,"File not found: crawled_files/nsf.gov/wmpd19-sr-tab07-009.xlsx (crawled 1 day(s) ago at 2026-03-10T01:18:25.778480+00:00). Possible causes: failed download, incomplete artifact transfer, or stale manifest entry from a previous run."
https://ncses.nsf.gov/pubs/nsf19304/assets/data/tables/wmpd19-sr-tab07-010.pdf,wmpd19-sr-tab07-010.pdf,nsf.gov,,,—,error,2026-03-10T01:18:25.778850+00:00,,,,,,,,,,,,,,,,,,,,,,,,,,,,"File not found: crawled_files/nsf.gov/wmpd19-sr-tab07-010.pdf (crawled 1 day(s) ago at 2026-03-10T01:18:25.778850+00:00). Possible causes: failed download, incomplete artifact transfer, or stale manifest entry from a previous run."
https://ncses.nsf.gov/pubs/nsf19304/assets/data/tables/wmpd19-sr-tab07-010.xlsx,wmpd19-sr-tab07-010.xlsx,nsf.gov,,,—,error,2026-03-10T01:18:25.779136+00:00,,,,,,,,,,,,,,,,,,,,,,,,,,,,"File not found: crawled_files/nsf.gov/wmpd19-sr-tab07-010.xlsx (crawled 1 day(s) ago at 2026-03-10T01:18:25.779136+00:00). Possible causes: failed download, incomplete artifact transfer, or stale manifest entry from a previous run."
https://ncses.nsf.gov/pubs/nsf19304/assets/data/tables/wmpd19-sr-tab07-011.pdf,wmpd19-sr-tab07-011.pdf,nsf.gov,,,—,error,2026-03-10T01:18:25.779527+00:00,,,,,,,,,,,,,,,,,,,,,,,,,,,,"File not found: crawled_files/nsf.gov/wmpd19-sr-tab07-011.pdf (crawled 1 day(s) ago at 2026-03-10T01:18:25.779527+00:00). Possible causes: failed download, incomplete artifact transfer, or stale manifest entry from a previous run."
https://ncses.nsf.gov/pubs/nsf19304/assets/data/tables/wmpd19-sr-tab07-011.xlsx,wmpd19-sr-tab07-011.xlsx,nsf.gov,,,—,error,2026-03-10T01:18:25.779813+00:00,,,,,,,,,,,,,,,,,,,,,,,,,,,,"File not found: crawled_files/nsf.gov/wmpd19-sr-tab07-011.xlsx (crawled 1 day(s) ago at 2026-03-10T01:18:25.779813+00:00). Possible causes: failed download, incomplete artifact transfer, or stale manifest entry from a previous run."
https://ncses.nsf.gov/pubs/nsf19304/assets/data/tables/wmpd19-sr-tab07-012.pdf,wmpd19-sr-tab07-012.pdf,nsf.gov,,,—,error,2026-03-10T01:18:25.780234+00:00,,,,,,,,,,,,,,,,,,,,,,,,,,,,"File not found: crawled_files/nsf.gov/wmpd19-sr-tab07-012.pdf (crawled 1 day(s) ago at 2026-03-10T01:18:25.780234+00:00). Possible causes: failed download, incomplete artifact transfer, or stale manifest entry from a previous run."
https://ncses.nsf.gov/pubs/nsf19304/assets/data/tables/wmpd19-sr-tab07-012.xlsx,wmpd19-sr-tab07-012.xlsx,nsf.gov,,,—,error,2026-03-10T01:18:25.780510+00:00,,,,,,,,,,,,,,,,,,,,,,,,,,,,"File not found: crawled_files/nsf.gov/wmpd19-sr-tab07-012.xlsx (crawled 1 day(s) ago at 2026-03-10T01:18:25.780510+00:00). Possible causes: failed download, incomplete artifact transfer, or stale manifest entry from a previous run."
https://ncses.nsf.gov/pubs/nsf19304/assets/data/tables/wmpd19-sr-tab07-013.pdf,wmpd19-sr-tab07-013.pdf,nsf.gov,,,—,error,2026-03-10T01:18:25.780877+00:00,,,,,,,,,,,,,,,,,,,,,,,,,,,,"File not found: crawled_files/nsf.gov/wmpd19-sr-tab07-013.pdf (crawled 1 day(s) ago at 2026-03-10T01:18:25.780877+00:00). Possible causes: failed download, incomplete artifact transfer, or stale manifest entry from a previous run."
https://ncses.nsf.gov/pubs/nsf19304/assets/data/tables/wmpd19-sr-tab07-013.xlsx,wmpd19-sr-tab07-013.xlsx,nsf.gov,,,—,error,2026-03-10T01:18:25.781164+00:00,,,,,,,,,,,,,,,,,,,,,,,,,,,,"File not found: crawled_files/nsf.gov/wmpd19-sr-tab07-013.xlsx (crawled 1 day(s) ago at 2026-03-10T01:18:25.781164+00:00). Possible causes: failed download, incomplete artifact transfer, or stale manifest entry from a previous run."
https://ncses.nsf.gov/pubs/nsf19304/assets/data/tables/wmpd19-sr-tab07-014.pdf,wmpd19-sr-tab07-014.pdf,nsf.gov,,,—,error,2026-03-10T01:18:25.781532+00:00,,,,,,,,,,,,,,,,,,,,,,,,,,,,"File not found: crawled_files/nsf.gov/wmpd19-sr-tab07-014.pdf (crawled 1 day(s) ago at 2026-03-10T01:18:25.781532+00:00). Possible causes: failed download, incomplete artifact transfer, or stale manifest entry from a previous run."
https://ncses.nsf.gov/pubs/nsf19304/assets/data/tables/wmpd19-sr-tab07-014.xlsx,wmpd19-sr-tab07-014.xlsx,nsf.gov,,,—,error,2026-03-10T01:18:25.781804+00:00,,,,,,,,,,,,,,,,,,,,,,,,,,,,"File not found: crawled_files/nsf.gov/wmpd19-sr-tab07-014.xlsx (crawled 1 day(s) ago at 2026-03-10T01:18:25.781804+00:00). Possible causes: failed download, incomplete artifact transfer, or stale manifest entry from a previous run."
https://ncses.nsf.gov/pubs/nsf19304/assets/data/tables/wmpd19-sr-tab07-015.pdf,wmpd19-sr-tab07-015.pdf,nsf.gov,,,—,error,2026-03-10T01:18:25.782208+00:00,,,,,,,,,,,,,,,,,,,,,,,,,,,,"File not found: crawled_files/nsf.gov/wmpd19-sr-tab07-015.pdf (crawled 1 day(s) ago at 2026-03-10T01:18:25.782208+00:00). Possible causes: failed download, incomplete artifact transfer, or stale manifest entry from a previous run."
https://ncses.nsf.gov/pubs/nsf19304/assets/data/tables/wmpd19-sr-tab07-015.xlsx,wmpd19-sr-tab07-015.xlsx,nsf.gov,,,—,error,2026-03-10T01:18:25.782485+00:00,,,,,,,,,,,,,,,,,,,,,,,,,,,,"File not found: crawled_files/nsf.gov/wmpd19-sr-tab07-015.xlsx (crawled 1 day(s) ago at 2026-03-10T01:18:25.782485+00:00). Possible causes: failed download, incomplete artifact transfer, or stale manifest entry from a previous run."
https://ncses.nsf.gov/pubs/nsf19304/assets/data/tables/wmpd19-sr-tab07-016.pdf,wmpd19-sr-tab07-016.pdf,nsf.gov,,,—,error,2026-03-10T01:18:25.782871+00:00,,,,,,,,,,,,,,,,,,,,,,,,,,,,"File not found: crawled_files/nsf.gov/wmpd19-sr-tab07-016.pdf (crawled 1 day(s) ago at 2026-03-10T01:18:25.782871+00:00). Possible causes: failed download, incomplete artifact transfer, or stale manifest entry from a previous run."
https://ncses.nsf.gov/pubs/nsf19304/assets/data/tables/wmpd19-sr-tab07-016.xlsx,wmpd19-sr-tab07-016.xlsx,nsf.gov,,,—,error,2026-03-10T01:18:25.783159+00:00,,,,,,,,,,,,,,,,,,,,,,,,,,,,"File not found: crawled_files/nsf.gov/wmpd19-sr-tab07-016.xlsx (crawled 1 day(s) ago at 2026-03-10T01:18:25.783159+00:00). Possible causes: failed download, incomplete artifact transfer, or stale manifest entry from a previous run."
https://ncses.nsf.gov/pubs/nsf19304/assets/data/tables/wmpd19-sr-tab07-017.pdf,wmpd19-sr-tab07-017.pdf,nsf.gov,,,—,error,2026-03-10T01:18:25.783533+00:00,,,,,,,,,,,,,,,,,,,,,,,,,,,,"File not found: crawled_files/nsf.gov/wmpd19-sr-tab07-017.pdf (crawled 1 day(s) ago at 2026-03-10T01:18:25.783533+00:00). Possible causes: failed download, incomplete artifact transfer, or stale manifest entry from a previous run."
https://ncses.nsf.gov/pubs/nsf19304/assets/data/tables/wmpd19-sr-tab07-017.xlsx,wmpd19-sr-tab07-017.xlsx,nsf.gov,,,—,error,2026-03-10T01:18:25.783806+00:00,,,,,,,,,,,,,,,,,,,,,,,,,,,,"File not found: crawled_files/nsf.gov/wmpd19-sr-tab07-017.xlsx (crawled 1 day(s) ago at 2026-03-10T01:18:25.783806+00:00). Possible causes: failed download, incomplete artifact transfer, or stale manifest entry from a previous run."
https://ncses.nsf.gov/pubs/nsf19304/assets/data/tables/wmpd19-sr-tab07-018.pdf,wmpd19-sr-tab07-018.pdf,nsf.gov,,,—,error,2026-03-10T01:18:25.784176+00:00,,,,,,,,,,,,,,,,,,,,,,,,,,,,"File not found: crawled_files/nsf.gov/wmpd19-sr-tab07-018.pdf (crawled 1 day(s) ago at 2026-03-10T01:18:25.784176+00:00). Possible causes: failed download, incomplete artifact transfer, or stale manifest entry from a previous run."
https://ncses.nsf.gov/pubs/nsf19304/assets/data/tables/wmpd19-sr-tab07-018.xlsx,wmpd19-sr-tab07-018.xlsx,nsf.gov,,,—,error,2026-03-10T01:18:25.784563+00:00,,,,,,,,,,,,,,,,,,,,,,,,,,,,"File not found: crawled_files/nsf.gov/wmpd19-sr-tab07-018.xlsx (crawled 1 day(s) ago at 2026-03-10T01:18:25.784563+00:00). Possible causes: failed download, incomplete artifact transfer, or stale manifest entry from a previous run."
https://ncses.nsf.gov/pubs/nsf19304/assets/data/tables/wmpd19-sr-tab07-019.pdf,wmpd19-sr-tab07-019.pdf,nsf.gov,,,—,error,2026-03-10T01:18:25.785067+00:00,,,,,,,,,,,,,,,,,,,,,,,,,,,,"File not found: crawled_files/nsf.gov/wmpd19-sr-tab07-019.pdf (crawled 1 day(s) ago at 2026-03-10T01:18:25.785067+00:00). Possible causes: failed download, incomplete artifact transfer, or stale manifest entry from a previous run."
https://ncses.nsf.gov/pubs/nsf19304/assets/data/tables/wmpd19-sr-tab07-019.xlsx,wmpd19-sr-tab07-019.xlsx,nsf.gov,,,—,error,2026-03-10T01:18:25.785441+00:00,,,,,,,,,,,,,,,,,,,,,,,,,,,,"File not found: crawled_files/nsf.gov/wmpd19-sr-tab07-019.xlsx (crawled 1 day(s) ago at 2026-03-10T01:18:25.785441+00:00). Possible causes: failed download, incomplete artifact transfer, or stale manifest entry from a previous run."
https://ncses.nsf.gov/pubs/nsf19304/assets/data/tables/wmpd19-sr-tab07-020.pdf,wmpd19-sr-tab07-020.pdf,nsf.gov,,,—,error,2026-03-10T01:18:25.785938+00:00,,,,,,,,,,,,,,,,,,,,,,,,,,,,"File not found: crawled_files/nsf.gov/wmpd19-sr-tab07-020.pdf (crawled 1 day(s) ago at 2026-03-10T01:18:25.785938+00:00). Possible causes: failed download, incomplete artifact transfer, or stale manifest entry from a previous run."
https://ncses.nsf.gov/pubs/nsf19304/assets/data/tables/wmpd19-sr-tab07-020.xlsx,wmpd19-sr-tab07-020.xlsx,nsf.gov,,,—,error,2026-03-10T01:18:25.786332+00:00,,,,,,,,,,,,,,,,,,,,,,,,,,,,"File not found: crawled_files/nsf.gov/wmpd19-sr-tab07-020.xlsx (crawled 1 day(s) ago at 2026-03-10T01:18:25.786332+00:00). Possible causes: failed download, incomplete artifact transfer, or stale manifest entry from a previous run."
https://ncses.nsf.gov/pubs/nsf19304/assets/data/tables/wmpd19-sr-tab07-021.pdf,wmpd19-sr-tab07-021.pdf,nsf.gov,,,—,error,2026-03-10T01:18:25.786832+00:00,,,,,,,,,,,,,,,,,,,,,,,,,,,,"File not found: crawled_files/nsf.gov/wmpd19-sr-tab07-021.pdf (crawled 1 day(s) ago at 2026-03-10T01:18:25.786832+00:00). Possible causes: failed download, incomplete artifact transfer, or stale manifest entry from a previous run."
https://ncses.nsf.gov/pubs/nsf19304/assets/data/tables/wmpd19-sr-tab07-021.xlsx,wmpd19-sr-tab07-021.xlsx,nsf.gov,,,—,error,2026-03-10T01:18:25.787230+00:00,,,,,,,,,,,,,,,,,,,,,,,,,,,,"File not found: crawled_files/nsf.gov/wmpd19-sr-tab07-021.xlsx (crawled 1 day(s) ago at 2026-03-10T01:18:25.787230+00:00). Possible causes: failed download, incomplete artifact transfer, or stale manifest entry from a previous run."
https://ncses.nsf.gov/pubs/nsf19304/assets/data/tables/wmpd19-sr-tab07-022.pdf,wmpd19-sr-tab07-022.pdf,nsf.gov,,,—,error,2026-03-10T01:18:25.787746+00:00,,,,,,,,,,,,,,,,,,,,,,,,,,,,"File not found: crawled_files/nsf.gov/wmpd19-sr-tab07-022.pdf (crawled 1 day(s) ago at 2026-03-10T01:18:25.787746+00:00). Possible causes: failed download, incomplete artifact transfer, or stale manifest entry from a previous run."
https://ncses.nsf.gov/pubs/nsf19304/assets/data/tables/wmpd19-sr-tab07-022.xlsx,wmpd19-sr-tab07-022.xlsx,nsf.gov,,,—,error,2026-03-10T01:18:25.788144+00:00,,,,,,,,,,,,,,,,,,,,,,,,,,,,"File not found: crawled_files/nsf.gov/wmpd19-sr-tab07-022.xlsx (crawled 1 day(s) ago at 2026-03-10T01:18:25.788144+00:00). Possible causes: failed download, incomplete artifact transfer, or stale manifest entry from a previous run."
https://ncses.nsf.gov/pubs/nsf19304/assets/data/tables/wmpd19-sr-tab07-023.pdf,wmpd19-sr-tab07-023.pdf,nsf.gov,,,—,error,2026-03-10T01:18:25.788637+00:00,,,,,,,,,,,,,,,,,,,,,,,,,,,,"File not found: crawled_files/nsf.gov/wmpd19-sr-tab07-023.pdf (crawled 1 day(s) ago at 2026-03-10T01:18:25.788637+00:00). Possible causes: failed download, incomplete artifact transfer, or stale manifest entry from a previous run."
https://ncses.nsf.gov/pubs/nsf19304/assets/data/tables/wmpd19-sr-tab07-023.xlsx,wmpd19-sr-tab07-023.xlsx,nsf.gov,,,—,error,2026-03-10T01:18:25.789037+00:00,,,,,,,,,,,,,,,,,,,,,,,,,,,,"File not found: crawled_files/nsf.gov/wmpd19-sr-tab07-023.xlsx (crawled 1 day(s) ago at 2026-03-10T01:18:25.789037+00:00). Possible causes: failed download, incomplete artifact transfer, or stale manifest entry from a previous run."
https://ncses.nsf.gov/pubs/nsf19304/assets/data/tables/wmpd19-sr-tab07-024.pdf,wmpd19-sr-tab07-024.pdf,nsf.gov,,,—,error,2026-03-10T01:18:25.789538+00:00,,,,,,,,,,,,,,,,,,,,,,,,,,,,"File not found: crawled_files/nsf.gov/wmpd19-sr-tab07-024.pdf (crawled 1 day(s) ago at 2026-03-10T01:18:25.789538+00:00). Possible causes: failed download, incomplete artifact transfer, or stale manifest entry from a previous run."
https://ncses.nsf.gov/pubs/nsf19304/assets/data/tables/wmpd19-sr-tab07-024.xlsx,wmpd19-sr-tab07-024.xlsx,nsf.gov,,,—,error,2026-03-10T01:18:25.789911+00:00,,,,,,,,,,,,,,,,,,,,,,,,,,,,"File not found: crawled_files/nsf.gov/wmpd19-sr-tab07-024.xlsx (crawled 1 day(s) ago at 2026-03-10T01:18:25.789911+00:00). Possible causes: failed download, incomplete artifact transfer, or stale manifest entry from a previous run."
https://ncses.nsf.gov/pubs/nsf19304/assets/data/tables/wmpd19-sr-tab07-025.pdf,wmpd19-sr-tab07-025.pdf,nsf.gov,,,—,error,2026-03-10T01:18:25.790445+00:00,,,,,,,,,,,,,,,,,,,,,,,,,,,,"File not found: crawled_files/nsf.gov/wmpd19-sr-tab07-025.pdf (crawled 1 day(s) ago at 2026-03-10T01:18:25.790445+00:00). Possible causes: failed download, incomplete artifact transfer, or stale manifest entry from a previous run."
https://ncses.nsf.gov/pubs/nsf19304/assets/data/tables/wmpd19-sr-tab07-025.xlsx,wmpd19-sr-tab07-025.xlsx,nsf.gov,,,—,error,2026-03-10T01:18:25.790822+00:00,,,,,,,,,,,,,,,,,,,,,,,,,,,,"File not found: crawled_files/nsf.gov/wmpd19-sr-tab07-025.xlsx (crawled 1 day(s) ago at 2026-03-10T01:18:25.790822+00:00). Possible causes: failed download, incomplete artifact transfer, or stale manifest entry from a previous run."
https://ncses.nsf.gov/pubs/nsf19304/assets/data/tables/wmpd19-sr-tab07-026.pdf,wmpd19-sr-tab07-026.pdf,nsf.gov,,,—,error,2026-03-10T01:18:25.791548+00:00,,,,,,,,,,,,,,,,,,,,,,,,,,,,"File not found: crawled_files/nsf.gov/wmpd19-sr-tab07-026.pdf (crawled 1 day(s) ago at 2026-03-10T01:18:25.791548+00:00). Possible causes: failed download, incomplete artifact transfer, or stale manifest entry from a previous run."
https://ncses.nsf.gov/pubs/nsf19304/assets/data/tables/wmpd19-sr-tab07-026.xlsx,wmpd19-sr-tab07-026.xlsx,nsf.gov,,,—,error,2026-03-10T01:18:25.791970+00:00,,,,,,,,,,,,,,,,,,,,,,,,,,,,"File not found: crawled_files/nsf.gov/wmpd19-sr-tab07-026.xlsx (crawled 1 day(s) ago at 2026-03-10T01:18:25.791970+00:00). Possible causes: failed download, incomplete artifact transfer, or stale manifest entry from a previous run."
https://ncses.nsf.gov/pubs/nsf19304/assets/data/tables/wmpd19-sr-tab07-027.pdf,wmpd19-sr-tab07-027.pdf,nsf.gov,,,—,error,2026-03-10T01:18:25.792443+00:00,,,,,,,,,,,,,,,,,,,,,,,,,,,,"File not found: crawled_files/nsf.gov/wmpd19-sr-tab07-027.pdf (crawled 1 day(s) ago at 2026-03-10T01:18:25.792443+00:00). Possible causes: failed download, incomplete artifact transfer, or stale manifest entry from a previous run."
https://ncses.nsf.gov/pubs/nsf19304/assets/data/tables/wmpd19-sr-tab07-027.xlsx,wmpd19-sr-tab07-027.xlsx,nsf.gov,,,—,error,2026-03-10T01:18:25.792815+00:00,,,,,,,,,,,,,,,,,,,,,,,,,,,,"File not found: crawled_files/nsf.gov/wmpd19-sr-tab07-027.xlsx (crawled 1 day(s) ago at 2026-03-10T01:18:25.792815+00:00). Possible causes: failed download, incomplete artifact transfer, or stale manifest entry from a previous run."
https://ncses.nsf.gov/pubs/nsf19304/assets/data/tables/wmpd19-sr-tab08-001.pdf,wmpd19-sr-tab08-001.pdf,nsf.gov,,,—,error,2026-03-10T01:18:25.793364+00:00,,,,,,,,,,,,,,,,,,,,,,,,,,,,"File not found: crawled_files/nsf.gov/wmpd19-sr-tab08-001.pdf (crawled 1 day(s) ago at 2026-03-10T01:18:25.793364+00:00). Possible causes: failed download, incomplete artifact transfer, or stale manifest entry from a previous run."
https://ncses.nsf.gov/pubs/nsf19304/assets/data/tables/wmpd19-sr-tab08-001.xlsx,wmpd19-sr-tab08-001.xlsx,nsf.gov,,,—,error,2026-03-10T01:18:25.793742+00:00,,,,,,,,,,,,,,,,,,,,,,,,,,,,"File not found: crawled_files/nsf.gov/wmpd19-sr-tab08-001.xlsx (crawled 1 day(s) ago at 2026-03-10T01:18:25.793742+00:00). Possible causes: failed download, incomplete artifact transfer, or stale manifest entry from a previous run."
https://ncses.nsf.gov/pubs/nsf19304/assets/data/tables/wmpd19-sr-tab08-002.pdf,wmpd19-sr-tab08-002.pdf,nsf.gov,,,—,error,2026-03-10T01:18:25.794270+00:00,,,,,,,,,,,,,,,,,,,,,,,,,,,,"File not found: crawled_files/nsf.gov/wmpd19-sr-tab08-002.pdf (crawled 1 day(s) ago at 2026-03-10T01:18:25.794270+00:00). Possible causes: failed download, incomplete artifact transfer, or stale manifest entry from a previous run."
https://ncses.nsf.gov/pubs/nsf19304/assets/data/tables/wmpd19-sr-tab08-002.xlsx,wmpd19-sr-tab08-002.xlsx,nsf.gov,,,—,error,2026-03-10T01:18:25.794574+00:00,,,,,,,,,,,,,,,,,,,,,,,,,,,,"File not found: crawled_files/nsf.gov/wmpd19-sr-tab08-002.xlsx (crawled 1 day(s) ago at 2026-03-10T01:18:25.794574+00:00). Possible causes: failed download, incomplete artifact transfer, or stale manifest entry from a previous run."
https://ncses.nsf.gov/pubs/nsf19304/assets/data/tables/wmpd19-sr-tab08-003.pdf,wmpd19-sr-tab08-003.pdf,nsf.gov,,,—,error,2026-03-10T01:18:25.794976+00:00,,,,,,,,,,,,,,,,,,,,,,,,,,,,"File not found: crawled_files/nsf.gov/wmpd19-sr-tab08-003.pdf (crawled 1 day(s) ago at 2026-03-10T01:18:25.794976+00:00). Possible causes: failed download, incomplete artifact transfer, or stale manifest entry from a previous run."
https://ncses.nsf.gov/pubs/nsf19304/assets/data/tables/wmpd19-sr-tab08-003.xlsx,wmpd19-sr-tab08-003.xlsx,nsf.gov,,,—,error,2026-03-10T01:18:25.795256+00:00,,,,,,,,,,,,,,,,,,,,,,,,,,,,"File not found: crawled_files/nsf.gov/wmpd19-sr-tab08-003.xlsx (crawled 1 day(s) ago at 2026-03-10T01:18:25.795256+00:00). Possible causes: failed download, incomplete artifact transfer, or stale manifest entry from a previous run."
https://ncses.nsf.gov/pubs/nsf19304/assets/data/tables/wmpd19-sr-tab08-004.pdf,wmpd19-sr-tab08-004.pdf,nsf.gov,,,—,error,2026-03-10T01:18:25.795639+00:00,,,,,,,,,,,,,,,,,,,,,,,,,,,,"File not found: crawled_files/nsf.gov/wmpd19-sr-tab08-004.pdf (crawled 1 day(s) ago at 2026-03-10T01:18:25.795639+00:00). Possible causes: failed download, incomplete artifact transfer, or stale manifest entry from a previous run."
https://ncses.nsf.gov/pubs/nsf19304/assets/data/tables/wmpd19-sr-tab08-004.xlsx,wmpd19-sr-tab08-004.xlsx,nsf.gov,,,—,error,2026-03-10T01:18:25.795913+00:00,,,,,,,,,,,,,,,,,,,,,,,,,,,,"File not found: crawled_files/nsf.gov/wmpd19-sr-tab08-004.xlsx (crawled 1 day(s) ago at 2026-03-10T01:18:25.795913+00:00). Possible causes: failed download, incomplete artifact transfer, or stale manifest entry from a previous run."
https://ncses.nsf.gov/pubs/nsf19304/assets/data/tables/wmpd19-sr-tab09-001.pdf,wmpd19-sr-tab09-001.pdf,nsf.gov,,,—,error,2026-03-10T01:18:25.796329+00:00,,,,,,,,,,,,,,,,,,,,,,,,,,,,"File not found: crawled_files/nsf.gov/wmpd19-sr-tab09-001.pdf (crawled 1 day(s) ago at 2026-03-10T01:18:25.796329+00:00). Possible causes: failed download, incomplete artifact transfer, or stale manifest entry from a previous run."
https://ncses.nsf.gov/pubs/nsf19304/assets/data/tables/wmpd19-sr-tab09-001.xlsx,wmpd19-sr-tab09-001.xlsx,nsf.gov,,,—,error,2026-03-10T01:18:25.796611+00:00,,,,,,,,,,,,,,,,,,,,,,,,,,,,"File not found: crawled_files/nsf.gov/wmpd19-sr-tab09-001.xlsx (crawled 1 day(s) ago at 2026-03-10T01:18:25.796611+00:00). Possible causes: failed download, incomplete artifact transfer, or stale manifest entry from a previous run."
https://ncses.nsf.gov/pubs/nsf19304/assets/data/tables/wmpd19-sr-tab09-002.pdf,wmpd19-sr-tab09-002.pdf,nsf.gov,,,—,error,2026-03-10T01:18:25.797032+00:00,,,,,,,,,,,,,,,,,,,,,,,,,,,,"File not found: crawled_files/nsf.gov/wmpd19-sr-tab09-002.pdf (crawled 1 day(s) ago at 2026-03-10T01:18:25.797032+00:00). Possible causes: failed download, incomplete artifact transfer, or stale manifest entry from a previous run."
https://ncses.nsf.gov/pubs/nsf19304/assets/data/tables/wmpd19-sr-tab09-002.xlsx,wmpd19-sr-tab09-002.xlsx,nsf.gov,,,—,error,2026-03-10T01:18:25.797313+00:00,,,,,,,,,,,,,,,,,,,,,,,,,,,,"File not found: crawled_files/nsf.gov/wmpd19-sr-tab09-002.xlsx (crawled 1 day(s) ago at 2026-03-10T01:18:25.797313+00:00). Possible causes: failed download, incomplete artifact transfer, or stale manifest entry from a previous run."
https://ncses.nsf.gov/pubs/nsf19304/assets/data/tables/wmpd19-sr-tab09-003.pdf,wmpd19-sr-tab09-003.pdf,nsf.gov,,,—,analysed,2026-03-10T01:18:25.797713+00:00,2019-04-26 19:13:48+00:00,,,,,,True,False,False,Pass,Pass,Pass,Pass,Pass,Pass,,,,,,,,,False,1,,,
https://ncses.nsf.gov/pubs/nsf19304/assets/data/tables/wmpd19-sr-tab09-003.xlsx,wmpd19-sr-tab09-003.xlsx,nsf.gov,,,—,error,2026-03-10T01:18:25.798007+00:00,,,,,,,,,,,,,,,,,,,,,,,,,,,,"File not found: crawled_files/nsf.gov/wmpd19-sr-tab09-003.xlsx (crawled 1 day(s) ago at 2026-03-10T01:18:25.798007+00:00). Possible causes: failed download, incomplete artifact transfer, or stale manifest entry from a previous run."
https://ncses.nsf.gov/pubs/nsf19304/assets/data/tables/wmpd19-sr-tab09-004.pdf,wmpd19-sr-tab09-004.pdf,nsf.gov,,,—,analysed,2026-03-10T01:18:25.798498+00:00,2019-04-26 19:13:48+00:00,,,,,,True,False,False,Pass,Pass,Pass,Pass,Pass,Pass,,,,,,,,,False,3,,,
https://ncses.nsf.gov/pubs/nsf19304/assets/data/tables/wmpd19-sr-tab09-004.xlsx,wmpd19-sr-tab09-004.xlsx,nsf.gov,,,—,error,2026-03-10T01:18:25.798788+00:00,,,,,,,,,,,,,,,,,,,,,,,,,,,,"File not found: crawled_files/nsf.gov/wmpd19-sr-tab09-004.xlsx (crawled 1 day(s) ago at 2026-03-10T01:18:25.798788+00:00). Possible causes: failed download, incomplete artifact transfer, or stale manifest entry from a previous run."
https://ncses.nsf.gov/pubs/nsf19304/assets/data/tables/wmpd19-sr-tab09-005.pdf,wmpd19-sr-tab09-005.pdf,nsf.gov,,,—,analysed,2026-03-10T01:18:25.799235+00:00,2019-04-26 19:13:51+00:00,,,,,,True,False,False,Pass,Pass,Pass,Pass,Pass,Pass,,,,,,,,,False,2,,,
https://ncses.nsf.gov/pubs/nsf19304/assets/data/tables/wmpd19-sr-tab09-005.xlsx,wmpd19-sr-tab09-005.xlsx,nsf.gov,,,—,error,2026-03-10T01:18:25.799519+00:00,,,,,,,,,,,,,,,,,,,,,,,,,,,,"File not found: crawled_files/nsf.gov/wmpd19-sr-tab09-005.xlsx (crawled 1 day(s) ago at 2026-03-10T01:18:25.799519+00:00). Possible causes: failed download, incomplete artifact transfer, or stale manifest entry from a previous run."
https://ncses.nsf.gov/pubs/nsf19304/assets/data/tables/wmpd19-sr-tab09-006.pdf,wmpd19-sr-tab09-006.pdf,nsf.gov,,,—,analysed,2026-03-10T01:18:25.800092+00:00,2019-04-26 19:13:52+00:00,,,,,,True,False,False,Pass,Pass,Pass,Pass,Pass,Pass,,,,,,,,,False,7,,,
https://ncses.nsf.gov/pubs/nsf19304/assets/data/tables/wmpd19-sr-tab09-006.xlsx,wmpd19-sr-tab09-006.xlsx,nsf.gov,,,—,error,2026-03-10T01:18:25.800392+00:00,,,,,,,,,,,,,,,,,,,,,,,,,,,,"File not found: crawled_files/nsf.gov/wmpd19-sr-tab09-006.xlsx (crawled 1 day(s) ago at 2026-03-10T01:18:25.800392+00:00). Possible causes: failed download, incomplete artifact transfer, or stale manifest entry from a previous run."
https://ncses.nsf.gov/pubs/nsf19304/assets/data/tables/wmpd19-sr-tab09-007.pdf,wmpd19-sr-tab09-007.pdf,nsf.gov,,,—,analysed,2026-03-10T01:18:25.800847+00:00,2019-04-26 19:13:56+00:00,,,,,,True,False,False,Pass,Pass,Pass,Pass,Pass,Pass,,,,,,,,,False,3,,,
https://ncses.nsf.gov/pubs/nsf19304/assets/data/tables/wmpd19-sr-tab09-007.xlsx,wmpd19-sr-tab09-007.xlsx,nsf.gov,,,—,error,2026-03-10T01:18:25.801147+00:00,,,,,,,,,,,,,,,,,,,,,,,,,,,,"File not found: crawled_files/nsf.gov/wmpd19-sr-tab09-007.xlsx (crawled 1 day(s) ago at 2026-03-10T01:18:25.801147+00:00). Possible causes: failed download, incomplete artifact transfer, or stale manifest entry from a previous run."
https://ncses.nsf.gov/pubs/nsf19304/assets/data/tables/wmpd19-sr-tab09-008.pdf,wmpd19-sr-tab09-008.pdf,nsf.gov,,,—,analysed,2026-03-10T01:18:25.801580+00:00,2019-04-26 19:13:58+00:00,,,,,,True,False,False,Pass,Pass,Pass,Pass,Pass,Pass,,,,,,,,,False,3,,,
https://ncses.nsf.gov/pubs/nsf19304/assets/data/tables/wmpd19-sr-tab09-008.xlsx,wmpd19-sr-tab09-008.xlsx,nsf.gov,,,—,error,2026-03-10T01:18:25.801863+00:00,,,,,,,,,,,,,,,,,,,,,,,,,,,,"File not found: crawled_files/nsf.gov/wmpd19-sr-tab09-008.xlsx (crawled 1 day(s) ago at 2026-03-10T01:18:25.801863+00:00). Possible causes: failed download, incomplete artifact transfer, or stale manifest entry from a previous run."
https://ncses.nsf.gov/pubs/nsf19304/assets/data/tables/wmpd19-sr-tab09-009.pdf,wmpd19-sr-tab09-009.pdf,nsf.gov,,,—,analysed,2026-03-10T01:18:25.802293+00:00,2019-04-26 19:13:59+00:00,,,,,,True,False,False,Pass,Pass,Pass,Pass,Pass,Pass,,,,,,,,,False,2,,,
https://ncses.nsf.gov/pubs/nsf19304/assets/data/tables/wmpd19-sr-tab09-009.xlsx,wmpd19-sr-tab09-009.xlsx,nsf.gov,,,—,error,2026-03-10T01:18:25.802574+00:00,,,,,,,,,,,,,,,,,,,,,,,,,,,,"File not found: crawled_files/nsf.gov/wmpd19-sr-tab09-009.xlsx (crawled 1 day(s) ago at 2026-03-10T01:18:25.802574+00:00). Possible causes: failed download, incomplete artifact transfer, or stale manifest entry from a previous run."
https://ncses.nsf.gov/pubs/nsf19304/assets/data/tables/wmpd19-sr-tab09-010.pdf,wmpd19-sr-tab09-010.pdf,nsf.gov,,,—,analysed,2026-03-10T01:18:25.802958+00:00,2019-04-26 19:14:00+00:00,,,,,,True,False,False,Pass,Pass,Pass,Pass,Pass,Pass,,,,,,,,,False,1,,,
https://ncses.nsf.gov/pubs/nsf19304/assets/data/tables/wmpd19-sr-tab09-010.xlsx,wmpd19-sr-tab09-010.xlsx,nsf.gov,,,—,error,2026-03-10T01:18:25.803237+00:00,,,,,,,,,,,,,,,,,,,,,,,,,,,,"File not found: crawled_files/nsf.gov/wmpd19-sr-tab09-010.xlsx (crawled 1 day(s) ago at 2026-03-10T01:18:25.803237+00:00). Possible causes: failed download, incomplete artifact transfer, or stale manifest entry from a previous run."
https://ncses.nsf.gov/pubs/nsf19304/assets/data/tables/wmpd19-sr-tab09-011.pdf,wmpd19-sr-tab09-011.pdf,nsf.gov,,,—,analysed,2026-03-10T01:18:25.803622+00:00,2019-04-26 19:14:00+00:00,,,,,,True,False,False,Pass,Pass,Pass,Pass,Pass,Pass,,,,,,,,,False,1,,,
https://ncses.nsf.gov/pubs/nsf19304/assets/data/tables/wmpd19-sr-tab09-011.xlsx,wmpd19-sr-tab09-011.xlsx,nsf.gov,,,—,error,2026-03-10T01:18:25.803899+00:00,,,,,,,,,,,,,,,,,,,,,,,,,,,,"File not found: crawled_files/nsf.gov/wmpd19-sr-tab09-011.xlsx (crawled 1 day(s) ago at 2026-03-10T01:18:25.803899+00:00). Possible causes: failed download, incomplete artifact transfer, or stale manifest entry from a previous run."
https://ncses.nsf.gov/pubs/nsf19304/assets/data/tables/wmpd19-sr-tab09-012.pdf,wmpd19-sr-tab09-012.pdf,nsf.gov,,,—,analysed,2026-03-10T01:18:25.804297+00:00,2019-04-26 19:14:01+00:00,,,,,,True,False,False,Pass,Pass,Pass,Pass,Pass,Pass,,,,,,,,,False,1,,,
https://ncses.nsf.gov/pubs/nsf19304/assets/data/tables/wmpd19-sr-tab09-012.xlsx,wmpd19-sr-tab09-012.xlsx,nsf.gov,,,—,error,2026-03-10T01:18:25.804579+00:00,,,,,,,,,,,,,,,,,,,,,,,,,,,,"File not found: crawled_files/nsf.gov/wmpd19-sr-tab09-012.xlsx (crawled 1 day(s) ago at 2026-03-10T01:18:25.804579+00:00). Possible causes: failed download, incomplete artifact transfer, or stale manifest entry from a previous run."
https://ncses.nsf.gov/pubs/nsf19304/assets/data/tables/wmpd19-sr-tab09-013.pdf,wmpd19-sr-tab09-013.pdf,nsf.gov,,,—,analysed,2026-03-10T01:18:25.805023+00:00,2019-04-26 19:14:01+00:00,,,,,,True,False,False,Pass,Pass,Pass,Pass,Pass,Pass,,,,,,,,,False,3,,,
https://ncses.nsf.gov/pubs/nsf19304/assets/data/tables/wmpd19-sr-tab09-013.xlsx,wmpd19-sr-tab09-013.xlsx,nsf.gov,,,—,error,2026-03-10T01:18:25.805308+00:00,,,,,,,,,,,,,,,,,,,,,,,,,,,,"File not found: crawled_files/nsf.gov/wmpd19-sr-tab09-013.xlsx (crawled 1 day(s) ago at 2026-03-10T01:18:25.805308+00:00). Possible causes: failed download, incomplete artifact transfer, or stale manifest entry from a previous run."
https://ncses.nsf.gov/pubs/nsf19304/assets/data/tables/wmpd19-sr-tab09-014.pdf,wmpd19-sr-tab09-014.pdf,nsf.gov,,,—,analysed,2026-03-10T01:18:25.805735+00:00,2019-04-26 19:14:03+00:00,,,,,,True,False,False,Pass,Pass,Pass,Pass,Pass,Pass,,,,,,,,,False,3,,,
https://ncses.nsf.gov/pubs/nsf19304/assets/data/tables/wmpd19-sr-tab09-014.xlsx,wmpd19-sr-tab09-014.xlsx,nsf.gov,,,—,error,2026-03-10T01:18:25.806032+00:00,,,,,,,,,,,,,,,,,,,,,,,,,,,,"File not found: crawled_files/nsf.gov/wmpd19-sr-tab09-014.xlsx (crawled 1 day(s) ago at 2026-03-10T01:18:25.806032+00:00). Possible causes: failed download, incomplete artifact transfer, or stale manifest entry from a previous run."
https://ncses.nsf.gov/pubs/nsf19304/assets/data/tables/wmpd19-sr-tab09-015.pdf,wmpd19-sr-tab09-015.pdf,nsf.gov,,,—,analysed,2026-03-10T01:18:25.806475+00:00,2019-04-26 19:14:04+00:00,,,,,,True,False,False,Pass,Pass,Pass,Pass,Pass,Pass,,,,,,,,,False,3,,,
https://ncses.nsf.gov/pubs/nsf19304/assets/data/tables/wmpd19-sr-tab09-015.xlsx,wmpd19-sr-tab09-015.xlsx,nsf.gov,,,—,error,2026-03-10T01:18:25.806757+00:00,,,,,,,,,,,,,,,,,,,,,,,,,,,,"File not found: crawled_files/nsf.gov/wmpd19-sr-tab09-015.xlsx (crawled 1 day(s) ago at 2026-03-10T01:18:25.806757+00:00). Possible causes: failed download, incomplete artifact transfer, or stale manifest entry from a previous run."
https://ncses.nsf.gov/pubs/nsf19304/assets/data/tables/wmpd19-sr-tab09-016.pdf,wmpd19-sr-tab09-016.pdf,nsf.gov,,,—,analysed,2026-03-10T01:18:25.807209+00:00,2019-04-26 19:14:06+00:00,,,,,,True,False,False,Pass,Pass,Pass,Pass,Pass,Pass,,,,,,,,,False,2,,,
https://ncses.nsf.gov/pubs/nsf19304/assets/data/tables/wmpd19-sr-tab09-016.xlsx,wmpd19-sr-tab09-016.xlsx,nsf.gov,,,—,error,2026-03-10T01:18:25.807496+00:00,,,,,,,,,,,,,,,,,,,,,,,,,,,,"File not found: crawled_files/nsf.gov/wmpd19-sr-tab09-016.xlsx (crawled 1 day(s) ago at 2026-03-10T01:18:25.807496+00:00). Possible causes: failed download, incomplete artifact transfer, or stale manifest entry from a previous run."
https://ncses.nsf.gov/pubs/nsf19304/assets/data/tables/wmpd19-sr-tab09-017.pdf,wmpd19-sr-tab09-017.pdf,nsf.gov,,,—,analysed,2026-03-10T01:18:25.808042+00:00,2019-04-26 19:14:07+00:00,,,,,,True,False,False,Pass,Pass,Pass,Pass,Pass,Pass,,,,,,,,,False,5,,,
https://ncses.nsf.gov/pubs/nsf19304/assets/data/tables/wmpd19-sr-tab09-017.xlsx,wmpd19-sr-tab09-017.xlsx,nsf.gov,,,—,error,2026-03-10T01:18:25.808339+00:00,,,,,,,,,,,,,,,,,,,,,,,,,,,,"File not found: crawled_files/nsf.gov/wmpd19-sr-tab09-017.xlsx (crawled 1 day(s) ago at 2026-03-10T01:18:25.808339+00:00). Possible causes: failed download, incomplete artifact transfer, or stale manifest entry from a previous run."
https://ncses.nsf.gov/pubs/nsf19304/assets/data/tables/wmpd19-sr-tab09-018.pdf,wmpd19-sr-tab09-018.pdf,nsf.gov,,,—,analysed,2026-03-10T01:18:25.808735+00:00,2019-04-26 19:14:10+00:00,,,,,,True,False,False,Pass,Pass,Pass,Pass,Pass,Pass,,,,,,,,,False,2,,,
https://ncses.nsf.gov/pubs/nsf19304/assets/data/tables/wmpd19-sr-tab09-018.xlsx,wmpd19-sr-tab09-018.xlsx,nsf.gov,,,—,error,2026-03-10T01:18:25.809029+00:00,,,,,,,,,,,,,,,,,,,,,,,,,,,,"File not found: crawled_files/nsf.gov/wmpd19-sr-tab09-018.xlsx (crawled 1 day(s) ago at 2026-03-10T01:18:25.809029+00:00). Possible causes: failed download, incomplete artifact transfer, or stale manifest entry from a previous run."
https://ncses.nsf.gov/pubs/nsf19304/assets/data/tables/wmpd19-sr-tab09-019.pdf,wmpd19-sr-tab09-019.pdf,nsf.gov,,,—,analysed,2026-03-10T01:18:25.809525+00:00,2019-04-26 19:14:11+00:00,,,,,,True,False,False,Pass,Pass,Pass,Pass,Pass,Pass,,,,,,,,,False,4,,,
https://ncses.nsf.gov/pubs/nsf19304/assets/data/tables/wmpd19-sr-tab09-019.xlsx,wmpd19-sr-tab09-019.xlsx,nsf.gov,,,—,error,2026-03-10T01:18:25.809815+00:00,,,,,,,,,,,,,,,,,,,,,,,,,,,,"File not found: crawled_files/nsf.gov/wmpd19-sr-tab09-019.xlsx (crawled 1 day(s) ago at 2026-03-10T01:18:25.809815+00:00). Possible causes: failed download, incomplete artifact transfer, or stale manifest entry from a previous run."
https://ncses.nsf.gov/pubs/nsf19304/assets/data/tables/wmpd19-sr-tab09-020.pdf,wmpd19-sr-tab09-020.pdf,nsf.gov,,,—,analysed,2026-03-10T01:18:25.810204+00:00,2019-04-26 19:14:13+00:00,,,,,,True,False,False,Pass,Pass,Pass,Pass,Pass,Pass,,,,,,,,,False,1,,,
https://ncses.nsf.gov/pubs/nsf19304/assets/data/tables/wmpd19-sr-tab09-020.xlsx,wmpd19-sr-tab09-020.xlsx,nsf.gov,,,—,error,2026-03-10T01:18:25.810482+00:00,,,,,,,,,,,,,,,,,,,,,,,,,,,,"File not found: crawled_files/nsf.gov/wmpd19-sr-tab09-020.xlsx (crawled 1 day(s) ago at 2026-03-10T01:18:25.810482+00:00). Possible causes: failed download, incomplete artifact transfer, or stale manifest entry from a previous run."
https://ncses.nsf.gov/pubs/nsf19304/assets/data/tables/wmpd19-sr-tab09-021.pdf,wmpd19-sr-tab09-021.pdf,nsf.gov,,,—,analysed,2026-03-10T01:18:25.810860+00:00,2019-04-26 19:14:14+00:00,,,,,,True,False,False,Pass,Pass,Pass,Pass,Pass,Pass,,,,,,,,,False,1,,,
https://ncses.nsf.gov/pubs/nsf19304/assets/data/tables/wmpd19-sr-tab09-021.xlsx,wmpd19-sr-tab09-021.xlsx,nsf.gov,,,—,error,2026-03-10T01:18:25.811151+00:00,,,,,,,,,,,,,,,,,,,,,,,,,,,,"File not found: crawled_files/nsf.gov/wmpd19-sr-tab09-021.xlsx (crawled 1 day(s) ago at 2026-03-10T01:18:25.811151+00:00). Possible causes: failed download, incomplete artifact transfer, or stale manifest entry from a previous run."
https://ncses.nsf.gov/pubs/nsf19304/assets/data/tables/wmpd19-sr-tab09-022.pdf,wmpd19-sr-tab09-022.pdf,nsf.gov,,,—,analysed,2026-03-10T01:18:25.811531+00:00,2019-04-26 19:14:14+00:00,,,,,,True,False,False,Pass,Pass,Pass,Pass,Pass,Pass,,,,,,,,,False,1,,,
https://ncses.nsf.gov/pubs/nsf19304/assets/data/tables/wmpd19-sr-tab09-022.xlsx,wmpd19-sr-tab09-022.xlsx,nsf.gov,,,—,error,2026-03-10T01:18:25.811806+00:00,,,,,,,,,,,,,,,,,,,,,,,,,,,,"File not found: crawled_files/nsf.gov/wmpd19-sr-tab09-022.xlsx (crawled 1 day(s) ago at 2026-03-10T01:18:25.811806+00:00). Possible causes: failed download, incomplete artifact transfer, or stale manifest entry from a previous run."
https://ncses.nsf.gov/pubs/nsf19304/assets/data/tables/wmpd19-sr-tab09-023.pdf,wmpd19-sr-tab09-023.pdf,nsf.gov,,,—,analysed,2026-03-10T01:18:25.812276+00:00,2019-04-26 19:14:15+00:00,,,,,,True,False,False,Pass,Pass,Pass,Pass,Pass,Pass,,,,,,,,,False,3,,,
https://ncses.nsf.gov/pubs/nsf19304/assets/data/tables/wmpd19-sr-tab09-023.xlsx,wmpd19-sr-tab09-023.xlsx,nsf.gov,,,—,error,2026-03-10T01:18:25.812567+00:00,,,,,,,,,,,,,,,,,,,,,,,,,,,,"File not found: crawled_files/nsf.gov/wmpd19-sr-tab09-023.xlsx (crawled 1 day(s) ago at 2026-03-10T01:18:25.812567+00:00). Possible causes: failed download, incomplete artifact transfer, or stale manifest entry from a previous run."
https://ncses.nsf.gov/pubs/nsf19304/assets/data/tables/wmpd19-sr-tab09-024.pdf,wmpd19-sr-tab09-024.pdf,nsf.gov,,,—,analysed,2026-03-10T01:18:25.813026+00:00,2019-04-26 19:14:17+00:00,,,,,,True,False,False,Pass,Pass,Pass,Pass,Pass,Pass,,,,,,,,,False,3,,,
https://ncses.nsf.gov/pubs/nsf19304/assets/data/tables/wmpd19-sr-tab09-024.xlsx,wmpd19-sr-tab09-024.xlsx,nsf.gov,,,—,error,2026-03-10T01:18:25.813314+00:00,,,,,,,,,,,,,,,,,,,,,,,,,,,,"File not found: crawled_files/nsf.gov/wmpd19-sr-tab09-024.xlsx (crawled 1 day(s) ago at 2026-03-10T01:18:25.813314+00:00). Possible causes: failed download, incomplete artifact transfer, or stale manifest entry from a previous run."
https://ncses.nsf.gov/pubs/nsf19304/assets/data/tables/wmpd19-sr-tab09-025.pdf,wmpd19-sr-tab09-025.pdf,nsf.gov,,,—,analysed,2026-03-10T01:18:25.813838+00:00,2019-04-26 19:14:18+00:00,,,,,,True,False,False,Pass,Pass,Pass,Pass,Pass,Pass,,,,,,,,,False,5,,,
https://ncses.nsf.gov/pubs/nsf19304/assets/data/tables/wmpd19-sr-tab09-025.xlsx,wmpd19-sr-tab09-025.xlsx,nsf.gov,,,—,error,2026-03-10T01:18:25.814145+00:00,,,,,,,,,,,,,,,,,,,,,,,,,,,,"File not found: crawled_files/nsf.gov/wmpd19-sr-tab09-025.xlsx (crawled 1 day(s) ago at 2026-03-10T01:18:25.814145+00:00). Possible causes: failed download, incomplete artifact transfer, or stale manifest entry from a previous run."
https://ncses.nsf.gov/pubs/nsf19304/assets/data/tables/wmpd19-sr-tab09-026.pdf,wmpd19-sr-tab09-026.pdf,nsf.gov,,,—,analysed,2026-03-10T01:18:25.814654+00:00,2019-04-26 19:14:21+00:00,,,,,,True,False,False,Pass,Pass,Pass,Pass,Pass,Pass,,,,,,,,,False,5,,,
https://ncses.nsf.gov/pubs/nsf19304/assets/data/tables/wmpd19-sr-tab09-026.xlsx,wmpd19-sr-tab09-026.xlsx,nsf.gov,,,—,error,2026-03-10T01:18:25.814960+00:00,,,,,,,,,,,,,,,,,,,,,,,,,,,,"File not found: crawled_files/nsf.gov/wmpd19-sr-tab09-026.xlsx (crawled 1 day(s) ago at 2026-03-10T01:18:25.814960+00:00). Possible causes: failed download, incomplete artifact transfer, or stale manifest entry from a previous run."
https://ncses.nsf.gov/pubs/nsf19304/assets/data/tables/wmpd19-sr-tab09-027.pdf,wmpd19-sr-tab09-027.pdf,nsf.gov,,,—,analysed,2026-03-10T01:18:25.815407+00:00,2019-04-26 19:14:24+00:00,,,,,,True,False,False,Pass,Pass,Pass,Pass,Pass,Pass,,,,,,,,,False,3,,,
https://ncses.nsf.gov/pubs/nsf19304/assets/data/tables/wmpd19-sr-tab09-027.xlsx,wmpd19-sr-tab09-027.xlsx,nsf.gov,,,—,error,2026-03-10T01:18:25.815691+00:00,,,,,,,,,,,,,,,,,,,,,,,,,,,,"File not found: crawled_files/nsf.gov/wmpd19-sr-tab09-027.xlsx (crawled 1 day(s) ago at 2026-03-10T01:18:25.815691+00:00). Possible causes: failed download, incomplete artifact transfer, or stale manifest entry from a previous run."
https://ncses.nsf.gov/pubs/nsf19304/assets/data/tables/wmpd19-sr-tab09-028.pdf,wmpd19-sr-tab09-028.pdf,nsf.gov,,,—,analysed,2026-03-10T01:18:25.816101+00:00,2019-04-26 19:14:25+00:00,,,,,,True,False,False,Pass,Pass,Pass,Pass,Pass,Pass,,,,,,,,,False,2,,,
https://ncses.nsf.gov/pubs/nsf19304/assets/data/tables/wmpd19-sr-tab09-028.xlsx,wmpd19-sr-tab09-028.xlsx,nsf.gov,,,—,error,2026-03-10T01:18:25.816383+00:00,,,,,,,,,,,,,,,,,,,,,,,,,,,,"File not found: crawled_files/nsf.gov/wmpd19-sr-tab09-028.xlsx (crawled 1 day(s) ago at 2026-03-10T01:18:25.816383+00:00). Possible causes: failed download, incomplete artifact transfer, or stale manifest entry from a previous run."
https://ncses.nsf.gov/pubs/nsf19304/assets/data/tables/wmpd19-sr-tab09-029.pdf,wmpd19-sr-tab09-029.pdf,nsf.gov,,,—,analysed,2026-03-10T01:18:25.816771+00:00,2019-04-26 19:14:26+00:00,,,,,,True,False,False,Pass,Pass,Pass,Pass,Pass,Pass,,,,,,,,,False,1,,,
https://ncses.nsf.gov/pubs/nsf19304/assets/data/tables/wmpd19-sr-tab09-029.xlsx,wmpd19-sr-tab09-029.xlsx,nsf.gov,,,—,error,2026-03-10T01:18:25.817063+00:00,,,,,,,,,,,,,,,,,,,,,,,,,,,,"File not found: crawled_files/nsf.gov/wmpd19-sr-tab09-029.xlsx (crawled 1 day(s) ago at 2026-03-10T01:18:25.817063+00:00). Possible causes: failed download, incomplete artifact transfer, or stale manifest entry from a previous run."
https://ncses.nsf.gov/pubs/nsf19304/assets/data/tables/wmpd19-sr-tab09-030.pdf,wmpd19-sr-tab09-030.pdf,nsf.gov,,,—,analysed,2026-03-10T01:18:25.817452+00:00,2019-04-26 19:14:26+00:00,,,,,,True,False,False,Pass,Pass,Pass,Pass,Pass,Pass,,,,,,,,,False,1,,,
https://ncses.nsf.gov/pubs/nsf19304/assets/data/tables/wmpd19-sr-tab09-030.xlsx,wmpd19-sr-tab09-030.xlsx,nsf.gov,,,—,error,2026-03-10T01:18:25.817734+00:00,,,,,,,,,,,,,,,,,,,,,,,,,,,,"File not found: crawled_files/nsf.gov/wmpd19-sr-tab09-030.xlsx (crawled 1 day(s) ago at 2026-03-10T01:18:25.817734+00:00). Possible causes: failed download, incomplete artifact transfer, or stale manifest entry from a previous run."
https://ncses.nsf.gov/pubs/nsf19304/assets/data/tables/wmpd19-sr-tab09-031.pdf,wmpd19-sr-tab09-031.pdf,nsf.gov,,,—,analysed,2026-03-10T01:18:25.818102+00:00,2019-04-26 19:14:27+00:00,,,,,,True,False,False,Pass,Pass,Pass,Pass,Pass,Pass,,,,,,,,,False,1,,,
https://ncses.nsf.gov/pubs/nsf19304/assets/data/tables/wmpd19-sr-tab09-031.xlsx,wmpd19-sr-tab09-031.xlsx,nsf.gov,,,—,error,2026-03-10T01:18:25.818488+00:00,,,,,,,,,,,,,,,,,,,,,,,,,,,,"File not found: crawled_files/nsf.gov/wmpd19-sr-tab09-031.xlsx (crawled 1 day(s) ago at 2026-03-10T01:18:25.818488+00:00). Possible causes: failed download, incomplete artifact transfer, or stale manifest entry from a previous run."
https://ncses.nsf.gov/pubs/nsf19304/assets/data/tables/wmpd19-sr-tab09-032.pdf,wmpd19-sr-tab09-032.pdf,nsf.gov,,,—,analysed,2026-03-10T01:18:25.819059+00:00,2019-04-26 19:14:27+00:00,,,,,,True,False,False,Pass,Pass,Pass,Pass,Pass,Pass,,,,,,,,,False,2,,,
https://ncses.nsf.gov/pubs/nsf19304/assets/data/tables/wmpd19-sr-tab09-032.xlsx,wmpd19-sr-tab09-032.xlsx,nsf.gov,,,—,error,2026-03-10T01:18:25.819374+00:00,,,,,,,,,,,,,,,,,,,,,,,,,,,,"File not found: crawled_files/nsf.gov/wmpd19-sr-tab09-032.xlsx (crawled 1 day(s) ago at 2026-03-10T01:18:25.819374+00:00). Possible causes: failed download, incomplete artifact transfer, or stale manifest entry from a previous run."
https://ncses.nsf.gov/pubs/nsf19304/assets/data/tables/wmpd19-sr-tab09-033.pdf,wmpd19-sr-tab09-033.pdf,nsf.gov,,,—,analysed,2026-03-10T01:18:25.820077+00:00,2019-04-26 19:14:28+00:00,,,,,,True,False,False,Pass,Pass,Pass,Pass,Pass,Pass,,,,,,,,,False,6,,,
https://ncses.nsf.gov/pubs/nsf19304/assets/data/tables/wmpd19-sr-tab09-033.xlsx,wmpd19-sr-tab09-033.xlsx,nsf.gov,,,—,error,2026-03-10T01:18:25.820436+00:00,,,,,,,,,,,,,,,,,,,,,,,,,,,,"File not found: crawled_files/nsf.gov/wmpd19-sr-tab09-033.xlsx (crawled 1 day(s) ago at 2026-03-10T01:18:25.820436+00:00). Possible causes: failed download, incomplete artifact transfer, or stale manifest entry from a previous run."
https://ncses.nsf.gov/pubs/nsf19304/assets/data/tables/wmpd19-sr-tab09-034.pdf,wmpd19-sr-tab09-034.pdf,nsf.gov,,,—,analysed,2026-03-10T01:18:25.821565+00:00,2019-04-26 19:14:34+00:00,,,,,,True,False,False,Pass,Pass,Pass,Pass,Pass,Pass,,,,,,,,,False,16,,,
https://ncses.nsf.gov/pubs/nsf19304/assets/data/tables/wmpd19-sr-tab09-034.xlsx,wmpd19-sr-tab09-034.xlsx,nsf.gov,,,—,error,2026-03-10T01:18:25.822007+00:00,,,,,,,,,,,,,,,,,,,,,,,,,,,,"File not found: crawled_files/nsf.gov/wmpd19-sr-tab09-034.xlsx (crawled 1 day(s) ago at 2026-03-10T01:18:25.822007+00:00). Possible causes: failed download, incomplete artifact transfer, or stale manifest entry from a previous run."
https://ncses.nsf.gov/pubs/nsf19304/assets/data/tables/wmpd19-sr-tab09-035.pdf,wmpd19-sr-tab09-035.pdf,nsf.gov,,,—,analysed,2026-03-10T01:18:25.822461+00:00,2019-04-26 19:14:48+00:00,,,,,,True,False,False,Pass,Pass,Pass,Pass,Pass,Pass,,,,,,,,,False,2,,,
https://ncses.nsf.gov/pubs/nsf19304/assets/data/tables/wmpd19-sr-tab09-035.xlsx,wmpd19-sr-tab09-035.xlsx,nsf.gov,,,—,error,2026-03-10T01:18:25.822757+00:00,,,,,,,,,,,,,,,,,,,,,,,,,,,,"File not found: crawled_files/nsf.gov/wmpd19-sr-tab09-035.xlsx (crawled 1 day(s) ago at 2026-03-10T01:18:25.822757+00:00). Possible causes: failed download, incomplete artifact transfer, or stale manifest entry from a previous run."
https://ncses.nsf.gov/pubs/nsf19304/assets/data/tables/wmpd19-sr-tab09-036.pdf,wmpd19-sr-tab09-036.pdf,nsf.gov,,,—,analysed,2026-03-10T01:18:25.823222+00:00,2019-04-26 19:14:49+00:00,,,,,,True,False,False,Pass,Pass,Pass,Pass,Pass,Pass,,,,,,,,,False,2,,,
https://ncses.nsf.gov/pubs/nsf19304/assets/data/tables/wmpd19-sr-tab09-036.xlsx,wmpd19-sr-tab09-036.xlsx,nsf.gov,,,—,error,2026-03-10T01:18:25.823516+00:00,,,,,,,,,,,,,,,,,,,,,,,,,,,,"File not found: crawled_files/nsf.gov/wmpd19-sr-tab09-036.xlsx (crawled 1 day(s) ago at 2026-03-10T01:18:25.823516+00:00). Possible causes: failed download, incomplete artifact transfer, or stale manifest entry from a previous run."
https://ncses.nsf.gov/pubs/nsf19304/assets/data/tables/wmpd19-sr-tab09-037.pdf,wmpd19-sr-tab09-037.pdf,nsf.gov,,,—,analysed,2026-03-10T01:18:25.823912+00:00,2019-04-26 19:14:50+00:00,,,,,,True,False,False,Pass,Pass,Pass,Pass,Pass,Pass,,,,,,,,,False,1,,,
https://ncses.nsf.gov/pubs/nsf19304/assets/data/tables/wmpd19-sr-tab09-037.xlsx,wmpd19-sr-tab09-037.xlsx,nsf.gov,,,—,error,2026-03-10T01:18:25.824233+00:00,,,,,,,,,,,,,,,,,,,,,,,,,,,,"File not found: crawled_files/nsf.gov/wmpd19-sr-tab09-037.xlsx (crawled 1 day(s) ago at 2026-03-10T01:18:25.824233+00:00). Possible causes: failed download, incomplete artifact transfer, or stale manifest entry from a previous run."
https://ncses.nsf.gov/pubs/nsf19304/assets/data/tables/wmpd19-sr-tab09-038.pdf,wmpd19-sr-tab09-038.pdf,nsf.gov,,,—,analysed,2026-03-10T01:18:25.824630+00:00,2019-04-26 19:14:51+00:00,,,,,,True,False,False,Pass,Pass,Pass,Pass,Pass,Pass,,,,,,,,,False,1,,,
https://ncses.nsf.gov/pubs/nsf19304/assets/data/tables/wmpd19-sr-tab09-038.xlsx,wmpd19-sr-tab09-038.xlsx,nsf.gov,,,—,error,2026-03-10T01:18:25.824918+00:00,,,,,,,,,,,,,,,,,,,,,,,,,,,,"File not found: crawled_files/nsf.gov/wmpd19-sr-tab09-038.xlsx (crawled 1 day(s) ago at 2026-03-10T01:18:25.824918+00:00). Possible causes: failed download, incomplete artifact transfer, or stale manifest entry from a previous run."
https://ncses.nsf.gov/pubs/nsf19304/assets/data/tables/wmpd19-sr-tab09-039.pdf,wmpd19-sr-tab09-039.pdf,nsf.gov,,,—,analysed,2026-03-10T01:18:25.825426+00:00,2019-04-26 19:14:51+00:00,,,,,,True,False,False,Pass,Pass,Pass,Pass,Pass,Pass,,,,,,,,,False,3,,,
https://ncses.nsf.gov/pubs/nsf19304/assets/data/tables/wmpd19-sr-tab09-039.xlsx,wmpd19-sr-tab09-039.xlsx,nsf.gov,,,—,error,2026-03-10T01:18:25.825727+00:00,,,,,,,,,,,,,,,,,,,,,,,,,,,,"File not found: crawled_files/nsf.gov/wmpd19-sr-tab09-039.xlsx (crawled 1 day(s) ago at 2026-03-10T01:18:25.825727+00:00). Possible causes: failed download, incomplete artifact transfer, or stale manifest entry from a previous run."
https://ncses.nsf.gov/pubs/nsf19304/assets/data/tables/wmpd19-sr-tab09-040.pdf,wmpd19-sr-tab09-040.pdf,nsf.gov,,,—,analysed,2026-03-10T01:18:25.826176+00:00,2019-04-26 19:14:53+00:00,,,,,,True,False,False,Pass,Pass,Pass,Pass,Pass,Pass,,,,,,,,,False,2,,,
https://ncses.nsf.gov/pubs/nsf19304/assets/data/tables/wmpd19-sr-tab09-040.xlsx,wmpd19-sr-tab09-040.xlsx,nsf.gov,,,—,error,2026-03-10T01:18:25.826466+00:00,,,,,,,,,,,,,,,,,,,,,,,,,,,,"File not found: crawled_files/nsf.gov/wmpd19-sr-tab09-040.xlsx (crawled 1 day(s) ago at 2026-03-10T01:18:25.826466+00:00). Possible causes: failed download, incomplete artifact transfer, or stale manifest entry from a previous run."
https://ncses.nsf.gov/pubs/nsf19304/assets/digest/tables/wmpd19-sr-taba-002.pdf,wmpd19-sr-taba-002.pdf,nsf.gov,,,—,error,2026-03-10T01:18:25.826826+00:00,,,,,,,,,,,,,,,,,,,,,,,,,,,,"File not found: crawled_files/nsf.gov/wmpd19-sr-taba-002.pdf (crawled 1 day(s) ago at 2026-03-10T01:18:25.826826+00:00). Possible causes: failed download, incomplete artifact transfer, or stale manifest entry from a previous run."
https://nsf-gov-resources.nsf.gov/2022-09/2022%20Cohort-Track%20G-Phase%201-BAA-AT%26T%20Corporation_508.pdf,2022%20Cohort-Track%20G-Phase%201-BAA-AT%26T%20Corporation_508.pdf,nsf.gov,,,—,analysed,2026-03-11T02:02:30.241057+00:00,2022-09-02 20:12:51+00:00,,,,,,True,False,False,Pass,Pass,Pass,Pass,Pass,Pass,,,,,,,,,False,1,,,
https://nsf-gov-resources.nsf.gov/2022-09/2022%20Cohort-Track%20G-Phase%201-BAA-Blackberry%20Corporation_508.pdf,2022%20Cohort-Track%20G-Phase%201-BAA-Blackberry%20Corporation_508.pdf,nsf.gov,,,—,analysed,2026-03-11T02:02:30.244973+00:00,2022-09-02 20:14:04+00:00,,,,,,True,False,False,Pass,Pass,Pass,Pass,Pass,Pass,,,,,,,,,False,1,,,
https://nsf-gov-resources.nsf.gov/2022-09/2022%20Cohort-Track%20G-Phase%201-BAA-IBM_508.pdf,2022%20Cohort-Track%20G-Phase%201-BAA-IBM_508.pdf,nsf.gov,,,—,analysed,2026-03-11T02:02:30.249495+00:00,2022-09-02 20:15:21+00:00,,,,,,True,False,False,Pass,Pass,Pass,Pass,Pass,Pass,,,,,,,,,False,1,,,
https://nsf-gov-resources.nsf.gov/2022-09/2022%20Cohort-Track%20G-Phase%201-BAA-Novowi_508.pdf,2022%20Cohort-Track%20G-Phase%201-BAA-Novowi_508.pdf,nsf.gov,,,—,analysed,2026-03-11T02:02:30.254487+00:00,2022-09-02 20:16:41+00:00,,,,,,True,False,False,Pass,Pass,Pass,Pass,Pass,Pass,,,,,,,,,False,1,,,
https://nsf-gov-resources.nsf.gov/2022-09/2022%20Cohort-Track%20G-Phase%201-BAA-Peraton%20Labs_508.pdf,2022%20Cohort-Track%20G-Phase%201-BAA-Peraton%20Labs_508.pdf,nsf.gov,,,—,analysed,2026-03-11T02:02:30.259606+00:00,2022-09-02 20:18:20+00:00,,,,,,True,False,False,Pass,Pass,Pass,Pass,Pass,Pass,,,,,,,,,False,1,,,
https://nsf-gov-resources.nsf.gov/files/2022_NSF_Major_Research_Infrastructure_Static_508c.pdf?VersionId=n9MWWoQ33iRzK9NeecjnwlmpEn.cgd4o,2022_NSF_Major_Research_Infrastructure_Static_508c.pdf,nsf.gov,,,—,analysed,2026-03-11T02:02:30.263281+00:00,2022-11-07 18:01:58+00:00,,,,,,True,False,False,Pass,Pass,Pass,Pass,Pass,Pass,,,,,,,,,False,2,,,
https://nsf-gov-resources.nsf.gov/files/2023ITYCProgramWebinarSlides-r.pdf?VersionId=RR9lZHA1JZI2DaiDGTU3To5YN.Mj6cdI,2023ITYCProgramWebinarSlides-r.pdf,nsf.gov,,,—,analysed,2026-03-11T02:02:30.270852+00:00,2024-12-23 20:48:55+00:00,,,,,,True,False,False,Pass,Pass,Pass,Pass,Pass,Pass,,,,,,,,,False,17,,,
https://nsf-gov-resources.nsf.gov/2024-01/4-10_to_4-16_CRFU_v2rcm.pdf?VersionId=RIdPLAe5m8Un.QD.OzAlRS2LrrQhFUkJ,4-10_to_4-16_CRFU_v2rcm.pdf,nsf.gov,,,—,analysed,2026-03-11T02:02:30.272922+00:00,2020-04-17 19:35:39+00:00,,,,,,False,False,False,Fail,Pass,Pass,Fail,Pass,Pass,,,,,,,,,False,4,,,"title, tagged, "
https://nsf-gov-resources.nsf.gov/2024-01/4-17_to_4-23_CRFU_final.pdf?VersionId=rCR2eRCkWWa1uaekp8QJl7bx0CP7PPEb,4-17_to_4-23_CRFU_final.pdf,nsf.gov,,,—,analysed,2026-03-11T02:02:30.275013+00:00,2020-05-04 17:10:49+00:00,,,,,,False,False,False,Fail,Pass,Pass,Fail,Pass,Pass,,,,,,,,,False,5,,,"title, tagged, "
https://nsf-gov-resources.nsf.gov/2024-01/4-24_to_4-30_CRFU.pdf?VersionId=Er3qh4yv8nkoNFYygq.CoWfeU4JdW1PQ,4-24_to_4-30_CRFU.pdf,nsf.gov,,,—,analysed,2026-03-11T02:02:30.275870+00:00,2020-05-08 17:14:35+00:00,,,,,,False,False,False,Pass,Pass,Pass,Fail,Pass,Pass,,,,,,,,,False,6,,,"title, "
https://nsf-gov-resources.nsf.gov/2024-01/5-8_to_5-14_CARES_Act_Update.pdf?VersionId=MhcxPatshWetqI2CGZgnEPGAC1cAgRRr,5-8_to_5-14_CARES_Act_Update.pdf,nsf.gov,,,—,analysed,2026-03-11T02:02:30.276562+00:00,2020-05-15 19:27:31+00:00,,,,,,False,False,False,Pass,Pass,Pass,Fail,Pass,Pass,,,,,,,,,False,6,,,"title, "
https://nsf-gov-resources.nsf.gov/files/AI-Impacts%20from%20Investments-Factsheet_FINAL.pdf?VersionId=KKQRUjOwk61XSG6kb4cmH2WK73shPitg,AI-Impacts%20from%20Investments-Factsheet_FINAL.pdf,nsf.gov,,,—,analysed,2026-03-11T02:02:30.279667+00:00,2024-12-11 15:56:21+00:00,,,,,,True,False,False,Pass,Pass,Pass,Pass,Pass,Pass,,,,,,,,,False,2,,,
https://nsf-gov-resources.nsf.gov/2024-01/ARP_CRU_Aug9_2021.pdf?VersionId=OFdE4AAFaf2KLdf0q9RPuQBXgEXGEmk.,ARP_CRU_Aug9_2021.pdf,nsf.gov,,,—,analysed,2026-03-11T02:02:30.280522+00:00,2021-08-17 16:38:44+00:00,,,,,,True,False,False,Pass,Pass,Pass,Pass,Pass,Pass,,,,,,,,,False,10,,,
https://nsf-gov-resources.nsf.gov/2024-01/ARP_CRU_Dec6_2021.pdf?VersionId=FWZHePRTH.tZSn2Ryqej0yTXNJ4y4P0X,ARP_CRU_Dec6_2021.pdf,nsf.gov,,,—,analysed,2026-03-11T02:02:30.281366+00:00,2021-12-10 20:35:20+00:00,,,,,,False,False,False,Pass,Pass,Pass,Fail,Pass,Pass,,,,,,,,,False,10,,,"title, "
https://nsf-gov-resources.nsf.gov/2024-01/ARP_CRU_June21_2022.pdf?VersionId=XZrPvDrf07S34flVClr3aS7BswNcBvAP,ARP_CRU_June21_2022.pdf,nsf.gov,,,—,analysed,2026-03-11T02:02:30.282252+00:00,2022-06-21 15:22:53+00:00,,,,,,False,False,False,Pass,Pass,Pass,Fail,Pass,Pass,,,,,,,,,False,12,,,"title, "
https://nsf-gov-resources.nsf.gov/2024-01/ARP_CRU_March21_2022.pdf?VersionId=W6QcjF06Y305mXr7lk132OM5yVVdvLKj,ARP_CRU_March21_2022.pdf,nsf.gov,,,—,analysed,2026-03-11T02:02:30.283121+00:00,2022-03-21 18:51:38+00:00,,,,,,False,False,False,Pass,Pass,Pass,Fail,Pass,Pass,,,,,,,,,False,12,,,"title, "
https://nsf-gov-resources.nsf.gov/2024-01/ARP_CRU_May9_2022.pdf?VersionId=Paqt6YexVmLwpwnWL7lsjwAPrVtB4D_A,ARP_CRU_May9_2022.pdf,nsf.gov,,,—,analysed,2026-03-11T02:02:30.284019+00:00,2022-05-09 18:11:49+00:00,,,,,,False,False,False,Pass,Pass,Pass,Fail,Pass,Pass,,,,,,,,,False,13,,,"title, "
https://nsf-gov-resources.nsf.gov/2024-01/ARP_CRU_Sept8_2021.pdf?VersionId=HCLYK0bDapx0bMJmtvEoaIzNqMuzMEqz,ARP_CRU_Sept8_2021.pdf,nsf.gov,,,—,analysed,2026-03-11T02:02:30.284874+00:00,2021-09-10 13:36:44+00:00,,,,,,False,False,False,Pass,Pass,Pass,Fail,Pass,Pass,,,,,,,,,False,10,,,"title, "
https://nsf-gov-resources.nsf.gov/2024-01/ARP_CRU_update_Jan28_2022.pdf?VersionId=1Ysq9GahAaqhhWijo9d7ybcG62QH2TIO,ARP_CRU_update_Jan28_2022.pdf,nsf.gov,,,—,analysed,2026-03-11T02:02:30.285721+00:00,2022-02-08 18:42:29+00:00,,,,,,True,False,False,Pass,Pass,Pass,Pass,Pass,Pass,,,,,,,,,False,13,,,
https://nsf-gov-resources.nsf.gov/2024-01/ARP_Summary_Report_FINAL.pdf?VersionId=nbUvrBLe9C4yeGY2uagohD5y3zePLt31,ARP_Summary_Report_FINAL.pdf,nsf.gov,,,—,analysed,2026-03-11T02:02:30.287013+00:00,2022-12-15 17:41:42+00:00,,,,,,False,False,False,Pass,Pass,Pass,Fail,Pass,Pass,,,,,,,,,False,16,,,"title, "
https://nsf-gov-resources.nsf.gov/2023-08/Artificial_Intelligence_Factsheet_508c.pdf?VersionId=.amjftlJH9fuLFfUb1VMiKsMnVmRmPq.,Artificial_Intelligence_Factsheet_508c.pdf,nsf.gov,,,—,analysed,2026-03-11T02:02:30.289339+00:00,2025-12-22 19:05:55+00:00,,,,,,True,False,False,Pass,Pass,Pass,Pass,Pass,Pass,,,,,,,,,False,2,,,
https://nsf-gov-resources.nsf.gov/2024-01/CFRU_5-15_to_5-21.pdf?VersionId=2Ig0QSSuiD0y4dgzbYU6apGZrKdMU3aN,CFRU_5-15_to_5-21.pdf,nsf.gov,,,—,analysed,2026-03-11T02:02:30.302235+00:00,2020-05-22 18:15:27+00:00,,,,,,False,False,False,Pass,Pass,Pass,Fail,Pass,Pass,,,,,,,,,False,6,,,"title, "
https://nsf-gov-resources.nsf.gov/2024-01/CFRU_5-1_to_5-7.pdf?VersionId=XQ6aEzrVV8JTeXCAYpDVl3gszfknCaaD,CFRU_5-1_to_5-7.pdf,nsf.gov,,,—,analysed,2026-03-11T02:02:30.303036+00:00,2020-05-08 17:10:51+00:00,,,,,,False,False,False,Pass,Pass,Pass,Fail,Pass,Pass,,,,,,,,,False,6,,,"title, "
https://nsf-gov-resources.nsf.gov/2024-01/CFRU_5-22_to_5-28.pdf?VersionId=ah62IncQYnkrDPzfq6TSkh_pmC1DX93u,CFRU_5-22_to_5-28.pdf,nsf.gov,,,—,analysed,2026-03-11T02:02:30.303794+00:00,2020-05-29 19:56:01+00:00,,,,,,False,False,False,Pass,Pass,Pass,Fail,Pass,Pass,,,,,,,,,False,5,,,"title, "
https://nsf-gov-resources.nsf.gov/2024-01/CFRU_5-29_to_6-4.pdf?VersionId=V3NUWiWkKWFpjeE8b9Jzgm5LcB9sSssa,CFRU_5-29_to_6-4.pdf,nsf.gov,,,—,analysed,2026-03-11T02:02:30.304559+00:00,2020-06-05 19:20:59+00:00,,,,,,False,False,False,Pass,Pass,Pass,Fail,Pass,Pass,,,,,,,,,False,6,,,"title, "
https://nsf-gov-resources.nsf.gov/2024-01/CFRU_6-12_to_6-18.pdf?VersionId=3MFSgylbDGVi6KF2WI59r4i43ud_5IKz,CFRU_6-12_to_6-18.pdf,nsf.gov,,,—,analysed,2026-03-11T02:02:30.305283+00:00,2020-06-19 17:18:21+00:00,,,,,,False,False,False,Pass,Pass,Pass,Fail,Pass,Pass,,,,,,,,,False,6,,,"title, "
https://nsf-gov-resources.nsf.gov/2024-01/CFRU_6-19_to_6-25.pdf?VersionId=Hf0CwaawYkqxeItNZqQRNnoh9HiJ3kuB,CFRU_6-19_to_6-25.pdf,nsf.gov,,,—,analysed,2026-03-11T02:02:30.306080+00:00,2020-06-26 17:08:46+00:00,,,,,,False,False,False,Pass,Pass,Pass,Fail,Pass,Pass,,,,,,,,,False,5,,,"title, "
https://nsf-gov-resources.nsf.gov/2024-01/CFRU_6-5_to_6-11.pdf?VersionId=TFW7T5WW7Etg0QypcVYP6N0Hequ0MALs,CFRU_6-5_to_6-11.pdf,nsf.gov,,,—,analysed,2026-03-11T02:02:30.306845+00:00,2020-06-12 14:24:21+00:00,,,,,,False,False,False,Pass,Pass,Pass,Fail,Pass,Pass,,,,,,,,,False,5,,,"title, "
https://nsf-gov-resources.nsf.gov/2024-01/CFRU_Aug11.pdf?VersionId=0L5PjHjw7OvMkye3fdKsBqvrL.9aA22H,CFRU_Aug11.pdf,nsf.gov,,,—,analysed,2026-03-11T02:02:30.307587+00:00,2020-08-12 20:46:53+00:00,,,,,,False,False,False,Pass,Pass,Pass,Fail,Pass,Pass,,,,,,,,,False,5,,,"title, "
https://nsf-gov-resources.nsf.gov/2024-01/CFRU_Jan19_update.pdf?VersionId=llad__VH8BYNleorQfN8q6_iH9WQ7tvN,CFRU_Jan19_update.pdf,nsf.gov,,,—,analysed,2026-03-11T02:02:30.308421+00:00,2021-01-22 15:11:23+00:00,,,,,,True,False,False,Pass,Pass,Pass,Pass,Pass,Pass,,,,,,,,,False,4,,,
https://nsf-gov-resources.nsf.gov/files/CHIPS_and_Science_2_year_fact_sheet.pdf,CHIPS_and_Science_2_year_fact_sheet-0.pdf,nsf.gov,,,—,analysed,2026-03-11T02:02:30.311056+00:00,2024-08-06 14:48:20+00:00,,,,,,True,False,False,Pass,Pass,Pass,Pass,Pass,Pass,,,,,,,,,False,4,,,
https://nsf-gov-resources.nsf.gov/files/CHIPS_and_Science_2_year_fact_sheet.pdf?VersionId=5xBOdwtAPnUeVLBSbzWAtuORXUgcj9Et,CHIPS_and_Science_2_year_fact_sheet.pdf,nsf.gov,,,—,analysed,2026-03-11T02:02:30.313689+00:00,2024-08-06 14:48:20+00:00,,,,,,True,False,False,Pass,Pass,Pass,Pass,Pass,Pass,,,,,,,,,False,4,,,
https://nsf-gov-resources.nsf.gov/files/Commerce-research-terms-conditions-20201112-r.pdf?VersionId=miNCLIVF4CAMI6WR1CRJNY_iXlvWaJf2,Commerce-research-terms-conditions-20201112-r.pdf,nsf.gov,,,—,analysed,2026-03-11T02:02:30.314301+00:00,2025-01-29 20:38:35+00:00,,,,,,True,False,False,Pass,Pass,Pass,Pass,Pass,Pass,,,,,,,,,False,3,,,
https://nsf-gov-resources.nsf.gov/files/EPSCoR_Factsheet_final.pdf?VersionId=lnT9QxHvZ6Q0dL_5cG7K1R8NMbgYM0kd,EPSCoR_Factsheet_final.pdf,nsf.gov,,,—,analysed,2026-03-11T02:02:30.324872+00:00,2022-10-24 15:40:38+00:00,,,,,,True,False,False,Pass,Pass,Pass,Pass,Pass,Pass,,,,,,,,,False,2,,,
https://nsf-gov-resources.nsf.gov/files/Energy-research-terms-conditions-2020-11-r.pdf?VersionId=KIvkHHXmpkbTh.m06fxAEvnbh7ASsgDg,Energy-research-terms-conditions-2020-11-r.pdf,nsf.gov,,,—,analysed,2026-03-11T02:02:30.325442+00:00,2025-01-29 21:04:48+00:00,,,,,,True,False,False,Pass,Pass,Pass,Pass,Pass,Pass,,,,,,,,,False,1,,,
https://nsf-gov-resources.nsf.gov/files/Expanding_the_Frontiers_of_Quantum_Science_508.pdf?VersionId=bciPDJcA3cqmH2m_l2mQkOF7fBEbQW4e,Expanding_the_Frontiers_of_Quantum_Science_508.pdf,nsf.gov,,,—,analysed,2026-03-11T02:02:30.327971+00:00,2025-12-22 18:38:34+00:00,,,,,,True,False,False,Pass,Pass,Pass,Pass,Pass,Pass,,,,,,,,,False,2,,,
https://nsf-gov-resources.nsf.gov/files/Factsheet_BioTech_v04.pdf?VersionId=uvZervSl6Gt2lYcdGUza1i7YQxCIj61K,Factsheet_BioTech_v04.pdf,nsf.gov,,,—,analysed,2026-03-11T02:02:30.331602+00:00,2025-01-13 20:31:17+00:00,,,,,,True,False,False,Pass,Pass,Pass,Pass,Pass,Pass,,,,,,,,,False,2,,,
https://nsf-gov-resources.nsf.gov/files/JSR-19-2IFundamentalResearchSecurity-12062019FINAL.pdf,JSR-19-2IFundamentalResearchSecurity-12062019FINAL.pdf,nsf.gov,,,—,analysed,2026-03-11T02:02:30.334907+00:00,2019-12-11 17:17:21+00:00,,,,,,False,False,False,Pass,Pass,Pass,Fail,Pass,Pass,,,,,,,,,False,59,,,"title, "
https://nsf-gov-resources.nsf.gov/files/JSR-23-12-Safeguarding-the-Research-Enterprise-Final.pdf?VersionId=ZVhvRaTIrxMsdZql6E_yz5pN6Ssw0fSl,JSR-23-12-Safeguarding-the-Research-Enterprise-Final.pdf,nsf.gov,,1498689,1.4 MB,analysed,2026-03-11T02:02:30.337754+00:00,2024-03-26 18:50:57+00:00,,,,,,True,False,False,Pass,Pass,Pass,Pass,Pass,Pass,,,,,,,,,False,92,,,
https://nsf-gov-resources.nsf.gov/files/Join_Zoom_Meeting_Panelist.pdf,Join_Zoom_Meeting_Panelist.pdf,nsf.gov,,300140,293.1 KB,analysed,2026-03-11T02:02:30.338651+00:00,2024-08-02 16:40:43+00:00,,,,,,True,False,False,Pass,Pass,Pass,Pass,Pass,Pass,,,,,,,,,False,2,,,
https://nsf-gov-resources.nsf.gov/files/Medical-Review-Panel-Charter-2023-r.pdf?VersionId=do5yYWAm2EQQQhEIs27aJ4nWI1n7Nwy6,Medical-Review-Panel-Charter-2023-r.pdf,nsf.gov,,,—,analysed,2026-03-11T02:02:30.339618+00:00,2025-03-25 17:29:44+00:00,,,,,,True,False,False,Pass,Pass,Pass,Pass,Pass,Pass,,,,,,,,,False,4,,,
https://nsf-gov-resources.nsf.gov/files/NIH-research-terms-conditions-2020-r.pdf?VersionId=n9sFgwQZqHSHSdweAtYwbvlXHY8r3m80,NIH-research-terms-conditions-2020-r.pdf,nsf.gov,,,—,analysed,2026-03-11T02:02:30.340357+00:00,2025-01-31 18:17:25+00:00,,,,,,True,False,False,Pass,Pass,Pass,Pass,Pass,Pass,,,,,,,,,False,5,,,
https://nsf-gov-resources.nsf.gov/files/NIH-research-terms-conditions-20210408-r.pdf?VersionId=mU6QrWZhasHMz7_PXyHHoXLr9OsVbfuX,NIH-research-terms-conditions-20210408-r.pdf,nsf.gov,,,—,analysed,2026-03-11T02:02:30.341636+00:00,2025-01-31 18:05:29+00:00,,,,,,True,False,False,Pass,Pass,Pass,Pass,Pass,Pass,,,,,,,,,False,6,,,
https://nsf-gov-resources.nsf.gov/files/NSF%20At%20A%20Glance%202025_0.pdf?VersionId=46DJLrRSy9UO5kJzDWhQMwWR3lFPnQh9,NSF%20At%20A%20Glance%202025_0.pdf,nsf.gov,,,—,analysed,2026-03-11T02:02:30.345421+00:00,2025-12-22 16:47:45+00:00,,,,,,True,False,False,Pass,Pass,Pass,Pass,Pass,Pass,,,,,,,,,False,2,,,
https://nsf-gov-resources.nsf.gov/files/NSF-75-Factsheet.pdf?VersionId=izIGR5pO4E593728ipN27mnpinycHmev,NSF-75-Factsheet.pdf,nsf.gov,,,—,analysed,2026-03-11T02:02:30.349624+00:00,2025-09-08 20:50:22+00:00,,,,,,True,False,False,Pass,Pass,Pass,Pass,Pass,Pass,,,,,,,,,False,1,,,
https://nsf-gov-resources.nsf.gov/files/NSF-CA-2021-Award-Announcement-Hacks-Hackers-508.pdf,NSF-CA-2021-Award-Announcement-Hacks-Hackers-508.pdf,nsf.gov,,,—,analysed,2026-03-11T02:02:30.351143+00:00,2024-07-03 18:44:59+00:00,,,,,,True,False,False,Pass,Pass,Pass,Pass,Pass,Pass,,,,,,,,,False,1,,,
https://nsf-gov-resources.nsf.gov/files/NSF-CA-2021-Award-Announcement-University-of-Washington-508.pdf,NSF-CA-2021-Award-Announcement-University-of-Washington-508.pdf,nsf.gov,,,—,analysed,2026-03-11T02:02:30.352548+00:00,2024-07-03 18:00:18+00:00,,,,,,True,False,False,Pass,Pass,Pass,Pass,Pass,Pass,,,,,,,,,False,1,,,
https://nsf-gov-resources.nsf.gov/2023-11/NSF-Funded_Research_COVID-19_Fact_Sheet.pdf?VersionId=YC8lOjuz8Un8A37lQ93Kt1Cpm7CD9tHK,NSF-Funded_Research_COVID-19_Fact_Sheet.pdf,nsf.gov,,,—,analysed,2026-03-11T02:02:30.364921+00:00,2020-04-16 16:34:48+00:00,,,,,,True,False,False,Pass,Pass,Pass,Pass,Pass,Pass,,,,,,,,,False,2,,,
https://nsf-gov-resources.nsf.gov/files/NSF-Response-to-Festivus-Report-2023-508c.pdf,NSF-Response-to-Festivus-Report-2023-508c.pdf,nsf.gov,,,—,analysed,2026-03-11T02:02:30.365580+00:00,2024-07-19 15:30:57+00:00,,,,,,True,False,False,Pass,Pass,Pass,Pass,Pass,Pass,,,,,,,,,False,2,,,
https://nsf-gov-resources.nsf.gov/files/NSF-Response-to-Senator-Lankfords-Federal-Fumbles-V7.pdf,NSF-Response-to-Senator-Lankfords-Federal-Fumbles-V7.pdf,nsf.gov,,,—,analysed,2026-03-11T02:02:30.366459+00:00,2024-07-19 15:29:53+00:00,,,,,,True,False,False,Pass,Pass,Pass,Pass,Pass,Pass,,,,,,,,,False,8,,,
https://nsf-gov-resources.nsf.gov/files/NSF-research-terms-conditions-20201005-r.pdf?VersionId=Le4KSRzQw_pv.uA81ISCLrP_hxxh9uxX,NSF-research-terms-conditions-20201005-r.pdf,nsf.gov,,,—,analysed,2026-03-11T02:02:30.367679+00:00,2025-01-28 18:58:44+00:00,,,,,,True,False,False,Pass,Pass,Pass,Pass,Pass,Pass,,,,,,,,,False,38,,,
https://nsf-gov-resources.nsf.gov/files/NSF-research-terms-conditions-20201112-r.pdf?VersionId=qnxSzqCjl6FEdOLDlCQlSOQc2hE35KZ0,NSF-research-terms-conditions-20201112-r.pdf,nsf.gov,,,—,analysed,2026-03-11T02:02:30.368893+00:00,2025-01-28 22:12:41+00:00,,,,,,True,False,False,Pass,Pass,Pass,Pass,Pass,Pass,,,,,,,,,False,37,,,
https://nsf-gov-resources.nsf.gov/files/NSF-research-terms-conditions-20211004-r.pdf?VersionId=ullBV786Mc87P8mEw2sjhB4PcaxQKbeh,NSF-research-terms-conditions-20211004-r.pdf,nsf.gov,,,—,analysed,2026-03-11T02:02:30.370119+00:00,2025-01-28 19:06:43+00:00,,,,,,True,False,False,Pass,Pass,Pass,Pass,Pass,Pass,,,,,,,,,False,37,,,
https://nsf-gov-resources.nsf.gov/files/NSF-research-terms-conditions-changes-20190225-r_0.pdf?VersionId=0zV0H15xzheMI9yMQrZiAvmNIky4I5Lf,NSF-research-terms-conditions-changes-20190225-r_0.pdf,nsf.gov,,,—,analysed,2026-03-11T02:02:30.370893+00:00,2025-01-29 14:53:40+00:00,,,,,,True,False,False,Pass,Pass,Pass,Pass,Pass,Pass,,,,,,,,,False,1,,,
https://nsf-gov-resources.nsf.gov/files/NSF-research-terms-conditions-changes-20201005-r.pdf?VersionId=oeMWgApPrr3f5KEvEKokQzKC32d_T2e1,NSF-research-terms-conditions-changes-20201005-r.pdf,nsf.gov,,,—,analysed,2026-03-11T02:02:30.371680+00:00,2025-01-29 15:31:30+00:00,,,,,,True,False,False,Pass,Pass,Pass,Pass,Pass,Pass,,,,,,,,,False,2,,,
https://nsf-gov-resources.nsf.gov/files/NSF-research-terms-conditions-changes-20201112-r.pdf?VersionId=exnMrnTVk6MzN3htFur.JYBTc7kciC0x,NSF-research-terms-conditions-changes-20201112-r.pdf,nsf.gov,,,—,analysed,2026-03-11T02:02:30.372406+00:00,2025-01-29 15:51:51+00:00,,,,,,True,False,False,Pass,Pass,Pass,Pass,Pass,Pass,,,,,,,,,False,2,,,
https://nsf-gov-resources.nsf.gov/files/NSF-research-terms-conditions-changes-20211004-r.pdf?VersionId=.6fkczRejt_nLapZ8Ae0oCMjYDasNLAH,NSF-research-terms-conditions-changes-20211004-r.pdf,nsf.gov,,,—,analysed,2026-03-11T02:02:30.373085+00:00,2025-01-29 15:44:21+00:00,,,,,,True,False,False,Pass,Pass,Pass,Pass,Pass,Pass,,,,,,,,,False,1,,,
https://nsf-gov-resources.nsf.gov/files/NSF-research-terms-conditions-changes-20220513-r.pdf?VersionId=tWkMc4XKBhekLrDco6429RyOulusGKw3,NSF-research-terms-conditions-changes-20220513-r.pdf,nsf.gov,,,—,analysed,2026-03-11T02:02:30.373829+00:00,2025-01-29 15:09:07+00:00,,,,,,True,False,False,Pass,Pass,Pass,Pass,Pass,Pass,,,,,,,,,False,1,,,
https://nsf-gov-resources.nsf.gov/files/NSF-research-terms-conditions-changes-20230130-r.pdf?VersionId=OyBP6NkSoVi4C384du.8Zk0NZKyTAnBP,NSF-research-terms-conditions-changes-20230130-r.pdf,nsf.gov,,,—,analysed,2026-03-11T02:02:30.374575+00:00,2025-02-03 22:24:45+00:00,,,,,,True,False,False,Pass,Pass,Pass,Pass,Pass,Pass,,,,,,,,,False,2,,,
https://nsf-gov-resources.nsf.gov/2023-11/NSF_Computing_Power_COVID-19_4-10-2020.pdf?VersionId=Vydwm0OyTAB7HHdHaEE7TgpUgtp9rmtm,NSF_Computing_Power_COVID-19_4-10-2020.pdf,nsf.gov,,,—,analysed,2026-03-11T02:02:30.384877+00:00,2020-04-15 16:04:13+00:00,,,,,,False,False,False,Fail,Pass,Pass,Fail,Pass,Pass,,,,,,,,,False,2,,,"title, tagged, "
https://nsf-gov-resources.nsf.gov/files/NSF_Major_Multi_User_Facilities_Fact_Sheet_FI.pdf?VersionId=Z24KTQq6JL0R6pkBHvV81llGRoYfMZS_,NSF_Major_Multi_User_Facilities_Fact_Sheet_FI.pdf,nsf.gov,,,—,analysed,2026-03-11T02:02:30.389779+00:00,2025-12-22 17:14:24+00:00,,,,,,True,False,False,Pass,Pass,Pass,Pass,Pass,Pass,,,,,,,,,False,10,,,
https://nsf-gov-resources.nsf.gov/files/No-FEAR-Act-Data-FY2020-Q1.pdf?VersionId=TT57vG.xEtES6DVWn2bjs2ov8WnhDBHx,No-FEAR-Act-Data-FY2020-Q1.pdf,nsf.gov,,,—,analysed,2026-03-11T02:02:30.404630+00:00,2020-08-18 16:55:07+00:00,,,,,,False,False,False,Pass,Pass,Pass,Fail,Pass,Pass,,,,,,,,,False,9,,,"title, "
https://nsf-gov-resources.nsf.gov/files/No-FEAR-Act-Data-FY2020-Q2.pdf?VersionId=ZBDvoDkw9sBs9hJTTTJJSRl767h9Bbpt,No-FEAR-Act-Data-FY2020-Q2.pdf,nsf.gov,,,—,analysed,2026-03-11T02:02:30.405397+00:00,2020-08-18 16:57:01+00:00,,,,,,False,False,False,Pass,Pass,Pass,Fail,Pass,Pass,,,,,,,,,False,9,,,"title, "
https://nsf-gov-resources.nsf.gov/files/PQ-Guidelines-Current-13-March-2025.pdf,PQ-Guidelines-Current-13-March-2025.pdf,nsf.gov,,,—,analysed,2026-03-11T02:02:30.411154+00:00,2025-03-14 13:20:31+00:00,,,,,,True,False,False,Pass,Pass,Pass,Pass,Pass,Pass,,,,,,,,,False,71,,,
https://nsf-gov-resources.nsf.gov/files/SOH_POL_2000.10_VOL1_Mar_2025.pdf,SOH_POL_2000.10_VOL1_Mar_2025-0.pdf,nsf.gov,,,—,analysed,2026-03-11T02:02:30.414119+00:00,2025-06-03 13:41:22+00:00,,,,,,True,False,False,Pass,Pass,Pass,Pass,Pass,Pass,,,,,,,,,False,114,,,
https://nsf-gov-resources.nsf.gov/files/SOH_POL_2000.10_VOL1_Mar_2025.pdf?VersionId=g9q07U8qCjaATlNsnWP9RBZcLdrYQzox,SOH_POL_2000.10_VOL1_Mar_2025.pdf,nsf.gov,,,—,analysed,2026-03-11T02:02:30.417086+00:00,2025-06-03 13:41:22+00:00,,,,,,True,False,False,Pass,Pass,Pass,Pass,Pass,Pass,,,,,,,,,False,114,,,
https://nsf-gov-resources.nsf.gov/files/SOH_POL_2000.10_VOL2.pdf,SOH_POL_2000.10_VOL2.pdf,nsf.gov,,,—,analysed,2026-03-11T02:02:30.418512+00:00,2024-06-06 19:30:51+00:00,,,,,,True,False,False,Pass,Pass,Pass,Pass,Pass,Pass,,,,,,,,,False,27,,,
https://nsf-gov-resources.nsf.gov/files/System_Requirements.pdf,System_Requirements.pdf,nsf.gov,,92367,90.2 KB,analysed,2026-03-11T02:02:30.421106+00:00,2023-10-12 14:14:25+00:00,,,,,,True,False,False,Pass,Pass,Pass,Pass,Pass,Pass,,,,,,,,,False,1,,,
https://nsf-gov-resources.nsf.gov/files/TIPRoadmap_WEB.pdf,TIPRoadmap_WEB.pdf,nsf.gov,,,—,analysed,2026-03-11T02:02:30.430890+00:00,2024-08-09 17:01:21+00:00,,,,,,True,False,False,Pass,Pass,Pass,Pass,Pass,Pass,,,,,,,,,False,40,,,
https://nsf-gov-resources.nsf.gov/2023-06/TIP_I-CorpsReport_2023_Final_6.21.2023.508.pdf?VersionId=7hktpt_12oxeM2sHpOrTR6uG3mm6_DMk,TIP_I-CorpsReport_2023_Final_6.21.2023.508.pdf,nsf.gov,,,—,analysed,2026-03-11T02:02:30.444026+00:00,2023-06-26 18:41:37+00:00,,,,,,True,False,False,Pass,Pass,Pass,Pass,Pass,Pass,,,,,,,,,False,51,,,
https://nsf-gov-resources.nsf.gov/files/Zoom_Test_Meeting.pdf,Zoom_Test_Meeting.pdf,nsf.gov,,417073,407.3 KB,analysed,2026-03-11T02:02:30.445304+00:00,2024-08-06 15:53:36+00:00,,,,,,True,False,False,Pass,Pass,Pass,Pass,Pass,Pass,,,,,,,,,False,3,,,
https://nsf-gov-resources.nsf.gov/files/agencyimpstatements-20201112-r.pdf?VersionId=VByFXrlRqf4TsZmBOX9UyBKj5oGmQIJf,agencyimpstatements-20201112-r.pdf,nsf.gov,,,—,analysed,2026-03-11T02:02:30.446101+00:00,2025-01-30 15:43:38+00:00,,,,,,True,False,False,Pass,Pass,Pass,Pass,Pass,Pass,,,,,,,,,False,3,,,
https://nsf-gov-resources.nsf.gov/files/alabama_factsheet.pdf,alabama_factsheet.pdf,nsf.gov,,,—,analysed,2026-03-11T02:02:30.469914+00:00,2026-01-15 18:19:30+00:00,,,,,,True,False,False,Pass,Pass,Pass,Pass,Pass,Pass,,,,,,,,,False,2,,,
https://nsf-gov-resources.nsf.gov/files/alaska_factsheet.pdf,alaska_factsheet.pdf,nsf.gov,,,—,analysed,2026-03-11T02:02:30.495361+00:00,2026-01-15 18:47:12+00:00,,,,,,True,False,False,Pass,Pass,Pass,Pass,Pass,Pass,,,,,,,,,False,2,,,
https://nsf-gov-resources.nsf.gov/files/appendix-a-r.pdf?VersionId=3knnVzK81NyO6QJWAPSvcTC4u2DOgz.8,appendix-a-r.pdf,nsf.gov,,,—,error,2026-03-11T02:02:30.497301+00:00,,,,,,,,,,,,,,,,,,,,,,,,,,,,"File not found: crawled_files/nsf.gov/appendix-a-r.pdf (crawled 0.0 day(s) ago at 2026-03-11T02:02:30.497301+00:00). Possible causes: failed download, incomplete artifact transfer, or stale manifest entry from a previous run."
https://nsf-gov-resources.nsf.gov/files/appendix-b-r.pdf?VersionId=.MKYG2kgHoOaSwsl_e_THfLYPEHA5mtf,appendix-b-r.pdf,nsf.gov,,,—,analysed,2026-03-11T02:02:30.498376+00:00,2025-02-10 21:58:22+00:00,,,,,,True,False,False,Pass,Pass,Pass,Pass,Pass,Pass,,,,,,,,,False,1,,,
https://nsf-gov-resources.nsf.gov/files/appendix-c-r.pdf?VersionId=4HLmsCrN4n9_0ckzqhmHaVF172jMXBkn,appendix-c-r.pdf,nsf.gov,,,—,analysed,2026-03-11T02:02:30.499953+00:00,2025-02-06 18:38:38+00:00,,,,,,True,False,False,Pass,Pass,Pass,Pass,Pass,Pass,,,,,,,,,False,18,,,
https://nsf-gov-resources.nsf.gov/files/arizona_factsheet.pdf,arizona_factsheet.pdf,nsf.gov,,,—,analysed,2026-03-11T02:02:30.520514+00:00,2026-01-15 17:57:34+00:00,,,,,,False,False,False,Pass,Pass,Pass,Fail,Pass,Pass,,,,,,,,,False,2,,,"title, "
https://nsf-gov-resources.nsf.gov/files/arkansas_factsheet.pdf,arkansas_factsheet.pdf,nsf.gov,,,—,analysed,2026-03-11T02:02:30.546397+00:00,2026-01-15 19:09:02+00:00,,,,,,True,False,False,Pass,Pass,Pass,Pass,Pass,Pass,,,,,,,,,False,2,,,
https://nsf-gov-resources.nsf.gov/files/california_factsheet.pdf,california_factsheet.pdf,nsf.gov,,,—,analysed,2026-03-11T02:02:30.571734+00:00,2026-01-15 19:10:13+00:00,,,,,,True,False,False,Pass,Pass,Pass,Pass,Pass,Pass,,,,,,,,,False,2,,,
https://nsf-gov-resources.nsf.gov/files/colorado_factsheet.pdf,colorado_factsheet.pdf,nsf.gov,,,—,analysed,2026-03-11T02:02:30.596080+00:00,2026-01-15 19:12:25+00:00,,,,,,True,False,False,Pass,Pass,Pass,Pass,Pass,Pass,,,,,,,,,False,2,,,
https://nsf-gov-resources.nsf.gov/files/connecticut_factsheet.pdf,connecticut_factsheet.pdf,nsf.gov,,,—,analysed,2026-03-11T02:02:30.620275+00:00,2026-01-15 19:13:36+00:00,,,,,,True,False,False,Pass,Pass,Pass,Pass,Pass,Pass,,,,,,,,,False,2,,,
https://nsf-gov-resources.nsf.gov/files/delaware_factsheet.pdf,delaware_factsheet.pdf,nsf.gov,,,—,analysed,2026-03-11T02:02:30.642512+00:00,2026-01-15 20:59:05+00:00,,,,,,True,False,False,Pass,Pass,Pass,Pass,Pass,Pass,,,,,,,,,False,2,,,
https://nsf-gov-resources.nsf.gov/files/district_of_columbia_factsheet.pdf,district_of_columbia_factsheet.pdf,nsf.gov,,,—,analysed,2026-03-11T02:02:30.667065+00:00,2026-01-15 19:07:32+00:00,,,,,,True,False,False,Pass,Pass,Pass,Pass,Pass,Pass,,,,,,,,,False,2,,,
https://nsf-gov-resources.nsf.gov/files/florida_factsheet.pdf,florida_factsheet.pdf,nsf.gov,,,—,analysed,2026-03-11T02:02:30.691617+00:00,2026-01-15 19:15:19+00:00,,,,,,True,False,False,Pass,Pass,Pass,Pass,Pass,Pass,,,,,,,,,False,2,,,
https://nsf-gov-resources.nsf.gov/attachments/304116/public/future-manufacturing-2022-webinar-slides-508.pdf?VersionId=1pOrwFJ6anPU3_hAH0kVMbUoD6GTqvHS,future-manufacturing-2022-webinar-slides-508.pdf,nsf.gov,,,—,analysed,2026-03-11T02:02:30.693205+00:00,2022-03-07 18:11:53+00:00,,,,,,True,False,False,Pass,Pass,Pass,Pass,Pass,Pass,,,,,,,,,False,18,,,
https://nsf-gov-resources.nsf.gov/files/georgia_factsheet.pdf,georgia_factsheet.pdf,nsf.gov,,,—,analysed,2026-03-11T02:02:30.716867+00:00,2026-01-15 18:59:34+00:00,,,,,,True,False,False,Pass,Pass,Pass,Pass,Pass,Pass,,,,,,,,,False,2,,,
https://nsf-gov-resources.nsf.gov/files/guam_factsheet.pdf,guam_factsheet.pdf,nsf.gov,,,—,analysed,2026-03-11T02:02:30.742047+00:00,2026-01-15 18:59:20+00:00,,,,,,True,False,False,Pass,Pass,Pass,Pass,Pass,Pass,,,,,,,,,False,2,,,
https://nsf-gov-resources.nsf.gov/files/hawaii_factsheet.pdf,hawaii_factsheet.pdf,nsf.gov,,,—,analysed,2026-03-11T02:02:30.765674+00:00,2026-01-15 18:56:56+00:00,,,,,,True,False,False,Pass,Pass,Pass,Pass,Pass,Pass,,,,,,,,,False,2,,,
https://nsf-gov-resources.nsf.gov/files/idaho_factsheet.pdf,idaho_factsheet.pdf,nsf.gov,,,—,analysed,2026-03-11T02:02:30.789275+00:00,2026-01-15 18:51:40+00:00,,,,,,True,False,False,Pass,Pass,Pass,Pass,Pass,Pass,,,,,,,,,False,2,,,
https://nsf-gov-resources.nsf.gov/files/illinois_factsheet.pdf,illinois_factsheet.pdf,nsf.gov,,,—,analysed,2026-03-11T02:02:30.812863+00:00,2026-01-15 18:51:21+00:00,,,,,,True,False,False,Pass,Pass,Pass,Pass,Pass,Pass,,,,,,,,,False,2,,,
https://nsf-gov-resources.nsf.gov/files/indiana_factsheet.pdf,indiana_factsheet.pdf,nsf.gov,,,—,analysed,2026-03-11T02:02:30.836481+00:00,2026-01-15 18:51:05+00:00,,,,,,True,False,False,Pass,Pass,Pass,Pass,Pass,Pass,,,,,,,,,False,2,,,
https://nsf-gov-resources.nsf.gov/files/iowa_factsheet.pdf,iowa_factsheet.pdf,nsf.gov,,,—,analysed,2026-03-11T02:02:30.860338+00:00,2026-01-15 18:50:43+00:00,,,,,,True,False,False,Pass,Pass,Pass,Pass,Pass,Pass,,,,,,,,,False,2,,,
https://nsf-gov-resources.nsf.gov/files/kansas_factsheet.pdf,kansas_factsheet.pdf,nsf.gov,,,—,analysed,2026-03-11T02:02:30.884665+00:00,2026-01-15 18:50:24+00:00,,,,,,True,False,False,Pass,Pass,Pass,Pass,Pass,Pass,,,,,,,,,False,2,,,
https://nsf-gov-resources.nsf.gov/files/kentucky_factsheet.pdf,kentucky_factsheet.pdf,nsf.gov,,,—,analysed,2026-03-11T02:02:30.908834+00:00,2026-01-15 18:50:03+00:00,,,,,,True,False,False,Pass,Pass,Pass,Pass,Pass,Pass,,,,,,,,,False,2,,,
https://nsf-gov-resources.nsf.gov/files/louisiana_factsheet.pdf,louisiana_factsheet.pdf,nsf.gov,,,—,analysed,2026-03-11T02:02:30.932915+00:00,2026-01-15 18:49:42+00:00,,,,,,True,False,False,Pass,Pass,Pass,Pass,Pass,Pass,,,,,,,,,False,2,,,
https://nsf-gov-resources.nsf.gov/files/maine_factsheet.pdf,maine_factsheet.pdf,nsf.gov,,,—,analysed,2026-03-11T02:02:30.957395+00:00,2026-01-15 18:49:18+00:00,,,,,,True,False,False,Pass,Pass,Pass,Pass,Pass,Pass,,,,,,,,,False,2,,,
https://nsf-gov-resources.nsf.gov/files/maryland_factsheet.pdf,maryland_factsheet.pdf,nsf.gov,,,—,analysed,2026-03-11T02:02:30.981678+00:00,2026-01-15 18:48:56+00:00,,,,,,True,False,False,Pass,Pass,Pass,Pass,Pass,Pass,,,,,,,,,False,2,,,
https://nsf-gov-resources.nsf.gov/files/massachusetts_factsheet.pdf,massachusetts_factsheet.pdf,nsf.gov,,,—,analysed,2026-03-11T02:02:31.005892+00:00,2026-01-15 19:18:25+00:00,,,,,,True,False,False,Pass,Pass,Pass,Pass,Pass,Pass,,,,,,,,,False,2,,,
https://nsf-gov-resources.nsf.gov/files/michigan_factsheet.pdf,michigan_factsheet.pdf,nsf.gov,,,—,analysed,2026-03-11T02:02:31.030041+00:00,2026-01-15 18:12:17+00:00,,,,,,True,False,False,Pass,Pass,Pass,Pass,Pass,Pass,,,,,,,,,False,2,,,
https://nsf-gov-resources.nsf.gov/files/minnesota_factsheet.pdf,minnesota_factsheet.pdf,nsf.gov,,,—,analysed,2026-03-11T02:02:31.054276+00:00,2026-01-15 18:11:12+00:00,,,,,,True,False,False,Pass,Pass,Pass,Pass,Pass,Pass,,,,,,,,,False,2,,,
https://nsf-gov-resources.nsf.gov/files/mississippi_factsheet.pdf,mississippi_factsheet.pdf,nsf.gov,,,—,analysed,2026-03-11T02:02:31.078088+00:00,2026-01-15 20:10:27+00:00,,,,,,True,False,False,Pass,Pass,Pass,Pass,Pass,Pass,,,,,,,,,False,2,,,
https://nsf-gov-resources.nsf.gov/files/missouri_factsheet.pdf,missouri_factsheet.pdf,nsf.gov,,,—,analysed,2026-03-11T02:02:31.102182+00:00,2026-01-15 20:15:21+00:00,,,,,,True,False,False,Pass,Pass,Pass,Pass,Pass,Pass,,,,,,,,,False,2,,,
https://nsf-gov-resources.nsf.gov/files/montana_factsheet.pdf,montana_factsheet.pdf,nsf.gov,,,—,analysed,2026-03-11T02:02:31.126407+00:00,2026-01-15 20:17:31+00:00,,,,,,True,False,False,Pass,Pass,Pass,Pass,Pass,Pass,,,,,,,,,False,2,,,
https://nsf-gov-resources.nsf.gov/files/nasa-research-terms-conditions-20190901-r.pdf?VersionId=vO9GoS2ibH5toORxA2l.e1gojJZZONX6,nasa-research-terms-conditions-20190901-r.pdf,nsf.gov,,,—,analysed,2026-03-11T02:02:31.127644+00:00,2025-01-27 21:53:20+00:00,,,,,,True,False,False,Pass,Pass,Pass,Pass,Pass,Pass,,,,,,,,,False,2,,,
https://nsf-gov-resources.nsf.gov/files/nasa-terms-conditions-20201112-r.pdf?VersionId=ussRUudAOvJGr3LZaSd19iR9izvvDjcy,nasa-terms-conditions-20201112-r.pdf,nsf.gov,,,—,analysed,2026-03-11T02:02:31.128499+00:00,2025-01-30 17:31:16+00:00,,,,,,True,False,False,Pass,Pass,Pass,Pass,Pass,Pass,,,,,,,,,False,4,,,
https://nsf-gov-resources.nsf.gov/files/nebraska_factsheet.pdf,nebraska_factsheet.pdf,nsf.gov,,,—,analysed,2026-03-11T02:02:31.152358+00:00,2026-01-15 20:18:12+00:00,,,,,,True,False,False,Pass,Pass,Pass,Pass,Pass,Pass,,,,,,,,,False,2,,,
https://nsf-gov-resources.nsf.gov/files/nevada_factsheet.pdf,nevada_factsheet.pdf,nsf.gov,,,—,analysed,2026-03-11T02:02:31.176338+00:00,2026-01-15 20:19:34+00:00,,,,,,True,False,False,Pass,Pass,Pass,Pass,Pass,Pass,,,,,,,,,False,2,,,
https://nsf-gov-resources.nsf.gov/files/new_hampshire_factsheet.pdf,new_hampshire_factsheet.pdf,nsf.gov,,,—,analysed,2026-03-11T02:02:31.200524+00:00,2026-01-15 20:20:34+00:00,,,,,,True,False,False,Pass,Pass,Pass,Pass,Pass,Pass,,,,,,,,,False,2,,,
https://nsf-gov-resources.nsf.gov/files/new_jersey_factsheet.pdf,new_jersey_factsheet.pdf,nsf.gov,,,—,analysed,2026-03-11T02:02:31.224498+00:00,2026-01-15 20:22:08+00:00,,,,,,True,False,False,Pass,Pass,Pass,Pass,Pass,Pass,,,,,,,,,False,2,,,
https://nsf-gov-resources.nsf.gov/files/new_mexico_factsheet.pdf,new_mexico_factsheet.pdf,nsf.gov,,,—,analysed,2026-03-11T02:02:31.246174+00:00,2026-01-15 21:03:40+00:00,,,,,,True,False,False,Pass,Pass,Pass,Pass,Pass,Pass,,,,,,,,,False,2,,,
https://nsf-gov-resources.nsf.gov/files/new_york_factsheet.pdf,new_york_factsheet.pdf,nsf.gov,,,—,analysed,2026-03-11T02:02:31.271043+00:00,2026-01-15 20:33:05+00:00,,,,,,True,False,False,Pass,Pass,Pass,Pass,Pass,Pass,,,,,,,,,False,2,,,
https://nsf-gov-resources.nsf.gov/files/nifa-rtc-20201112-r.pdf?VersionId=2vQ8p_Kiz1hHV1e0Xlk2iN9_zQaUNrKm,nifa-rtc-20201112-r.pdf,nsf.gov,,,—,analysed,2026-03-11T02:02:31.273338+00:00,2025-02-10 20:56:27+00:00,,,,,,False,False,False,Pass,Pass,Pass,Pass,Pass,Fail,,,,,,,,,False,23,,,"no bookmarks and more than 20 pages, "
https://nsf-gov-resources.nsf.gov/files/north_carolina_factsheet.pdf,north_carolina_factsheet.pdf,nsf.gov,,,—,analysed,2026-03-11T02:02:31.297767+00:00,2026-01-15 20:33:35+00:00,,,,,,True,False,False,Pass,Pass,Pass,Pass,Pass,Pass,,,,,,,,,False,2,,,
https://nsf-gov-resources.nsf.gov/files/north_dakota_factsheet.pdf,north_dakota_factsheet.pdf,nsf.gov,,,—,analysed,2026-03-11T02:02:31.322872+00:00,2026-01-15 20:35:45+00:00,,,,,,True,False,False,Pass,Pass,Pass,Pass,Pass,Pass,,,,,,,,,False,2,,,
https://nsf-gov-resources.nsf.gov/nsb/publications/2019/nsb201923.pdf?VersionId=FKzfy6SamakWel6Ot_ankRo06RN1wP5p,nsb201923.pdf,nsf.gov,,,—,analysed,2026-03-11T02:02:31.360150+00:00,2019-09-04 21:34:36+00:00,,,,,,True,False,False,Pass,Pass,Pass,Pass,Pass,Pass,,,,,,,,,False,58,,,
https://ncses.nsf.gov/pubs/nsb20198/assets/technical-appendix/tables/nsb20198-tabsa03-005.pdf,nsb20198-tabsa03-005.pdf,nsf.gov,,,—,analysed,2026-03-11T02:02:31.368267+00:00,2019-09-26 12:25:12+00:00,,,,,,True,False,False,Pass,Pass,Pass,Pass,Pass,Pass,,,,,,,,,False,4,,,
https://ncses.nsf.gov/pubs/nsb20225/assets/u-s-business-r-d/tables/nsb20225-tabrd-014.pdf,nsb20225-tabrd-014.pdf,nsf.gov,,,—,analysed,2026-03-11T02:02:31.396729+00:00,2022-04-28 12:32:28+00:00,,,,,,True,False,False,Pass,Pass,Pass,Pass,Pass,Pass,,,,,,,,,False,2,,,
https://nsf-gov-resources.nsf.gov/files/nsf-0123-r.pdf?VersionId=TduAHRwo0NmnyThR_XanUmL1butNHo7Z,nsf-0123-r.pdf,nsf.gov,,,—,analysed,2026-03-11T02:02:31.398248+00:00,2025-02-11 17:32:56+00:00,,,,,,True,False,False,Pass,Pass,Pass,Pass,Pass,Pass,,,,,,,,,False,39,,,
https://nsf-gov-resources.nsf.gov/files/nsf-0522-r.pdf?VersionId=.RGyQ1BAdyNYneyHP3ParuaX0DnHfIVR,nsf-0522-r.pdf,nsf.gov,,,—,analysed,2026-03-11T02:02:31.399501+00:00,2025-02-11 17:43:09+00:00,,,,,,True,False,False,Pass,Pass,Pass,Pass,Pass,Pass,,,,,,,,,False,37,,,
https://nsf-gov-resources.nsf.gov/files/nsf-research-terms-conditions-20240520-r.pdf?VersionId=kV_IRBLc1qo.iW8.RtSWHRjh8lLjTyus,nsf-research-terms-conditions-20240520-r.pdf,nsf.gov,,,—,analysed,2026-03-11T02:02:31.401523+00:00,2025-02-03 22:37:20+00:00,,,,,,True,False,False,Pass,Pass,Pass,Pass,Pass,Pass,,,,,,,,,False,43,,,
https://nsf-gov-resources.nsf.gov/files/nsf-research-terms-conditions-changes-20240520-r.pdf?VersionId=9yfQQjfnBVWr.kBMhlSEyXqNO1Yy_FqP,nsf-research-terms-conditions-changes-20240520-r.pdf,nsf.gov,,,—,analysed,2026-03-11T02:02:31.402262+00:00,2025-02-03 22:01:58+00:00,,,,,,True,False,False,Pass,Pass,Pass,Pass,Pass,Pass,,,,,,,,,False,2,,,
https://nsf-gov-resources.nsf.gov/solicitations/pubs/2017/nsf17537/nsf17537.pdf?VersionId=OCuvmJtE8EToC.BgPK19q7IzcDjuBaVL,nsf17537.pdf,nsf.gov,,,—,analysed,2026-03-11T02:02:31.416075+00:00,2019-12-06 19:02:56+00:00,,,,,,True,False,False,Pass,Pass,Pass,Pass,Pass,Pass,,,,,,,,,False,14,,,
https://nsf-gov-resources.nsf.gov/pubs/policydocs/pappg19_1/nsf19_1.pdf?VersionId=VP2O7QrluFaSYgFJzE82cUCY_kNDb7jM,nsf19_1.pdf,nsf.gov,,,—,analysed,2026-03-11T02:02:31.432057+00:00,2023-02-23 19:30:20+00:00,,,,,,True,False,False,Pass,Pass,Pass,Pass,Pass,Pass,,,,,,,,,False,192,,,
https://nsf-gov-resources.nsf.gov/solicitations/pubs/2021/nsf21598/nsf21598.pdf?VersionId=9xqwrpX1ChYhJsKdlRX3L1g.qCBp6TY6,nsf21598.pdf,nsf.gov,,,—,analysed,2026-03-11T02:02:31.438921+00:00,2022-09-20 15:00:10+00:00,,,,,,False,False,False,Fail,Pass,Pass,Pass,Pass,Pass,,,,,,,,,False,17,,,"tagged, "
https://nsf-gov-resources.nsf.gov/solicitations/pubs/2022/nsf22527/nsf22527.pdf?VersionId=Q0JGcoHH7oC6Nw.2KdYVu4yM2v6m9TIW,nsf22527.pdf,nsf.gov,,,—,analysed,2026-03-11T02:02:31.442325+00:00,2022-12-05 20:03:22+00:00,,,,,,False,False,False,Fail,Pass,Pass,Pass,Pass,Pass,,,,,,,,,False,22,,,"tagged, "
https://nsf-gov-resources.nsf.gov/solicitations/pubs/2022/nsf22531/nsf22531.pdf?VersionId=4jGSTMwuBG5I2AbJBj2S00Srz_gfCPeW,nsf22531.pdf,nsf.gov,,,—,analysed,2026-03-11T02:02:31.445105+00:00,2023-01-11 21:04:39+00:00,,,,,,False,False,False,Fail,Pass,Pass,Pass,Pass,Pass,,,,,,,,,False,16,,,"tagged, "
https://nsf-gov-resources.nsf.gov/solicitations/pubs/2022/nsf22636/nsf22636.pdf?VersionId=YQiAA0IN8YOJWFTbcUbGwch9O4EkEQNr,nsf22636.pdf,nsf.gov,,,—,analysed,2026-03-11T02:02:31.446935+00:00,2025-01-23 20:23:03+00:00,,,,,,False,False,False,Fail,Pass,Pass,Fail,Pass,Pass,,,,,,,,,False,13,,,"title, tagged, "
https://nsf-gov-resources.nsf.gov/pubs/policydocs/pappg22_1/nsf22_1.pdf?VersionId=uQ3beiVsvM3EyGEmmSMKpOCwLzMx_27e,nsf22_1.pdf,nsf.gov,,,—,analysed,2026-03-11T02:02:31.452573+00:00,2023-02-23 19:23:32+00:00,,,,,,True,False,False,Pass,Pass,Pass,Pass,Pass,Pass,,,,,,,,,False,193,,,
https://nsf-gov-resources.nsf.gov/solicitations/pubs/2023/nsf23528/nsf23528.pdf?VersionId=UDp9dtKFLtFHuahY4WUtFzjCG11DdvBI,nsf23528.pdf,nsf.gov,,,—,analysed,2026-03-11T02:02:31.459086+00:00,2023-09-27 13:58:01+00:00,,,,,,False,False,False,Fail,Pass,Pass,Pass,Pass,Pass,,,,,,,,,False,13,,,"tagged, "
https://nsf-gov-resources.nsf.gov/solicitations/pubs/2023/nsf23544/nsf23544.pdf?VersionId=La_52VrRYoHW1SnW2kXBpNBkNunu2qgV,nsf23544.pdf,nsf.gov,,,—,analysed,2026-03-11T02:02:31.462044+00:00,2025-02-25 18:37:16+00:00,,,,,,True,False,False,Pass,Pass,Pass,Pass,Pass,Pass,,,,,,,,,False,13,,,
https://nsf-gov-resources.nsf.gov/solicitations/pubs/2023/nsf23552/nsf23552.pdf?VersionId=zGIlMxh1OtSBXLlrLWHgGH8wTBwMPGhE,nsf23552.pdf,nsf.gov,,,—,analysed,2026-03-11T02:02:31.467546+00:00,2023-12-15 19:21:25+00:00,,,,,,True,False,False,Pass,Pass,Pass,Pass,Pass,Pass,,,,,,,,,False,15,,,
https://nsf-gov-resources.nsf.gov/files/nsf24550.pdf?VersionId=pX.ZB22_hRAQR6Irp3OwIbcR3XsKlYDG,nsf24550.pdf,nsf.gov,,,—,analysed,2026-03-11T02:02:31.475031+00:00,2025-01-24 15:16:23+00:00,,,,,,True,False,False,Pass,Pass,Pass,Pass,Pass,Pass,,,,,,,,,False,22,,,
https://nsf-gov-resources.nsf.gov/files/nsf24_1.pdf?VersionId=W0GJTUpYwRP3FRBju7EMAKAtt86QOcMZ,nsf24_1.pdf,nsf.gov,,,—,error,2026-03-11T02:02:31.490397+00:00,,,,,,,,,,,,,,,,,,,,,,,,,,,,"File not found: crawled_files/nsf.gov/nsf24_1.pdf (crawled 0.0 day(s) ago at 2026-03-11T02:02:31.490397+00:00). Possible causes: failed download, incomplete artifact transfer, or stale manifest entry from a previous run."
https://nsf-gov-resources.nsf.gov/files/ohio_factsheet.pdf,ohio_factsheet.pdf,nsf.gov,,,—,analysed,2026-03-11T02:02:31.521205+00:00,2026-01-15 20:36:21+00:00,,,,,,True,False,False,Pass,Pass,Pass,Pass,Pass,Pass,,,,,,,,,False,2,,,
https://nsf-gov-resources.nsf.gov/files/oklahoma_factsheet.pdf,oklahoma_factsheet.pdf,nsf.gov,,,—,analysed,2026-03-11T02:02:31.546519+00:00,2026-01-15 20:37:38+00:00,,,,,,True,False,False,Pass,Pass,Pass,Pass,Pass,Pass,,,,,,,,,False,2,,,
https://nsf-gov-resources.nsf.gov/files/oregon_factsheet.pdf,oregon_factsheet.pdf,nsf.gov,,,—,analysed,2026-03-11T02:02:31.569460+00:00,2026-01-15 21:06:47+00:00,,,,,,True,False,False,Pass,Pass,Pass,Pass,Pass,Pass,,,,,,,,,False,2,,,
https://nsf-gov-resources.nsf.gov/files/pennsylvania_factsheet.pdf,pennsylvania_factsheet.pdf,nsf.gov,,,—,analysed,2026-03-11T02:02:31.599783+00:00,2026-01-15 19:54:09+00:00,,,,,,True,False,False,Pass,Pass,Pass,Pass,Pass,Pass,,,,,,,,,False,2,,,
https://nsf-gov-resources.nsf.gov/files/puerto_rico_factsheet.pdf,puerto_rico_factsheet.pdf,nsf.gov,,,—,analysed,2026-03-11T02:02:31.626738+00:00,2026-01-15 19:53:17+00:00,,,,,,True,False,False,Pass,Pass,Pass,Pass,Pass,Pass,,,,,,,,,False,2,,,
https://nsf-gov-resources.nsf.gov/files/research-terms-conditions-agencyimpstatements-20210421-r.pdf?VersionId=mdnsPdAj6HL5GMByddmWeoDNdH1gQg0n,research-terms-conditions-agencyimpstatements-20210421-r.pdf,nsf.gov,,,—,analysed,2026-03-11T02:02:31.628383+00:00,2025-01-29 21:49:26+00:00,,,,,,True,False,False,Pass,Pass,Pass,Pass,Pass,Pass,,,,,,,,,False,3,,,
https://nsf-gov-resources.nsf.gov/files/rhode_island_factsheet.pdf,rhode_island_factsheet.pdf,nsf.gov,,,—,analysed,2026-03-11T02:02:31.652419+00:00,2026-01-15 19:52:45+00:00,,,,,,True,False,False,Pass,Pass,Pass,Pass,Pass,Pass,,,,,,,,,False,2,,,
https://nsf-gov-resources.nsf.gov/files/rtcoverlay-nov20-r.pdf?VersionId=wYsBc0e34TZnYUG7TK0PSH0L0oZkog7G,rtcoverlay-nov20-r.pdf,nsf.gov,,,—,analysed,2026-03-11T02:02:31.654789+00:00,2025-02-04 17:24:21+00:00,,,,,,True,False,False,Pass,Pass,Pass,Pass,Pass,Pass,,,,,,,,,False,32,,,
https://nsf-gov-resources.nsf.gov/files/south_carolina_factsheet.pdf,south_carolina_factsheet.pdf,nsf.gov,,,—,analysed,2026-03-11T02:02:31.679265+00:00,2026-01-15 19:51:24+00:00,,,,,,True,False,False,Pass,Pass,Pass,Pass,Pass,Pass,,,,,,,,,False,2,,,
https://nsf-gov-resources.nsf.gov/files/south_dakota_factsheet.pdf,south_dakota_factsheet.pdf,nsf.gov,,,—,analysed,2026-03-11T02:02:31.703613+00:00,2026-01-15 19:49:44+00:00,,,,,,True,False,False,Pass,Pass,Pass,Pass,Pass,Pass,,,,,,,,,False,2,,,
https://nsf-gov-resources.nsf.gov/files/techcorrections-rtcoverlay-nov20-r.pdf?VersionId=k6x9mWB7wFjza36YN7_BeCCOguaLu_H3,techcorrections-rtcoverlay-nov20-r.pdf,nsf.gov,,,—,analysed,2026-03-11T02:02:31.705000+00:00,2025-02-03 21:45:53+00:00,,,,,,True,False,False,Pass,Pass,Pass,Pass,Pass,Pass,,,,,,,,,False,1,,,
https://nsf-gov-resources.nsf.gov/files/tennessee_factsheet.pdf,tennessee_factsheet.pdf,nsf.gov,,,—,analysed,2026-03-11T02:02:31.728774+00:00,2026-01-15 19:41:31+00:00,,,,,,True,False,False,Pass,Pass,Pass,Pass,Pass,Pass,,,,,,,,,False,2,,,
https://nsf-gov-resources.nsf.gov/files/texas_factsheet.pdf,texas_factsheet.pdf,nsf.gov,,,—,analysed,2026-03-11T02:02:31.752853+00:00,2026-01-15 19:39:47+00:00,,,,,,True,False,False,Pass,Pass,Pass,Pass,Pass,Pass,,,,,,,,,False,2,,,
https://nsf-gov-resources.nsf.gov/files/utah_factsheet.pdf,utah_factsheet.pdf,nsf.gov,,,—,analysed,2026-03-11T02:02:31.774494+00:00,2026-01-15 21:08:59+00:00,,,,,,True,False,False,Pass,Pass,Pass,Pass,Pass,Pass,,,,,,,,,False,2,,,
https://nsf-gov-resources.nsf.gov/files/vermont_factsheet.pdf,vermont_factsheet.pdf,nsf.gov,,,—,analysed,2026-03-11T02:02:31.798773+00:00,2026-01-15 19:30:48+00:00,,,,,,True,False,False,Pass,Pass,Pass,Pass,Pass,Pass,,,,,,,,,False,2,,,
https://nsf-gov-resources.nsf.gov/files/virgin_islands_factsheet.pdf,virgin_islands_factsheet.pdf,nsf.gov,,,—,analysed,2026-03-11T02:02:31.822899+00:00,2026-01-15 19:30:22+00:00,,,,,,True,False,False,Pass,Pass,Pass,Pass,Pass,Pass,,,,,,,,,False,2,,,
https://nsf-gov-resources.nsf.gov/files/virginia_factsheet.pdf,virginia_factsheet.pdf,nsf.gov,,,—,analysed,2026-03-11T02:02:31.848002+00:00,2026-01-15 19:30:02+00:00,,,,,,True,False,False,Pass,Pass,Pass,Pass,Pass,Pass,,,,,,,,,False,2,,,
https://nsf-gov-resources.nsf.gov/files/washington_factsheet.pdf,washington_factsheet.pdf,nsf.gov,,,—,analysed,2026-03-11T02:02:31.872704+00:00,2026-01-15 19:29:33+00:00,,,,,,True,False,False,Pass,Pass,Pass,Pass,Pass,Pass,,,,,,,,,False,2,,,
https://nsf-gov-resources.nsf.gov/files/west_virginia_factsheet.pdf,west_virginia_factsheet.pdf,nsf.gov,,,—,analysed,2026-03-11T02:02:31.897943+00:00,2026-01-15 19:29:15+00:00,,,,,,True,False,False,Pass,Pass,Pass,Pass,Pass,Pass,,,,,,,,,False,2,,,
https://nsf-gov-resources.nsf.gov/files/wisconsin_factsheet.pdf,wisconsin_factsheet.pdf,nsf.gov,,,—,analysed,2026-03-11T02:02:31.923033+00:00,2026-01-15 19:28:13+00:00,,,,,,True,False,False,Pass,Pass,Pass,Pass,Pass,Pass,,,,,,,,,False,2,,,
https://nsf-gov-resources.nsf.gov/files/wyoming_factsheet.pdf,wyoming_factsheet.pdf,nsf.gov,,,—,analysed,2026-03-11T02:02:31.966775+00:00,2026-01-15 19:26:47+00:00,,,,,,True,False,False,Pass,Pass,Pass,Pass,Pass,Pass,,,,,,,,,False,2,,,
https://nsf-gov-resources.nsf.gov/files/1995-1996-ceose-biennial-report-508.pdf,1995-1996-ceose-biennial-report-508.pdf,nsf.gov,,,—,error,2026-03-16T17:03:42.679600+00:00,,,,,,,,,,,,,,,,,,,,,,,,,,,,Stale manifest entry: file not found after 2+ days (crawled_at: 2026-03-16T17:03:42.679600+00:00). The file was probably downloaded in a previous run whose crawled_files directory is no longer available.
https://nsf-gov-resources.nsf.gov/files/1997-1998-ceose-biennial-report-508.pdf,1997-1998-ceose-biennial-report-508.pdf,nsf.gov,,,—,error,2026-03-16T17:03:42.682443+00:00,,,,,,,,,,,,,,,,,,,,,,,,,,,,Stale manifest entry: file not found after 2+ days (crawled_at: 2026-03-16T17:03:42.682443+00:00). The file was probably downloaded in a previous run whose crawled_files directory is no longer available.
https://nsf-gov-resources.nsf.gov/files/1999-2000-ceose-biennial-report-508.pdf,1999-2000-ceose-biennial-report-508.pdf,nsf.gov,,,—,error,2026-03-16T17:03:42.686674+00:00,,,,,,,,,,,,,,,,,,,,,,,,,,,,Stale manifest entry: file not found after 2+ days (crawled_at: 2026-03-16T17:03:42.686674+00:00). The file was probably downloaded in a previous run whose crawled_files directory is no longer available.
https://nsf-gov-resources.nsf.gov/files/2001-2002-ceose-biennial-report-508.pdf,2001-2002-ceose-biennial-report-508.pdf,nsf.gov,,,—,error,2026-03-16T17:03:42.695709+00:00,,,,,,,,,,,,,,,,,,,,,,,,,,,,Stale manifest entry: file not found after 2+ days (crawled_at: 2026-03-16T17:03:42.695709+00:00). The file was probably downloaded in a previous run whose crawled_files directory is no longer available.
https://nsf-gov-resources.nsf.gov/files/2003-2004-ceose-biennial-report-508.pdf,2003-2004-ceose-biennial-report-508.pdf,nsf.gov,,,—,error,2026-03-16T17:03:42.699081+00:00,,,,,,,,,,,,,,,,,,,,,,,,,,,,Stale manifest entry: file not found after 2+ days (crawled_at: 2026-03-16T17:03:42.699081+00:00). The file was probably downloaded in a previous run whose crawled_files directory is no longer available.
https://nsf-gov-resources.nsf.gov/files/2005-2006-ceose-biennial-report-508.pdf,2005-2006-ceose-biennial-report-508.pdf,nsf.gov,,,—,error,2026-03-16T17:03:42.703796+00:00,,,,,,,,,,,,,,,,,,,,,,,,,,,,Stale manifest entry: file not found after 2+ days (crawled_at: 2026-03-16T17:03:42.703796+00:00). The file was probably downloaded in a previous run whose crawled_files directory is no longer available.
https://nsf-gov-resources.nsf.gov/files/2007-2008-ceose-biennial-report-508.pdf,2007-2008-ceose-biennial-report-508.pdf,nsf.gov,,,—,error,2026-03-16T17:03:42.705505+00:00,,,,,,,,,,,,,,,,,,,,,,,,,,,,Stale manifest entry: file not found after 2+ days (crawled_at: 2026-03-16T17:03:42.705505+00:00). The file was probably downloaded in a previous run whose crawled_files directory is no longer available.
https://nsf-gov-resources.nsf.gov/files/2009-2010-ceose-biennial-report-508.pdf,2009-2010-ceose-biennial-report-508.pdf,nsf.gov,,,—,error,2026-03-16T17:03:42.709637+00:00,,,,,,,,,,,,,,,,,,,,,,,,,,,,Stale manifest entry: file not found after 2+ days (crawled_at: 2026-03-16T17:03:42.709637+00:00). The file was probably downloaded in a previous run whose crawled_files directory is no longer available.
https://nsf-gov-resources.nsf.gov/2022-03/2011-2012-ceose-biennial-report-508_0.pdf,2011-2012-ceose-biennial-report-508_0.pdf,nsf.gov,,,—,error,2026-03-16T17:03:42.714167+00:00,,,,,,,,,,,,,,,,,,,,,,,,,,,,Stale manifest entry: file not found after 2+ days (crawled_at: 2026-03-16T17:03:42.714167+00:00). The file was probably downloaded in a previous run whose crawled_files directory is no longer available.
https://nsf-gov-resources.nsf.gov/2022-03/2013-2014-ceose-biennial-report-508_0.pdf,2013-2014-ceose-biennial-report-508_0.pdf,nsf.gov,,,—,error,2026-03-16T17:03:42.718035+00:00,,,,,,,,,,,,,,,,,,,,,,,,,,,,Stale manifest entry: file not found after 2+ days (crawled_at: 2026-03-16T17:03:42.718035+00:00). The file was probably downloaded in a previous run whose crawled_files directory is no longer available.
https://nsf-gov-resources.nsf.gov/2022-03/2017-2018-ceose-biennial-report-508_0.pdf,2017-2018-ceose-biennial-report-508_0.pdf,nsf.gov,,,—,error,2026-03-16T17:03:42.733489+00:00,,,,,,,,,,,,,,,,,,,,,,,,,,,,Stale manifest entry: file not found after 2+ days (crawled_at: 2026-03-16T17:03:42.733489+00:00). The file was probably downloaded in a previous run whose crawled_files directory is no longer available.
https://nsf-gov-resources.nsf.gov/2022-03/2019-2020-ceose-biennial-report-508_1.pdf,2019-2020-ceose-biennial-report-508_1.pdf,nsf.gov,,,—,error,2026-03-16T17:03:42.745202+00:00,,,,,,,,,,,,,,,,,,,,,,,,,,,,Stale manifest entry: file not found after 2+ days (crawled_at: 2026-03-16T17:03:42.745202+00:00). The file was probably downloaded in a previous run whose crawled_files directory is no longer available.
https://nsf-gov-resources.nsf.gov/2023-04/2023.04.18-Panchanathan.pdf?VersionId=bqXPI_W_7KKX_BA719VbZqMsQJudWoqZ,2023.04.18-Panchanathan.pdf,nsf.gov,,,—,error,2026-03-16T17:03:42.746684+00:00,,,,,,,,,,,,,,,,,,,,,,,,,,,,Stale manifest entry: file not found after 2+ days (crawled_at: 2026-03-16T17:03:42.746684+00:00). The file was probably downloaded in a previous run whose crawled_files directory is no longer available.
https://nsf-gov-resources.nsf.gov/2023-04/2023.04.19-Panchanathan.pdf?VersionId=tJDqtAg7mbtbVNSIM1H8RHM4hRFEH7Sc,2023.04.19-Panchanathan.pdf,nsf.gov,,,—,error,2026-03-16T17:03:42.748145+00:00,,,,,,,,,,,,,,,,,,,,,,,,,,,,Stale manifest entry: file not found after 2+ days (crawled_at: 2026-03-16T17:03:42.748145+00:00). The file was probably downloaded in a previous run whose crawled_files directory is no longer available.
https://nsf-gov-resources.nsf.gov/2023-04/2023.04.26-Panchanathan.pdf?VersionId=eBnztrtMSd9TTsdAR2tNR6kiJpL2GE1j,2023.04.26-Panchanathan.pdf,nsf.gov,,,—,error,2026-03-16T17:03:42.749609+00:00,,,,,,,,,,,,,,,,,,,,,,,,,,,,Stale manifest entry: file not found after 2+ days (crawled_at: 2026-03-16T17:03:42.749609+00:00). The file was probably downloaded in a previous run whose crawled_files directory is no longer available.
https://nsf-gov-resources.nsf.gov/files/2024-indicators-rollout-slides.pdf,2024-indicators-rollout-slides.pdf,nsf.gov,,,—,error,2026-03-16T17:03:42.761933+00:00,,,,,,,,,,,,,,,,,,,,,,,,,,,,Stale manifest entry: file not found after 2+ days (crawled_at: 2026-03-16T17:03:42.761933+00:00). The file was probably downloaded in a previous run whose crawled_files directory is no longer available.
https://nsf-gov-resources.nsf.gov/files/ACMS_Critical_Dates_Webinar_Aug_2025.pdf,ACMS_Critical_Dates_Webinar_Aug_2025.pdf,nsf.gov,,,—,error,2026-03-16T17:03:42.766615+00:00,,,,,,,,,,,,,,,,,,,,,,,,,,,,Stale manifest entry: file not found after 2+ days (crawled_at: 2026-03-16T17:03:42.766615+00:00). The file was probably downloaded in a previous run whose crawled_files directory is no longer available.
https://nsf-gov-resources.nsf.gov/attachments/306457/public/ACSSPresentation.pdf?VersionId=0r6CL.tAIf0jUYZbSLC87JfiMMQhn0ml,ACSSPresentation.pdf,nsf.gov,,,—,error,2026-03-16T17:03:42.770617+00:00,,,,,,,,,,,,,,,,,,,,,,,,,,,,Stale manifest entry: file not found after 2+ days (crawled_at: 2026-03-16T17:03:42.770617+00:00). The file was probably downloaded in a previous run whose crawled_files directory is no longer available.
https://nsf-gov-resources.nsf.gov/2023-05/AI_Research_Institutes_Map_2023.pdf?VersionId=GtBfiPXUI3e_RePJ6Ub2y5UVfhPdKKct,AI_Research_Institutes_Map_2023.pdf,nsf.gov,,,—,error,2026-03-16T17:03:42.784865+00:00,,,,,,,,,,,,,,,,,,,,,,,,,,,,Stale manifest entry: file not found after 2+ days (crawled_at: 2026-03-16T17:03:42.784865+00:00). The file was probably downloaded in a previous run whose crawled_files directory is no longer available.
https://nsf-gov-resources.nsf.gov/2023-08/CEOSE-Biennial-Report-Handout.pdf?VersionId=P.J_bZbEEjMjHOUIYObeWUGwQtHARkGz,CEOSE-Biennial-Report-Handout.pdf,nsf.gov,,,—,error,2026-03-16T17:03:42.796556+00:00,,,,,,,,,,,,,,,,,,,,,,,,,,,,Stale manifest entry: file not found after 2+ days (crawled_at: 2026-03-16T17:03:42.796556+00:00). The file was probably downloaded in a previous run whose crawled_files directory is no longer available.
https://nsf-gov-resources.nsf.gov/2023-08/CEOSE-Report-2023_1.pdf?VersionId=EpkpUgJGSR0U5WuA6ZpILyALmytjW5Cx,CEOSE-Report-2023_1.pdf,nsf.gov,,,—,error,2026-03-16T17:03:42.813180+00:00,,,,,,,,,,,,,,,,,,,,,,,,,,,,Stale manifest entry: file not found after 2+ days (crawled_at: 2026-03-16T17:03:42.813180+00:00). The file was probably downloaded in a previous run whose crawled_files directory is no longer available.
https://nsf-gov-resources.nsf.gov/files/CEOSE_STEM-Talent_of_Rural_America_Report.pdf?VersionId=Jr.NV_HxMT0eVnFm12wZA5EPZ0DgxAXJ,CEOSE_STEM-Talent_of_Rural_America_Report.pdf,nsf.gov,,,—,error,2026-03-16T17:03:42.827323+00:00,,,,,,,,,,,,,,,,,,,,,,,,,,,,Stale manifest entry: file not found after 2+ days (crawled_at: 2026-03-16T17:03:42.827323+00:00). The file was probably downloaded in a previous run whose crawled_files directory is no longer available.
https://nsf-gov-resources.nsf.gov/files/CreditGatewayFAQs.pdf,CreditGatewayFAQs.pdf,nsf.gov,,,—,error,2026-03-16T17:03:42.831004+00:00,,,,,,,,,,,,,,,,,,,,,,,,,,,,Stale manifest entry: file not found after 2+ days (crawled_at: 2026-03-16T17:03:42.831004+00:00). The file was probably downloaded in a previous run whose crawled_files directory is no longer available.
https://nsf-gov-resources.nsf.gov/files/CreditGatewayOverviewPresentation.pdf,CreditGatewayOverviewPresentation.pdf,nsf.gov,,,—,error,2026-03-16T17:03:42.834447+00:00,,,,,,,,,,,,,,,,,,,,,,,,,,,,Stale manifest entry: file not found after 2+ days (crawled_at: 2026-03-16T17:03:42.834447+00:00). The file was probably downloaded in a previous run whose crawled_files directory is no longer available.
https://nsf-gov-resources.nsf.gov/files/DFM-PABGrantFAQ.pdf,DFM-PABGrantFAQ-0.pdf,nsf.gov,,,—,error,2026-03-16T17:03:42.837569+00:00,,,,,,,,,,,,,,,,,,,,,,,,,,,,Stale manifest entry: file not found after 2+ days (crawled_at: 2026-03-16T17:03:42.837569+00:00). The file was probably downloaded in a previous run whose crawled_files directory is no longer available.
https://nsf-gov-resources.nsf.gov/files/DFM-PABGrantFAQ-r_0.pdf,DFM-PABGrantFAQ-r_0.pdf,nsf.gov,,,—,error,2026-03-16T17:03:42.842358+00:00,,,,,,,,,,,,,,,,,,,,,,,,,,,,Stale manifest entry: file not found after 2+ days (crawled_at: 2026-03-16T17:03:42.842358+00:00). The file was probably downloaded in a previous run whose crawled_files directory is no longer available.
https://nsf-gov-resources.nsf.gov/files/DFM-PABGrantFAQ.pdf?VersionId=zLyGdO2m4vigGuM4vn0GOvih5TY_N3fm,DFM-PABGrantFAQ.pdf,nsf.gov,,,—,error,2026-03-16T17:03:42.845484+00:00,,,,,,,,,,,,,,,,,,,,,,,,,,,,Stale manifest entry: file not found after 2+ days (crawled_at: 2026-03-16T17:03:42.845484+00:00). The file was probably downloaded in a previous run whose crawled_files directory is no longer available.
https://nsf-gov-resources.nsf.gov/files/DFM_PABNonGrantFAQ.pdf?VersionId=vFBJGErNh3pu9cRDue8DelRuOG.a.ACl,DFM_PABNonGrantFAQ.pdf,nsf.gov,,,—,error,2026-03-16T17:03:42.847403+00:00,,,,,,,,,,,,,,,,,,,,,,,,,,,,Stale manifest entry: file not found after 2+ days (crawled_at: 2026-03-16T17:03:42.847403+00:00). The file was probably downloaded in a previous run whose crawled_files directory is no longer available.
https://nsf-gov-resources.nsf.gov/files/DRL_FY26_Funding_%20Opps_Webinar_Sep_4_2025.pdf,DRL_FY26_Funding_%20Opps_Webinar_Sep_4_2025.pdf,nsf.gov,,,—,error,2026-03-16T17:03:42.849276+00:00,,,,,,,,,,,,,,,,,,,,,,,,,,,,Stale manifest entry: file not found after 2+ days (crawled_at: 2026-03-16T17:03:42.849276+00:00). The file was probably downloaded in a previous run whose crawled_files directory is no longer available.
https://nsf-gov-resources.nsf.gov/files/Dr-Jennifer-Mercer-Testimony.pdf,Dr-Jennifer-Mercer-Testimony.pdf,nsf.gov,,,—,error,2026-03-16T17:03:42.852848+00:00,,,,,,,,,,,,,,,,,,,,,,,,,,,,Stale manifest entry: file not found after 2+ days (crawled_at: 2026-03-16T17:03:42.852848+00:00). The file was probably downloaded in a previous run whose crawled_files directory is no longer available.
https://nsf-gov-resources.nsf.gov/files/Dr-Saul-Gonzalez-Testimony.pdf,Dr-Saul-Gonzalez-Testimony.pdf,nsf.gov,,,—,error,2026-03-16T17:03:42.854273+00:00,,,,,,,,,,,,,,,,,,,,,,,,,,,,Stale manifest entry: file not found after 2+ days (crawled_at: 2026-03-16T17:03:42.854273+00:00). The file was probably downloaded in a previous run whose crawled_files directory is no longer available.
https://nsf-gov-resources.nsf.gov/files/FOIA-2025-Q3.pdf,FOIA-2025-Q3.pdf,nsf.gov,,136194,133.0 KB,analysed,2026-03-16T17:03:42.861855+00:00,2025-11-25 19:57:02+00:00,Freedom of Information Act (FOIA) FY2024 Q3 Report,"Christian, Spencer D.",{'Freedom of Information Act (FOIA) FY2024 Q3 Report'},Freedom of Information Act (FOIA) FY2024 Q3 Report,Freedom of Information Act (FOIA) FY2024 Q3 Report,True,False,False,Pass,Pass,Pass,Pass,Pass,Pass,Pass,NotApplicable,NotApplicable,NotApplicable,Pass,Pass,NotApplicable,Pass,False,1,134,2,
https://nsf-gov-resources.nsf.gov/files/FOIA-2025-Q4.pdf,FOIA-2025-Q4.pdf,nsf.gov,,136396,133.2 KB,analysed,2026-03-16T17:03:42.863116+00:00,2025-11-25 19:58:29+00:00,Freedom of Information Act (FOIA) FY2024 Q4 Report,"Christian, Spencer D.",{'Freedom of Information Act (FOIA) FY2024 Q4 Report'},Freedom of Information Act (FOIA) FY2024 Q4 Report,Freedom of Information Act (FOIA) FY2024 Q4 Report,True,False,False,Pass,Pass,Pass,Pass,Pass,Pass,Pass,NotApplicable,NotApplicable,NotApplicable,Pass,Pass,NotApplicable,Pass,False,1,134,2,
https://nsf-gov-resources.nsf.gov/files/FOIA-NSF-2025-Q2.pdf,FOIA-NSF-2025-Q2.pdf,nsf.gov,,137032,133.8 KB,analysed,2026-03-16T17:03:42.864377+00:00,2025-12-10 20:21:48+00:00,Freedom of Information Act (FOIA) FY2024 Q3 Report | NSF - U.S. National Science Foundation - Quarterly-Report-FY25-First-Quarter.pdf,"Christian, Spencer D.",,,,True,False,False,Pass,Pass,Pass,Pass,Pass,Pass,Pass,NotApplicable,NotApplicable,NotApplicable,Pass,Pass,NotApplicable,Pass,False,1,134,2,
https://nsf-gov-resources.nsf.gov/files/Factsheet_MajorMultiuserFacilities.pdf,Factsheet_MajorMultiuserFacilities.pdf,nsf.gov,,,—,error,2026-03-16T17:03:42.876072+00:00,,,,,,,,,,,,,,,,,,,,,,,,,,,,Stale manifest entry: file not found after 2+ days (crawled_at: 2026-03-16T17:03:42.876072+00:00). The file was probably downloaded in a previous run whose crawled_files directory is no longer available.
https://nsf-gov-resources.nsf.gov/files/Factsheet_NSFAtAGlance.pdf,Factsheet_NSFAtAGlance.pdf,nsf.gov,,,—,error,2026-03-16T17:03:42.880292+00:00,,,,,,,,,,,,,,,,,,,,,,,,,,,,Stale manifest entry: file not found after 2+ days (crawled_at: 2026-03-16T17:03:42.880292+00:00). The file was probably downloaded in a previous run whose crawled_files directory is no longer available.
https://nsf-gov-resources.nsf.gov/2022-08/Future-of-NSF-EPSCoR-Report-Handout-508.pdf,Future-of-NSF-EPSCoR-Report-Handout-508.pdf,nsf.gov,,,—,error,2026-03-16T17:03:42.889380+00:00,,,,,,,,,,,,,,,,,,,,,,,,,,,,Stale manifest entry: file not found after 2+ days (crawled_at: 2026-03-16T17:03:42.889380+00:00). The file was probably downloaded in a previous run whose crawled_files directory is no longer available.
https://nsf-gov-resources.nsf.gov/files/HSST%20NSF%20Research%20Security.pdf?VersionId=24Tt_EGAGCWnTKBS4M3B5WAP4dn4fgpM,HSST%20NSF%20Research%20Security.pdf,nsf.gov,,,—,error,2026-03-16T17:03:42.891424+00:00,,,,,,,,,,,,,,,,,,,,,,,,,,,,Stale manifest entry: file not found after 2+ days (crawled_at: 2026-03-16T17:03:42.891424+00:00). The file was probably downloaded in a previous run whose crawled_files directory is no longer available.
https://nsf-gov-resources.nsf.gov/files/HSST-NSF-AI.pdf?VersionId=gFmwAXBtlyi2h6ZBEEDCOsVodVDheSB2,HSST-NSF-AI.pdf,nsf.gov,,,—,error,2026-03-16T17:03:42.892800+00:00,,,,,,,,,,,,,,,,,,,,,,,,,,,,Stale manifest entry: file not found after 2+ days (crawled_at: 2026-03-16T17:03:42.892800+00:00). The file was probably downloaded in a previous run whose crawled_files directory is no longer available.
https://nsf-gov-resources.nsf.gov/files/House-Oversight-Telework-Hearing-Testimony-NSF.pdf?VersionId=L_RzMRWzqB_SyxHnoSS9iEhQxDwtFZ40,House-Oversight-Telework-Hearing-Testimony-NSF.pdf,nsf.gov,,,—,error,2026-03-16T17:03:42.894623+00:00,,,,,,,,,,,,,,,,,,,,,,,,,,,,Stale manifest entry: file not found after 2+ days (crawled_at: 2026-03-16T17:03:42.894623+00:00). The file was probably downloaded in a previous run whose crawled_files directory is no longer available.
https://nsf-gov-resources.nsf.gov/files/Indicators-ALABAMA.pdf,Indicators-ALABAMA.pdf,nsf.gov,,,—,error,2026-03-16T17:03:42.898009+00:00,,,,,,,,,,,,,,,,,,,,,,,,,,,,Stale manifest entry: file not found after 2+ days (crawled_at: 2026-03-16T17:03:42.898009+00:00). The file was probably downloaded in a previous run whose crawled_files directory is no longer available.
https://nsf-gov-resources.nsf.gov/files/Meeting_Sign_In_508.pdf,Meeting_Sign_In_508.pdf,nsf.gov,,500105,488.4 KB,analysed,2026-03-16T17:03:42.939315+00:00,2025-01-27 13:50:50+00:00,Instructions For Meeting Sign-In,National Science Foundation (NSF),"{'Sign-In', 'Instructions', 'Meeting'}",Instructions; Meeting; Sign-In,Instructions for Meeting Sign-In,True,False,False,Pass,Pass,Pass,Pass,Pass,Pass,Pass,NotApplicable,NotApplicable,Pass,Pass,Pass,Pass,NotApplicable,False,3,485,13,
https://nsf-gov-resources.nsf.gov/attachments/309062/public/NAIRR_Pilot%28508%29.pdf?VersionId=pA7blNbi.CwpTnLg8jM1dgTmw7G9VP0Y,NAIRR_Pilot%28508%29.pdf,nsf.gov,,,—,error,2026-03-16T17:03:42.974452+00:00,,,,,,,,,,,,,,,,,,,,,,,,,,,,Stale manifest entry: file not found after 2+ days (crawled_at: 2026-03-16T17:03:42.974452+00:00). The file was probably downloaded in a previous run whose crawled_files directory is no longer available.
https://nsf-gov-resources.nsf.gov/files/NSF%20FY25%20Written%20Testimony-CLEARED.pdf?VersionId=WVkvVmvimYP8r80b4cfoXtua57DIi6LC,NSF%20FY25%20Written%20Testimony-CLEARED.pdf,nsf.gov,,,—,error,2026-03-16T17:03:42.988801+00:00,,,,,,,,,,,,,,,,,,,,,,,,,,,,Stale manifest entry: file not found after 2+ days (crawled_at: 2026-03-16T17:03:42.988801+00:00). The file was probably downloaded in a previous run whose crawled_files directory is no longer available.
https://nsf-gov-resources.nsf.gov/files/NSF%20FY25%20Written%20Testimony-SenateCJS-CLEARED.pdf?VersionId=IOXy7dVBqD_IE8SIX_JXyRZUvoZZ99TC,NSF%20FY25%20Written%20Testimony-SenateCJS-CLEARED.pdf,nsf.gov,,,—,error,2026-03-16T17:03:42.990164+00:00,,,,,,,,,,,,,,,,,,,,,,,,,,,,Stale manifest entry: file not found after 2+ days (crawled_at: 2026-03-16T17:03:42.990164+00:00). The file was probably downloaded in a previous run whose crawled_files directory is no longer available.
https://nsf-gov-resources.nsf.gov/files/NSF%20HSST%20NWIRP-NEHRP%20testimony-CLEARED.pdf?VersionId=WeGurDj3zPXT_MXAinMIMaJGyt1SWx3X,NSF%20HSST%20NWIRP-NEHRP%20testimony-CLEARED.pdf,nsf.gov,,,—,error,2026-03-16T17:03:42.992212+00:00,,,,,,,,,,,,,,,,,,,,,,,,,,,,Stale manifest entry: file not found after 2+ days (crawled_at: 2026-03-16T17:03:42.992212+00:00). The file was probably downloaded in a previous run whose crawled_files directory is no longer available.
https://nsf-gov-resources.nsf.gov/files/NSF-22-586-CAREER-Program-2025-Webinars.pdf,NSF-22-586-CAREER-Program-2025-Webinars.pdf,nsf.gov,,,—,error,2026-03-16T17:03:42.997045+00:00,,,,,,,,,,,,,,,,,,,,,,,,,,,,Stale manifest entry: file not found after 2+ days (crawled_at: 2026-03-16T17:03:42.997045+00:00). The file was probably downloaded in a previous run whose crawled_files directory is no longer available.
https://nsf-gov-resources.nsf.gov/files/NSF-FOIA-Raw-Data-FY2021-r.pdf?VersionId=L_SFeppi9o1YWWbSqhLhnbYVC5T8RBLi,NSF-FOIA-Raw-Data-FY2021-r.pdf,nsf.gov,,547628,534.8 KB,analysed,2026-03-16T17:03:42.999067+00:00,2025-02-04 17:58:21+00:00,NSF FOIA RAW DATA FY 2021,"Evans, Sandra","{'FOIA', 'Freedome of Information Act'}",FOIA; Freedome of Information Act,Freedom of Information Act,False,False,False,Pass,Pass,Pass,Pass,Pass,Pass,Pass,NotApplicable,NotApplicable,Pass,Pass,Warn,NotApplicable,Fail,False,13,5620,1,"headings-none, tables-fail, "
https://nsf-gov-resources.nsf.gov/files/NSF_Chief_FOIA_Officers_Report_2026.pdf,NSF_Chief_FOIA_Officers_Report_2026.pdf,nsf.gov,,247295,241.5 KB,analysed,2026-03-16T17:03:43.036711+00:00,2026-02-13 20:56:59+00:00,The National Science Foundation 2026 Chief FOIA Officer Report,"Westmoreland, Megan A.",,,,True,False,False,Pass,Pass,Pass,Pass,Pass,Pass,Pass,NotApplicable,NotApplicable,Pass,Pass,Pass,Pass,NotApplicable,False,13,4366,0,
https://nsf-gov-resources.nsf.gov/files/NSF_New%20Proposer_Proposal%20Submission%20Supplementary%20Guidance_NOTOC_20240320.pdf?VersionId=7wooBeOw5ndl1hvLve5Yq2k9WqkvU08N,NSF_New%20Proposer_Proposal%20Submission%20Supplementary%20Guidance_NOTOC_20240320.pdf,nsf.gov,,,—,error,2026-03-16T17:03:43.041898+00:00,,,,,,,,,,,,,,,,,,,,,,,,,,,,Stale manifest entry: file not found after 2+ days (crawled_at: 2026-03-16T17:03:43.041898+00:00). The file was probably downloaded in a previous run whose crawled_files directory is no longer available.
https://nsf-gov-resources.nsf.gov/files/PES_Quickstart_Guide_External.pdf,PES_Quickstart_Guide_External.pdf,nsf.gov,,2566788,2.4 MB,analysed,2026-07-31T18:57:06.682128+00:00,2026-04-29 21:03:05+00:00,Research.gov Proposal Submission System,"Iqab, Rahma (Contractor)",Research.gov Proposal Submission System,Research.gov Proposal Submission System,Research.gov Proposal Submission System,False,False,False,Pass,Pass,Pass,Pass,Pass,Pass,Pass,NotApplicable,NotApplicable,Pass,Fail,Warn,Pass,NotApplicable,False,10,3104,44,"figures missing alt text (count=1), headings-none, "
https://nsf-gov-resources.nsf.gov/files/PIA-eJacket.pdf?VersionId=Cokz.QEQDI7GcPZRGdK44LSqJtxhcdGU,PIA-eJacket.pdf,nsf.gov,,,—,error,2026-03-16T17:03:43.065262+00:00,,,,,,,,,,,,,,,,,,,,,,,,,,,,Stale manifest entry: file not found after 2+ days (crawled_at: 2026-03-16T17:03:43.065262+00:00). The file was probably downloaded in a previous run whose crawled_files directory is no longer available.
https://nsf-gov-resources.nsf.gov/files/PIA_FastLane.pdf?VersionId=idqcoI0D2PvIuTmdpDKq5hXrmoGCfULc,PIA_FastLane.pdf,nsf.gov,,,—,error,2026-03-16T17:03:43.067150+00:00,,,,,,,,,,,,,,,,,,,,,,,,,,,,Stale manifest entry: file not found after 2+ days (crawled_at: 2026-03-16T17:03:43.067150+00:00). The file was probably downloaded in a previous run whose crawled_files directory is no longer available.
https://nsf-gov-resources.nsf.gov/files/Quarterly%20Report%20FY24%20Q4.pdf?VersionId=Sa9Hz17ol7QzxhVl109_IeyIv9RKKq.x,Quarterly%20Report%20FY24%20Q4.pdf,nsf.gov,,,—,error,2026-03-16T17:03:43.068640+00:00,,,,,,,,,,,,,,,,,,,,,,,,,,,,Stale manifest entry: file not found after 2+ days (crawled_at: 2026-03-16T17:03:43.068640+00:00). The file was probably downloaded in a previous run whose crawled_files directory is no longer available.
https://nsf-gov-resources.nsf.gov/files/Quarterly-Report-FY25-First-Quarter.pdf?VersionId=ukejAgJ8ilF0eydtSBsnc9cccsnlNRi0,Quarterly-Report-FY25-First-Quarter.pdf,nsf.gov,,,—,error,2026-03-16T17:03:43.070061+00:00,,,,,,,,,,,,,,,,,,,,,,,,,,,,Stale manifest entry: file not found after 2+ days (crawled_at: 2026-03-16T17:03:43.070061+00:00). The file was probably downloaded in a previous run whose crawled_files directory is no longer available.
https://nsf-gov-resources.nsf.gov/2022-10/RoS%20Map%20Builder%20Guide%20%202022_508c.pdf?VersionId=BsjCVcSdsXa7fteM1u2CRQ.tdKj7qO7n,RoS%20Map%20Builder%20Guide%20%202022_508c.pdf,nsf.gov,,,—,error,2026-03-16T17:03:43.081515+00:00,,,,,,,,,,,,,,,,,,,,,,,,,,,,Stale manifest entry: file not found after 2+ days (crawled_at: 2026-03-16T17:03:43.081515+00:00). The file was probably downloaded in a previous run whose crawled_files directory is no longer available.
https://nsf-gov-resources.nsf.gov/attachments/306457/public/RoughTranscript-ACSS.pdf?VersionId=cAc7585UCNsumrRGONDlYqvhClYFpWiB,RoughTranscript-ACSS.pdf,nsf.gov,,,—,error,2026-03-16T17:03:43.082886+00:00,,,,,,,,,,,,,,,,,,,,,,,,,,,,Stale manifest entry: file not found after 2+ days (crawled_at: 2026-03-16T17:03:43.082886+00:00). The file was probably downloaded in a previous run whose crawled_files directory is no longer available.
https://nsf-gov-resources.nsf.gov/files/Test_Your_Connection.pdf,Test_Your_Connection.pdf,nsf.gov,,147157,143.7 KB,analysed,2026-03-16T17:03:43.158187+00:00,2019-04-25 12:55:08+00:00,Instructions For How To Test Your Internet Connection,{'NSF'},"{'Internet Connection', 'testing'}",Internet Connection; testing,Instructions for How to Test Your Internet Connection,True,False,False,Pass,Pass,Pass,Pass,Pass,Pass,Pass,NotApplicable,NotApplicable,Pass,Pass,Pass,NotApplicable,NotApplicable,False,2,379,2,
https://nsf-gov-resources.nsf.gov/files/Travel_and_Reimbursement_508.pdf,Travel_and_Reimbursement_508.pdf,nsf.gov,,1178295,1.1 MB,analysed,2026-03-16T17:03:43.161101+00:00,2025-12-23 19:59:42+00:00,Travel and Reimbursement System,National Science Foundation (NSF),{'Travel; Reimbursement; System'},"""Travel; Reimbursement; System""",Travel and Reimbursement System | Documentation Guide,True,False,False,Pass,Pass,Pass,Pass,Pass,Pass,Pass,NotApplicable,NotApplicable,Pass,Pass,Pass,Pass,NotApplicable,False,4,818,37,
https://nsf-gov-resources.nsf.gov/files/Webinar_FAQ.pdf,Webinar_FAQ.pdf,nsf.gov,,,—,error,2026-03-16T17:03:43.167306+00:00,,,,,,,,,,,,,,,,,,,,,,,,,,,,Stale manifest entry: file not found after 2+ days (crawled_at: 2026-03-16T17:03:43.167306+00:00). The file was probably downloaded in a previous run whose crawled_files directory is no longer available.
https://nsf-gov-resources.nsf.gov/files/Which_Platform_Is_My_Meeting_On.pdf,Which_Platform_Is_My_Meeting_On.pdf,nsf.gov,,227933,222.6 KB,analysed,2026-03-16T17:03:43.168760+00:00,2024-08-06 15:37:00+00:00,How to Determine Your Video Conferencing Platform,"Otts, Katherine; PDF prepared by LH in OLPA","{'NSF video conferencing', 'how to'}","NSF video conferencing, how to",How to Determine Your Video Conferencing Platform,True,False,False,Pass,Pass,Pass,Pass,Pass,Pass,Pass,NotApplicable,NotApplicable,NotApplicable,Pass,Pass,NotApplicable,NotApplicable,False,2,237,21,
https://nsf-gov-resources.nsf.gov/files/dr-rebecca-keiser-testimony.pdf,dr-rebecca-keiser-testimony.pdf,nsf.gov,,,—,error,2026-03-16T17:03:43.238788+00:00,,,,,,,,,,,,,,,,,,,,,,,,,,,,Stale manifest entry: file not found after 2+ days (crawled_at: 2026-03-16T17:03:43.238788+00:00). The file was probably downloaded in a previous run whose crawled_files directory is no longer available.
https://nsf-gov-resources.nsf.gov/files/foia-log-2009.pdf?VersionId=hA3_.8iId4NhmEPfOWWZpDbuZBEgjvmf,foia-log-2009.pdf,nsf.gov,,,—,error,2026-03-16T17:03:43.240589+00:00,,,,,,,,,,,,,,,,,,,,,,,,,,,,Stale manifest entry: file not found after 2+ days (crawled_at: 2026-03-16T17:03:43.240589+00:00). The file was probably downloaded in a previous run whose crawled_files directory is no longer available.
https://nsf-gov-resources.nsf.gov/files/foia-log-2010.pdf?VersionId=uEuG1B33r0OayT29KCqyzFmKbvxGQpO5,foia-log-2010.pdf,nsf.gov,,,—,error,2026-03-16T17:03:43.242123+00:00,,,,,,,,,,,,,,,,,,,,,,,,,,,,Stale manifest entry: file not found after 2+ days (crawled_at: 2026-03-16T17:03:43.242123+00:00). The file was probably downloaded in a previous run whose crawled_files directory is no longer available.
https://nsf-gov-resources.nsf.gov/files/foia-log-2011.pdf?VersionId=D4I7_kBXWlAeJ39MZQLOz_nynQJFb0Ap,foia-log-2011.pdf,nsf.gov,,,—,error,2026-03-16T17:03:43.244608+00:00,,,,,,,,,,,,,,,,,,,,,,,,,,,,Stale manifest entry: file not found after 2+ days (crawled_at: 2026-03-16T17:03:43.244608+00:00). The file was probably downloaded in a previous run whose crawled_files directory is no longer available.
https://nsf-gov-resources.nsf.gov/files/foia-log-2012.pdf?VersionId=nAjYDYikxuW_J52AY714iMtU9N_zU4Jh,foia-log-2012.pdf,nsf.gov,,,—,error,2026-03-16T17:03:43.247034+00:00,,,,,,,,,,,,,,,,,,,,,,,,,,,,Stale manifest entry: file not found after 2+ days (crawled_at: 2026-03-16T17:03:43.247034+00:00). The file was probably downloaded in a previous run whose crawled_files directory is no longer available.
https://nsf-gov-resources.nsf.gov/files/foia-log-2013.pdf?VersionId=82e0dP831Bdb7Hqy_95_wZN3PHeo5Dk5,foia-log-2013.pdf,nsf.gov,,,—,error,2026-03-16T17:03:43.249320+00:00,,,,,,,,,,,,,,,,,,,,,,,,,,,,Stale manifest entry: file not found after 2+ days (crawled_at: 2026-03-16T17:03:43.249320+00:00). The file was probably downloaded in a previous run whose crawled_files directory is no longer available.
https://nsf-gov-resources.nsf.gov/files/foia-log-2014.pdf?VersionId=_INPOLoHq1zU2jnpzldkGIQtstJP9o.u,foia-log-2014.pdf,nsf.gov,,,—,error,2026-03-16T17:03:43.251673+00:00,,,,,,,,,,,,,,,,,,,,,,,,,,,,Stale manifest entry: file not found after 2+ days (crawled_at: 2026-03-16T17:03:43.251673+00:00). The file was probably downloaded in a previous run whose crawled_files directory is no longer available.
https://nsf-gov-resources.nsf.gov/files/foia-log-2015.pdf?VersionId=K8ALMpdOOPcBVT4r2uLY4tRxOVZkHMHL,foia-log-2015.pdf,nsf.gov,,,—,error,2026-03-16T17:03:43.253829+00:00,,,,,,,,,,,,,,,,,,,,,,,,,,,,Stale manifest entry: file not found after 2+ days (crawled_at: 2026-03-16T17:03:43.253829+00:00). The file was probably downloaded in a previous run whose crawled_files directory is no longer available.
https://nsf-gov-resources.nsf.gov/files/foia-log-2016.pdf?VersionId=kx.1yIleG0euNLXT5zL8KAiV.BsagLjh,foia-log-2016.pdf,nsf.gov,,,—,error,2026-03-16T17:03:43.256424+00:00,,,,,,,,,,,,,,,,,,,,,,,,,,,,Stale manifest entry: file not found after 2+ days (crawled_at: 2026-03-16T17:03:43.256424+00:00). The file was probably downloaded in a previous run whose crawled_files directory is no longer available.
https://nsf-gov-resources.nsf.gov/files/foia-log-2017.pdf?VersionId=wriIniXRE9KR2gQWJATwkKB_QXFOCIhB,foia-log-2017.pdf,nsf.gov,,,—,error,2026-03-16T17:03:43.257897+00:00,,,,,,,,,,,,,,,,,,,,,,,,,,,,Stale manifest entry: file not found after 2+ days (crawled_at: 2026-03-16T17:03:43.257897+00:00). The file was probably downloaded in a previous run whose crawled_files directory is no longer available.
https://nsf-gov-resources.nsf.gov/files/foia-log-2018_0.pdf?VersionId=xVUCJAxSxVyklmZAX82Xv7PwjWY6CvOi,foia-log-2018_0.pdf,nsf.gov,,,—,error,2026-03-16T17:03:43.259360+00:00,,,,,,,,,,,,,,,,,,,,,,,,,,,,Stale manifest entry: file not found after 2+ days (crawled_at: 2026-03-16T17:03:43.259360+00:00). The file was probably downloaded in a previous run whose crawled_files directory is no longer available.
https://nsf-gov-resources.nsf.gov/files/foia-log-2019-r_0.pdf?VersionId=wZtMKRHXNdYAX15QlbhHU6a4GcsyYYq.,foia-log-2019-r_0.pdf,nsf.gov,,,—,error,2026-03-16T17:03:43.260963+00:00,,,,,,,,,,,,,,,,,,,,,,,,,,,,Stale manifest entry: file not found after 2+ days (crawled_at: 2026-03-16T17:03:43.260963+00:00). The file was probably downloaded in a previous run whose crawled_files directory is no longer available.
https://nsf-gov-resources.nsf.gov/2023-11/hon-panchanathan-10-2023.pdf?VersionId=ptY9eFD4CMGWZktorTwJfGYweiqXf3S7,hon-panchanathan-10-2023.pdf,nsf.gov,,,—,error,2026-03-16T17:03:43.262860+00:00,,,,,,,,,,,,,,,,,,,,,,,,,,,,Stale manifest entry: file not found after 2+ days (crawled_at: 2026-03-16T17:03:43.262860+00:00). The file was probably downloaded in a previous run whose crawled_files directory is no longer available.
https://nsf-gov-resources.nsf.gov/files/jan2024-r.pdf?VersionId=LNjd7itUwfpwC4dhi2aimgvn6rQFrRNX,jan2024-r.pdf,nsf.gov,,,—,error,2026-03-16T17:03:43.265435+00:00,,,,,,,,,,,,,,,,,,,,,,,,,,,,Stale manifest entry: file not found after 2+ days (crawled_at: 2026-03-16T17:03:43.265435+00:00). The file was probably downloaded in a previous run whose crawled_files directory is no longer available.
https://ncses.nsf.gov/pubs/nsb20224/assets/innovation-indicators-introducing-new-products-and-processes/sidebars/nsb20224-sidebar-rapid-innovation-and-the-development-of-the-covid-19-vaccine.pdf,nsb20224-sidebar-rapid-innovation-and-the-development-of-the-covid-19-vaccine.pdf,nsf.gov,,,—,error,2026-03-16T17:03:43.372515+00:00,,,,,,,,,,,,,,,,,,,,,,,,,,,,Stale manifest entry: file not found after 2+ days (crawled_at: 2026-03-16T17:03:43.372515+00:00). The file was probably downloaded in a previous run whose crawled_files directory is no longer available.
https://nsf-gov-resources.nsf.gov/pubs/policydocs/papp/nsf07140.pdf?VersionId=ddwKcmnqUWXj.xTOWwWVhYAna7VVzY9N,nsf07140.pdf,nsf.gov,,,—,error,2026-03-16T17:03:43.392362+00:00,,,,,,,,,,,,,,,,,,,,,,,,,,,,Stale manifest entry: file not found after 2+ days (crawled_at: 2026-03-16T17:03:43.392362+00:00). The file was probably downloaded in a previous run whose crawled_files directory is no longer available.
https://nsf-gov-resources.nsf.gov/pubs/policydocs/pappguide/nsf08_1/nsf081.pdf?VersionId=KpYZICO14gLu8207Dsfx3rAKOGerp6tw,nsf081.pdf,nsf.gov,,,—,error,2026-03-16T17:03:43.428062+00:00,,,,,,,,,,,,,,,,,,,,,,,,,,,,Stale manifest entry: file not found after 2+ days (crawled_at: 2026-03-16T17:03:43.428062+00:00). The file was probably downloaded in a previous run whose crawled_files directory is no longer available.
https://nsf-gov-resources.nsf.gov/pubs/policydocs/pappguide/nsf09_1/nsf091.pdf?VersionId=l5OyUfQYeXb_UpwL_va78ji.SC23TgCt,nsf091.pdf,nsf.gov,,,—,error,2026-03-16T17:03:43.431865+00:00,,,,,,,,,,,,,,,,,,,,,,,,,,,,Stale manifest entry: file not found after 2+ days (crawled_at: 2026-03-16T17:03:43.431865+00:00). The file was probably downloaded in a previous run whose crawled_files directory is no longer available.
https://nsf-gov-resources.nsf.gov/pubs/policydocs/pappguide/nsf09_29/nsf0929.pdf?VersionId=VysUbJgDJkRvVQT4qCs..VwsYvhpEMkS,nsf0929.pdf,nsf.gov,,,—,error,2026-03-16T17:03:43.435620+00:00,,,,,,,,,,,,,,,,,,,,,,,,,,,,Stale manifest entry: file not found after 2+ days (crawled_at: 2026-03-16T17:03:43.435620+00:00). The file was probably downloaded in a previous run whose crawled_files directory is no longer available.
https://nsf-gov-resources.nsf.gov/pubs/policydocs/pappguide/nsf10_1/nsf10_1.pdf?VersionId=kMgdWYCNV1wR2BUXyoOzaARuUsUhSCvY,nsf10_1.pdf,nsf.gov,,,—,error,2026-03-16T17:03:43.439801+00:00,,,,,,,,,,,,,,,,,,,,,,,,,,,,Stale manifest entry: file not found after 2+ days (crawled_at: 2026-03-16T17:03:43.439801+00:00). The file was probably downloaded in a previous run whose crawled_files directory is no longer available.
https://nsf-gov-resources.nsf.gov/pubs/policydocs/pappguide/nsf11001/nsf11_1.pdf?VersionId=0S0Wm2wBeTXyfubDcxCxEn6XYZP3NoH2,nsf11_1.pdf,nsf.gov,,,—,error,2026-03-16T17:03:43.444504+00:00,,,,,,,,,,,,,,,,,,,,,,,,,,,,Stale manifest entry: file not found after 2+ days (crawled_at: 2026-03-16T17:03:43.444504+00:00). The file was probably downloaded in a previous run whose crawled_files directory is no longer available.
https://nsf-gov-resources.nsf.gov/pubs/policydocs/pappguide/nsf13001/nsf13_1.pdf?VersionId=UWidLylx60P7JmIowjh_9Buf3pMXPcb2,nsf13_1.pdf,nsf.gov,,,—,error,2026-03-16T17:03:43.464337+00:00,,,,,,,,,,,,,,,,,,,,,,,,,,,,Stale manifest entry: file not found after 2+ days (crawled_at: 2026-03-16T17:03:43.464337+00:00). The file was probably downloaded in a previous run whose crawled_files directory is no longer available.
https://nsf-gov-resources.nsf.gov/pubs/policydocs/pappguide/nsf14001/nsf14_1.pdf?VersionId=xGW1hkzcZPDzMOPdDJ0z21I_MjEkhOul,nsf14_1.pdf,nsf.gov,,,—,error,2026-03-16T17:03:43.488999+00:00,,,,,,,,,,,,,,,,,,,,,,,,,,,,Stale manifest entry: file not found after 2+ days (crawled_at: 2026-03-16T17:03:43.488999+00:00). The file was probably downloaded in a previous run whose crawled_files directory is no longer available.
https://nsf-gov-resources.nsf.gov/pubs/policydocs/pappguide/nsf15001/nsf15_1.pdf?VersionId=SzEYaiqKsqoPmLnHYzXgdf5ydyhZc5Fa,nsf15_1.pdf,nsf.gov,,,—,error,2026-03-16T17:03:43.508291+00:00,,,,,,,,,,,,,,,,,,,,,,,,,,,,Stale manifest entry: file not found after 2+ days (crawled_at: 2026-03-16T17:03:43.508291+00:00). The file was probably downloaded in a previous run whose crawled_files directory is no longer available.
https://nsf-gov-resources.nsf.gov/solicitations/pubs/2017/nsf17559/nsf17559.pdf?VersionId=cvhpwVa3.OxCtOLELdnbsF6WVN2TsmSZ,nsf17559.pdf,nsf.gov,,,—,error,2026-03-16T17:03:43.523710+00:00,,,,,,,,,,,,,,,,,,,,,,,,,,,,Stale manifest entry: file not found after 2+ days (crawled_at: 2026-03-16T17:03:43.523710+00:00). The file was probably downloaded in a previous run whose crawled_files directory is no longer available.
https://nsf-gov-resources.nsf.gov/solicitations/pubs/2017/nsf17575/nsf17575.pdf?VersionId=Nzh2A_XsmVe_uP5YauAVFLKdtKlWYP.3,nsf17575.pdf,nsf.gov,,,—,error,2026-03-16T17:03:43.525998+00:00,,,,,,,,,,,,,,,,,,,,,,,,,,,,Stale manifest entry: file not found after 2+ days (crawled_at: 2026-03-16T17:03:43.525998+00:00). The file was probably downloaded in a previous run whose crawled_files directory is no longer available.
https://nsf-gov-resources.nsf.gov/solicitations/pubs/2018/nsf18515/nsf18515.pdf?VersionId=_2kjnKU7N0ELoZAcoxRpvl0zFbKUVNEC,nsf18515.pdf,nsf.gov,,,—,error,2026-03-16T17:03:43.538787+00:00,,,,,,,,,,,,,,,,,,,,,,,,,,,,Stale manifest entry: file not found after 2+ days (crawled_at: 2026-03-16T17:03:43.538787+00:00). The file was probably downloaded in a previous run whose crawled_files directory is no longer available.
https://nsf-gov-resources.nsf.gov/files/nsf2021q4.pdf?VersionId=e6eY88BQ_AK2u8LcyhVBn8TqDl_FpLJ5,nsf2021q4.pdf,nsf.gov,,,—,error,2026-03-16T17:03:43.553806+00:00,,,,,,,,,,,,,,,,,,,,,,,,,,,,Stale manifest entry: file not found after 2+ days (crawled_at: 2026-03-16T17:03:43.553806+00:00). The file was probably downloaded in a previous run whose crawled_files directory is no longer available.
https://nsf-gov-resources.nsf.gov/files/nsf2022q1.pdf?VersionId=JqLkrY5pKlm9HYA7dWwfAYRUR6i6J_dn,nsf2022q1.pdf,nsf.gov,,,—,error,2026-03-16T17:03:43.555359+00:00,,,,,,,,,,,,,,,,,,,,,,,,,,,,Stale manifest entry: file not found after 2+ days (crawled_at: 2026-03-16T17:03:43.555359+00:00). The file was probably downloaded in a previous run whose crawled_files directory is no longer available.
https://nsf-gov-resources.nsf.gov/files/nsf2022q2.pdf?VersionId=emoBBT5SrcCeJzyZzSvnk7BYKUKVkux.,nsf2022q2.pdf,nsf.gov,,,—,error,2026-03-16T17:03:43.556693+00:00,,,,,,,,,,,,,,,,,,,,,,,,,,,,Stale manifest entry: file not found after 2+ days (crawled_at: 2026-03-16T17:03:43.556693+00:00). The file was probably downloaded in a previous run whose crawled_files directory is no longer available.
https://nsf-gov-resources.nsf.gov/files/nsf2022q3.pdf?VersionId=n72uV4DS1jC_lanMKeaSidKDs8vII7BC,nsf2022q3.pdf,nsf.gov,,,—,error,2026-03-16T17:03:43.558006+00:00,,,,,,,,,,,,,,,,,,,,,,,,,,,,Stale manifest entry: file not found after 2+ days (crawled_at: 2026-03-16T17:03:43.558006+00:00). The file was probably downloaded in a previous run whose crawled_files directory is no longer available.
https://nsf-gov-resources.nsf.gov/files/nsf2022q4.pdf?VersionId=FG67UFGyIBitfk.YJII7rZtJJ50T3XfR,nsf2022q4.pdf,nsf.gov,,,—,error,2026-03-16T17:03:43.559312+00:00,,,,,,,,,,,,,,,,,,,,,,,,,,,,Stale manifest entry: file not found after 2+ days (crawled_at: 2026-03-16T17:03:43.559312+00:00). The file was probably downloaded in a previous run whose crawled_files directory is no longer available.
https://nsf-gov-resources.nsf.gov/files/nsf2023q1.pdf?VersionId=4oef3paE0uld94F6vts42stgZRC_xDCK,nsf2023q1.pdf,nsf.gov,,,—,error,2026-03-16T17:03:43.560620+00:00,,,,,,,,,,,,,,,,,,,,,,,,,,,,Stale manifest entry: file not found after 2+ days (crawled_at: 2026-03-16T17:03:43.560620+00:00). The file was probably downloaded in a previous run whose crawled_files directory is no longer available.
https://nsf-gov-resources.nsf.gov/files/nsf2023q2.pdf?VersionId=0paDz06gbnWxpobcwGUjHSgO3kjlCnct,nsf2023q2.pdf,nsf.gov,,,—,error,2026-03-16T17:03:43.562022+00:00,,,,,,,,,,,,,,,,,,,,,,,,,,,,Stale manifest entry: file not found after 2+ days (crawled_at: 2026-03-16T17:03:43.562022+00:00). The file was probably downloaded in a previous run whose crawled_files directory is no longer available.
https://nsf-gov-resources.nsf.gov/files/nsf2023q3.pdf?VersionId=0fFtyLAzP.7AO1eeUjOQqHHzy69erDHn,nsf2023q3.pdf,nsf.gov,,,—,error,2026-03-16T17:03:43.563409+00:00,,,,,,,,,,,,,,,,,,,,,,,,,,,,Stale manifest entry: file not found after 2+ days (crawled_at: 2026-03-16T17:03:43.563409+00:00). The file was probably downloaded in a previous run whose crawled_files directory is no longer available.
https://nsf-gov-resources.nsf.gov/files/nsf2023q4.pdf?VersionId=LWkpdfcnIm3abWnds.R_oqvL17r0iMOn,nsf2023q4.pdf,nsf.gov,,,—,error,2026-03-16T17:03:43.564903+00:00,,,,,,,,,,,,,,,,,,,,,,,,,,,,Stale manifest entry: file not found after 2+ days (crawled_at: 2026-03-16T17:03:43.564903+00:00). The file was probably downloaded in a previous run whose crawled_files directory is no longer available.
https://nsf-gov-resources.nsf.gov/files/nsf2024q1.pdf?VersionId=hTpMdeZZJmdbg.Z_J9i4ZLzrN4.WaMuv,nsf2024q1.pdf,nsf.gov,,,—,error,2026-03-16T17:03:43.566268+00:00,,,,,,,,,,,,,,,,,,,,,,,,,,,,Stale manifest entry: file not found after 2+ days (crawled_at: 2026-03-16T17:03:43.566268+00:00). The file was probably downloaded in a previous run whose crawled_files directory is no longer available.
https://nsf-gov-resources.nsf.gov/files/nsf2024q2.pdf?VersionId=nmP7.IANIPXwGDVLDsCGyal5nKCZSKsx,nsf2024q2.pdf,nsf.gov,,,—,error,2026-03-16T17:03:43.567644+00:00,,,,,,,,,,,,,,,,,,,,,,,,,,,,Stale manifest entry: file not found after 2+ days (crawled_at: 2026-03-16T17:03:43.567644+00:00). The file was probably downloaded in a previous run whose crawled_files directory is no longer available.
https://nsf-gov-resources.nsf.gov/files/nsf2024q3.pdf?VersionId=qwR0AbfMaKcByoy5XqxrGmnoBKxDY1xQ,nsf2024q3.pdf,nsf.gov,,,—,error,2026-03-16T17:03:43.569084+00:00,,,,,,,,,,,,,,,,,,,,,,,,,,,,Stale manifest entry: file not found after 2+ days (crawled_at: 2026-03-16T17:03:43.569084+00:00). The file was probably downloaded in a previous run whose crawled_files directory is no longer available.
https://nsf-gov-resources.nsf.gov/solicitations/pubs/2020/nsf20525/nsf20525.pdf?VersionId=xGIqh88RdKOoTq5B_FNyVm..0Xp_djX3,nsf20525.pdf,nsf.gov,,,—,error,2026-03-16T17:03:43.571471+00:00,,,,,,,,,,,,,,,,,,,,,,,,,,,,Stale manifest entry: file not found after 2+ days (crawled_at: 2026-03-16T17:03:43.571471+00:00). The file was probably downloaded in a previous run whose crawled_files directory is no longer available.
https://nsf-gov-resources.nsf.gov/solicitations/pubs/2020/nsf20555/nsf20555.pdf?VersionId=hEjNGx3maciQ2U6z8TxJn3xVue5gilok,nsf20555.pdf,nsf.gov,,,—,error,2026-03-16T17:03:43.573838+00:00,,,,,,,,,,,,,,,,,,,,,,,,,,,,Stale manifest entry: file not found after 2+ days (crawled_at: 2026-03-16T17:03:43.573838+00:00). The file was probably downloaded in a previous run whose crawled_files directory is no longer available.
https://nsf-gov-resources.nsf.gov/solicitations/pubs/2020/nsf20584/nsf20584.pdf?VersionId=6El82E2kwxnKFQcokIOn_obkpBgc0A6_,nsf20584.pdf,nsf.gov,,,—,error,2026-03-16T17:03:43.576276+00:00,,,,,,,,,,,,,,,,,,,,,,,,,,,,Stale manifest entry: file not found after 2+ days (crawled_at: 2026-03-16T17:03:43.576276+00:00). The file was probably downloaded in a previous run whose crawled_files directory is no longer available.
https://nsf-gov-resources.nsf.gov/solicitations/pubs/2021/nsf21616/nsf21616.pdf?VersionId=XShoirvKMLUI60dIExNuURtJiOBGcFMX,nsf21616.pdf,nsf.gov,,,—,error,2026-03-16T17:03:43.584057+00:00,,,,,,,,,,,,,,,,,,,,,,,,,,,,Stale manifest entry: file not found after 2+ days (crawled_at: 2026-03-16T17:03:43.584057+00:00). The file was probably downloaded in a previous run whose crawled_files directory is no longer available.
https://ncses.nsf.gov/pubs/nsf22313/assets/universities-report-growth-in-u-s-citizen-and-permanent-resident-enrollment-along-with-declines-in-enrollment-of-temporary-visa-holders-at-master-s-and-doctoral-levels-due-to-the-covid-19-pandemic/tables/nsf22313-tab003.pdf,nsf22313-tab003.pdf,nsf.gov,,,—,error,2026-03-16T17:03:43.585196+00:00,,,,,,,,,,,,,,,,,,,,,,,,,,,,Stale manifest entry: file not found after 2+ days (crawled_at: 2026-03-16T17:03:43.585196+00:00). The file was probably downloaded in a previous run whose crawled_files directory is no longer available.
https://ncses.nsf.gov/pubs/nsf22313/assets/universities-report-growth-in-u-s-citizen-and-permanent-resident-enrollment-along-with-declines-in-enrollment-of-temporary-visa-holders-at-master-s-and-doctoral-levels-due-to-the-covid-19-pandemic/tables/nsf22313-tab004.pdf,nsf22313-tab004.pdf,nsf.gov,,,—,error,2026-03-16T17:03:43.586347+00:00,,,,,,,,,,,,,,,,,,,,,,,,,,,,Stale manifest entry: file not found after 2+ days (crawled_at: 2026-03-16T17:03:43.586347+00:00). The file was probably downloaded in a previous run whose crawled_files directory is no longer available.
https://ncses.nsf.gov/pubs/nsf22319/assets/technical-tables/tables/nsf22319-taba-018b.pdf,nsf22319-taba-018b.pdf,nsf.gov,,,—,error,2026-03-16T17:03:43.587548+00:00,,,,,,,,,,,,,,,,,,,,,,,,,,,,Stale manifest entry: file not found after 2+ days (crawled_at: 2026-03-16T17:03:43.587548+00:00). The file was probably downloaded in a previous run whose crawled_files directory is no longer available.
https://nsf-gov-resources.nsf.gov/solicitations/pubs/2022/nsf22538/nsf22538.pdf?VersionId=3G3UVRUa4h0Ic5Ggwcu6KKxGZtPmklZ8,nsf22538.pdf,nsf.gov,,,—,error,2026-03-16T17:03:43.590283+00:00,,,,,,,,,,,,,,,,,,,,,,,,,,,,Stale manifest entry: file not found after 2+ days (crawled_at: 2026-03-16T17:03:43.590283+00:00). The file was probably downloaded in a previous run whose crawled_files directory is no longer available.
https://nsf-gov-resources.nsf.gov/pubs/2023/nsf23104/nsf23104.pdf?VersionId=N7D3BO3OgMHfbXGGpuygCL7SEDqbweMB,nsf23104-0.pdf,nsf.gov,,,—,error,2026-03-16T17:03:43.600294+00:00,,,,,,,,,,,,,,,,,,,,,,,,,,,,Stale manifest entry: file not found after 2+ days (crawled_at: 2026-03-16T17:03:43.600294+00:00). The file was probably downloaded in a previous run whose crawled_files directory is no longer available.
https://nsf-gov-resources.nsf.gov/solicitations/pubs/2023/nsf23518/nsf23518.pdf?VersionId=aziW47Xa32JrlPgkZV2lfPwSkUDHzXws,nsf23518.pdf,nsf.gov,,,—,error,2026-03-16T17:03:43.606522+00:00,,,,,,,,,,,,,,,,,,,,,,,,,,,,Stale manifest entry: file not found after 2+ days (crawled_at: 2026-03-16T17:03:43.606522+00:00). The file was probably downloaded in a previous run whose crawled_files directory is no longer available.
https://nsf-gov-resources.nsf.gov/solicitations/pubs/2023/nsf23562/nsf23562.pdf?VersionId=M9qnP7WdCeG4C1gYVZhjRu74GNseMGYg,nsf23562.pdf,nsf.gov,,,—,error,2026-03-16T17:03:43.608839+00:00,,,,,,,,,,,,,,,,,,,,,,,,,,,,Stale manifest entry: file not found after 2+ days (crawled_at: 2026-03-16T17:03:43.608839+00:00). The file was probably downloaded in a previous run whose crawled_files directory is no longer available.
https://nsf-gov-resources.nsf.gov/solicitations/pubs/2024/nsf24521/nsf24521.pdf?VersionId=3jQ_U5HEqGapEZnTBRYmWmgNxizZgR93,nsf24521.pdf,nsf.gov,,,—,error,2026-03-16T17:03:43.616899+00:00,,,,,,,,,,,,,,,,,,,,,,,,,,,,Stale manifest entry: file not found after 2+ days (crawled_at: 2026-03-16T17:03:43.616899+00:00). The file was probably downloaded in a previous run whose crawled_files directory is no longer available.
https://ncses.nsf.gov/pubs/nsf25354/assets/data-tables/tables/nsf25354-tab076.pdf,nsf25354-tab076.pdf,nsf.gov,,,—,error,2026-03-16T17:03:43.629416+00:00,,,,,,,,,,,,,,,,,,,,,,,,,,,,Stale manifest entry: file not found after 2+ days (crawled_at: 2026-03-16T17:03:43.629416+00:00). The file was probably downloaded in a previous run whose crawled_files directory is no longer available.
https://nsf-gov-resources.nsf.gov/files/nsf25534.pdf?VersionId=c1L5gv7nV3f98g02xf8jjZkGspo8oF3_,nsf25534.pdf,nsf.gov,,,—,error,2026-03-16T17:03:43.631910+00:00,,,,,,,,,,,,,,,,,,,,,,,,,,,,Stale manifest entry: file not found after 2+ days (crawled_at: 2026-03-16T17:03:43.631910+00:00). The file was probably downloaded in a previous run whose crawled_files directory is no longer available.
https://ncses.nsf.gov/pubs/nsf26304/assets/data-tables/tables/nsf26304-tab021.pdf,nsf26304-tab021.pdf,nsf.gov,,,—,error,2026-03-16T17:03:43.633586+00:00,,,,,,,,,,,,,,,,,,,,,,,,,,,,Stale manifest entry: file not found after 2+ days (crawled_at: 2026-03-16T17:03:43.633586+00:00). The file was probably downloaded in a previous run whose crawled_files directory is no longer available.
https://ncses.nsf.gov/pubs/nsf26304/assets/data-tables/tables/nsf26304-tab022.pdf,nsf26304-tab022.pdf,nsf.gov,,,—,error,2026-03-16T17:03:43.635436+00:00,,,,,,,,,,,,,,,,,,,,,,,,,,,,Stale manifest entry: file not found after 2+ days (crawled_at: 2026-03-16T17:03:43.635436+00:00). The file was probably downloaded in a previous run whose crawled_files directory is no longer available.
https://ncses.nsf.gov/pubs/nsf26304/assets/data-tables/tables/nsf26304-tab023.pdf,nsf26304-tab023.pdf,nsf.gov,,,—,error,2026-03-16T17:03:43.637535+00:00,,,,,,,,,,,,,,,,,,,,,,,,,,,,Stale manifest entry: file not found after 2+ days (crawled_at: 2026-03-16T17:03:43.637535+00:00). The file was probably downloaded in a previous run whose crawled_files directory is no longer available.
https://ncses.nsf.gov/pubs/nsf26304/assets/data-tables/tables/nsf26304-tab024.pdf,nsf26304-tab024.pdf,nsf.gov,,,—,error,2026-03-16T17:03:43.639371+00:00,,,,,,,,,,,,,,,,,,,,,,,,,,,,Stale manifest entry: file not found after 2+ days (crawled_at: 2026-03-16T17:03:43.639371+00:00). The file was probably downloaded in a previous run whose crawled_files directory is no longer available.
https://ncses.nsf.gov/pubs/nsf26304/assets/data-tables/tables/nsf26304-tab025.pdf,nsf26304-tab025.pdf,nsf.gov,,,—,error,2026-03-16T17:03:43.640593+00:00,,,,,,,,,,,,,,,,,,,,,,,,,,,,Stale manifest entry: file not found after 2+ days (crawled_at: 2026-03-16T17:03:43.640593+00:00). The file was probably downloaded in a previous run whose crawled_files directory is no longer available.
https://nsf-gov-resources.nsf.gov/files/nspm33-disclosuretable-sept2022-r.pdf?VersionId=2RzU6StX2qoQ.IYoEoaS.0Pe8_oXPvfA,nspm33-disclosuretable-sept2022-r.pdf,nsf.gov,,,—,error,2026-03-16T17:03:43.644424+00:00,,,,,,,,,,,,,,,,,,,,,,,,,,,,Stale manifest entry: file not found after 2+ days (crawled_at: 2026-03-16T17:03:43.644424+00:00). The file was probably downloaded in a previous run whose crawled_files directory is no longer available.
https://nsf-gov-resources.nsf.gov/files/pia-health-program-records.pdf?VersionId=xT7FBFyVubs56wKSjJZMnWjyKrF0AuTB,pia-health-program-records.pdf,nsf.gov,,,—,error,2026-03-16T17:03:43.650554+00:00,,,,,,,,,,,,,,,,,,,,,,,,,,,,Stale manifest entry: file not found after 2+ days (crawled_at: 2026-03-16T17:03:43.650554+00:00). The file was probably downloaded in a previous run whose crawled_files directory is no longer available.
https://nsf-gov-resources.nsf.gov/files/program-income-reporting-webinar-FAQ-Oct2024.pdf,program-income-reporting-webinar-FAQ-Oct2024.pdf,nsf.gov,,,—,error,2026-03-16T17:03:43.654985+00:00,,,,,,,,,,,,,,,,,,,,,,,,,,,,Stale manifest entry: file not found after 2+ days (crawled_at: 2026-03-16T17:03:43.654985+00:00). The file was probably downloaded in a previous run whose crawled_files directory is no longer available.
https://nsf-gov-resources.nsf.gov/files/program-income-reporting-webinar-slides-Oct2024.pdf,program-income-reporting-webinar-slides-Oct2024.pdf,nsf.gov,,,—,error,2026-03-16T17:03:43.660158+00:00,,,,,,,,,,,,,,,,,,,,,,,,,,,,Stale manifest entry: file not found after 2+ days (crawled_at: 2026-03-16T17:03:43.660158+00:00). The file was probably downloaded in a previous run whose crawled_files directory is no longer available.
https://nsf-gov-resources.nsf.gov/files/proposal_timeline.pdf,proposal_timeline.pdf,nsf.gov,,,—,error,2026-03-16T17:03:43.661747+00:00,,,,,,,,,,,,,,,,,,,,,,,,,,,,Stale manifest entry: file not found after 2+ days (crawled_at: 2026-03-16T17:03:43.661747+00:00). The file was probably downloaded in a previous run whose crawled_files directory is no longer available.
https://ncses.nsf.gov/pubs/nsf19301/assets/report/report.pdf,report.pdf,nsf.gov,,,—,error,2026-03-16T17:03:43.664670+00:00,,,,,,,,,,,,,,,,,,,,,,,,,,,,Stale manifest entry: file not found after 2+ days (crawled_at: 2026-03-16T17:03:43.664670+00:00). The file was probably downloaded in a previous run whose crawled_files directory is no longer available.
https://ncses.nsf.gov/pubs/nsf19301/assets/report/figures/sed17-sr-fig01a.pdf,sed17-sr-fig01a.pdf,nsf.gov,,,—,error,2026-03-16T17:03:43.671134+00:00,,,,,,,,,,,,,,,,,,,,,,,,,,,,Stale manifest entry: file not found after 2+ days (crawled_at: 2026-03-16T17:03:43.671134+00:00). The file was probably downloaded in a previous run whose crawled_files directory is no longer available.
https://ncses.nsf.gov/pubs/nsf19301/assets/report/figures/sed17-sr-fig01b.pdf,sed17-sr-fig01b.pdf,nsf.gov,,,—,error,2026-03-16T17:03:43.672315+00:00,,,,,,,,,,,,,,,,,,,,,,,,,,,,Stale manifest entry: file not found after 2+ days (crawled_at: 2026-03-16T17:03:43.672315+00:00). The file was probably downloaded in a previous run whose crawled_files directory is no longer available.
https://ncses.nsf.gov/pubs/nsf19301/assets/report/figures/sed17-sr-fig01c.pdf,sed17-sr-fig01c.pdf,nsf.gov,,,—,error,2026-03-16T17:03:43.673572+00:00,,,,,,,,,,,,,,,,,,,,,,,,,,,,Stale manifest entry: file not found after 2+ days (crawled_at: 2026-03-16T17:03:43.673572+00:00). The file was probably downloaded in a previous run whose crawled_files directory is no longer available.
https://ncses.nsf.gov/pubs/nsf19301/assets/report/figures/sed17-sr-fig01d.pdf,sed17-sr-fig01d.pdf,nsf.gov,,,—,error,2026-03-16T17:03:43.674754+00:00,,,,,,,,,,,,,,,,,,,,,,,,,,,,Stale manifest entry: file not found after 2+ days (crawled_at: 2026-03-16T17:03:43.674754+00:00). The file was probably downloaded in a previous run whose crawled_files directory is no longer available.
https://ncses.nsf.gov/pubs/nsf19301/assets/report/figures/sed17-sr-fig01e.pdf,sed17-sr-fig01e.pdf,nsf.gov,,,—,error,2026-03-16T17:03:43.675937+00:00,,,,,,,,,,,,,,,,,,,,,,,,,,,,Stale manifest entry: file not found after 2+ days (crawled_at: 2026-03-16T17:03:43.675937+00:00). The file was probably downloaded in a previous run whose crawled_files directory is no longer available.
https://ncses.nsf.gov/pubs/nsf19301/assets/report/figures/sed17-sr-fig01f.pdf,sed17-sr-fig01f.pdf,nsf.gov,,,—,error,2026-03-16T17:03:43.677122+00:00,,,,,,,,,,,,,,,,,,,,,,,,,,,,Stale manifest entry: file not found after 2+ days (crawled_at: 2026-03-16T17:03:43.677122+00:00). The file was probably downloaded in a previous run whose crawled_files directory is no longer available.
https://ncses.nsf.gov/pubs/nsf19301/assets/report/figures/sed17-sr-fig02a.pdf,sed17-sr-fig02a.pdf,nsf.gov,,,—,error,2026-03-16T17:03:43.678308+00:00,,,,,,,,,,,,,,,,,,,,,,,,,,,,Stale manifest entry: file not found after 2+ days (crawled_at: 2026-03-16T17:03:43.678308+00:00). The file was probably downloaded in a previous run whose crawled_files directory is no longer available.
https://ncses.nsf.gov/pubs/nsf19301/assets/report/figures/sed17-sr-fig02b.pdf,sed17-sr-fig02b.pdf,nsf.gov,,,—,error,2026-03-16T17:03:43.679516+00:00,,,,,,,,,,,,,,,,,,,,,,,,,,,,Stale manifest entry: file not found after 2+ days (crawled_at: 2026-03-16T17:03:43.679516+00:00). The file was probably downloaded in a previous run whose crawled_files directory is no longer available.
https://ncses.nsf.gov/pubs/nsf19301/assets/report/figures/sed17-sr-fig02c.pdf,sed17-sr-fig02c.pdf,nsf.gov,,,—,error,2026-03-16T17:03:43.680893+00:00,,,,,,,,,,,,,,,,,,,,,,,,,,,,Stale manifest entry: file not found after 2+ days (crawled_at: 2026-03-16T17:03:43.680893+00:00). The file was probably downloaded in a previous run whose crawled_files directory is no longer available.
https://ncses.nsf.gov/pubs/nsf19301/assets/report/figures/sed17-sr-fig02d.pdf,sed17-sr-fig02d.pdf,nsf.gov,,,—,error,2026-03-16T17:03:43.682089+00:00,,,,,,,,,,,,,,,,,,,,,,,,,,,,Stale manifest entry: file not found after 2+ days (crawled_at: 2026-03-16T17:03:43.682089+00:00). The file was probably downloaded in a previous run whose crawled_files directory is no longer available.
https://ncses.nsf.gov/pubs/nsf19301/assets/report/figures/sed17-sr-fig02e.pdf,sed17-sr-fig02e.pdf,nsf.gov,,,—,error,2026-03-16T17:03:43.683278+00:00,,,,,,,,,,,,,,,,,,,,,,,,,,,,Stale manifest entry: file not found after 2+ days (crawled_at: 2026-03-16T17:03:43.683278+00:00). The file was probably downloaded in a previous run whose crawled_files directory is no longer available.
https://ncses.nsf.gov/pubs/nsf19301/assets/report/figures/sed17-sr-fig02f.pdf,sed17-sr-fig02f.pdf,nsf.gov,,,—,error,2026-03-16T17:03:43.684762+00:00,,,,,,,,,,,,,,,,,,,,,,,,,,,,Stale manifest entry: file not found after 2+ days (crawled_at: 2026-03-16T17:03:43.684762+00:00). The file was probably downloaded in a previous run whose crawled_files directory is no longer available.
https://ncses.nsf.gov/pubs/nsf19301/assets/report/figures/sed17-sr-fig03a.pdf,sed17-sr-fig03a.pdf,nsf.gov,,,—,error,2026-03-16T17:03:43.685949+00:00,,,,,,,,,,,,,,,,,,,,,,,,,,,,Stale manifest entry: file not found after 2+ days (crawled_at: 2026-03-16T17:03:43.685949+00:00). The file was probably downloaded in a previous run whose crawled_files directory is no longer available.
https://ncses.nsf.gov/pubs/nsf19301/assets/report/figures/sed17-sr-fig03b.pdf,sed17-sr-fig03b.pdf,nsf.gov,,,—,error,2026-03-16T17:03:43.687173+00:00,,,,,,,,,,,,,,,,,,,,,,,,,,,,Stale manifest entry: file not found after 2+ days (crawled_at: 2026-03-16T17:03:43.687173+00:00). The file was probably downloaded in a previous run whose crawled_files directory is no longer available.
https://ncses.nsf.gov/pubs/nsf19301/assets/report/figures/sed17-sr-fig03c.pdf,sed17-sr-fig03c.pdf,nsf.gov,,,—,error,2026-03-16T17:03:43.688361+00:00,,,,,,,,,,,,,,,,,,,,,,,,,,,,Stale manifest entry: file not found after 2+ days (crawled_at: 2026-03-16T17:03:43.688361+00:00). The file was probably downloaded in a previous run whose crawled_files directory is no longer available.
https://ncses.nsf.gov/pubs/nsf19301/assets/report/figures/sed17-sr-fig03d.pdf,sed17-sr-fig03d.pdf,nsf.gov,,,—,error,2026-03-16T17:03:43.689570+00:00,,,,,,,,,,,,,,,,,,,,,,,,,,,,Stale manifest entry: file not found after 2+ days (crawled_at: 2026-03-16T17:03:43.689570+00:00). The file was probably downloaded in a previous run whose crawled_files directory is no longer available.
https://ncses.nsf.gov/pubs/nsf19301/assets/report/figures/sed17-sr-fig03e.pdf,sed17-sr-fig03e.pdf,nsf.gov,,,—,error,2026-03-16T17:03:43.690775+00:00,,,,,,,,,,,,,,,,,,,,,,,,,,,,Stale manifest entry: file not found after 2+ days (crawled_at: 2026-03-16T17:03:43.690775+00:00). The file was probably downloaded in a previous run whose crawled_files directory is no longer available.
https://ncses.nsf.gov/pubs/nsf19301/assets/report/figures/sed17-sr-fig03f.pdf,sed17-sr-fig03f.pdf,nsf.gov,,,—,error,2026-03-16T17:03:43.692289+00:00,,,,,,,,,,,,,,,,,,,,,,,,,,,,Stale manifest entry: file not found after 2+ days (crawled_at: 2026-03-16T17:03:43.692289+00:00). The file was probably downloaded in a previous run whose crawled_files directory is no longer available.
https://ncses.nsf.gov/pubs/nsf19301/assets/report/figures/sed17-sr-fig04a.pdf,sed17-sr-fig04a.pdf,nsf.gov,,,—,error,2026-03-16T17:03:43.693557+00:00,,,,,,,,,,,,,,,,,,,,,,,,,,,,Stale manifest entry: file not found after 2+ days (crawled_at: 2026-03-16T17:03:43.693557+00:00). The file was probably downloaded in a previous run whose crawled_files directory is no longer available.
https://ncses.nsf.gov/pubs/nsf19301/assets/report/figures/sed17-sr-fig04b.pdf,sed17-sr-fig04b.pdf,nsf.gov,,,—,error,2026-03-16T17:03:43.694767+00:00,,,,,,,,,,,,,,,,,,,,,,,,,,,,Stale manifest entry: file not found after 2+ days (crawled_at: 2026-03-16T17:03:43.694767+00:00). The file was probably downloaded in a previous run whose crawled_files directory is no longer available.
https://ncses.nsf.gov/pubs/nsf19301/assets/report/figures/sed17-sr-fig04c.pdf,sed17-sr-fig04c.pdf,nsf.gov,,,—,error,2026-03-16T17:03:43.695976+00:00,,,,,,,,,,,,,,,,,,,,,,,,,,,,Stale manifest entry: file not found after 2+ days (crawled_at: 2026-03-16T17:03:43.695976+00:00). The file was probably downloaded in a previous run whose crawled_files directory is no longer available.
https://ncses.nsf.gov/pubs/nsf19301/assets/report/figures/sed17-sr-fig04d.pdf,sed17-sr-fig04d.pdf,nsf.gov,,,—,error,2026-03-16T17:03:43.697159+00:00,,,,,,,,,,,,,,,,,,,,,,,,,,,,Stale manifest entry: file not found after 2+ days (crawled_at: 2026-03-16T17:03:43.697159+00:00). The file was probably downloaded in a previous run whose crawled_files directory is no longer available.
https://ncses.nsf.gov/pubs/nsf19301/assets/report/figures/sed17-sr-fig04e.pdf,sed17-sr-fig04e.pdf,nsf.gov,,,—,error,2026-03-16T17:03:43.698368+00:00,,,,,,,,,,,,,,,,,,,,,,,,,,,,Stale manifest entry: file not found after 2+ days (crawled_at: 2026-03-16T17:03:43.698368+00:00). The file was probably downloaded in a previous run whose crawled_files directory is no longer available.
https://ncses.nsf.gov/pubs/nsf19301/assets/report/figures/sed17-sr-fig04f.pdf,sed17-sr-fig04f.pdf,nsf.gov,,,—,error,2026-03-16T17:03:43.699581+00:00,,,,,,,,,,,,,,,,,,,,,,,,,,,,Stale manifest entry: file not found after 2+ days (crawled_at: 2026-03-16T17:03:43.699581+00:00). The file was probably downloaded in a previous run whose crawled_files directory is no longer available.
https://ncses.nsf.gov/pubs/nsf19301/assets/report/figures/sed17-sr-fig05a.pdf,sed17-sr-fig05a.pdf,nsf.gov,,,—,error,2026-03-16T17:03:43.700782+00:00,,,,,,,,,,,,,,,,,,,,,,,,,,,,Stale manifest entry: file not found after 2+ days (crawled_at: 2026-03-16T17:03:43.700782+00:00). The file was probably downloaded in a previous run whose crawled_files directory is no longer available.
https://ncses.nsf.gov/pubs/nsf19301/assets/report/figures/sed17-sr-fig05b.pdf,sed17-sr-fig05b.pdf,nsf.gov,,,—,error,2026-03-16T17:03:43.702102+00:00,,,,,,,,,,,,,,,,,,,,,,,,,,,,Stale manifest entry: file not found after 2+ days (crawled_at: 2026-03-16T17:03:43.702102+00:00). The file was probably downloaded in a previous run whose crawled_files directory is no longer available.
https://ncses.nsf.gov/pubs/nsf19301/assets/report/figures/sed17-sr-fig05c.pdf,sed17-sr-fig05c.pdf,nsf.gov,,,—,error,2026-03-16T17:03:43.703313+00:00,,,,,,,,,,,,,,,,,,,,,,,,,,,,Stale manifest entry: file not found after 2+ days (crawled_at: 2026-03-16T17:03:43.703313+00:00). The file was probably downloaded in a previous run whose crawled_files directory is no longer available.
https://ncses.nsf.gov/pubs/nsf19301/assets/report/figures/sed17-sr-fig05d.pdf,sed17-sr-fig05d.pdf,nsf.gov,,,—,error,2026-03-16T17:03:43.704514+00:00,,,,,,,,,,,,,,,,,,,,,,,,,,,,Stale manifest entry: file not found after 2+ days (crawled_at: 2026-03-16T17:03:43.704514+00:00). The file was probably downloaded in a previous run whose crawled_files directory is no longer available.
https://ncses.nsf.gov/pubs/nsf19301/assets/report/figures/sed17-sr-fig05e.pdf,sed17-sr-fig05e.pdf,nsf.gov,,,—,error,2026-03-16T17:03:43.705687+00:00,,,,,,,,,,,,,,,,,,,,,,,,,,,,Stale manifest entry: file not found after 2+ days (crawled_at: 2026-03-16T17:03:43.705687+00:00). The file was probably downloaded in a previous run whose crawled_files directory is no longer available.
https://ncses.nsf.gov/pubs/nsf19301/assets/report/figures/sed17-sr-fig05f.pdf,sed17-sr-fig05f.pdf,nsf.gov,,,—,error,2026-03-16T17:03:43.706881+00:00,,,,,,,,,,,,,,,,,,,,,,,,,,,,Stale manifest entry: file not found after 2+ days (crawled_at: 2026-03-16T17:03:43.706881+00:00). The file was probably downloaded in a previous run whose crawled_files directory is no longer available.
https://ncses.nsf.gov/pubs/nsf19301/assets/report/figures/sed17-sr-fig06a.pdf,sed17-sr-fig06a.pdf,nsf.gov,,,—,error,2026-03-16T17:03:43.708072+00:00,,,,,,,,,,,,,,,,,,,,,,,,,,,,Stale manifest entry: file not found after 2+ days (crawled_at: 2026-03-16T17:03:43.708072+00:00). The file was probably downloaded in a previous run whose crawled_files directory is no longer available.
https://ncses.nsf.gov/pubs/nsf19301/assets/report/figures/sed17-sr-fig06b.pdf,sed17-sr-fig06b.pdf,nsf.gov,,,—,error,2026-03-16T17:03:43.709272+00:00,,,,,,,,,,,,,,,,,,,,,,,,,,,,Stale manifest entry: file not found after 2+ days (crawled_at: 2026-03-16T17:03:43.709272+00:00). The file was probably downloaded in a previous run whose crawled_files directory is no longer available.
https://ncses.nsf.gov/pubs/nsf19301/assets/report/figures/sed17-sr-fig06c.pdf,sed17-sr-fig06c.pdf,nsf.gov,,,—,error,2026-03-16T17:03:43.710493+00:00,,,,,,,,,,,,,,,,,,,,,,,,,,,,Stale manifest entry: file not found after 2+ days (crawled_at: 2026-03-16T17:03:43.710493+00:00). The file was probably downloaded in a previous run whose crawled_files directory is no longer available.
https://ncses.nsf.gov/pubs/nsf19301/assets/report/figures/sed17-sr-fig06d.pdf,sed17-sr-fig06d.pdf,nsf.gov,,,—,error,2026-03-16T17:03:43.711704+00:00,,,,,,,,,,,,,,,,,,,,,,,,,,,,Stale manifest entry: file not found after 2+ days (crawled_at: 2026-03-16T17:03:43.711704+00:00). The file was probably downloaded in a previous run whose crawled_files directory is no longer available.
https://ncses.nsf.gov/pubs/nsf19301/assets/report/figures/sed17-sr-fig06e.pdf,sed17-sr-fig06e.pdf,nsf.gov,,,—,error,2026-03-16T17:03:43.712917+00:00,,,,,,,,,,,,,,,,,,,,,,,,,,,,Stale manifest entry: file not found after 2+ days (crawled_at: 2026-03-16T17:03:43.712917+00:00). The file was probably downloaded in a previous run whose crawled_files directory is no longer available.
https://ncses.nsf.gov/pubs/nsf19301/assets/report/figures/sed17-sr-fig06f.pdf,sed17-sr-fig06f.pdf,nsf.gov,,,—,error,2026-03-16T17:03:43.714165+00:00,,,,,,,,,,,,,,,,,,,,,,,,,,,,Stale manifest entry: file not found after 2+ days (crawled_at: 2026-03-16T17:03:43.714165+00:00). The file was probably downloaded in a previous run whose crawled_files directory is no longer available.
https://ncses.nsf.gov/pubs/nsf19301/assets/data/tables/sed17-sr-tab001.pdf,sed17-sr-tab001.pdf,nsf.gov,,,—,error,2026-03-16T17:03:43.715346+00:00,,,,,,,,,,,,,,,,,,,,,,,,,,,,Stale manifest entry: file not found after 2+ days (crawled_at: 2026-03-16T17:03:43.715346+00:00). The file was probably downloaded in a previous run whose crawled_files directory is no longer available.
https://ncses.nsf.gov/pubs/nsf19301/assets/data/tables/sed17-sr-tab002.pdf,sed17-sr-tab002.pdf,nsf.gov,,,—,error,2026-03-16T17:03:43.716531+00:00,,,,,,,,,,,,,,,,,,,,,,,,,,,,Stale manifest entry: file not found after 2+ days (crawled_at: 2026-03-16T17:03:43.716531+00:00). The file was probably downloaded in a previous run whose crawled_files directory is no longer available.
https://ncses.nsf.gov/pubs/nsf19301/assets/data/tables/sed17-sr-tab003.pdf,sed17-sr-tab003.pdf,nsf.gov,,,—,error,2026-03-16T17:03:43.717687+00:00,,,,,,,,,,,,,,,,,,,,,,,,,,,,Stale manifest entry: file not found after 2+ days (crawled_at: 2026-03-16T17:03:43.717687+00:00). The file was probably downloaded in a previous run whose crawled_files directory is no longer available.
https://ncses.nsf.gov/pubs/nsf19301/assets/data/tables/sed17-sr-tab004.pdf,sed17-sr-tab004.pdf,nsf.gov,,,—,error,2026-03-16T17:03:43.718917+00:00,,,,,,,,,,,,,,,,,,,,,,,,,,,,Stale manifest entry: file not found after 2+ days (crawled_at: 2026-03-16T17:03:43.718917+00:00). The file was probably downloaded in a previous run whose crawled_files directory is no longer available.
https://ncses.nsf.gov/pubs/nsf19301/assets/data/tables/sed17-sr-tab005.pdf,sed17-sr-tab005.pdf,nsf.gov,,,—,error,2026-03-16T17:03:43.720078+00:00,,,,,,,,,,,,,,,,,,,,,,,,,,,,Stale manifest entry: file not found after 2+ days (crawled_at: 2026-03-16T17:03:43.720078+00:00). The file was probably downloaded in a previous run whose crawled_files directory is no longer available.
https://ncses.nsf.gov/pubs/nsf19301/assets/data/tables/sed17-sr-tab006.pdf,sed17-sr-tab006.pdf,nsf.gov,,,—,error,2026-03-16T17:03:43.721326+00:00,,,,,,,,,,,,,,,,,,,,,,,,,,,,Stale manifest entry: file not found after 2+ days (crawled_at: 2026-03-16T17:03:43.721326+00:00). The file was probably downloaded in a previous run whose crawled_files directory is no longer available.
https://ncses.nsf.gov/pubs/nsf19301/assets/data/tables/sed17-sr-tab007.pdf,sed17-sr-tab007.pdf,nsf.gov,,,—,error,2026-03-16T17:03:43.723800+00:00,,,,,,,,,,,,,,,,,,,,,,,,,,,,Stale manifest entry: file not found after 2+ days (crawled_at: 2026-03-16T17:03:43.723800+00:00). The file was probably downloaded in a previous run whose crawled_files directory is no longer available.
https://ncses.nsf.gov/pubs/nsf19301/assets/data/tables/sed17-sr-tab008.pdf,sed17-sr-tab008.pdf,nsf.gov,,,—,error,2026-03-16T17:03:43.725749+00:00,,,,,,,,,,,,,,,,,,,,,,,,,,,,Stale manifest entry: file not found after 2+ days (crawled_at: 2026-03-16T17:03:43.725749+00:00). The file was probably downloaded in a previous run whose crawled_files directory is no longer available.
https://ncses.nsf.gov/pubs/nsf19301/assets/data/tables/sed17-sr-tab009.pdf,sed17-sr-tab009.pdf,nsf.gov,,,—,error,2026-03-16T17:03:43.726930+00:00,,,,,,,,,,,,,,,,,,,,,,,,,,,,Stale manifest entry: file not found after 2+ days (crawled_at: 2026-03-16T17:03:43.726930+00:00). The file was probably downloaded in a previous run whose crawled_files directory is no longer available.
https://ncses.nsf.gov/pubs/nsf19301/assets/data/tables/sed17-sr-tab010.pdf,sed17-sr-tab010.pdf,nsf.gov,,,—,error,2026-03-16T17:03:43.728083+00:00,,,,,,,,,,,,,,,,,,,,,,,,,,,,Stale manifest entry: file not found after 2+ days (crawled_at: 2026-03-16T17:03:43.728083+00:00). The file was probably downloaded in a previous run whose crawled_files directory is no longer available.
https://ncses.nsf.gov/pubs/nsf19301/assets/data/tables/sed17-sr-tab011.pdf,sed17-sr-tab011.pdf,nsf.gov,,,—,error,2026-03-16T17:03:43.729290+00:00,,,,,,,,,,,,,,,,,,,,,,,,,,,,Stale manifest entry: file not found after 2+ days (crawled_at: 2026-03-16T17:03:43.729290+00:00). The file was probably downloaded in a previous run whose crawled_files directory is no longer available.
https://ncses.nsf.gov/pubs/nsf19301/assets/data/tables/sed17-sr-tab012.pdf,sed17-sr-tab012.pdf,nsf.gov,,,—,error,2026-03-16T17:03:43.730520+00:00,,,,,,,,,,,,,,,,,,,,,,,,,,,,Stale manifest entry: file not found after 2+ days (crawled_at: 2026-03-16T17:03:43.730520+00:00). The file was probably downloaded in a previous run whose crawled_files directory is no longer available.
https://ncses.nsf.gov/pubs/nsf19301/assets/data/tables/sed17-sr-tab013.pdf,sed17-sr-tab013.pdf,nsf.gov,,,—,error,2026-03-16T17:03:43.732094+00:00,,,,,,,,,,,,,,,,,,,,,,,,,,,,Stale manifest entry: file not found after 2+ days (crawled_at: 2026-03-16T17:03:43.732094+00:00). The file was probably downloaded in a previous run whose crawled_files directory is no longer available.
https://ncses.nsf.gov/pubs/nsf19301/assets/data/tables/sed17-sr-tab014.pdf,sed17-sr-tab014.pdf,nsf.gov,,,—,error,2026-03-16T17:03:43.733274+00:00,,,,,,,,,,,,,,,,,,,,,,,,,,,,Stale manifest entry: file not found after 2+ days (crawled_at: 2026-03-16T17:03:43.733274+00:00). The file was probably downloaded in a previous run whose crawled_files directory is no longer available.
https://ncses.nsf.gov/pubs/nsf19301/assets/data/tables/sed17-sr-tab015.pdf,sed17-sr-tab015.pdf,nsf.gov,,,—,error,2026-03-16T17:03:43.734589+00:00,,,,,,,,,,,,,,,,,,,,,,,,,,,,Stale manifest entry: file not found after 2+ days (crawled_at: 2026-03-16T17:03:43.734589+00:00). The file was probably downloaded in a previous run whose crawled_files directory is no longer available.
https://ncses.nsf.gov/pubs/nsf19301/assets/data/tables/sed17-sr-tab016.pdf,sed17-sr-tab016.pdf,nsf.gov,,,—,error,2026-03-16T17:03:43.735884+00:00,,,,,,,,,,,,,,,,,,,,,,,,,,,,Stale manifest entry: file not found after 2+ days (crawled_at: 2026-03-16T17:03:43.735884+00:00). The file was probably downloaded in a previous run whose crawled_files directory is no longer available.
https://ncses.nsf.gov/pubs/nsf19301/assets/data/tables/sed17-sr-tab017.pdf,sed17-sr-tab017.pdf,nsf.gov,,,—,error,2026-03-16T17:03:43.737057+00:00,,,,,,,,,,,,,,,,,,,,,,,,,,,,Stale manifest entry: file not found after 2+ days (crawled_at: 2026-03-16T17:03:43.737057+00:00). The file was probably downloaded in a previous run whose crawled_files directory is no longer available.
https://ncses.nsf.gov/pubs/nsf19301/assets/data/tables/sed17-sr-tab018.pdf,sed17-sr-tab018.pdf,nsf.gov,,,—,error,2026-03-16T17:03:43.738364+00:00,,,,,,,,,,,,,,,,,,,,,,,,,,,,Stale manifest entry: file not found after 2+ days (crawled_at: 2026-03-16T17:03:43.738364+00:00). The file was probably downloaded in a previous run whose crawled_files directory is no longer available.
https://ncses.nsf.gov/pubs/nsf19301/assets/data/tables/sed17-sr-tab019.pdf,sed17-sr-tab019.pdf,nsf.gov,,,—,error,2026-03-16T17:03:43.739555+00:00,,,,,,,,,,,,,,,,,,,,,,,,,,,,Stale manifest entry: file not found after 2+ days (crawled_at: 2026-03-16T17:03:43.739555+00:00). The file was probably downloaded in a previous run whose crawled_files directory is no longer available.
https://ncses.nsf.gov/pubs/nsf19301/assets/data/tables/sed17-sr-tab020.pdf,sed17-sr-tab020.pdf,nsf.gov,,,—,error,2026-03-16T17:03:43.740732+00:00,,,,,,,,,,,,,,,,,,,,,,,,,,,,Stale manifest entry: file not found after 2+ days (crawled_at: 2026-03-16T17:03:43.740732+00:00). The file was probably downloaded in a previous run whose crawled_files directory is no longer available.
https://ncses.nsf.gov/pubs/nsf19301/assets/data/tables/sed17-sr-tab021.pdf,sed17-sr-tab021.pdf,nsf.gov,,,—,error,2026-03-16T17:03:43.741911+00:00,,,,,,,,,,,,,,,,,,,,,,,,,,,,Stale manifest entry: file not found after 2+ days (crawled_at: 2026-03-16T17:03:43.741911+00:00). The file was probably downloaded in a previous run whose crawled_files directory is no longer available.
https://ncses.nsf.gov/pubs/nsf19301/assets/data/tables/sed17-sr-tab022.pdf,sed17-sr-tab022.pdf,nsf.gov,,,—,error,2026-03-16T17:03:43.743382+00:00,,,,,,,,,,,,,,,,,,,,,,,,,,,,Stale manifest entry: file not found after 2+ days (crawled_at: 2026-03-16T17:03:43.743382+00:00). The file was probably downloaded in a previous run whose crawled_files directory is no longer available.
https://ncses.nsf.gov/pubs/nsf19301/assets/data/tables/sed17-sr-tab023.pdf,sed17-sr-tab023.pdf,nsf.gov,,,—,error,2026-03-16T17:03:43.744680+00:00,,,,,,,,,,,,,,,,,,,,,,,,,,,,Stale manifest entry: file not found after 2+ days (crawled_at: 2026-03-16T17:03:43.744680+00:00). The file was probably downloaded in a previous run whose crawled_files directory is no longer available.
https://ncses.nsf.gov/pubs/nsf19301/assets/data/tables/sed17-sr-tab024.pdf,sed17-sr-tab024.pdf,nsf.gov,,,—,error,2026-03-16T17:03:43.745898+00:00,,,,,,,,,,,,,,,,,,,,,,,,,,,,Stale manifest entry: file not found after 2+ days (crawled_at: 2026-03-16T17:03:43.745898+00:00). The file was probably downloaded in a previous run whose crawled_files directory is no longer available.
https://ncses.nsf.gov/pubs/nsf19301/assets/data/tables/sed17-sr-tab025.pdf,sed17-sr-tab025.pdf,nsf.gov,,,—,error,2026-03-16T17:03:43.747054+00:00,,,,,,,,,,,,,,,,,,,,,,,,,,,,Stale manifest entry: file not found after 2+ days (crawled_at: 2026-03-16T17:03:43.747054+00:00). The file was probably downloaded in a previous run whose crawled_files directory is no longer available.
https://ncses.nsf.gov/pubs/nsf19301/assets/data/tables/sed17-sr-tab026.pdf,sed17-sr-tab026.pdf,nsf.gov,,,—,error,2026-03-16T17:03:43.748251+00:00,,,,,,,,,,,,,,,,,,,,,,,,,,,,Stale manifest entry: file not found after 2+ days (crawled_at: 2026-03-16T17:03:43.748251+00:00). The file was probably downloaded in a previous run whose crawled_files directory is no longer available.
https://ncses.nsf.gov/pubs/nsf19301/assets/data/tables/sed17-sr-tab027.pdf,sed17-sr-tab027.pdf,nsf.gov,,,—,error,2026-03-16T17:03:43.749426+00:00,,,,,,,,,,,,,,,,,,,,,,,,,,,,Stale manifest entry: file not found after 2+ days (crawled_at: 2026-03-16T17:03:43.749426+00:00). The file was probably downloaded in a previous run whose crawled_files directory is no longer available.
https://ncses.nsf.gov/pubs/nsf19301/assets/data/tables/sed17-sr-tab028.pdf,sed17-sr-tab028.pdf,nsf.gov,,,—,error,2026-03-16T17:03:43.750613+00:00,,,,,,,,,,,,,,,,,,,,,,,,,,,,Stale manifest entry: file not found after 2+ days (crawled_at: 2026-03-16T17:03:43.750613+00:00). The file was probably downloaded in a previous run whose crawled_files directory is no longer available.
https://ncses.nsf.gov/pubs/nsf19301/assets/data/tables/sed17-sr-tab029.pdf,sed17-sr-tab029.pdf,nsf.gov,,,—,error,2026-03-16T17:03:43.751788+00:00,,,,,,,,,,,,,,,,,,,,,,,,,,,,Stale manifest entry: file not found after 2+ days (crawled_at: 2026-03-16T17:03:43.751788+00:00). The file was probably downloaded in a previous run whose crawled_files directory is no longer available.
https://ncses.nsf.gov/pubs/nsf19301/assets/data/tables/sed17-sr-tab030.pdf,sed17-sr-tab030.pdf,nsf.gov,,,—,error,2026-03-16T17:03:43.752941+00:00,,,,,,,,,,,,,,,,,,,,,,,,,,,,Stale manifest entry: file not found after 2+ days (crawled_at: 2026-03-16T17:03:43.752941+00:00). The file was probably downloaded in a previous run whose crawled_files directory is no longer available.
https://ncses.nsf.gov/pubs/nsf19301/assets/data/tables/sed17-sr-tab031.pdf,sed17-sr-tab031.pdf,nsf.gov,,,—,error,2026-03-16T17:03:43.754106+00:00,,,,,,,,,,,,,,,,,,,,,,,,,,,,Stale manifest entry: file not found after 2+ days (crawled_at: 2026-03-16T17:03:43.754106+00:00). The file was probably downloaded in a previous run whose crawled_files directory is no longer available.
https://ncses.nsf.gov/pubs/nsf19301/assets/data/tables/sed17-sr-tab032.pdf,sed17-sr-tab032.pdf,nsf.gov,,,—,error,2026-03-16T17:03:43.755354+00:00,,,,,,,,,,,,,,,,,,,,,,,,,,,,Stale manifest entry: file not found after 2+ days (crawled_at: 2026-03-16T17:03:43.755354+00:00). The file was probably downloaded in a previous run whose crawled_files directory is no longer available.
https://ncses.nsf.gov/pubs/nsf19301/assets/data/tables/sed17-sr-tab033.pdf,sed17-sr-tab033.pdf,nsf.gov,,,—,error,2026-03-16T17:03:43.756555+00:00,,,,,,,,,,,,,,,,,,,,,,,,,,,,Stale manifest entry: file not found after 2+ days (crawled_at: 2026-03-16T17:03:43.756555+00:00). The file was probably downloaded in a previous run whose crawled_files directory is no longer available.
https://ncses.nsf.gov/pubs/nsf19301/assets/data/tables/sed17-sr-tab034.pdf,sed17-sr-tab034.pdf,nsf.gov,,,—,error,2026-03-16T17:03:43.757701+00:00,,,,,,,,,,,,,,,,,,,,,,,,,,,,Stale manifest entry: file not found after 2+ days (crawled_at: 2026-03-16T17:03:43.757701+00:00). The file was probably downloaded in a previous run whose crawled_files directory is no longer available.
https://ncses.nsf.gov/pubs/nsf19301/assets/data/tables/sed17-sr-tab035.pdf,sed17-sr-tab035.pdf,nsf.gov,,,—,error,2026-03-16T17:03:43.758944+00:00,,,,,,,,,,,,,,,,,,,,,,,,,,,,Stale manifest entry: file not found after 2+ days (crawled_at: 2026-03-16T17:03:43.758944+00:00). The file was probably downloaded in a previous run whose crawled_files directory is no longer available.
https://ncses.nsf.gov/pubs/nsf19301/assets/data/tables/sed17-sr-tab036.pdf,sed17-sr-tab036.pdf,nsf.gov,,,—,error,2026-03-16T17:03:43.760124+00:00,,,,,,,,,,,,,,,,,,,,,,,,,,,,Stale manifest entry: file not found after 2+ days (crawled_at: 2026-03-16T17:03:43.760124+00:00). The file was probably downloaded in a previous run whose crawled_files directory is no longer available.
https://ncses.nsf.gov/pubs/nsf19301/assets/data/tables/sed17-sr-tab037.pdf,sed17-sr-tab037.pdf,nsf.gov,,,—,error,2026-03-16T17:03:43.761307+00:00,,,,,,,,,,,,,,,,,,,,,,,,,,,,Stale manifest entry: file not found after 2+ days (crawled_at: 2026-03-16T17:03:43.761307+00:00). The file was probably downloaded in a previous run whose crawled_files directory is no longer available.
https://ncses.nsf.gov/pubs/nsf19301/assets/data/tables/sed17-sr-tab038.pdf,sed17-sr-tab038.pdf,nsf.gov,,,—,error,2026-03-16T17:03:43.762542+00:00,,,,,,,,,,,,,,,,,,,,,,,,,,,,Stale manifest entry: file not found after 2+ days (crawled_at: 2026-03-16T17:03:43.762542+00:00). The file was probably downloaded in a previous run whose crawled_files directory is no longer available.
https://ncses.nsf.gov/pubs/nsf19301/assets/data/tables/sed17-sr-tab039.pdf,sed17-sr-tab039.pdf,nsf.gov,,,—,error,2026-03-16T17:03:43.763728+00:00,,,,,,,,,,,,,,,,,,,,,,,,,,,,Stale manifest entry: file not found after 2+ days (crawled_at: 2026-03-16T17:03:43.763728+00:00). The file was probably downloaded in a previous run whose crawled_files directory is no longer available.
https://ncses.nsf.gov/pubs/nsf19301/assets/data/tables/sed17-sr-tab040.pdf,sed17-sr-tab040.pdf,nsf.gov,,,—,error,2026-03-16T17:03:43.764978+00:00,,,,,,,,,,,,,,,,,,,,,,,,,,,,Stale manifest entry: file not found after 2+ days (crawled_at: 2026-03-16T17:03:43.764978+00:00). The file was probably downloaded in a previous run whose crawled_files directory is no longer available.
https://ncses.nsf.gov/pubs/nsf19301/assets/data/tables/sed17-sr-tab041.pdf,sed17-sr-tab041.pdf,nsf.gov,,,—,error,2026-03-16T17:03:43.766147+00:00,,,,,,,,,,,,,,,,,,,,,,,,,,,,Stale manifest entry: file not found after 2+ days (crawled_at: 2026-03-16T17:03:43.766147+00:00). The file was probably downloaded in a previous run whose crawled_files directory is no longer available.
https://ncses.nsf.gov/pubs/nsf19301/assets/data/tables/sed17-sr-tab042.pdf,sed17-sr-tab042.pdf,nsf.gov,,,—,error,2026-03-16T17:03:43.767314+00:00,,,,,,,,,,,,,,,,,,,,,,,,,,,,Stale manifest entry: file not found after 2+ days (crawled_at: 2026-03-16T17:03:43.767314+00:00). The file was probably downloaded in a previous run whose crawled_files directory is no longer available.
https://ncses.nsf.gov/pubs/nsf19301/assets/data/tables/sed17-sr-tab043.pdf,sed17-sr-tab043.pdf,nsf.gov,,,—,error,2026-03-16T17:03:43.768500+00:00,,,,,,,,,,,,,,,,,,,,,,,,,,,,Stale manifest entry: file not found after 2+ days (crawled_at: 2026-03-16T17:03:43.768500+00:00). The file was probably downloaded in a previous run whose crawled_files directory is no longer available.
https://ncses.nsf.gov/pubs/nsf19301/assets/data/tables/sed17-sr-tab044.pdf,sed17-sr-tab044.pdf,nsf.gov,,,—,error,2026-03-16T17:03:43.769666+00:00,,,,,,,,,,,,,,,,,,,,,,,,,,,,Stale manifest entry: file not found after 2+ days (crawled_at: 2026-03-16T17:03:43.769666+00:00). The file was probably downloaded in a previous run whose crawled_files directory is no longer available.
https://ncses.nsf.gov/pubs/nsf19301/assets/data/tables/sed17-sr-tab045.pdf,sed17-sr-tab045.pdf,nsf.gov,,,—,error,2026-03-16T17:03:43.770840+00:00,,,,,,,,,,,,,,,,,,,,,,,,,,,,Stale manifest entry: file not found after 2+ days (crawled_at: 2026-03-16T17:03:43.770840+00:00). The file was probably downloaded in a previous run whose crawled_files directory is no longer available.
https://ncses.nsf.gov/pubs/nsf19301/assets/data/tables/sed17-sr-tab046.pdf,sed17-sr-tab046.pdf,nsf.gov,,,—,error,2026-03-16T17:03:43.772020+00:00,,,,,,,,,,,,,,,,,,,,,,,,,,,,Stale manifest entry: file not found after 2+ days (crawled_at: 2026-03-16T17:03:43.772020+00:00). The file was probably downloaded in a previous run whose crawled_files directory is no longer available.
https://ncses.nsf.gov/pubs/nsf19301/assets/data/tables/sed17-sr-tab047.pdf,sed17-sr-tab047.pdf,nsf.gov,,,—,error,2026-03-16T17:03:43.773210+00:00,,,,,,,,,,,,,,,,,,,,,,,,,,,,Stale manifest entry: file not found after 2+ days (crawled_at: 2026-03-16T17:03:43.773210+00:00). The file was probably downloaded in a previous run whose crawled_files directory is no longer available.
https://ncses.nsf.gov/pubs/nsf19301/assets/data/tables/sed17-sr-tab048.pdf,sed17-sr-tab048.pdf,nsf.gov,,,—,error,2026-03-16T17:03:43.774358+00:00,,,,,,,,,,,,,,,,,,,,,,,,,,,,Stale manifest entry: file not found after 2+ days (crawled_at: 2026-03-16T17:03:43.774358+00:00). The file was probably downloaded in a previous run whose crawled_files directory is no longer available.
https://ncses.nsf.gov/pubs/nsf19301/assets/data/tables/sed17-sr-tab049.pdf,sed17-sr-tab049.pdf,nsf.gov,,,—,error,2026-03-16T17:03:43.775528+00:00,,,,,,,,,,,,,,,,,,,,,,,,,,,,Stale manifest entry: file not found after 2+ days (crawled_at: 2026-03-16T17:03:43.775528+00:00). The file was probably downloaded in a previous run whose crawled_files directory is no longer available.
https://ncses.nsf.gov/pubs/nsf19301/assets/data/tables/sed17-sr-tab050.pdf,sed17-sr-tab050.pdf,nsf.gov,,,—,error,2026-03-16T17:03:43.776739+00:00,,,,,,,,,,,,,,,,,,,,,,,,,,,,Stale manifest entry: file not found after 2+ days (crawled_at: 2026-03-16T17:03:43.776739+00:00). The file was probably downloaded in a previous run whose crawled_files directory is no longer available.
https://ncses.nsf.gov/pubs/nsf19301/assets/data/tables/sed17-sr-tab051.pdf,sed17-sr-tab051.pdf,nsf.gov,,,—,error,2026-03-16T17:03:43.778033+00:00,,,,,,,,,,,,,,,,,,,,,,,,,,,,Stale manifest entry: file not found after 2+ days (crawled_at: 2026-03-16T17:03:43.778033+00:00). The file was probably downloaded in a previous run whose crawled_files directory is no longer available.
https://ncses.nsf.gov/pubs/nsf19301/assets/data/tables/sed17-sr-tab052.pdf,sed17-sr-tab052.pdf,nsf.gov,,,—,error,2026-03-16T17:03:43.779319+00:00,,,,,,,,,,,,,,,,,,,,,,,,,,,,Stale manifest entry: file not found after 2+ days (crawled_at: 2026-03-16T17:03:43.779319+00:00). The file was probably downloaded in a previous run whose crawled_files directory is no longer available.
https://ncses.nsf.gov/pubs/nsf19301/assets/data/tables/sed17-sr-tab053.pdf,sed17-sr-tab053.pdf,nsf.gov,,,—,error,2026-03-16T17:03:43.780571+00:00,,,,,,,,,,,,,,,,,,,,,,,,,,,,Stale manifest entry: file not found after 2+ days (crawled_at: 2026-03-16T17:03:43.780571+00:00). The file was probably downloaded in a previous run whose crawled_files directory is no longer available.
https://ncses.nsf.gov/pubs/nsf19301/assets/data/tables/sed17-sr-tab054.pdf,sed17-sr-tab054.pdf,nsf.gov,,,—,error,2026-03-16T17:03:43.781772+00:00,,,,,,,,,,,,,,,,,,,,,,,,,,,,Stale manifest entry: file not found after 2+ days (crawled_at: 2026-03-16T17:03:43.781772+00:00). The file was probably downloaded in a previous run whose crawled_files directory is no longer available.
https://ncses.nsf.gov/pubs/nsf19301/assets/data/tables/sed17-sr-tab055.pdf,sed17-sr-tab055.pdf,nsf.gov,,,—,error,2026-03-16T17:03:43.783077+00:00,,,,,,,,,,,,,,,,,,,,,,,,,,,,Stale manifest entry: file not found after 2+ days (crawled_at: 2026-03-16T17:03:43.783077+00:00). The file was probably downloaded in a previous run whose crawled_files directory is no longer available.
https://ncses.nsf.gov/pubs/nsf19301/assets/data/tables/sed17-sr-tab056.pdf,sed17-sr-tab056.pdf,nsf.gov,,,—,error,2026-03-16T17:03:43.784292+00:00,,,,,,,,,,,,,,,,,,,,,,,,,,,,Stale manifest entry: file not found after 2+ days (crawled_at: 2026-03-16T17:03:43.784292+00:00). The file was probably downloaded in a previous run whose crawled_files directory is no longer available.
https://ncses.nsf.gov/pubs/nsf19301/assets/data/tables/sed17-sr-tab057.pdf,sed17-sr-tab057.pdf,nsf.gov,,,—,error,2026-03-16T17:03:43.785525+00:00,,,,,,,,,,,,,,,,,,,,,,,,,,,,Stale manifest entry: file not found after 2+ days (crawled_at: 2026-03-16T17:03:43.785525+00:00). The file was probably downloaded in a previous run whose crawled_files directory is no longer available.
https://ncses.nsf.gov/pubs/nsf19301/assets/data/tables/sed17-sr-tab058.pdf,sed17-sr-tab058.pdf,nsf.gov,,,—,error,2026-03-16T17:03:43.786701+00:00,,,,,,,,,,,,,,,,,,,,,,,,,,,,Stale manifest entry: file not found after 2+ days (crawled_at: 2026-03-16T17:03:43.786701+00:00). The file was probably downloaded in a previous run whose crawled_files directory is no longer available.
https://ncses.nsf.gov/pubs/nsf19301/assets/data/tables/sed17-sr-tab059.pdf,sed17-sr-tab059.pdf,nsf.gov,,,—,error,2026-03-16T17:03:43.787921+00:00,,,,,,,,,,,,,,,,,,,,,,,,,,,,Stale manifest entry: file not found after 2+ days (crawled_at: 2026-03-16T17:03:43.787921+00:00). The file was probably downloaded in a previous run whose crawled_files directory is no longer available.
https://ncses.nsf.gov/pubs/nsf19301/assets/data/tables/sed17-sr-tab060.pdf,sed17-sr-tab060.pdf,nsf.gov,,,—,error,2026-03-16T17:03:43.789090+00:00,,,,,,,,,,,,,,,,,,,,,,,,,,,,Stale manifest entry: file not found after 2+ days (crawled_at: 2026-03-16T17:03:43.789090+00:00). The file was probably downloaded in a previous run whose crawled_files directory is no longer available.
https://ncses.nsf.gov/pubs/nsf19301/assets/data/tables/sed17-sr-tab061.pdf,sed17-sr-tab061.pdf,nsf.gov,,,—,error,2026-03-16T17:03:43.790303+00:00,,,,,,,,,,,,,,,,,,,,,,,,,,,,Stale manifest entry: file not found after 2+ days (crawled_at: 2026-03-16T17:03:43.790303+00:00). The file was probably downloaded in a previous run whose crawled_files directory is no longer available.
https://ncses.nsf.gov/pubs/nsf19301/assets/data/tables/sed17-sr-tab062.pdf,sed17-sr-tab062.pdf,nsf.gov,,,—,error,2026-03-16T17:03:43.791504+00:00,,,,,,,,,,,,,,,,,,,,,,,,,,,,Stale manifest entry: file not found after 2+ days (crawled_at: 2026-03-16T17:03:43.791504+00:00). The file was probably downloaded in a previous run whose crawled_files directory is no longer available.
https://ncses.nsf.gov/pubs/nsf19301/assets/data/tables/sed17-sr-tab063.pdf,sed17-sr-tab063.pdf,nsf.gov,,,—,error,2026-03-16T17:03:43.792771+00:00,,,,,,,,,,,,,,,,,,,,,,,,,,,,Stale manifest entry: file not found after 2+ days (crawled_at: 2026-03-16T17:03:43.792771+00:00). The file was probably downloaded in a previous run whose crawled_files directory is no longer available.
https://ncses.nsf.gov/pubs/nsf19301/assets/data/tables/sed17-sr-tab064.pdf,sed17-sr-tab064.pdf,nsf.gov,,,—,error,2026-03-16T17:03:43.793983+00:00,,,,,,,,,,,,,,,,,,,,,,,,,,,,Stale manifest entry: file not found after 2+ days (crawled_at: 2026-03-16T17:03:43.793983+00:00). The file was probably downloaded in a previous run whose crawled_files directory is no longer available.
https://ncses.nsf.gov/pubs/nsf19301/assets/data/tables/sed17-sr-tab065.pdf,sed17-sr-tab065.pdf,nsf.gov,,,—,error,2026-03-16T17:03:43.795269+00:00,,,,,,,,,,,,,,,,,,,,,,,,,,,,Stale manifest entry: file not found after 2+ days (crawled_at: 2026-03-16T17:03:43.795269+00:00). The file was probably downloaded in a previous run whose crawled_files directory is no longer available.
https://ncses.nsf.gov/pubs/nsf19301/assets/data/tables/sed17-sr-tab066.pdf,sed17-sr-tab066.pdf,nsf.gov,,,—,error,2026-03-16T17:03:43.796496+00:00,,,,,,,,,,,,,,,,,,,,,,,,,,,,Stale manifest entry: file not found after 2+ days (crawled_at: 2026-03-16T17:03:43.796496+00:00). The file was probably downloaded in a previous run whose crawled_files directory is no longer available.
https://ncses.nsf.gov/pubs/nsf19301/assets/data/tables/sed17-sr-tab067.pdf,sed17-sr-tab067.pdf,nsf.gov,,,—,error,2026-03-16T17:03:43.797743+00:00,,,,,,,,,,,,,,,,,,,,,,,,,,,,Stale manifest entry: file not found after 2+ days (crawled_at: 2026-03-16T17:03:43.797743+00:00). The file was probably downloaded in a previous run whose crawled_files directory is no longer available.
https://ncses.nsf.gov/pubs/nsf19301/assets/data/tables/sed17-sr-tab068.pdf,sed17-sr-tab068.pdf,nsf.gov,,,—,error,2026-03-16T17:03:43.798948+00:00,,,,,,,,,,,,,,,,,,,,,,,,,,,,Stale manifest entry: file not found after 2+ days (crawled_at: 2026-03-16T17:03:43.798948+00:00). The file was probably downloaded in a previous run whose crawled_files directory is no longer available.
https://ncses.nsf.gov/pubs/nsf19301/assets/data/tables/sed17-sr-tab069.pdf,sed17-sr-tab069.pdf,nsf.gov,,,—,error,2026-03-16T17:03:43.800184+00:00,,,,,,,,,,,,,,,,,,,,,,,,,,,,Stale manifest entry: file not found after 2+ days (crawled_at: 2026-03-16T17:03:43.800184+00:00). The file was probably downloaded in a previous run whose crawled_files directory is no longer available.
https://ncses.nsf.gov/pubs/nsf19301/assets/data/tables/sed17-sr-tab070.pdf,sed17-sr-tab070.pdf,nsf.gov,,,—,error,2026-03-16T17:03:43.801363+00:00,,,,,,,,,,,,,,,,,,,,,,,,,,,,Stale manifest entry: file not found after 2+ days (crawled_at: 2026-03-16T17:03:43.801363+00:00). The file was probably downloaded in a previous run whose crawled_files directory is no longer available.
https://ncses.nsf.gov/pubs/nsf19301/assets/data/tables/sed17-sr-tab071.pdf,sed17-sr-tab071.pdf,nsf.gov,,,—,error,2026-03-16T17:03:43.802594+00:00,,,,,,,,,,,,,,,,,,,,,,,,,,,,Stale manifest entry: file not found after 2+ days (crawled_at: 2026-03-16T17:03:43.802594+00:00). The file was probably downloaded in a previous run whose crawled_files directory is no longer available.
https://ncses.nsf.gov/pubs/nsf19301/assets/data/tables/sed17-sr-tab072.pdf,sed17-sr-tab072.pdf,nsf.gov,,,—,error,2026-03-16T17:03:43.803794+00:00,,,,,,,,,,,,,,,,,,,,,,,,,,,,Stale manifest entry: file not found after 2+ days (crawled_at: 2026-03-16T17:03:43.803794+00:00). The file was probably downloaded in a previous run whose crawled_files directory is no longer available.
https://ncses.nsf.gov/pubs/nsf19301/assets/technical-notes/tables/sed17-sr-taba001.pdf,sed17-sr-taba001.pdf,nsf.gov,,,—,error,2026-03-16T17:03:43.804931+00:00,,,,,,,,,,,,,,,,,,,,,,,,,,,,Stale manifest entry: file not found after 2+ days (crawled_at: 2026-03-16T17:03:43.804931+00:00). The file was probably downloaded in a previous run whose crawled_files directory is no longer available.
https://ncses.nsf.gov/pubs/nsf19301/assets/technical-notes/tables/sed17-sr-taba002.pdf,sed17-sr-taba002.pdf,nsf.gov,,,—,error,2026-03-16T17:03:43.806400+00:00,,,,,,,,,,,,,,,,,,,,,,,,,,,,Stale manifest entry: file not found after 2+ days (crawled_at: 2026-03-16T17:03:43.806400+00:00). The file was probably downloaded in a previous run whose crawled_files directory is no longer available.
https://ncses.nsf.gov/pubs/nsf19301/assets/technical-notes/tables/sed17-sr-taba003.pdf,sed17-sr-taba003.pdf,nsf.gov,,,—,error,2026-03-16T17:03:43.807881+00:00,,,,,,,,,,,,,,,,,,,,,,,,,,,,Stale manifest entry: file not found after 2+ days (crawled_at: 2026-03-16T17:03:43.807881+00:00). The file was probably downloaded in a previous run whose crawled_files directory is no longer available.
https://ncses.nsf.gov/pubs/nsf19301/assets/technical-notes/tables/sed17-sr-taba004.pdf,sed17-sr-taba004.pdf,nsf.gov,,,—,error,2026-03-16T17:03:43.809550+00:00,,,,,,,,,,,,,,,,,,,,,,,,,,,,Stale manifest entry: file not found after 2+ days (crawled_at: 2026-03-16T17:03:43.809550+00:00). The file was probably downloaded in a previous run whose crawled_files directory is no longer available.
https://ncses.nsf.gov/pubs/nsf19301/assets/technical-notes/tables/sed17-sr-taba005.pdf,sed17-sr-taba005.pdf,nsf.gov,,,—,error,2026-03-16T17:03:43.811041+00:00,,,,,,,,,,,,,,,,,,,,,,,,,,,,Stale manifest entry: file not found after 2+ days (crawled_at: 2026-03-16T17:03:43.811041+00:00). The file was probably downloaded in a previous run whose crawled_files directory is no longer available.
https://ncses.nsf.gov/pubs/nsf19301/assets/technical-notes/tables/sed17-sr-taba006.pdf,sed17-sr-taba006.pdf,nsf.gov,,,—,error,2026-03-16T17:03:43.812500+00:00,,,,,,,,,,,,,,,,,,,,,,,,,,,,Stale manifest entry: file not found after 2+ days (crawled_at: 2026-03-16T17:03:43.812500+00:00). The file was probably downloaded in a previous run whose crawled_files directory is no longer available.
https://ncses.nsf.gov/pubs/nsf19301/assets/survey-description/survey-description.pdf,survey-description.pdf,nsf.gov,,,—,error,2026-03-16T17:03:43.814065+00:00,,,,,,,,,,,,,,,,,,,,,,,,,,,,Stale manifest entry: file not found after 2+ days (crawled_at: 2026-03-16T17:03:43.814065+00:00). The file was probably downloaded in a previous run whose crawled_files directory is no longer available.
https://ncses.nsf.gov/pubs/nsf19301/assets/technical-notes/technical-notes.pdf,technical-notes.pdf,nsf.gov,,,—,error,2026-03-16T17:03:43.816393+00:00,,,,,,,,,,,,,,,,,,,,,,,,,,,,Stale manifest entry: file not found after 2+ days (crawled_at: 2026-03-16T17:03:43.816393+00:00). The file was probably downloaded in a previous run whose crawled_files directory is no longer available.
https://ncses.nsf.gov/pubs/nsf19304/assets/digest/figures/wmpd19-sr-fig03a.pdf,wmpd19-sr-fig03a.pdf,nsf.gov,,,—,error,2026-03-16T17:03:43.817609+00:00,,,,,,,,,,,,,,,,,,,,,,,,,,,,Stale manifest entry: file not found after 2+ days (crawled_at: 2026-03-16T17:03:43.817609+00:00). The file was probably downloaded in a previous run whose crawled_files directory is no longer available.
https://ncses.nsf.gov/pubs/nsf19304/assets/digest/figures/wmpd19-sr-fig03b.pdf,wmpd19-sr-fig03b.pdf,nsf.gov,,,—,error,2026-03-16T17:03:43.818796+00:00,,,,,,,,,,,,,,,,,,,,,,,,,,,,Stale manifest entry: file not found after 2+ days (crawled_at: 2026-03-16T17:03:43.818796+00:00). The file was probably downloaded in a previous run whose crawled_files directory is no longer available.
https://ncses.nsf.gov/pubs/nsf19304/assets/digest/figures/wmpd19-sr-fig03c.pdf,wmpd19-sr-fig03c.pdf,nsf.gov,,,—,error,2026-03-16T17:03:43.819991+00:00,,,,,,,,,,,,,,,,,,,,,,,,,,,,Stale manifest entry: file not found after 2+ days (crawled_at: 2026-03-16T17:03:43.819991+00:00). The file was probably downloaded in a previous run whose crawled_files directory is no longer available.
https://ncses.nsf.gov/pubs/nsf19304/assets/digest/figures/wmpd19-sr-fig03d.pdf,wmpd19-sr-fig03d.pdf,nsf.gov,,,—,error,2026-03-16T17:03:43.821174+00:00,,,,,,,,,,,,,,,,,,,,,,,,,,,,Stale manifest entry: file not found after 2+ days (crawled_at: 2026-03-16T17:03:43.821174+00:00). The file was probably downloaded in a previous run whose crawled_files directory is no longer available.
https://ncses.nsf.gov/pubs/nsf19304/assets/digest/figures/wmpd19-sr-fig03e.pdf,wmpd19-sr-fig03e.pdf,nsf.gov,,,—,error,2026-03-16T17:03:43.822362+00:00,,,,,,,,,,,,,,,,,,,,,,,,,,,,Stale manifest entry: file not found after 2+ days (crawled_at: 2026-03-16T17:03:43.822362+00:00). The file was probably downloaded in a previous run whose crawled_files directory is no longer available.
https://ncses.nsf.gov/pubs/nsf19304/assets/digest/figures/wmpd19-sr-fig03f.pdf,wmpd19-sr-fig03f.pdf,nsf.gov,,,—,error,2026-03-16T17:03:43.823555+00:00,,,,,,,,,,,,,,,,,,,,,,,,,,,,Stale manifest entry: file not found after 2+ days (crawled_at: 2026-03-16T17:03:43.823555+00:00). The file was probably downloaded in a previous run whose crawled_files directory is no longer available.
https://www.nsf.gov/oirm/das/records-management,records-management.pdf,nsf.gov,,,—,error,2026-07-07T12:02:48.830781+00:00,,,,,,,,,,,,,,,,,,,,,,,,,,,,Stale manifest entry: file not found after 2+ days (crawled_at: 2026-07-07T12:02:48.830781+00:00). The file was probably downloaded in a previous run whose crawled_files directory is no longer available.
https://bidenwhitehouse.archives.gov/wp-content/uploads/2022/01/010422-NSPM-33-Implementation-Guidance.pdf,010422-NSPM-33-Implementation-Guidance.pdf,nsf.gov,bidenwhitehouse.archives.gov,807600,788.7 KB,analysed,2026-07-07T12:02:45.418920+00:00,2022-01-03 23:45:26+00:00,GUIDANCE FOR IMPLEMENTING NATIONAL SECURITY PRESIDENTIAL MEMORANDUM 33 (NSPM-33) ON NATIONAL SECURITY STRATEGY FOR UNITED STATES GOVERNMENT-SUPPORTED RESEARCH AND DEVELOPMENT,"Whitman, Lloyd J. EOP/OSTP",,,,False,False,False,Pass,Pass,Pass,Fail,Pass,Pass,Pass,NotApplicable,NotApplicable,Pass,Fail,Pass,Pass,Warn,False,34,11738,1,"title, figures missing alt text (count=3), tables-warn, "
https://bidenwhitehouse.archives.gov/wp-content/uploads/2022/08/08-2022-OSTP-Public-Access-Memo.pdf,08-2022-OSTP-Public-Access-Memo.pdf,nsf.gov,bidenwhitehouse.archives.gov,,—,error,2026-07-07T12:02:45.423907+00:00,,,,,,,,,,,,,,,,,,,,,,,,,,,,Stale manifest entry: file not found after 2+ days (crawled_at: 2026-07-07T12:02:45.423907+00:00). The file was probably downloaded in a previous run whose crawled_files directory is no longer available.
https://www.nsf.gov/funding/opportunities/prfb-postdoctoral-research-fellowships-biology/503622/updates/112269,112269.pdf,nsf.gov,,,—,error,2026-07-07T12:02:45.427899+00:00,,,,,,,,,,,,,,,,,,,,,,,,,,,,Stale manifest entry: file not found after 2+ days (crawled_at: 2026-07-07T12:02:45.427899+00:00). The file was probably downloaded in a previous run whose crawled_files directory is no longer available.
https://www.nsf.gov/funding/opportunities/prfb-postdoctoral-research-fellowships-biology/503622/updates/112277,112277.pdf,nsf.gov,,,—,error,2026-07-07T12:02:45.431825+00:00,,,,,,,,,,,,,,,,,,,,,,,,,,,,Stale manifest entry: file not found after 2+ days (crawled_at: 2026-07-07T12:02:45.431825+00:00). The file was probably downloaded in a previous run whose crawled_files directory is no longer available.
https://www.nsf.gov/funding/opportunities/agep-alliances-graduate-education-professoriate/5474/updates/115700,115700.pdf,nsf.gov,,,—,error,2026-07-07T12:02:45.435564+00:00,,,,,,,,,,,,,,,,,,,,,,,,,,,,Stale manifest entry: file not found after 2+ days (crawled_at: 2026-07-07T12:02:45.435564+00:00). The file was probably downloaded in a previous run whose crawled_files directory is no longer available.
https://nsf-gov-resources.nsf.gov/files/2.19.2025_NSF-Engines_FactSheet.pdf?VersionId=laBQi8W.Yjvt4HGTGMdRaIGQZWPq6JyI,2.19.2025_NSF-Engines_FactSheet.pdf,nsf.gov,,,—,error,2026-07-07T12:02:45.448525+00:00,,,,,,,,,,,,,,,,,,,,,,,,,,,,Stale manifest entry: file not found after 2+ days (crawled_at: 2026-07-07T12:02:45.448525+00:00). The file was probably downloaded in a previous run whose crawled_files directory is no longer available.
https://www.pgc.umn.edu/files/2018/05/2013-NSF-Cyberinfrastructure-Report-Final.pdf,2013-NSF-Cyberinfrastructure-Report-Final.pdf,nsf.gov,pgc.umn.edu,,—,error,2026-07-07T12:02:45.492341+00:00,,,,,,,,,,,,,,,,,,,,,,,,,,,,Stale manifest entry: file not found after 2+ days (crawled_at: 2026-07-07T12:02:45.492341+00:00). The file was probably downloaded in a previous run whose crawled_files directory is no longer available.
https://obamawhitehouse.archives.gov/sites/default/files/microsites/ostp/2013_arctic_research_plan_0.pdf,2013_arctic_research_plan_0.pdf,nsf.gov,obamawhitehouse.archives.gov,,—,error,2026-07-07T12:02:45.500763+00:00,,,,,,,,,,,,,,,,,,,,,,,,,,,,Stale manifest entry: file not found after 2+ days (crawled_at: 2026-07-07T12:02:45.500763+00:00). The file was probably downloaded in a previous run whose crawled_files directory is no longer available.
https://nsf-gov-resources.nsf.gov/files/2021SFSBiennialReport-r.pdf,2021SFSBiennialReport-r.pdf,nsf.gov,,,—,error,2026-07-07T12:02:45.540638+00:00,,,,,,,,,,,,,,,,,,,,,,,,,,,,Stale manifest entry: file not found after 2+ days (crawled_at: 2026-07-07T12:02:45.540638+00:00). The file was probably downloaded in a previous run whose crawled_files directory is no longer available.
https://www.iarpccollaborations.org/uploads/cms/documents/2022-2024%20BIP%20FINAL%20High%20Res%2020221109.pdf,2022-2024%20BIP%20FINAL%20High%20Res%2020221109.pdf,nsf.gov,iarpccollaborations.org,,—,error,2026-07-07T12:02:45.605673+00:00,,,,,,,,,,,,,,,,,,,,,,,,,,,,Stale manifest entry: file not found after 2+ days (crawled_at: 2026-07-07T12:02:45.605673+00:00). The file was probably downloaded in a previous run whose crawled_files directory is no longer available.
https://www.iarpccollaborations.org/uploads/cms/documents/2022-2024%20bip%20final%20high%20res%2020221109.pdf,2022-2024%20bip%20final%20high%20res%2020221109.pdf,nsf.gov,iarpccollaborations.org,,—,error,2026-07-07T12:02:45.669983+00:00,,,,,,,,,,,,,,,,,,,,,,,,,,,,Stale manifest entry: file not found after 2+ days (crawled_at: 2026-07-07T12:02:45.669983+00:00). The file was probably downloaded in a previous run whose crawled_files directory is no longer available.
https://www.iarpccollaborations.org/uploads/cms/documents/2022-biennial-report.pdf,2022-biennial-report.pdf,nsf.gov,iarpccollaborations.org,,—,error,2026-07-07T12:02:45.711564+00:00,,,,,,,,,,,,,,,,,,,,,,,,,,,,Stale manifest entry: file not found after 2+ days (crawled_at: 2026-07-07T12:02:45.711564+00:00). The file was probably downloaded in a previous run whose crawled_files directory is no longer available.
https://nsf-gov-resources.nsf.gov/files/2023SFSBiennialReport-r.pdf,2023SFSBiennialReport-r.pdf,nsf.gov,,,—,error,2026-07-07T12:02:45.746317+00:00,,,,,,,,,,,,,,,,,,,,,,,,,,,,Stale manifest entry: file not found after 2+ days (crawled_at: 2026-07-07T12:02:45.746317+00:00). The file was probably downloaded in a previous run whose crawled_files directory is no longer available.
https://www.govinfo.gov/content/pkg/FR-2024-12-12/pdf/2024-29244.pdf,2024-29244.pdf,nsf.gov,govinfo.gov,,—,error,2026-07-07T12:02:45.751113+00:00,,,,,,,,,,,,,,,,,,,,,,,,,,,,Stale manifest entry: file not found after 2+ days (crawled_at: 2026-07-07T12:02:45.751113+00:00). The file was probably downloaded in a previous run whose crawled_files directory is no longer available.
https://nsf-gov-resources.nsf.gov/attachments/308354/public/2024-CyberTraining-Webinar-v2.pdf,2024-CyberTraining-Webinar-v2.pdf,nsf.gov,,,—,error,2026-07-07T12:02:45.758122+00:00,,,,,,,,,,,,,,,,,,,,,,,,,,,,Stale manifest entry: file not found after 2+ days (crawled_at: 2026-07-07T12:02:45.758122+00:00). The file was probably downloaded in a previous run whose crawled_files directory is no longer available.
https://nsf-gov-resources.nsf.gov/files/2024-Jan-18%20INTERN%20slides%20Prakash%20Balan.pdf,2024-Jan-18%20INTERN%20slides%20Prakash%20Balan.pdf,nsf.gov,,,—,error,2026-07-07T12:02:45.766701+00:00,,,,,,,,,,,,,,,,,,,,,,,,,,,,Stale manifest entry: file not found after 2+ days (crawled_at: 2026-07-07T12:02:45.766701+00:00). The file was probably downloaded in a previous run whose crawled_files directory is no longer available.
https://www.iarpccollaborations.org/uploads/cms/documents/2024-report-to-congress_iarpc.pdf,2024-report-to-congress_iarpc.pdf,nsf.gov,iarpccollaborations.org,,—,error,2026-07-07T12:02:45.772742+00:00,,,,,,,,,,,,,,,,,,,,,,,,,,,,Stale manifest entry: file not found after 2+ days (crawled_at: 2026-07-07T12:02:45.772742+00:00). The file was probably downloaded in a previous run whose crawled_files directory is no longer available.
https://nsf-gov-resources.nsf.gov/files/2024SFSAIReport-r.pdf,2024SFSAIReport-r.pdf,nsf.gov,,,—,error,2026-07-07T12:02:45.790862+00:00,,,,,,,,,,,,,,,,,,,,,,,,,,,,Stale manifest entry: file not found after 2+ days (crawled_at: 2026-07-07T12:02:45.790862+00:00). The file was probably downloaded in a previous run whose crawled_files directory is no longer available.
https://nsf-gov-resources.nsf.gov/files/2024_01_30_IUCRC%20Webinar_Prakash%20Balan.pdf,2024_01_30_IUCRC%20Webinar_Prakash%20Balan.pdf,nsf.gov,,,—,pending,2026-07-07T12:02:45.803714+00:00,,,,,,,,,,,,,,,,,,,,,,,,,,,,
https://nsf-gov-resources.nsf.gov/files/2025%20EPSCoR%20PI%20Meeting%20Agenda%20Final.pdf,2025%20EPSCoR%20PI%20Meeting%20Agenda%20Final.pdf,nsf.gov,,,—,pending,2026-07-07T12:02:45.808559+00:00,,,,,,,,,,,,,,,,,,,,,,,,,,,,
https://www.govinfo.gov/content/pkg/FR-2025-04-28/pdf/2025-07368.pdf,2025-07368.pdf,nsf.gov,govinfo.gov,,—,pending,2026-07-07T12:02:45.811882+00:00,,,,,,,,,,,,,,,,,,,,,,,,,,,,
https://nsf-gov-resources.nsf.gov/files/2025-SFS-Biennial-Report.pdf,2025-SFS-Biennial-Report.pdf,nsf.gov,,,—,pending,2026-07-07T12:02:45.826016+00:00,,,,,,,,,,,,,,,,,,,,,,,,,,,,
https://stride-ventures.com/wp-content/uploads/2026/03/20260324_STRIDE_Press_Release.pdf,20260324_STRIDE_Press_Release.pdf,nsf.gov,stride-ventures.com,,—,pending,2026-07-07T12:02:45.830625+00:00,,,,,,,,,,,,,,,,,,,,,,,,,,,,
https://nsf-gov-resources.nsf.gov/about/budget/fy2014/pdf/25_fy2014.pdf,25_fy2014.pdf,nsf.gov,,,—,pending,2026-07-07T12:02:45.834425+00:00,,,,,,,,,,,,,,,,,,,,,,,,,,,,
https://nsf-gov-resources.nsf.gov/files/3-Practical-Guide-r.pdf,3-Practical-Guide-r.pdf,nsf.gov,,,—,pending,2026-07-07T12:02:45.843266+00:00,,,,,,,,,,,,,,,,,,,,,,,,,,,,
https://nsf-gov-resources.nsf.gov/files/5-Intro-to-Selected-Funding-Opportunities-r.pdf,5-Intro-to-Selected-Funding-Opportunities-r.pdf,nsf.gov,,,—,pending,2026-07-07T12:02:45.857515+00:00,,,,,,,,,,,,,,,,,,,,,,,,,,,,
https://www.dfg.de/resource/blob/168072/50-01-en.pdf,50-01-en.pdf,nsf.gov,dfg.de,,—,pending,2026-07-07T12:02:45.861898+00:00,,,,,,,,,,,,,,,,,,,,,,,,,,,,
https://nsf-gov-resources.nsf.gov/files/6-Postdoc-to-PI-Writing-One-pagers-r.pdf,6-Postdoc-to-PI-Writing-One-pagers-r.pdf,nsf.gov,,,—,pending,2026-07-07T12:02:45.867031+00:00,,,,,,,,,,,,,,,,,,,,,,,,,,,,
https://nsf-gov-resources.nsf.gov/files/7-Intro-Funding-Opportunities-r.pdf,7-Intro-Funding-Opportunities-r.pdf,nsf.gov,,,—,pending,2026-07-07T12:02:45.873208+00:00,,,,,,,,,,,,,,,,,,,,,,,,,,,,
https://www.govinfo.gov/content/pkg/FR-1997-10-30/pdf/97-28653.pdf,97-28653.pdf,nsf.gov,govinfo.gov,,—,pending,2026-07-07T12:02:45.875915+00:00,,,,,,,,,,,,,,,,,,,,,,,,,,,,
https://nsf-gov-resources.nsf.gov/files/9_Tips%20for%20Developing%20NSF%20Proposals_2-1.pdf,9_Tips%20for%20Developing%20NSF%20Proposals_2-1.pdf,nsf.gov,,,—,pending,2026-07-07T12:02:45.883661+00:00,,,,,,,,,,,,,,,,,,,,,,,,,,,,
https://nsf-gov-resources.nsf.gov/files/AAAS%20EPSCoR%20Hub.pdf,AAAS%20EPSCoR%20Hub.pdf,nsf.gov,,,—,pending,2026-07-07T12:02:45.886826+00:00,,,,,,,,,,,,,,,,,,,,,,,,,,,,
https://nsf-gov-resources.nsf.gov/files/ACA_permit_form_2025_2026_Fillable.pdf,ACA_permit_form_2025_2026_Fillable.pdf,nsf.gov,,,—,pending,2026-07-07T12:02:45.889664+00:00,,,,,,,,,,,,,,,,,,,,,,,,,,,,
https://nsf-gov-resources.nsf.gov/attachments/306457/public/ACSSPresentation.pdf,ACSSPresentation.pdf,nsf.gov,,,—,pending,2026-07-07T12:02:45.895490+00:00,,,,,,,,,,,,,,,,,,,,,,,,,,,,
https://nsf-gov-resources.nsf.gov/files/AI-Ready-America-Program-Webinar-04142026.pdf,AI-Ready-America-Program-Webinar-04142026.pdf,nsf.gov,,,—,pending,2026-07-07T12:02:45.906762+00:00,,,,,,,,,,,,,,,,,,,,,,,,,,,,
https://nsf-gov-resources.nsf.gov/files/AI-Ready-America-Program-Webinar-2-04232026.pdf,AI-Ready-America-Program-Webinar-2-04232026.pdf,nsf.gov,,,—,pending,2026-07-07T12:02:45.915245+00:00,,,,,,,,,,,,,,,,,,,,,,,,,,,,
https://nsf-gov-resources.nsf.gov/files/AI-Ready_America_Workshop_Report.pdf,AI-Ready_America_Workshop_Report.pdf,nsf.gov,,,—,pending,2026-07-07T12:02:45.919507+00:00,,,,,,,,,,,,,,,,,,,,,,,,,,,,
https://nsf-gov-resources.nsf.gov/files/AIL-POL-1000.01-Lodging.pdf,AIL-POL-1000.01-Lodging.pdf,nsf.gov,,,—,pending,2026-07-07T12:02:45.923031+00:00,,,,,,,,,,,,,,,,,,,,,,,,,,,,
https://nsf-gov-resources.nsf.gov/files/AIL-POL-1000.02b-Chapel-Use-r.pdf,AIL-POL-1000.02b-Chapel-Use-r.pdf,nsf.gov,,,—,pending,2026-07-07T12:02:45.925397+00:00,,,,,,,,,,,,,,,,,,,,,,,,,,,,
https://nsf-gov-resources.nsf.gov/files/AIL-POL-1000.08-Material-Storage-r.pdf,AIL-POL-1000.08-Material-Storage-r.pdf,nsf.gov,,,—,pending,2026-07-07T12:02:45.927277+00:00,,,,,,,,,,,,,,,,,,,,,,,,,,,,
https://nsf-gov-resources.nsf.gov/files/AIL-POL-5000.01-V2-Form-508-r.pdf,AIL-POL-5000.01-V2-Form-508-r.pdf,nsf.gov,,,—,pending,2026-07-07T12:02:45.928791+00:00,,,,,,,,,,,,,,,,,,,,,,,,,,,,
https://nsf-gov-resources.nsf.gov/files/AIL-POL-5000.01-V2-Form-508.pdf,AIL-POL-5000.01-V2-Form-508.pdf,nsf.gov,,,—,pending,2026-07-07T12:02:45.930851+00:00,,,,,,,,,,,,,,,,,,,,,,,,,,,,
https://nsf-gov-resources.nsf.gov/files/AIL-POL_1000.06_ECW82.pdf,AIL-POL_1000.06_ECW82.pdf,nsf.gov,,,—,pending,2026-07-07T12:02:45.932899+00:00,,,,,,,,,,,,,,,,,,,,,,,,,,,,
https://nsf-gov-resources.nsf.gov/2023-08/AI_Research_Institutes_Map_2023_0.pdf?VersionId=6wfALEd6vDU7_GCl.wzGo.RPBPhvbzXM,AI_Research_Institutes_Map_2023_0.pdf,nsf.gov,,,—,pending,2026-07-07T12:02:45.971387+00:00,,,,,,,,,,,,,,,,,,,,,,,,,,,,
https://resources.research.gov/common/attachment/Desktop/About_the_dataset_pilot.pdf,About_the_dataset_pilot.pdf,nsf.gov,resources.research.gov,872027,851.6 KB,pending,2026-07-07T12:02:45.977382+00:00,,,,,,,,,,,,,,,,,,,,,,,,,,,,
https://nsf-gov-resources.nsf.gov/files/Affirmative-Action-Plan-FY24.pdf,Affirmative-Action-Plan-FY24.pdf,nsf.gov,,,—,pending,2026-07-07T12:02:45.980241+00:00,,,,,,,,,,,,,,,,,,,,,,,,,,,,
https://nsf-gov-resources.nsf.gov/files/Affirmative_Action_Plan_2023.pdf,Affirmative_Action_Plan_2023.pdf,nsf.gov,,,—,pending,2026-07-07T12:02:45.982574+00:00,,,,,,,,,,,,,,,,,,,,,,,,,,,,
https://nsf-gov-resources.nsf.gov/files/Affirmative_Action_Plan_2025.pdf,Affirmative_Action_Plan_2025.pdf,nsf.gov,,,—,pending,2026-07-07T12:02:45.984687+00:00,,,,,,,,,,,,,,,,,,,,,,,,,,,,
https://www.whitehouse.gov/wp-content/uploads/2025/07/Americas-AI-Action-Plan.pdf,Americas-AI-Action-Plan.pdf,nsf.gov,whitehouse.gov,521617,509.4 KB,pending,2026-07-07T12:02:45.987440+00:00,,,,,,,,,,,,,,,,,,,,,,,,,,,,
https://nsf-gov-resources.nsf.gov/files/Arctic-Research-Support-and-Logistics-Services-Contracts.pdf?VersionId=OjssohrJmqUilPf2NWlQFheOOtGgI2yk,Arctic-Research-Support-and-Logistics-Services-Contracts.pdf,nsf.gov,,,—,pending,2026-07-07T12:02:46.007747+00:00,,,,,,,,,,,,,,,,,,,,,,,,,,,,
https://files.bsf.org.il/data/FormsToDownload/BSF-NSF_EEID_Call.pdf,BSF-NSF_EEID_Call.pdf,nsf.gov,files.bsf.org.il,,—,pending,2026-07-07T12:02:46.012408+00:00,,,,,,,,,,,,,,,,,,,,,,,,,,,,
https://nsf-gov-resources.nsf.gov/files/Budget%20Update.pdf,Budget%20Update.pdf,nsf.gov,,,—,pending,2026-07-07T12:02:46.017566+00:00,,,,,,,,,,,,,,,,,,,,,,,,,,,,
https://www.uaf.edu/cfos/files/sikuliaq/CECSOP-220216.pdf,CECSOP-220216.pdf,nsf.gov,uaf.edu,,—,pending,2026-07-07T12:02:46.036996+00:00,,,,,,,,,,,,,,,,,,,,,,,,,,,,
https://nsf-gov-resources.nsf.gov/2023-08/CEOSE-Biennial-Report-Handout.pdf,CEOSE-Biennial-Report-Handout.pdf,nsf.gov,,,—,pending,2026-07-07T12:02:46.043563+00:00,,,,,,,,,,,,,,,,,,,,,,,,,,,,
https://nsf-gov-resources.nsf.gov/2023-08/CEOSE-Report-2023_1.pdf,CEOSE-Report-2023_1.pdf,nsf.gov,,,—,pending,2026-07-07T12:02:46.066552+00:00,,,,,,,,,,,,,,,,,,,,,,,,,,,,
https://nsf-gov-resources.nsf.gov/files/CEOSE_STEM-Talent_of_Rural_America_Report.pdf,CEOSE_STEM-Talent_of_Rural_America_Report.pdf,nsf.gov,,,—,pending,2026-07-07T12:02:46.087712+00:00,,,,,,,,,,,,,,,,,,,,,,,,,,,,
https://nsf-gov-resources.nsf.gov/attachments/307790/public/CIRC-transcript.pdf,CIRC-transcript.pdf,nsf.gov,,,—,pending,2026-07-07T12:02:46.092722+00:00,,,,,,,,,,,,,,,,,,,,,,,,,,,,
https://www.congress.gov/116/crpt/hrpt617/CRPT-116hrpt617.pdf,CRPT-116hrpt617.pdf,nsf.gov,congress.gov,5351882,5.1 MB,pending,2026-07-07T12:02:46.106167+00:00,,,,,,,,,,,,,,,,,,,,,,,,,,,,
https://nsf-gov-resources.nsf.gov/attachments/304377/public/CTGC-briefing-office-hours.pdf,CTGC-briefing-office-hours.pdf,nsf.gov,,,—,pending,2026-07-07T12:02:46.119244+00:00,,,,,,,,,,,,,,,,,,,,,,,,,,,,
https://resources.research.gov/common/attachment/Common/Career_deadline.pdf,Career_deadline.pdf,nsf.gov,resources.research.gov,,—,pending,2026-07-07T12:02:46.124666+00:00,,,,,,,,,,,,,,,,,,,,,,,,,,,,
https://nsf-gov-resources.nsf.gov/files/Certificate-of-Indirect-Costs-508.pdf,Certificate-of-Indirect-Costs-508.pdf,nsf.gov,,,—,pending,2026-07-07T12:02:46.129685+00:00,,,,,,,,,,,,,,,,,,,,,,,,,,,,
https://nsf-gov-resources.nsf.gov/files/Commerce-research-terms-conditions-20201112-r.pdf,Commerce-research-terms-conditions-20201112-r.pdf,nsf.gov,,,—,pending,2026-07-07T12:02:46.133677+00:00,,,,,,,,,,,,,,,,,,,,,,,,,,,,
https://nsf-gov-resources.nsf.gov/files/Cyberinfrastrcture_EPSCoR_Live!_508.pdf,Cyberinfrastrcture_EPSCoR_Live!_508.pdf,nsf.gov,,,—,pending,2026-07-07T12:02:46.147186+00:00,,,,,,,,,,,,,,,,,,,,,,,,,,,,
https://nsf-gov-resources.nsf.gov/files/DCL%20AI%20Challenge%20for%20Youth%20Webinar.pdf?VersionId=CFJBZqP.AveNxjfUQpQHpkkBstZFE7hO,DCL%20AI%20Challenge%20for%20Youth%20Webinar.pdf,nsf.gov,,,—,pending,2026-07-07T12:02:46.153892+00:00,,,,,,,,,,,,,,,,,,,,,,,,,,,,
https://digitalus.org/wp-content/uploads/2020/06/DigitalUS-Report-pages-20200602.pdf,DigitalUS-Report-pages-20200602.pdf,nsf.gov,digitalus.org,,—,pending,2026-07-07T12:02:46.178923+00:00,,,,,,,,,,,,,,,,,,,,,,,,,,,,
https://nsf-gov-resources.nsf.gov/files/E-CORE%20PI%20Communications_Feb2026_webinar.pdf,E-CORE%20PI%20Communications_Feb2026_webinar.pdf,nsf.gov,,,—,pending,2026-07-07T12:02:46.191922+00:00,,,,,,,,,,,,,,,,,,,,,,,,,,,,
https://nsf-gov-resources.nsf.gov/files/E-CORE-PI-Comm_2025_webinar.pdf,E-CORE-PI-Comm_2025_webinar.pdf,nsf.gov,,,—,pending,2026-07-07T12:02:46.196579+00:00,,,,,,,,,,,,,,,,,,,,,,,,,,,,
https://nsf-gov-resources.nsf.gov/files/E-CORE.pdf,E-CORE.pdf,nsf.gov,,,—,pending,2026-07-07T12:02:46.201780+00:00,,,,,,,,,,,,,,,,,,,,,,,,,,,,
https://nsf-gov-resources.nsf.gov/files/E-RISE.pdf,E-RISE.pdf,nsf.gov,,,—,pending,2026-07-07T12:02:46.207465+00:00,,,,,,,,,,,,,,,,,,,,,,,,,,,,
https://mcusercontent.com/3ba6db14bf82ff9d1188f1cb9/files/91d3c2ea-4216-4d90-9a3e-7cc315d8d93a/E4USA_June_Teacher_Interview_Sharon_Ball_converted.pdf,E4USA_June_Teacher_Interview_Sharon_Ball_converted.pdf,nsf.gov,mcusercontent.com,,—,pending,2026-07-07T12:02:46.211524+00:00,,,,,,,,,,,,,,,,,,,,,,,,,,,,
https://nsf-gov-resources.nsf.gov/2023-08/EPSCoR%20AREC%20Overview_0.pdf,EPSCoR%20AREC%20Overview_0.pdf,nsf.gov,,,—,pending,2026-07-07T12:02:46.215277+00:00,,,,,,,,,,,,,,,,,,,,,,,,,,,,
https://nsf-gov-resources.nsf.gov/files/EPSCoR%20Programmatic%20Updates.pdf,EPSCoR%20Programmatic%20Updates.pdf,nsf.gov,,,—,pending,2026-07-07T12:02:46.252160+00:00,,,,,,,,,,,,,,,,,,,,,,,,,,,,
https://nsf-gov-resources.nsf.gov/2022-08/EPSCoR%20Report%20Handout_Final_Aug%202022-508_0.pdf,EPSCoR%20Report%20Handout_Final_Aug%202022-508_0.pdf,nsf.gov,,,—,pending,2026-07-07T12:02:46.262514+00:00,,,,,,,,,,,,,,,,,,,,,,,,,,,,
https://nsf-gov-resources.nsf.gov/files/EPSCoR%20Research%20Fellows.pdf,EPSCoR%20Research%20Fellows.pdf,nsf.gov,,,—,pending,2026-07-07T12:02:46.268657+00:00,,,,,,,,,,,,,,,,,,,,,,,,,,,,
https://nsf-gov-resources.nsf.gov/files/EPSCoR-Live-April-2025-508c.pdf,EPSCoR-Live-April-2025-508c.pdf,nsf.gov,,,—,pending,2026-07-07T12:02:46.275969+00:00,,,,,,,,,,,,,,,,,,,,,,,,,,,,
https://nsf-gov-resources.nsf.gov/files/EPSCoR-Live-FEC-Sept-24-2025-slides.pdf,EPSCoR-Live-FEC-Sept-24-2025-slides.pdf,nsf.gov,,,—,pending,2026-07-07T12:02:46.284658+00:00,,,,,,,,,,,,,,,,,,,,,,,,,,,,
https://nsf-gov-resources.nsf.gov/files/EPSCoR-Workshop-july-2025-webinar-slides.pdf,EPSCoR-Workshop-july-2025-webinar-slides.pdf,nsf.gov,,,—,pending,2026-07-07T12:02:46.294376+00:00,,,,,,,,,,,,,,,,,,,,,,,,,,,,
https://nsf-gov-resources.nsf.gov/files/EPSCoRLive-E-RISE-March%202026.pdf,EPSCoRLive-E-RISE-March%202026.pdf,nsf.gov,,,—,pending,2026-07-07T12:02:46.300935+00:00,,,,,,,,,,,,,,,,,,,,,,,,,,,,
https://nsf-gov-resources.nsf.gov/2022-06/EPSCoR_Abstract_2M.pdf,EPSCoR_Abstract_2M.pdf,nsf.gov,,,—,pending,2026-07-07T12:02:46.305006+00:00,,,,,,,,,,,,,,,,,,,,,,,,,,,,
https://nsf-gov-resources.nsf.gov/2022-05/EPSCoR_Factsheet_2020.pdf,EPSCoR_Factsheet_2020.pdf,nsf.gov,,,—,pending,2026-07-07T12:02:46.308963+00:00,,,,,,,,,,,,,,,,,,,,,,,,,,,,
https://nsf-gov-resources.nsf.gov/files/EPSCoR_Live_Dec25_AAAS_Slides.pdf,EPSCoR_Live_Dec25_AAAS_Slides.pdf,nsf.gov,,,—,pending,2026-07-07T12:02:46.314162+00:00,,,,,,,,,,,,,,,,,,,,,,,,,,,,
https://nsf-gov-resources.nsf.gov/files/EPSCoR_Live_Oct25_Adjeroh%20Slides.pdf,EPSCoR_Live_Oct25_Adjeroh%20Slides.pdf,nsf.gov,,,—,pending,2026-07-07T12:02:46.318749+00:00,,,,,,,,,,,,,,,,,,,,,,,,,,,,
https://nsf-gov-resources.nsf.gov/2023-06/EPSCoR_Logic_Model_Outcomes_Indicator_Brochure_0.pdf,EPSCoR_Logic_Model_Outcomes_Indicator_Brochure_0.pdf,nsf.gov,,,—,pending,2026-07-07T12:02:46.341551+00:00,,,,,,,,,,,,,,,,,,,,,,,,,,,,
https://erc-assoc.org/sites/default/files/download-files/ERC%20Brochure%20Dec2023.pdf,ERC%20Brochure%20Dec2023.pdf,nsf.gov,erc-assoc.org,,—,pending,2026-07-07T12:02:46.353979+00:00,,,,,,,,,,,,,,,,,,,,,,,,,,,,
https://nsf-gov-resources.nsf.gov/files/ERF%20EPSCoR%20Live_Jan26.pdf,ERF%20EPSCoR%20Live_Jan26.pdf,nsf.gov,,,—,pending,2026-07-07T12:02:46.363688+00:00,,,,,,,,,,,,,,,,,,,,,,,,,,,,
https://nsf-gov-resources.nsf.gov/files/Energy-research-terms-conditions-2020-11-r.pdf,Energy-research-terms-conditions-2020-11-r.pdf,nsf.gov,,,—,pending,2026-07-07T12:02:46.368260+00:00,,,,,,,,,,,,,,,,,,,,,,,,,,,,
https://www.nitrd.gov/pubs/FACE-SP-FY22-Implementation-Roadmap.pdf,FACE-SP-FY22-Implementation-Roadmap.pdf,nsf.gov,nitrd.gov,,—,pending,2026-07-07T12:02:46.377104+00:00,,,,,,,,,,,,,,,,,,,,,,,,,,,,
https://www.iarpccollaborations.org/uploads/cms/documents/FINAL-IARPC-Implementation-Plan-2025-26-20241203.pdf,FINAL-IARPC-Implementation-Plan-2025-26-20241203.pdf,nsf.gov,iarpccollaborations.org,,—,pending,2026-07-07T12:02:46.407515+00:00,,,,,,,,,,,,,,,,,,,,,,,,,,,,
https://nsf-gov-resources.nsf.gov/files/FY25-OPPdirector-SafetyExpectationMemo-508-Signed.pdf,FY25-OPPdirector-SafetyExpectationMemo-508-Signed.pdf,nsf.gov,,,—,pending,2026-07-07T12:02:46.418826+00:00,,,,,,,,,,,,,,,,,,,,,,,,,,,,
https://www.nitrd.gov/pubs/Federal-Cybersecurity-RD-Strategic-Plan-2023.pdf,Federal-Cybersecurity-RD-Strategic-Plan-2023.pdf,nsf.gov,nitrd.gov,,—,pending,2026-07-07T12:02:46.436134+00:00,,,,,,,,,,,,,,,,,,,,,,,,,,,,
https://nsf-gov-resources.nsf.gov/files/Final-BOI-Report-Mount-Newall-6-Nov-2019-Public-Report.pdf,Final-BOI-Report-Mount-Newall-6-Nov-2019-Public-Report.pdf,nsf.gov,,,—,pending,2026-07-07T12:02:46.448453+00:00,,,,,,,,,,,,,,,,,,,,,,,,,,,,
https://news.agu.org/files/2020/05/Final_AGU_Strategic_Plan_2020_Final.pdf,Final_AGU_Strategic_Plan_2020_Final.pdf,nsf.gov,news.agu.org,,—,pending,2026-07-07T12:02:46.455746+00:00,,,,,,,,,,,,,,,,,,,,,,,,,,,,
https://nsf-gov-resources.nsf.gov/2023-11/FoE%20Response.pdf,FoE%20Response.pdf,nsf.gov,,,—,pending,2026-07-07T12:02:46.460647+00:00,,,,,,,,,,,,,,,,,,,,,,,,,,,,
https://nsf-gov-resources.nsf.gov/files/Focused%20EPSCoR%20Collaborations.pdf,Focused%20EPSCoR%20Collaborations.pdf,nsf.gov,,,—,pending,2026-07-07T12:02:46.466476+00:00,,,,,,,,,,,,,,,,,,,,,,,,,,,,
https://nsf-gov-resources.nsf.gov/2022-10/Future%20of%20NSF%20EPSCoR%20Presentation.pdf,Future%20of%20NSF%20EPSCoR%20Presentation.pdf,nsf.gov,,,—,pending,2026-07-07T12:02:46.473495+00:00,,,,,,,,,,,,,,,,,,,,,,,,,,,,
https://www.nitrd.gov/pubs/Future-Advanced-Computing-Ecosystem-Strategic-Plan-Nov-2020.pdf,Future-Advanced-Computing-Ecosystem-Strategic-Plan-Nov-2020.pdf,nsf.gov,nitrd.gov,641889,626.8 KB,pending,2026-07-07T12:02:46.479066+00:00,,,,,,,,,,,,,,,,,,,,,,,,,,,,
https://nsf-gov-resources.nsf.gov/attachments/306509/public/GEO_OSE_program_webinar_NSF_23-534_public.pdf,GEO_OSE_program_webinar_NSF_23-534_public.pdf,nsf.gov,,,—,pending,2026-07-07T12:02:46.492271+00:00,,,,,,,,,,,,,,,,,,,,,,,,,,,,
https://nsf-gov-resources.nsf.gov/files/Geoinformatics_program_webinar_NSF_23-594.pdf,Geoinformatics_program_webinar_NSF_23-594.pdf,nsf.gov,,,—,pending,2026-07-07T12:02:46.498481+00:00,,,,,,,,,,,,,,,,,,,,,,,,,,,,
https://resources.research.gov/common/attachment/Common/Grants_govProposal_Processing_in_Research.pdf,Grants_govProposal_Processing_in_Research.pdf,nsf.gov,resources.research.gov,71789,70.1 KB,pending,2026-07-07T12:02:46.502140+00:00,,,,,,,,,,,,,,,,,,,,,,,,,,,,
https://resources.research.gov/common/attachment/Desktop/Grants_gov_Integration_with_Research_gov_Guide_Final_508.pdf,Grants_gov_Integration_with_Research_gov_Guide_Final_508.pdf,nsf.gov,resources.research.gov,1066583,1.0 MB,pending,2026-07-07T12:02:46.507045+00:00,,,,,,,,,,,,,,,,,,,,,,,,,,,,
https://nsf-gov-resources.nsf.gov/2022-06/I-CorpsReport--6_4_19FINAL_508_0.pdf,I-CorpsReport--6_4_19FINAL_508_0.pdf,nsf.gov,,,—,pending,2026-07-07T12:02:46.520414+00:00,,,,,,,,,,,,,,,,,,,,,,,,,,,,
https://nsf-gov-resources.nsf.gov/files/IDSS_webinar-FY26.pdf,IDSS_webinar-FY26.pdf,nsf.gov,,,—,pending,2026-07-07T12:02:46.524859+00:00,,,,,,,,,,,,,,,,,,,,,,,,,,,,
https://nsf-gov-resources.nsf.gov/files/Intro-IOS-Core-IntBIO-Tracks-r.pdf,Intro-IOS-Core-IntBIO-Tracks-r.pdf,nsf.gov,,,—,pending,2026-07-07T12:02:46.532371+00:00,,,,,,,,,,,,,,,,,,,,,,,,,,,,
https://nsf-gov-resources.nsf.gov/files/Keynote%20Address.pdf,Keynote%20Address.pdf,nsf.gov,,,—,pending,2026-07-07T12:02:46.562265+00:00,,,,,,,,,,,,,,,,,,,,,,,,,,,,
https://nsf-gov-resources.nsf.gov/files/Lobbying-Certificate-508.pdf,Lobbying-Certificate-508.pdf,nsf.gov,,,—,pending,2026-07-07T12:02:46.567408+00:00,,,,,,,,,,,,,,,,,,,,,,,,,,,,
https://www.whitehouse.gov/wp-content/uploads/2025/09/M-25-34-NSTM-2-Fiscal-Year-FY-2027-Administration-Research-and-Development-Budget-Priorities-and-Cross-Cutting-Actions.pdf,M-25-34-NSTM-2-Fiscal-Year-FY-2027-Administration-Research-and-Development-Budget-Priorities-and-Cross-Cutting-Actions.pdf,nsf.gov,whitehouse.gov,1894361,1.8 MB,pending,2026-07-07T12:02:46.575410+00:00,,,,,,,,,,,,,,,,,,,,,,,,,,,,
https://nsf-gov-resources.nsf.gov/files/Medical-Review-Panel-Charter-2023-r.pdf,Medical-Review-Panel-Charter-2023-r.pdf,nsf.gov,,,—,pending,2026-07-07T12:02:46.580319+00:00,,,,,,,,,,,,,,,,,,,,,,,,,,,,
https://nsf-gov-resources.nsf.gov/files/NAIRR-2-Year-Progress-Update.pdf,NAIRR-2-Year-Progress-Update.pdf,nsf.gov,,8244563,7.9 MB,pending,2026-07-07T12:02:46.600605+00:00,,,,,,,,,,,,,,,,,,,,,,,,,,,,
https://nsf-gov-resources.nsf.gov/attachments/309062/public/NAIRR_Pilot%28508%29.pdf,NAIRR_Pilot%28508%29.pdf,nsf.gov,,,—,pending,2026-07-07T12:02:46.704948+00:00,,,,,,,,,,,,,,,,,,,,,,,,,,,,
https://nsf-gov-resources.nsf.gov/files/NIH-research-terms-conditions-2020-r.pdf,NIH-research-terms-conditions-2020-r.pdf,nsf.gov,,,—,pending,2026-07-07T12:02:46.708557+00:00,,,,,,,,,,,,,,,,,,,,,,,,,,,,
https://nsf-gov-resources.nsf.gov/files/NIH-research-terms-conditions-20210408-r.pdf,NIH-research-terms-conditions-20210408-r.pdf,nsf.gov,,,—,pending,2026-07-07T12:02:46.711902+00:00,,,,,,,,,,,,,,,,,,,,,,,,,,,,
https://nsf-gov-resources.nsf.gov/files/NSBResolutionRecompetitionFacilities_2015-11-19.pdf,NSBResolutionRecompetitionFacilities_2015-11-19.pdf,nsf.gov,,,—,pending,2026-07-07T12:02:46.713683+00:00,,,,,,,,,,,,,,,,,,,,,,,,,,,,
https://nsf-gov-resources.nsf.gov/files/NSBStatementRecompetitionFacilities_2015-11-19.pdf,NSBStatementRecompetitionFacilities_2015-11-19.pdf,nsf.gov,,,—,pending,2026-07-07T12:02:46.715189+00:00,,,,,,,,,,,,,,,,,,,,,,,,,,,,
https://nsf-gov-resources.nsf.gov/files/NSF%20IDSS.pdf,NSF%20IDSS.pdf,nsf.gov,,,—,pending,2026-07-07T12:02:46.722624+00:00,,,,,,,,,,,,,,,,,,,,,,,,,,,,
https://nsf-gov-resources.nsf.gov/attachments/308839/public/NSF-CDH_2024%28508%29.pdf,NSF-CDH_2024%28508%29.pdf,nsf.gov,,,—,pending,2026-07-07T12:02:46.726899+00:00,,,,,,,,,,,,,,,,,,,,,,,,,,,,
https://nsf-gov-resources.nsf.gov/files/NSF-EVM-Gold-Card.pdf,NSF-EVM-Gold-Card.pdf,nsf.gov,,,—,pending,2026-07-07T12:02:46.736123+00:00,,,,,,,,,,,,,,,,,,,,,,,,,,,,
https://nsf-gov-resources.nsf.gov/attachments/306814/public/NSF-FuSe-webinar-2023-508.pdf,NSF-FuSe-webinar-2023-508.pdf,nsf.gov,,,—,pending,2026-07-07T12:02:46.748015+00:00,,,,,,,,,,,,,,,,,,,,,,,,,,,,
https://nsf-gov-resources.nsf.gov/files/NSF-GSS-Implementation-Plan-2025.pdf,NSF-GSS-Implementation-Plan-2025.pdf,nsf.gov,,,—,pending,2026-07-07T12:02:46.751240+00:00,,,,,,,,,,,,,,,,,,,,,,,,,,,,
https://nsf-gov-resources.nsf.gov/files/NSF-I-Corps-for-QuantumX-National-Webinar-6.8.2026.pdf,NSF-I-Corps-for-QuantumX-National-Webinar-6.8.2026.pdf,nsf.gov,,1670350,1.6 MB,pending,2026-07-07T12:02:46.757000+00:00,,,,,,,,,,,,,,,,,,,,,,,,,,,,
https://nsf-gov-resources.nsf.gov/files/NSF-No-FEAR-2023-4th-QTR_0.pdf,NSF-No-FEAR-2023-4th-QTR_0.pdf,nsf.gov,,,—,pending,2026-07-07T12:02:46.762667+00:00,,,,,,,,,,,,,,,,,,,,,,,,,,,,
https://nsf-gov-resources.nsf.gov/files/NSF-OPP-Executive-Summmary.pdf,NSF-OPP-Executive-Summmary.pdf,nsf.gov,,,—,pending,2026-07-07T12:02:46.765433+00:00,,,,,,,,,,,,,,,,,,,,,,,,,,,,
https://nsf-gov-resources.nsf.gov/files/NSF-Privacy-Act-Certification-of-Identity-For.pdf,NSF-Privacy-Act-Certification-of-Identity-For.pdf,nsf.gov,,,—,pending,2026-07-07T12:02:46.768078+00:00,,,,,,,,,,,,,,,,,,,,,,,,,,,,
https://nsf-gov-resources.nsf.gov/files/NSF-Science-on-the-Ice-fifth-edition.pdf,NSF-Science-on-the-Ice-fifth-edition.pdf,nsf.gov,,,—,pending,2026-07-07T12:02:46.800507+00:00,,,,,,,,,,,,,,,,,,,,,,,,,,,,
https://nsf-gov-resources.nsf.gov/files/NSF-UKRI-EOI-Form-r.pdf,NSF-UKRI-EOI-Form-r.pdf,nsf.gov,,,—,pending,2026-07-07T12:02:46.805783+00:00,,,,,,,,,,,,,,,,,,,,,,,,,,,,
https://nsf-gov-resources.nsf.gov/files/NSF-research-terms-conditions-20201005-r.pdf,NSF-research-terms-conditions-20201005-r.pdf,nsf.gov,,,—,pending,2026-07-07T12:02:46.810794+00:00,,,,,,,,,,,,,,,,,,,,,,,,,,,,
https://nsf-gov-resources.nsf.gov/files/NSF-research-terms-conditions-20201112-r.pdf,NSF-research-terms-conditions-20201112-r.pdf,nsf.gov,,,—,pending,2026-07-07T12:02:46.815450+00:00,,,,,,,,,,,,,,,,,,,,,,,,,,,,
https://nsf-gov-resources.nsf.gov/files/NSF-research-terms-conditions-20211004-r.pdf,NSF-research-terms-conditions-20211004-r.pdf,nsf.gov,,,—,pending,2026-07-07T12:02:46.819945+00:00,,,,,,,,,,,,,,,,,,,,,,,,,,,,
https://nsf-gov-resources.nsf.gov/files/NSF-research-terms-conditions-changes-20190225-r_0.pdf,NSF-research-terms-conditions-changes-20190225-r_0.pdf,nsf.gov,,,—,pending,2026-07-07T12:02:46.823968+00:00,,,,,,,,,,,,,,,,,,,,,,,,,,,,
https://nsf-gov-resources.nsf.gov/files/NSF-research-terms-conditions-changes-20201005-r.pdf,NSF-research-terms-conditions-changes-20201005-r.pdf,nsf.gov,,,—,pending,2026-07-07T12:02:46.827974+00:00,,,,,,,,,,,,,,,,,,,,,,,,,,,,
https://nsf-gov-resources.nsf.gov/files/NSF-research-terms-conditions-changes-20201112-r.pdf,NSF-research-terms-conditions-changes-20201112-r.pdf,nsf.gov,,,—,pending,2026-07-07T12:02:46.831789+00:00,,,,,,,,,,,,,,,,,,,,,,,,,,,,
https://nsf-gov-resources.nsf.gov/files/NSF-research-terms-conditions-changes-20211004-r.pdf,NSF-research-terms-conditions-changes-20211004-r.pdf,nsf.gov,,,—,pending,2026-07-07T12:02:46.835612+00:00,,,,,,,,,,,,,,,,,,,,,,,,,,,,
https://nsf-gov-resources.nsf.gov/files/NSF-research-terms-conditions-changes-20220513-r.pdf,NSF-research-terms-conditions-changes-20220513-r.pdf,nsf.gov,,,—,pending,2026-07-07T12:02:46.839228+00:00,,,,,,,,,,,,,,,,,,,,,,,,,,,,
https://nsf-gov-resources.nsf.gov/files/NSF-research-terms-conditions-changes-20230130-r.pdf,NSF-research-terms-conditions-changes-20230130-r.pdf,nsf.gov,,,—,pending,2026-07-07T12:02:46.842543+00:00,,,,,,,,,,,,,,,,,,,,,,,,,,,,
https://nsf-gov-resources.nsf.gov/2022-06/NSFI-Corps2021BiennialReport.pdf,NSFI-Corps2021BiennialReport.pdf,nsf.gov,,,—,pending,2026-07-07T12:02:46.858696+00:00,,,,,,,,,,,,,,,,,,,,,,,,,,,,
https://nsf-gov-resources.nsf.gov/files/NSFPlainLanguageReport_508c.pdf,NSFPlainLanguageReport_508c.pdf,nsf.gov,,3849918,3.7 MB,pending,2026-07-07T12:02:46.870818+00:00,,,,,,,,,,,,,,,,,,,,,,,,,,,,
https://nsf-gov-resources.nsf.gov/files/NSFPostdoc-to-PI-US%20Bioeconomy-r.pdf,NSFPostdoc-to-PI-US%20Bioeconomy-r.pdf,nsf.gov,,,—,pending,2026-07-07T12:02:46.878282+00:00,,,,,,,,,,,,,,,,,,,,,,,,,,,,
https://nsf-gov-resources.nsf.gov/files/NSF_FOIA_Reading_Room_Certification.pdf,NSF_FOIA_Reading_Room_Certification.pdf,nsf.gov,,18105,17.7 KB,pending,2026-07-07T12:02:46.884172+00:00,,,,,,,,,,,,,,,,,,,,,,,,,,,,
https://nsf-gov-resources.nsf.gov/attachments/308947/public/NSF_FuSe2%28508%29.pdf,NSF_FuSe2%28508%29.pdf,nsf.gov,,,—,pending,2026-07-07T12:02:46.892486+00:00,,,,,,,,,,,,,,,,,,,,,,,,,,,,
https://nsf-ic-education.com/NSF_IC_Workshop_Final_Report.pdf,NSF_IC_Workshop_Final_Report.pdf,nsf.gov,nsf-ic-education.com,,—,pending,2026-07-07T12:02:46.897870+00:00,,,,,,,,,,,,,,,,,,,,,,,,,,,,
https://nsf-gov-resources.nsf.gov/files/NSF_No_FEAR_2025_1ST_QTR.pdf,NSF_No_FEAR_2025_1ST_QTR.pdf,nsf.gov,,,—,pending,2026-07-07T12:02:46.901901+00:00,,,,,,,,,,,,,,,,,,,,,,,,,,,,
https://nsf-gov-resources.nsf.gov/files/NSPM33-Implementation-Guidance-May2024.pdf,NSPM33-Implementation-Guidance-May2024.pdf,nsf.gov,,1831151,1.7 MB,pending,2026-07-07T12:02:46.909029+00:00,,,,,,,,,,,,,,,,,,,,,,,,,,,,
https://www.nitrd.gov/pubs/National-AI-RD-Strategy-2019.pdf,National-AI-RD-Strategy-2019.pdf,nsf.gov,nitrd.gov,,—,pending,2026-07-07T12:02:46.914821+00:00,,,,,,,,,,,,,,,,,,,,,,,,,,,,
https://www.nitrd.gov/pubs/National-Artificial-Intelligence-Research-and-Development-Strategic-Plan-2023-Update.pdf,National-Artificial-Intelligence-Research-and-Development-Strategic-Plan-2023-Update.pdf,nsf.gov,nitrd.gov,,—,pending,2026-07-07T12:02:46.920965+00:00,,,,,,,,,,,,,,,,,,,,,,,,,,,,
https://nsf-gov-resources.nsf.gov/files/National-Policy-Requirements-for-Recipients-of-NSF-Awards-r.pdf,National-Policy-Requirements-for-Recipients-of-NSF-Awards-r.pdf,nsf.gov,,,—,pending,2026-07-07T12:02:46.925158+00:00,,,,,,,,,,,,,,,,,,,,,,,,,,,,
https://www.nitrd.gov/pubs/National-Spectrum-RD-Plan-2024.pdf,National-Spectrum-RD-Plan-2024.pdf,nsf.gov,nitrd.gov,,—,pending,2026-07-07T12:02:46.930422+00:00,,,,,,,,,,,,,,,,,,,,,,,,,,,,
https://www.nitrd.gov/pubs/National-Strategic-Computing-Initiative-Update-2019.pdf,National-Strategic-Computing-Initiative-Update-2019.pdf,nsf.gov,nitrd.gov,,—,pending,2026-07-07T12:02:46.936029+00:00,,,,,,,,,,,,,,,,,,,,,,,,,,,,
https://www.nitrd.gov/pubs/National-Strategy-to-Advance-Privacy-Preserving-Data-Sharing-and-Analytics.pdf,National-Strategy-to-Advance-Privacy-Preserving-Data-Sharing-and-Analytics.pdf,nsf.gov,nitrd.gov,,—,pending,2026-07-07T12:02:46.941354+00:00,,,,,,,,,,,,,,,,,,,,,,,,,,,,
https://www.nitrd.gov/pubs/NationalPrivacyResearchStrategy.pdf,NationalPrivacyResearchStrategy.pdf,nsf.gov,nitrd.gov,,—,pending,2026-07-07T12:02:46.946928+00:00,,,,,,,,,,,,,,,,,,,,,,,,,,,,
https://nsf-gov-resources.nsf.gov/files/No-FEAR-Act-Data-FY2020-Q1.pdf,No-FEAR-Act-Data-FY2020-Q1.pdf,nsf.gov,,203152,198.4 KB,pending,2026-07-07T12:02:46.950952+00:00,,,,,,,,,,,,,,,,,,,,,,,,,,,,
https://nsf-gov-resources.nsf.gov/files/No-FEAR-Act-Data-FY2020-Q2.pdf,No-FEAR-Act-Data-FY2020-Q2.pdf,nsf.gov,,203307,198.5 KB,pending,2026-07-07T12:02:46.954615+00:00,,,,,,,,,,,,,,,,,,,,,,,,,,,,
https://nsf-gov-resources.nsf.gov/files/No-FEAR-Act-Data-FY2020-Q3.pdf,No-FEAR-Act-Data-FY2020-Q3.pdf,nsf.gov,,,—,pending,2026-07-07T12:02:46.957734+00:00,,,,,,,,,,,,,,,,,,,,,,,,,,,,
https://nsf-gov-resources.nsf.gov/files/No-FEAR-Act-Data-FY2020-Q4.pdf,No-FEAR-Act-Data-FY2020-Q4.pdf,nsf.gov,,,—,pending,2026-07-07T12:02:46.960376+00:00,,,,,,,,,,,,,,,,,,,,,,,,,,,,
https://nsf-gov-resources.nsf.gov/files/No-FEAR-Act-Data-FY2021-Q1.pdf,No-FEAR-Act-Data-FY2021-Q1.pdf,nsf.gov,,,—,pending,2026-07-07T12:02:46.962718+00:00,,,,,,,,,,,,,,,,,,,,,,,,,,,,
https://nsf-gov-resources.nsf.gov/files/No-FEAR-Act-Data-FY2021-Q2.pdf,No-FEAR-Act-Data-FY2021-Q2.pdf,nsf.gov,,,—,pending,2026-07-07T12:02:46.965037+00:00,,,,,,,,,,,,,,,,,,,,,,,,,,,,
https://nsf-gov-resources.nsf.gov/files/No-FEAR-Act-Data-FY2021-Q3.pdf,No-FEAR-Act-Data-FY2021-Q3.pdf,nsf.gov,,,—,pending,2026-07-07T12:02:46.967111+00:00,,,,,,,,,,,,,,,,,,,,,,,,,,,,
https://nsf-gov-resources.nsf.gov/files/No-FEAR-Act-Data-FY2021-Q4.pdf,No-FEAR-Act-Data-FY2021-Q4.pdf,nsf.gov,,,—,pending,2026-07-07T12:02:46.969394+00:00,,,,,,,,,,,,,,,,,,,,,,,,,,,,
https://nsf-gov-resources.nsf.gov/files/No-FEAR-Act-Data-FY2022-Q1.pdf,No-FEAR-Act-Data-FY2022-Q1.pdf,nsf.gov,,,—,pending,2026-07-07T12:02:46.971877+00:00,,,,,,,,,,,,,,,,,,,,,,,,,,,,
https://nsf-gov-resources.nsf.gov/files/No-FEAR-Act-Data-FY2022-Q2.pdf,No-FEAR-Act-Data-FY2022-Q2.pdf,nsf.gov,,,—,pending,2026-07-07T12:02:46.974583+00:00,,,,,,,,,,,,,,,,,,,,,,,,,,,,
https://nsf-gov-resources.nsf.gov/files/No-FEAR-Act-Data-FY2022-Q3.pdf,No-FEAR-Act-Data-FY2022-Q3.pdf,nsf.gov,,,—,pending,2026-07-07T12:02:46.977730+00:00,,,,,,,,,,,,,,,,,,,,,,,,,,,,
https://nsf-gov-resources.nsf.gov/files/No-FEAR-Act-Data-FY2022-Q4.pdf,No-FEAR-Act-Data-FY2022-Q4.pdf,nsf.gov,,,—,pending,2026-07-07T12:02:46.981191+00:00,,,,,,,,,,,,,,,,,,,,,,,,,,,,
https://nsf-gov-resources.nsf.gov/files/No-FEAR-Act-Data-FY2023-Q1.pdf,No-FEAR-Act-Data-FY2023-Q1.pdf,nsf.gov,,,—,pending,2026-07-07T12:02:46.984756+00:00,,,,,,,,,,,,,,,,,,,,,,,,,,,,
https://nsf-gov-resources.nsf.gov/files/No-FEAR-Act-Data-FY2023-Q2.pdf,No-FEAR-Act-Data-FY2023-Q2.pdf,nsf.gov,,,—,pending,2026-07-07T12:02:46.988070+00:00,,,,,,,,,,,,,,,,,,,,,,,,,,,,
https://nsf-gov-resources.nsf.gov/files/No-FEAR-Act-Data-FY2023-Q3.pdf,No-FEAR-Act-Data-FY2023-Q3.pdf,nsf.gov,,,—,pending,2026-07-07T12:02:46.991523+00:00,,,,,,,,,,,,,,,,,,,,,,,,,,,,
https://nsf-gov-resources.nsf.gov/files/No-FEAR-Act-Data-FY2024-Q1.pdf,No-FEAR-Act-Data-FY2024-Q1.pdf,nsf.gov,,,—,pending,2026-07-07T12:02:46.994741+00:00,,,,,,,,,,,,,,,,,,,,,,,,,,,,
https://nsf-gov-resources.nsf.gov/files/No-FEAR-Act-Data-FY2024-Q2.pdf,No-FEAR-Act-Data-FY2024-Q2.pdf,nsf.gov,,,—,pending,2026-07-07T12:02:46.998508+00:00,,,,,,,,,,,,,,,,,,,,,,,,,,,,
https://nsf-gov-resources.nsf.gov/files/No-FEAR-Act-Data-FY2024-Q3.pdf,No-FEAR-Act-Data-FY2024-Q3.pdf,nsf.gov,,,—,pending,2026-07-07T12:02:47.003498+00:00,,,,,,,,,,,,,,,,,,,,,,,,,,,,
https://nsf-gov-resources.nsf.gov/files/No-FEAR-Act-Data-FY2024-Q4.pdf,No-FEAR-Act-Data-FY2024-Q4.pdf,nsf.gov,,,—,pending,2026-07-07T12:02:47.009357+00:00,,,,,,,,,,,,,,,,,,,,,,,,,,,,
https://nsf-gov-resources.nsf.gov/files/No-FEAR-Report-FY-2020.pdf,No-FEAR-Report-FY-2020.pdf,nsf.gov,,,—,pending,2026-07-07T12:02:47.013567+00:00,,,,,,,,,,,,,,,,,,,,,,,,,,,,
https://nsf-gov-resources.nsf.gov/files/No-Fear-Report-FY-25-2nd-Qtr.pdf,No-Fear-Report-FY-25-2nd-Qtr.pdf,nsf.gov,,,—,pending,2026-07-07T12:02:47.018297+00:00,,,,,,,,,,,,,,,,,,,,,,,,,,,,
https://nsf-gov-resources.nsf.gov/files/No-Fear-Report-FY-25-3rd-Qtr.pdf,No-Fear-Report-FY-25-3rd-Qtr.pdf,nsf.gov,,,—,pending,2026-07-07T12:02:47.022610+00:00,,,,,,,,,,,,,,,,,,,,,,,,,,,,
https://nsf-gov-resources.nsf.gov/files/No-Fear-Report-FY-25-4th-Qtr.pdf,No-Fear-Report-FY-25-4th-Qtr.pdf,nsf.gov,,,—,pending,2026-07-07T12:02:47.026124+00:00,,,,,,,,,,,,,,,,,,,,,,,,,,,,
https://nsf-gov-resources.nsf.gov/files/No-Fear-Report-FY-26-1st-Qtr.pdf,No-Fear-Report-FY-26-1st-Qtr.pdf,nsf.gov,,,—,pending,2026-07-07T12:02:47.029290+00:00,,,,,,,,,,,,,,,,,,,,,,,,,,,,
https://nsf-gov-resources.nsf.gov/files/No-Fear-Report-FY-26-2nd-Qtr.pdf,No-Fear-Report-FY-26-2nd-Qtr.pdf,nsf.gov,,,—,pending,2026-07-07T12:02:47.032344+00:00,,,,,,,,,,,,,,,,,,,,,,,,,,,,
https://www.educationsuperhighway.org/wp-content/uploads/No-Home-Left-Offline-Report_EducationSuperHighway2021.pdf,No-Home-Left-Offline-Report_EducationSuperHighway2021.pdf,nsf.gov,educationsuperhighway.org,,—,pending,2026-07-07T12:02:47.045450+00:00,,,,,,,,,,,,,,,,,,,,,,,,,,,,
https://nsf-gov-resources.nsf.gov/files/OPP-MisfitPenguins-DIY-2022-508-Final.pdf,OPP-MisfitPenguins-DIY-2022-508-Final.pdf,nsf.gov,,,—,pending,2026-07-07T12:02:47.061588+00:00,,,,,,,,,,,,,,,,,,,,,,,,,,,,
https://nsf-gov-resources.nsf.gov/files/OPP-USAP-AtSea-May2024.pdf,OPP-USAP-AtSea-May2024.pdf,nsf.gov,,,—,pending,2026-07-07T12:02:47.068864+00:00,,,,,,,,,,,,,,,,,,,,,,,,,,,,
https://nsf-gov-resources.nsf.gov/files/OPP-USAP-InTheSky-May2024.pdf,OPP-USAP-InTheSky-May2024.pdf,nsf.gov,,,—,pending,2026-07-07T12:02:47.078234+00:00,,,,,,,,,,,,,,,,,,,,,,,,,,,,
https://nsf-gov-resources.nsf.gov/files/OPP-USAP-OnLand-May2024.pdf,OPP-USAP-OnLand-May2024.pdf,nsf.gov,,,—,pending,2026-07-07T12:02:47.087136+00:00,,,,,,,,,,,,,,,,,,,,,,,,,,,,
https://nsf-gov-resources.nsf.gov/files/OPP_USAP_Overview_April2025_508.pdf,OPP_USAP_Overview_April2025_508.pdf,nsf.gov,,,—,pending,2026-07-07T12:02:47.092567+00:00,,,,,,,,,,,,,,,,,,,,,,,,,,,,
https://www.osha.gov/sites/default/files/publications/OSHA2254.pdf,OSHA2254.pdf,nsf.gov,osha.gov,,—,pending,2026-07-07T12:02:47.108023+00:00,,,,,,,,,,,,,,,,,,,,,,,,,,,,
https://www.whitehouse.gov/wp-content/uploads/2025/03/OSTP-Guidance-for-GSS-June-2025.pdf,OSTP-Guidance-for-GSS-June-2025.pdf,nsf.gov,whitehouse.gov,2385836,2.3 MB,pending,2026-07-07T12:02:47.116987+00:00,,,,,,,,,,,,,,,,,,,,,,,,,,,,
https://nsf-gov-resources.nsf.gov/attachments/310407/public/Oct_VOH_slides.pdf,Oct_VOH_slides.pdf,nsf.gov,,,—,pending,2026-07-07T12:02:47.124662+00:00,,,,,,,,,,,,,,,,,,,,,,,,,,,,
https://nsf-gov-resources.nsf.gov/files/Overview%20of%20Award%20Management.pdf,Overview%20of%20Award%20Management.pdf,nsf.gov,,,—,pending,2026-07-07T12:02:47.131183+00:00,,,,,,,,,,,,,,,,,,,,,,,,,,,,
https://nsf-gov-resources.nsf.gov/files/PAPPG-24-1-ex3_1_0.pdf,PAPPG-24-1-ex3_1_0.pdf,nsf.gov,,,—,pending,2026-07-07T12:02:47.134996+00:00,,,,,,,,,,,,,,,,,,,,,,,,,,,,
https://nsf-gov-resources.nsf.gov/files/PIA-2023-and-2025-Survey-of-Doctorate-Recipients.pdf,PIA-2023-and-2025-Survey-of-Doctorate-Recipients.pdf,nsf.gov,,431443,421.3 KB,pending,2026-07-07T12:02:47.138019+00:00,,,,,,,,,,,,,,,,,,,,,,,,,,,,
https://nsf-gov-resources.nsf.gov/files/PIA-MyNSF.pdf,PIA-MyNSF.pdf,nsf.gov,,247609,241.8 KB,pending,2026-07-07T12:02:47.140105+00:00,,,,,,,,,,,,,,,,,,,,,,,,,,,,
https://nsf-gov-resources.nsf.gov/files/PIA-Rgov.pdf,PIA-Rgov.pdf,nsf.gov,,342352,334.3 KB,pending,2026-07-07T12:02:47.142231+00:00,,,,,,,,,,,,,,,,,,,,,,,,,,,,
https://nsf-gov-resources.nsf.gov/files/PIA-SESTAT.pdf,PIA-SESTAT.pdf,nsf.gov,,245772,240.0 KB,pending,2026-07-07T12:02:47.144268+00:00,,,,,,,,,,,,,,,,,,,,,,,,,,,,
https://nsf-gov-resources.nsf.gov/files/PIA-eJacket.pdf,PIA-eJacket.pdf,nsf.gov,,265906,259.7 KB,pending,2026-07-07T12:02:47.146258+00:00,,,,,,,,,,,,,,,,,,,,,,,,,,,,
https://nsf-gov-resources.nsf.gov/files/PIA-iTRAK.pdf,PIA-iTRAK.pdf,nsf.gov,,173975,169.9 KB,pending,2026-07-07T12:02:47.147936+00:00,,,,,,,,,,,,,,,,,,,,,,,,,,,,
https://nsf-gov-resources.nsf.gov/files/PIA_FastLane.pdf,PIA_FastLane.pdf,nsf.gov,,201968,197.2 KB,pending,2026-07-07T12:02:47.149634+00:00,,,,,,,,,,,,,,,,,,,,,,,,,,,,
https://dgmg81phhvh63.cloudfront.net/content/user-photos/Publications/Archives/Selected/PKALAchievingSystChange_2014.pdf,PKALAchievingSystChange_2014.pdf,nsf.gov,dgmg81phhvh63.cloudfront.net,,—,pending,2026-07-07T12:02:47.156412+00:00,,,,,,,,,,,,,,,,,,,,,,,,,,,,
https://www.congress.gov/106/plaws/publ313/PLAW-106publ313.pdf,PLAW-106publ313.pdf,nsf.gov,congress.gov,,—,pending,2026-07-07T12:02:47.158634+00:00,,,,,,,,,,,,,,,,,,,,,,,,,,,,
https://www.govinfo.gov/content/pkg/PLAW-117publ167/pdf/PLAW-117publ167.pdf,PLAW-117publ167.pdf,nsf.gov,govinfo.gov,,—,pending,2026-07-07T12:02:47.162437+00:00,,,,,,,,,,,,,,,,,,,,,,,,,,,,
https://www.congress.gov/117/plaws/publ58/PLAW-117publ58.pdf,PLAW-117publ58.pdf,nsf.gov,congress.gov,2690984,2.6 MB,pending,2026-07-07T12:02:47.169347+00:00,,,,,,,,,,,,,,,,,,,,,,,,,,,,
https://nsf-gov-resources.nsf.gov/files/PO_Recruitment_Webinar%20_08_07_24.pdf,PO_Recruitment_Webinar%20_08_07_24.pdf,nsf.gov,,,—,pending,2026-07-07T12:02:47.175339+00:00,,,,,,,,,,,,,,,,,,,,,,,,,,,,
https://nsf-gov-resources.nsf.gov/files/Post-Award%20Management.pdf,Post-Award%20Management.pdf,nsf.gov,,,—,pending,2026-07-07T12:02:47.181742+00:00,,,,,,,,,,,,,,,,,,,,,,,,,,,,
https://nsf-gov-resources.nsf.gov/files/Postdoc-to-PI-NSF-Review-Process-r.pdf,Postdoc-to-PI-NSF-Review-Process-r.pdf,nsf.gov,,,—,pending,2026-07-07T12:02:47.185529+00:00,,,,,,,,,,,,,,,,,,,,,,,,,,,,
https://nsf-gov-resources.nsf.gov/files/Postdoc-to-PI-welcome-r.pdf,Postdoc-to-PI-welcome-r.pdf,nsf.gov,,,—,pending,2026-07-07T12:02:47.189153+00:00,,,,,,,,,,,,,,,,,,,,,,,,,,,,
https://nsf-gov-resources.nsf.gov/files/Postdoc_Reference_Letter_Submission_Guide_Sept_2024_Final_508%201_0.pdf?VersionId=cwogsX4E2fvH1cd_I6vRY5ADeQ218BSL,Postdoc_Reference_Letter_Submission_Guide_Sept_2024_Final_508%201_0.pdf,nsf.gov,,,—,pending,2026-07-07T12:02:47.193239+00:00,,,,,,,,,,,,,,,,,,,,,,,,,,,,
https://nsf-gov-resources.nsf.gov/files/Proposal-2315695.pdf,Proposal-2315695.pdf,nsf.gov,,,—,pending,2026-07-07T12:02:47.196911+00:00,,,,,,,,,,,,,,,,,,,,,,,,,,,,
https://nsf-gov-resources.nsf.gov/files/Proposal-2315782.pdf,Proposal-2315782.pdf,nsf.gov,,,—,pending,2026-07-07T12:02:47.202392+00:00,,,,,,,,,,,,,,,,,,,,,,,,,,,,
https://nsf-gov-resources.nsf.gov/files/Quarterly%20Report%20FY24%20Q4.pdf,Quarterly%20Report%20FY24%20Q4.pdf,nsf.gov,,276872,270.4 KB,pending,2026-07-07T12:02:47.204852+00:00,,,,,,,,,,,,,,,,,,,,,,,,,,,,
https://nsf-gov-resources.nsf.gov/files/Quarterly-Report-FY25-First-Quarter.pdf,Quarterly-Report-FY25-First-Quarter.pdf,nsf.gov,,241986,236.3 KB,pending,2026-07-07T12:02:47.206763+00:00,,,,,,,,,,,,,,,,,,,,,,,,,,,,
https://nsf-gov-resources.nsf.gov/files/RTG-Program-Meeting-Report-r.pdf,RTG-Program-Meeting-Report-r.pdf,nsf.gov,,,—,pending,2026-07-07T12:02:47.209851+00:00,,,,,,,,,,,,,,,,,,,,,,,,,,,,
https://nsf-gov-resources.nsf.gov/files/RV-Subcommittee-final-report-14AUG2019.pdf,RV-Subcommittee-final-report-14AUG2019.pdf,nsf.gov,,,—,pending,2026-07-07T12:02:47.216230+00:00,,,,,,,,,,,,,,,,,,,,,,,,,,,,
https://nsf-gov-resources.nsf.gov/attachments/306457/public/RoughTranscript-ACSS.pdf,RoughTranscript-ACSS.pdf,nsf.gov,,,—,pending,2026-07-07T12:02:47.218494+00:00,,,,,,,,,,,,,,,,,,,,,,,,,,,,
https://nsf-gov-resources.nsf.gov/files/SBE-SBP-program-list.pdf,SBE-SBP-program-list.pdf,nsf.gov,,,—,pending,2026-07-07T12:02:47.221219+00:00,,,,,,,,,,,,,,,,,,,,,,,,,,,,
https://seedfund.nsf.gov/assets/files/applicants/SBIRpostdocflyer_5.2025.pdf,SBIRpostdocflyer_5.2025.pdf,nsf.gov,,,—,pending,2026-07-07T12:02:47.238274+00:00,,,,,,,,,,,,,,,,,,,,,,,,,,,,
https://www.semiconductors.org/wp-content/uploads/2021/05/SIA-Impact_May2021-FINAL-May-19-2021_2.pdf,SIA-Impact_May2021-FINAL-May-19-2021_2.pdf,nsf.gov,semiconductors.org,,—,pending,2026-07-07T12:02:47.246666+00:00,,,,,,,,,,,,,,,,,,,,,,,,,,,,
https://nsf-gov-resources.nsf.gov/files/SOH-POL_2000.10-VOL1-June2025.pdf,SOH-POL_2000.10-VOL1-June2025.pdf,nsf.gov,,,—,pending,2026-07-07T12:02:47.253319+00:00,,,,,,,,,,,,,,,,,,,,,,,,,,,,
https://nsf-gov-resources.nsf.gov/files/SOR_PA_NSF-51_Reviewer_Proposal_File.pdf,SOR_PA_NSF-51_Reviewer_Proposal_File.pdf,nsf.gov,,131647,128.6 KB,pending,2026-07-07T12:02:47.258171+00:00,,,,,,,,,,,,,,,,,,,,,,,,,,,,
https://nsf-gov-resources.nsf.gov/files/SPRF-Administrative-Guide-2025.pdf,SPRF-Administrative-Guide-2025.pdf,nsf.gov,,,—,pending,2026-07-07T12:02:47.260680+00:00,,,,,,,,,,,,,,,,,,,,,,,,,,,,
https://nsf-gov-resources.nsf.gov/attachments/310446/public/STC-Webinar-October-2024-508c.pdf,STC-Webinar-October-2024-508c.pdf,nsf.gov,,,—,pending,2026-07-07T12:02:47.263319+00:00,,,,,,,,,,,,,,,,,,,,,,,,,,,,
https://nsf-gov-resources.nsf.gov/attachments/310245/public/STC-Webinar-Sept-2024-508c.pdf,STC-Webinar-Sept-2024-508c.pdf,nsf.gov,,,—,pending,2026-07-07T12:02:47.265837+00:00,,,,,,,,,,,,,,,,,,,,,,,,,,,,
https://trumpwhitehouse.archives.gov/wp-content/uploads/2018/12/STEM-Education-Strategic-Plan-2018.pdf,STEM-Education-Strategic-Plan-2018-0.pdf,nsf.gov,trumpwhitehouse.archives.gov,,—,pending,2026-07-07T12:02:47.272862+00:00,,,,,,,,,,,,,,,,,,,,,,,,,,,,
https://www.energy.gov/sites/default/files/2019/05/f62/STEM-Education-Strategic-Plan-2018.pdf,STEM-Education-Strategic-Plan-2018.pdf,nsf.gov,energy.gov,,—,pending,2026-07-07T12:02:47.282350+00:00,,,,,,,,,,,,,,,,,,,,,,,,,,,,
https://www.cdc.gov/violence-prevention/media/pdf/resources-for-action/SV-Prevention-Resource_508.pdf,SV-Prevention-Resource_508.pdf,nsf.gov,cdc.gov,,—,pending,2026-07-07T12:02:47.292814+00:00,,,,,,,,,,,,,,,,,,,,,,,,,,,,
https://nsf-gov-resources.nsf.gov/files/Sample-Allocation-Salaries-Wages-508.pdf,Sample-Allocation-Salaries-Wages-508.pdf,nsf.gov,,,—,pending,2026-07-07T12:02:47.297017+00:00,,,,,,,,,,,,,,,,,,,,,,,,,,,,
https://nsf-gov-resources.nsf.gov/files/Sample-IDC-Calculation-For-Profit-508.pdf,Sample-IDC-Calculation-For-Profit-508.pdf,nsf.gov,,,—,pending,2026-07-07T12:02:47.300177+00:00,,,,,,,,,,,,,,,,,,,,,,,,,,,,
https://nsf-gov-resources.nsf.gov/files/Sample-IDC-Calculation-Nonprofit-508.pdf,Sample-IDC-Calculation-Nonprofit-508.pdf,nsf.gov,,,—,pending,2026-07-07T12:02:47.302872+00:00,,,,,,,,,,,,,,,,,,,,,,,,,,,,
https://nsf-gov-resources.nsf.gov/files/Sample-Statement-Employee-Fringe-Benefits-508.pdf,Sample-Statement-Employee-Fringe-Benefits-508.pdf,nsf.gov,,,—,pending,2026-07-07T12:02:47.305253+00:00,,,,,,,,,,,,,,,,,,,,,,,,,,,,
https://www.aau.edu/sites/default/files/AAU-Files/STEM-Education-Initiative/Scaling-Change-Higher-Education-Guide-Stakeholders.pdf,Scaling-Change-Higher-Education-Guide-Stakeholders.pdf,nsf.gov,aau.edu,,—,pending,2026-07-07T12:02:47.307992+00:00,,,,,,,,,,,,,,,,,,,,,,,,,,,,
https://resources.research.gov/common/attachment/Desktop/Single_ID_FAQs.pdf,Single_ID_FAQs.pdf,nsf.gov,resources.research.gov,,—,pending,2026-07-07T12:02:47.310216+00:00,,,,,,,,,,,,,,,,,,,,,,,,,,,,
https://resources.research.gov/common/attachment/Desktop/Single_ID_Help.pdf,Single_ID_Help.pdf,nsf.gov,resources.research.gov,8224651,7.8 MB,pending,2026-07-31T18:57:06.746577+00:00,,,,,,,,,,,,,,,,,,,,,,,,,,,,
https://trumpwhitehouse.archives.gov/wp-content/uploads/2018/12/Summary-of-2018-STEM-Ed-Stategic-Plan-Release-Event.pdf,Summary-of-2018-STEM-Ed-Stategic-Plan-Release-Event.pdf,nsf.gov,trumpwhitehouse.archives.gov,,—,pending,2026-07-07T12:02:47.331434+00:00,,,,,,,,,,,,,,,,,,,,,,,,,,,,
https://nsf-gov-resources.nsf.gov/2023-06/TIP_I-CorpsReport_2023_Final_6.21.2023.508.pdf,TIP_I-CorpsReport_2023_Final_6.21.2023.508.pdf,nsf.gov,,,—,pending,2026-07-07T12:02:47.368391+00:00,,,,,,,,,,,,,,,,,,,,,,,,,,,,
https://nsf-gov-resources.nsf.gov/files/TIP_Impact_EPSCoR_2.12.2024%20%281%29.pdf,TIP_Impact_EPSCoR_2.12.2024%20%281%29.pdf,nsf.gov,,,—,pending,2026-07-07T12:02:47.386023+00:00,,,,,,,,,,,,,,,,,,,,,,,,,,,,
https://nsf-gov-resources.nsf.gov/files/TTP_0.pdf,TTP_0.pdf,nsf.gov,,,—,pending,2026-07-07T12:02:47.391685+00:00,,,,,,,,,,,,,,,,,,,,,,,,,,,,
https://nsf-gov-resources.nsf.gov/files/USAP-Safe-Respectful-Work-Environment-Policy.pdf,USAP-Safe-Respectful-Work-Environment-Policy.pdf,nsf.gov,,,—,pending,2026-07-07T12:02:47.396629+00:00,,,,,,,,,,,,,,,,,,,,,,,,,,,,
https://www.govinfo.gov/content/pkg/USCODE-2011-title49/pdf/USCODE-2011-title49-subtitleVII-partA-subparti-chap401-sec40118.pdf,USCODE-2011-title49-subtitleVII-partA-subparti-chap401-sec40118.pdf,nsf.gov,govinfo.gov,,—,pending,2026-07-07T12:02:47.401276+00:00,,,,,,,,,,,,,,,,,,,,,,,,,,,,
https://www.govinfo.gov/content/pkg/USCODE-2024-title20/pdf/USCODE-2024-title20-chap28-subchapI-partA-sec1001.pdf,USCODE-2024-title20-chap28-subchapI-partA-sec1001.pdf,nsf.gov,govinfo.gov,,—,pending,2026-07-07T12:02:47.405490+00:00,,,,,,,,,,,,,,,,,,,,,,,,,,,,
https://grants.nih.gov/grants/olaw/VASchecklist.pdf,VASchecklist.pdf,nsf.gov,grants.nih.gov,,—,pending,2026-07-07T12:02:47.409317+00:00,,,,,,,,,,,,,,,,,,,,,,,,,,,,
https://nsf-gov-resources.nsf.gov/files/VINES%20Track%201(508).pdf,VINES%20Track%201(508).pdf,nsf.gov,,,—,pending,2026-07-07T12:02:47.414556+00:00,,,,,,,,,,,,,,,,,,,,,,,,,,,,
https://www.whitehouse.gov/wp-content/uploads/2026/01/WHOSTP-2025-Wins.pdf,WHOSTP-2025-Wins.pdf,nsf.gov,whitehouse.gov,2318348,2.2 MB,pending,2026-07-07T12:02:47.422556+00:00,,,,,,,,,,,,,,,,,,,,,,,,,,,,
https://nsf-gov-resources.nsf.gov/files/Web-AIRA_National_Lead_Webinar_June_11_2026.pdf,Web-AIRA_National_Lead_Webinar_June_11_2026.pdf,nsf.gov,,,—,pending,2026-07-07T12:02:47.433668+00:00,,,,,,,,,,,,,,,,,,,,,,,,,,,,
https://nsf-gov-resources.nsf.gov/attachments/310618/public/WebinarNSF25-506.pdf,WebinarNSF25-506.pdf,nsf.gov,,,—,pending,2026-07-07T12:02:47.440565+00:00,,,,,,,,,,,,,,,,,,,,,,,,,,,,
https://nsf-gov-resources.nsf.gov/files/agencyimpstatements-20201112-r.pdf,agencyimpstatements-20201112-r.pdf,nsf.gov,,,—,pending,2026-07-07T12:02:47.445466+00:00,,,,,,,,,,,,,,,,,,,,,,,,,,,,
https://nsf-gov-resources.nsf.gov/files/appendix-b-r.pdf,appendix-b-r.pdf,nsf.gov,,,—,pending,2026-07-07T12:02:47.450939+00:00,,,,,,,,,,,,,,,,,,,,,,,,,,,,
https://nsf-gov-resources.nsf.gov/files/appendix-c-r.pdf,appendix-c-r.pdf,nsf.gov,,,—,pending,2026-07-07T12:02:47.456193+00:00,,,,,,,,,,,,,,,,,,,,,,,,,,,,
https://www.iarpccollaborations.org/uploads/cms/documents/arpa_amended.pdf,arpa_amended.pdf,nsf.gov,iarpccollaborations.org,,—,pending,2026-07-07T12:02:47.460589+00:00,,,,,,,,,,,,,,,,,,,,,,,,,,,,
https://nsf-gov-resources.nsf.gov/files/biographical-sketch-common-form.pdf,biographical-sketch-common-form.pdf,nsf.gov,,,—,pending,2026-07-07T12:02:47.465111+00:00,,,,,,,,,,,,,,,,,,,,,,,,,,,,
https://nsf-gov-resources.nsf.gov/files/contract-award-sf-33-and-sections-a-through-j-through-section-j-table-of-contents-1-redacted-r.pdf,contract-award-sf-33-and-sections-a-through-j-through-section-j-table-of-contents-1-redacted-r.pdf,nsf.gov,,,—,pending,2026-07-07T12:02:47.474641+00:00,,,,,,,,,,,,,,,,,,,,,,,,,,,,
https://nsf-gov-resources.nsf.gov/files/copy-of-section-j-attachment-7-assignable-subcontracts-leases-charters-and-operator-agreement-listing-1-redacted-r.pdf,copy-of-section-j-attachment-7-assignable-subcontracts-leases-charters-and-operator-agreement-listing-1-redacted-r.pdf,nsf.gov,,,—,pending,2026-07-07T12:02:47.480169+00:00,,,,,,,,,,,,,,,,,,,,,,,,,,,,
https://www.nsf.gov/mps/data-management-sharing-plan,data-management-sharing-plan.pdf,nsf.gov,,,—,pending,2026-07-07T12:02:47.484941+00:00,,,,,,,,,,,,,,,,,,,,,,,,,,,,
https://evalu-ate.org/?s=,doc-66ecc7a0.pdf,nsf.gov,evalu-ate.org,,—,pending,2026-07-07T12:02:47.489587+00:00,,,,,,,,,,,,,,,,,,,,,,,,,,,,
https://inclusion.uci.edu/,doc-76ef2f03.pdf,nsf.gov,inclusion.uci.edu,,—,pending,2026-07-07T12:02:47.494107+00:00,,,,,,,,,,,,,,,,,,,,,,,,,,,,
https://www.nitrd.gov,doc-cc9bb95d.pdf,nsf.gov,nitrd.gov,,—,pending,2026-07-07T12:02:47.498492+00:00,,,,,,,,,,,,,,,,,,,,,,,,,,,,
https://obamawhitehouse.archives.gov/sites/default/files/microsites/ostp/fact_sheet_final.pdf,fact_sheet_final.pdf,nsf.gov,obamawhitehouse.archives.gov,,—,pending,2026-07-07T12:02:47.505322+00:00,,,,,,,,,,,,,,,,,,,,,,,,,,,,
https://www.iarpccollaborations.org/uploads/cms/documents/final-arp-2022-2026-20211214.pdf,final-arp-2022-2026-20211214.pdf,nsf.gov,iarpccollaborations.org,,—,pending,2026-07-07T12:02:47.533995+00:00,,,,,,,,,,,,,,,,,,,,,,,,,,,,
https://nsf-gov-resources.nsf.gov/files/foia-log-2009.pdf,foia-log-2009.pdf,nsf.gov,,227422,222.1 KB,pending,2026-07-07T12:02:47.538883+00:00,,,,,,,,,,,,,,,,,,,,,,,,,,,,
https://nsf-gov-resources.nsf.gov/files/foia-log-2010.pdf,foia-log-2010.pdf,nsf.gov,,302773,295.7 KB,pending,2026-07-07T12:02:47.543801+00:00,,,,,,,,,,,,,,,,,,,,,,,,,,,,
https://nsf-gov-resources.nsf.gov/files/foia-log-2011.pdf,foia-log-2011.pdf,nsf.gov,,903544,882.4 KB,pending,2026-07-07T12:02:47.550003+00:00,,,,,,,,,,,,,,,,,,,,,,,,,,,,
https://nsf-gov-resources.nsf.gov/files/foia-log-2012.pdf,foia-log-2012.pdf,nsf.gov,,876777,856.2 KB,pending,2026-07-07T12:02:47.556156+00:00,,,,,,,,,,,,,,,,,,,,,,,,,,,,
https://nsf-gov-resources.nsf.gov/files/foia-log-2013.pdf,foia-log-2013.pdf,nsf.gov,,771485,753.4 KB,pending,2026-07-07T12:02:47.562015+00:00,,,,,,,,,,,,,,,,,,,,,,,,,,,,
https://nsf-gov-resources.nsf.gov/files/foia-log-2014.pdf,foia-log-2014.pdf,nsf.gov,,815502,796.4 KB,pending,2026-07-07T12:02:47.567749+00:00,,,,,,,,,,,,,,,,,,,,,,,,,,,,
https://nsf-gov-resources.nsf.gov/files/foia-log-2015.pdf,foia-log-2015.pdf,nsf.gov,,704397,687.9 KB,pending,2026-07-07T12:02:47.573125+00:00,,,,,,,,,,,,,,,,,,,,,,,,,,,,
https://nsf-gov-resources.nsf.gov/files/foia-log-2016.pdf,foia-log-2016.pdf,nsf.gov,,983989,960.9 KB,pending,2026-07-07T12:02:47.579131+00:00,,,,,,,,,,,,,,,,,,,,,,,,,,,,
https://nsf-gov-resources.nsf.gov/files/foia-log-2017.pdf,foia-log-2017.pdf,nsf.gov,,,—,pending,2026-07-07T12:02:47.583790+00:00,,,,,,,,,,,,,,,,,,,,,,,,,,,,
https://nsf-gov-resources.nsf.gov/files/foia-log-2018_0.pdf,foia-log-2018_0.pdf,nsf.gov,,,—,pending,2026-07-07T12:02:47.587810+00:00,,,,,,,,,,,,,,,,,,,,,,,,,,,,
https://nsf-gov-resources.nsf.gov/files/foia-log-2019-r_0.pdf,foia-log-2019-r_0.pdf,nsf.gov,,,—,pending,2026-07-07T12:02:47.591242+00:00,,,,,,,,,,,,,,,,,,,,,,,,,,,,
https://www.rti.org/publication/missing-millions-democratizing-computation-data-bridge-digital-divides-increase-access-science-under/fulltext.pdf,fulltext.pdf,nsf.gov,rti.org,,—,pending,2026-07-07T12:02:47.601995+00:00,,,,,,,,,,,,,,,,,,,,,,,,,,,,
https://nsf-gov-resources.nsf.gov/files/grantsgovcompliancechecks-jan2023-r.pdf,grantsgovcompliancechecks-jan2023-r.pdf,nsf.gov,,125778,122.8 KB,pending,2026-07-07T12:02:47.605327+00:00,,,,,,,,,,,,,,,,,,,,,,,,,,,,
https://nsf-gov-resources.nsf.gov/pubs/policydocs/grantsgovguide0524.pdf,grantsgovguide0524.pdf,nsf.gov,,760208,742.4 KB,pending,2026-07-07T12:02:47.609366+00:00,,,,,,,,,,,,,,,,,,,,,,,,,,,,
https://www.iarpccollaborations.org/uploads/cms/documents/iarpc-biennial-report-2016-2017.pdf,iarpc-biennial-report-2016-2017.pdf,nsf.gov,iarpccollaborations.org,,—,pending,2026-07-07T12:02:47.615099+00:00,,,,,,,,,,,,,,,,,,,,,,,,,,,,
https://www.iarpccollaborations.org/uploads/cms/documents/iarpc-biennial-report-final.pdf,iarpc-biennial-report-final.pdf,nsf.gov,iarpccollaborations.org,,—,pending,2026-07-07T12:02:47.617945+00:00,,,,,,,,,,,,,,,,,,,,,,,,,,,,
http://www.iarpccollaborations.org/uploads/cms/documents/iarpc_arctic_research_plan_2017-2021.pdf,iarpc_arctic_research_plan_2017-2021.pdf,nsf.gov,iarpccollaborations.org,,—,pending,2026-07-07T12:02:47.623043+00:00,,,,,,,,,,,,,,,,,,,,,,,,,,,,
https://www.iarpccollaborations.org/uploads/cms/documents/iarpc_biennial_report_10.12.15_low.pdf,iarpc_biennial_report_10.12.15_low.pdf,nsf.gov,iarpccollaborations.org,,—,pending,2026-07-07T12:02:47.642795+00:00,,,,,,,,,,,,,,,,,,,,,,,,,,,,
https://www.iarpccollaborations.org/uploads/cms/documents/iarpc_june2018_final.pdf,iarpc_june2018_final.pdf,nsf.gov,iarpccollaborations.org,,—,pending,2026-07-07T12:02:47.648372+00:00,,,,,,,,,,,,,,,,,,,,,,,,,,,,
https://nsf-gov-resources.nsf.gov/pubs/issuances/in147.pdf,in147.pdf,nsf.gov,,123815,120.9 KB,pending,2026-07-07T12:02:47.652498+00:00,,,,,,,,,,,,,,,,,,,,,,,,,,,,
https://nsf-gov-resources.nsf.gov/files/jan2024-r.pdf,jan2024-r.pdf,nsf.gov,,172788,168.7 KB,pending,2026-07-07T12:02:47.655860+00:00,,,,,,,,,,,,,,,,,,,,,,,,,,,,
https://pmc.ncbi.nlm.nih.gov/articles/PMC4521729/pdf/june-13-136.pdf,june-13-136.pdf,nsf.gov,pmc.ncbi.nlm.nih.gov,,—,pending,2026-07-07T12:02:47.658396+00:00,,,,,,,,,,,,,,,,,,,,,,,,,,,,
https://obamawhitehouse.archives.gov/sites/default/files/omb/assets/memoranda_2010/m10-22.pdf,m10-22.pdf,nsf.gov,obamawhitehouse.archives.gov,105218,102.8 KB,pending,2026-07-07T12:02:47.660812+00:00,,,,,,,,,,,,,,,,,,,,,,,,,,,,
https://nsf-gov-resources.nsf.gov/files/mps-chemistry-5-8-2026-office-hour.pdf,mps-chemistry-5-8-2026-office-hour.pdf,nsf.gov,,,—,pending,2026-07-07T12:02:47.666594+00:00,,,,,,,,,,,,,,,,,,,,,,,,,,,,
https://nsf-gov-resources.nsf.gov/files/nasa-research-terms-conditions-20190901-r.pdf,nasa-research-terms-conditions-20190901-r.pdf,nsf.gov,,,—,pending,2026-07-07T12:02:47.668964+00:00,,,,,,,,,,,,,,,,,,,,,,,,,,,,
https://nsf-gov-resources.nsf.gov/files/nasa-terms-conditions-20201112-r.pdf,nasa-terms-conditions-20201112-r.pdf,nsf.gov,,,—,pending,2026-07-07T12:02:47.670922+00:00,,,,,,,,,,,,,,,,,,,,,,,,,,,,
https://obamawhitehouse.archives.gov/sites/default/files/docs/nat_arctic_strategy.pdf,nat_arctic_strategy.pdf,nsf.gov,obamawhitehouse.archives.gov,,—,pending,2026-07-07T12:02:47.673506+00:00,,,,,,,,,,,,,,,,,,,,,,,,,,,,
http://www.iarpccollaborations.org/uploads/cms/documents/national-strategy-for-the-arctic-region-executive-office-of-the-president-2013.pdf,national-strategy-for-the-arctic-region-executive-office-of-the-president-2013.pdf,nsf.gov,iarpccollaborations.org,,—,pending,2026-07-07T12:02:47.676113+00:00,,,,,,,,,,,,,,,,,,,,,,,,,,,,
https://nsf-gov-resources.nsf.gov/files/natpolicyreqs-may25.pdf,natpolicyreqs-may25.pdf,nsf.gov,,,—,pending,2026-07-07T12:02:47.678136+00:00,,,,,,,,,,,,,,,,,,,,,,,,,,,,
https://www.fgdc.gov/ngac/ngac-geospatial-workforce-development-paper-final.pdf,ngac-geospatial-workforce-development-paper-final.pdf,nsf.gov,fgdc.gov,,—,pending,2026-07-07T12:02:47.682246+00:00,,,,,,,,,,,,,,,,,,,,,,,,,,,,
https://nsf-gov-resources.nsf.gov/files/nifa-rtc-20201112-r.pdf,nifa-rtc-20201112-r.pdf,nsf.gov,,,—,pending,2026-07-07T12:02:47.685554+00:00,,,,,,,,,,,,,,,,,,,,,,,,,,,,
https://nsf-gov-resources.nsf.gov/nsb/publications/2010/nsb1033.pdf?VersionId=p1gKUw_20Z.kMSKxnbNCQGWUrW4EPvCg,nsb1033.pdf,nsf.gov,,,—,pending,2026-07-07T12:02:47.689553+00:00,,,,,,,,,,,,,,,,,,,,,,,,,,,,
https://nsf-gov-resources.nsf.gov/nsb/publications/2020/nsb202015.pdf,nsb202015.pdf,nsf.gov,,,—,pending,2026-07-07T12:02:47.724925+00:00,,,,,,,,,,,,,,,,,,,,,,,,,,,,
https://nsf-gov-resources.nsf.gov/files/nsf-0123-r.pdf,nsf-0123-r.pdf,nsf.gov,,,—,pending,2026-07-07T12:02:47.730470+00:00,,,,,,,,,,,,,,,,,,,,,,,,,,,,
https://nsf-gov-resources.nsf.gov/files/nsf-0522-r.pdf,nsf-0522-r.pdf,nsf.gov,,,—,pending,2026-07-07T12:02:47.735283+00:00,,,,,,,,,,,,,,,,,,,,,,,,,,,,
https://nsf-gov-resources.nsf.gov/files/nsf-research-terms-conditions-20240520-r.pdf,nsf-research-terms-conditions-20240520-r.pdf,nsf.gov,,,—,pending,2026-07-07T12:02:47.739385+00:00,,,,,,,,,,,,,,,,,,,,,,,,,,,,
https://nsf-gov-resources.nsf.gov/files/nsf-research-terms-conditions-changes-20240520-r.pdf,nsf-research-terms-conditions-changes-20240520-r.pdf,nsf.gov,,,—,pending,2026-07-07T12:02:47.741709+00:00,,,,,,,,,,,,,,,,,,,,,,,,,,,,
https://nsf-gov-resources.nsf.gov/solicitations/pubs/2001/nsf01152/nsf01152.pdf,nsf01152.pdf,nsf.gov,,,—,pending,2026-07-07T12:02:47.743975+00:00,,,,,,,,,,,,,,,,,,,,,,,,,,,,
https://nsf-gov-resources.nsf.gov/solicitations/pubs/2004/nsf04036/nsf04036.pdf,nsf04036.pdf,nsf.gov,,,—,pending,2026-07-07T12:02:47.746947+00:00,,,,,,,,,,,,,,,,,,,,,,,,,,,,
https://nsf-gov-resources.nsf.gov/solicitations/pubs/2004/nsf04531/nsf04531.pdf,nsf04531.pdf,nsf.gov,,,—,pending,2026-07-07T12:02:47.749185+00:00,,,,,,,,,,,,,,,,,,,,,,,,,,,,
https://nsf-gov-resources.nsf.gov/pubs/2005/nsf0503/nsf0503.pdf?VersionId=lINQaYQ2a0mnVNL_hWl3wYXvThU4fmCA,nsf0503.pdf,nsf.gov,,,—,pending,2026-07-07T12:02:47.751056+00:00,,,,,,,,,,,,,,,,,,,,,,,,,,,,
https://nsf-gov-resources.nsf.gov/solicitations/pubs/2005/nsf05532/nsf05532.pdf,nsf05532.pdf,nsf.gov,,,—,pending,2026-07-07T12:02:47.757489+00:00,,,,,,,,,,,,,,,,,,,,,,,,,,,,
https://nsf-gov-resources.nsf.gov/solicitations/pubs/2005/nsf05540/nsf05540.pdf,nsf05540.pdf,nsf.gov,,,—,pending,2026-07-07T12:02:47.759858+00:00,,,,,,,,,,,,,,,,,,,,,,,,,,,,
https://nsf-gov-resources.nsf.gov/solicitations/pubs/2005/nsf05579/nsf05579.pdf,nsf05579.pdf,nsf.gov,,,—,pending,2026-07-07T12:02:47.762195+00:00,,,,,,,,,,,,,,,,,,,,,,,,,,,,
https://nsf-gov-resources.nsf.gov/solicitations/pubs/2005/nsf05588/nsf05588.pdf,nsf05588.pdf,nsf.gov,,,—,pending,2026-07-07T12:02:47.764832+00:00,,,,,,,,,,,,,,,,,,,,,,,,,,,,
https://nsf-gov-resources.nsf.gov/solicitations/pubs/2006/nsf06524/nsf06524.pdf,nsf06524.pdf,nsf.gov,,,—,pending,2026-07-07T12:02:47.767035+00:00,,,,,,,,,,,,,,,,,,,,,,,,,,,,
https://nsf-gov-resources.nsf.gov/pubs/policydocs/papp/nsf07140.pdf,nsf07140.pdf,nsf.gov,,1623246,1.5 MB,pending,2026-07-07T12:02:47.771670+00:00,,,,,,,,,,,,,,,,,,,,,,,,,,,,
https://nsf-gov-resources.nsf.gov/solicitations/pubs/2007/nsf07541/nsf07541.pdf,nsf07541.pdf,nsf.gov,,,—,pending,2026-07-07T12:02:47.774212+00:00,,,,,,,,,,,,,,,,,,,,,,,,,,,,
https://nsf-gov-resources.nsf.gov/pubs/policydocs/pappguide/nsf08_1/nsf081.pdf,nsf081.pdf,nsf.gov,,21974058,21.0 MB,pending,2026-07-07T12:02:47.820178+00:00,,,,,,,,,,,,,,,,,,,,,,,,,,,,
https://nsf-gov-resources.nsf.gov/pubs/2008/nsf08204/nsf08204.pdf?VersionId=MaHoVX5hQRqTc2pFVzcKXQ2UqpTwpy31,nsf08204.pdf,nsf.gov,,,—,pending,2026-07-07T12:02:47.829227+00:00,,,,,,,,,,,,,,,,,,,,,,,,,,,,
https://nsf-gov-resources.nsf.gov/solicitations/pubs/2008/nsf08505/nsf08505.pdf,nsf08505.pdf,nsf.gov,,,—,pending,2026-07-07T12:02:47.834297+00:00,,,,,,,,,,,,,,,,,,,,,,,,,,,,
https://nsf-gov-resources.nsf.gov/solicitations/pubs/2008/nsf08530/nsf08530.pdf,nsf08530.pdf,nsf.gov,,,—,pending,2026-07-07T12:02:47.839377+00:00,,,,,,,,,,,,,,,,,,,,,,,,,,,,
https://nsf-gov-resources.nsf.gov/solicitations/pubs/2008/nsf08553/nsf08553.pdf,nsf08553.pdf,nsf.gov,,,—,pending,2026-07-07T12:02:47.844868+00:00,,,,,,,,,,,,,,,,,,,,,,,,,,,,
https://nsf-gov-resources.nsf.gov/pubs/policydocs/pappguide/nsf09_1/nsf091.pdf,nsf091.pdf,nsf.gov,,1695102,1.6 MB,pending,2026-07-07T12:02:47.851817+00:00,,,,,,,,,,,,,,,,,,,,,,,,,,,,
https://nsf-gov-resources.nsf.gov/pubs/policydocs/pappguide/nsf09_29/nsf0929.pdf,nsf0929.pdf,nsf.gov,,1714858,1.6 MB,pending,2026-07-07T12:02:47.859056+00:00,,,,,,,,,,,,,,,,,,,,,,,,,,,,
https://nsf-gov-resources.nsf.gov/solicitations/pubs/2009/nsf09506/nsf09506.pdf,nsf09506.pdf,nsf.gov,,,—,pending,2026-07-07T12:02:47.863875+00:00,,,,,,,,,,,,,,,,,,,,,,,,,,,,
https://nsf-gov-resources.nsf.gov/solicitations/pubs/2009/nsf09533/nsf09533.pdf,nsf09533.pdf,nsf.gov,,,—,pending,2026-07-07T12:02:47.868351+00:00,,,,,,,,,,,,,,,,,,,,,,,,,,,,
https://nsf-gov-resources.nsf.gov/solicitations/pubs/2009/nsf09598/nsf09598.pdf,nsf09598.pdf,nsf.gov,,,—,pending,2026-07-07T12:02:47.872510+00:00,,,,,,,,,,,,,,,,,,,,,,,,,,,,
https://nsf-gov-resources.nsf.gov/pubs/2010/nsf10012/nsf10012.pdf,nsf10012.pdf,nsf.gov,,1020903,997.0 KB,pending,2026-07-07T12:02:47.878214+00:00,,,,,,,,,,,,,,,,,,,,,,,,,,,,
https://nsf-gov-resources.nsf.gov/solicitations/pubs/2010/nsf10536/nsf10536.pdf,nsf10536.pdf,nsf.gov,,,—,pending,2026-07-07T12:02:47.882799+00:00,,,,,,,,,,,,,,,,,,,,,,,,,,,,
https://nsf-gov-resources.nsf.gov/solicitations/pubs/2010/nsf10574/nsf10574.pdf,nsf10574.pdf,nsf.gov,,,—,pending,2026-07-07T12:02:47.886949+00:00,,,,,,,,,,,,,,,,,,,,,,,,,,,,
https://nsf-gov-resources.nsf.gov/solicitations/pubs/2010/nsf10578/nsf10578.pdf,nsf10578.pdf,nsf.gov,,,—,pending,2026-07-07T12:02:47.893361+00:00,,,,,,,,,,,,,,,,,,,,,,,,,,,,
https://nsf-gov-resources.nsf.gov/pubs/policydocs/pappguide/nsf10_1/nsf10_1.pdf,nsf10_1.pdf,nsf.gov,,1991814,1.9 MB,pending,2026-07-07T12:02:47.901243+00:00,,,,,,,,,,,,,,,,,,,,,,,,,,,,
https://nsf-gov-resources.nsf.gov/solicitations/pubs/2011/nsf11509/nsf11509.pdf,nsf11509.pdf,nsf.gov,,,—,pending,2026-07-07T12:02:47.906806+00:00,,,,,,,,,,,,,,,,,,,,,,,,,,,,
https://nsf-gov-resources.nsf.gov/solicitations/pubs/2011/nsf11514/nsf11514.pdf,nsf11514.pdf,nsf.gov,,,—,pending,2026-07-07T12:02:47.911887+00:00,,,,,,,,,,,,,,,,,,,,,,,,,,,,
https://nsf-gov-resources.nsf.gov/solicitations/pubs/2011/nsf11524/nsf11524.pdf,nsf11524.pdf,nsf.gov,,,—,pending,2026-07-07T12:02:47.915918+00:00,,,,,,,,,,,,,,,,,,,,,,,,,,,,
https://nsf-gov-resources.nsf.gov/solicitations/pubs/2011/nsf11525/nsf11525.pdf,nsf11525.pdf,nsf.gov,,,—,pending,2026-07-07T12:02:47.921133+00:00,,,,,,,,,,,,,,,,,,,,,,,,,,,,
https://nsf-gov-resources.nsf.gov/solicitations/pubs/2011/nsf11583/nsf11583.pdf,nsf11583.pdf,nsf.gov,,,—,pending,2026-07-07T12:02:47.925259+00:00,,,,,,,,,,,,,,,,,,,,,,,,,,,,
https://nsf-gov-resources.nsf.gov/pubs/policydocs/pappguide/nsf11001/nsf11_1.pdf,nsf11_1.pdf,nsf.gov,,2317949,2.2 MB,pending,2026-07-07T12:02:47.933401+00:00,,,,,,,,,,,,,,,,,,,,,,,,,,,,
https://nsf-gov-resources.nsf.gov/solicitations/pubs/2012/nsf12509/nsf12509.pdf,nsf12509.pdf,nsf.gov,,,—,pending,2026-07-07T12:02:47.938554+00:00,,,,,,,,,,,,,,,,,,,,,,,,,,,,
https://nsf-gov-resources.nsf.gov/solicitations/pubs/2012/nsf12534/nsf12534.pdf,nsf12534.pdf,nsf.gov,,,—,pending,2026-07-07T12:02:47.943749+00:00,,,,,,,,,,,,,,,,,,,,,,,,,,,,
https://nsf-gov-resources.nsf.gov/solicitations/pubs/2012/nsf12549/nsf12549.pdf,nsf12549.pdf,nsf.gov,,,—,pending,2026-07-07T12:02:47.948080+00:00,,,,,,,,,,,,,,,,,,,,,,,,,,,,
https://nsf-gov-resources.nsf.gov/files/nsf12584.pdf,nsf12584.pdf,nsf.gov,,,—,pending,2026-07-07T12:02:47.952521+00:00,,,,,,,,,,,,,,,,,,,,,,,,,,,,
https://nsf-gov-resources.nsf.gov/solicitations/pubs/2012/nsf12597/nsf12597.pdf,nsf12597.pdf,nsf.gov,,,—,pending,2026-07-07T12:02:47.958604+00:00,,,,,,,,,,,,,,,,,,,,,,,,,,,,
https://nsf-gov-resources.nsf.gov/pubs/2013/nsf13038/nsf13038new.pdf,nsf13038new.pdf,nsf.gov,,464160,453.3 KB,pending,2026-07-07T12:02:47.963608+00:00,,,,,,,,,,,,,,,,,,,,,,,,,,,,
https://nsf-gov-resources.nsf.gov/pubs/2013/nsf13126/nsf13126.pdf?VersionId=Q_gbdvjhLu9vQTRmQY.ex3Md4dnJ5LL9%20124,nsf13126-0.pdf,nsf.gov,,,—,pending,2026-07-07T12:02:47.968633+00:00,,,,,,,,,,,,,,,,,,,,,,,,,,,,
https://nsf-gov-resources.nsf.gov/pubs/2013/nsf13126/nsf13126.pdf?VersionId=Q_gbdvjhLu9vQTRmQY.ex3Md4dnJ5LL9,nsf13126.pdf,nsf.gov,,,—,pending,2026-07-07T12:02:47.973406+00:00,,,,,,,,,,,,,,,,,,,,,,,,,,,,
https://nsf-gov-resources.nsf.gov/pubs/2013/nsf13127/nsf13127.pdf?VersionId=oHQOKysGhw5JLkogfSsJeE7uBqZGJhwN,nsf13127.pdf,nsf.gov,,,—,pending,2026-07-07T12:02:47.977611+00:00,,,,,,,,,,,,,,,,,,,,,,,,,,,,
https://nsf-gov-resources.nsf.gov/solicitations/pubs/2013/nsf13541/nsf13541.pdf,nsf13541.pdf,nsf.gov,,,—,pending,2026-07-07T12:02:47.982623+00:00,,,,,,,,,,,,,,,,,,,,,,,,,,,,
https://nsf-gov-resources.nsf.gov/solicitations/pubs/2013/nsf13542/nsf13542.pdf,nsf13542-0.pdf,nsf.gov,,,—,pending,2026-07-07T12:02:47.989118+00:00,,,,,,,,,,,,,,,,,,,,,,,,,,,,
https://nsf-gov-resources.nsf.gov/solicitations/pubs/2013/nsf13542/nsf13542.pdf?VersionId=VT5xEKAybrkHncqnW06sb0uTKDwfSQHs,nsf13542.pdf,nsf.gov,,,—,pending,2026-07-07T12:02:47.995081+00:00,,,,,,,,,,,,,,,,,,,,,,,,,,,,
https://nsf-gov-resources.nsf.gov/solicitations/pubs/2013/nsf13576/nsf13576.pdf,nsf13576.pdf,nsf.gov,,,—,pending,2026-07-07T12:02:48.000620+00:00,,,,,,,,,,,,,,,,,,,,,,,,,,,,
https://nsf-gov-resources.nsf.gov/solicitations/pubs/2013/nsf13600/nsf13600.pdf,nsf13600.pdf,nsf.gov,,,—,pending,2026-07-07T12:02:48.008275+00:00,,,,,,,,,,,,,,,,,,,,,,,,,,,,
https://nsf-gov-resources.nsf.gov/pubs/policydocs/pappguide/nsf13001/nsf13_1.pdf,nsf13_1.pdf,nsf.gov,,11923932,11.4 MB,pending,2026-07-07T12:02:48.036920+00:00,,,,,,,,,,,,,,,,,,,,,,,,,,,,
https://nsf-gov-resources.nsf.gov/solicitations/pubs/2014/nsf14512/nsf14512.pdf,nsf14512.pdf,nsf.gov,,,—,pending,2026-07-07T12:02:48.044380+00:00,,,,,,,,,,,,,,,,,,,,,,,,,,,,
https://nsf-gov-resources.nsf.gov/solicitations/pubs/2014/nsf14541/nsf14541.pdf,nsf14541.pdf,nsf.gov,,,—,pending,2026-07-07T12:02:48.049974+00:00,,,,,,,,,,,,,,,,,,,,,,,,,,,,
https://nsf-gov-resources.nsf.gov/files/nsf14573.pdf,nsf14573.pdf,nsf.gov,,,—,pending,2026-07-07T12:02:48.055264+00:00,,,,,,,,,,,,,,,,,,,,,,,,,,,,
https://nsf-gov-resources.nsf.gov/solicitations/pubs/2014/nsf14605/nsf14605.pdf,nsf14605.pdf,nsf.gov,,,—,pending,2026-07-07T12:02:48.063158+00:00,,,,,,,,,,,,,,,,,,,,,,,,,,,,
https://nsf-gov-resources.nsf.gov/pubs/policydocs/pappguide/nsf14001/nsf14_1.pdf,nsf14_1.pdf,nsf.gov,,14736254,14.1 MB,pending,2026-07-07T12:02:48.105562+00:00,,,,,,,,,,,,,,,,,,,,,,,,,,,,
https://nsf-gov-resources.nsf.gov/pubs/2015/nsf15089/nsf15089.pdf,nsf15089.pdf,nsf.gov,,5619952,5.4 MB,pending,2026-07-07T12:02:48.130478+00:00,,,,,,,,,,,,,,,,,,,,,,,,,,,,
https://nsf-gov-resources.nsf.gov/solicitations/pubs/2015/nsf15506/nsf15506.pdf,nsf15506.pdf,nsf.gov,,,—,pending,2026-07-07T12:02:48.136384+00:00,,,,,,,,,,,,,,,,,,,,,,,,,,,,
https://nsf-gov-resources.nsf.gov/solicitations/pubs/2015/nsf15526/nsf15526.pdf,nsf15526.pdf,nsf.gov,,,—,pending,2026-07-07T12:02:48.141784+00:00,,,,,,,,,,,,,,,,,,,,,,,,,,,,
https://nsf-gov-resources.nsf.gov/solicitations/pubs/2015/nsf15528/nsf15528.pdf,nsf15528.pdf,nsf.gov,,,—,pending,2026-07-07T12:02:48.146812+00:00,,,,,,,,,,,,,,,,,,,,,,,,,,,,
https://nsf-gov-resources.nsf.gov/solicitations/pubs/2015/nsf15599/nsf15599.pdf,nsf15599.pdf,nsf.gov,,,—,pending,2026-07-07T12:02:48.152243+00:00,,,,,,,,,,,,,,,,,,,,,,,,,,,,
https://nsf-gov-resources.nsf.gov/pubs/policydocs/pappguide/nsf15001/nsf15_1.pdf,nsf15_1.pdf,nsf.gov,,11501758,11.0 MB,pending,2026-07-07T12:02:48.179363+00:00,,,,,,,,,,,,,,,,,,,,,,,,,,,,
https://nsf-gov-resources.nsf.gov/pubs/2016/nsf16074/nsf16074.pdf,nsf16074.pdf,nsf.gov,,,—,pending,2026-07-07T12:02:48.187134+00:00,,,,,,,,,,,,,,,,,,,,,,,,,,,,
https://nsf-gov-resources.nsf.gov/solicitations/pubs/2016/nsf16514/nsf16514.pdf,nsf16514.pdf,nsf.gov,,,—,pending,2026-07-07T12:02:48.206790+00:00,,,,,,,,,,,,,,,,,,,,,,,,,,,,
https://nsf-gov-resources.nsf.gov/solicitations/pubs/2016/nsf16516/nsf16516.pdf,nsf16516.pdf,nsf.gov,,,—,pending,2026-07-07T12:02:48.224319+00:00,,,,,,,,,,,,,,,,,,,,,,,,,,,,
https://nsf-gov-resources.nsf.gov/solicitations/pubs/2016/nsf16550/nsf16550.pdf,nsf16550.pdf,nsf.gov,,,—,pending,2026-07-07T12:02:48.230902+00:00,,,,,,,,,,,,,,,,,,,,,,,,,,,,
https://nsf-gov-resources.nsf.gov/solicitations/pubs/2016/nsf16584/nsf16584.pdf,nsf16584.pdf,nsf.gov,,,—,pending,2026-07-07T12:02:48.236929+00:00,,,,,,,,,,,,,,,,,,,,,,,,,,,,
https://nsf-gov-resources.nsf.gov/files/nsf16594.pdf,nsf16594.pdf,nsf.gov,,,—,pending,2026-07-07T12:02:48.243103+00:00,,,,,,,,,,,,,,,,,,,,,,,,,,,,
https://nsf-gov-resources.nsf.gov/pubs/policydocs/pappguide/nsf16001/nsf16_1.pdf,nsf16_1.pdf,nsf.gov,,,—,pending,2026-07-07T12:02:48.273744+00:00,,,,,,,,,,,,,,,,,,,,,,,,,,,,
https://www.nsf.gov/funding/opportunities/dcl-software-infrastructure-sustained-innovation-si2-program/nsf17-126,nsf17-126.pdf,nsf.gov,,,—,pending,2026-07-07T12:02:48.278881+00:00,,,,,,,,,,,,,,,,,,,,,,,,,,,,
https://nsf-gov-resources.nsf.gov/pubs/2017/nsf17066/nsf17066.pdf,nsf17066.pdf,nsf.gov,,4959273,4.7 MB,pending,2026-07-07T12:02:48.293720+00:00,,,,,,,,,,,,,,,,,,,,,,,,,,,,
https://nsf-gov-resources.nsf.gov/solicitations/pubs/2017/nsf17509/nsf17509.pdf,nsf17509.pdf,nsf.gov,,,—,pending,2026-07-07T12:02:48.299786+00:00,,,,,,,,,,,,,,,,,,,,,,,,,,,,
https://nsf-gov-resources.nsf.gov/solicitations/pubs/2017/nsf17526/nsf17526.pdf,nsf17526.pdf,nsf.gov,,,—,pending,2026-07-07T12:02:48.304716+00:00,,,,,,,,,,,,,,,,,,,,,,,,,,,,
https://nsf-gov-resources.nsf.gov/solicitations/pubs/2017/nsf17534/nsf17534.pdf,nsf17534.pdf,nsf.gov,,,—,pending,2026-07-07T12:02:48.309176+00:00,,,,,,,,,,,,,,,,,,,,,,,,,,,,
https://nsf-gov-resources.nsf.gov/solicitations/pubs/2017/nsf17565/nsf17565.pdf,nsf17565.pdf,nsf.gov,,,—,pending,2026-07-07T12:02:48.313268+00:00,,,,,,,,,,,,,,,,,,,,,,,,,,,,
https://nsf-gov-resources.nsf.gov/solicitations/pubs/2017/nsf17570/nsf17570.pdf,nsf17570.pdf,nsf.gov,,,—,pending,2026-07-07T12:02:48.317290+00:00,,,,,,,,,,,,,,,,,,,,,,,,,,,,
https://nsf-gov-resources.nsf.gov/solicitations/pubs/2017/nsf17571/nsf17571.pdf,nsf17571.pdf,nsf.gov,,,—,pending,2026-07-07T12:02:48.322533+00:00,,,,,,,,,,,,,,,,,,,,,,,,,,,,
https://nsf-gov-resources.nsf.gov/solicitations/pubs/2017/nsf17572/nsf17572.pdf,nsf17572.pdf,nsf.gov,,,—,pending,2026-07-07T12:02:48.328490+00:00,,,,,,,,,,,,,,,,,,,,,,,,,,,,
https://nsf-gov-resources.nsf.gov/solicitations/pubs/2017/nsf17574/nsf17574.pdf,nsf17574.pdf,nsf.gov,,,—,pending,2026-07-07T12:02:48.334011+00:00,,,,,,,,,,,,,,,,,,,,,,,,,,,,
https://nsf-gov-resources.nsf.gov/solicitations/pubs/2017/nsf17579/nsf17579.pdf,nsf17579.pdf,nsf.gov,,,—,pending,2026-07-07T12:02:48.339504+00:00,,,,,,,,,,,,,,,,,,,,,,,,,,,,
https://nsf-gov-resources.nsf.gov/solicitations/pubs/2017/nsf17582/nsf17582.pdf,nsf17582.pdf,nsf.gov,,,—,pending,2026-07-07T12:02:48.344455+00:00,,,,,,,,,,,,,,,,,,,,,,,,,,,,
https://nsf-gov-resources.nsf.gov/solicitations/pubs/2017/nsf17590/nsf17590.pdf,nsf17590.pdf,nsf.gov,,,—,pending,2026-07-07T12:02:48.349285+00:00,,,,,,,,,,,,,,,,,,,,,,,,,,,,
https://nsf-gov-resources.nsf.gov/solicitations/pubs/2017/nsf17594/nsf17594.pdf,nsf17594.pdf,nsf.gov,,,—,pending,2026-07-07T12:02:48.353663+00:00,,,,,,,,,,,,,,,,,,,,,,,,,,,,
https://nsf-gov-resources.nsf.gov/pubs/policydocs/pappg17_1/nsf17_1.pdf,nsf17_1.pdf,nsf.gov,,,—,pending,2026-07-07T12:02:48.364220+00:00,,,,,,,,,,,,,,,,,,,,,,,,,,,,
https://nsf-gov-resources.nsf.gov/solicitations/pubs/2018/nsf18515/nsf18515.pdf,nsf18515.pdf,nsf.gov,,,—,pending,2026-07-07T12:02:48.373422+00:00,,,,,,,,,,,,,,,,,,,,,,,,,,,,
https://nsf-gov-resources.nsf.gov/solicitations/pubs/2018/nsf18532/nsf18532.pdf,nsf18532.pdf,nsf.gov,,,—,pending,2026-07-07T12:02:48.379572+00:00,,,,,,,,,,,,,,,,,,,,,,,,,,,,
https://nsf-gov-resources.nsf.gov/solicitations/pubs/2018/nsf18539/nsf18539.pdf,nsf18539.pdf,nsf.gov,,,—,pending,2026-07-07T12:02:48.384918+00:00,,,,,,,,,,,,,,,,,,,,,,,,,,,,
https://nsf-gov-resources.nsf.gov/solicitations/pubs/2018/nsf18583/nsf18583.pdf,nsf18583.pdf,nsf.gov,,,—,pending,2026-07-07T12:02:48.389490+00:00,,,,,,,,,,,,,,,,,,,,,,,,,,,,
https://nsf-gov-resources.nsf.gov/solicitations/pubs/2018/nsf18594/nsf18594.pdf,nsf18594.pdf,nsf.gov,,,—,pending,2026-07-07T12:02:48.393592+00:00,,,,,,,,,,,,,,,,,,,,,,,,,,,,
https://nsf-gov-resources.nsf.gov/pubs/2019/nsf19068/nsf19068.pdf,nsf19068.pdf,nsf.gov,,5472812,5.2 MB,pending,2026-07-07T12:02:48.407255+00:00,,,,,,,,,,,,,,,,,,,,,,,,,,,,
https://nsf-gov-resources.nsf.gov/solicitations/pubs/2019/nsf19518/nsf19518.pdf,nsf19518.pdf,nsf.gov,,,—,pending,2026-07-07T12:02:48.413333+00:00,,,,,,,,,,,,,,,,,,,,,,,,,,,,
https://nsf-gov-resources.nsf.gov/solicitations/pubs/2019/nsf19543/nsf19543.pdf,nsf19543.pdf,nsf.gov,,,—,pending,2026-07-07T12:02:48.419238+00:00,,,,,,,,,,,,,,,,,,,,,,,,,,,,
https://nsf-gov-resources.nsf.gov/solicitations/pubs/2019/nsf19551/nsf19551.pdf,nsf19551.pdf,nsf.gov,,,—,pending,2026-07-07T12:02:48.426215+00:00,,,,,,,,,,,,,,,,,,,,,,,,,,,,
https://nsf-gov-resources.nsf.gov/files/nsf19552.pdf,nsf19552.pdf,nsf.gov,,,—,pending,2026-07-07T12:02:48.431674+00:00,,,,,,,,,,,,,,,,,,,,,,,,,,,,
https://nsf-gov-resources.nsf.gov/solicitations/pubs/2019/nsf19583/nsf19583.pdf,nsf19583.pdf,nsf.gov,,,—,pending,2026-07-07T12:02:48.437156+00:00,,,,,,,,,,,,,,,,,,,,,,,,,,,,
https://nsf-gov-resources.nsf.gov/solicitations/pubs/2019/nsf19610/nsf19610.pdf,nsf19610.pdf,nsf.gov,,,—,pending,2026-07-07T12:02:48.443336+00:00,,,,,,,,,,,,,,,,,,,,,,,,,,,,
https://nsf-gov-resources.nsf.gov/pubs/policydocs/pappg19_1/nsf19_1.pdf,nsf19_1.pdf,nsf.gov,,,—,pending,2026-07-07T12:02:48.451634+00:00,,,,,,,,,,,,,,,,,,,,,,,,,,,,
https://nsf-gov-resources.nsf.gov/files/nsf2021q4.pdf,nsf2021q4.pdf,nsf.gov,,136619,133.4 KB,pending,2026-07-07T12:02:48.455441+00:00,,,,,,,,,,,,,,,,,,,,,,,,,,,,
https://nsf-gov-resources.nsf.gov/files/nsf2022q1.pdf,nsf2022q1.pdf,nsf.gov,,137729,134.5 KB,pending,2026-07-07T12:02:48.458308+00:00,,,,,,,,,,,,,,,,,,,,,,,,,,,,
https://nsf-gov-resources.nsf.gov/files/nsf2022q2.pdf,nsf2022q2.pdf,nsf.gov,,162518,158.7 KB,pending,2026-07-07T12:02:48.460529+00:00,,,,,,,,,,,,,,,,,,,,,,,,,,,,
https://nsf-gov-resources.nsf.gov/files/nsf2022q3.pdf,nsf2022q3.pdf,nsf.gov,,163132,159.3 KB,pending,2026-07-07T12:02:48.462455+00:00,,,,,,,,,,,,,,,,,,,,,,,,,,,,
https://nsf-gov-resources.nsf.gov/files/nsf2022q4.pdf,nsf2022q4.pdf,nsf.gov,,162905,159.1 KB,pending,2026-07-07T12:02:48.464242+00:00,,,,,,,,,,,,,,,,,,,,,,,,,,,,
https://nsf-gov-resources.nsf.gov/files/nsf2023q1.pdf,nsf2023q1.pdf,nsf.gov,,159656,155.9 KB,pending,2026-07-07T12:02:48.465934+00:00,,,,,,,,,,,,,,,,,,,,,,,,,,,,
https://nsf-gov-resources.nsf.gov/files/nsf2023q2.pdf,nsf2023q2.pdf,nsf.gov,,226298,221.0 KB,pending,2026-07-07T12:02:48.467785+00:00,,,,,,,,,,,,,,,,,,,,,,,,,,,,
https://nsf-gov-resources.nsf.gov/files/nsf2023q3.pdf,nsf2023q3.pdf,nsf.gov,,216663,211.6 KB,pending,2026-07-07T12:02:48.469709+00:00,,,,,,,,,,,,,,,,,,,,,,,,,,,,
https://nsf-gov-resources.nsf.gov/files/nsf2023q4.pdf,nsf2023q4.pdf,nsf.gov,,277851,271.3 KB,pending,2026-07-07T12:02:48.471744+00:00,,,,,,,,,,,,,,,,,,,,,,,,,,,,
https://nsf-gov-resources.nsf.gov/files/nsf2024q1.pdf,nsf2024q1.pdf,nsf.gov,,202467,197.7 KB,pending,2026-07-07T12:02:48.473646+00:00,,,,,,,,,,,,,,,,,,,,,,,,,,,,
https://nsf-gov-resources.nsf.gov/files/nsf2024q2.pdf,nsf2024q2.pdf,nsf.gov,,202367,197.6 KB,pending,2026-07-07T12:02:48.475542+00:00,,,,,,,,,,,,,,,,,,,,,,,,,,,,
https://nsf-gov-resources.nsf.gov/files/nsf2024q3.pdf,nsf2024q3.pdf,nsf.gov,,247757,242.0 KB,pending,2026-07-07T12:02:48.477479+00:00,,,,,,,,,,,,,,,,,,,,,,,,,,,,
https://nsf-gov-resources.nsf.gov/solicitations/pubs/2020/nsf20516/nsf20516.pdf,nsf20516.pdf,nsf.gov,,,—,pending,2026-07-07T12:02:48.480770+00:00,,,,,,,,,,,,,,,,,,,,,,,,,,,,
https://nsf-gov-resources.nsf.gov/solicitations/pubs/2020/nsf20520/nsf20520.pdf,nsf20520.pdf,nsf.gov,,,—,pending,2026-07-07T12:02:48.484214+00:00,,,,,,,,,,,,,,,,,,,,,,,,,,,,
https://nsf-gov-resources.nsf.gov/solicitations/pubs/2020/nsf20604/nsf20604.pdf,nsf20604.pdf,nsf.gov,,,—,pending,2026-07-07T12:02:48.489464+00:00,,,,,,,,,,,,,,,,,,,,,,,,,,,,
https://nsf-gov-resources.nsf.gov/pubs/policydocs/pappg20_1/nsf20_1.pdf,nsf20_1.pdf,nsf.gov,,,—,pending,2026-07-07T12:02:48.497041+00:00,,,,,,,,,,,,,,,,,,,,,,,,,,,,
https://nsfedaworkshop.nd.edu/assets/432289/nsf20_eda_workshop_report.pdf,nsf20_eda_workshop_report.pdf,nsf.gov,nsfedaworkshop.nd.edu,,—,pending,2026-07-07T12:02:48.503913+00:00,,,,,,,,,,,,,,,,,,,,,,,,,,,,
https://nsf-gov-resources.nsf.gov/pubs/2021/nsf21107/nsf21107.pdf,nsf21107.pdf,nsf.gov,,7858542,7.5 MB,pending,2026-07-07T12:02:48.523021+00:00,,,,,,,,,,,,,,,,,,,,,,,,,,,,
https://nsf-gov-resources.nsf.gov/solicitations/pubs/2021/nsf21515/nsf21515.pdf,nsf21515.pdf,nsf.gov,,,—,pending,2026-07-07T12:02:48.528803+00:00,,,,,,,,,,,,,,,,,,,,,,,,,,,,
https://nsf-gov-resources.nsf.gov/solicitations/pubs/2021/nsf21519/nsf21519.pdf,nsf21519.pdf,nsf.gov,,,—,pending,2026-07-07T12:02:48.533641+00:00,,,,,,,,,,,,,,,,,,,,,,,,,,,,
https://nsf-gov-resources.nsf.gov/solicitations/pubs/2021/nsf21524/nsf21524.pdf,nsf21524.pdf,nsf.gov,,,—,pending,2026-07-07T12:02:48.538048+00:00,,,,,,,,,,,,,,,,,,,,,,,,,,,,
https://nsf-gov-resources.nsf.gov/solicitations/pubs/2021/nsf21526/nsf21526.pdf,nsf21526.pdf,nsf.gov,,,—,pending,2026-07-07T12:02:48.543622+00:00,,,,,,,,,,,,,,,,,,,,,,,,,,,,
https://nsf-gov-resources.nsf.gov/solicitations/pubs/2021/nsf21542/nsf21542.pdf,nsf21542.pdf,nsf.gov,,,—,pending,2026-07-07T12:02:48.547906+00:00,,,,,,,,,,,,,,,,,,,,,,,,,,,,
https://nsf-gov-resources.nsf.gov/solicitations/pubs/2021/nsf21549/nsf21549.pdf,nsf21549.pdf,nsf.gov,,,—,pending,2026-07-07T12:02:48.551986+00:00,,,,,,,,,,,,,,,,,,,,,,,,,,,,
https://nsf-gov-resources.nsf.gov/solicitations/pubs/2021/nsf21555/nsf21555.pdf,nsf21555.pdf,nsf.gov,,,—,pending,2026-07-07T12:02:48.555998+00:00,,,,,,,,,,,,,,,,,,,,,,,,,,,,
https://nsf-gov-resources.nsf.gov/solicitations/pubs/2021/nsf21582/nsf21582.pdf,nsf21582.pdf,nsf.gov,,,—,pending,2026-07-07T12:02:48.559767+00:00,,,,,,,,,,,,,,,,,,,,,,,,,,,,
https://nsf-gov-resources.nsf.gov/solicitations/pubs/2021/nsf21590/nsf21590.pdf,nsf21590.pdf,nsf.gov,,,—,pending,2026-07-07T12:02:48.563385+00:00,,,,,,,,,,,,,,,,,,,,,,,,,,,,
https://nsf-gov-resources.nsf.gov/pubs/2022/nsf22068/nsf22068.pdf,nsf22068.pdf,nsf.gov,,,—,pending,2026-07-07T12:02:48.632053+00:00,,,,,,,,,,,,,,,,,,,,,,,,,,,,
https://nsf-gov-resources.nsf.gov/pubs/2022/nsf22102/nsf22102.pdf,nsf22102.pdf,nsf.gov,,,—,pending,2026-07-07T12:02:48.643455+00:00,,,,,,,,,,,,,,,,,,,,,,,,,,,,
https://nsf-gov-resources.nsf.gov/solicitations/pubs/2022/nsf22520/nsf22520.pdf,nsf22520.pdf,nsf.gov,,,—,pending,2026-07-07T12:02:48.649513+00:00,,,,,,,,,,,,,,,,,,,,,,,,,,,,
https://nsf-gov-resources.nsf.gov/solicitations/pubs/2022/nsf22521/nsf22521.pdf,nsf22521.pdf,nsf.gov,,,—,pending,2026-07-07T12:02:48.655894+00:00,,,,,,,,,,,,,,,,,,,,,,,,,,,,
https://nsf-gov-resources.nsf.gov/solicitations/pubs/2022/nsf22530/nsf22530.pdf,nsf22530.pdf,nsf.gov,,,—,pending,2026-07-07T12:02:48.661702+00:00,,,,,,,,,,,,,,,,,,,,,,,,,,,,
https://nsf-gov-resources.nsf.gov/solicitations/pubs/2022/nsf22562/nsf22562.pdf,nsf22562.pdf,nsf.gov,,,—,pending,2026-07-07T12:02:48.666453+00:00,,,,,,,,,,,,,,,,,,,,,,,,,,,,
https://nsf-gov-resources.nsf.gov/solicitations/pubs/2022/nsf22572/nsf22572.pdf,nsf22572.pdf,nsf.gov,,,—,pending,2026-07-07T12:02:48.671972+00:00,,,,,,,,,,,,,,,,,,,,,,,,,,,,
https://nsf-gov-resources.nsf.gov/solicitations/pubs/2022/nsf22574/nsf22574.pdf,nsf22574.pdf,nsf.gov,,,—,pending,2026-07-07T12:02:48.676346+00:00,,,,,,,,,,,,,,,,,,,,,,,,,,,,
https://nsf-gov-resources.nsf.gov/solicitations/pubs/2022/nsf22601/nsf22601.pdf,nsf22601.pdf,nsf.gov,,,—,pending,2026-07-07T12:02:48.681495+00:00,,,,,,,,,,,,,,,,,,,,,,,,,,,,
https://nsf-gov-resources.nsf.gov/solicitations/pubs/2022/nsf22617/nsf22617.pdf,nsf22617.pdf,nsf.gov,,,—,pending,2026-07-07T12:02:48.686482+00:00,,,,,,,,,,,,,,,,,,,,,,,,,,,,
https://nsf-gov-resources.nsf.gov/solicitations/pubs/2022/nsf22638/nsf22638.pdf,nsf22638.pdf,nsf.gov,,,—,pending,2026-07-07T12:02:48.691159+00:00,,,,,,,,,,,,,,,,,,,,,,,,,,,,
https://nsf-gov-resources.nsf.gov/pubs/policydocs/pappg22_1/nsf22_1.pdf,nsf22_1.pdf,nsf.gov,,,—,pending,2026-07-07T12:02:48.700398+00:00,,,,,,,,,,,,,,,,,,,,,,,,,,,,
https://nsf-gov-resources.nsf.gov/solicitations/pubs/2023/nsf23518/nsf23518.pdf,nsf23518.pdf,nsf.gov,,,—,pending,2026-07-07T12:02:48.710121+00:00,,,,,,,,,,,,,,,,,,,,,,,,,,,,
https://nsf-gov-resources.nsf.gov/solicitations/pubs/2023/nsf23534/nsf23534.pdf,nsf23534.pdf,nsf.gov,,,—,pending,2026-07-07T12:02:48.716356+00:00,,,,,,,,,,,,,,,,,,,,,,,,,,,,
https://nsf-gov-resources.nsf.gov/solicitations/pubs/2023/nsf23539/nsf23539.pdf,nsf23539.pdf,nsf.gov,,,—,pending,2026-07-07T12:02:48.722033+00:00,,,,,,,,,,,,,,,,,,,,,,,,,,,,
https://nsf-gov-resources.nsf.gov/solicitations/pubs/2023/nsf23540/nsf23540.pdf,nsf23540.pdf,nsf.gov,,,—,pending,2026-07-07T12:02:48.728335+00:00,,,,,,,,,,,,,,,,,,,,,,,,,,,,
https://nsf-gov-resources.nsf.gov/solicitations/pubs/2023/nsf23552/nsf23552.pdf,nsf23552.pdf,nsf.gov,,,—,pending,2026-07-07T12:02:48.735177+00:00,,,,,,,,,,,,,,,,,,,,,,,,,,,,
https://www.govinfo.gov/content/pkg/FR-2002-06-18/pdf/02-15207.pdf,02-15207.pdf,nsf.gov,govinfo.gov,217633,212.5 KB,pending,2026-07-31T18:57:06.311790+00:00,,,,,,,,,,,,,,,,,,,,,,,,,,,,
https://nsf-gov-resources.nsf.gov/files/14-fy2026.pdf,14-fy2026.pdf,nsf.gov,,441266,430.9 KB,pending,2026-07-31T18:57:06.314972+00:00,,,,,,,,,,,,,,,,,,,,,,,,,,,,
https://nsf-gov-resources.nsf.gov/2023-11/15_fy2023_0.pdf,15_fy2023_0.pdf,nsf.gov,,187976,183.6 KB,pending,2026-07-31T18:57:06.317432+00:00,,,,,,,,,,,,,,,,,,,,,,,,,,,,
https://nsf-gov-resources.nsf.gov/2023-11/16_fy2024.pdf,16_fy2024.pdf,nsf.gov,,149941,146.4 KB,pending,2026-07-31T18:57:06.319728+00:00,,,,,,,,,,,,,,,,,,,,,,,,,,,,
https://nsf-gov-resources.nsf.gov/files/16_fy2025.pdf,16_fy2025.pdf,nsf.gov,,207102,202.2 KB,pending,2026-07-31T18:57:06.322144+00:00,,,,,,,,,,,,,,,,,,,,,,,,,,,,
https://nsf-gov-resources.nsf.gov/2023-11/19_fy2022.pdf,19_fy2022.pdf,nsf.gov,,303037,295.9 KB,pending,2026-07-31T18:57:06.324810+00:00,,,,,,,,,,,,,,,,,,,,,,,,,,,,
https://nsf-gov-resources.nsf.gov/files/2026-ECORE-ERISE-RII-Annual-and-Renewal-Project-Reporting-Guidelines.pdf,2026-ECORE-ERISE-RII-Annual-and-Renewal-Project-Reporting-Guidelines.pdf,nsf.gov,,1467485,1.4 MB,pending,2026-07-31T18:57:06.330495+00:00,,,,,,,,,,,,,,,,,,,,,,,,,,,,
https://nsf-gov-resources.nsf.gov/files/2026-RII-ERF-guidelines.pdf,2026-RII-ERF-guidelines.pdf,nsf.gov,,356665,348.3 KB,pending,2026-07-31T18:57:06.333524+00:00,,,,,,,,,,,,,,,,,,,,,,,,,,,,
https://nsf-gov-resources.nsf.gov/files/2026-RII-FEC-annual-guidelines.pdf,2026-RII-FEC-annual-guidelines.pdf,nsf.gov,,245894,240.1 KB,pending,2026-07-31T18:57:06.336082+00:00,,,,,,,,,,,,,,,,,,,,,,,,,,,,
https://nsf-gov-resources.nsf.gov/files/2026-RII-Track-1-Guidelines.pdf,2026-RII-Track-1-Guidelines.pdf,nsf.gov,,386818,377.8 KB,pending,2026-07-31T18:57:06.338990+00:00,,,,,,,,,,,,,,,,,,,,,,,,,,,,
https://www.quantum.gov/wp-content/uploads/2021/01/A-Strategic-Vision-for-Americas-Quantum-Networks-Feb-2020.pdf,A-Strategic-Vision-for-Americas-Quantum-Networks-Feb-2020.pdf,nsf.gov,quantum.gov,252070,246.2 KB,pending,2026-07-31T18:57:06.341559+00:00,,,,,,,,,,,,,,,,,,,,,,,,,,,,
https://nsf-gov-resources.nsf.gov/2022-12/BABA%20FAQs%2011302022.pdf,BABA%20FAQs%2011302022.pdf,nsf.gov,,424720,414.8 KB,pending,2026-07-31T18:57:06.349776+00:00,,,,,,,,,,,,,,,,,,,,,,,,,,,,
https://nsf-gov-resources.nsf.gov/2023-05/BABA%20Waiver%2020230001%20ARF%20Public%20Interest%20Waiver%20for%20Posting.pdf,BABA%20Waiver%2020230001%20ARF%20Public%20Interest%20Waiver%20for%20Posting.pdf,nsf.gov,,213617,208.6 KB,pending,2026-07-31T18:57:06.352273+00:00,,,,,,,,,,,,,,,,,,,,,,,,,,,,
https://nsf-gov-resources.nsf.gov/2022-10/BABA%20Waiver%20Request%2020220001%20Cornell%20University%2C%2009302022_1.pdf,BABA%20Waiver%20Request%2020220001%20Cornell%20University%2C%2009302022_1.pdf,nsf.gov,,957667,935.2 KB,pending,2026-07-31T18:57:06.356641+00:00,,,,,,,,,,,,,,,,,,,,,,,,,,,,
https://nsf-gov-resources.nsf.gov/2023-01/BABA%20Waiver%20Request%2020220002%20NRAO%20VLA%20with%20Public%20Comments%2001172023.pdf,BABA%20Waiver%20Request%2020220002%20NRAO%20VLA%20with%20Public%20Comments%2001172023.pdf,nsf.gov,,947610,925.4 KB,pending,2026-07-31T18:57:06.361107+00:00,,,,,,,,,,,,,,,,,,,,,,,,,,,,
https://nsf-gov-resources.nsf.gov/2022-12/BABA_WaiverRequestSubmission_2022_Nov30_1.pdf,BABA_WaiverRequestSubmission_2022_Nov30_1.pdf,nsf.gov,,871430,851.0 KB,pending,2026-07-31T18:57:06.370341+00:00,,,,,,,,,,,,,,,,,,,,,,,,,,,,
https://nscresearchcenter.org/wp-content/uploads/CTEE_Report_Spring_2022.pdf,CTEE_Report_Spring_2022.pdf,nsf.gov,nscresearchcenter.org,5425158,5.2 MB,pending,2026-07-31T18:57:06.399733+00:00,,,,,,,,,,,,,,,,,,,,,,,,,,,,
https://nsf-gov-resources.nsf.gov/files/Expanding_the_Frontiers_of_Quantum_Science_508.pdf,Expanding_the_Frontiers_of_Quantum_Science_508.pdf,nsf.gov,,2257258,2.2 MB,pending,2026-07-31T18:57:06.412438+00:00,,,,,,,,,,,,,,,,,,,,,,,,,,,,
https://thefdp.org/wp-content/uploads/FDP-FWS-2018-Primary-Report.pdf,FDP-FWS-2018-Primary-Report.pdf,nsf.gov,thefdp.org,222,222 B,pending,2026-07-31T18:57:06.414808+00:00,,,,,,,,,,,,,,,,,,,,,,,,,,,,
https://nsf-gov-resources.nsf.gov/files/FY2003-2008.pdf,FY2003-2008.pdf,nsf.gov,,1025758,1001.7 KB,pending,2026-07-31T18:57:06.422944+00:00,,,,,,,,,,,,,,,,,,,,,,,,,,,,
https://trumpwhitehouse.archives.gov/wp-content/uploads/2017/12/FY2021-NITRD-Supplement.pdf,FY2021-NITRD-Supplement.pdf,nsf.gov,trumpwhitehouse.archives.gov,1539083,1.5 MB,pending,2026-07-31T18:57:06.428974+00:00,,,,,,,,,,,,,,,,,,,,,,,,,,,,
https://nsf-gov-resources.nsf.gov/files/FY2026-2030-Strategic-Plan.pdf,FY2026-2030-Strategic-Plan.pdf,nsf.gov,,8139961,7.8 MB,pending,2026-07-31T18:57:06.452004+00:00,,,,,,,,,,,,,,,,,,,,,,,,,,,,
https://nsf-gov-resources.nsf.gov/files/FY24_Final_Report_from_Budget_Request.pdf,FY24_Final_Report_from_Budget_Request.pdf,nsf.gov,,214683,209.7 KB,pending,2026-07-31T18:57:06.455591+00:00,,,,,,,,,,,,,,,,,,,,,,,,,,,,
https://www.whitehouse.gov/wp-content/uploads/2021/06/M-21-26.pdf,M-21-26.pdf,nsf.gov,whitehouse.gov,980501,957.5 KB,pending,2026-07-31T18:57:06.473433+00:00,,,,,,,,,,,,,,,,,,,,,,,,,,,,
https://www.whitehouse.gov/wp-content/uploads/2021/12/M-22-08.pdf,M-22-08.pdf,nsf.gov,whitehouse.gov,215691,210.6 KB,pending,2026-07-31T18:57:06.476093+00:00,,,,,,,,,,,,,,,,,,,,,,,,,,,,
https://www.whitehouse.gov/wp-content/uploads/2022/04/M-22-11.pdf,M-22-11.pdf,nsf.gov,whitehouse.gov,532739,520.3 KB,pending,2026-07-31T18:57:06.479377+00:00,,,,,,,,,,,,,,,,,,,,,,,,,,,,
https://www.whitehouse.gov/wp-content/uploads/2025/12/M-26-03-Presidents-Management-Agenda.pdf,M-26-03-Presidents-Management-Agenda.pdf,nsf.gov,whitehouse.gov,226169,220.9 KB,pending,2026-07-31T18:57:06.486816+00:00,,,,,,,,,,,,,,,,,,,,,,,,,,,,
https://nsf-gov-resources.nsf.gov/files/NAIRR-OC-Solicitation-Sept-23-2025-slides.pdf,NAIRR-OC-Solicitation-Sept-23-2025-slides.pdf,nsf.gov,,847626,827.8 KB,pending,2026-07-31T18:57:06.509611+00:00,,,,,,,,,,,,,,,,,,,,,,,,,,,,
https://nsf-gov-resources.nsf.gov/files/NSF%20Proposed%20Nonavailability%20Waiver%20MiniSplit.pdf,NSF%20Proposed%20Nonavailability%20Waiver%20MiniSplit.pdf,nsf.gov,,239061,233.5 KB,pending,2026-07-31T18:57:06.634911+00:00,,,,,,,,,,,,,,,,,,,,,,,,,,,,
https://nsf-gov-resources.nsf.gov/files/NSF-06-48.pdf,NSF-06-48.pdf,nsf.gov,,2333999,2.2 MB,pending,2026-07-31T18:57:06.643322+00:00,,,,,,,,,,,,,,,,,,,,,,,,,,,,
https://nsf-gov-resources.nsf.gov/files/Renewal-Site-Visit-Guidelines.pdf,Renewal-Site-Visit-Guidelines.pdf,nsf.gov,,298463,291.5 KB,pending,2026-07-31T18:57:06.708073+00:00,,,,,,,,,,,,,,,,,,,,,,,,,,,,
https://www.science-metrix.com/wp-content/uploads/2025/07/Technical_Documentation_Bibliometrics_SEI_2026.pdf,Technical_Documentation_Bibliometrics_SEI_2026.pdf,nsf.gov,science-metrix.com,1755630,1.7 MB,pending,2026-07-31T18:57:06.755435+00:00,,,,,,,,,,,,,,,,,,,,,,,,,,,,
https://www.whitehouse.gov/wp-content/uploads/2018/06/a11_web_toc.pdf,a11_web_toc.pdf,nsf.gov,whitehouse.gov,138197,135.0 KB,pending,2026-07-31T18:57:06.771229+00:00,,,,,,,,,,,,,,,,,,,,,,,,,,,,
https://obamawhitehouse.archives.gov/sites/default/files/omb/memoranda/2012/m-12-12.pdf,m-12-12.pdf,nsf.gov,obamawhitehouse.archives.gov,1255204,1.2 MB,pending,2026-07-31T18:57:06.808716+00:00,,,,,,,,,,,,,,,,,,,,,,,,,,,,
https://ncses.nsf.gov/301/assets/0/files/ncses_governmentrdinvestments_onepager.pdf,ncses_governmentrdinvestments_onepager.pdf,nsf.gov,,2100783,2.0 MB,pending,2026-07-31T18:57:06.817739+00:00,,,,,,,,,,,,,,,,,,,,,,,,,,,,
https://ncses.nsf.gov/pubs/nsb202332/assets/introduction/sidebars/nsb202332-higher-education-and-covid-19-effects-on-student-participation-plans-and-enrollment.pdf,nsb202332-higher-education-and-covid-19-effects-on-student-participation-plans-and-enrollment.pdf,nsf.gov,,74462,72.7 KB,pending,2026-07-31T18:57:06.851085+00:00,,,,,,,,,,,,,,,,,,,,,,,,,,,,
https://ncses.nsf.gov/pubs/nsb202332/assets/trends-in-s-e-degree-awards/tables/nsb202332-tabhed-004.pdf,nsb202332-tabhed-004.pdf,nsf.gov,,60343,58.9 KB,pending,2026-07-31T18:57:06.853423+00:00,,,,,,,,,,,,,,,,,,,,,,,,,,,,
https://nsf-gov-resources.nsf.gov/2023-12/nsf-final-de-minimis-small-grant-minor-comp.pdf,nsf-final-de-minimis-small-grant-minor-comp.pdf,nsf.gov,,239394,233.8 KB,pending,2026-07-31T18:57:06.855981+00:00,,,,,,,,,,,,,,,,,,,,,,,,,,,,
https://nsf-gov-resources.nsf.gov/pubs/2007/nsf0738/nsf0738.pdf,nsf0738.pdf,nsf.gov,,1019169,995.3 KB,pending,2026-07-31T18:57:06.865021+00:00,,,,,,,,,,,,,,,,,,,,,,,,,,,,
https://nsf-gov-resources.nsf.gov/pubs/2010/nsf104/nsf104.pdf,nsf104.pdf,nsf.gov,,1139196,1.1 MB,pending,2026-07-31T18:57:06.924484+00:00,,,,,,,,,,,,,,,,,,,,,,,,,,,,
https://nsf-gov-resources.nsf.gov/pubs/2018/nsf18033/nsf18033.pdf,nsf18033.pdf,nsf.gov,,1038087,1013.8 KB,pending,2026-07-31T18:57:07.039228+00:00,,,,,,,,,,,,,,,,,,,,,,,,,,,,
https://nsf-gov-resources.nsf.gov/pubs/2020/nsf20032/nsf20032.pdf,nsf20032.pdf,nsf.gov,,1448348,1.4 MB,pending,2026-07-31T18:57:07.056857+00:00,,,,,,,,,,,,,,,,,,,,,,,,,,,,
https://ncses.nsf.gov/pubs/nsf23303/assets/universities-report-largest-growth-in-federally-funded-r-d-expenditures-since-fy-2011/tables/nsf23303-tab003.pdf,nsf23303-tab003.pdf,nsf.gov,,78454,76.6 KB,pending,2026-07-31T18:57:07.102760+00:00,,,,,,,,,,,,,,,,,,,,,,,,,,,,
https://ncses.nsf.gov/pubs/nsf23303/assets/universities-report-largest-growth-in-federally-funded-r-d-expenditures-since-fy-2011/tables/nsf23303-tab004.pdf,nsf23303-tab004.pdf,nsf.gov,,71254,69.6 KB,pending,2026-07-31T18:57:07.105060+00:00,,,,,,,,,,,,,,,,,,,,,,,,,,,,
https://ncses.nsf.gov/pubs/nsf24332/assets/analysis-of-federal-funding-for-research-and-development-in-2022-basic-research/figures/nsf24332-fig006.pdf,nsf24332-fig006.pdf,nsf.gov,,99399,97.1 KB,pending,2026-07-31T18:57:07.113931+00:00,,,,,,,,,,,,,,,,,,,,,,,,,,,,
https://ncses.nsf.gov/pubs/nsf24332/assets/analysis-of-federal-funding-for-research-and-development-in-2022-basic-research/figures/nsf24332-fig007.pdf,nsf24332-fig007.pdf,nsf.gov,,88952,86.9 KB,pending,2026-07-31T18:57:07.116091+00:00,,,,,,,,,,,,,,,,,,,,,,,,,,,,
https://ncses.nsf.gov/pubs/nsf24332/assets/analysis-of-federal-funding-for-research-and-development-in-2022-basic-research/figures/nsf24332-fig008.pdf,nsf24332-fig008.pdf,nsf.gov,,104088,101.6 KB,pending,2026-07-31T18:57:07.118242+00:00,,,,,,,,,,,,,,,,,,,,,,,,,,,,
https://ncses.nsf.gov/pubs/nsf24332/assets/analysis-of-federal-funding-for-research-and-development-in-2022-basic-research/figures/nsf24332-fig009.pdf,nsf24332-fig009.pdf,nsf.gov,,71464,69.8 KB,pending,2026-07-31T18:57:07.120255+00:00,,,,,,,,,,,,,,,,,,,,,,,,,,,,
https://ncses.nsf.gov/pubs/nsf24332/assets/analysis-of-federal-funding-for-research-and-development-in-2022-basic-research/tables/nsf24332-tab001.pdf,nsf24332-tab001.pdf,nsf.gov,,60852,59.4 KB,pending,2026-07-31T18:57:07.122248+00:00,,,,,,,,,,,,,,,,,,,,,,,,,,,,
https://ncses.nsf.gov/pubs/nsf24332/assets/analysis-of-federal-funding-for-research-and-development-in-2022-basic-research/tables/nsf24332-tab002.pdf,nsf24332-tab002.pdf,nsf.gov,,62586,61.1 KB,pending,2026-07-31T18:57:07.124286+00:00,,,,,,,,,,,,,,,,,,,,,,,,,,,,
https://nsf-gov-resources.nsf.gov/solicitations/pubs/2024/nsf24530/nsf24530.pdf,nsf24530.pdf,nsf.gov,,911119,889.8 KB,pending,2026-07-31T18:57:07.128476+00:00,,,,,,,,,,,,,,,,,,,,,,,,,,,,
https://nsf-gov-resources.nsf.gov/files/nsf24588.pdf,nsf24588.pdf,nsf.gov,,891849,870.9 KB,pending,2026-07-31T18:57:07.132785+00:00,,,,,,,,,,,,,,,,,,,,,,,,,,,,
https://ncses.nsf.gov/pubs/nsf25302/assets/microbusinesses-performed-5-7-billion-of-r-d-in-the-united-states-in-2022/figures/nsf25302-fig001.pdf,nsf25302-fig001.pdf,nsf.gov,,62548,61.1 KB,pending,2026-07-31T18:57:07.143925+00:00,,,,,,,,,,,,,,,,,,,,,,,,,,,,
https://ncses.nsf.gov/pubs/nsf25302/assets/microbusinesses-performed-5-7-billion-of-r-d-in-the-united-states-in-2022/figures/nsf25302-fig002.pdf,nsf25302-fig002.pdf,nsf.gov,,61765,60.3 KB,pending,2026-07-31T18:57:07.146040+00:00,,,,,,,,,,,,,,,,,,,,,,,,,,,,
https://ncses.nsf.gov/pubs/nsf25302/assets/microbusinesses-performed-5-7-billion-of-r-d-in-the-united-states-in-2022/tables/nsf25302-tab001.pdf,nsf25302-tab001.pdf,nsf.gov,,74442,72.7 KB,pending,2026-07-31T18:57:07.148096+00:00,,,,,,,,,,,,,,,,,,,,,,,,,,,,
https://ncses.nsf.gov/pubs/nsf25302/assets/microbusinesses-performed-5-7-billion-of-r-d-in-the-united-states-in-2022/tables/nsf25302-tab002.pdf,nsf25302-tab002.pdf,nsf.gov,,89053,87.0 KB,pending,2026-07-31T18:57:07.150155+00:00,,,,,,,,,,,,,,,,,,,,,,,,,,,,
https://ncses.nsf.gov/pubs/nsf25302/assets/microbusinesses-performed-5-7-billion-of-r-d-in-the-united-states-in-2022/tables/nsf25302-tab003.pdf,nsf25302-tab003.pdf,nsf.gov,,91525,89.4 KB,pending,2026-07-31T18:57:07.152326+00:00,,,,,,,,,,,,,,,,,,,,,,,,,,,,
https://ncses.nsf.gov/pubs/nsf25302/assets/microbusinesses-performed-5-7-billion-of-r-d-in-the-united-states-in-2022/tables/nsf25302-tab004.pdf,nsf25302-tab004.pdf,nsf.gov,,97687,95.4 KB,pending,2026-07-31T18:57:07.154449+00:00,,,,,,,,,,,,,,,,,,,,,,,,,,,,
https://ncses.nsf.gov/pubs/nsf25302/assets/microbusinesses-performed-5-7-billion-of-r-d-in-the-united-states-in-2022/tables/nsf25302-tab005.pdf,nsf25302-tab005.pdf,nsf.gov,,89001,86.9 KB,pending,2026-07-31T18:57:07.156554+00:00,,,,,,,,,,,,,,,,,,,,,,,,,,,,
https://ncses.nsf.gov/pubs/nsf25303/assets/data-tables/tables/nsf25303-tab043.pdf,nsf25303-tab043.pdf,nsf.gov,,62626,61.2 KB,pending,2026-07-31T18:57:07.158564+00:00,,,,,,,,,,,,,,,,,,,,,,,,,,,,
https://ncses.nsf.gov/pubs/nsf25303/assets/data-tables/tables/nsf25303-tab044.pdf,nsf25303-tab044.pdf,nsf.gov,,59062,57.7 KB,pending,2026-07-31T18:57:07.160570+00:00,,,,,,,,,,,,,,,,,,,,,,,,,,,,
https://ncses.nsf.gov/pubs/nsf25303/assets/data-tables/tables/nsf25303-tab045.pdf,nsf25303-tab045.pdf,nsf.gov,,84890,82.9 KB,pending,2026-07-31T18:57:07.162627+00:00,,,,,,,,,,,,,,,,,,,,,,,,,,,,
https://ncses.nsf.gov/pubs/nsf25303/assets/data-tables/tables/nsf25303-tab046.pdf,nsf25303-tab046.pdf,nsf.gov,,86791,84.8 KB,pending,2026-07-31T18:57:07.164706+00:00,,,,,,,,,,,,,,,,,,,,,,,,,,,,
https://ncses.nsf.gov/pubs/nsf25303/assets/data-tables/tables/nsf25303-tab047.pdf,nsf25303-tab047.pdf,nsf.gov,,61433,60.0 KB,pending,2026-07-31T18:57:07.166710+00:00,,,,,,,,,,,,,,,,,,,,,,,,,,,,
https://ncses.nsf.gov/pubs/nsf25303/assets/data-tables/tables/nsf25303-tab048.pdf,nsf25303-tab048.pdf,nsf.gov,,143192,139.8 KB,pending,2026-07-31T18:57:07.168939+00:00,,,,,,,,,,,,,,,,,,,,,,,,,,,,
https://ncses.nsf.gov/pubs/nsf25303/assets/data-tables/tables/nsf25303-tab049.pdf,nsf25303-tab049.pdf,nsf.gov,,75611,73.8 KB,pending,2026-07-31T18:57:07.171015+00:00,,,,,,,,,,,,,,,,,,,,,,,,,,,,
https://ncses.nsf.gov/pubs/nsf25303/assets/data-tables/tables/nsf25303-tab050.pdf,nsf25303-tab050.pdf,nsf.gov,,59307,57.9 KB,pending,2026-07-31T18:57:07.173022+00:00,,,,,,,,,,,,,,,,,,,,,,,,,,,,
https://ncses.nsf.gov/pubs/nsf25303/assets/data-tables/tables/nsf25303-tab051.pdf,nsf25303-tab051.pdf,nsf.gov,,80040,78.2 KB,pending,2026-07-31T18:57:07.175060+00:00,,,,,,,,,,,,,,,,,,,,,,,,,,,,
https://ncses.nsf.gov/pubs/nsf25303/assets/data-tables/tables/nsf25303-tab052.pdf,nsf25303-tab052.pdf,nsf.gov,,70821,69.2 KB,pending,2026-07-31T18:57:07.177087+00:00,,,,,,,,,,,,,,,,,,,,,,,,,,,,
https://ncses.nsf.gov/pubs/nsf25303/assets/data-tables/tables/nsf25303-tab053.pdf,nsf25303-tab053.pdf,nsf.gov,,64434,62.9 KB,pending,2026-07-31T18:57:07.179092+00:00,,,,,,,,,,,,,,,,,,,,,,,,,,,,
https://ncses.nsf.gov/pubs/nsf25303/assets/data-tables/tables/nsf25303-tab054.pdf,nsf25303-tab054.pdf,nsf.gov,,60333,58.9 KB,pending,2026-07-31T18:57:07.181111+00:00,,,,,,,,,,,,,,,,,,,,,,,,,,,,
https://ncses.nsf.gov/pubs/nsf25303/assets/data-tables/tables/nsf25303-tab055.pdf,nsf25303-tab055.pdf,nsf.gov,,106725,104.2 KB,pending,2026-07-31T18:57:07.183206+00:00,,,,,,,,,,,,,,,,,,,,,,,,,,,,
https://ncses.nsf.gov/pubs/nsf25303/assets/data-tables/tables/nsf25303-tab056.pdf,nsf25303-tab056.pdf,nsf.gov,,66738,65.2 KB,pending,2026-07-31T18:57:07.185222+00:00,,,,,,,,,,,,,,,,,,,,,,,,,,,,
https://ncses.nsf.gov/pubs/nsf25303/assets/data-tables/tables/nsf25303-tab057.pdf,nsf25303-tab057.pdf,nsf.gov,,58548,57.2 KB,pending,2026-07-31T18:57:07.187208+00:00,,,,,,,,,,,,,,,,,,,,,,,,,,,,
https://ncses.nsf.gov/pubs/nsf25303/assets/data-tables/tables/nsf25303-tab058.pdf,nsf25303-tab058.pdf,nsf.gov,,72982,71.3 KB,pending,2026-07-31T18:57:07.189251+00:00,,,,,,,,,,,,,,,,,,,,,,,,,,,,
https://ncses.nsf.gov/pubs/nsf25303/assets/data-tables/tables/nsf25303-tab059.pdf,nsf25303-tab059.pdf,nsf.gov,,73804,72.1 KB,pending,2026-07-31T18:57:07.191277+00:00,,,,,,,,,,,,,,,,,,,,,,,,,,,,
https://ncses.nsf.gov/pubs/nsf25303/assets/data-tables/tables/nsf25303-tab060.pdf,nsf25303-tab060.pdf,nsf.gov,,86461,84.4 KB,pending,2026-07-31T18:57:07.193329+00:00,,,,,,,,,,,,,,,,,,,,,,,,,,,,
https://ncses.nsf.gov/pubs/nsf25303/assets/data-tables/tables/nsf25303-tab061.pdf,nsf25303-tab061.pdf,nsf.gov,,57771,56.4 KB,pending,2026-07-31T18:57:07.195320+00:00,,,,,,,,,,,,,,,,,,,,,,,,,,,,
https://ncses.nsf.gov/pubs/nsf25303/assets/data-tables/tables/nsf25303-tab062.pdf,nsf25303-tab062.pdf,nsf.gov,,118618,115.8 KB,pending,2026-07-31T18:57:07.197467+00:00,,,,,,,,,,,,,,,,,,,,,,,,,,,,
https://ncses.nsf.gov/pubs/nsf25303/assets/data-tables/tables/nsf25303-tab063.pdf,nsf25303-tab063.pdf,nsf.gov,,69613,68.0 KB,pending,2026-07-31T18:57:07.199527+00:00,,,,,,,,,,,,,,,,,,,,,,,,,,,,
https://ncses.nsf.gov/pubs/nsf25303/assets/data-tables/tables/nsf25303-tab064.pdf,nsf25303-tab064.pdf,nsf.gov,,72494,70.8 KB,pending,2026-07-31T18:57:07.201572+00:00,,,,,,,,,,,,,,,,,,,,,,,,,,,,
https://ncses.nsf.gov/pubs/nsf25303/assets/data-tables/tables/nsf25303-tab065.pdf,nsf25303-tab065.pdf,nsf.gov,,92483,90.3 KB,pending,2026-07-31T18:57:07.203645+00:00,,,,,,,,,,,,,,,,,,,,,,,,,,,,
https://ncses.nsf.gov/pubs/nsf25303/assets/data-tables/tables/nsf25303-tab066.pdf,nsf25303-tab066.pdf,nsf.gov,,59214,57.8 KB,pending,2026-07-31T18:57:07.205609+00:00,,,,,,,,,,,,,,,,,,,,,,,,,,,,
https://ncses.nsf.gov/pubs/nsf25303/assets/data-tables/tables/nsf25303-tab067.pdf,nsf25303-tab067.pdf,nsf.gov,,126010,123.1 KB,pending,2026-07-31T18:57:07.207785+00:00,,,,,,,,,,,,,,,,,,,,,,,,,,,,
https://ncses.nsf.gov/pubs/nsf25303/assets/data-tables/tables/nsf25303-tab068.pdf,nsf25303-tab068.pdf,nsf.gov,,66899,65.3 KB,pending,2026-07-31T18:57:07.209796+00:00,,,,,,,,,,,,,,,,,,,,,,,,,,,,
https://ncses.nsf.gov/pubs/nsf25303/assets/data-tables/tables/nsf25303-tab069.pdf,nsf25303-tab069.pdf,nsf.gov,,98315,96.0 KB,pending,2026-07-31T18:57:07.211884+00:00,,,,,,,,,,,,,,,,,,,,,,,,,,,,
https://ncses.nsf.gov/pubs/nsf25303/assets/data-tables/tables/nsf25303-tab070.pdf,nsf25303-tab070.pdf,nsf.gov,,60212,58.8 KB,pending,2026-07-31T18:57:07.213869+00:00,,,,,,,,,,,,,,,,,,,,,,,,,,,,
https://ncses.nsf.gov/pubs/nsf25303/assets/data-tables/tables/nsf25303-tab071.pdf,nsf25303-tab071.pdf,nsf.gov,,51097,49.9 KB,pending,2026-07-31T18:57:07.216111+00:00,,,,,,,,,,,,,,,,,,,,,,,,,,,,
https://ncses.nsf.gov/pubs/nsf25303/assets/data-tables/tables/nsf25303-tab072.pdf,nsf25303-tab072.pdf,nsf.gov,,161597,157.8 KB,pending,2026-07-31T18:57:07.218420+00:00,,,,,,,,,,,,,,,,,,,,,,,,,,,,
https://ncses.nsf.gov/pubs/nsf25303/assets/data-tables/tables/nsf25303-tab073.pdf,nsf25303-tab073.pdf,nsf.gov,,77108,75.3 KB,pending,2026-07-31T18:57:07.220489+00:00,,,,,,,,,,,,,,,,,,,,,,,,,,,,
https://ncses.nsf.gov/pubs/nsf25303/assets/data-tables/tables/nsf25303-tab074.pdf,nsf25303-tab074.pdf,nsf.gov,,106994,104.5 KB,pending,2026-07-31T18:57:07.222623+00:00,,,,,,,,,,,,,,,,,,,,,,,,,,,,
https://ncses.nsf.gov/pubs/nsf25303/assets/data-tables/tables/nsf25303-tab075.pdf,nsf25303-tab075.pdf,nsf.gov,,66981,65.4 KB,pending,2026-07-31T18:57:07.224642+00:00,,,,,,,,,,,,,,,,,,,,,,,,,,,,
https://ncses.nsf.gov/pubs/nsf25303/assets/data-tables/tables/nsf25303-tab076.pdf,nsf25303-tab076.pdf,nsf.gov,,107335,104.8 KB,pending,2026-07-31T18:57:07.226884+00:00,,,,,,,,,,,,,,,,,,,,,,,,,,,,
https://ncses.nsf.gov/pubs/nsf25303/assets/data-tables/tables/nsf25303-tab077.pdf,nsf25303-tab077.pdf,nsf.gov,,65783,64.2 KB,pending,2026-07-31T18:57:07.228902+00:00,,,,,,,,,,,,,,,,,,,,,,,,,,,,
https://ncses.nsf.gov/pubs/nsf25303/assets/data-tables/tables/nsf25303-tab078.pdf,nsf25303-tab078.pdf,nsf.gov,,107252,104.7 KB,pending,2026-07-31T18:57:07.231028+00:00,,,,,,,,,,,,,,,,,,,,,,,,,,,,
https://ncses.nsf.gov/pubs/nsf25303/assets/data-tables/tables/nsf25303-tab079.pdf,nsf25303-tab079.pdf,nsf.gov,,67046,65.5 KB,pending,2026-07-31T18:57:07.233084+00:00,,,,,,,,,,,,,,,,,,,,,,,,,,,,
https://ncses.nsf.gov/pubs/nsf25303/assets/data-tables/tables/nsf25303-tab080.pdf,nsf25303-tab080.pdf,nsf.gov,,107108,104.6 KB,pending,2026-07-31T18:57:07.235218+00:00,,,,,,,,,,,,,,,,,,,,,,,,,,,,
https://ncses.nsf.gov/pubs/nsf25303/assets/data-tables/tables/nsf25303-tab081.pdf,nsf25303-tab081.pdf,nsf.gov,,66940,65.4 KB,pending,2026-07-31T18:57:07.237261+00:00,,,,,,,,,,,,,,,,,,,,,,,,,,,,
https://ncses.nsf.gov/pubs/nsf25303/assets/data-tables/tables/nsf25303-tab082.pdf,nsf25303-tab082.pdf,nsf.gov,,107466,104.9 KB,pending,2026-07-31T18:57:07.239390+00:00,,,,,,,,,,,,,,,,,,,,,,,,,,,,
https://ncses.nsf.gov/pubs/nsf25303/assets/data-tables/tables/nsf25303-tab083.pdf,nsf25303-tab083.pdf,nsf.gov,,67231,65.7 KB,pending,2026-07-31T18:57:07.241421+00:00,,,,,,,,,,,,,,,,,,,,,,,,,,,,
https://ncses.nsf.gov/pubs/nsf25303/assets/data-tables/tables/nsf25303-tab084.pdf,nsf25303-tab084.pdf,nsf.gov,,105883,103.4 KB,pending,2026-07-31T18:57:07.243553+00:00,,,,,,,,,,,,,,,,,,,,,,,,,,,,
https://ncses.nsf.gov/pubs/nsf25303/assets/data-tables/tables/nsf25303-tab085.pdf,nsf25303-tab085.pdf,nsf.gov,,66880,65.3 KB,pending,2026-07-31T18:57:07.245578+00:00,,,,,,,,,,,,,,,,,,,,,,,,,,,,
https://ncses.nsf.gov/pubs/nsf26306/assets/innovation-data-from-the-2023-annual-business-survey-data-year-2022/figures/nsf26306-fig001.pdf,nsf26306-fig001.pdf,nsf.gov,,64510,63.0 KB,pending,2026-07-31T18:57:07.247577+00:00,,,,,,,,,,,,,,,,,,,,,,,,,,,,
https://ncses.nsf.gov/pubs/nsf26306/assets/innovation-data-from-the-2023-annual-business-survey-data-year-2022/figures/nsf26306-fig002.pdf,nsf26306-fig002.pdf,nsf.gov,,76462,74.7 KB,pending,2026-07-31T18:57:07.249625+00:00,,,,,,,,,,,,,,,,,,,,,,,,,,,,
https://ncses.nsf.gov/pubs/nsf26306/assets/innovation-data-from-the-2023-annual-business-survey-data-year-2022/figures/nsf26306-fig003.pdf,nsf26306-fig003.pdf,nsf.gov,,100655,98.3 KB,pending,2026-07-31T18:57:07.251720+00:00,,,,,,,,,,,,,,,,,,,,,,,,,,,,
https://ncses.nsf.gov/pubs/nsf26306/assets/innovation-data-from-the-2023-annual-business-survey-data-year-2022/figures/nsf26306-fig004.pdf,nsf26306-fig004.pdf,nsf.gov,,125325,122.4 KB,pending,2026-07-31T18:57:07.254907+00:00,,,,,,,,,,,,,,,,,,,,,,,,,,,,
https://ncses.nsf.gov/pubs/nsf26306/assets/innovation-data-from-the-2023-annual-business-survey-data-year-2022/tables/nsf26306-tab001.pdf,nsf26306-tab001.pdf,nsf.gov,,92024,89.9 KB,pending,2026-07-31T18:57:07.258060+00:00,,,,,,,,,,,,,,,,,,,,,,,,,,,,
https://ncses.nsf.gov/pubs/nsf26306/assets/innovation-data-from-the-2023-annual-business-survey-data-year-2022/tables/nsf26306-tab002.pdf,nsf26306-tab002.pdf,nsf.gov,,63434,61.9 KB,pending,2026-07-31T18:57:07.261119+00:00,,,,,,,,,,,,,,,,,,,,,,,,,,,,
https://ncses.nsf.gov/pubs/nsf26306/assets/innovation-data-from-the-2023-annual-business-survey-data-year-2022/tables/nsf26306-tab003.pdf,nsf26306-tab003.pdf,nsf.gov,,69387,67.8 KB,pending,2026-07-31T18:57:07.263233+00:00,,,,,,,,,,,,,,,,,,,,,,,,,,,,
https://ncses.nsf.gov/pubs/nsf26306/assets/innovation-data-from-the-2023-annual-business-survey-data-year-2022/tables/nsf26306-tab004.pdf,nsf26306-tab004.pdf,nsf.gov,,56722,55.4 KB,pending,2026-07-31T18:57:07.265256+00:00,,,,,,,,,,,,,,,,,,,,,,,,,,,,
https://ncses.nsf.gov/pubs/nsf26306/assets/nsf26306.pdf,nsf26306.pdf,nsf.gov,,360482,352.0 KB,pending,2026-07-31T18:57:07.268022+00:00,,,,,,,,,,,,,,,,,,,,,,,,,,,,
https://nsf-gov-resources.nsf.gov/files/nsf_eadg_steering_committee_charter.pdf,nsf_eadg_steering_committee_charter.pdf,nsf.gov,,200115,195.4 KB,pending,2026-07-31T18:57:07.270436+00:00,,,,,,,,,,,,,,,,,,,,,,,,,,,,
https://nsf-gov-resources.nsf.gov/files/nspm33-disclosuretable-sept2022-r.pdf,nspm33-disclosuretable-sept2022-r.pdf,nsf.gov,,245888,240.1 KB,pending,2026-07-31T18:57:07.272944+00:00,,,,,,,,,,,,,,,,,,,,,,,,,,,,
https://nsf-gov-resources.nsf.gov/files/pia-health-program-records.pdf,pia-health-program-records.pdf,nsf.gov,,253682,247.7 KB,pending,2026-07-31T18:57:07.280989+00:00,,,,,,,,,,,,,,,,,,,,,,,,,,,,
https://nsf-gov-resources.nsf.gov/files/pia-nsf-staff-and-visitor-medical-information.pdf,pia-nsf-staff-and-visitor-medical-information.pdf,nsf.gov,,280413,273.8 KB,pending,2026-07-31T18:57:07.283648+00:00,,,,,,,,,,,,,,,,,,,,,,,,,,,,
https://nsf-gov-resources.nsf.gov/files/pia-social-media-sites.pdf,pia-social-media-sites.pdf,nsf.gov,,271928,265.6 KB,pending,2026-07-31T18:57:07.286230+00:00,,,,,,,,,,,,,,,,,,,,,,,,,,,,
https://nsf-gov-resources.nsf.gov/pubs/policydocs/pnag/pnag141.pdf,pnag141.pdf,nsf.gov,,815377,796.3 KB,pending,2026-07-31T18:57:07.290190+00:00,,,,,,,,,,,,,,,,,,,,,,,,,,,,
https://nsf-gov-resources.nsf.gov/pubs/policydocs/pnag/pnag151.pdf,pnag151.pdf,nsf.gov,,430990,420.9 KB,pending,2026-07-31T18:57:07.293284+00:00,,,,,,,,,,,,,,,,,,,,,,,,,,,,
https://nsf-gov-resources.nsf.gov/pubs/policydocs/pnag/pnag161.pdf,pnag161.pdf,nsf.gov,,640692,625.7 KB,pending,2026-07-31T18:57:07.296875+00:00,,,,,,,,,,,,,,,,,,,,,,,,,,,,
https://nsf-gov-resources.nsf.gov/pubs/policydocs/pnag/pnag171.pdf,pnag171.pdf,nsf.gov,,481132,469.9 KB,pending,2026-07-31T18:57:07.300068+00:00,,,,,,,,,,,,,,,,,,,,,,,,,,,,
https://nsf-gov-resources.nsf.gov/files/rgovcompliancechecks-jan2023-r_0.pdf,rgovcompliancechecks-jan2023-r_0.pdf,nsf.gov,,819315,800.1 KB,pending,2026-07-31T18:57:07.304118+00:00,,,,,,,,,,,,,,,,,,,,,,,,,,,,
