url,type,referer
https://www.luton.gov.uk/,page,
https://www.luton.gov.uk/terms-use,page,
https://www.luton.gov.uk/council-elections/finance-data-performance/data-protection-privacy-information-requests/privacy-notices,page,
https://www.luton.gov.uk/disclaimer,page,
https://www.luton.gov.uk/copyright,page,
https://www.luton.gov.uk/council-elections/finance-data-performance/data-protection-privacy-information-requests/cookie-policy,page,
https://www.luton.gov.uk/accessibility-statement,page,
https://www.luton.gov.uk/translation-disclaimer,page,
https://www.luton.gov.uk/contact-us,page,
https://www.luton.gov.uk/news,page,
https://www.luton.gov.uk/news/2026/free-flu-vaccinations-available-eligible-children-luton-winter,page,
https://www.luton.gov.uk/news/2026/new-council-fleet-strengthens-waste-services,page,
https://www.luton.gov.uk/news/2026/luton-celebrates-black-history-month-2026,page,
https://www.luton.gov.uk/schools-education/travel-assistance-schools-send-post-16,page,
https://www.luton.gov.uk/schools-education/schools-colleges/apply-transfer-or-change-schools,page,
https://www.luton.gov.uk/benefits-financial-help/manage-or-make-change-your-benefits/manage-your-benefits-online,page,
https://www.luton.gov.uk/bins-waste-recycling/bin-collections/missed-bin-collections,page,
https://www.luton.gov.uk/council-tax/council-tax-discounts-exemptions,page,
https://www.luton.gov.uk/council-tax/paying-your-council-tax/ways-pay-your-council-tax-bill/pay-your-council-tax-online,page,
https://www.luton.gov.uk/council-elections/strategies-policies-plans/anonymisation-pseudonymisation-policy,page,
https://www.luton.gov.uk/planning-building-control/planning/luton-local-plan/new-local-plan,page,
https://www.luton.gov.uk/websitefeedback,page,
https://www.luton.gov.uk/bins-waste-recycling/bin-collections/order-more-clear-waste-sacks,page,
https://www.luton.gov.uk/bins-waste-recycling/bin-collections/order-replacement-bin,page,
https://www.luton.gov.uk/housing/housing-options-support/contact-us-if-you-are-homeless-or-risk-losing-your-home,page,
https://www.luton.gov.uk/news?page=20,page,
https://www.luton.gov.uk/news?page=8,page,
https://www.luton.gov.uk/news?page=7,page,
https://www.luton.gov.uk/council-elections/strategies-policies-plans/travel-assistance-policy-0-25-year-olds-education,page,
https://www.luton.gov.uk/schools-education/schools-colleges/apply-transfer-or-change-schools/children-under-five-years-age,page,
https://www.luton.gov.uk/schools-education/schools-colleges/apply-transfer-or-change-schools/school-waiting-list-process,page,
https://www.luton.gov.uk/council-tax/manage-your-council-tax-business-rates-account-online,page,
https://www.luton.gov.uk/council-elections/strategies-policies-plans,page,
https://www.luton.gov.uk/council-tax/paying-your-council-tax/ways-pay-your-council-tax-bill/pay-your-council-tax-post,page,
https://www.luton.gov.uk/planning-building-control/planning/luton-local-plan/new-local-plan/new-site-submissions,page,
https://www.luton.gov.uk/news?page=18,page,
https://www.luton.gov.uk/news?page=17,page,
https://www.luton.gov.uk/news?page=11,page,
https://www.luton.gov.uk/news?page=10,page,
https://www.luton.gov.uk/news/2025/trading-standards-keep-war-illegal-cigarettes-tobacco-traders,page,
https://www.luton.gov.uk/schools-education/schools-colleges/appeals-policies-arrangements-schools/contact-school-admissions-team,page,
https://www.luton.gov.uk/council-tax/tell-us-about-council-tax-change/tell-us-if-you-are-moving,page,
https://www.luton.gov.uk/schools-education/schools-colleges/apply-transfer-or-change-schools/step-by-step/change-your-childs-school-year-step-step/how-apply-change-schools-year,page,
https://www.luton.gov.uk/news/2025/non-muslim-council-staff-fast-day,page,
https://www.luton.gov.uk/news/2025/university-partners-luton-council-new-ai-project-support-local-businesses,page,
https://www.luton.gov.uk/news/2025/family-fun-helpful-health-advice-bury-park-month,page,
https://www.luton.gov.uk/news/2025/leader-luton-council-cllr-hazel-simmons-mbe-statement-concerning-rise-hate-speech,page,
https://www.luton.gov.uk/news/2025/community-statement-manchester-synagogue-attack,page,
https://www.luton.gov.uk/news/2025/luton-raises-red-flags-domestic-abuse,page,
https://www.luton.gov.uk/news/2025/toms-race-new-foster-carers,page,
https://www.luton.gov.uk/news/2025/luton-rising-confirms-ps131m-funding-agreement-active-luton,page,
https://www.luton.gov.uk/council-tax/tell-us-about-council-tax-change,page,
https://www.luton.gov.uk/schools-education/schools-colleges/appeals-policies-arrangements-schools,page,
https://www.luton.gov.uk/schools-education/schools-colleges/apply-transfer-or-change-schools/step-by-step/change-your-childs-school-year-step-step/what-you-need-provide-when-changing-school,page,
https://www.luton.gov.uk/schools-education/schools-colleges/apply-transfer-or-change-schools/step-by-step/change-your-childs-school-year-step-step/you-apply-change-schools,page,
https://www.luton.gov.uk/news/2025/luton-rising-fireworks-spectacular-2025-lights-popes-meadow,page,
https://www.luton.gov.uk/news/2025/luton-council-urges-government-consult-fire-services-all-major-developments,page,
https://www.luton.gov.uk/news/2025/noisy-neighbour-found-guilty-repeated-noise-nuisance,page,
https://www.luton.gov.uk/news/2025/luton-council-teams-football-club-provide-new-public-car-parking-facilities-bury-park,page,
https://www.luton.gov.uk/news/2025/luton-hotel-fined-after-guest-suffers-allergic-reaction,page,
https://www.luton.gov.uk/news/2025/remembrance-events-taking-place-luton,page,
https://www.luton.gov.uk/news/2025/luton-secures-ps26-million-investment-new-indoor-cricket-dome,page,
https://www.luton.gov.uk/news/2025/parents-advised-act-now-high-school-applications-deadline-approaches,page,
https://www.luton.gov.uk/news/2025/luton-council-wins-taxi-licence-appeal,page,
https://www.luton.gov.uk/news/2025/council-statement-flags-lampposts,page,
https://www.luton.gov.uk/council-tax/tell-us-about-council-tax-change/report-change-tenancy-council-tax-purposes,page,
https://www.luton.gov.uk/schools-education/schools-colleges/curriculum-guidance/relationships-education/make-query-about-primary-relationships-health-education-rhe,page,
https://www.luton.gov.uk/schools-education/schools-colleges/appeals-policies-arrangements-schools/supplementary-schools,page,
https://www.luton.gov.uk/schools-education/schools-colleges/appeals-policies-arrangements-schools/community-schools-admission-appeal-arrangements,page,
https://www.luton.gov.uk/health-social-care/children-young-people-families/adoption-fostering/fostering,page,
https://www.luton.gov.uk/schools-education/schools-colleges/curriculum-guidance/relationships-education/further-guidance-primary-relationships-health-education-rhe,page,
https://www.luton.gov.uk/schools-education/schools-colleges/find-school-luton/ramridge-primary-school,page,
https://www.luton.gov.uk/schools-education/schools-colleges/find-school-luton/putteridge-primary-school,page,
https://www.luton.gov.uk/schools-education/schools-colleges/find-school-luton/pirton-hill-primary-school,page,
https://www.luton.gov.uk/schools-education/schools-colleges/find-school-luton/parklea-primary-school,page,
https://www.luton.gov.uk/schools-education/schools-colleges/find-school-luton/norton-road-primary-school,page,
https://www.luton.gov.uk/schools-education/schools-colleges/find-school-luton/maidenhall-primary-school,page,
https://www.luton.gov.uk/schools-education/schools-colleges/find-school-luton/icknield-primary-school,page,
https://www.luton.gov.uk/schools-education/schools-colleges/find-school-luton/foxdell-primary-school,page,
https://www.luton.gov.uk/schools-education/schools-colleges/find-school-luton/downside-primary-school,page,
https://www.luton.gov.uk/schools-education/schools-colleges/find-school-luton/denbigh-primary-school,page,
https://www.luton.gov.uk/health-social-care/children-young-people-families/adoption-fostering/fostering/kinship-care,page,
https://www.luton.gov.uk/health-social-care/children-young-people-families/adoption-fostering/fostering/foster-carer-plus,page,
https://www.luton.gov.uk/health-social-care/children-young-people-families/adoption-fostering/fostering/private-fostering,page,
https://www.luton.gov.uk/health-social-care/children-young-people-families/adoption-fostering/fostering/what-our-foster-carers-say,page,
https://www.luton.gov.uk/health-social-care/children-young-people-families/adoption-fostering/fostering/foster-care-support-training-celebration-benefits,page,
https://www.luton.gov.uk/schools-education/schools-colleges/find-school-luton,page,
https://www.luton.gov.uk/health-social-care/children-young-people-families/adoption-fostering/fostering/how-become-foster-carer,page,
https://www.luton.gov.uk/health-social-care/children-young-people-families/adoption-fostering/fostering/fostering-allowances-fees,page,
https://www.luton.gov.uk/health-social-care/children-young-people-families/adoption-fostering/fostering/what-it-takes-foster,page,
https://www.luton.gov.uk/health-social-care/children-young-people-families/adoption-fostering/fostering/foster-east-luton-bedfordshire,page,
https://www.luton.gov.uk/schools-education/schools-colleges/find-school-luton?page=7,page,
https://www.luton.gov.uk/schools-education/schools-colleges/find-school-luton?page=6,page,
https://www.luton.gov.uk/schools-education/schools-colleges/find-school-luton?page=5,page,
https://www.luton.gov.uk/schools-education/schools-colleges/find-school-luton?page=4,page,
https://www.luton.gov.uk/schools-education/schools-colleges/find-school-luton?page=3,page,
https://www.luton.gov.uk/schools-education/schools-colleges/find-school-luton?page=2,page,
https://www.luton.gov.uk/schools-education/schools-colleges/find-school-luton?page=1,page,
https://www.luton.gov.uk/schools-education/schools-colleges/find-school-luton?page=0,page,
https://www.luton.gov.uk/schools-education/schools-colleges/find-school-luton/chapel-street-nursery-school,page,
https://www.luton.gov.uk/schools-education/schools-colleges/find-school-luton/chantry-primary-academy,page,
https://www.luton.gov.uk/schools-education/schools-colleges/find-school-luton/challney-high-school-girls,page,
https://www.luton.gov.uk/schools-education/schools-colleges/find-school-luton/challney-high-school-boys,page,
https://www.luton.gov.uk/schools-education/schools-colleges/find-school-luton/avenue-centre-education,page,
https://www.luton.gov.uk/health-social-care/children-young-people-families/adoption-fostering/fostering/what-fostering,page,
https://www.luton.gov.uk/schools-education/schools-colleges/find-school-luton/woodlands-secondary-school,page,
https://www.luton.gov.uk/schools-education/schools-colleges/find-school-luton/wigmore-primary-school,page,
https://www.luton.gov.uk/schools-education/schools-colleges/find-school-luton/chalk-hills-academy,page,
https://www.luton.gov.uk/schools-education/schools-colleges/find-school-luton/southfield-primary-school,page,
https://www.luton.gov.uk/schools-education/schools-colleges/find-school-luton/putteridge-high-school,page,
https://www.luton.gov.uk/schools-education/schools-colleges/find-school-luton/lea-manor-high-school,page,
https://www.luton.gov.uk/schools-education/schools-colleges/find-school-luton/farley-junior-academy,page,
https://www.luton.gov.uk/schools-education/schools-colleges/find-school-luton/denbigh-high-school,page,
https://www.luton.gov.uk/schools-education/schools-colleges/find-school-luton/dallow-primary-school,page,
https://www.luton.gov.uk/schools-education/schools-colleges/find-school-luton/crawley-green-infant-school,page,
https://www.luton.gov.uk/schools-education/schools-colleges/find-school-luton/chiltern-academy,page,
https://www.luton.gov.uk/schools-education/schools-colleges/find-school-luton/lady-zia-wernher-school,page,
https://www.luton.gov.uk/schools-education/schools-colleges/find-school-luton/icknield-high-school,page,
https://www.luton.gov.uk/schools-education/schools-colleges/find-school-luton/hillborough-infant-nursery-school,page,
https://www.luton.gov.uk/schools-education/schools-colleges/find-school-luton/hart-hill-nursery-school,page,
https://www.luton.gov.uk/schools-education/schools-colleges/find-school-luton/grasmere-nursery-school,page,
https://www.luton.gov.uk/health-social-care/children-young-people-families/adoption-fostering/adoption,page,
https://www.luton.gov.uk/schools-education/schools-colleges/find-school-luton/gill-blowers-nursery-mossdale,page,
https://www.luton.gov.uk/schools-education/schools-colleges/find-school-luton/gill-blowers-nursery-leabank,page,
https://www.luton.gov.uk/schools-education/schools-colleges/find-school-luton/pastures-way-nursery-school,page,
https://www.luton.gov.uk/schools-education/schools-colleges/find-school-luton/lime-academy-hartwell,page,
https://www.luton.gov.uk/schools-education/schools-colleges/find-school-luton/lealands-high-school,page,
https://www.luton.gov.uk/schools-education/schools-colleges/find-school-luton/rothesay-nursery-school,page,
https://www.luton.gov.uk/schools-education/schools-colleges/find-school-luton/river-bank-primary-school,page,
https://www.luton.gov.uk/schools-education/schools-colleges/find-school-luton/richmond-hill-school-west,page,
https://www.luton.gov.uk/schools-education/schools-colleges/find-school-luton/richmond-hill-school-east,page,
https://www.luton.gov.uk/schools-education/schools-colleges/find-school-luton/queen-elizabeth-school,page,
https://www.luton.gov.uk/schools-education/schools-colleges/find-school-luton/tennyson-road-primary-school-south-site,page,
https://www.luton.gov.uk/schools-education/schools-colleges/find-school-luton/tennyson-road-primary-school-north-site,page,
https://www.luton.gov.uk/schools-education/schools-colleges/find-school-luton/stopsley-high-school,page,
https://www.luton.gov.uk/schools-education/schools-colleges/find-school-luton/stopsley-community-primary-school,page,
https://www.luton.gov.uk/health-social-care/children-young-people-families/adoption-fostering/adoption/early-permanence-foster-adopt,page,
https://www.luton.gov.uk/health-social-care/children-young-people-families/adoption-fostering/adoption/what-our-adopters-say,page,
https://www.luton.gov.uk/health-social-care/children-young-people-families/adoption-fostering/adoption/adoption-information-events,page,
https://www.luton.gov.uk/health-social-care/children-young-people-families/adoption-fostering/adoption/adoption-process,page,
https://www.luton.gov.uk/health-social-care/children-young-people-families/adoption-fostering/adoption/adopting-us,page,
https://www.luton.gov.uk/schools-education/schools-colleges/find-school-luton/stockwood-park-academy,page,
https://www.luton.gov.uk/schools-education/schools-colleges/find-school-luton/st-matthews-primary-school,page,
https://www.luton.gov.uk/schools-education/schools-colleges/find-school-luton/whitefield-primary-academy,page,
https://www.luton.gov.uk/schools-education/schools-colleges/find-school-luton/whipperley-infant-academy,page,
https://www.luton.gov.uk/schools-education/schools-colleges/find-school-luton/wenlock-ce-academy,page,
https://www.luton.gov.uk/schools-education/schools-colleges/find-school-luton/waulud-primary-school,page,
https://www.luton.gov.uk/schools-education/schools-colleges/find-school-luton/warden-hill-junior-school,page,
https://www.luton.gov.uk/schools-education/schools-colleges/find-school-luton/warden-hill-infant-school,page,
https://www.luton.gov.uk/schools-education/schools-colleges/find-school-luton/meads-primary-school,page,
https://www.luton.gov.uk/schools-education/schools-colleges/find-school-luton/linden-academy,page,
https://www.luton.gov.uk/schools-education/schools-colleges/find-school-luton/ferrars-academy,page,
https://www.luton.gov.uk/schools-education/schools-colleges/find-school-luton/william-austin-junior-school,page,
https://www.luton.gov.uk/schools-education/schools-colleges/find-school-luton/william-austin-infant-school,page,
https://www.luton.gov.uk/health-social-care/children-young-people-families/adoption-fostering/fostering/fostering-information-events,page,
https://www.luton.gov.uk/health-social-care/children-young-people-families/adoption-fostering,page,
https://www.luton.gov.uk/health-social-care/children-young-people-families,page,
https://www.luton.gov.uk/schools-education/schools-colleges/find-school-luton/cutenhoe-hill-primary-school,page,
https://www.luton.gov.uk/schools-education/schools-colleges/find-school-luton/bushmead-primary-school,page,
https://www.luton.gov.uk/schools-education/schools-colleges/find-school-luton/bramingham-primary-school,page,
https://www.luton.gov.uk/schools-education/schools-colleges/find-school-luton/beechwood-primary-school,page,
https://www.luton.gov.uk/schools-education/schools-colleges/find-school-luton/beech-hill-primary-school,page,
https://www.luton.gov.uk/schools-education/schools-colleges/find-school-luton/someries-junior-school,page,
https://www.luton.gov.uk/schools-education/schools-colleges/find-school-luton/hillborough-junior-school,page,
https://www.luton.gov.uk/schools-education/schools-colleges/find-school-luton/ferrars-junior-school,page,
https://www.luton.gov.uk/schools-education/schools-colleges/curriculum-guidance/relationships-education,page,
https://www.luton.gov.uk/schools-education/schools-colleges/curriculum-guidance,page,
https://www.luton.gov.uk/health-social-care/children-young-people-families/adoption-fostering/supported-lodgings-service,page,
https://www.luton.gov.uk/schools-education/school-attendance-exclusion-standards/children-work,page,
https://www.luton.gov.uk/health-social-care/keeping-people-safe-safeguarding/child-protection-safeguarding-children,page,
https://www.luton.gov.uk/health-social-care/children-young-people-families/family-drug-alcohol-court-fdac,page,
https://www.luton.gov.uk/health-social-care/children-young-people-families/young-carers,page,
https://www.luton.gov.uk/health-social-care/children-young-people-families/childrens-services-working-together-improve-services,page,
https://www.luton.gov.uk/health-social-care/children-young-people-families/childrens-social-care,page,
https://www.luton.gov.uk/schools-education/special-educational-needs-disabilities-send,page,
https://www.luton.gov.uk/health-social-care/children-young-people-families/family-support,page,
https://www.luton.gov.uk/schools-education/schools-colleges/find-school-luton/someries-infant-school,page,
https://www.luton.gov.uk/schools-education/schools-colleges/find-school-luton/st-martin-de-porres-primary-school,page,
https://www.luton.gov.uk/schools-education/schools-colleges/find-school-luton/st-margaret-scotland-catholic-primary,page,
https://www.luton.gov.uk/schools-education/schools-colleges/find-school-luton/st-josephs-catholic-primary-school,page,
https://www.luton.gov.uk/schools-education/schools-colleges/curriculum-guidance/religious-education-worldviews,page,
https://www.luton.gov.uk/schools-education/schools-colleges/curriculum-guidance/diverse-curriculum-materials,page,
https://www.luton.gov.uk/schools-education/schools-colleges/curriculum-guidance/primary-statutory-assessment-key-stage-1-2,page,
https://www.luton.gov.uk/schools-education/schools-colleges/find-school-luton/sacred-heart-primary-school,page,
https://www.luton.gov.uk/schools-education/school-attendance-exclusion-standards/children-work/role-chaperone,page,
https://www.luton.gov.uk/schools-education/school-attendance-exclusion-standards/children-work/when-you-need-performance-licence,page,
https://www.luton.gov.uk/health-social-care/keeping-people-safe-safeguarding/child-protection-safeguarding-children/report-concern-about-adult-who-works-children,page,
https://www.luton.gov.uk/health-social-care/keeping-people-safe-safeguarding/child-protection-safeguarding-children/what-child-abuse,page,
https://www.luton.gov.uk/health-social-care/adult-social-care/support-carers,page,
https://www.luton.gov.uk/health-social-care/children-young-people-families/childrens-social-care/care-leavers-local-offer,page,
https://www.luton.gov.uk/schools-education/special-educational-needs-disabilities-send/specialist-social-emotional-mental-health-semh-resourced-provision-wigmore-primary-school,page,
https://www.luton.gov.uk/health-social-care/children-young-people-families/family-support/family-information-service-fis,page,
https://www.luton.gov.uk/health-social-care/children-young-people-families/family-support/family-help-family-hubs,page,
https://www.luton.gov.uk/council-elections/strategies-policies-plans/joint-special-educational-needs-disabilities-strategy,page,
https://www.luton.gov.uk/schools-education/special-educational-needs-disabilities-send/hearing-deafness-services,page,
https://www.luton.gov.uk/schools-education/special-educational-needs-disabilities-send/register-child-disabilities,page,
https://www.luton.gov.uk/schools-education/special-educational-needs-disabilities-send/luton-sendias-service,page,
https://www.luton.gov.uk/schools-education/schools-colleges/curriculum-guidance/primary-statutory-assessment-key-stage-1-2/scenarios-illustrating-writing-weakness-key-stage-2,page,
https://www.luton.gov.uk/schools-education/schools-colleges/curriculum-guidance/primary-statutory-assessment-key-stage-1-2/key-stage-2-statutory-assessment,page,
https://www.luton.gov.uk/schools-education/special-educational-needs-disabilities-send/services-support-your-childs-special-educational-needs,page,
https://www.luton.gov.uk/schools-education/special-educational-needs-disabilities-send/luton-local-offer-send,page,
https://www.luton.gov.uk/health-social-care/children-young-people-families/childrens-social-care/children-young-people-care,page,
https://www.luton.gov.uk/health-social-care/adult-social-care/eligibility-assessments-care-support/your-assessment-care-needs,page,
https://www.luton.gov.uk/health-social-care/children-young-people-families/childrens-social-care/care-leavers-local-offer/useful-contacts-care-leavers,page,
https://www.luton.gov.uk/health-social-care/children-young-people-families/childrens-social-care/care-leavers-local-offer/luton-care-leavers-charter,page,
https://www.luton.gov.uk/schools-education/early-years-education-childcare/childcare/free-15-hours-early-learning-places,page,
https://www.luton.gov.uk/council-elections/statistics-census-information/key-facts-about-luton,page,
https://www.luton.gov.uk/schools-education/early-years-education-childcare/childcare/free-15-hours-early-learning-places/working-parent-entitlement-9-months-4-years,page,
https://www.luton.gov.uk/parking-streets-transport/parking/disability-parking/blue-badge-scheme/apply-blue-badge,page,
https://www.luton.gov.uk/schools-education/early-years-education-childcare,page,
https://www.luton.gov.uk/health-social-care/children-young-people-families/family-support/family-information-service-fis/contact-family-information-service,page,
https://www.luton.gov.uk/health-social-care/children-young-people-families/family-support/family-information-service-fis/luton-provider-agreement,page,
https://www.luton.gov.uk/health-social-care/children-young-people-families/family-support/family-information-service-fis/school-holiday-activities,page,
https://www.luton.gov.uk/health-social-care/children-young-people-families/family-support/family-information-service-fis/about-family-information-service,page,
https://www.luton.gov.uk/schools-education/special-educational-needs-disabilities-send/services-support-your-childs-special-educational-needs/services-children-visual-impairment,page,
https://www.luton.gov.uk/schools-education/special-educational-needs-disabilities-send/services-support-your-childs-special-educational-needs/speech-language-communication-needs-slcn-service,page,
https://www.luton.gov.uk/health-social-care/children-young-people-families/childrens-social-care/children-young-people-care/manor-contact-centre,page,
https://www.luton.gov.uk/schools-education/early-years-education-childcare/childcare/free-15-hours-early-learning-places/free-15-hours-early-learning-places-three-four-year-olds,page,
https://www.luton.gov.uk/council-elections/statistics-census-information/indices-deprivation-iod-2025,page,
https://www.luton.gov.uk/council-elections/statistics-census-information/luton-joint-strategic-needs-assessment,page,
https://www.luton.gov.uk/schools-education/early-years-education-childcare/childcare/wraparound-childcare-programme,page,
https://www.luton.gov.uk/schools-education/early-years-education-childcare/childcare/using-babysitting-services,page,
https://www.luton.gov.uk/schools-education/post-16-educational-career-pathways/activities-events-young-people,page,
https://www.luton.gov.uk/schools-education/early-years-education-childcare/childcare/find-after-school-breakfast-clubs,page,
https://www.luton.gov.uk/schools-education/early-years-education-childcare/childcare/find-parent-toddler-stay-play-groups-luton,page,
https://www.luton.gov.uk/schools-education/early-years-education-childcare/childcare/childminders,page,
https://www.luton.gov.uk/schools-education/early-years-education-childcare/childcare/find-pre-schools-luton,page,
https://www.luton.gov.uk/schools-education/early-years-education-childcare/childcare/day-nurseries-maintained-nursery-schools,page,
https://www.luton.gov.uk/schools-education/early-years-education-childcare/childcare/help-childcare-costs,page,
https://www.luton.gov.uk/schools-education/early-years-education-childcare/childcare-reports-surveys,page,
https://www.luton.gov.uk/schools-education/early-years-education-childcare/childcare/wraparound-childcare-programme/wraparound-childcare-schools,page,
https://www.luton.gov.uk/schools-education/post-16-educational-career-pathways,page,
https://www.luton.gov.uk/schools-education/early-years-education-childcare/childcare/wraparound-childcare-programme/wraparound-childcare-programme-parents-carers,page,
https://www.luton.gov.uk/schools-education/early-years-education-childcare/childcare/childcare-luton,page,
https://www.luton.gov.uk/parking-streets-transport/parking/disability-parking/blue-badge-scheme/report-misuse-blue-badge,page,
https://www.luton.gov.uk/parking-streets-transport/parking/disability-parking/blue-badge-scheme/renew-blue-badge,page,
https://www.luton.gov.uk/parking-streets-transport/parking/disability-parking/blue-badge-scheme/how-use-your-blue-badge,page,
https://www.luton.gov.uk/parking-streets-transport/parking/disability-parking/blue-badge-scheme/blue-badge-guide-families-children-special-educational-needs-disabilities,page,
https://www.luton.gov.uk/parking-streets-transport/parking/disability-parking/blue-badge-scheme/how-we-assess-blue-badge-applications,page,
https://www.luton.gov.uk/schools-education/early-years-education-childcare/childcare/help-childcare-costs/disability-access-fund,page,
https://www.luton.gov.uk/schools-education/early-years-education-childcare/childcare/help-childcare-costs/early-years-pupil-premium-eypp,page,
https://www.luton.gov.uk/schools-education/post-16-educational-career-pathways/luton-youth-hub,page,
https://www.luton.gov.uk/jobs-careers/year-10-11-work-experience,page,
https://www.luton.gov.uk/schools-education/post-16-educational-career-pathways/youth-advice-service,page,
https://www.luton.gov.uk/schools-education/post-16-educational-career-pathways/luton-post-16-prospectus,page,
https://www.luton.gov.uk/council-elections/strategies-policies-plans/sufficiency-strategy,page,
https://www.luton.gov.uk/schools-education/early-years-education-childcare/childcare/help-childcare-costs/about-tax-free-childcare,page,
https://www.luton.gov.uk/schools-education/early-years-education-childcare/childcare/help-childcare-costs/golden-tickets-funded-childcare,page,
https://www.luton.gov.uk/schools-education/early-years-education-childcare/childcare/help-childcare-costs/care-learn,page,
https://www.luton.gov.uk/parking-streets-transport/parking/disability-parking/blue-badge-scheme,page,
https://www.luton.gov.uk/parking-streets-transport/parking/disability-parking,page,
https://www.luton.gov.uk/parking-streets-transport/parking,page,
https://www.luton.gov.uk/council-elections/statistics-census-information/what-social-progress-index-shows,page,
https://www.luton.gov.uk/schools-education/virtual-school-children-care/about-lutons-virtual-school,page,
https://www.luton.gov.uk/jobs-careers/training-apprenticeships,page,
https://www.luton.gov.uk/jobs-careers/connect-work,page,
https://www.luton.gov.uk/council-elections/statistics-census-information/luton-insights-data-map,page,
https://www.luton.gov.uk/council-elections/statistics-census-information/2021-census,page,
https://www.luton.gov.uk/council-elections/statistics-census-information,page,
https://www.luton.gov.uk/health-social-care/keeping-people-safe-safeguarding/adult-protection-safeguarding-adults/deprivation-liberty-capacity-consent-care,page,
https://www.luton.gov.uk/health-social-care/adult-social-care/paying-your-care,page,
https://www.luton.gov.uk/parking-streets-transport/parking/disability-parking/apply-disabled-persons-parking-bay,page,
https://www.luton.gov.uk/health-social-care/adult-social-care/eligibility-assessments-care-support/how-get-care-support,page,
https://www.luton.gov.uk/parking-streets-transport/parking/parking-service-account,page,
https://www.luton.gov.uk/schools-education/virtual-school-children-care/lutons-virtual-school-social-workers,page,
https://www.luton.gov.uk/schools-education/virtual-school-children-care/lutons-virtual-school-students,page,
https://www.luton.gov.uk/schools-education/virtual-school-children-care/lutons-virtual-school-educators,page,
https://www.luton.gov.uk/health-social-care/adult-social-care/paying-your-care/personal-budgets,page,
https://www.luton.gov.uk/health-social-care/adult-social-care/eligibility-assessments-care-support/your-care-support-plan,page,
https://www.luton.gov.uk/health-social-care/adult-social-care/eligibility-assessments-care-support/i-think-family-member-or-friend-might-need-care-support,page,
https://www.luton.gov.uk/health-social-care/adult-social-care/paying-your-care/ways-pay-care-support,page,
https://www.luton.gov.uk/health-social-care/adult-social-care/paying-your-care/care-home-top-payments,page,
https://www.luton.gov.uk/schools-education/virtual-school-children-care/independent-advice-guidance-young-people-post-16,page,
https://www.luton.gov.uk/schools-education/virtual-school-children-care/admission-education-provisions-looked-after-children,page,
https://www.luton.gov.uk/schools-education/virtual-school-children-care/previously-looked-after-children-information-educational-settings,page,
https://www.luton.gov.uk/schools-education/virtual-school-children-care/designated-teachers-virtual-schools,page,
https://www.luton.gov.uk/schools-education/virtual-school-children-care/personal-educational-plans-looked-after-children,page,
https://www.luton.gov.uk/health-social-care/adult-social-care/paying-your-care/deferred-payment-agreements-care-home-fees,page,
https://www.luton.gov.uk/health-social-care/adult-social-care/paying-your-care/self-funders-paying-your-own-care-support,page,
https://www.luton.gov.uk/health-social-care/adult-social-care/paying-your-care/paying-non-residential-care-support,page,
https://www.luton.gov.uk/health-social-care/adult-social-care/paying-your-care/independent-financial-advice-care-services,page,
https://www.luton.gov.uk/health-social-care/adult-social-care/paying-your-care/adult-social-care-direct-payments,page,
https://www.luton.gov.uk/health-social-care/adult-social-care/paying-your-care/paying-adult-social-care,page,
https://www.luton.gov.uk/health-social-care/keeping-people-safe-safeguarding/adult-protection-safeguarding-adults,page,
https://www.luton.gov.uk/business-licences-permits/finance-support-businesses/employing-apprentice,page,
https://www.luton.gov.uk/schools-education/virtual-school-children-care/lutons-virtual-school-carers,page,
https://www.luton.gov.uk/health-social-care/adult-social-care/care-options/paying-care-home,page,
https://www.luton.gov.uk/schools-education/virtual-school-children-care/about-lutons-virtual-school/contact-lutons-virtual-school,page,
https://www.luton.gov.uk/schools-education/virtual-school-children-care/about-lutons-virtual-school/if-your-child-has-been-excluded,page,
https://www.luton.gov.uk/schools-education/virtual-school-children-care/about-lutons-virtual-school/looked-after-children-school-places,page,
https://www.luton.gov.uk/health-social-care/keeping-people-safe-safeguarding/adult-protection-safeguarding-adults/concerns-about-person-working-or-volunteering-adults-risk,page,
https://www.luton.gov.uk/health-social-care/keeping-people-safe-safeguarding/adult-protection-safeguarding-adults/adults-who-are-hoarding-or-self-neglecting,page,
https://www.luton.gov.uk/health-social-care/keeping-people-safe-safeguarding/adult-protection-safeguarding-adults/understanding-adult-abuse-safeguarding,page,
https://www.luton.gov.uk/health-social-care/adult-social-care/care-options/care-homes,page,
https://www.luton.gov.uk/health-social-care/adult-social-care/care-options/shared-lives-living-supportive-carer,page,
https://www.luton.gov.uk/health-social-care/adult-social-care/care-options/extra-care-housing,page,
https://www.luton.gov.uk/health-social-care/adult-social-care/care-options/sheltered-housing-independent-living-support-hand,page,
https://www.luton.gov.uk/health-social-care/adult-social-care/care-options/supported-living-housing-options-people-disabilities,page,
https://www.luton.gov.uk/health-social-care/adult-social-care/care-options,page,
https://www.luton.gov.uk/business-licences-permits/finance-support-businesses,page,
https://www.luton.gov.uk/council-elections/strategies-policies-plans/parking-strategy,page,
https://www.luton.gov.uk/parking-streets-transport/parking/street-parking,page,
https://www.luton.gov.uk/parking-streets-transport/parking/parking-traffic-restrictions,page,
https://www.luton.gov.uk/parking-streets-transport/parking/report-abandoned-vehicle,page,
https://www.luton.gov.uk/parking-streets-transport/parking/step-by-step/resident-parking-permits-step-step,page,
https://www.luton.gov.uk/parking-streets-transport/parking/car-parks,page,
https://www.luton.gov.uk/parking-streets-transport/parking/penalty-charge-notices-pcns,page,
https://www.luton.gov.uk/health-social-care/adult-social-care/get-involved-adult-social-care/become-shared-lives-carer,page,
https://www.luton.gov.uk/parking-streets-transport/parking/car-parks/find-car-park,page,
https://www.luton.gov.uk/parking-streets-transport/parking/penalty-charge-notices-pcns/pay-penalty-charge-notice,page,
https://www.luton.gov.uk/housing/housing-options-support/sheltered-housing,page,
https://www.luton.gov.uk/benefits-financial-help/universal-credit,page,
https://www.luton.gov.uk/benefits-financial-help/housing-benefit,page,
https://www.luton.gov.uk/business-licences-permits/finance-support-businesses/business-support,page,
https://www.luton.gov.uk/business-licences-permits/finance-support-businesses/conference-venue-hire-facilities,page,
https://www.luton.gov.uk/parking-streets-transport/parking/street-parking/street-parking-zone-13,page,
https://www.luton.gov.uk/parking-streets-transport/parking/parking-traffic-restrictions/parking-traffic-signs-signals,page,
https://www.luton.gov.uk/parking-streets-transport/parking/step-by-step/resident-parking-permits-step-step/apply-visitor-parking-vouchers,page,
https://www.luton.gov.uk/parking-streets-transport/parking/car-parks/car-park-season-tickets,page,
https://www.luton.gov.uk/parking-streets-transport/parking/step-by-step/resident-parking-permits-step-step/check-parking-permit-report-vehicle-parked-controlled-parking-zone,page,
https://www.luton.gov.uk/parking-streets-transport/parking/penalty-charge-notices-pcns/parking-scams,page,
https://www.luton.gov.uk/parking-streets-transport/parking/step-by-step/resident-parking-permits-step-step/renew-your-resident-parking-permit,page,
https://www.luton.gov.uk/health-social-care/adult-social-care/get-involved-adult-social-care/adult-social-care-strategies,page,
https://www.luton.gov.uk/housing/housing-options-support/sheltered-housing/general-enquiries-about-sheltered-housing,page,
https://www.luton.gov.uk/housing/housing-options-support/sheltered-housing/sheltered-housing-schemes-locations-north,page,
https://www.luton.gov.uk/business-licences-permits/finance-support-businesses/conference-venue-hire-facilities/hire-wrest-park-business-centre,page,
https://www.luton.gov.uk/business-licences-permits/finance-support-businesses/conference-venue-hire-facilities/hire-hat-factory-arts-centre,page,
https://www.luton.gov.uk/business-licences-permits/finance-support-businesses/conference-venue-hire-facilities/hire-stockwood-discovery-centre-wardown-park-museum,page,
https://www.luton.gov.uk/business-licences-permits/finance-support-businesses/conference-venue-hire-facilities/hire-putteridge-bury,page,
https://www.luton.gov.uk/business-licences-permits/finance-support-businesses/conference-venue-hire-facilities/hire-keech-hospice,page,
https://www.luton.gov.uk/business-licences-permits/finance-support-businesses/conference-venue-hire-facilities/hire-holiday-inn-luton-south,page,
https://www.luton.gov.uk/business-licences-permits/finance-support-businesses/conference-venue-hire-facilities/hire-holiday-inn-express-london-luton-airport,page,
https://www.luton.gov.uk/business-licences-permits/finance-support-businesses/conference-venue-hire-facilities/hire-hart-house-business-centre,page,
https://www.luton.gov.uk/business-licences-permits/finance-support-businesses/conference-venue-hire-facilities/hire-crescent-hall,page,
https://www.luton.gov.uk/business-licences-permits/finance-support-businesses/conference-venue-hire-facilities/hire-basepoint-luton,page,
https://www.luton.gov.uk/business-licences-permits/finance-support-businesses/conference-venue-hire-facilities/hire-active-luton,page,
https://www.luton.gov.uk/benefits-financial-help/make-benefit-enquiry-dispute-or-appeal,page,
https://www.luton.gov.uk/benefits-financial-help/housing-benefit/change-your-account-details-if-youre-landlord-receiving-housing-benefit-payments,page,
https://www.luton.gov.uk/benefits-financial-help/benefit-supporting-documents,page,
https://www.luton.gov.uk/benefits-financial-help/housing-benefit/housing-benefit-payments-overpayments,page,
https://www.luton.gov.uk/benefits-financial-help/how-benefits-are-calculated,page,
https://www.luton.gov.uk/benefits-financial-help/housing-benefit/make-claim-housing-benefit,page,
https://www.luton.gov.uk/benefits-financial-help/council-tax-reduction/make-claim-council-tax-reduction/how-make-claim-council-tax-reduction,page,
https://www.luton.gov.uk/benefits-financial-help/housing-benefit/make-claim-housing-benefit/how-make-claim-housing-benefit,page,
https://www.luton.gov.uk/benefits-financial-help/housing-benefit/make-claim-housing-benefit/if-you-live-specified-accommodation,page,
https://www.luton.gov.uk/housing/housing-options-support/sheltered-housing/sheltered-housing-we-offer,page,
https://www.luton.gov.uk/benefits-financial-help/manage-or-make-change-your-benefits/report-change-impacts-your-benefits/report-benefit-change,page,
https://www.luton.gov.uk/benefits-financial-help/benefit-supporting-documents/upload-supporting-documents-existing-application-or-claim,page,
https://www.luton.gov.uk/benefits-financial-help/benefit-supporting-documents/supporting-documents-benefit-claim-or-change-circumstances,page,
https://www.luton.gov.uk/benefits-financial-help/housing-benefit/housing-benefit-payments-overpayments/backdated-housing-benefit-payments,page,
https://www.luton.gov.uk/benefits-financial-help/housing-benefit/housing-benefit-payments-overpayments/pay-back-overpaid-housing-benefit,page,
https://www.luton.gov.uk/benefits-financial-help/housing-benefit/housing-benefit-payments-overpayments/housing-benefit-overpayments-how-they-happen,page,
https://www.luton.gov.uk/benefits-financial-help/housing-benefit/make-claim-housing-benefit/after-you-have-made-claim-housing-benefit,page,
https://www.luton.gov.uk/benefits-financial-help/how-benefits-are-calculated/war-pensions,page,
https://www.luton.gov.uk/benefits-financial-help/council-tax-reduction/make-claim-council-tax-reduction/after-you-have-made-claim-council-tax-reduction,page,
https://www.luton.gov.uk/benefits-financial-help/council-tax-reduction/make-claim-council-tax-reduction,page,
https://www.luton.gov.uk/benefits-financial-help/council-tax-reduction,page,
https://www.luton.gov.uk/benefits-financial-help/how-benefits-are-calculated/non-dependant-deductions,page,
https://www.luton.gov.uk/benefits-financial-help/how-benefits-are-calculated/private-tenants-local-housing-allowance,page,
https://www.luton.gov.uk/benefits-financial-help/how-benefits-are-calculated/bedroom-entitlement-housing-benefit,page,
https://www.luton.gov.uk/benefits-financial-help/how-benefits-are-calculated/capital-you-can-have-be-entitled-housing-benefit,page,
https://www.luton.gov.uk/benefits-financial-help/how-benefits-are-calculated/types-benefits,page,
https://www.luton.gov.uk/benefits-financial-help/how-benefits-are-calculated/applicable-amount-benefits,page,
https://www.luton.gov.uk/benefits-financial-help/benefit-supporting-documents/upload-supporting-documents-existing-application-or-claim/uploading-electronic-documents-application-or-claim,page,
https://www.luton.gov.uk/benefits-financial-help/benefit-supporting-documents/supporting-documents-benefit-claim-or-change-circumstances/proof-people-who-live-you-benefit-claims,page,
https://www.luton.gov.uk/benefits-financial-help/benefit-supporting-documents/supporting-documents-benefit-claim-or-change-circumstances/proof-rent-tenancy-benefit-claims,page,
https://www.luton.gov.uk/benefits-financial-help/benefit-supporting-documents/supporting-documents-benefit-claim-or-change-circumstances/proof-other-benefit-you-receive,page,
https://www.luton.gov.uk/benefits-financial-help/additional-financial-support/housing-payment,page,
https://www.luton.gov.uk/benefits-financial-help/benefit-supporting-documents/supporting-documents-benefit-claim-or-change-circumstances/proof-identity-national-insurance-benefit-claims,page,
https://www.luton.gov.uk/benefits-financial-help/benefit-supporting-documents/supporting-documents-benefit-claim-or-change-circumstances/proof-earnings-benefit-claims,page,
https://www.luton.gov.uk/benefits-financial-help/council-tax-reduction/backdating-council-tax-reduction-claims,page,
https://www.luton.gov.uk/council-tax/paying-your-council-tax/if-you-are-struggling-pay-your-council-tax,page,
https://www.luton.gov.uk/benefits-financial-help/benefit-supporting-documents/supporting-documents-benefit-claim-or-change-circumstances/proof-child-care-costs-you-pay-benefit-claims,page,
https://www.luton.gov.uk/benefits-financial-help/benefit-supporting-documents/upload-supporting-documents-existing-application-or-claim/upload-your-documents-application-or-benefit-claim,page,
https://www.luton.gov.uk/benefits-financial-help/manage-or-make-change-your-benefits/report-change-impacts-your-benefits/after-you-have-reported-benefit-change,page,
https://www.luton.gov.uk/benefits-financial-help/additional-financial-support/council-tax-exceptional-hardship/ask-review-decision,page,
https://www.luton.gov.uk/benefits-financial-help/additional-financial-support/housing-payment/ask-review-decision,page,
https://www.luton.gov.uk/benefits-financial-help/make-benefit-enquiry-dispute-or-appeal/ask-explanation-statement-reasons,page,
https://www.luton.gov.uk/parking-streets-transport/parking/car-parks/find-car-park?page=1,page,
https://www.luton.gov.uk/benefits-financial-help/additional-financial-support/housing-payment/claiming-rent-deposit-or-rent-advance,page,
https://www.luton.gov.uk/benefits-financial-help/additional-financial-support/housing-payment/how-housing-payments-are-paid,page,
https://www.luton.gov.uk/benefits-financial-help/additional-financial-support/housing-payment/who-can-apply-housing-payment,page,
https://www.luton.gov.uk/benefits-financial-help/additional-financial-support,page,
https://www.luton.gov.uk/parking-streets-transport/parking/car-parks/find-car-park?page=0,page,
https://www.luton.gov.uk/council-tax/paying-your-council-tax/what-happens-if-you-do-not-pay-your-council-tax,page,
https://www.luton.gov.uk/council-tax/make-enquiry-about-council-tax,page,
https://www.luton.gov.uk/council-tax/paying-your-council-tax/what-happens-if-you-do-not-pay-your-council-tax/how-make-repayment-arrangement,page,
https://www.luton.gov.uk/benefits-financial-help/additional-financial-support/council-tax-exceptional-hardship/make-council-tax-exceptional-hardship-payment-claim,page,
https://www.luton.gov.uk/benefits-financial-help/additional-financial-support/council-tax-exceptional-hardship/supporting-evidence-council-tax-exceptional-hardship,page,
https://www.luton.gov.uk/council-tax/paying-your-council-tax/request-extend-your-council-tax-payments,page,
https://www.luton.gov.uk/benefits-financial-help/additional-financial-support/council-tax-exceptional-hardship,page,
https://www.luton.gov.uk/parking-streets-transport/parking/car-parks/find-car-park/round-green-car-park,page,
https://www.luton.gov.uk/parking-streets-transport/parking/car-parks/find-car-park/mostyn-road-car-park,page,
https://www.luton.gov.uk/benefits-financial-help/additional-financial-support/apply-crisis-payment,page,
https://www.luton.gov.uk/parking-streets-transport/parking/car-parks/find-car-park/wenlock-street-car-park,page,
https://www.luton.gov.uk/parking-streets-transport/parking/car-parks/find-car-park/vicarage-street-car-park,page,
https://www.luton.gov.uk/parking-streets-transport/parking/car-parks/find-car-park/sundon-park-road-car-park,page,
https://www.luton.gov.uk/parking-streets-transport/parking/car-parks/find-car-park/south-road-car-park,page,
https://www.luton.gov.uk/benefits-financial-help/additional-financial-support/benefits-if-youre-carer-or-have-disability,page,
https://www.luton.gov.uk/benefits-financial-help/additional-financial-support/pension-age-support,page,
https://www.luton.gov.uk/council-tax/paying-your-council-tax/what-happens-if-you-do-not-pay-your-council-tax/when-enforcement-action-used,page,
https://www.luton.gov.uk/council-tax/paying-your-council-tax/what-happens-if-you-do-not-pay-your-council-tax/attachment-earnings,page,
https://www.luton.gov.uk/council-tax/paying-your-council-tax/what-happens-if-you-do-not-pay-your-council-tax/how-council-tax-attachments-work,page,
https://www.luton.gov.uk/council-tax/paying-your-council-tax/what-happens-if-you-do-not-pay-your-council-tax/text-voice-message-reminder,page,
https://www.luton.gov.uk/benefits-financial-help/additional-financial-support/if-you-are-severe-financial-hardship,page,
https://www.luton.gov.uk/benefits-financial-help/additional-financial-support/crisis-resilience-fund-0/crisis-payment/ask-us-review-your-crisis-payment-decision,page,
https://www.luton.gov.uk/benefits-financial-help/additional-financial-support/crisis-resilience-fund-0/crisis-payment/after-you-have-claimed-crisis-payment,page,
https://www.luton.gov.uk/benefits-financial-help/additional-financial-support/crisis-resilience-fund-0/crisis-payment/how-claim-crisis-payment,page,
https://www.luton.gov.uk/benefits-financial-help/additional-financial-support/crisis-resilience-fund,page,
https://www.luton.gov.uk/parking-streets-transport/parking/car-parks/find-car-park/hitchin-road-car-park,page,
https://www.luton.gov.uk/parking-streets-transport/parking/car-parks/find-car-park/crawley-road-car-park,page,
https://www.luton.gov.uk/parking-streets-transport/parking/car-parks/find-car-park/chapel-viaduct-car-park-2,page,
https://myforms.luton.gov.uk/service/Enquiry_form,page,
https://www.luton.gov.uk/parking-streets-transport/parking/car-parks/find-car-park/chapel-viaduct-car-park-1,page,
https://www.luton.gov.uk/parking-streets-transport/parking/car-parks/find-car-park/brunswick-street-car-park,page,
https://www.luton.gov.uk/parking-streets-transport/parking/car-parks/find-car-park/bramingham-road-car-park,page,
https://www.luton.gov.uk/parking-streets-transport/parking/car-parks/find-car-park/birch-link-car-park,page,
https://www.luton.gov.uk/parking-streets-transport/parking/car-parks/find-car-park/beech-hill-car-park,page,
https://www.luton.gov.uk/health-social-care/adult-social-care/get-involved-adult-social-care/have-your-say-about-adult-social-care-if-you-have-learning-difficulties,page,
https://www.luton.gov.uk/health-social-care/adult-social-care/get-involved-adult-social-care/adult-social-care-complaints-comments-compliments,page,
https://www.luton.gov.uk/health-social-care/adult-social-care/get-involved-adult-social-care/working-together-change,page,
https://www.luton.gov.uk/health-social-care/adult-social-care/get-involved-adult-social-care,page,
https://www.luton.gov.uk/parking-streets-transport/parking/step-by-step/resident-parking-permits-step-step/after-you-apply-resident-parking-permit,page,
https://www.luton.gov.uk/parking-streets-transport/parking/step-by-step/resident-parking-permits-step-step/apply-resident-parking-permit,page,
https://www.luton.gov.uk/parking-streets-transport/parking/step-by-step/resident-parking-permits-step-step/eligibility-apply-resident-parking-permit,page,
https://www.luton.gov.uk/parking-streets-transport/road-street-maintenance-improvements/report-issue-road-street-or-your-environment/after-you-report-issue-road-or-street,page,
https://www.luton.gov.uk/parking-streets-transport/road-street-maintenance-improvements/report-issue-road-street-or-your-environment,page,
https://www.luton.gov.uk/parking-streets-transport/parking/parking-traffic-restrictions/controlled-parking-zones,page,
https://www.luton.gov.uk/parking-streets-transport/parking/parking-traffic-restrictions/resident-permit-zones-parking-bays,page,
https://www.luton.gov.uk/parking-streets-transport/parking/parking-traffic-restrictions/school-streets-traffic-exclusion-zones,page,
https://www.luton.gov.uk/parking-streets-transport/parking/parking-traffic-restrictions/bus-lane-enforcement,page,
https://www.luton.gov.uk/council-elections/have-your-say/make-comment-compliment-or-complaint-about-service,page,
https://www.luton.gov.uk/parking-streets-transport/parking/parking-traffic-restrictions/moving-traffic-enforcement,page,
https://www.luton.gov.uk/parking-streets-transport/parking/parking-traffic-restrictions/report-parking-obstruction,page,
https://www.luton.gov.uk/parking-streets-transport/parking/street-parking/street-parking-zone-11,page,
https://www.luton.gov.uk/parking-streets-transport/parking/street-parking/street-parking-zone-10,page,
https://www.luton.gov.uk/parking-streets-transport/parking/street-parking/street-parking-zone-9,page,
https://www.luton.gov.uk/parking-streets-transport/parking/street-parking/street-parking-zone-8,page,
https://www.luton.gov.uk/parking-streets-transport/parking/street-parking/street-parking-zone-7,page,
https://www.luton.gov.uk/parking-streets-transport/parking/street-parking/street-parking-zone-6,page,
https://www.luton.gov.uk/parking-streets-transport/road-street-maintenance-improvements/report-issue-road-street-or-your-environment/road-street-environmental-issues-you-can-report-online,page,
https://www.luton.gov.uk/parking-streets-transport/road-street-maintenance-improvements,page,
https://www.luton.gov.uk/parking-streets-transport/parking/street-parking/street-parking-zone-4,page,
https://www.luton.gov.uk/parking-streets-transport/parking/street-parking/street-parking-zone-3,page,
https://www.luton.gov.uk/parking-streets-transport/travel-transport,page,
https://www.luton.gov.uk/parking-streets-transport/parking/street-parking/street-parking-zone-2,page,
https://www.luton.gov.uk/parking-streets-transport/parking/street-parking/street-parking-zone-1,page,
https://www.luton.gov.uk/council-elections/strategies-policies-plans/corporate-complaints-policy,page,
https://www.luton.gov.uk/council-elections/councillors-committees/make-complaint-about-conduct-councillor,page,
https://www.luton.gov.uk/council-elections/have-your-say,page,
https://www.luton.gov.uk/health-social-care/adult-social-care/eligibility-assessments-care-support,page,
https://www.luton.gov.uk/health-social-care/children-young-people-families/childrens-social-care/children-young-people-care/advocacy-independent-visitors-service,page,
https://www.luton.gov.uk/health-social-care/children-young-people-families/childrens-social-care/children-young-people-care/out-area-placement-procedures,page,
https://www.luton.gov.uk/schools-education/virtual-school-children-care,page,
https://www.luton.gov.uk/health-social-care/children-young-people-families/childrens-social-care/children-young-people-care/looked-after-young-people,page,
https://www.luton.gov.uk/schools-education/special-educational-needs-disabilities-send/services-support-your-childs-special-educational-needs/sen-advisors-early-years,page,
https://www.luton.gov.uk/schools-education/special-educational-needs-disabilities-send/services-support-your-childs-special-educational-needs/childcare-disability-team,page,
https://www.luton.gov.uk/schools-education/special-educational-needs-disabilities-send/services-support-your-childs-special-educational-needs/autism-support,page,
https://www.luton.gov.uk/parking-streets-transport/road-street-maintenance-improvements/hatters-way-chaul-end-lane-roundabout-improvements,page,
https://www.luton.gov.uk/parking-streets-transport/road-street-maintenance-improvements/report-road-spillage,page,
https://www.luton.gov.uk/parking-streets-transport/road-street-maintenance-improvements/report-damage-bridge,page,
https://www.luton.gov.uk/council-elections/strategies-policies-plans/local-cycling-walking-infrastructure-plan,page,
https://www.luton.gov.uk/parking-streets-transport/travel-transport/walk-wheel-cycle-challenge,page,
https://www.luton.gov.uk/parking-streets-transport/travel-transport/local-access-forum,page,
https://www.luton.gov.uk/planning-building-control/planning/view-planning-applications-make-comments,page,
https://www.luton.gov.uk/council-elections/have-your-say/welcoming-spaces,page,
https://www.luton.gov.uk/council-elections/councillors-committees/committees-meetings/attend-council-meeting-or-watch-online,page,
https://www.luton.gov.uk/health-social-care/children-young-people-families/childrens-social-care/children-young-people-care/out-area-placement-procedures/notification-procedure,page,
https://www.luton.gov.uk/health-social-care/children-young-people-families/childrens-social-care/children-young-people-care/out-area-placement-procedures/safeguarding-children-care-placed-luton,page,
https://www.luton.gov.uk/health-social-care/children-young-people-families/childrens-social-care/children-young-people-care/out-area-placement-procedures/support-services-children-care,page,
https://www.luton.gov.uk/health-social-care/children-young-people-families/childrens-social-care/children-young-people-care/looked-after-young-people/life-care,page,
https://www.luton.gov.uk/health-social-care/children-young-people-families/childrens-social-care/children-young-people-care/looked-after-young-people/youth-participation,page,
https://www.luton.gov.uk/health-social-care/children-young-people-families/childrens-social-care/children-young-people-care/looked-after-young-people/pledge,page,
https://www.luton.gov.uk/health-social-care/children-young-people-families/childrens-social-care/children-young-people-care/looked-after-young-people/all-together-children-care-council,page,
https://www.luton.gov.uk/parking-streets-transport/rights-way-accessing-land/public-private-rights-way,page,
https://www.luton.gov.uk/parking-streets-transport/travel-transport/local-access-forum/local-access-forum-papers-agendas-minutes,page,
https://www.luton.gov.uk/planning-building-control/planning/view-planning-applications-make-comments/offline-planning-applications,page,
https://www.luton.gov.uk/planning-building-control/planning/view-planning-applications-make-comments/important-planning-dates-how-get-more-information,page,
https://www.luton.gov.uk/council-elections/councillors-committees/committees-meetings,page,
https://www.luton.gov.uk/planning-building-control/planning/view-planning-applications-make-comments/planning-enforcement-appeals,page,
https://www.luton.gov.uk/planning-building-control/planning/view-planning-applications-make-comments/planning-application-changes-decisions,page,
https://www.luton.gov.uk/health-social-care/children-young-people-families/childrens-social-care/children-young-people-care/looked-after-young-people/life-care/z-care-jargon,page,
https://www.luton.gov.uk/health-social-care/children-young-people-families/childrens-social-care/children-young-people-care/looked-after-young-people/life-care/being-long-term-care,page,
https://www.luton.gov.uk/parking-streets-transport/rights-way-accessing-land/find-public-right-way,page,
https://www.luton.gov.uk/parking-streets-transport/rights-way-accessing-land,page,
https://www.luton.gov.uk/health-social-care/children-young-people-families/childrens-social-care/children-young-people-care/looked-after-young-people/life-care/care-plans-reviews,page,
https://www.luton.gov.uk/health-social-care/children-young-people-families/childrens-social-care/children-young-people-care/looked-after-young-people/life-care/people-who-can-support-you-while-youre,page,
https://www.luton.gov.uk/health-social-care/children-young-people-families/childrens-social-care/children-young-people-care/looked-after-young-people/life-care/complaints-about-being-care,page,
https://www.luton.gov.uk/health-social-care/children-young-people-families/childrens-social-care/children-young-people-care/looked-after-young-people/life-care/will-i-have-contact-my-family,page,
https://www.luton.gov.uk/health-social-care/children-young-people-families/childrens-social-care/children-young-people-care/looked-after-young-people/life-care/what-will-happen-when-im-taken-care,page,
https://www.luton.gov.uk/planning-building-control/planning/view-planning-applications-make-comments/alternative-online-planning-comments,page,
https://www.luton.gov.uk/planning-building-control/planning/view-planning-applications-make-comments/removal-unsuitable-planning-comments,page,
https://www.luton.gov.uk/planning-building-control/planning/view-planning-applications-make-comments/tracking-planning-application,page,
https://www.luton.gov.uk/planning-building-control/planning/view-planning-applications-make-comments/viewing-planning-application,page,
https://www.luton.gov.uk/planning-building-control/planning/view-planning-applications-make-comments/finding-planning-application,page,
https://www.luton.gov.uk/planning-building-control/planning/view-planning-applications-make-comments/features-benefits-using-our-planning-system,page,
https://www.luton.gov.uk/planning-building-control/planning/view-planning-applications-make-comments/what-personal-information-will-be-displayed-when-leaving-planning-comment,page,
https://www.luton.gov.uk/planning-building-control/planning/view-planning-applications-make-comments/what-you-can-comment,page,
https://www.luton.gov.uk/planning-building-control/planning/view-planning-applications-make-comments/making-viewing-comments,page,
https://www.luton.gov.uk/planning-building-control/planning/view-planning-applications-make-comments/getting-started-planning-application,page,
https://www.luton.gov.uk/parking-streets-transport/rights-way-accessing-land/landowners-statement-declarations,page,
https://www.luton.gov.uk/parking-streets-transport/rights-way-accessing-land/find-public-right-way/objecting-definitive-map-modification-order,page,
https://www.luton.gov.uk/parking-streets-transport/rights-way-accessing-land/find-public-right-way/register-modification-requests,page,
https://www.luton.gov.uk/parking-streets-transport/rights-way-accessing-land/find-public-right-way/langley-place-footpath,page,
https://www.luton.gov.uk/parking-streets-transport/rights-way-accessing-land/find-public-right-way/stanmore-crescent-icknield-road-footpath,page,
https://www.luton.gov.uk/parking-streets-transport/rights-way-accessing-land/find-public-right-way/biscot-ward-modification-order-may-2025,page,
https://www.luton.gov.uk/parking-streets-transport/rights-way-accessing-land/find-public-right-way/beech-hill-ward-modification-order-may-2025,page,
https://www.luton.gov.uk/council-elections/have-your-say/petitions,page,
https://www.luton.gov.uk/council-elections/councillors-committees,page,
https://www.luton.gov.uk/council-elections/strategies-policies-plans/local-transport-plan-ltp-5,page,
https://www.luton.gov.uk/parking-streets-transport/rights-way-accessing-land/landowners-statement-declarations/register-statements-declarations-1-october-2013,page,
https://www.luton.gov.uk/parking-streets-transport/rights-way-accessing-land/landowners-statement-declarations/when-submit-statement-or-declaration,page,
https://www.luton.gov.uk/council-elections/have-your-say/petitions/petitions-scheme,page,
https://www.luton.gov.uk/council-elections/have-your-say/petitions/paper-based-petitions,page,
https://www.luton.gov.uk/council-elections/councillors-committees/overview-scrutiny,page,
https://www.luton.gov.uk/council-elections/councillors-committees/mayor,page,
https://www.luton.gov.uk/council-elections/councillors-committees/constitution-how-decisions-are-made,page,
https://www.luton.gov.uk/council-elections/have-your-say/petitions/petitions-scheme/what-happens-after-we-receive-petition,page,
https://www.luton.gov.uk/council-elections/have-your-say/petitions/petitions-scheme/frequently-asked-questions-about-petitions,page,
https://www.luton.gov.uk/council-elections/councillors-committees/mayor/previous-mayors-luton,page,
https://www.luton.gov.uk/council-elections/councillors-committees/constitution-how-decisions-are-made/how-decisions-are-made,page,
https://www.luton.gov.uk/council-elections/councillors-committees/mayor/invite-mayor-or-deputy-mayor-event,page,
https://www.luton.gov.uk/council-elections/councillors-committees/council-wards,page,
https://www.luton.gov.uk/council-elections/councillors-committees/local-councillors,page,
https://www.luton.gov.uk/council-elections/councillors-committees/local-councillors/becoming-councillor,page,
https://www.luton.gov.uk/council-elections/councillors-committees/local-councillors/register-councillors-interests,page,
https://www.luton.gov.uk/council-elections/councillors-committees/local-councillors/independent-panel-councillors-renumeration,page,
https://www.luton.gov.uk/council-elections/councillors-committees/local-councillors/councillors-allowances-expenses,page,
https://www.luton.gov.uk/council-elections/councillors-committees/local-councillors/political-leadership,page,
https://www.luton.gov.uk/council-elections/elections-voting/upcoming-elections,page,
https://www.luton.gov.uk/council-elections/elections-voting/election-results/local-election-results/local-election-results-2023,page,
https://www.luton.gov.uk/parking-streets-transport/travel-transport/walking,page,
https://www.luton.gov.uk/council-elections/elections-voting,page,
https://www.luton.gov.uk/parking-streets-transport/travel-transport/luton-airport-transport-luton-dart,page,
https://www.luton.gov.uk/parking-streets-transport/travel-transport/cycling,page,
https://www.luton.gov.uk/council-elections/elections-voting/election-results/local-election-results/local-election-results-2023/wigmore,page,
https://www.luton.gov.uk/council-elections/elections-voting/election-results/local-election-results/local-election-results-2023/vauxhall,page,
https://www.luton.gov.uk/council-elections/elections-voting/election-results/local-election-results/local-election-results-2023/sundon-park,page,
https://www.luton.gov.uk/council-elections/elections-voting/election-results/local-election-results/local-election-results-2023/stopsley,page,
https://www.luton.gov.uk/council-elections/elections-voting/election-results/local-election-results/local-election-results-2023/south,page,
https://www.luton.gov.uk/council-elections/elections-voting/election-results/local-election-results/local-election-results-2023/saints,page,
https://www.luton.gov.uk/council-elections/elections-voting/election-results/local-election-results/local-election-results-2023/round-green,page,
https://www.luton.gov.uk/council-elections/elections-voting/election-results/local-election-results/local-election-results-2023/poets,page,
https://www.luton.gov.uk/council-elections/elections-voting/election-results/local-election-results/local-election-results-2023/northwell,page,
https://www.luton.gov.uk/council-elections/elections-voting/election-results/local-election-results/local-election-results-2023/lewsey,page,
https://www.luton.gov.uk/council-elections/elections-voting/election-results/local-election-results/local-election-results-2023/leagrave,page,
https://www.luton.gov.uk/council-elections/elections-voting/election-results/local-election-results/local-election-results-2023/high-town,page,
https://www.luton.gov.uk/council-elections/elections-voting/election-results/local-election-results/local-election-results-2023/dallow,page,
https://www.luton.gov.uk/parking-streets-transport/travel-transport/cycling/e-cargo-bike-hire,page,
https://www.luton.gov.uk/parking-streets-transport/travel-transport/cycling/bikeability-cycle-training,page,
https://www.luton.gov.uk/council-elections/elections-voting/working-election,page,
https://www.luton.gov.uk/council-elections/elections-voting/parliamentary-constituencies,page,
https://www.luton.gov.uk/council-elections/elections-voting/annual-canvass,page,
https://www.luton.gov.uk/council-elections/elections-voting/electoral-register-open-register,page,
https://www.luton.gov.uk/council-elections/elections-voting/update-your-electoral-registration-details-voting-preferences,page,
https://www.luton.gov.uk/council-elections/elections-voting/register-vote,page,
https://www.luton.gov.uk/council-elections/elections-voting/how-vote,page,
https://www.luton.gov.uk/parking-streets-transport/road-safety/safer-travel-school,page,
https://www.luton.gov.uk/council-elections/elections-voting/election-results/local-election-results/local-election-results-2023/challney,page,
https://www.luton.gov.uk/council-elections/elections-voting/election-results/local-election-results/local-election-results-2023/central,page,
https://www.luton.gov.uk/council-elections/elections-voting/election-results/local-election-results/local-election-results-2023/bramingham,page,
https://www.luton.gov.uk/council-elections/elections-voting/election-results/local-election-results/local-election-results-2023/biscot,page,
https://www.luton.gov.uk/council-elections/elections-voting/election-results/local-election-results/local-election-results-2023/beech-hill,page,
https://www.luton.gov.uk/council-elections/elections-voting/election-results/local-election-results/local-election-results-2023/barnfield,page,
https://www.luton.gov.uk/council-elections/elections-voting/election-results/local-election-results/local-election-results-2023/local-election-results-2023-certificates-results,page,
https://www.luton.gov.uk/council-elections/elections-voting/election-results/local-election-results,page,
https://www.luton.gov.uk/jobs-careers/career-opportunities-us/how-apply-job-us,page,
https://www.luton.gov.uk/council-elections/elections-voting/electoral-register-open-register/open-register,page,
https://www.luton.gov.uk/parking-streets-transport/road-safety,page,
https://www.luton.gov.uk/council-elections/elections-voting/how-vote/british-sign-language-bsl-information-about-voting,page,
https://www.luton.gov.uk/council-elections/elections-voting/how-vote/voter-id,page,
https://www.luton.gov.uk/council-elections/elections-voting/election-results/local-election-results/local-election-results-2011,page,
https://www.luton.gov.uk/jobs-careers/career-opportunities-us/adult-social-care-jobs,page,
https://www.luton.gov.uk/jobs-careers/career-opportunities-us/childrens-social-care-jobs,page,
https://www.luton.gov.uk/jobs-careers/career-opportunities-us/benefits-working-us,page,
https://www.luton.gov.uk/council-elections/elections-voting/election-results/local-election-results/local-election-results-2015,page,
https://www.luton.gov.uk/council-elections/elections-voting/election-results/local-election-results/local-election-results-2019,page,
https://www.luton.gov.uk/council-elections/elections-voting/election-results/local-election-results/election-results,page,
https://www.luton.gov.uk/parking-streets-transport/road-safety/safer-speed-speed-cameras,page,
https://www.luton.gov.uk/council-elections/elections-voting/how-vote/vote-proxy,page,
https://www.luton.gov.uk/council-elections/elections-voting/how-vote/vote-post,page,
https://www.luton.gov.uk/council-elections/elections-voting/election-results,page,
https://www.luton.gov.uk/parking-streets-transport/travel-transport/electric-vehicles,page,
https://www.luton.gov.uk/parking-streets-transport/travel-transport/buses-minibuses,page,
https://www.luton.gov.uk/parking-streets-transport/travel-transport/concessionary-travel,page,
https://www.luton.gov.uk/parking-streets-transport/travel-transport/vehicle-mots-maintenance-testing,page,
https://www.luton.gov.uk/council-elections/elections-voting/election-results/local-election-results/local-election-results-2011/wigmore,page,
https://www.luton.gov.uk/council-elections/elections-voting/election-results/local-election-results/local-election-results-2011/sundon-park,page,
https://www.luton.gov.uk/council-elections/elections-voting/election-results/local-election-results/local-election-results-2011/stopsley,page,
https://www.luton.gov.uk/council-elections/elections-voting/election-results/local-election-results/local-election-results-2011/south,page,
https://www.luton.gov.uk/council-elections/elections-voting/election-results/local-election-results/local-election-results-2015/wigmore,page,
https://www.luton.gov.uk/council-elections/elections-voting/election-results/local-election-results/local-election-results-2019/wigmore,page,
https://www.luton.gov.uk/council-elections/elections-voting/election-results/local-election-results/election-results/wigmore-election-2013,page,
https://www.luton.gov.uk/council-elections/elections-voting/election-results/parent-governor-bid-ballots,page,
https://www.luton.gov.uk/council-elections/elections-voting/election-results/european-election-results,page,
https://www.luton.gov.uk/council-elections/elections-voting/election-results/police-crime-commissioner-election-results,page,
https://www.luton.gov.uk/parking-streets-transport/travel-transport/concessionary-travel/apply-or-renew-disability-smart-card,page,
https://www.luton.gov.uk/parking-streets-transport/travel-transport/concessionary-travel/apply-pensioner-smart-card,page,
https://www.luton.gov.uk/parking-streets-transport/travel-transport/vehicle-mots-maintenance-testing/other-vehicle-maintenance-testing-services,page,
https://www.luton.gov.uk/parking-streets-transport/travel-transport/vehicle-mots-maintenance-testing/book-car-purchase-inspection,page,
https://www.luton.gov.uk/parking-streets-transport/travel-transport/buses-minibuses/luton-bus-service-improvement-plan-enhanced-partnership,page,
https://www.luton.gov.uk/parking-streets-transport/travel-transport/buses-minibuses/permit-drive-council-minibus,page,
https://www.luton.gov.uk/parking-streets-transport/travel-transport/buses-minibuses/buses,page,
https://www.luton.gov.uk/council-elections/strategies-policies-plans/electric-vehicle-charge-point-strategy,page,
https://www.luton.gov.uk/council-elections/elections-voting/election-results/referendum-results,page,
https://www.luton.gov.uk/council-elections/elections-voting/election-results/general-election-results,page,
https://www.luton.gov.uk/council-elections/elections-voting/election-results/european-election-results/european-parliamentary-results-2014,page,
https://www.luton.gov.uk/council-elections/elections-voting/election-results/police-crime-commissioner-election-results/police-crime-commissioner-pcc-elections-2012,page,
https://www.luton.gov.uk/council-elections/elections-voting/election-results/police-crime-commissioner-election-results/police-crime-commissioner-pcc-elections-2016,page,
https://www.luton.gov.uk/council-elections/elections-voting/election-results/police-crime-commissioner-election-results/police-crime-commissioner-pcc-elections-2020,page,
https://www.luton.gov.uk/council-elections/elections-voting/election-results/police-crime-commissioner-election-results/police-crime-commissioner-pcc-elections-2021,page,
https://www.luton.gov.uk/council-elections/elections-voting/election-results/police-crime-commissioner-election-results/police-crime-commissioner-pcc-elections-2024,page,
https://www.luton.gov.uk/council-elections/elections-voting/election-results/european-election-results/european-parliamentary-results-2019,page,
https://www.luton.gov.uk/council-elections/elections-voting/election-results/referendum-results/council-tax-referendum-2015,page,
https://www.luton.gov.uk/council-elections/elections-voting/election-results/referendum-results/european-referendum-2016,page,
https://www.luton.gov.uk/council-elections/elections-voting/election-results/general-election-results/general-election-results-2015,page,
https://www.luton.gov.uk/council-elections/elections-voting/election-results/general-election-results/general-election-results-2017,page,
https://www.luton.gov.uk/council-elections/elections-voting/election-results/general-election-results/general-election-results-2019,page,
https://www.luton.gov.uk/council-elections/elections-voting/election-results/general-election-results/general-election-results-2024,page,
https://www.luton.gov.uk/parking-streets-transport/travel-transport/buses-minibuses/buses/bus-stops-shelters,page,
https://www.luton.gov.uk/parking-streets-transport/travel-transport/buses-minibuses/buses/busway,page,
https://www.luton.gov.uk/parking-streets-transport/travel-transport/buses-minibuses/buses/bus-operators,page,
https://www.luton.gov.uk/parking-streets-transport/travel-transport/buses-minibuses/buses/plan-bus-journey-bus-timetables,page,
https://www.luton.gov.uk/parking-streets-transport/road-safety/safer-speed-speed-cameras/request-new-pedestrian-crossing,page,
https://www.luton.gov.uk/parking-streets-transport/road-safety/safer-speed-speed-cameras/driver-training,page,
https://www.luton.gov.uk/council-elections/elections-voting/election-results/local-election-results/election-results/farley-election-2014,page,
https://www.luton.gov.uk/council-elections/elections-voting/election-results/local-election-results/election-results/high-town-election-2016,page,
https://www.luton.gov.uk/council-elections/elections-voting/election-results/local-election-results/election-results/sundon-park-election-2017,page,
https://www.luton.gov.uk/council-elections/elections-voting/election-results/local-election-results/election-results/limbury-election-2018,page,
https://www.luton.gov.uk/council-elections/elections-voting/election-results/local-election-results/election-results/icknield-election-2019,page,
https://www.luton.gov.uk/council-elections/elections-voting/election-results/local-election-results/election-results/round-green-election-2021,page,
https://www.luton.gov.uk/council-elections/elections-voting/election-results/local-election-results/election-results/high-town-election-2021,page,
https://www.luton.gov.uk/council-elections/elections-voting/election-results/local-election-results/election-results/south-ward-election-2021,page,
https://www.luton.gov.uk/council-elections/elections-voting/election-results/local-election-results/election-results/dallow-election-2022,page,
https://www.luton.gov.uk/council-elections/elections-voting/election-results/local-election-results/election-results/wigmore-election-2024,page,
https://www.luton.gov.uk/council-elections/elections-voting/election-results/local-election-results/election-results/barnfield-election-2024,page,
https://www.luton.gov.uk/council-elections/elections-voting/election-results/local-election-results/election-results/stopsley-election-2025,page,
https://www.luton.gov.uk/council-elections/elections-voting/election-results/local-election-results/election-results/wigmore-election-2026,page,
https://www.luton.gov.uk/council-elections/elections-voting/election-results/local-election-results/local-election-results-2019/sundon-park,page,
https://www.luton.gov.uk/council-elections/elections-voting/election-results/local-election-results/local-election-results-2019/stopsley,page,
https://www.luton.gov.uk/council-elections/elections-voting/election-results/local-election-results/local-election-results-2019/south,page,
https://www.luton.gov.uk/council-elections/elections-voting/election-results/local-election-results/local-election-results-2019/saints,page,
https://www.luton.gov.uk/council-elections/elections-voting/election-results/local-election-results/local-election-results-2019/round-green,page,
https://www.luton.gov.uk/council-elections/elections-voting/election-results/local-election-results/local-election-results-2019/northwell,page,
https://www.luton.gov.uk/council-elections/elections-voting/election-results/local-election-results/local-election-results-2019/limbury,page,
https://www.luton.gov.uk/council-elections/elections-voting/election-results/local-election-results/local-election-results-2019/lewsey,page,
https://www.luton.gov.uk/council-elections/elections-voting/election-results/local-election-results/local-election-results-2019/leagrave,page,
https://www.luton.gov.uk/council-elections/elections-voting/election-results/local-election-results/local-election-results-2019/icknield,page,
https://www.luton.gov.uk/council-elections/elections-voting/election-results/local-election-results/local-election-results-2019/high-town,page,
https://www.luton.gov.uk/council-elections/elections-voting/election-results/local-election-results/local-election-results-2019/farley,page,
https://www.luton.gov.uk/council-elections/elections-voting/election-results/local-election-results/local-election-results-2019/dallow,page,
https://www.luton.gov.uk/council-elections/elections-voting/election-results/local-election-results/local-election-results-2019/crawley,page,
https://www.luton.gov.uk/council-elections/elections-voting/election-results/local-election-results/local-election-results-2019/challney,page,
https://www.luton.gov.uk/council-elections/elections-voting/election-results/local-election-results/local-election-results-2019/bramingham,page,
https://www.luton.gov.uk/council-elections/elections-voting/election-results/local-election-results/local-election-results-2019/biscot,page,
https://www.luton.gov.uk/council-elections/elections-voting/election-results/local-election-results/local-election-results-2019/barnfield,page,
https://www.luton.gov.uk/council-elections/elections-voting/election-results/local-election-results/local-election-results-2019/local-government-election-2019-results,page,
https://www.luton.gov.uk/council-elections/elections-voting/election-results/local-election-results/local-election-results-2015/sundon-park,page,
https://www.luton.gov.uk/council-elections/elections-voting/election-results/local-election-results/local-election-results-2015/stopsley,page,
https://www.luton.gov.uk/council-elections/elections-voting/election-results/local-election-results/local-election-results-2015/south-ward,page,
https://www.luton.gov.uk/council-elections/elections-voting/election-results/local-election-results/local-election-results-2015/saints,page,
https://www.luton.gov.uk/council-elections/elections-voting/election-results/local-election-results/local-election-results-2015/round-green,page,
https://www.luton.gov.uk/council-elections/elections-voting/election-results/local-election-results/local-election-results-2015/northwell,page,
https://www.luton.gov.uk/council-elections/elections-voting/election-results/local-election-results/local-election-results-2015/lewsey,page,
https://www.luton.gov.uk/council-elections/elections-voting/election-results/local-election-results/local-election-results-2015/leagrave,page,
https://www.luton.gov.uk/council-elections/elections-voting/election-results/local-election-results/local-election-results-2015/icknield,page,
https://www.luton.gov.uk/council-elections/elections-voting/election-results/local-election-results/local-election-results-2015/high-town,page,
https://www.luton.gov.uk/council-elections/elections-voting/election-results/local-election-results/local-election-results-2015/farley,page,
https://www.luton.gov.uk/council-elections/elections-voting/election-results/local-election-results/local-election-results-2015/dallow,page,
https://www.luton.gov.uk/council-elections/elections-voting/election-results/local-election-results/local-election-results-2015/crawley,page,
https://www.luton.gov.uk/council-elections/elections-voting/election-results/local-election-results/local-election-results-2015/challney,page,
https://www.luton.gov.uk/council-elections/elections-voting/election-results/local-election-results/local-election-results-2015/bramingham,page,
https://www.luton.gov.uk/council-elections/elections-voting/election-results/local-election-results/local-election-results-2015/biscot,page,
https://www.luton.gov.uk/council-elections/elections-voting/election-results/local-election-results/local-election-results-2015/barnfield,page,
https://www.luton.gov.uk/council-elections/elections-voting/election-results/local-election-results/local-election-results-2011/saints,page,
https://www.luton.gov.uk/council-elections/elections-voting/election-results/local-election-results/local-election-results-2011/round-green,page,
https://www.luton.gov.uk/council-elections/elections-voting/election-results/local-election-results/local-election-results-2011/northwell,page,
https://www.luton.gov.uk/council-elections/elections-voting/election-results/local-election-results/local-election-results-2015/limbury,page,
https://www.luton.gov.uk/council-elections/elections-voting/election-results/local-election-results/local-election-results-2011/limbury,page,
https://www.luton.gov.uk/council-elections/elections-voting/election-results/local-election-results/local-election-results-2011/lewsey,page,
https://www.luton.gov.uk/council-elections/elections-voting/election-results/local-election-results/local-election-results-2011/leagrave,page,
https://www.luton.gov.uk/council-elections/elections-voting/election-results/local-election-results/local-election-results-2011/icknield,page,
https://www.luton.gov.uk/council-elections/elections-voting/election-results/local-election-results/local-election-results-2011/high-town,page,
https://www.luton.gov.uk/council-elections/elections-voting/election-results/local-election-results/local-election-results-2011/farley,page,
https://www.luton.gov.uk/council-elections/elections-voting/election-results/local-election-results/local-election-results-2011/dallow,page,
https://www.luton.gov.uk/council-elections/elections-voting/election-results/local-election-results/local-election-results-2011/crawley,page,
https://www.luton.gov.uk/council-elections/elections-voting/election-results/local-election-results/local-election-results-2011/challney,page,
https://www.luton.gov.uk/council-elections/elections-voting/election-results/local-election-results/local-election-results-2011/bramingham,page,
https://www.luton.gov.uk/council-elections/elections-voting/election-results/local-election-results/local-election-results-2011/biscot,page,
https://www.luton.gov.uk/council-elections/elections-voting/election-results/local-election-results/local-election-results-2011/barnfield,page,
https://www.luton.gov.uk/parking-streets-transport/road-street-maintenance-improvements/report-damaged-or-missing-street-nameplate,page,
https://www.luton.gov.uk/parking-streets-transport/road-street-maintenance-improvements/road-signs,page,
https://www.luton.gov.uk/parking-streets-transport/road-street-maintenance-improvements/traffic-regulation-orders-tros,page,
https://www.luton.gov.uk/parking-streets-transport/road-street-maintenance-improvements/adopted-unadopted-or-private-roads,page,
https://www.luton.gov.uk/parking-streets-transport/road-street-maintenance-improvements/winter-road-maintenance-gritting-salt-bins,page,
https://www.luton.gov.uk/parking-streets-transport/road-street-maintenance-improvements/dropped-kerbs-vehicle-crossovers,page,
https://www.luton.gov.uk/parking-streets-transport/road-street-maintenance-improvements/potholes,page,
https://www.luton.gov.uk/parking-streets-transport/road-street-maintenance-improvements/roadworks-road-closures-road-resurfacing,page,
https://www.luton.gov.uk/parking-streets-transport/road-street-maintenance-improvements/street-cleaning-litter,page,
https://www.luton.gov.uk/schools-education/special-educational-needs-disabilities-send/services-support-your-childs-special-educational-needs/types-services-children-special-educational-needs,page,
https://www.luton.gov.uk/health-social-care/children-young-people-families/childrens-social-care/care-leavers-local-offer/mentoring-programme-young-people,page,
https://www.luton.gov.uk/health-social-care/children-young-people-families/childrens-social-care/care-leavers-local-offer/download-care-leavers-local-offer,page,
https://www.luton.gov.uk/health-social-care/children-young-people-families/childrens-social-care/care-leavers-local-offer/education-training-employment-care-leavers,page,
https://www.luton.gov.uk/health-social-care/children-young-people-families/childrens-social-care/care-leavers-local-offer/health-wellbeing-care-leavers,page,
https://www.luton.gov.uk/health-social-care/children-young-people-families/childrens-social-care/care-leavers-local-offer/support-relationships-care-leavers,page,
https://www.luton.gov.uk/health-social-care/children-young-people-families/childrens-social-care/care-leavers-local-offer/money-financial-support-care-leavers,page,
https://www.luton.gov.uk/health-social-care/children-young-people-families/childrens-social-care/care-leavers-local-offer/support-care-leavers-immigration-needs,page,
https://www.luton.gov.uk/business-licences-permits/business-advertising-sponsorship/lamppost-advertising,page,
https://www.luton.gov.uk/health-social-care/children-young-people-families/childrens-social-care/care-leavers-local-offer/care-leavers-you-become-parent,page,
https://www.luton.gov.uk/parking-streets-transport/road-street-maintenance-improvements/winter-road-maintenance-gritting/salting-salt-bins,page,
https://www.luton.gov.uk/parking-streets-transport/road-street-maintenance-improvements/dropped-kerbs-vehicle-crossovers/constructing-vehicle-crossover,page,
https://www.luton.gov.uk/parking-streets-transport/road-street-maintenance-improvements/dropped-kerbs-vehicle-crossovers/apply-permission-drop-kerb,page,
https://www.luton.gov.uk/parking-streets-transport/road-street-maintenance-improvements/roadworks-road-closures-road-resurfacing/temporarily-close-road-play-street,page,
https://www.luton.gov.uk/parking-streets-transport/road-street-maintenance-improvements/roadworks-road-closures-road-resurfacing/temporarily-close-road-street-party,page,
https://www.luton.gov.uk/parking-streets-transport/road-street-maintenance-improvements/roadworks-road-closures-road-resurfacing/temporary-road-closures-due-demonstrations-parades-sporting-events,page,
https://www.luton.gov.uk/parking-streets-transport/road-street-maintenance-improvements/roadworks-road-closures-road-resurfacing/street-works-emergency-traffic-orders,page,
https://www.luton.gov.uk/business-licences-permits/business-advertising-sponsorship,page,
https://www.luton.gov.uk/parking-streets-transport/road-street-maintenance-improvements/roadworks-road-closures-road-resurfacing/annual-road-resurfacing,page,
https://www.luton.gov.uk/parking-streets-transport/road-street-maintenance-improvements/dropped-kerbs-vehicle-crossovers/apply-planning-permission-drop-kerb,page,
https://www.luton.gov.uk/parking-streets-transport/road-street-maintenance-improvements/winter-road-maintenance-gritting/gritting-route-map,page,
https://www.luton.gov.uk/community-environment/planning-community-event/step-by-step/organising-play-street-event-step-step,page,
https://www.luton.gov.uk/community-environment/planning-community-event,page,
https://www.luton.gov.uk/health-social-care/children-young-people-families/childrens-social-care/care-leavers-local-offer/care-leavers-contact-justice-services,page,
https://www.luton.gov.uk/health-social-care/children-young-people-families/childrens-social-care/care-leavers-local-offer/accommodation-care-leavers,page,
https://www.luton.gov.uk/health-social-care/children-young-people-families/childrens-social-care/care-leavers-local-offer/special-education-needs-disabilities-care-leavers,page,
https://www.luton.gov.uk/health-social-care/children-young-people-families/childrens-social-care/care-leavers-local-offer/care-leavers-getting-involved,page,
https://www.luton.gov.uk/health-social-care/children-young-people-families/childrens-social-care/care-leavers-local-offer/pathway-planning-18-25-year-olds,page,
https://www.luton.gov.uk/health-social-care/children-young-people-families/childrens-social-care/care-leavers-local-offer/what-type-care-leaver-am-i,page,
https://www.luton.gov.uk/business-licences-permits/business-advertising-sponsorship/step-forward-business-newsletter,page,
https://www.luton.gov.uk/business-licences-permits/business-advertising-sponsorship/luton-excellence-awards-lex,page,
https://www.luton.gov.uk/business-licences-permits/business-advertising-sponsorship/advertise-council-land,page,
https://www.luton.gov.uk/business-licences-permits/business-advertising-sponsorship/filming,page,
https://www.luton.gov.uk/business-licences-permits/business-advertising-sponsorship/roundabout-sponsorship,page,
https://www.luton.gov.uk/business-licences-permits/business-advertising-sponsorship/digital-screen-advertising,page,
https://www.luton.gov.uk/planning-building-control/planning/get-planning-permission/guide-planning-applications/check-if-you-need-planning-permission,page,
https://www.luton.gov.uk/community-environment/planning-community-event/step-by-step/organising-play-street-event-step-step/run-play-street,page,
https://www.luton.gov.uk/leisure-parks-culture/planning-organising-event,page,
https://www.luton.gov.uk/community-environment/planning-community-event/step-by-step/organising-play-street-event-step-step/apply-council-permission,page,
https://www.luton.gov.uk/community-environment/planning-community-event/step-by-step/organising-play-street-event-step-step/complete-risk-assessment,page,
https://www.luton.gov.uk/community-environment/planning-community-event/step-by-step/organising-play-street-event-step-step/talk-neighbours-build-support,page,
https://www.luton.gov.uk/community-environment/planning-community-event/step-by-step/organising-play-street-event-step-step/check-if-your-street-suitable,page,
https://www.luton.gov.uk/community-environment/planning-community-event/step-by-step/organising-play-street-event-step-step/understand-what-play-street,page,
https://www.luton.gov.uk/business-licences-permits/business-advertising-sponsorship/luton-life,page,
https://www.luton.gov.uk/business-licences-permits/business-advertising-sponsorship/e-luton-advertising,page,
https://www.luton.gov.uk/business-licences-permits/business-advertising-sponsorship/digital-screen-advertising/digital-screen-advertising-stockwood-park-golf-centre,page,
https://www.luton.gov.uk/business-licences-permits/business-advertising-sponsorship/digital-screen-advertising/luton-central-library,page,
https://www.luton.gov.uk/planning-building-control/planning/get-planning-permission/guide-planning-applications/planning-enforcement,page,
https://www.luton.gov.uk/planning-building-control/planning/get-planning-permission/guide-planning-applications/suds-requirements-submitted-outline,page,
https://www.luton.gov.uk/planning-building-control/planning/get-planning-permission/guide-planning-applications/suds-requirements-submitted-full,page,
https://www.luton.gov.uk/planning-building-control/planning/get-planning-permission/guide-planning-applications/sustainable-drainage-systems-suds,page,
https://www.luton.gov.uk/planning-building-control/planning/get-planning-permission/guide-planning-applications/environment-agency-pre-application-post-permission-advice,page,
https://www.luton.gov.uk/planning-building-control/planning/get-planning-permission/guide-planning-applications/when-application-considered-committee,page,
https://www.luton.gov.uk/leisure-parks-culture/planning-organising-event/safety-advisory-group,page,
https://www.luton.gov.uk/leisure-parks-culture/planning-organising-event/insurance,page,
https://www.luton.gov.uk/leisure-parks-culture/planning-organising-event/road-closures-highways,page,
https://www.luton.gov.uk/leisure-parks-culture/planning-organising-event/noise-control,page,
https://www.luton.gov.uk/leisure-parks-culture/planning-organising-event/health-safety,page,
https://www.luton.gov.uk/leisure-parks-culture/planning-organising-event/choosing-event-location,page,
https://www.luton.gov.uk/leisure-parks-culture/planning-organising-event/licensing,page,
https://www.luton.gov.uk/planning-building-control/planning/get-planning-permission/guide-planning-applications/planning-application-engagement-process,page,
https://www.luton.gov.uk/planning-building-control/planning/planning-enforcement,page,
https://www.luton.gov.uk/planning-building-control/planning/get-planning-permission/guide-planning-applications/steps-getting-planning-permission-planning-portal,page,
https://www.luton.gov.uk/planning-building-control/planning/get-planning-permission/guide-planning-applications,page,
https://www.luton.gov.uk/right-speak-scheme-development-management-committee-meetings,page,
https://www.luton.gov.uk/planning-building-control/planning/get-planning-permission,page,
https://www.luton.gov.uk/business-licences-permits/business-advertising-sponsorship/digital-screen-advertising/digital-screen-advertising-sports-centres,page,
https://www.luton.gov.uk/business-licences-permits/business-advertising-sponsorship/digital-screen-advertising/digital-screen-advertising-luton-town-centre-citytree,page,
https://www.luton.gov.uk/planning-building-control/planning/planning-enforcement/report-potential-planning-breach,page,
https://www.luton.gov.uk/planning-building-control/planning/planning-enforcement/who-can-make-complaint-about-planning-breach,page,
https://www.luton.gov.uk/planning-building-control/planning/planning-enforcement/what-breach-planning-control,page,
https://www.luton.gov.uk/planning-building-control/planning/planning-enforcement/when-planning-enforcement-complaint-has-been-made-against-you,page,
https://www.luton.gov.uk/planning-building-control/planning/planning-enforcement/planning-enforcement-tools,page,
https://www.luton.gov.uk/planning-building-control/planning/get-planning-permission/step-by-step/planning-application-engagement-process-step-step/pre-application-service,page,
https://www.luton.gov.uk/planning-building-control/planning/land-premises/local-land-charges,page,
https://www.luton.gov.uk/planning-building-control/planning/planning-enforcement/planning-enforcement-service-aims-objectives,page,
https://www.luton.gov.uk/planning-building-control/planning/planning-enforcement/enforcement-powers-available-local-planning-authorities,page,
https://www.luton.gov.uk/planning-building-control/planning/get-planning-permission/planning-application-forms-biodiversity-validation-guidance,page,
https://www.luton.gov.uk/planning-building-control/planning/get-planning-permission/step-by-step/planning-application-engagement-process-step-step,page,
https://www.luton.gov.uk/planning-building-control/planning/planning-permission-building-regulations-approval,page,
https://www.luton.gov.uk/leisure-parks-culture/find-park-open-spaces,page,
https://www.luton.gov.uk/council-elections/media-communications/media-press-enquiries,page,
https://www.luton.gov.uk/planning-building-control/planning/get-planning-permission/step-by-step/planning-application-engagement-process-step-step/planning-application-fast-track-service,page,
https://www.luton.gov.uk/planning-building-control/planning/land-premises/local-land-charges/form-con29,page,
https://www.luton.gov.uk/planning-building-control/planning/land-premises/local-land-charges/form-llc1,page,
https://www.luton.gov.uk/planning-building-control/planning/land-premises/local-land-charges/local-land-charges-register,page,
https://www.luton.gov.uk/planning-building-control/planning/land-premises,page,
https://www.luton.gov.uk/planning-building-control/planning/get-planning-permission/step-by-step/planning-application-engagement-process-step-step/app-advice-requests,page,
https://www.luton.gov.uk/planning-building-control/planning/get-planning-permission/step-by-step/planning-application-engagement-process-step-step/planning-application-process,page,
https://www.luton.gov.uk/planning-building-control/planning/get-planning-permission/planning-application-forms-biodiversity-validation-guidance/submit-your-application,page,
https://www.luton.gov.uk/planning-building-control/building-control/building-control-advice,page,
https://www.luton.gov.uk/planning-building-control/planning/get-planning-permission/planning-application-forms-biodiversity-validation-guidance/biodiversity-net-gain,page,
https://www.luton.gov.uk/planning-building-control/planning/get-planning-permission/planning-application-forms-biodiversity-validation-guidance/trees-hedgerow-forms,page,
https://www.luton.gov.uk/planning-building-control/planning/get-planning-permission/planning-application-forms-biodiversity-validation-guidance/fee-calculator-checklist,page,
https://www.luton.gov.uk/planning-building-control/planning/get-planning-permission/planning-application-forms-biodiversity-validation-guidance/dealing-invalid-applications,page,
https://www.luton.gov.uk/council-elections/media-communications/e-luton-newsletter,page,
https://www.luton.gov.uk/planning-building-control/planning/planning-fees,page,
https://www.luton.gov.uk/council-elections/media-communications,page,
https://www.luton.gov.uk/planning-building-control/planning/land-premises/assets-community-value-community-right-bid,page,
https://www.luton.gov.uk/planning-building-control/planning/land-premises/buildings,page,
https://www.luton.gov.uk/planning-building-control/planning/land-premises/biodiversity-nature-conservation,page,
https://www.luton.gov.uk/planning-building-control/building-control/building-control-advice/building-control-fees-charges-payment-methods,page,
https://www.luton.gov.uk/planning-building-control/building-control/building-control-advice/new-housing-flats,page,
https://www.luton.gov.uk/planning-building-control/planning/land-premises/buildings/dangerous-structures-public-safety,page,
https://www.luton.gov.uk/leisure-parks-culture/parks-recreation/volunteering-within-parks-green-spaces,page,
https://www.luton.gov.uk/planning-building-control/planning/land-premises/biodiversity-nature-conservation/nationally-significant-wildlife-sites,page,
https://www.luton.gov.uk/planning-building-control/planning/land-premises/biodiversity-nature-conservation/our-natural-environment,page,
https://www.luton.gov.uk/planning-building-control/planning/land-premises/biodiversity-nature-conservation/nature-conservation-luton,page,
https://www.luton.gov.uk/planning-building-control/planning/conservation-design-natural-environment/listed-buildings-statutory-register,page,
https://www.luton.gov.uk/planning-building-control/planning/land-premises/biodiversity-nature-conservation/nationally-significant-wildlife-sites/cowslip-meadow-sssi,page,
https://www.luton.gov.uk/planning-building-control/planning/land-premises/biodiversity-nature-conservation/nationally-significant-wildlife-sites/galley-warden-hills-sssi,page,
https://www.luton.gov.uk/planning-building-control/planning/land-premises/biodiversity-nature-conservation/nationally-significant-wildlife-sites/dallow-downs-winsdon-hill-sssi,page,
https://www.luton.gov.uk/leisure-parks-culture/parks-recreation/parks-management-plans,page,
https://www.luton.gov.uk/leisure-parks-culture/parks-recreation/luton-friends-parks-green-spaces,page,
https://www.luton.gov.uk/planning-building-control/planning/conservation-design-natural-environment/listed-buildings-statutory-register/how-apply-listed-building-consent,page,
https://www.luton.gov.uk/planning-building-control/planning/conservation-design-natural-environment/listed-buildings-statutory-register/how-report-building-risk,page,
https://www.luton.gov.uk/planning-building-control/planning/conservation-design-natural-environment/listed-buildings-statutory-register/how-we-deal-neglected-listed-buildings,page,
https://www.luton.gov.uk/planning-building-control/planning/conservation-design-natural-environment/listed-buildings-statutory-register/policies-apply-listed-buildings,page,
https://www.luton.gov.uk/planning-building-control/planning/conservation-design-natural-environment/listed-buildings-statutory-register/emergency-work-listed-building,page,
https://www.luton.gov.uk/planning-building-control/planning/conservation-design-natural-environment/listed-buildings-statutory-register/what-work-you-need-listed-building-consent,page,
https://www.luton.gov.uk/planning-building-control/planning/conservation-design-natural-environment/listed-buildings-statutory-register/effects-listing-buiding,page,
https://www.luton.gov.uk/planning-building-control/planning/conservation-design-natural-environment/listed-buildings-statutory-register/information-included-listing,page,
https://www.luton.gov.uk/planning-building-control/planning/conservation-design-natural-environment/listed-buildings-statutory-register/how-building-becomes-listed-or-de-listed,page,
https://www.luton.gov.uk/planning-building-control/planning/conservation-design-natural-environment/listed-buildings-statutory-register/what-are-criteria-listing,page,
https://www.luton.gov.uk/planning-building-control/planning/conservation-design-natural-environment/listed-buildings-statutory-register/different-grades-listing,page,
https://www.luton.gov.uk/planning-building-control/planning/conservation-design-natural-environment,page,
https://www.luton.gov.uk/leisure-parks-culture/parks-recreation/sports-facilities-in-luton,page,
https://www.luton.gov.uk/leisure-parks-culture/parks-recreation/allotment-gardening-luton,page,
https://www.luton.gov.uk/leisure-parks-culture/parks-recreation/trees-maintenance-trimming,page,
https://www.luton.gov.uk/leisure-parks-culture/parks-recreation,page,
https://www.luton.gov.uk/planning-building-control/planning/conservation-design-natural-environment/local-list-buildings-structures-local-or-historic-interest,page,
https://www.luton.gov.uk/planning-building-control/planning/conservation-design-natural-environment/high-hedges,page,
https://www.luton.gov.uk/planning-building-control/planning/conservation-design-natural-environment/new-development-design,page,
https://www.luton.gov.uk/planning-building-control/planning/conservation-design-natural-environment/conservation-area-appraisals-management-plans,page,
https://www.luton.gov.uk/planning-building-control/planning/conservation-design-natural-environment/tree-management,page,
https://www.luton.gov.uk/planning-building-control/planning/conservation-design-natural-environment/conservation-areas,page,
https://www.luton.gov.uk/planning-building-control/planning/conservation-design-natural-environment/tree-preservation-orders,page,
https://www.luton.gov.uk/planning-building-control/planning/conservation-design-natural-environment/find-tree-preservation-order,page,
https://www.luton.gov.uk/planning-building-control/building-control/building-control-advice/data-protection,page,
https://www.luton.gov.uk/planning-building-control/building-control/building-control-advice/regularisation-certificate-application,page,
https://www.luton.gov.uk/planning-building-control/building-control/building-control-advice/notifications-site-conditions-variations,page,
https://www.luton.gov.uk/planning-building-control/building-control/building-control-advice/how-apply-building-regulations,page,
https://www.luton.gov.uk/planning-building-control/building-control/building-control-advice/apply-new-project,page,
https://www.luton.gov.uk/planning-building-control/planning/conservation-design-natural-environment/high-hedges-complaints-quick-guide,page,
https://www.luton.gov.uk/planning-building-control/building-control/building-control-advice/competent-persons-schemes,page,
https://www.luton.gov.uk/planning-building-control/building-control/building-control-advice/simple-visual-guide-house-holders,page,
https://www.luton.gov.uk/planning-building-control/building-control/building-control-advice/exemptions-building-regulations-approval,page,
https://www.luton.gov.uk/planning-building-control/planning/conservation-design-natural-environment/high-hedges-complaints-quick-guide/action-be-taken,page,
https://www.luton.gov.uk/planning-building-control/planning/conservation-design-natural-environment/high-hedges-complaints-quick-guide/reaching-decision,page,
https://www.luton.gov.uk/planning-building-control/planning/conservation-design-natural-environment/high-hedges-complaints-quick-guide/making-formal-complaint-about-high-hedge,page,
https://www.luton.gov.uk/planning-building-control/planning/conservation-design-natural-environment/high-hedges-complaints-quick-guide/making-your-complaint,page,
https://www.luton.gov.uk/planning-building-control/planning/conservation-design-natural-environment/high-hedges-complaints-quick-guide/grounds-complaint,page,
https://www.luton.gov.uk/planning-building-control/planning/conservation-design-natural-environment/high-hedges-complaints-quick-guide/who-can-make-complaint,page,
https://www.luton.gov.uk/planning-building-control/planning/conservation-design-natural-environment/find-tree-preservation-order?page=17,page,
https://www.luton.gov.uk/planning-building-control/planning/conservation-design-natural-environment/find-tree-preservation-order?page=8,page,
https://www.luton.gov.uk/planning-building-control/planning/conservation-design-natural-environment/find-tree-preservation-order?page=7,page,
https://www.luton.gov.uk/planning-building-control/planning/conservation-design-natural-environment/find-tree-preservation-order?page=6,page,
https://www.luton.gov.uk/planning-building-control/planning/conservation-design-natural-environment/find-tree-preservation-order?page=5,page,
https://www.luton.gov.uk/planning-building-control/planning/conservation-design-natural-environment/find-tree-preservation-order?page=4,page,
https://www.luton.gov.uk/planning-building-control/planning/conservation-design-natural-environment/find-tree-preservation-order?page=3,page,
https://www.luton.gov.uk/planning-building-control/planning/conservation-design-natural-environment/find-tree-preservation-order?page=2,page,
https://www.luton.gov.uk/planning-building-control/planning/conservation-design-natural-environment/find-tree-preservation-order?page=1,page,
https://www.luton.gov.uk/planning-building-control/planning/conservation-design-natural-environment/find-tree-preservation-order?page=0,page,
https://www.luton.gov.uk/planning-building-control/planning/conservation-design-natural-environment/find-tree-preservation-order/tree-preservation-order-tpo-e107011,page,
https://www.luton.gov.uk/planning-building-control/planning/conservation-design-natural-environment/find-tree-preservation-order/tree-preservation-order-tpo-e107010,page,
https://www.luton.gov.uk/planning-building-control/planning/conservation-design-natural-environment/find-tree-preservation-order/tree-preservation-order-tpo-e107008,page,
https://www.luton.gov.uk/planning-building-control/planning/conservation-design-natural-environment/find-tree-preservation-order/tree-preservation-order-tpo-e107007,page,
https://www.luton.gov.uk/planning-building-control/planning/conservation-design-natural-environment/find-tree-preservation-order/tree-preservation-order-tpo-e107006,page,
https://www.luton.gov.uk/planning-building-control/planning/conservation-design-natural-environment/find-tree-preservation-order/tree-preservation-order-tpo-e107005,page,
https://www.luton.gov.uk/planning-building-control/planning/conservation-design-natural-environment/find-tree-preservation-order/tree-preservation-order-tpo-e107004,page,
https://www.luton.gov.uk/planning-building-control/planning/conservation-design-natural-environment/find-tree-preservation-order?page=15,page,
https://www.luton.gov.uk/planning-building-control/planning/conservation-design-natural-environment/find-tree-preservation-order/tree-preservation-order-tpo-e107099,page,
https://www.luton.gov.uk/planning-building-control/planning/conservation-design-natural-environment/find-tree-preservation-order/tree-preservation-order-tpo-e107089,page,
https://www.luton.gov.uk/planning-building-control/planning/conservation-design-natural-environment/find-tree-preservation-order/tree-preservation-order-tpo-e107079,page,
https://www.luton.gov.uk/planning-building-control/planning/conservation-design-natural-environment/find-tree-preservation-order/tree-preservation-order-tpo-e107068,page,
https://www.luton.gov.uk/planning-building-control/planning/conservation-design-natural-environment/find-tree-preservation-order/tree-preservation-order-tpo-e107058,page,
https://www.luton.gov.uk/planning-building-control/planning/conservation-design-natural-environment/find-tree-preservation-order/tree-preservation-order-tpo-e107047,page,
https://www.luton.gov.uk/planning-building-control/planning/conservation-design-natural-environment/find-tree-preservation-order/tree-preservation-order-tpo-e107034,page,
https://www.luton.gov.uk/planning-building-control/planning/conservation-design-natural-environment/find-tree-preservation-order/tree-preservation-order-tpo-e107024,page,
https://www.luton.gov.uk/planning-building-control/planning/conservation-design-natural-environment/find-tree-preservation-order/tree-preservation-order-tpo-e107022,page,
https://www.luton.gov.uk/planning-building-control/planning/conservation-design-natural-environment/find-tree-preservation-order/tree-preservation-order-tpo-e107179,page,
https://www.luton.gov.uk/planning-building-control/planning/conservation-design-natural-environment/find-tree-preservation-order/tree-preservation-order-tpo-e107178,page,
https://www.luton.gov.uk/planning-building-control/planning/conservation-design-natural-environment/find-tree-preservation-order/tree-preservation-order-tpo-e107177,page,
https://www.luton.gov.uk/planning-building-control/planning/conservation-design-natural-environment/find-tree-preservation-order/tree-preservation-order-tpo-e107176,page,
https://www.luton.gov.uk/planning-building-control/planning/conservation-design-natural-environment/find-tree-preservation-order/tree-preservation-order-tpo-e107175,page,
https://www.luton.gov.uk/planning-building-control/planning/conservation-design-natural-environment/find-tree-preservation-order/tree-preservation-order-tpo-e107174,page,
https://www.luton.gov.uk/planning-building-control/planning/conservation-design-natural-environment/find-tree-preservation-order/tree-preservation-order-tpo-e107173,page,
https://www.luton.gov.uk/planning-building-control/planning/conservation-design-natural-environment/find-tree-preservation-order/tree-preservation-order-tpo-e107172,page,
https://www.luton.gov.uk/planning-building-control/planning/conservation-design-natural-environment/find-tree-preservation-order/tree-preservation-order-tpo-e107171,page,
https://www.luton.gov.uk/planning-building-control/planning/conservation-design-natural-environment/find-tree-preservation-order/tree-preservation-order-tpo-e107169,page,
https://www.luton.gov.uk/planning-building-control/planning/conservation-design-natural-environment/find-tree-preservation-order/tree-preservation-order-tpo-e107021,page,
https://www.luton.gov.uk/planning-building-control/planning/conservation-design-natural-environment/find-tree-preservation-order/tree-preservation-order-tpo-e107020,page,
https://www.luton.gov.uk/planning-building-control/planning/conservation-design-natural-environment/find-tree-preservation-order/tree-preservation-order-tpo-e107019,page,
https://www.luton.gov.uk/planning-building-control/planning/conservation-design-natural-environment/find-tree-preservation-order/tree-preservation-order-tpo-e107018,page,
https://www.luton.gov.uk/planning-building-control/planning/conservation-design-natural-environment/find-tree-preservation-order/tree-preservation-order-tpo-e107017,page,
https://www.luton.gov.uk/planning-building-control/planning/conservation-design-natural-environment/find-tree-preservation-order/tree-preservation-order-tpo-e107016,page,
https://www.luton.gov.uk/planning-building-control/planning/conservation-design-natural-environment/find-tree-preservation-order/tree-preservation-order-tpo-e107015,page,
https://www.luton.gov.uk/planning-building-control/planning/conservation-design-natural-environment/find-tree-preservation-order/tree-preservation-order-tpo-e107014,page,
https://www.luton.gov.uk/planning-building-control/planning/conservation-design-natural-environment/find-tree-preservation-order/tree-preservation-order-tpo-e107033,page,
https://www.luton.gov.uk/planning-building-control/planning/conservation-design-natural-environment/find-tree-preservation-order/tree-preservation-order-tpo-e107032,page,
https://www.luton.gov.uk/planning-building-control/planning/conservation-design-natural-environment/find-tree-preservation-order/tree-preservation-order-tpo-e107031,page,
https://www.luton.gov.uk/planning-building-control/planning/conservation-design-natural-environment/find-tree-preservation-order/tree-preservation-order-tpo-e107030,page,
https://www.luton.gov.uk/planning-building-control/planning/conservation-design-natural-environment/find-tree-preservation-order/tree-preservation-order-tpo-e107029,page,
https://www.luton.gov.uk/planning-building-control/planning/conservation-design-natural-environment/find-tree-preservation-order/tree-preservation-order-tpo-e107028,page,
https://www.luton.gov.uk/planning-building-control/planning/conservation-design-natural-environment/find-tree-preservation-order/tree-preservation-order-tpo-e107027,page,
https://www.luton.gov.uk/planning-building-control/planning/conservation-design-natural-environment/find-tree-preservation-order/tree-preservation-order-tpo-e107026,page,
https://www.luton.gov.uk/planning-building-control/planning/conservation-design-natural-environment/find-tree-preservation-order/tree-preservation-order-tpo-e107025,page,
https://www.luton.gov.uk/planning-building-control/planning/conservation-design-natural-environment/find-tree-preservation-order/tree-preservation-order-tpo-e107044,page,
https://www.luton.gov.uk/planning-building-control/planning/conservation-design-natural-environment/find-tree-preservation-order/tree-preservation-order-tpo-e107043,page,
https://www.luton.gov.uk/planning-building-control/planning/conservation-design-natural-environment/find-tree-preservation-order/tree-preservation-order-tpo-e107042,page,
https://www.luton.gov.uk/planning-building-control/planning/conservation-design-natural-environment/find-tree-preservation-order/tree-preservation-order-tpo-e107040,page,
https://www.luton.gov.uk/planning-building-control/planning/conservation-design-natural-environment/find-tree-preservation-order/tree-preservation-order-tpo-e107039,page,
https://www.luton.gov.uk/planning-building-control/planning/conservation-design-natural-environment/find-tree-preservation-order/tree-preservation-order-tpo-e107038,page,
https://www.luton.gov.uk/planning-building-control/planning/conservation-design-natural-environment/find-tree-preservation-order/tree-preservation-order-tpo-e107037,page,
https://www.luton.gov.uk/planning-building-control/planning/conservation-design-natural-environment/find-tree-preservation-order/tree-preservation-order-tpo-e107036,page,
https://www.luton.gov.uk/planning-building-control/planning/conservation-design-natural-environment/find-tree-preservation-order/tree-preservation-order-tpo-e107035,page,
https://www.luton.gov.uk/planning-building-control/planning/conservation-design-natural-environment/find-tree-preservation-order/tree-preservation-order-tpo-e107057,page,
https://www.luton.gov.uk/planning-building-control/planning/conservation-design-natural-environment/find-tree-preservation-order/tree-preservation-order-tpo-e107056,page,
https://www.luton.gov.uk/planning-building-control/planning/conservation-design-natural-environment/find-tree-preservation-order/tree-preservation-order-tpo-e107055,page,
https://www.luton.gov.uk/planning-building-control/planning/conservation-design-natural-environment/find-tree-preservation-order/tree-preservation-order-tpo-e107054,page,
https://www.luton.gov.uk/planning-building-control/planning/conservation-design-natural-environment/find-tree-preservation-order/tree-preservation-order-tpo-e107052,page,
https://www.luton.gov.uk/planning-building-control/planning/conservation-design-natural-environment/find-tree-preservation-order/tree-preservation-order-tpo-e107051,page,
https://www.luton.gov.uk/planning-building-control/planning/conservation-design-natural-environment/find-tree-preservation-order/tree-preservation-order-tpo-e107050,page,
https://www.luton.gov.uk/planning-building-control/planning/conservation-design-natural-environment/find-tree-preservation-order/tree-preservation-order-tpo-e107049,page,
https://www.luton.gov.uk/planning-building-control/planning/conservation-design-natural-environment/find-tree-preservation-order/tree-preservation-order-tpo-e107048,page,
https://www.luton.gov.uk/planning-building-control/planning/conservation-design-natural-environment/find-tree-preservation-order/tree-preservation-order-tpo-e107067,page,
https://www.luton.gov.uk/planning-building-control/planning/conservation-design-natural-environment/find-tree-preservation-order/tree-preservation-order-tpo-e107066,page,
https://www.luton.gov.uk/planning-building-control/planning/conservation-design-natural-environment/find-tree-preservation-order/tree-preservation-order-tpo-e107065,page,
https://www.luton.gov.uk/planning-building-control/planning/conservation-design-natural-environment/find-tree-preservation-order/tree-preservation-order-tpo-e107064,page,
https://www.luton.gov.uk/planning-building-control/planning/conservation-design-natural-environment/find-tree-preservation-order/tree-preservation-order-tpo-e107063,page,
https://www.luton.gov.uk/planning-building-control/planning/conservation-design-natural-environment/find-tree-preservation-order/tree-preservation-order-tpo-e107062,page,
https://www.luton.gov.uk/planning-building-control/planning/conservation-design-natural-environment/find-tree-preservation-order/tree-preservation-order-tpo-e107061,page,
https://www.luton.gov.uk/planning-building-control/planning/conservation-design-natural-environment/find-tree-preservation-order/tree-preservation-order-tpo-e107060,page,
https://www.luton.gov.uk/planning-building-control/planning/conservation-design-natural-environment/find-tree-preservation-order/tree-preservation-order-tpo-e107059,page,
https://www.luton.gov.uk/planning-building-control/planning/conservation-design-natural-environment/find-tree-preservation-order/tree-preservation-order-tpo-e107078,page,
https://www.luton.gov.uk/planning-building-control/planning/conservation-design-natural-environment/find-tree-preservation-order/tree-preservation-order-tpo-e107077,page,
https://www.luton.gov.uk/planning-building-control/planning/conservation-design-natural-environment/find-tree-preservation-order/tree-preservation-order-tpo-e107075,page,
https://www.luton.gov.uk/planning-building-control/planning/conservation-design-natural-environment/find-tree-preservation-order/tree-preservation-order-tpo-e107074,page,
https://www.luton.gov.uk/planning-building-control/planning/conservation-design-natural-environment/find-tree-preservation-order/tree-preservation-order-tpo-e107073,page,
https://www.luton.gov.uk/planning-building-control/planning/conservation-design-natural-environment/find-tree-preservation-order/tree-preservation-order-tpo-e107072,page,
https://www.luton.gov.uk/planning-building-control/planning/conservation-design-natural-environment/find-tree-preservation-order/tree-preservation-order-tpo-e107071,page,
https://www.luton.gov.uk/planning-building-control/planning/conservation-design-natural-environment/find-tree-preservation-order/tree-preservation-order-tpo-e107070,page,
https://www.luton.gov.uk/planning-building-control/planning/conservation-design-natural-environment/find-tree-preservation-order/tree-preservation-order-tpo-e107069,page,
https://www.luton.gov.uk/planning-building-control/planning/conservation-design-natural-environment/find-tree-preservation-order/tree-preservation-order-tpo-e107088,page,
https://www.luton.gov.uk/planning-building-control/planning/conservation-design-natural-environment/find-tree-preservation-order/tree-preservation-order-tpo-e107087,page,
https://www.luton.gov.uk/planning-building-control/planning/conservation-design-natural-environment/find-tree-preservation-order/tree-preservation-order-tpo-e107086,page,
https://www.luton.gov.uk/planning-building-control/planning/conservation-design-natural-environment/find-tree-preservation-order/tree-preservation-order-tpo-e107085,page,
https://www.luton.gov.uk/planning-building-control/planning/conservation-design-natural-environment/find-tree-preservation-order/tree-preservation-order-tpo-e107084,page,
https://www.luton.gov.uk/planning-building-control/planning/conservation-design-natural-environment/find-tree-preservation-order/tree-preservation-order-tpo-e107083,page,
https://www.luton.gov.uk/planning-building-control/planning/conservation-design-natural-environment/find-tree-preservation-order/tree-preservation-order-tpo-e107082,page,
https://www.luton.gov.uk/planning-building-control/planning/conservation-design-natural-environment/find-tree-preservation-order/tree-preservation-order-tpo-e107081,page,
https://www.luton.gov.uk/planning-building-control/planning/conservation-design-natural-environment/find-tree-preservation-order/tree-preservation-order-tpo-e107080,page,
https://www.luton.gov.uk/planning-building-control/planning/conservation-design-natural-environment/find-tree-preservation-order/tree-preservation-order-tpo-e107098,page,
https://www.luton.gov.uk/planning-building-control/planning/conservation-design-natural-environment/find-tree-preservation-order/tree-preservation-order-tpo-e107097,page,
https://www.luton.gov.uk/planning-building-control/planning/conservation-design-natural-environment/find-tree-preservation-order/tree-preservation-order-tpo-e107096,page,
https://www.luton.gov.uk/planning-building-control/planning/conservation-design-natural-environment/find-tree-preservation-order/tree-preservation-order-tpo-e107095,page,
https://www.luton.gov.uk/planning-building-control/planning/conservation-design-natural-environment/find-tree-preservation-order/tree-preservation-order-tpo-e107094,page,
https://www.luton.gov.uk/planning-building-control/planning/conservation-design-natural-environment/find-tree-preservation-order/tree-preservation-order-tpo-e107093,page,
https://www.luton.gov.uk/planning-building-control/planning/conservation-design-natural-environment/find-tree-preservation-order/tree-preservation-order-tpo-e107092,page,
https://www.luton.gov.uk/planning-building-control/planning/conservation-design-natural-environment/find-tree-preservation-order/tree-preservation-order-tpo-e107091,page,
https://www.luton.gov.uk/planning-building-control/planning/conservation-design-natural-environment/find-tree-preservation-order/tree-preservation-order-tpo-e107090,page,
https://www.luton.gov.uk/planning-building-control/planning/conservation-design-natural-environment/find-tree-preservation-order?page=14,page,
https://www.luton.gov.uk/planning-building-control/planning/conservation-design-natural-environment/find-tree-preservation-order?page=13,page,
https://www.luton.gov.uk/planning-building-control/planning/conservation-design-natural-environment/find-tree-preservation-order?page=12,page,
https://www.luton.gov.uk/planning-building-control/planning/conservation-design-natural-environment/find-tree-preservation-order?page=11,page,
https://www.luton.gov.uk/planning-building-control/planning/conservation-design-natural-environment/find-tree-preservation-order?page=10,page,
https://www.luton.gov.uk/planning-building-control/planning/conservation-design-natural-environment/find-tree-preservation-order?page=9,page,
https://www.luton.gov.uk/planning-building-control/planning/conservation-design-natural-environment/find-tree-preservation-order?page=16,page,
https://www.luton.gov.uk/planning-building-control/planning/conservation-design-natural-environment/find-tree-preservation-order/tree-preservation-order-tpo-e107180,page,
https://www.luton.gov.uk/planning-building-control/planning/conservation-design-natural-environment/find-tree-preservation-order/tree-preservation-order-tpo-e107046,page,
https://www.luton.gov.uk/planning-building-control/planning/conservation-design-natural-environment/find-tree-preservation-order/tree-preservation-order-tpo-e107166,page,
https://www.luton.gov.uk/planning-building-control/planning/conservation-design-natural-environment/find-tree-preservation-order/tree-preservation-order-tpo-e107155,page,
https://www.luton.gov.uk/planning-building-control/planning/conservation-design-natural-environment/find-tree-preservation-order/tree-preservation-order-tpo-e107141,page,
https://www.luton.gov.uk/planning-building-control/planning/conservation-design-natural-environment/find-tree-preservation-order/tree-preservation-order-tpo-e107131,page,
https://www.luton.gov.uk/planning-building-control/planning/conservation-design-natural-environment/find-tree-preservation-order/tree-preservation-order-tpo-e107120,page,
https://www.luton.gov.uk/planning-building-control/planning/conservation-design-natural-environment/find-tree-preservation-order/tree-preservation-order-tpo-e107109,page,
https://www.luton.gov.uk/planning-building-control/planning/conservation-design-natural-environment/find-tree-preservation-order/tree-preservation-order-tpo-e107191,page,
https://www.luton.gov.uk/planning-building-control/planning/conservation-design-natural-environment/find-tree-preservation-order/tree-preservation-order-tpo-e107189,page,
https://www.luton.gov.uk/planning-building-control/planning/conservation-design-natural-environment/find-tree-preservation-order/tree-preservation-order-tpo-e107188,page,
https://www.luton.gov.uk/planning-building-control/planning/conservation-design-natural-environment/find-tree-preservation-order/tree-preservation-order-tpo-e107187,page,
https://www.luton.gov.uk/planning-building-control/planning/conservation-design-natural-environment/find-tree-preservation-order/tree-preservation-order-tpo-e107186,page,
https://www.luton.gov.uk/planning-building-control/planning/conservation-design-natural-environment/find-tree-preservation-order/tree-preservation-order-tpo-e107185,page,
https://www.luton.gov.uk/planning-building-control/planning/conservation-design-natural-environment/find-tree-preservation-order/tree-preservation-order-tpo-e107184,page,
https://www.luton.gov.uk/planning-building-control/planning/conservation-design-natural-environment/find-tree-preservation-order/tree-preservation-order-tpo-e107183,page,
https://www.luton.gov.uk/planning-building-control/planning/conservation-design-natural-environment/find-tree-preservation-order/tree-preservation-order-tpo-e107182,page,
https://www.luton.gov.uk/planning-building-control/planning/conservation-design-natural-environment/find-tree-preservation-order/tree-preservation-order-tpo-e107181,page,
https://www.luton.gov.uk/planning-building-control/planning/conservation-design-natural-environment/find-tree-preservation-order/tree-preservation-order-tpo-e107108,page,
https://www.luton.gov.uk/planning-building-control/planning/conservation-design-natural-environment/find-tree-preservation-order/tree-preservation-order-tpo-e107107,page,
https://www.luton.gov.uk/planning-building-control/planning/conservation-design-natural-environment/find-tree-preservation-order/tree-preservation-order-tpo-e107106,page,
https://www.luton.gov.uk/planning-building-control/planning/conservation-design-natural-environment/find-tree-preservation-order/tree-preservation-order-tpo-e107105,page,
https://www.luton.gov.uk/planning-building-control/planning/conservation-design-natural-environment/find-tree-preservation-order/tree-preservation-order-tpo-e107104,page,
https://www.luton.gov.uk/planning-building-control/planning/conservation-design-natural-environment/find-tree-preservation-order/tree-preservation-order-tpo-e107103,page,
https://www.luton.gov.uk/planning-building-control/planning/conservation-design-natural-environment/find-tree-preservation-order/tree-preservation-order-tpo-e107102,page,
https://www.luton.gov.uk/planning-building-control/planning/conservation-design-natural-environment/find-tree-preservation-order/tree-preservation-order-tpo-e107101,page,
https://www.luton.gov.uk/planning-building-control/planning/conservation-design-natural-environment/find-tree-preservation-order/tree-preservation-order-tpo-e107100,page,
https://www.luton.gov.uk/planning-building-control/planning/conservation-design-natural-environment/find-tree-preservation-order/tree-preservation-order-tpo-e107119,page,
https://www.luton.gov.uk/planning-building-control/planning/conservation-design-natural-environment/find-tree-preservation-order/tree-preservation-order-tpo-e107118,page,
https://www.luton.gov.uk/planning-building-control/planning/conservation-design-natural-environment/find-tree-preservation-order/tree-preservation-order-tpo-e107117,page,
https://www.luton.gov.uk/planning-building-control/planning/conservation-design-natural-environment/find-tree-preservation-order/tree-preservation-order-tpo-e107116,page,
https://www.luton.gov.uk/planning-building-control/planning/conservation-design-natural-environment/find-tree-preservation-order/tree-preservation-order-tpo-e107115,page,
https://www.luton.gov.uk/planning-building-control/planning/conservation-design-natural-environment/find-tree-preservation-order/tree-preservation-order-tpo-e107114,page,
https://www.luton.gov.uk/planning-building-control/planning/conservation-design-natural-environment/find-tree-preservation-order/tree-preservation-order-tpo-e107112,page,
https://www.luton.gov.uk/planning-building-control/planning/conservation-design-natural-environment/find-tree-preservation-order/tree-preservation-order-tpo-e107111,page,
https://www.luton.gov.uk/planning-building-control/planning/conservation-design-natural-environment/find-tree-preservation-order/tree-preservation-order-tpo-e107110,page,
https://www.luton.gov.uk/planning-building-control/planning/conservation-design-natural-environment/find-tree-preservation-order/tree-preservation-order-tpo-e107130,page,
https://www.luton.gov.uk/planning-building-control/planning/conservation-design-natural-environment/find-tree-preservation-order/tree-preservation-order-tpo-e107129,page,
https://www.luton.gov.uk/planning-building-control/planning/conservation-design-natural-environment/find-tree-preservation-order/tree-preservation-order-tpo-e107128,page,
https://www.luton.gov.uk/planning-building-control/planning/conservation-design-natural-environment/find-tree-preservation-order/tree-preservation-order-tpo-e107127,page,
https://www.luton.gov.uk/planning-building-control/planning/conservation-design-natural-environment/find-tree-preservation-order/tree-preservation-order-tpo-e107126,page,
https://www.luton.gov.uk/planning-building-control/planning/conservation-design-natural-environment/find-tree-preservation-order/tree-preservation-order-tpo-e107125,page,
https://www.luton.gov.uk/planning-building-control/planning/conservation-design-natural-environment/find-tree-preservation-order/tree-preservation-order-tpo-e107124,page,
https://www.luton.gov.uk/planning-building-control/planning/conservation-design-natural-environment/find-tree-preservation-order/tree-preservation-order-tpo-e107123,page,
https://www.luton.gov.uk/planning-building-control/planning/conservation-design-natural-environment/find-tree-preservation-order/tree-preservation-order-tpo-e107121,page,
https://www.luton.gov.uk/planning-building-control/planning/conservation-design-natural-environment/find-tree-preservation-order/tree-preservation-order-tpo-e107140,page,
https://www.luton.gov.uk/planning-building-control/planning/conservation-design-natural-environment/find-tree-preservation-order/tree-preservation-order-tpo-e107139,page,
https://www.luton.gov.uk/planning-building-control/planning/conservation-design-natural-environment/find-tree-preservation-order/tree-preservation-order-tpo-e107138,page,
https://www.luton.gov.uk/planning-building-control/planning/conservation-design-natural-environment/find-tree-preservation-order/tree-preservation-order-tpo-e107137,page,
https://www.luton.gov.uk/planning-building-control/planning/conservation-design-natural-environment/find-tree-preservation-order/tree-preservation-order-tpo-e107136,page,
https://www.luton.gov.uk/planning-building-control/planning/conservation-design-natural-environment/find-tree-preservation-order/tree-preservation-order-tpo-e107135,page,
https://www.luton.gov.uk/planning-building-control/planning/conservation-design-natural-environment/find-tree-preservation-order/tree-preservation-order-tpo-e107134,page,
https://www.luton.gov.uk/planning-building-control/planning/conservation-design-natural-environment/find-tree-preservation-order/tree-preservation-order-tpo-e107133,page,
https://www.luton.gov.uk/planning-building-control/planning/conservation-design-natural-environment/find-tree-preservation-order/tree-preservation-order-tpo-e107132,page,
https://www.luton.gov.uk/planning-building-control/planning/conservation-design-natural-environment/find-tree-preservation-order/tree-preservation-order-tpo-e107152,page,
https://www.luton.gov.uk/planning-building-control/planning/conservation-design-natural-environment/find-tree-preservation-order/tree-preservation-order-tpo-e107151,page,
https://www.luton.gov.uk/planning-building-control/planning/conservation-design-natural-environment/find-tree-preservation-order/tree-preservation-order-tpo-e107150,page,
https://www.luton.gov.uk/planning-building-control/planning/conservation-design-natural-environment/find-tree-preservation-order/tree-preservation-order-tpo-e107149,page,
https://www.luton.gov.uk/planning-building-control/planning/conservation-design-natural-environment/find-tree-preservation-order/tree-preservation-order-tpo-e107146,page,
https://www.luton.gov.uk/planning-building-control/planning/conservation-design-natural-environment/find-tree-preservation-order/tree-preservation-order-tpo-e107145,page,
https://www.luton.gov.uk/planning-building-control/planning/conservation-design-natural-environment/find-tree-preservation-order/tree-preservation-order-tpo-e107144,page,
https://www.luton.gov.uk/planning-building-control/planning/conservation-design-natural-environment/find-tree-preservation-order/tree-preservation-order-tpo-e107143,page,
https://www.luton.gov.uk/planning-building-control/planning/conservation-design-natural-environment/find-tree-preservation-order/tree-preservation-order-tpo-e107142,page,
https://www.luton.gov.uk/planning-building-control/planning/conservation-design-natural-environment/find-tree-preservation-order/tree-preservation-order-tpo-e107165,page,
https://www.luton.gov.uk/planning-building-control/planning/conservation-design-natural-environment/find-tree-preservation-order/tree-preservation-order-tpo-e107163,page,
https://www.luton.gov.uk/planning-building-control/planning/conservation-design-natural-environment/find-tree-preservation-order/tree-preservation-order-tpo-e107162,page,
https://www.luton.gov.uk/planning-building-control/planning/conservation-design-natural-environment/find-tree-preservation-order/tree-preservation-order-tpo-e107161,page,
https://www.luton.gov.uk/planning-building-control/planning/conservation-design-natural-environment/find-tree-preservation-order/tree-preservation-order-tpo-e107160,page,
https://www.luton.gov.uk/planning-building-control/planning/conservation-design-natural-environment/find-tree-preservation-order/tree-preservation-order-tpo-e107159,page,
https://www.luton.gov.uk/planning-building-control/planning/conservation-design-natural-environment/find-tree-preservation-order/tree-preservation-order-tpo-e107158,page,
https://www.luton.gov.uk/planning-building-control/planning/conservation-design-natural-environment/find-tree-preservation-order/tree-preservation-order-tpo-e107157,page,
https://www.luton.gov.uk/planning-building-control/planning/conservation-design-natural-environment/find-tree-preservation-order/tree-preservation-order-tpo-e107156,page,
https://www.luton.gov.uk/planning-building-control/planning/conservation-design-natural-environment/find-tree-preservation-order/tree-preservation-order-tpo-e107204,page,
https://www.luton.gov.uk/planning-building-control/planning/conservation-design-natural-environment/find-tree-preservation-order/tree-preservation-order-tpo-e107202,page,
https://www.luton.gov.uk/planning-building-control/planning/conservation-design-natural-environment/find-tree-preservation-order/tree-preservation-order-tpo-e107200,page,
https://www.luton.gov.uk/planning-building-control/planning/conservation-design-natural-environment/find-tree-preservation-order/tree-preservation-order-tpo-e107197,page,
https://www.luton.gov.uk/planning-building-control/planning/conservation-design-natural-environment/find-tree-preservation-order/tree-preservation-order-tpo-e107194,page,
https://www.luton.gov.uk/planning-building-control/planning/conservation-design-natural-environment/find-tree-preservation-order/tree-preservation-order-tpo-e107193,page,
https://www.luton.gov.uk/planning-building-control/planning/conservation-design-natural-environment/find-tree-preservation-order/tree-preservation-order-tpo-e107192,page,
https://www.luton.gov.uk/planning-building-control/planning/conservation-design-natural-environment/find-tree-preservation-order/tree-preservation-order-tpo-e107003,page,
https://www.luton.gov.uk/planning-building-control/planning/conservation-design-natural-environment/find-tree-preservation-order/tree-preservation-order-tpo-e107002,page,
https://www.luton.gov.uk/planning-building-control/planning/conservation-design-natural-environment/find-tree-preservation-order/tree-preservation-order-tpo-e107001,page,
https://www.luton.gov.uk/planning-building-control/building-control,page,
https://www.luton.gov.uk/planning-building-control/building-control/safety-sports-grounds,page,
https://www.luton.gov.uk/planning-building-control/building-control/demolitions-dangerous-structures,page,
https://www.luton.gov.uk/planning-building-control/building-control/dutyholders,page,
https://www.luton.gov.uk/planning-building-control/building-control/small-builders-contractors,page,
https://www.luton.gov.uk/planning-building-control/building-control/local-authority-building-control-partnership-scheme,page,
https://www.luton.gov.uk/planning-building-control/building-control/building-control-inspection-schedule,page,
https://www.luton.gov.uk/planning-building-control/building-control/demolitions-dangerous-structures/dangerous-structures,page,
https://www.luton.gov.uk/community-environment/your-environment/noise/construction-demolition-sites,page,
https://www.luton.gov.uk/planning-building-control/building-control/local-authority-building-control-partnership-scheme/specialist-contractors,page,
https://www.luton.gov.uk/planning-building-control/building-control/building-control-inspection-schedule/domestic-electrical-wiring,page,
https://www.luton.gov.uk/planning-building-control/building-control/building-control-inspection-schedule/replacement-windowsnot-replacement-glazing,page,
https://www.luton.gov.uk/planning-building-control/building-control/building-control-inspection-schedule/alterations-extend-or-create-basement,page,
https://www.luton.gov.uk/planning-building-control/building-control/building-control-inspection-schedule/erection-new-houses-block-flats-or-maisonettes,page,
https://www.luton.gov.uk/planning-building-control/building-control/building-control-inspection-schedule/erection-or-extension-single-storey-garage-or-carport,page,
https://www.luton.gov.uk/planning-building-control/building-control/building-control-inspection-schedule/new-bathroom-or-cloakroom,page,
https://www.luton.gov.uk/community-environment/your-environment/noise/legal-action-you-can-take-about-noise,page,
https://www.luton.gov.uk/community-environment/your-environment/noise/noise-outdoor-events,page,
https://www.luton.gov.uk/community-environment/your-environment/noise/noise-pubs-clubs-other-venues,page,
https://www.luton.gov.uk/community-environment/your-environment/noise/register-your-burglar-alarm,page,
https://www.luton.gov.uk/community-environment/your-environment/noise/when-noise-assessment-may-be-required,page,
https://www.luton.gov.uk/community-environment/your-environment/noise/understanding-dog-barking,page,
https://www.luton.gov.uk/community-environment/your-environment/noise/when-fireworks-can-legally-be-used,page,
https://www.luton.gov.uk/community-environment/your-environment/noise/talking-your-neighbour-about-noise,page,
https://www.luton.gov.uk/sites/default/files/2025-12/0-agenda.pdf,pdf,https://www.luton.gov.uk/parking-streets-transport/travel-transport/local-access-forum/local-access-forum-papers-agendas-minutes
https://assets.publishing.service.gov.uk/media/5a756b9ee5274a3edd9a4c79/2127793.pdf,pdf,https://www.luton.gov.uk/planning-building-control/planning/conservation-design-natural-environment/tree-preservation-orders
https://www.luton.gov.uk/sites/default/files/2025-12/3-tor.pdf,pdf,https://www.luton.gov.uk/parking-streets-transport/travel-transport/local-access-forum/local-access-forum-papers-agendas-minutes
https://www.luton.gov.uk/sites/default/files/2025-12/4-rowip-paper.pdf,pdf,https://www.luton.gov.uk/parking-streets-transport/travel-transport/local-access-forum/local-access-forum-papers-agendas-minutes
https://www.luton.gov.uk/sites/default/files/2025-12/5-1-public-path-diversion-order-north-newlands-road.pdf,pdf,https://www.luton.gov.uk/parking-streets-transport/travel-transport/local-access-forum/local-access-forum-papers-agendas-minutes
https://www.luton.gov.uk/sites/default/files/2025-12/5-public-path-diversion-order-paper.pdf,pdf,https://www.luton.gov.uk/parking-streets-transport/travel-transport/local-access-forum/local-access-forum-papers-agendas-minutes
https://www.luton.gov.uk/sites/default/files/2025-12/6-definitive-map-modification-order-paper.pdf,pdf,https://www.luton.gov.uk/parking-streets-transport/travel-transport/local-access-forum/local-access-forum-papers-agendas-minutes
https://www.luton.gov.uk/sites/default/files/2025-12/7-landowner-register-paper.pdf,pdf,https://www.luton.gov.uk/parking-streets-transport/travel-transport/local-access-forum/local-access-forum-papers-agendas-minutes
https://www.luton.gov.uk/sites/default/files/2025-12/8-forward-work-programme-draft.pdf,pdf,https://www.luton.gov.uk/parking-streets-transport/travel-transport/local-access-forum/local-access-forum-papers-agendas-minutes
https://www.luton.gov.uk/sites/default/files/2026-01/Abigail%20Close%20path%20%28L180%29.pdf,pdf,https://www.luton.gov.uk/parking-streets-transport/rights-way-accessing-land/find-public-right-way/biscot-ward-modification-order-may-2025
https://www.luton.gov.uk/system/files/file-visibility/migrated/Health_and_social_care/Lists/LutonDocuments/PDF/Adopt-east-peer-support-line.pdf,pdf,https://www.luton.gov.uk/health-social-care/children-young-people-families/adoption-fostering/adoption/adoption-process
https://www.luton.gov.uk/sites/default/files/2025-12/Advice-on-planning-bute-street.pdf,pdf,https://www.luton.gov.uk/parking-streets-transport/travel-transport/local-access-forum/local-access-forum-papers-agendas-minutes
https://www.luton.gov.uk/sites/default/files/2025-12/Advice-on-planning-power-court.pdf,pdf,https://www.luton.gov.uk/parking-streets-transport/travel-transport/local-access-forum/local-access-forum-papers-agendas-minutes
https://www.luton.gov.uk/sites/default/files/2026-03/Agreed%20Academic%20Calendar%202026-27.pdf,pdf,https://www.luton.gov.uk/schools-education/schools-colleges/appeals-policies-arrangements-schools/community-schools-admission-appeal-arrangements
https://www.luton.gov.uk/sites/default/files/2026-02/Allotment-tenancy-agreement_0_0.pdf,pdf,https://www.luton.gov.uk/leisure-parks-culture/parks-recreation/allotment-gardening-luton
https://www.luton.gov.uk/sites/default/files/2026-02/Application-for-Hedgerow-Removal-Notice-guidance_0.pdf,pdf,https://www.luton.gov.uk/planning-building-control/planning/get-planning-permission/planning-application-forms-biodiversity-validation-guidance/trees-hedgerow-forms
https://www.luton.gov.uk/sites/default/files/migrated/Council_government_and_democracy/Lists/LutonDocuments/PDF/Voting%20and%20elections/Election-2023/Barnfield-count.pdf,pdf,https://www.luton.gov.uk/council-elections/elections-voting/election-results/local-election-results/local-election-results-2023/barnfield
https://www.luton.gov.uk/sites/default/files/2026-01/Bath%20Road%20%28L181%29.pdf,pdf,https://www.luton.gov.uk/parking-streets-transport/rights-way-accessing-land/find-public-right-way/biscot-ward-modification-order-may-2025
https://www.luton.gov.uk/sites/default/files/2026-01/Beech%20Hill%20ward%20-%20proposed%20routes%20%28L103%29.pdf,pdf,https://www.luton.gov.uk/parking-streets-transport/rights-way-accessing-land/find-public-right-way/beech-hill-ward-modification-order-may-2025
https://www.luton.gov.uk/sites/default/files/2026-01/Beech%20Hill%20ward%20-%20proposed%20routes.pdf,pdf,https://www.luton.gov.uk/parking-streets-transport/rights-way-accessing-land/find-public-right-way/beech-hill-ward-modification-order-may-2025
https://www.luton.gov.uk/system/files/file-visibility/migrated/Council_government_and_democracy/Lists/LutonDocuments/PDF/Voting%20and%20elections/Election-2023/Beech-hill-count.pdf,pdf,https://www.luton.gov.uk/council-elections/elections-voting/election-results/local-election-results/local-election-results-2023/beech-hill
https://www.luton.gov.uk/sites/default/files/2026-01/Biscot%20ward%20proposed%20routes.pdf,pdf,https://www.luton.gov.uk/parking-streets-transport/rights-way-accessing-land/find-public-right-way/biscot-ward-modification-order-may-2025
https://www.luton.gov.uk/system/files/file-visibility/migrated/Council_government_and_democracy/Lists/LutonDocuments/PDF/Voting%20and%20elections/Election-2023/Biscot-count.pdf,pdf,https://www.luton.gov.uk/council-elections/elections-voting/election-results/local-election-results/local-election-results-2023/biscot
https://www.luton.gov.uk/system/files/file-visibility/migrated/Council_government_and_democracy/Lists/LutonDocuments/PDF/Voting%20and%20elections/Election-2023/Bramingham-count.pdf,pdf,https://www.luton.gov.uk/council-elections/elections-voting/election-results/local-election-results/local-election-results-2023/bramingham
https://www.luton.gov.uk/system/files/file-visibility/migrated/Council_government_and_democracy/Lists/LutonDocuments/PDF/Voting%20and%20elections/Election-2023/Central-count.pdf,pdf,https://www.luton.gov.uk/council-elections/elections-voting/election-results/local-election-results/local-election-results-2023/central
https://www.luton.gov.uk/system/files/file-visibility/migrated/Council_government_and_democracy/Lists/LutonDocuments/PDF/Voting%20and%20elections/Election-2023/Challney-count.pdf,pdf,https://www.luton.gov.uk/council-elections/elections-voting/election-results/local-election-results/local-election-results-2023/challney
https://www.luton.gov.uk/sites/default/files/2026-04/Charging%20policy%20for%20non%20residential%20services%202026-27_0.pdf,pdf,https://www.luton.gov.uk/health-social-care/adult-social-care/paying-your-care/paying-non-residential-care-support
https://www.luton.gov.uk/sites/default/files/2026-01/Chiltern%20Green%20CA16%20application%20form-%20redacted.pdf,pdf,https://www.luton.gov.uk/parking-streets-transport/rights-way-accessing-land/landowners-statement-declarations/register-statements-declarations-1-october-2013
https://www.luton.gov.uk/sites/default/files/migrated/Environment/Lists/LutonDocuments/PDF/Planning/Development%20Control/Conservation-areas-planning-advice-and-guidance-leaflet.pdf,pdf,https://www.luton.gov.uk/planning-building-control/planning/conservation-design-natural-environment/conservation-areas
https://www.luton.gov.uk/sites/default/files/2026-01/Copt%20Hall%20and%20Someries%20Farm%20%28TL122203%29.pdf,pdf,https://www.luton.gov.uk/parking-streets-transport/rights-way-accessing-land/landowners-statement-declarations/register-statements-declarations-1-october-2013
https://www.luton.gov.uk/sites/default/files/2026-06/Council%20Tax%20Exceptional%20Hardship%20scheme%202026%20to%202027.pdf,pdf,https://www.luton.gov.uk/benefits-financial-help/additional-financial-support/council-tax-exceptional-hardship
https://www.luton.gov.uk/sites/default/files/2025-12/CycleMap.pdf,pdf,https://www.luton.gov.uk/parking-streets-transport/travel-transport/cycling
https://www.luton.gov.uk/system/files/file-visibility/migrated/Council_government_and_democracy/Lists/LutonDocuments/PDF/Voting%20and%20elections/Election-2023/Dallow-count.pdf,pdf,https://www.luton.gov.uk/council-elections/elections-voting/election-results/local-election-results/local-election-results-2023/dallow
https://www.luton.gov.uk/sites/default/files/migrated/Health_and_social_care/Lists/LutonDocuments/PDF/Deferred-payment-policy-2025-26.pdf,pdf,https://www.luton.gov.uk/health-social-care/adult-social-care/paying-your-care/deferred-payment-agreements-care-home-fees
https://www.luton.gov.uk/sites/default/files/2026-01/Disciplinary-procedure.pdf,pdf,https://www.luton.gov.uk/council-elections/councillors-committees/constitution-how-decisions-are-made
https://www.luton.gov.uk/sites/default/files/2026-01/Dorrington%20Close%20Area%20%28L274%20to%20L279%29.pdf,pdf,https://www.luton.gov.uk/parking-streets-transport/rights-way-accessing-land/find-public-right-way/biscot-ward-modification-order-may-2025
https://www.luton.gov.uk/sites/default/files/2026-01/Dunstable%20Close%20path%20%E2%80%93%20proposed%20routes%20%28DC107%29.pdf,pdf,https://www.luton.gov.uk/parking-streets-transport/rights-way-accessing-land/find-public-right-way/beech-hill-ward-modification-order-may-2025
https://www.luton.gov.uk/system/files/file-visibility/2026-03/Effective%20Relationship%20and%20Health%20Education%20%28RHE%29%20Consultation.pdf,pdf,https://www.luton.gov.uk/schools-education/schools-colleges/curriculum-guidance/relationships-education/further-guidance-primary-relationships-health-education-rhe
https://www.luton.gov.uk/sites/default/files/2026-03/FIS-provider-agreement-appendix-2.pdf,pdf,https://www.luton.gov.uk/health-social-care/children-young-people-families/family-support/family-information-service-fis/luton-provider-agreement
https://www.luton.gov.uk/sites/default/files/2026-06/Fostering%20training%20brochure%202026-2027.pdf,pdf,https://www.luton.gov.uk/health-social-care/children-young-people-families/adoption-fostering/fostering/foster-care-support-training-celebration-benefits
https://www.luton.gov.uk/system/files/file-visibility/2026-03/Funded%20childcare%20providers%20Offering%202%20year%20funding%2C%203%20and%204%20year%20funding%2C%2030%20hours%20or%20Tax%20Free%20Childcare.pdf,pdf,https://www.luton.gov.uk/schools-education/early-years-education-childcare/childcare/help-childcare-costs/golden-tickets-funded-childcare
https://www.luton.gov.uk/sites/default/files/2026-01/Grievance-resolution-procedure.pdf,pdf,https://www.luton.gov.uk/council-elections/councillors-committees/constitution-how-decisions-are-made
https://www.luton.gov.uk/sites/default/files/migrated/Environment/Lists/LutonDocuments/PDF/Planning/Development%20Control/High-town-conservation-area.pdf,pdf,https://www.luton.gov.uk/planning-building-control/planning/conservation-design-natural-environment/conservation-areas
https://www.luton.gov.uk/system/files/file-visibility/migrated/Council_government_and_democracy/Lists/LutonDocuments/PDF/Voting%20and%20elections/Election-2023/High-town-count.pdf,pdf,https://www.luton.gov.uk/council-elections/elections-voting/election-results/local-election-results/local-election-results-2023/high-town
https://www.luton.gov.uk/sites/default/files/2025-11/Housing%20Benefit%20War%20Pension%20Disregard%20Policy%20%28Modified%20Scheme%29.pdf,pdf,https://www.luton.gov.uk/benefits-financial-help/how-benefits-are-calculated/war-pensions
https://www.luton.gov.uk/sites/default/files/2026-03/In%20App%20Advice%20Fees%20%20-%20New%202025.pdf,pdf,https://www.luton.gov.uk/planning-building-control/planning/get-planning-permission/step-by-step/planning-application-engagement-process-step-step/app-advice-requests
https://www.luton.gov.uk/system/files/file-visibility/migrated/Health_and_social_care/Lists/LutonDocuments/PDF/Children%20and%20Families/Independent-visitors.pdf,pdf,https://www.luton.gov.uk/health-social-care/children-young-people-families/childrens-social-care/children-young-people-care/advocacy-independent-visitors-service
https://www.luton.gov.uk/sites/default/files/2026-05/JSNA%20overview%20health%20social%20care%20needs%202024_1.pdf,pdf,https://www.luton.gov.uk/council-elections/statistics-census-information/luton-joint-strategic-needs-assessment
https://www.luton.gov.uk/sites/default/files/2026-02/Joint%20Special%20Educational%20Needs%20and%20Disabilities%20Strategy%202022%20to%202025.pdf,pdf,https://www.luton.gov.uk/council-elections/strategies-policies-plans/joint-special-educational-needs-disabilities-strategy
https://www.luton.gov.uk/sites/default/files/2026-01/Kingsway%20Park%20area%20%28L167%20to%20L271%29.pdf,pdf,https://www.luton.gov.uk/parking-streets-transport/rights-way-accessing-land/find-public-right-way/beech-hill-ward-modification-order-may-2025
https://www.luton.gov.uk/sites/default/files/migrated/Health_and_social_care/Lists/LutonDocuments/PDF/Fostering/Kinship-carer-leaflet.pdf,pdf,https://www.luton.gov.uk/health-social-care/children-young-people-families/adoption-fostering/fostering/kinship-care
https://www.luton.gov.uk/sites/default/files/2026-01/Land%20North%20of%20Chiltern%20Green%20Map%20accompanying%20a%20notice%20of%20landowner%20deposit%20%28TL%20133208%29.pdf,pdf,https://www.luton.gov.uk/parking-streets-transport/rights-way-accessing-land/landowners-statement-declarations/register-statements-declarations-1-october-2013
https://www.luton.gov.uk/sites/default/files/2026-01/Land%20off%20Weybourne%20Drive%20CA16%20application.pdf,pdf,https://www.luton.gov.uk/parking-streets-transport/rights-way-accessing-land/landowners-statement-declarations/register-statements-declarations-1-october-2013
https://www.luton.gov.uk/sites/default/files/2026-01/Land%20off%20Weybourne%20Drive%20CA17%20notice%20-%20redacted.pdf,pdf,https://www.luton.gov.uk/parking-streets-transport/rights-way-accessing-land/landowners-statement-declarations/register-statements-declarations-1-october-2013
https://www.luton.gov.uk/sites/default/files/2026-01/Land%20off%20Weybourne%20Drive%20declaration%20of%20footpath%20%28TL086025511%29.pdf,pdf,https://www.luton.gov.uk/parking-streets-transport/rights-way-accessing-land/landowners-statement-declarations/register-statements-declarations-1-october-2013
https://www.luton.gov.uk/sites/default/files/2026-01/Land%20off%20Weybourne%20Drive%20land%20not%20dedicated%20as%20common%20land%20%28TL08602551%29.pdf,pdf,https://www.luton.gov.uk/parking-streets-transport/rights-way-accessing-land/landowners-statement-declarations/register-statements-declarations-1-october-2013
https://www.luton.gov.uk/sites/default/files/2026-01/Langley%20Place%20explanatory%20statement.pdf,pdf,https://www.luton.gov.uk/parking-streets-transport/rights-way-accessing-land/find-public-right-way/langley-place-footpath
https://www.luton.gov.uk/sites/default/files/2026-01/Langley%20Place%20footpath%20certified%20confirmed%20order.pdf,pdf,https://www.luton.gov.uk/parking-streets-transport/rights-way-accessing-land/find-public-right-way/langley-place-footpath
https://www.luton.gov.uk/sites/default/files/2026-01/Langley%20Place%20footpath%20notice%20of%20order.pdf,pdf,https://www.luton.gov.uk/parking-streets-transport/rights-way-accessing-land/find-public-right-way/langley-place-footpath
https://www.luton.gov.uk/sites/default/files/2026-01/Langley%20Place%20order%20signed%20and%20sealed.pdf,pdf,https://www.luton.gov.uk/parking-streets-transport/rights-way-accessing-land/find-public-right-way/langley-place-footpath
https://www.luton.gov.uk/sites/default/files/2026-01/Langley%20Place%20site%20notice.pdf,pdf,https://www.luton.gov.uk/parking-streets-transport/rights-way-accessing-land/find-public-right-way/langley-place-footpath
https://www.luton.gov.uk/system/files/file-visibility/migrated/Council_government_and_democracy/Lists/LutonDocuments/PDF/Voting%20and%20elections/Election-2023/Leagrave-count.pdf,pdf,https://www.luton.gov.uk/council-elections/elections-voting/election-results/local-election-results/local-election-results-2023/leagrave
https://www.luton.gov.uk/system/files/file-visibility/migrated/Health_and_social_care/Lists/LutonDocuments/PDF/Leaving-care-financial-policy-and-guidance.pdf,pdf,https://www.luton.gov.uk/health-social-care/children-young-people-families/childrens-social-care/care-leavers-local-offer/money-financial-support-care-leavers
https://www.luton.gov.uk/system/files/file-visibility/migrated/Council_government_and_democracy/Lists/LutonDocuments/PDF/Voting%20and%20elections/Election-2023/Lewsey-count.pdf,pdf,https://www.luton.gov.uk/council-elections/elections-voting/election-results/local-election-results/local-election-results-2023/lewsey
https://www.luton.gov.uk/sites/default/files/2026-05/Local%20Plan%20Notice%20of%20Commencement%20with%20map.pdf,pdf,https://www.luton.gov.uk/planning-building-control/planning/luton-local-plan/new-local-plan
https://www.luton.gov.uk/sites/default/files/2025-11/Local%20Welfare%20Assistance%20Scheme.pdf,pdf,https://www.luton.gov.uk/benefits-financial-help/additional-financial-support/if-you-are-severe-financial-hardship
https://www.luton.gov.uk/sites/default/files/2026-05/Local%20plan%20timetable_0.pdf,pdf,https://www.luton.gov.uk/planning-building-control/planning/luton-local-plan/new-local-plan
https://www.luton.gov.uk/system/files/file-visibility/2026-03/Looked-after-children-pledge-11-to-14-years.PDF,pdf,https://www.luton.gov.uk/health-social-care/children-young-people-families/childrens-social-care/children-young-people-care/looked-after-young-people/pledge
https://www.luton.gov.uk/system/files/file-visibility/2026-03/Looked-after-children-pledge-15-to-18-years.PDF,pdf,https://www.luton.gov.uk/health-social-care/children-young-people-families/childrens-social-care/children-young-people-care/looked-after-young-people/pledge
https://www.luton.gov.uk/system/files/file-visibility/2026-03/Looked-after-children-pledge-disabilities.PDF,pdf,https://www.luton.gov.uk/health-social-care/children-young-people-families/childrens-social-care/children-young-people-care/looked-after-young-people/pledge
https://www.luton.gov.uk/system/files/file-visibility/2026-03/Looked-after-children-pledge-under-10s.PDF,pdf,https://www.luton.gov.uk/health-social-care/children-young-people-families/childrens-social-care/children-young-people-care/looked-after-young-people/pledge
https://www.luton.gov.uk/sites/default/files/2026-03/Luton%20LAF%20Advice%20-%20SUO9407152%20-%20Wandon%20Park%20Paths%20-%2020%20January%202026.pdf,pdf,https://www.luton.gov.uk/parking-streets-transport/travel-transport/local-access-forum/local-access-forum-papers-agendas-minutes
https://www.luton.gov.uk/sites/default/files/2026-03/Luton%20LAF%20Comments%20on%20Open%20Space%20Strategy%20and%20Green%20Blue%20Infrastructure%20Studies%20-%2010%20February%202026.pdf,pdf,https://www.luton.gov.uk/parking-streets-transport/travel-transport/local-access-forum/local-access-forum-papers-agendas-minutes
https://www.luton.gov.uk/sites/default/files/2026-03/Luton%20LAF%20Feedback%20on%20Draft%20LTP5%20-%203%20March%202026.pdf,pdf,https://www.luton.gov.uk/parking-streets-transport/travel-transport/local-access-forum/local-access-forum-papers-agendas-minutes
https://www.luton.gov.uk/sites/default/files/2026-03/Luton%20LAF%20Feedback%20on%20Local%20Transport%20Plan%20%28LTP5%29%20-%2012%20March%202025.pdf,pdf,https://www.luton.gov.uk/parking-streets-transport/travel-transport/local-access-forum/local-access-forum-papers-agendas-minutes
https://www.luton.gov.uk/sites/default/files/2026-03/Luton%20LAF%20Feedback%20on%20Luton%20Local%20Plan%20%28LLP%29%20-%2012%20March%202025.pdf,pdf,https://www.luton.gov.uk/parking-streets-transport/travel-transport/local-access-forum/local-access-forum-papers-agendas-minutes
https://www.luton.gov.uk/sites/default/files/2026-03/Luton%20Local%20Access%20Forum%20Agenda%20meeting%207.pdf,pdf,https://www.luton.gov.uk/parking-streets-transport/travel-transport/local-access-forum/local-access-forum-papers-agendas-minutes
https://www.luton.gov.uk/sites/default/files/2026-03/Luton%20Local%20Access%20Forum%20Meeting%206%2C%20minutes.pdf,pdf,https://www.luton.gov.uk/parking-streets-transport/travel-transport/local-access-forum/local-access-forum-papers-agendas-minutes
https://www.luton.gov.uk/system/files/file-visibility/2026-03/Luton%20primary%20RHE%20resources%20quality%20assurance.pdf,pdf,https://www.luton.gov.uk/schools-education/schools-colleges/curriculum-guidance/relationships-education/further-guidance-primary-relationships-health-education-rhe
https://www.luton.gov.uk/sites/default/files/2025-12/Luton-Bus-Map.PDF,pdf,https://www.luton.gov.uk/parking-streets-transport/travel-transport/buses-minibuses/buses/plan-bus-journey-bus-timetables
https://www.luton.gov.uk/sites/default/files/2026-01/Luton-Enhanced-Partnership-Scheme.pdf,pdf,https://www.luton.gov.uk/parking-streets-transport/travel-transport/buses-minibuses/luton-bus-service-improvement-plan-enhanced-partnership
https://www.luton.gov.uk/sites/default/files/migrated/Environment/Lists/LutonDocuments/PDF/Planning/Development%20Control/Luton-south-conservation-area.pdf,pdf,https://www.luton.gov.uk/planning-building-control/planning/conservation-design-natural-environment/conservation-areas
https://www.luton.gov.uk/system/files/file-visibility/migrated/Health_and_social_care/Lists/LutonDocuments/PDF/Luton-transition-to-adulthood-for-independence.pdf,pdf,https://www.luton.gov.uk/health-social-care/children-young-people-families/childrens-social-care/care-leavers-local-offer/education-training-employment-care-leavers
https://www.luton.gov.uk/sites/default/files/2026-01/Lynwood%20Avenue%20CA16%20application%20form.pdf,pdf,https://www.luton.gov.uk/parking-streets-transport/rights-way-accessing-land/landowners-statement-declarations/register-statements-declarations-1-october-2013
https://www.luton.gov.uk/sites/default/files/2026-01/Lynwood%20Avenue%20Plan%20%28TL0923%20and%20TL1023%29.pdf,pdf,https://www.luton.gov.uk/parking-streets-transport/rights-way-accessing-land/landowners-statement-declarations/register-statements-declarations-1-october-2013
https://www.luton.gov.uk/sites/default/files/2026-01/Marlborough%20Path%20%28L112%29.pdf,pdf,https://www.luton.gov.uk/parking-streets-transport/rights-way-accessing-land/find-public-right-way/biscot-ward-modification-order-may-2025
https://www.luton.gov.uk/sites/default/files/2026-05/Members%20Allowances%202024-2025_2.pdf,pdf,https://www.luton.gov.uk/council-elections/councillors-committees/local-councillors/councillors-allowances-expenses
https://www.luton.gov.uk/sites/default/files/2026-05/Members%20Allowances%20Statement%2025-26_0.pdf,pdf,https://www.luton.gov.uk/council-elections/councillors-committees/local-councillors/councillors-allowances-expenses
https://www.luton.gov.uk/sites/default/files/2026-01/Members_expenses_2023_2024.pdf,pdf,https://www.luton.gov.uk/council-elections/councillors-committees/local-councillors/councillors-allowances-expenses
https://www.luton.gov.uk/sites/default/files/2026-01/Montrose%20Path%20%28L182%29.pdf,pdf,https://www.luton.gov.uk/parking-streets-transport/rights-way-accessing-land/find-public-right-way/biscot-ward-modification-order-may-2025
https://www.luton.gov.uk/sites/default/files/2026-01/Newark%20road%20path%20%28L111%29.pdf,pdf,https://www.luton.gov.uk/parking-streets-transport/rights-way-accessing-land/find-public-right-way/beech-hill-ward-modification-order-may-2025
https://www.luton.gov.uk/sites/default/files/2026-02/Noise-control-at-outdoor-events-with-music.pdf,pdf,https://www.luton.gov.uk/leisure-parks-culture/planning-organising-event/noise-control
https://www.luton.gov.uk/sites/default/files/2026-02/Noise-control-at-outdoor-events_0.pdf,pdf,https://www.luton.gov.uk/leisure-parks-culture/planning-organising-event/noise-control
https://www.luton.gov.uk/system/files/file-visibility/migrated/Council_government_and_democracy/Lists/LutonDocuments/PDF/Voting%20and%20elections/Election-2023/Northwell-count.pdf,pdf,https://www.luton.gov.uk/council-elections/elections-voting/election-results/local-election-results/local-election-results-2023/northwell
https://www.luton.gov.uk/system/files/file-visibility/migrated/Council_government_and_democracy/Lists/LutonDocuments/PDF/Voting%20and%20elections/PCC-2024/PARO-Bedfordshire-result.pdf,pdf,https://www.luton.gov.uk/council-elections/elections-voting/election-results/police-crime-commissioner-election-results/police-crime-commissioner-pcc-elections-2024
https://www.luton.gov.uk/sites/default/files/2026-02/Parent-governor-representatives-election-notification.pdf,pdf,https://www.luton.gov.uk/council-elections/elections-voting/election-results/parent-governor-bid-ballots
https://www.luton.gov.uk/sites/default/files/2026-06/Part%204A%20-%20Code%20of%20Conduct%20for%20Members.pdf,pdf,https://www.luton.gov.uk/council-elections/councillors-committees/make-complaint-about-conduct-councillor
https://www.luton.gov.uk/sites/default/files/2026-06/Part%204B%20-%20Scheme%20of%20Members%20Allowances.pdf,pdf,https://www.luton.gov.uk/council-elections/councillors-committees/constitution-how-decisions-are-made
https://www.luton.gov.uk/sites/default/files/2026-01/Part-1-introduction.pdf,pdf,https://www.luton.gov.uk/council-elections/councillors-committees/constitution-how-decisions-are-made
https://www.luton.gov.uk/sites/default/files/2026-01/Part-2-A-articles-of-the-constitution.pdf,pdf,https://www.luton.gov.uk/council-elections/councillors-committees/constitution-how-decisions-are-made
https://www.luton.gov.uk/sites/default/files/2026-01/Part-2-B-responsibility-for-functions.pdf,pdf,https://www.luton.gov.uk/council-elections/councillors-committees/constitution-how-decisions-are-made
https://www.luton.gov.uk/sites/default/files/2026-01/Part-3-B-banking-and-cash-handling-procedures.pdf,pdf,https://www.luton.gov.uk/council-elections/councillors-committees/constitution-how-decisions-are-made
https://www.luton.gov.uk/sites/default/files/2026-01/Part-3-B-financial-management-and-planning.pdf,pdf,https://www.luton.gov.uk/council-elections/councillors-committees/constitution-how-decisions-are-made
https://www.luton.gov.uk/sites/default/files/2026-01/Part-3-B-financial-regulations.pdf,pdf,https://www.luton.gov.uk/council-elections/councillors-committees/constitution-how-decisions-are-made
https://www.luton.gov.uk/sites/default/files/2026-01/Part-3-B-financial-systems-and-procedures.pdf,pdf,https://www.luton.gov.uk/council-elections/councillors-committees/constitution-how-decisions-are-made
https://www.luton.gov.uk/sites/default/files/2026-01/Part-3-B-partnerships-and-external-arrangements.pdf,pdf,https://www.luton.gov.uk/council-elections/councillors-committees/constitution-how-decisions-are-made
https://www.luton.gov.uk/sites/default/files/2026-01/Part-3-B-risk-management-and-controls.pdf,pdf,https://www.luton.gov.uk/council-elections/councillors-committees/constitution-how-decisions-are-made
https://www.luton.gov.uk/sites/default/files/2026-01/Part-3a-standing-orders.pdf,pdf,https://www.luton.gov.uk/council-elections/councillors-committees/constitution-how-decisions-are-made
https://www.luton.gov.uk/sites/default/files/2026-01/Part-4-C-protocol-for-member-and-officer-relations.pdf,pdf,https://www.luton.gov.uk/council-elections/councillors-committees/constitution-how-decisions-are-made
https://www.luton.gov.uk/sites/default/files/2026-01/Part-5-A-statutory-and-proper-officers.pdf,pdf,https://www.luton.gov.uk/council-elections/councillors-committees/constitution-how-decisions-are-made
https://www.luton.gov.uk/sites/default/files/2026-01/Part-5-B-scheme-of-delegation-to-officers.pdf,pdf,https://www.luton.gov.uk/council-elections/councillors-committees/constitution-how-decisions-are-made
https://www.luton.gov.uk/sites/default/files/2026-01/Part-6-A-protocols-and-conventions.pdf,pdf,https://www.luton.gov.uk/council-elections/councillors-committees/constitution-how-decisions-are-made
https://www.luton.gov.uk/sites/default/files/2026-01/Part-6-B-code-of-conduct-for-employees.pdf,pdf,https://www.luton.gov.uk/council-elections/councillors-committees/constitution-how-decisions-are-made
https://www.luton.gov.uk/sites/default/files/2026-01/Part-6-C-whistle-blowing-policy.pdf,pdf,https://www.luton.gov.uk/council-elections/councillors-committees/constitution-how-decisions-are-made
https://www.luton.gov.uk/sites/default/files/migrated/Environment/Lists/LutonDocuments/PDF/Planning/Development%20Control/Plaiters-Lea-The-Hat-District-boundary.pdf,pdf,https://www.luton.gov.uk/planning-building-control/planning/conservation-design-natural-environment/conservation-areas
https://www.luton.gov.uk/sites/default/files/migrated/Environment/Lists/LutonDocuments/PDF/Planning/Development%20Control/Plaiters-lea-conservation-area.pdf,pdf,https://www.luton.gov.uk/planning-building-control/planning/conservation-design-natural-environment/conservation-areas
https://www.luton.gov.uk/sites/default/files/2026-02/Planning%20and%20noise%20guide_0_0.pdf,pdf,https://www.luton.gov.uk/community-environment/your-environment/noise/construction-demolition-sites
https://www.luton.gov.uk/system/files/file-visibility/migrated/Council_government_and_democracy/Lists/LutonDocuments/PDF/Voting%20and%20elections/Election-2023/Poets-count.pdf,pdf,https://www.luton.gov.uk/council-elections/elections-voting/election-results/local-election-results/local-election-results-2023/poets
https://www.luton.gov.uk/sites/default/files/2026-09/Possible-vacancies-year-10_2.pdf,pdf,https://www.luton.gov.uk/schools-education/schools-colleges/apply-transfer-or-change-schools/step-by-step/change-your-childs-school-year-step-step/you-apply-change-schools
https://www.luton.gov.uk/sites/default/files/2026-09/Possible-vacancies-year-11_2.pdf,pdf,https://www.luton.gov.uk/schools-education/schools-colleges/apply-transfer-or-change-schools/step-by-step/change-your-childs-school-year-step-step/you-apply-change-schools
https://www.luton.gov.uk/sites/default/files/2026-09/Possible-vacancies-year-1_2.pdf,pdf,https://www.luton.gov.uk/schools-education/schools-colleges/apply-transfer-or-change-schools/step-by-step/change-your-childs-school-year-step-step/you-apply-change-schools
https://www.luton.gov.uk/sites/default/files/2026-09/Possible-vacancies-year-2_3.pdf,pdf,https://www.luton.gov.uk/schools-education/schools-colleges/apply-transfer-or-change-schools/step-by-step/change-your-childs-school-year-step-step/you-apply-change-schools
https://www.luton.gov.uk/sites/default/files/2026-09/Possible-vacancies-year-3_2.pdf,pdf,https://www.luton.gov.uk/schools-education/schools-colleges/apply-transfer-or-change-schools/step-by-step/change-your-childs-school-year-step-step/you-apply-change-schools
https://www.luton.gov.uk/sites/default/files/2026-09/Possible-vacancies-year-4_2.pdf,pdf,https://www.luton.gov.uk/schools-education/schools-colleges/apply-transfer-or-change-schools/step-by-step/change-your-childs-school-year-step-step/you-apply-change-schools
https://www.luton.gov.uk/sites/default/files/2026-09/Possible-vacancies-year-5_2.pdf,pdf,https://www.luton.gov.uk/schools-education/schools-colleges/apply-transfer-or-change-schools/step-by-step/change-your-childs-school-year-step-step/you-apply-change-schools
https://www.luton.gov.uk/sites/default/files/2026-09/Possible-vacancies-year-6_2.pdf,pdf,https://www.luton.gov.uk/schools-education/schools-colleges/apply-transfer-or-change-schools/step-by-step/change-your-childs-school-year-step-step/you-apply-change-schools
https://www.luton.gov.uk/sites/default/files/2026-09/Possible-vacancies-year-7_2.pdf,pdf,https://www.luton.gov.uk/schools-education/schools-colleges/apply-transfer-or-change-schools/step-by-step/change-your-childs-school-year-step-step/you-apply-change-schools
https://www.luton.gov.uk/sites/default/files/2026-09/Possible-vacancies-year-8_2.pdf,pdf,https://www.luton.gov.uk/schools-education/schools-colleges/apply-transfer-or-change-schools/step-by-step/change-your-childs-school-year-step-step/you-apply-change-schools
https://www.luton.gov.uk/sites/default/files/2026-09/Possible-vacancies-year-9_2.pdf,pdf,https://www.luton.gov.uk/schools-education/schools-colleges/apply-transfer-or-change-schools/step-by-step/change-your-childs-school-year-step-step/you-apply-change-schools
https://www.luton.gov.uk/sites/default/files/2026-09/Possible-vacancies-year-R_2.pdf,pdf,https://www.luton.gov.uk/schools-education/schools-colleges/apply-transfer-or-change-schools/step-by-step/change-your-childs-school-year-step-step/you-apply-change-schools
https://www.luton.gov.uk/sites/default/files/2026-03/Proposed%20resourced%20provision%20at%20Wigmore%20Primary%20School.pdf,pdf,https://www.luton.gov.uk/schools-education/special-educational-needs-disabilities-send/specialist-social-emotional-mental-health-semh-resourced-provision-wigmore-primary-school
https://www.luton.gov.uk/sites/default/files/migrated/Environment/Lists/LutonDocuments/PDF/Public-notice-Luton-indoor-bowls-club.pdf,pdf,https://www.luton.gov.uk/planning-building-control/planning/land-premises/assets-community-value-community-right-bid
https://www.luton.gov.uk/system/files/file-visibility/2026-03/RHE%20primary%20schools%20guide%20for%20parents.pdf,pdf,https://www.luton.gov.uk/schools-education/schools-colleges/curriculum-guidance/relationships-education/further-guidance-primary-relationships-health-education-rhe
https://www.luton.gov.uk/system/files/file-visibility/2026-03/RSHE%20secondary%20schools%20guide%20for%20parents.pdf,pdf,https://www.luton.gov.uk/schools-education/schools-colleges/curriculum-guidance/relationships-education/further-guidance-primary-relationships-health-education-rhe
https://www.luton.gov.uk/sites/default/files/2026-03/Relationships%20and%20health%20education%20query%20flowchart%20.pdf,pdf,https://www.luton.gov.uk/schools-education/schools-colleges/curriculum-guidance/relationships-education/make-query-about-primary-relationships-health-education-rhe
https://www.luton.gov.uk/system/files/file-visibility/2026-03/Relationships%2C%20Sex%20and%20Health%20Education%20%28RSHE%29%20Luton%20Primary%20Schools.pdf,pdf,https://www.luton.gov.uk/schools-education/schools-colleges/curriculum-guidance/relationships-education/further-guidance-primary-relationships-health-education-rhe
https://www.luton.gov.uk/sites/default/files/migrated/Environment/Lists/LutonDocuments/PDF/Planning/Development%20Control/Rothesay-road-conservation-area.pdf,pdf,https://www.luton.gov.uk/planning-building-control/planning/conservation-design-natural-environment/conservation-areas
https://www.luton.gov.uk/system/files/file-visibility/migrated/Council_government_and_democracy/Lists/LutonDocuments/PDF/Voting%20and%20elections/Election-2023/Round-green-count.pdf,pdf,https://www.luton.gov.uk/council-elections/elections-voting/election-results/local-election-results/local-election-results-2023/round-green
https://www.luton.gov.uk/sites/default/files/2025-12/SCA-Dunstable-Road-Beresford-Road-safety-camera-accident-data-form-2018.pdf,pdf,https://www.luton.gov.uk/parking-streets-transport/road-safety/safer-speed-speed-cameras
https://www.luton.gov.uk/sites/default/files/2025-12/SCA-Farley-Hill-safety-camera-accident-data-form-2018.pdf,pdf,https://www.luton.gov.uk/parking-streets-transport/road-safety/safer-speed-speed-cameras
https://www.luton.gov.uk/sites/default/files/2025-12/SCA-Hitchin-Road-safety-camera-accident-data-form-2018.pdf,pdf,https://www.luton.gov.uk/parking-streets-transport/road-safety/safer-speed-speed-cameras
https://www.luton.gov.uk/sites/default/files/2025-12/SCA-Stuart-Street-15-safety-camera-accident-data-form-2018.pdf,pdf,https://www.luton.gov.uk/parking-streets-transport/road-safety/safer-speed-speed-cameras
https://www.luton.gov.uk/sites/default/files/2025-12/SCA-Sundon-Park-Road-safety-camera-accident-data-form-2018.pdf,pdf,https://www.luton.gov.uk/parking-streets-transport/road-safety/safer-speed-speed-cameras
https://www.luton.gov.uk/sites/default/files/2025-12/SCA-Toddington-Road-safety-camera-accident-data-form-2018.pdf,pdf,https://www.luton.gov.uk/parking-streets-transport/road-safety/safer-speed-speed-cameras
https://www.luton.gov.uk/sites/default/files/2026-03/Safety-Certificate.pdf,pdf,https://www.luton.gov.uk/planning-building-control/building-control/safety-sports-grounds
https://www.luton.gov.uk/system/files/file-visibility/migrated/Council_government_and_democracy/Lists/LutonDocuments/PDF/Voting%20and%20elections/Election-2023/Saints-count.pdf,pdf,https://www.luton.gov.uk/council-elections/elections-voting/election-results/local-election-results/local-election-results-2023/saints
https://www.luton.gov.uk/sites/default/files/2026-03/Salt%20Bin%20Schedule.pdf,pdf,https://www.luton.gov.uk/parking-streets-transport/road-street-maintenance-improvements/winter-road-maintenance-gritting/salting-salt-bins
https://www.luton.gov.uk/sites/default/files/2025-11/Self-employed%20earnings%20for%20Council%20Tax%20Reduction.pdf,pdf,https://www.luton.gov.uk/benefits-financial-help/benefit-supporting-documents/supporting-documents-benefit-claim-or-change-circumstances/proof-earnings-benefit-claims
https://www.luton.gov.uk/system/files/file-visibility/migrated/Health_and_social_care/Lists/LutonDocuments/PDF/Children%20and%20Families/Sessional-advocate.pdf,pdf,https://www.luton.gov.uk/health-social-care/children-young-people-families/childrens-social-care/children-young-people-care/advocacy-independent-visitors-service
https://www.luton.gov.uk/sites/default/files/migrated/Council_government_and_democracy/Lists/LutonDocuments/PDF/Corporate%20Finance/Payments/Social%20care%20services%20DD%20form.pdf,pdf,https://www.luton.gov.uk/health-social-care/adult-social-care/paying-your-care/ways-pay-care-support
https://www.luton.gov.uk/system/files/file-visibility/migrated/Council_government_and_democracy/Lists/LutonDocuments/PDF/Voting%20and%20elections/Election-2023/South-count.pdf,pdf,https://www.luton.gov.uk/council-elections/elections-voting/election-results/local-election-results/local-election-results-2023/south
https://www.luton.gov.uk/sites/default/files/2026-01/Stanmore%20Crescen%20and%20Icknield%20Road%20Section%2053.pdf,pdf,https://www.luton.gov.uk/parking-streets-transport/rights-way-accessing-land/find-public-right-way/stanmore-crescent-icknield-road-footpath
https://www.luton.gov.uk/sites/default/files/2026-01/Stanmore%20Crescent%20ad%20Icknield%20Road%20statement%20of%20reasons.pdf,pdf,https://www.luton.gov.uk/parking-streets-transport/rights-way-accessing-land/find-public-right-way/stanmore-crescent-icknield-road-footpath
https://www.luton.gov.uk/sites/default/files/2026-01/Stanmore%20Crescent%20and%20Icknield%20Road%20certified%20confirmed%20order.pdf,pdf,https://www.luton.gov.uk/parking-streets-transport/rights-way-accessing-land/find-public-right-way/stanmore-crescent-icknield-road-footpath
https://www.luton.gov.uk/sites/default/files/2026-01/Stanmore%20Crescent%20and%20Icknield%20Road%20map.pdf,pdf,https://www.luton.gov.uk/parking-streets-transport/rights-way-accessing-land/find-public-right-way/stanmore-crescent-icknield-road-footpath
https://www.luton.gov.uk/sites/default/files/2026-01/Stanmore%20Crescent%20and%20Icknield%20Road%20planning%20inspectorate%20order%20decision.pdf,pdf,https://www.luton.gov.uk/parking-streets-transport/rights-way-accessing-land/find-public-right-way/stanmore-crescent-icknield-road-footpath
https://assets.publishing.service.gov.uk/government/uploads/system/uploads/attachment_data/file/208528/Statutory_guidance_on_children_who_run_away_or_go_missing_from_home_or_care_consultation_-_final.pdf,pdf,https://www.luton.gov.uk/health-social-care/children-young-people-families/childrens-social-care/children-young-people-care/out-area-placement-procedures/safeguarding-children-care-placed-luton
https://www.luton.gov.uk/system/files/file-visibility/migrated/Council_government_and_democracy/Lists/LutonDocuments/PDF/Voting%20and%20elections/Election-2023/Stopsley-count.pdf,pdf,https://www.luton.gov.uk/council-elections/elections-voting/election-results/local-election-results/local-election-results-2023/stopsley
https://www.luton.gov.uk/sites/default/files/2026-01/Streatley%20and%20Luton%20definitive%20map%20modification%20order.pdf,pdf,https://www.luton.gov.uk/parking-streets-transport/rights-way-accessing-land/find-public-right-way/register-modification-requests
https://www.luton.gov.uk/system/files/file-visibility/migrated/Council_government_and_democracy/Lists/LutonDocuments/PDF/Voting%20and%20elections/Election-2023/Sundon-park-count.pdf,pdf,https://www.luton.gov.uk/council-elections/elections-voting/election-results/local-election-results/local-election-results-2023/sundon-park
https://static.luton.gov.uk/Environment/Lists/LutonDocuments/PDF/TPO/TPO_E107001%20Lime%20Avenue%201960_Order.pdf,pdf,https://www.luton.gov.uk/planning-building-control/planning/conservation-design-natural-environment/find-tree-preservation-order/tree-preservation-order-tpo-e107001
https://static.luton.gov.uk/Environment/Lists/LutonDocuments/PDF/TPO/TPO_E107001%20Lime%20Avenue%201960_Plan.PDF,pdf,https://www.luton.gov.uk/planning-building-control/planning/conservation-design-natural-environment/find-tree-preservation-order/tree-preservation-order-tpo-e107001
https://static.luton.gov.uk/Environment/Lists/LutonDocuments/PDF/TPO/TPO_E107002%20Dunstable%20Road%201960_Order.pdf,pdf,https://www.luton.gov.uk/planning-building-control/planning/conservation-design-natural-environment/find-tree-preservation-order/tree-preservation-order-tpo-e107002
https://static.luton.gov.uk/Environment/Lists/LutonDocuments/PDF/TPO/TPO_E107003%20Sundon%20Park%20No.%202%20-%201961_Plan.PDF,pdf,https://www.luton.gov.uk/planning-building-control/planning/conservation-design-natural-environment/find-tree-preservation-order/tree-preservation-order-tpo-e107003
https://static.luton.gov.uk/Environment/Lists/LutonDocuments/PDF/TPO/TPO_E107003%20Sundon%20Park%20No.2%20-%201961_Order.PDF,pdf,https://www.luton.gov.uk/planning-building-control/planning/conservation-design-natural-environment/find-tree-preservation-order/tree-preservation-order-tpo-e107003
https://static.luton.gov.uk/Environment/Lists/LutonDocuments/PDF/TPO/TPO_E107004%20St.%20Saviour's%20Crescent%201969_Plan.PDF,pdf,https://www.luton.gov.uk/planning-building-control/planning/conservation-design-natural-environment/find-tree-preservation-order/tree-preservation-order-tpo-e107004
https://static.luton.gov.uk/Environment/Lists/LutonDocuments/PDF/TPO/TPO_E107005%20Icknield%20Way%201969_Order.pdf,pdf,https://www.luton.gov.uk/planning-building-control/planning/conservation-design-natural-environment/find-tree-preservation-order/tree-preservation-order-tpo-e107005
https://static.luton.gov.uk/Environment/Lists/LutonDocuments/PDF/TPO/TPO_E107005%20Icknield%20Way%201969_Plan.PDF,pdf,https://www.luton.gov.uk/planning-building-control/planning/conservation-design-natural-environment/find-tree-preservation-order/tree-preservation-order-tpo-e107005
https://static.luton.gov.uk/Environment/Lists/LutonDocuments/PDF/TPO/TPO_E107006%20Toddington%20Road%201970_Order.pdf,pdf,https://www.luton.gov.uk/planning-building-control/planning/conservation-design-natural-environment/find-tree-preservation-order/tree-preservation-order-tpo-e107006
https://static.luton.gov.uk/Environment/Lists/LutonDocuments/PDF/TPO/TPO_E107006%20Toddington%20Road%201970_Plan.PDF,pdf,https://www.luton.gov.uk/planning-building-control/planning/conservation-design-natural-environment/find-tree-preservation-order/tree-preservation-order-tpo-e107006
https://static.luton.gov.uk/Environment/Lists/LutonDocuments/PDF/TPO/TPO_E107007%20Sundon%20Park%20Road%201981_Order.PDF,pdf,https://www.luton.gov.uk/planning-building-control/planning/conservation-design-natural-environment/find-tree-preservation-order/tree-preservation-order-tpo-e107007
https://static.luton.gov.uk/Environment/Lists/LutonDocuments/PDF/TPO/TPO_E107007%20Sundon%20Park%20Road%201981_Plan.PDF,pdf,https://www.luton.gov.uk/planning-building-control/planning/conservation-design-natural-environment/find-tree-preservation-order/tree-preservation-order-tpo-e107007
https://static.luton.gov.uk/Environment/Lists/LutonDocuments/PDF/TPO/TPO_E107007%20Sutton%20Gardens%201970_Order.pdf,pdf,https://www.luton.gov.uk/planning-building-control/planning/conservation-design-natural-environment/find-tree-preservation-order/tree-preservation-order-tpo-e107007
https://static.luton.gov.uk/Environment/Lists/LutonDocuments/PDF/TPO/TPO_E107007%20Sutton%20Gardens%201970_Plan.PDF,pdf,https://www.luton.gov.uk/planning-building-control/planning/conservation-design-natural-environment/find-tree-preservation-order/tree-preservation-order-tpo-e107007
https://static.luton.gov.uk/Environment/Lists/LutonDocuments/PDF/TPO/TPO_E107008%20Leagrave%20High%20Street%201970_Order.pdf,pdf,https://www.luton.gov.uk/planning-building-control/planning/conservation-design-natural-environment/find-tree-preservation-order/tree-preservation-order-tpo-e107008
https://static.luton.gov.uk/Environment/Lists/LutonDocuments/PDF/TPO/TPO_E107008%20Leagrave%20High%20Street%201970_Plan.PDF,pdf,https://www.luton.gov.uk/planning-building-control/planning/conservation-design-natural-environment/find-tree-preservation-order/tree-preservation-order-tpo-e107008
https://static.luton.gov.uk/Environment/Lists/LutonDocuments/PDF/TPO/TPO_E107010%20Trinity%20Road%201971_Order.pdf,pdf,https://www.luton.gov.uk/planning-building-control/planning/conservation-design-natural-environment/find-tree-preservation-order/tree-preservation-order-tpo-e107010
https://static.luton.gov.uk/Environment/Lists/LutonDocuments/PDF/TPO/TPO_E107010%20Trinity%20Road%201971_Plan.PDF,pdf,https://www.luton.gov.uk/planning-building-control/planning/conservation-design-natural-environment/find-tree-preservation-order/tree-preservation-order-tpo-e107010
https://static.luton.gov.uk/Environment/Lists/LutonDocuments/PDF/TPO/TPO_E107011%20London%20Road%201971_Order.pdf,pdf,https://www.luton.gov.uk/planning-building-control/planning/conservation-design-natural-environment/find-tree-preservation-order/tree-preservation-order-tpo-e107011
https://static.luton.gov.uk/Environment/Lists/LutonDocuments/PDF/TPO/TPO_E107011%20London%20Road%201971_Plan.PDF,pdf,https://www.luton.gov.uk/planning-building-control/planning/conservation-design-natural-environment/find-tree-preservation-order/tree-preservation-order-tpo-e107011
https://static.luton.gov.uk/Environment/Lists/LutonDocuments/PDF/TPO/TPO_E107014%20Dallow%20Road%20%201971_Plan.PDF,pdf,https://www.luton.gov.uk/planning-building-control/planning/conservation-design-natural-environment/find-tree-preservation-order/tree-preservation-order-tpo-e107014
https://static.luton.gov.uk/Environment/Lists/LutonDocuments/PDF/TPO/TPO_E107015%20Hart%20Hill%201971_Plan.PDF,pdf,https://www.luton.gov.uk/planning-building-control/planning/conservation-design-natural-environment/find-tree-preservation-order/tree-preservation-order-tpo-e107015
https://static.luton.gov.uk/Environment/Lists/LutonDocuments/PDF/TPO/TPO_E107016%20Tenby%20Drive%201971_Plan2.pdf,pdf,https://www.luton.gov.uk/planning-building-control/planning/conservation-design-natural-environment/find-tree-preservation-order/tree-preservation-order-tpo-e107016
https://static.luton.gov.uk/Environment/Lists/LutonDocuments/PDF/TPO/TPO_E107017%20Birdsfoot%20Lane%201973_Plan.PDF,pdf,https://www.luton.gov.uk/planning-building-control/planning/conservation-design-natural-environment/find-tree-preservation-order/tree-preservation-order-tpo-e107017
https://static.luton.gov.uk/Environment/Lists/LutonDocuments/PDF/TPO/TPO_E107018%20Great%20and%20Little%20Bramingham%20Wood%201977_Order.PDF,pdf,https://www.luton.gov.uk/planning-building-control/planning/conservation-design-natural-environment/find-tree-preservation-order/tree-preservation-order-tpo-e107018
https://static.luton.gov.uk/Environment/Lists/LutonDocuments/PDF/TPO/TPO_E107018%20Great%20and%20Little%20Bramingham%20Wood%201977_Plan.PDF,pdf,https://www.luton.gov.uk/planning-building-control/planning/conservation-design-natural-environment/find-tree-preservation-order/tree-preservation-order-tpo-e107018
https://static.luton.gov.uk/Environment/Lists/LutonDocuments/PDF/TPO/TPO_E107019%20New%20Bedford%20Road%201977_Plan.PDF,pdf,https://www.luton.gov.uk/planning-building-control/planning/conservation-design-natural-environment/find-tree-preservation-order/tree-preservation-order-tpo-e107019
https://static.luton.gov.uk/Environment/Lists/LutonDocuments/PDF/TPO/TPO_E107020%20Hitchin%20Road%201977_Order.PDF,pdf,https://www.luton.gov.uk/planning-building-control/planning/conservation-design-natural-environment/find-tree-preservation-order/tree-preservation-order-tpo-e107020
https://static.luton.gov.uk/Environment/Lists/LutonDocuments/PDF/TPO/TPO_E107021%20New%20Bedford%20Road%201978_Plan.PDF,pdf,https://www.luton.gov.uk/planning-building-control/planning/conservation-design-natural-environment/find-tree-preservation-order/tree-preservation-order-tpo-e107021
https://static.luton.gov.uk/Environment/Lists/LutonDocuments/PDF/TPO/TPO_E107022%20Union%20Street%201978_Plan.PDF,pdf,https://www.luton.gov.uk/planning-building-control/planning/conservation-design-natural-environment/find-tree-preservation-order/tree-preservation-order-tpo-e107022
https://static.luton.gov.uk/Environment/Lists/LutonDocuments/PDF/TPO/TPO_E107024%20Conservation%20Area%20No.%201%201981_Plan.PDF,pdf,https://www.luton.gov.uk/planning-building-control/planning/conservation-design-natural-environment/find-tree-preservation-order/tree-preservation-order-tpo-e107024
https://static.luton.gov.uk/Environment/Lists/LutonDocuments/PDF/TPO/TPO_E107025%20Belgrave%20Road%201979_Plan.PDF,pdf,https://www.luton.gov.uk/planning-building-control/planning/conservation-design-natural-environment/find-tree-preservation-order/tree-preservation-order-tpo-e107025
"https://static.luton.gov.uk/Environment/Lists/LutonDocuments/PDF/TPO/TPO_E107026%20Green%20Oaks,%20Fair%20Oak%20Drive%201979_Plan.PDF",pdf,https://www.luton.gov.uk/planning-building-control/planning/conservation-design-natural-environment/find-tree-preservation-order/tree-preservation-order-tpo-e107026
https://static.luton.gov.uk/Environment/Lists/LutonDocuments/PDF/TPO/TPO_E107027%20Clarendon%20Road%201980_Order.PDF,pdf,https://www.luton.gov.uk/planning-building-control/planning/conservation-design-natural-environment/find-tree-preservation-order/tree-preservation-order-tpo-e107027
https://static.luton.gov.uk/Environment/Lists/LutonDocuments/PDF/TPO/TPO_E107027%20Clarendon%20Road%201980_Plan.PDF,pdf,https://www.luton.gov.uk/planning-building-control/planning/conservation-design-natural-environment/find-tree-preservation-order/tree-preservation-order-tpo-e107028
https://static.luton.gov.uk/Environment/Lists/LutonDocuments/PDF/TPO/TPO_E107028%20Dunstable%20Road%201980_Plan.PDF,pdf,https://www.luton.gov.uk/planning-building-control/planning/conservation-design-natural-environment/find-tree-preservation-order/tree-preservation-order-tpo-e107030
https://static.luton.gov.uk/Environment/Lists/LutonDocuments/PDF/TPO/TPO_E107029%20Cannon%20Lane%201980_Plan.PDF,pdf,https://www.luton.gov.uk/planning-building-control/planning/conservation-design-natural-environment/find-tree-preservation-order/tree-preservation-order-tpo-e107029
https://static.luton.gov.uk/Environment/Lists/LutonDocuments/PDF/TPO/TPO_E107032%20Maidenhall%20Road%201981_Plan.PDF,pdf,https://www.luton.gov.uk/planning-building-control/planning/conservation-design-natural-environment/find-tree-preservation-order/tree-preservation-order-tpo-e107032
https://static.luton.gov.uk/Environment/Lists/LutonDocuments/PDF/TPO/TPO_E107033%20Grange%20Avenue%201981_Plan.PDF,pdf,https://www.luton.gov.uk/planning-building-control/planning/conservation-design-natural-environment/find-tree-preservation-order/tree-preservation-order-tpo-e107033
https://static.luton.gov.uk/Environment/Lists/LutonDocuments/PDF/TPO/TPO_E107034%20Crawley%20Green%20Road%201981_Plan.PDF,pdf,https://www.luton.gov.uk/planning-building-control/planning/conservation-design-natural-environment/find-tree-preservation-order/tree-preservation-order-tpo-e107034
https://static.luton.gov.uk/Environment/Lists/LutonDocuments/PDF/TPO/TPO_E107035%20Gooseberry%20Hill%201982_Plan.PDF,pdf,https://www.luton.gov.uk/planning-building-control/planning/conservation-design-natural-environment/find-tree-preservation-order/tree-preservation-order-tpo-e107035
https://static.luton.gov.uk/Environment/Lists/LutonDocuments/PDF/TPO/TPO_E107036%20Grasmere%20Road%201981_Plan.PDF,pdf,https://www.luton.gov.uk/planning-building-control/planning/conservation-design-natural-environment/find-tree-preservation-order/tree-preservation-order-tpo-e107036
https://static.luton.gov.uk/Environment/Lists/LutonDocuments/PDF/TPO/TPO_E107038%20Toddington%20Road%201981_Order.PDF,pdf,https://www.luton.gov.uk/planning-building-control/planning/conservation-design-natural-environment/find-tree-preservation-order/tree-preservation-order-tpo-e107038
https://static.luton.gov.uk/Environment/Lists/LutonDocuments/PDF/TPO/TPO_E107039%20High%20Street%20Leagrave%201981_Plan.PDF,pdf,https://www.luton.gov.uk/planning-building-control/planning/conservation-design-natural-environment/find-tree-preservation-order/tree-preservation-order-tpo-e107039
https://static.luton.gov.uk/Environment/Lists/LutonDocuments/PDF/TPO/TPO_E107040%20Marsh%20Road%201981_Order.PDF,pdf,https://www.luton.gov.uk/planning-building-control/planning/conservation-design-natural-environment/find-tree-preservation-order/tree-preservation-order-tpo-e107040
https://static.luton.gov.uk/Environment/Lists/LutonDocuments/PDF/TPO/TPO_E107040%20Marsh%20Road%201981_Plan.PDF,pdf,https://www.luton.gov.uk/planning-building-control/planning/conservation-design-natural-environment/find-tree-preservation-order/tree-preservation-order-tpo-e107040
https://static.luton.gov.uk/Environment/Lists/LutonDocuments/PDF/TPO/TPO_E107043%20Hitchin%20Road%201981_Order.PDF,pdf,https://www.luton.gov.uk/planning-building-control/planning/conservation-design-natural-environment/find-tree-preservation-order/tree-preservation-order-tpo-e107043
https://static.luton.gov.uk/Environment/Lists/LutonDocuments/PDF/TPO/TPO_E107043%20Hitchin%20Road%201981_Plan.PDF,pdf,https://www.luton.gov.uk/planning-building-control/planning/conservation-design-natural-environment/find-tree-preservation-order/tree-preservation-order-tpo-e107043
https://static.luton.gov.uk/Environment/Lists/LutonDocuments/PDF/TPO/TPO_E107044%20Caleb%20Close%201981_Plan.PDF,pdf,https://www.luton.gov.uk/planning-building-control/planning/conservation-design-natural-environment/find-tree-preservation-order/tree-preservation-order-tpo-e107044
https://static.luton.gov.uk/Environment/Lists/LutonDocuments/PDF/TPO/TPO_E107046%20Biscot%20Road%201981_Order.PDF,pdf,https://www.luton.gov.uk/planning-building-control/planning/conservation-design-natural-environment/find-tree-preservation-order/tree-preservation-order-tpo-e107046
https://static.luton.gov.uk/Environment/Lists/LutonDocuments/PDF/TPO/TPO_E107046%20Biscot%20Road%201981_Plan.PDF,pdf,https://www.luton.gov.uk/planning-building-control/planning/conservation-design-natural-environment/find-tree-preservation-order/tree-preservation-order-tpo-e107046
https://static.luton.gov.uk/Environment/Lists/LutonDocuments/PDF/TPO/TPO_E107047%20Cromwell%20Hill%201982_Order.PDF,pdf,https://www.luton.gov.uk/planning-building-control/planning/conservation-design-natural-environment/find-tree-preservation-order/tree-preservation-order-tpo-e107047
https://static.luton.gov.uk/Environment/Lists/LutonDocuments/PDF/TPO/TPO_E107048%20Old%20Bedford%20Road%201981_Order.PDF,pdf,https://www.luton.gov.uk/planning-building-control/planning/conservation-design-natural-environment/find-tree-preservation-order/tree-preservation-order-tpo-e107048
https://static.luton.gov.uk/Environment/Lists/LutonDocuments/PDF/TPO/TPO_E107050%20Church%20Street%201981_Plan.PDF,pdf,https://www.luton.gov.uk/planning-building-control/planning/conservation-design-natural-environment/find-tree-preservation-order/tree-preservation-order-tpo-e107050
https://static.luton.gov.uk/Environment/Lists/LutonDocuments/PDF/TPO/TPO_E107051%20Dunstable%20Road%201982_Plan.PDF,pdf,https://www.luton.gov.uk/planning-building-control/planning/conservation-design-natural-environment/find-tree-preservation-order/tree-preservation-order-tpo-e107051
"https://static.luton.gov.uk/Environment/Lists/LutonDocuments/PDF/TPO/TPO_E107052%20Crawley%20Green%20Road,%20Polegate%201982_Plan.PDF",pdf,https://www.luton.gov.uk/planning-building-control/planning/conservation-design-natural-environment/find-tree-preservation-order/tree-preservation-order-tpo-e107052
"https://static.luton.gov.uk/Environment/Lists/LutonDocuments/PDF/TPO/TPO_E107054%20Kingsway,%20Dallow%20Road%201983_Plan.PDF",pdf,https://www.luton.gov.uk/planning-building-control/planning/conservation-design-natural-environment/find-tree-preservation-order/tree-preservation-order-tpo-e107054
https://static.luton.gov.uk/Environment/Lists/LutonDocuments/PDF/TPO/TPO_E107055%20Farley%20Hill%201983_Plan.PDF,pdf,https://www.luton.gov.uk/planning-building-control/planning/conservation-design-natural-environment/find-tree-preservation-order/tree-preservation-order-tpo-e107055
"https://static.luton.gov.uk/Environment/Lists/LutonDocuments/PDF/TPO/TPO_E107056%20Land%20Rear%20Pomfret%20Avenue,%20Hitchin%20Road%201984_Plan.PDF",pdf,https://www.luton.gov.uk/planning-building-control/planning/conservation-design-natural-environment/find-tree-preservation-order/tree-preservation-order-tpo-e107056
https://static.luton.gov.uk/Environment/Lists/LutonDocuments/PDF/TPO/TPO_E107057%20New%20Bedford%20Road%20%201984_Plan.PDF,pdf,https://www.luton.gov.uk/planning-building-control/planning/conservation-design-natural-environment/find-tree-preservation-order/tree-preservation-order-tpo-e107057
https://static.luton.gov.uk/Environment/Lists/LutonDocuments/PDF/TPO/TPO_E107058%20New%20Bedford%20Road%20No.21984_Plan3.PDF,pdf,https://www.luton.gov.uk/planning-building-control/planning/conservation-design-natural-environment/find-tree-preservation-order/tree-preservation-order-tpo-e107058
https://static.luton.gov.uk/Environment/Lists/LutonDocuments/PDF/TPO/TPO_E107059%20Oakley%20Road%201985_Order.PDF,pdf,https://www.luton.gov.uk/planning-building-control/planning/conservation-design-natural-environment/find-tree-preservation-order/tree-preservation-order-tpo-e107059
"https://static.luton.gov.uk/Environment/Lists/LutonDocuments/PDF/TPO/TPO_E107061%20Land%20Rear%20Cutenhoe%20Rd,%20Ludlow%20Ave.%201985_Plan.PDF",pdf,https://www.luton.gov.uk/planning-building-control/planning/conservation-design-natural-environment/find-tree-preservation-order/tree-preservation-order-tpo-e107061
"https://static.luton.gov.uk/Environment/Lists/LutonDocuments/PDF/TPO/TPO_E107062%20Bedford%20Gardens,%20New%20bedford%20Rd%201986_Plan.PDF",pdf,https://www.luton.gov.uk/planning-building-control/planning/conservation-design-natural-environment/find-tree-preservation-order/tree-preservation-order-tpo-e107062
https://static.luton.gov.uk/Environment/Lists/LutonDocuments/PDF/TPO/TPO_E107063%20Hart%20Hill%201986_Plan2.PDF,pdf,https://www.luton.gov.uk/planning-building-control/planning/conservation-design-natural-environment/find-tree-preservation-order/tree-preservation-order-tpo-e107063
https://static.luton.gov.uk/Environment/Lists/LutonDocuments/PDF/TPO/TPO_E107063%20Hart%20Hill%201986_Plan3.PDF,pdf,https://www.luton.gov.uk/planning-building-control/planning/conservation-design-natural-environment/find-tree-preservation-order/tree-preservation-order-tpo-e107063
https://static.luton.gov.uk/Environment/Lists/LutonDocuments/PDF/TPO/TPO_E107064%20Bradgers%20Hill%20Road%20%201986_Plan.PDF,pdf,https://www.luton.gov.uk/planning-building-control/planning/conservation-design-natural-environment/find-tree-preservation-order/tree-preservation-order-tpo-e107064
https://static.luton.gov.uk/Environment/Lists/LutonDocuments/PDF/TPO/TPO_E107065%20Napier%20Road%20Downs%20Road1986_Plan.PDF,pdf,https://www.luton.gov.uk/planning-building-control/planning/conservation-design-natural-environment/find-tree-preservation-order/tree-preservation-order-tpo-e107065
https://static.luton.gov.uk/Environment/Lists/LutonDocuments/PDF/TPO/TPO_E107065%20Napier%20Road%20Downs%20Road_Order.PDF,pdf,https://www.luton.gov.uk/planning-building-control/planning/conservation-design-natural-environment/find-tree-preservation-order/tree-preservation-order-tpo-e107065
https://static.luton.gov.uk/Environment/Lists/LutonDocuments/PDF/TPO/TPO_E107066%20Montrose%20Avenue%201986_Plan.PDF,pdf,https://www.luton.gov.uk/planning-building-control/planning/conservation-design-natural-environment/find-tree-preservation-order/tree-preservation-order-tpo-e107066
https://static.luton.gov.uk/Environment/Lists/LutonDocuments/PDF/TPO/TPO_E107068%20Links%20Way%201986_Plan.PDF,pdf,https://www.luton.gov.uk/planning-building-control/planning/conservation-design-natural-environment/find-tree-preservation-order/tree-preservation-order-tpo-e107068
https://static.luton.gov.uk/Environment/Lists/LutonDocuments/PDF/TPO/TPO_E107070%20Cardiff%20Road%201987_Order.PDF,pdf,https://www.luton.gov.uk/planning-building-control/planning/conservation-design-natural-environment/find-tree-preservation-order/tree-preservation-order-tpo-e107070
https://static.luton.gov.uk/Environment/Lists/LutonDocuments/PDF/TPO/TPO_E107070%20Cardiff%20Road%201987_Plan.PDF,pdf,https://www.luton.gov.uk/planning-building-control/planning/conservation-design-natural-environment/find-tree-preservation-order/tree-preservation-order-tpo-e107070
https://static.luton.gov.uk/Environment/Lists/LutonDocuments/PDF/TPO/TPO_E107071%20Hibbert%20Street%201988_Order.PDF,pdf,https://www.luton.gov.uk/planning-building-control/planning/conservation-design-natural-environment/find-tree-preservation-order/tree-preservation-order-tpo-e107071
https://static.luton.gov.uk/Environment/Lists/LutonDocuments/PDF/TPO/TPO_E107071%20Hibbert%20Street%201988_Plan.PDF,pdf,https://www.luton.gov.uk/planning-building-control/planning/conservation-design-natural-environment/find-tree-preservation-order/tree-preservation-order-tpo-e107071
https://static.luton.gov.uk/Environment/Lists/LutonDocuments/PDF/TPO/TPO_E107072%20Wensleydale%201988_Plan.PDF,pdf,https://www.luton.gov.uk/planning-building-control/planning/conservation-design-natural-environment/find-tree-preservation-order/tree-preservation-order-tpo-e107072
https://static.luton.gov.uk/Environment/Lists/LutonDocuments/PDF/TPO/TPO_E107073%20Compton%20Avenue%201988_Order.PDF,pdf,https://www.luton.gov.uk/planning-building-control/planning/conservation-design-natural-environment/find-tree-preservation-order/tree-preservation-order-tpo-e107073
https://static.luton.gov.uk/Environment/Lists/LutonDocuments/PDF/TPO/TPO_E107073%20Compton%20Avenue%201988_Plan.PDF,pdf,https://www.luton.gov.uk/planning-building-control/planning/conservation-design-natural-environment/find-tree-preservation-order/tree-preservation-order-tpo-e107073
https://static.luton.gov.uk/Environment/Lists/LutonDocuments/PDF/TPO/TPO_E107075%20Swifts%20Green%20Road%201988_Plan.PDF,pdf,https://www.luton.gov.uk/planning-building-control/planning/conservation-design-natural-environment/find-tree-preservation-order/tree-preservation-order-tpo-e107075
"https://static.luton.gov.uk/Environment/Lists/LutonDocuments/PDF/TPO/TPO_E107077%20Hart%20Lane,%20Pomfret%20Av.%201988_Plan.PDF",pdf,https://www.luton.gov.uk/planning-building-control/planning/conservation-design-natural-environment/find-tree-preservation-order/tree-preservation-order-tpo-e107077
"https://static.luton.gov.uk/Environment/Lists/LutonDocuments/PDF/TPO/TPO_E107078%20Bury%20Park%20Rd,%20Moor%20St.%201988_Plan.PDF",pdf,https://www.luton.gov.uk/planning-building-control/planning/conservation-design-natural-environment/find-tree-preservation-order/tree-preservation-order-tpo-e107078
https://static.luton.gov.uk/Environment/Lists/LutonDocuments/PDF/TPO/TPO_E107079%20Shelton%20Way%201988_Order.PDF,pdf,https://www.luton.gov.uk/planning-building-control/planning/conservation-design-natural-environment/find-tree-preservation-order/tree-preservation-order-tpo-e107079
https://static.luton.gov.uk/Environment/Lists/LutonDocuments/PDF/TPO/TPO_E107079%20Shelton%20Way%201988_Plan.PDF,pdf,https://www.luton.gov.uk/planning-building-control/planning/conservation-design-natural-environment/find-tree-preservation-order/tree-preservation-order-tpo-e107079
https://static.luton.gov.uk/Environment/Lists/LutonDocuments/PDF/TPO/TPO_E107080%20Barton%20Road%201988_Order.PDF,pdf,https://www.luton.gov.uk/planning-building-control/planning/conservation-design-natural-environment/find-tree-preservation-order/tree-preservation-order-tpo-e107080
https://static.luton.gov.uk/Environment/Lists/LutonDocuments/PDF/TPO/TPO_E107081%20Ashburnham%20Road%201988_Order.PDF,pdf,https://www.luton.gov.uk/planning-building-control/planning/conservation-design-natural-environment/find-tree-preservation-order/tree-preservation-order-tpo-e107081
https://static.luton.gov.uk/Environment/Lists/LutonDocuments/PDF/TPO/TPO_E107081%20Ashburnham%20Road%201988_Plan.PDF,pdf,https://www.luton.gov.uk/planning-building-control/planning/conservation-design-natural-environment/find-tree-preservation-order/tree-preservation-order-tpo-e107081
https://static.luton.gov.uk/Environment/Lists/LutonDocuments/PDF/TPO/TPO_E107082%20Lynwood%20Avenue%201988_Plan.PDF,pdf,https://www.luton.gov.uk/planning-building-control/planning/conservation-design-natural-environment/find-tree-preservation-order/tree-preservation-order-tpo-e107082
https://static.luton.gov.uk/Environment/Lists/LutonDocuments/PDF/TPO/TPO_E107083%20New%20Bedford%20Road%201988_Plan.PDF,pdf,https://www.luton.gov.uk/planning-building-control/planning/conservation-design-natural-environment/find-tree-preservation-order/tree-preservation-order-tpo-e107083
https://static.luton.gov.uk/Environment/Lists/LutonDocuments/PDF/TPO/TPO_E107083%20New%20Bedford%20Road%202004_Plan.PDF,pdf,https://www.luton.gov.uk/planning-building-control/planning/conservation-design-natural-environment/find-tree-preservation-order/tree-preservation-order-tpo-e107083
https://static.luton.gov.uk/Environment/Lists/LutonDocuments/PDF/TPO/TPO_E107085%20Wensleydale%201989_Order.PDF,pdf,https://www.luton.gov.uk/planning-building-control/planning/conservation-design-natural-environment/find-tree-preservation-order/tree-preservation-order-tpo-e107085
https://static.luton.gov.uk/Environment/Lists/LutonDocuments/PDF/TPO/TPO_E107086%20Cannon%20Lane%201989_Order.PDF,pdf,https://www.luton.gov.uk/planning-building-control/planning/conservation-design-natural-environment/find-tree-preservation-order/tree-preservation-order-tpo-e107086
https://static.luton.gov.uk/Environment/Lists/LutonDocuments/PDF/TPO/TPO_E107086%20Cannon%20Lane%201989_Plan.PDF,pdf,https://www.luton.gov.uk/planning-building-control/planning/conservation-design-natural-environment/find-tree-preservation-order/tree-preservation-order-tpo-e107086
https://static.luton.gov.uk/Environment/Lists/LutonDocuments/PDF/TPO/TPO_E107087%20Woodbridge%20Close%201988_Order.PDF,pdf,https://www.luton.gov.uk/planning-building-control/planning/conservation-design-natural-environment/find-tree-preservation-order/tree-preservation-order-tpo-e107087
https://static.luton.gov.uk/Environment/Lists/LutonDocuments/PDF/TPO/TPO_E107089%20Old%20Bedford%20Road%201989%20Order.pdf,pdf,https://www.luton.gov.uk/planning-building-control/planning/conservation-design-natural-environment/find-tree-preservation-order/tree-preservation-order-tpo-e107089
https://static.luton.gov.uk/Environment/Lists/LutonDocuments/PDF/TPO/TPO_E107090%20Bramingham%20Park%201989_Plan.PDF,pdf,https://www.luton.gov.uk/planning-building-control/planning/conservation-design-natural-environment/find-tree-preservation-order/tree-preservation-order-tpo-e107090
https://static.luton.gov.uk/Environment/Lists/LutonDocuments/PDF/TPO/TPO_E107090%20Bramingham%20Park%20Order%201989_Order.PDF,pdf,https://www.luton.gov.uk/planning-building-control/planning/conservation-design-natural-environment/find-tree-preservation-order/tree-preservation-order-tpo-e107090
https://static.luton.gov.uk/Environment/Lists/LutonDocuments/PDF/TPO/TPO_E107091%20Hitchin%20Road%201989_Order.PDF,pdf,https://www.luton.gov.uk/planning-building-control/planning/conservation-design-natural-environment/find-tree-preservation-order/tree-preservation-order-tpo-e107091
https://static.luton.gov.uk/Environment/Lists/LutonDocuments/PDF/TPO/TPO_E107091%20Hitchin%20Road%201989_Plan.PDF,pdf,https://www.luton.gov.uk/planning-building-control/planning/conservation-design-natural-environment/find-tree-preservation-order/tree-preservation-order-tpo-e107091
https://static.luton.gov.uk/Environment/Lists/LutonDocuments/PDF/TPO/TPO_E107091%20Hitchin%20Road%201989_Plan2.PDF,pdf,https://www.luton.gov.uk/planning-building-control/planning/conservation-design-natural-environment/find-tree-preservation-order/tree-preservation-order-tpo-e107091
https://static.luton.gov.uk/Environment/Lists/LutonDocuments/PDF/TPO/TPO_E107092%20Moor%20Path%201989_Order.PDF,pdf,https://www.luton.gov.uk/planning-building-control/planning/conservation-design-natural-environment/find-tree-preservation-order/tree-preservation-order-tpo-e107092
https://static.luton.gov.uk/Environment/Lists/LutonDocuments/PDF/TPO/TPO_E107092%20Moor%20Path%201989_Plan.PDF,pdf,https://www.luton.gov.uk/planning-building-control/planning/conservation-design-natural-environment/find-tree-preservation-order/tree-preservation-order-tpo-e107092
https://static.luton.gov.uk/Environment/Lists/LutonDocuments/PDF/TPO/TPO_E107093%20Russell%20Rise%201989_Order.PDF,pdf,https://www.luton.gov.uk/planning-building-control/planning/conservation-design-natural-environment/find-tree-preservation-order/tree-preservation-order-tpo-e107093
https://static.luton.gov.uk/Environment/Lists/LutonDocuments/PDF/TPO/TPO_E107093%20Russell%20Rise%201989_Plan.PDF,pdf,https://www.luton.gov.uk/planning-building-control/planning/conservation-design-natural-environment/find-tree-preservation-order/tree-preservation-order-tpo-e107093
https://static.luton.gov.uk/Environment/Lists/LutonDocuments/PDF/TPO/TPO_E107094%20New%20Bedford%20Road%201989_Plan.PDF,pdf,https://www.luton.gov.uk/planning-building-control/planning/conservation-design-natural-environment/find-tree-preservation-order/tree-preservation-order-tpo-e107094
https://static.luton.gov.uk/Environment/Lists/LutonDocuments/PDF/TPO/TPO_E107095%20Oakley%20Road%201989_Order.PDF,pdf,https://www.luton.gov.uk/planning-building-control/planning/conservation-design-natural-environment/find-tree-preservation-order/tree-preservation-order-tpo-e107095
https://static.luton.gov.uk/Environment/Lists/LutonDocuments/PDF/TPO/TPO_E107095%20Oakley%20Road%201989_Plan.PDF,pdf,https://www.luton.gov.uk/planning-building-control/planning/conservation-design-natural-environment/find-tree-preservation-order/tree-preservation-order-tpo-e107095
https://static.luton.gov.uk/Environment/Lists/LutonDocuments/PDF/TPO/TPO_E107096%20Crawley%20Green%20Road%201989_Plan.PDF,pdf,https://www.luton.gov.uk/planning-building-control/planning/conservation-design-natural-environment/find-tree-preservation-order/tree-preservation-order-tpo-e107096
https://static.luton.gov.uk/Environment/Lists/LutonDocuments/PDF/TPO/TPO_E107098%20Beechwood%20Road%201989_Order.PDF,pdf,https://www.luton.gov.uk/planning-building-control/planning/conservation-design-natural-environment/find-tree-preservation-order/tree-preservation-order-tpo-e107098
https://static.luton.gov.uk/Environment/Lists/LutonDocuments/PDF/TPO/TPO_E107100%20Eaton%20Green%20Road%201989_Plan.PDF,pdf,https://www.luton.gov.uk/planning-building-control/planning/conservation-design-natural-environment/find-tree-preservation-order/tree-preservation-order-tpo-e107100
https://static.luton.gov.uk/Environment/Lists/LutonDocuments/PDF/TPO/TPO_E107102%20Barton%20Road1989_Plan.PDF,pdf,https://www.luton.gov.uk/planning-building-control/planning/conservation-design-natural-environment/find-tree-preservation-order/tree-preservation-order-tpo-e107102
https://static.luton.gov.uk/Environment/Lists/LutonDocuments/PDF/TPO/TPO_E107103%20Napier%20Road%201989_Order.PDF,pdf,https://www.luton.gov.uk/planning-building-control/planning/conservation-design-natural-environment/find-tree-preservation-order/tree-preservation-order-tpo-e107103
https://static.luton.gov.uk/Environment/Lists/LutonDocuments/PDF/TPO/TPO_E107103%20Napier%20Road%201989_Plan.PDF,pdf,https://www.luton.gov.uk/planning-building-control/planning/conservation-design-natural-environment/find-tree-preservation-order/tree-preservation-order-tpo-e107103
https://static.luton.gov.uk/Environment/Lists/LutonDocuments/PDF/TPO/TPO_E107105%20Strangers%20Way%201989_Plan.PDF,pdf,https://www.luton.gov.uk/planning-building-control/planning/conservation-design-natural-environment/find-tree-preservation-order/tree-preservation-order-tpo-e107105
https://static.luton.gov.uk/Environment/Lists/LutonDocuments/PDF/TPO/TPO_E107106%20Montrose%20Avenue%201989_Plan.PDF,pdf,https://www.luton.gov.uk/planning-building-control/planning/conservation-design-natural-environment/find-tree-preservation-order/tree-preservation-order-tpo-e107106
https://static.luton.gov.uk/Environment/Lists/LutonDocuments/PDF/TPO/TPO_E107107%20Benson%20Close%201990_Order.PDF,pdf,https://www.luton.gov.uk/planning-building-control/planning/conservation-design-natural-environment/find-tree-preservation-order/tree-preservation-order-tpo-e107107
https://static.luton.gov.uk/Environment/Lists/LutonDocuments/PDF/TPO/TPO_E107107%20Benson%20Close%201990_Plan.PDF,pdf,https://www.luton.gov.uk/planning-building-control/planning/conservation-design-natural-environment/find-tree-preservation-order/tree-preservation-order-tpo-e107107
https://static.luton.gov.uk/Environment/Lists/LutonDocuments/PDF/TPO/TPO_E107108%20Bramingham%20Park%20No2%201990_Order.PDF,pdf,https://www.luton.gov.uk/planning-building-control/planning/conservation-design-natural-environment/find-tree-preservation-order/tree-preservation-order-tpo-e107108
https://static.luton.gov.uk/Environment/Lists/LutonDocuments/PDF/TPO/TPO_E107108%20Bramingham%20Park%20No21990_Plan.PDF,pdf,https://www.luton.gov.uk/planning-building-control/planning/conservation-design-natural-environment/find-tree-preservation-order/tree-preservation-order-tpo-e107108
https://static.luton.gov.uk/Environment/Lists/LutonDocuments/PDF/TPO/TPO_E107109%20Dunstable%20Road%20%201994_Plan.PDF,pdf,https://www.luton.gov.uk/planning-building-control/planning/conservation-design-natural-environment/find-tree-preservation-order/tree-preservation-order-tpo-e107109
https://static.luton.gov.uk/Environment/Lists/LutonDocuments/PDF/TPO/TPO_E107110%20Chester%20Avenue%201990_Plan.PDF,pdf,https://www.luton.gov.uk/planning-building-control/planning/conservation-design-natural-environment/find-tree-preservation-order/tree-preservation-order-tpo-e107110
https://static.luton.gov.uk/Environment/Lists/LutonDocuments/PDF/TPO/TPO_E107111%20Bosmore%20Road%201990_Plan.PDF,pdf,https://www.luton.gov.uk/planning-building-control/planning/conservation-design-natural-environment/find-tree-preservation-order/tree-preservation-order-tpo-e107111
https://static.luton.gov.uk/Environment/Lists/LutonDocuments/PDF/TPO/TPO_E107114%20Humberstone%20Road%201990_Order.PDF,pdf,https://www.luton.gov.uk/planning-building-control/planning/conservation-design-natural-environment/find-tree-preservation-order/tree-preservation-order-tpo-e107114
https://static.luton.gov.uk/Environment/Lists/LutonDocuments/PDF/TPO/TPO_E107114%20Humberstone%20Road%201990_Plan.PDF,pdf,https://www.luton.gov.uk/planning-building-control/planning/conservation-design-natural-environment/find-tree-preservation-order/tree-preservation-order-tpo-e107114
https://static.luton.gov.uk/Environment/Lists/LutonDocuments/PDF/TPO/TPO_E107116%20Eldon%20Road%201990_Order.PDF,pdf,https://www.luton.gov.uk/planning-building-control/planning/conservation-design-natural-environment/find-tree-preservation-order/tree-preservation-order-tpo-e107116
https://static.luton.gov.uk/Environment/Lists/LutonDocuments/PDF/TPO/TPO_E107118%20Sundon%20Park%20Road%201991_Order.PDF,pdf,https://www.luton.gov.uk/planning-building-control/planning/conservation-design-natural-environment/find-tree-preservation-order/tree-preservation-order-tpo-e107118
https://static.luton.gov.uk/Environment/Lists/LutonDocuments/PDF/TPO/TPO_E107119%20Ashburnham%20Road%201991_Order.PDF,pdf,https://www.luton.gov.uk/planning-building-control/planning/conservation-design-natural-environment/find-tree-preservation-order/tree-preservation-order-tpo-e107119
https://static.luton.gov.uk/Environment/Lists/LutonDocuments/PDF/TPO/TPO_E107119%20Ashburnham%20Road%201991_Plan.PDF,pdf,https://www.luton.gov.uk/planning-building-control/planning/conservation-design-natural-environment/find-tree-preservation-order/tree-preservation-order-tpo-e107119
https://static.luton.gov.uk/Environment/Lists/LutonDocuments/PDF/TPO/TPO_E107120%20New%20Bedford%20Road%201991_Order.PDF,pdf,https://www.luton.gov.uk/planning-building-control/planning/conservation-design-natural-environment/find-tree-preservation-order/tree-preservation-order-tpo-e107120
https://static.luton.gov.uk/Environment/Lists/LutonDocuments/PDF/TPO/TPO_E107120%20New%20Bedford%20Road%201991_Plan.PDF,pdf,https://www.luton.gov.uk/planning-building-control/planning/conservation-design-natural-environment/find-tree-preservation-order/tree-preservation-order-tpo-e107120
https://static.luton.gov.uk/Environment/Lists/LutonDocuments/PDF/TPO/TPO_E107121%20Cromwell%20Hill%201991_Plan.PDF,pdf,https://www.luton.gov.uk/planning-building-control/planning/conservation-design-natural-environment/find-tree-preservation-order/tree-preservation-order-tpo-e107121
https://static.luton.gov.uk/Environment/Lists/LutonDocuments/PDF/TPO/TPO_E107123%20Dunstable%20Road%201991_Plan.PDF,pdf,https://www.luton.gov.uk/planning-building-control/planning/conservation-design-natural-environment/find-tree-preservation-order/tree-preservation-order-tpo-e107123
https://static.luton.gov.uk/Environment/Lists/LutonDocuments/PDF/TPO/TPO_E107124%20Grange%20Avenue%201991_Plan.PDF,pdf,https://www.luton.gov.uk/planning-building-control/planning/conservation-design-natural-environment/find-tree-preservation-order/tree-preservation-order-tpo-e107124
https://static.luton.gov.uk/Environment/Lists/LutonDocuments/PDF/TPO/TPO_E107126%20The%20Brache%201991_Plan.PDF,pdf,https://www.luton.gov.uk/planning-building-control/planning/conservation-design-natural-environment/find-tree-preservation-order/tree-preservation-order-tpo-e107126
https://static.luton.gov.uk/Environment/Lists/LutonDocuments/PDF/TPO/TPO_E107127%20Marsh%20Road%201991_Order.PDF,pdf,https://www.luton.gov.uk/planning-building-control/planning/conservation-design-natural-environment/find-tree-preservation-order/tree-preservation-order-tpo-e107127
https://static.luton.gov.uk/Environment/Lists/LutonDocuments/PDF/TPO/TPO_E107127%20Marsh%20Road%201991_Plan.PDF,pdf,https://www.luton.gov.uk/planning-building-control/planning/conservation-design-natural-environment/find-tree-preservation-order/tree-preservation-order-tpo-e107127
https://static.luton.gov.uk/Environment/Lists/LutonDocuments/PDF/TPO/TPO_E107128%20Ludlow%20Avenue%20%201991_Plan.PDF,pdf,https://www.luton.gov.uk/planning-building-control/planning/conservation-design-natural-environment/find-tree-preservation-order/tree-preservation-order-tpo-e107128
https://static.luton.gov.uk/Environment/Lists/LutonDocuments/PDF/TPO/TPO_E107128%20Ludlow%20Avenue%201991_Order.PDF,pdf,https://www.luton.gov.uk/planning-building-control/planning/conservation-design-natural-environment/find-tree-preservation-order/tree-preservation-order-tpo-e107128
https://static.luton.gov.uk/Environment/Lists/LutonDocuments/PDF/TPO/TPO_E107129%20Somerset%20Avenue%201991_Plan.PDF,pdf,https://www.luton.gov.uk/planning-building-control/planning/conservation-design-natural-environment/find-tree-preservation-order/tree-preservation-order-tpo-e107129
https://static.luton.gov.uk/Environment/Lists/LutonDocuments/PDF/TPO/TPO_E107130%20Tenth%20Avenue%201991_Order.PDF,pdf,https://www.luton.gov.uk/planning-building-control/planning/conservation-design-natural-environment/find-tree-preservation-order/tree-preservation-order-tpo-e107130
https://static.luton.gov.uk/Environment/Lists/LutonDocuments/PDF/TPO/TPO_E107130%20Tenth%20Avenue%201991_Plan.PDF,pdf,https://www.luton.gov.uk/planning-building-control/planning/conservation-design-natural-environment/find-tree-preservation-order/tree-preservation-order-tpo-e107130
https://static.luton.gov.uk/Environment/Lists/LutonDocuments/PDF/TPO/TPO_E107131%20Dallow%20Road%20%201991_Plan.PDF,pdf,https://www.luton.gov.uk/planning-building-control/planning/conservation-design-natural-environment/find-tree-preservation-order/tree-preservation-order-tpo-e107131
https://static.luton.gov.uk/Environment/Lists/LutonDocuments/PDF/TPO/TPO_E107132%20St.%20Saviour's%20Crescent%201991_Order.PDF,pdf,https://www.luton.gov.uk/planning-building-control/planning/conservation-design-natural-environment/find-tree-preservation-order/tree-preservation-order-tpo-e107132
https://static.luton.gov.uk/Environment/Lists/LutonDocuments/PDF/TPO/TPO_E107132%20St.%20Saviour's%20Crescent%201991_Plan.PDF,pdf,https://www.luton.gov.uk/planning-building-control/planning/conservation-design-natural-environment/find-tree-preservation-order/tree-preservation-order-tpo-e107132
https://static.luton.gov.uk/Environment/Lists/LutonDocuments/PDF/TPO/TPO_E107133%20Hitchin%20Road%201991_Order.PDF,pdf,https://www.luton.gov.uk/planning-building-control/planning/conservation-design-natural-environment/find-tree-preservation-order/tree-preservation-order-tpo-e107133
https://static.luton.gov.uk/Environment/Lists/LutonDocuments/PDF/TPO/TPO_E107133%20Hitchin%20Road%201991_Plan.PDF,pdf,https://www.luton.gov.uk/planning-building-control/planning/conservation-design-natural-environment/find-tree-preservation-order/tree-preservation-order-tpo-e107133
https://static.luton.gov.uk/Environment/Lists/LutonDocuments/PDF/TPO/TPO_E107134%20Stanmore%20Crescent%201991_Order.PDF,pdf,https://www.luton.gov.uk/planning-building-control/planning/conservation-design-natural-environment/find-tree-preservation-order/tree-preservation-order-tpo-e107134
https://static.luton.gov.uk/Environment/Lists/LutonDocuments/PDF/TPO/TPO_E107134%20Stanmore%20Crescent%201991_Plan.PDF,pdf,https://www.luton.gov.uk/planning-building-control/planning/conservation-design-natural-environment/find-tree-preservation-order/tree-preservation-order-tpo-e107134
https://static.luton.gov.uk/Environment/Lists/LutonDocuments/PDF/TPO/TPO_E107135%20Lansdowne%20Road%20%201991_Plan.PDF,pdf,https://www.luton.gov.uk/planning-building-control/planning/conservation-design-natural-environment/find-tree-preservation-order/tree-preservation-order-tpo-e107135
https://static.luton.gov.uk/Environment/Lists/LutonDocuments/PDF/TPO/TPO_E107135%20Lansdowne%20Road%201991_Order.PDF,pdf,https://www.luton.gov.uk/planning-building-control/planning/conservation-design-natural-environment/find-tree-preservation-order/tree-preservation-order-tpo-e107135
https://static.luton.gov.uk/Environment/Lists/LutonDocuments/PDF/TPO/TPO_E107136%20Biscot%20Road%20%201992_Plan.PDF,pdf,https://www.luton.gov.uk/planning-building-control/planning/conservation-design-natural-environment/find-tree-preservation-order/tree-preservation-order-tpo-e107136
https://static.luton.gov.uk/Environment/Lists/LutonDocuments/PDF/TPO/TPO_E107136%20Biscot%20Road%201992_Order.PDF,pdf,https://www.luton.gov.uk/planning-building-control/planning/conservation-design-natural-environment/find-tree-preservation-order/tree-preservation-order-tpo-e107136
https://static.luton.gov.uk/Environment/Lists/LutonDocuments/PDF/TPO/TPO_E107137%20New%20Bedford%20Road%201992_Plan.PDF,pdf,https://www.luton.gov.uk/planning-building-control/planning/conservation-design-natural-environment/find-tree-preservation-order/tree-preservation-order-tpo-e107137
https://static.luton.gov.uk/Environment/Lists/LutonDocuments/PDF/TPO/TPO_E107138%20Edward%20Street%201992_Order.PDF,pdf,https://www.luton.gov.uk/planning-building-control/planning/conservation-design-natural-environment/find-tree-preservation-order/tree-preservation-order-tpo-e107138
https://static.luton.gov.uk/Environment/Lists/LutonDocuments/PDF/TPO/TPO_E107138%20Edward%20Street%201992_Plan.PDF,pdf,https://www.luton.gov.uk/planning-building-control/planning/conservation-design-natural-environment/find-tree-preservation-order/tree-preservation-order-tpo-e107138
https://static.luton.gov.uk/Environment/Lists/LutonDocuments/PDF/TPO/TPO_E107140%20Ashburnham%20Road%201992_Order.PDF,pdf,https://www.luton.gov.uk/planning-building-control/planning/conservation-design-natural-environment/find-tree-preservation-order/tree-preservation-order-tpo-e107140
https://static.luton.gov.uk/Environment/Lists/LutonDocuments/PDF/TPO/TPO_E107140%20Ashburnham%20Road%201992_Plan.PDF,pdf,https://www.luton.gov.uk/planning-building-control/planning/conservation-design-natural-environment/find-tree-preservation-order/tree-preservation-order-tpo-e107140
https://static.luton.gov.uk/Environment/Lists/LutonDocuments/PDF/TPO/TPO_E107142%20Dunstable%20Road%201992_Order.PDF,pdf,https://www.luton.gov.uk/planning-building-control/planning/conservation-design-natural-environment/find-tree-preservation-order/tree-preservation-order-tpo-e107142
https://static.luton.gov.uk/Environment/Lists/LutonDocuments/PDF/TPO/TPO_E107142%20Dunstable%20Road%201992_Plan.PDF,pdf,https://www.luton.gov.uk/planning-building-control/planning/conservation-design-natural-environment/find-tree-preservation-order/tree-preservation-order-tpo-e107142
https://static.luton.gov.uk/Environment/Lists/LutonDocuments/PDF/TPO/TPO_E107143%20Dunstable%20Road%20No.%202%201992_Order.PDF,pdf,https://www.luton.gov.uk/planning-building-control/planning/conservation-design-natural-environment/find-tree-preservation-order/tree-preservation-order-tpo-e107143
https://static.luton.gov.uk/Environment/Lists/LutonDocuments/PDF/TPO/TPO_E107143%20Dunstable%20Road%20No.%202%201992_Plan.PDF,pdf,https://www.luton.gov.uk/planning-building-control/planning/conservation-design-natural-environment/find-tree-preservation-order/tree-preservation-order-tpo-e107143
"https://static.luton.gov.uk/Environment/Lists/LutonDocuments/PDF/TPO/TPO_E107144%20St%20Mary's%20Hospital,%20Dallow%20Road%201992_Order.PDF",pdf,https://www.luton.gov.uk/planning-building-control/planning/conservation-design-natural-environment/find-tree-preservation-order/tree-preservation-order-tpo-e107144
"https://static.luton.gov.uk/Environment/Lists/LutonDocuments/PDF/TPO/TPO_E107144%20St%20Mary's%20Hospital,%20Dallow%20Road%201992_Plan.PDF",pdf,https://www.luton.gov.uk/planning-building-control/planning/conservation-design-natural-environment/find-tree-preservation-order/tree-preservation-order-tpo-e107144
https://static.luton.gov.uk/Environment/Lists/LutonDocuments/PDF/TPO/TPO_E107145%20Dunstable%20Road%20No.3%201992_Order.PDF,pdf,https://www.luton.gov.uk/planning-building-control/planning/conservation-design-natural-environment/find-tree-preservation-order/tree-preservation-order-tpo-e107145
https://static.luton.gov.uk/Environment/Lists/LutonDocuments/PDF/TPO/TPO_E107145%20Dunstable%20Road%20No.3%201992_Plan.PDF,pdf,https://www.luton.gov.uk/planning-building-control/planning/conservation-design-natural-environment/find-tree-preservation-order/tree-preservation-order-tpo-e107145
https://static.luton.gov.uk/Environment/Lists/LutonDocuments/PDF/TPO/TPO_E107146%20Sundon%20Park%20Road%201992_Order.PDF,pdf,https://www.luton.gov.uk/planning-building-control/planning/conservation-design-natural-environment/find-tree-preservation-order/tree-preservation-order-tpo-e107146
https://static.luton.gov.uk/Environment/Lists/LutonDocuments/PDF/TPO/TPO_E107146%20Sundon%20Park%20Road%201992_Plan.PDF,pdf,https://www.luton.gov.uk/planning-building-control/planning/conservation-design-natural-environment/find-tree-preservation-order/tree-preservation-order-tpo-e107146
https://static.luton.gov.uk/Environment/Lists/LutonDocuments/PDF/TPO/TPO_E107149%20Kirby%20Drive%201993_Order.PDF,pdf,https://www.luton.gov.uk/planning-building-control/planning/conservation-design-natural-environment/find-tree-preservation-order/tree-preservation-order-tpo-e107149
https://static.luton.gov.uk/Environment/Lists/LutonDocuments/PDF/TPO/TPO_E107149%20Kirby%20Drive%201993_Plan.PDF,pdf,https://www.luton.gov.uk/planning-building-control/planning/conservation-design-natural-environment/find-tree-preservation-order/tree-preservation-order-tpo-e107149
https://static.luton.gov.uk/Environment/Lists/LutonDocuments/PDF/TPO/TPO_E107150%20Grange%20Avenue%201993_Order.PDF,pdf,https://www.luton.gov.uk/planning-building-control/planning/conservation-design-natural-environment/find-tree-preservation-order/tree-preservation-order-tpo-e107150
https://static.luton.gov.uk/Environment/Lists/LutonDocuments/PDF/TPO/TPO_E107150%20Grange%20Avenue%201995_Order.PDF,pdf,https://www.luton.gov.uk/planning-building-control/planning/conservation-design-natural-environment/find-tree-preservation-order/tree-preservation-order-tpo-e107150
https://static.luton.gov.uk/Environment/Lists/LutonDocuments/PDF/TPO/TPO_E107150%20Grange%20Avenue%201995_Plan.PDF,pdf,https://www.luton.gov.uk/planning-building-control/planning/conservation-design-natural-environment/find-tree-preservation-order/tree-preservation-order-tpo-e107150
https://static.luton.gov.uk/Environment/Lists/LutonDocuments/PDF/TPO/TPO_E107150%20Grange%20Avenue1993_Plan.PDF,pdf,https://www.luton.gov.uk/planning-building-control/planning/conservation-design-natural-environment/find-tree-preservation-order/tree-preservation-order-tpo-e107150
https://static.luton.gov.uk/Environment/Lists/LutonDocuments/PDF/TPO/TPO_E107151%20South%20Road%201993_Order.PDF,pdf,https://www.luton.gov.uk/planning-building-control/planning/conservation-design-natural-environment/find-tree-preservation-order/tree-preservation-order-tpo-e107151
https://static.luton.gov.uk/Environment/Lists/LutonDocuments/PDF/TPO/TPO_E107151%20South%20Road%201993_Plan.PDF,pdf,https://www.luton.gov.uk/planning-building-control/planning/conservation-design-natural-environment/find-tree-preservation-order/tree-preservation-order-tpo-e107151
"https://static.luton.gov.uk/Environment/Lists/LutonDocuments/PDF/TPO/TPO_E107152%20Old%20Bedford%20Road,%20Wardown%20Crescent%201993_Order.PDF",pdf,https://www.luton.gov.uk/planning-building-control/planning/conservation-design-natural-environment/find-tree-preservation-order/tree-preservation-order-tpo-e107152
"https://static.luton.gov.uk/Environment/Lists/LutonDocuments/PDF/TPO/TPO_E107152%20Old%20Bedford%20Road,%20Wardown%20Crescent%201993_Plan.PDF",pdf,https://www.luton.gov.uk/planning-building-control/planning/conservation-design-natural-environment/find-tree-preservation-order/tree-preservation-order-tpo-e107152
"https://static.luton.gov.uk/Environment/Lists/LutonDocuments/PDF/TPO/TPO_E107155%20Old%20Bedford%20Road,%20Wardown%20Crescent%201995_Order.PDF",pdf,https://www.luton.gov.uk/planning-building-control/planning/conservation-design-natural-environment/find-tree-preservation-order/tree-preservation-order-tpo-e107155
"https://static.luton.gov.uk/Environment/Lists/LutonDocuments/PDF/TPO/TPO_E107155%20Old%20Bedford%20Road,%20Wardown%20Crescent%201995_Plan.PDF",pdf,https://www.luton.gov.uk/planning-building-control/planning/conservation-design-natural-environment/find-tree-preservation-order/tree-preservation-order-tpo-e107155
https://static.luton.gov.uk/Environment/Lists/LutonDocuments/PDF/TPO/TPO_E107156%20Wigmoe%20Lane%201995_Order.PDF,pdf,https://www.luton.gov.uk/planning-building-control/planning/conservation-design-natural-environment/find-tree-preservation-order/tree-preservation-order-tpo-e107156
https://static.luton.gov.uk/Environment/Lists/LutonDocuments/PDF/TPO/TPO_E107156%20Wigmoe%20Lane1995_Plan.PDF,pdf,https://www.luton.gov.uk/planning-building-control/planning/conservation-design-natural-environment/find-tree-preservation-order/tree-preservation-order-tpo-e107156
https://static.luton.gov.uk/Environment/Lists/LutonDocuments/PDF/TPO/TPO_E107157%20Chesford%20Road%201996_Order.PDF,pdf,https://www.luton.gov.uk/planning-building-control/planning/conservation-design-natural-environment/find-tree-preservation-order/tree-preservation-order-tpo-e107157
https://static.luton.gov.uk/Environment/Lists/LutonDocuments/PDF/TPO/TPO_E107157%20Chesford%20Road%201996_Plan.PDF,pdf,https://www.luton.gov.uk/planning-building-control/planning/conservation-design-natural-environment/find-tree-preservation-order/tree-preservation-order-tpo-e107157
https://static.luton.gov.uk/Environment/Lists/LutonDocuments/PDF/TPO/TPO_E107158%20Locarno%20Avenue%201996_Order.PDF,pdf,https://www.luton.gov.uk/planning-building-control/planning/conservation-design-natural-environment/find-tree-preservation-order/tree-preservation-order-tpo-e107158
https://static.luton.gov.uk/Environment/Lists/LutonDocuments/PDF/TPO/TPO_E107158%20Locarno%20Avenue%201996_Plan.PDF,pdf,https://www.luton.gov.uk/planning-building-control/planning/conservation-design-natural-environment/find-tree-preservation-order/tree-preservation-order-tpo-e107158
https://static.luton.gov.uk/Environment/Lists/LutonDocuments/PDF/TPO/TPO_E107159%20Cosgrove%20Way%201996_Order.PDF,pdf,https://www.luton.gov.uk/planning-building-control/planning/conservation-design-natural-environment/find-tree-preservation-order/tree-preservation-order-tpo-e107159
https://static.luton.gov.uk/Environment/Lists/LutonDocuments/PDF/TPO/TPO_E107159%20Cosgrove%20Way%201996_Plan.PDF,pdf,https://www.luton.gov.uk/planning-building-control/planning/conservation-design-natural-environment/find-tree-preservation-order/tree-preservation-order-tpo-e107159
https://static.luton.gov.uk/Environment/Lists/LutonDocuments/PDF/TPO/TPO_E107160%20Bowling%20Green%20Lane%201996_Order.PDF,pdf,https://www.luton.gov.uk/planning-building-control/planning/conservation-design-natural-environment/find-tree-preservation-order/tree-preservation-order-tpo-e107160
https://static.luton.gov.uk/Environment/Lists/LutonDocuments/PDF/TPO/TPO_E107160%20Bowling%20Green%20Lane%201996_Plan.PDF,pdf,https://www.luton.gov.uk/planning-building-control/planning/conservation-design-natural-environment/find-tree-preservation-order/tree-preservation-order-tpo-e107160
https://static.luton.gov.uk/Environment/Lists/LutonDocuments/PDF/TPO/TPO_E107161%20Bradgers%20Hill%20Road%201996_Order.PDF,pdf,https://www.luton.gov.uk/planning-building-control/planning/conservation-design-natural-environment/find-tree-preservation-order/tree-preservation-order-tpo-e107161
https://static.luton.gov.uk/Environment/Lists/LutonDocuments/PDF/TPO/TPO_E107161%20Bradgers%20Hill%20Road%201996_Plan.PDF,pdf,https://www.luton.gov.uk/planning-building-control/planning/conservation-design-natural-environment/find-tree-preservation-order/tree-preservation-order-tpo-e107161
https://static.luton.gov.uk/Environment/Lists/LutonDocuments/PDF/TPO/TPO_E107162%20Farley%20Hill%201996_Order.PDF,pdf,https://www.luton.gov.uk/planning-building-control/planning/conservation-design-natural-environment/find-tree-preservation-order/tree-preservation-order-tpo-e107162
https://static.luton.gov.uk/Environment/Lists/LutonDocuments/PDF/TPO/TPO_E107162%20Farley%20Hill%201996_Plan.PDF,pdf,https://www.luton.gov.uk/planning-building-control/planning/conservation-design-natural-environment/find-tree-preservation-order/tree-preservation-order-tpo-e107162
https://static.luton.gov.uk/Environment/Lists/LutonDocuments/PDF/TPO/TPO_E107163%204-8%20Bury%20Park%20Road%201991_Order.PDF,pdf,https://www.luton.gov.uk/planning-building-control/planning/conservation-design-natural-environment/find-tree-preservation-order/tree-preservation-order-tpo-e107163
https://static.luton.gov.uk/Environment/Lists/LutonDocuments/PDF/TPO/TPO_E107163%204-8%20Bury%20Park%20Road%201991_Plan.PDF,pdf,https://www.luton.gov.uk/planning-building-control/planning/conservation-design-natural-environment/find-tree-preservation-order/tree-preservation-order-tpo-e107163
https://static.luton.gov.uk/Environment/Lists/LutonDocuments/PDF/TPO/TPO_E107165%2016%20Marsh%20Road%201998_Order.PDF,pdf,https://www.luton.gov.uk/planning-building-control/planning/conservation-design-natural-environment/find-tree-preservation-order/tree-preservation-order-tpo-e107165
https://static.luton.gov.uk/Environment/Lists/LutonDocuments/PDF/TPO/TPO_E107169%20Stanford%20Road%202000_Order.PDF,pdf,https://www.luton.gov.uk/planning-building-control/planning/conservation-design-natural-environment/find-tree-preservation-order/tree-preservation-order-tpo-e107169
https://static.luton.gov.uk/Environment/Lists/LutonDocuments/PDF/TPO/TPO_E107172%20The%20Malzeard%20Road%202001_Plan.PDF,pdf,https://www.luton.gov.uk/planning-building-control/planning/conservation-design-natural-environment/find-tree-preservation-order/tree-preservation-order-tpo-e107172
https://static.luton.gov.uk/Environment/Lists/LutonDocuments/PDF/TPO/TPO_E107173%20Black%20Swan%20Lane%202001_Order.PDF,pdf,https://www.luton.gov.uk/planning-building-control/planning/conservation-design-natural-environment/find-tree-preservation-order/tree-preservation-order-tpo-e107173
https://static.luton.gov.uk/Environment/Lists/LutonDocuments/PDF/TPO/TPO_E107174%20The%20Bramingham%20Road%20(Brightman%20Cottages)%202001_Order.PDF,pdf,https://www.luton.gov.uk/planning-building-control/planning/conservation-design-natural-environment/find-tree-preservation-order/tree-preservation-order-tpo-e107174
https://static.luton.gov.uk/Environment/Lists/LutonDocuments/PDF/TPO/TPO_E107175%20The%20Manton%20Drive%20%202001_Plan.PDF,pdf,https://www.luton.gov.uk/planning-building-control/planning/conservation-design-natural-environment/find-tree-preservation-order/tree-preservation-order-tpo-e107175
https://static.luton.gov.uk/Environment/Lists/LutonDocuments/PDF/TPO/TPO_E107175%20The%20Manton%20Drive%202001_Order.PDF,pdf,https://www.luton.gov.uk/planning-building-control/planning/conservation-design-natural-environment/find-tree-preservation-order/tree-preservation-order-tpo-e107175
https://static.luton.gov.uk/Environment/Lists/LutonDocuments/PDF/TPO/TPO_E107176%20The%20Francis%20Street%202001_Plan.PDF,pdf,https://www.luton.gov.uk/planning-building-control/planning/conservation-design-natural-environment/find-tree-preservation-order/tree-preservation-order-tpo-e107176
https://static.luton.gov.uk/Environment/Lists/LutonDocuments/PDF/TPO/TPO_E107177%20275%20New%20Bedford%20Road%202002_Order.PDF,pdf,https://www.luton.gov.uk/planning-building-control/planning/conservation-design-natural-environment/find-tree-preservation-order/tree-preservation-order-tpo-e107177
https://static.luton.gov.uk/Environment/Lists/LutonDocuments/PDF/TPO/TPO_E107178%20Lansdowne%20Road%202003_Plan.PDF,pdf,https://www.luton.gov.uk/planning-building-control/planning/conservation-design-natural-environment/find-tree-preservation-order/tree-preservation-order-tpo-e107178
https://static.luton.gov.uk/Environment/Lists/LutonDocuments/PDF/TPO/TPO_E107179%20Grosvenor%20Road%202003_Plan.PDF,pdf,https://www.luton.gov.uk/planning-building-control/planning/conservation-design-natural-environment/find-tree-preservation-order/tree-preservation-order-tpo-e107179
"https://static.luton.gov.uk/Environment/Lists/LutonDocuments/PDF/TPO/TPO_E107180%20Indenbury%20Court,%20Downs%20Road%202003_Order2.PDF",pdf,https://www.luton.gov.uk/planning-building-control/planning/conservation-design-natural-environment/find-tree-preservation-order/tree-preservation-order-tpo-e107180
https://static.luton.gov.uk/Environment/Lists/LutonDocuments/PDF/TPO/TPO_E107182%20227%20Ashcroft%20Road%202004_Order.PDF,pdf,https://www.luton.gov.uk/planning-building-control/planning/conservation-design-natural-environment/find-tree-preservation-order/tree-preservation-order-tpo-e107182
https://static.luton.gov.uk/Environment/Lists/LutonDocuments/PDF/TPO/TPO_E107183%2044%20Blakeney%20Drive%202004_Order.PDF,pdf,https://www.luton.gov.uk/planning-building-control/planning/conservation-design-natural-environment/find-tree-preservation-order/tree-preservation-order-tpo-e107183
https://static.luton.gov.uk/Environment/Lists/LutonDocuments/PDF/TPO/TPO_E107183%2044%20Blakeney%20Drive%202004_Plan.PDF,pdf,https://www.luton.gov.uk/planning-building-control/planning/conservation-design-natural-environment/find-tree-preservation-order/tree-preservation-order-tpo-e107183
https://static.luton.gov.uk/Environment/Lists/LutonDocuments/PDF/TPO/TPO_E107184%20Eighth%20Avenue%202005_Plan.PDF,pdf,https://www.luton.gov.uk/planning-building-control/planning/conservation-design-natural-environment/find-tree-preservation-order/tree-preservation-order-tpo-e107184
https://static.luton.gov.uk/Environment/Lists/LutonDocuments/PDF/TPO/TPO_E107186%20Montrose%20Avenue%202005_Plan.PDF,pdf,https://www.luton.gov.uk/planning-building-control/planning/conservation-design-natural-environment/find-tree-preservation-order/tree-preservation-order-tpo-e107186
https://static.luton.gov.uk/Environment/Lists/LutonDocuments/PDF/TPO/TPO_E107187%20St%20Martins%20Allotments%20Birchen%20Grove%202005_Order.PDF,pdf,https://www.luton.gov.uk/planning-building-control/planning/conservation-design-natural-environment/find-tree-preservation-order/tree-preservation-order-tpo-e107187
https://static.luton.gov.uk/Environment/Lists/LutonDocuments/PDF/TPO/TPO_E107188%2098-100%20Montrose%20Avenue%202005_Photo.PDF,pdf,https://www.luton.gov.uk/planning-building-control/planning/conservation-design-natural-environment/find-tree-preservation-order/tree-preservation-order-tpo-e107188
https://static.luton.gov.uk/Environment/Lists/LutonDocuments/PDF/TPO/TPO_E107188%2098-100%20Montrose%20Avenue%202005_Plan.PDF,pdf,https://www.luton.gov.uk/planning-building-control/planning/conservation-design-natural-environment/find-tree-preservation-order/tree-preservation-order-tpo-e107188
https://static.luton.gov.uk/Environment/Lists/LutonDocuments/PDF/TPO/TPO_E107191%201%20Bishopscote%20Road%20%202006_Plan.PDF,pdf,https://www.luton.gov.uk/planning-building-control/planning/conservation-design-natural-environment/find-tree-preservation-order/tree-preservation-order-tpo-e107191
https://static.luton.gov.uk/Environment/Lists/LutonDocuments/PDF/TPO/TPO_E107192%20Butely%20Road%202006_Order.PDF,pdf,https://www.luton.gov.uk/planning-building-control/planning/conservation-design-natural-environment/find-tree-preservation-order/tree-preservation-order-tpo-e107192
https://static.luton.gov.uk/Environment/Lists/LutonDocuments/PDF/TPO/TPO_E107192%20Butely%20Road%202006_Plan.PDF,pdf,https://www.luton.gov.uk/planning-building-control/planning/conservation-design-natural-environment/find-tree-preservation-order/tree-preservation-order-tpo-e107192
https://static.luton.gov.uk/Environment/Lists/LutonDocuments/PDF/TPO/TPO_E107193%20Markfield%20Close%202006_Order.PDF,pdf,https://www.luton.gov.uk/planning-building-control/planning/conservation-design-natural-environment/find-tree-preservation-order/tree-preservation-order-tpo-e107193
https://static.luton.gov.uk/Environment/Lists/LutonDocuments/PDF/TPO/TPO_E107193%20Markfield%20Close%202006_Plan.PDF,pdf,https://www.luton.gov.uk/planning-building-control/planning/conservation-design-natural-environment/find-tree-preservation-order/tree-preservation-order-tpo-e107193
https://static.luton.gov.uk/Environment/Lists/LutonDocuments/PDF/TPO/TPO_E107194%20Cannon%20Lane%202007_Order&Plan.pdf,pdf,https://www.luton.gov.uk/planning-building-control/planning/conservation-design-natural-environment/find-tree-preservation-order/tree-preservation-order-tpo-e107194
https://static.luton.gov.uk/Environment/Lists/LutonDocuments/PDF/TPO/TPO_E107197%20103%20Ashcroft%20Road%202008_Order.PDF,pdf,https://www.luton.gov.uk/planning-building-control/planning/conservation-design-natural-environment/find-tree-preservation-order/tree-preservation-order-tpo-e107197
https://static.luton.gov.uk/Environment/Lists/LutonDocuments/PDF/TPO/TPO_E107197%20103%20Ashcroft%20Road%202008_Plan.PDF,pdf,https://www.luton.gov.uk/planning-building-control/planning/conservation-design-natural-environment/find-tree-preservation-order/tree-preservation-order-tpo-e107197
https://static.luton.gov.uk/Environment/Lists/LutonDocuments/PDF/TPO/TPO_E107197%20103%20Ashcroft%20Road%202008_Plan2.PDF,pdf,https://www.luton.gov.uk/planning-building-control/planning/conservation-design-natural-environment/find-tree-preservation-order/tree-preservation-order-tpo-e107197
https://static.luton.gov.uk/Environment/Lists/LutonDocuments/PDF/TPO/TPO_E107200%20Oakley%20Road%202009_Order.PDF,pdf,https://www.luton.gov.uk/planning-building-control/planning/conservation-design-natural-environment/find-tree-preservation-order/tree-preservation-order-tpo-e107200
https://static.luton.gov.uk/Environment/Lists/LutonDocuments/PDF/TPO/TPO_E107200%20Oakley%20Road%202009_Plan.PDF,pdf,https://www.luton.gov.uk/planning-building-control/planning/conservation-design-natural-environment/find-tree-preservation-order/tree-preservation-order-tpo-e107200
https://static.luton.gov.uk/Environment/Lists/LutonDocuments/PDF/TPO/TPO_E107200%20Oakley%20Road%202009_Plan2.PDF,pdf,https://www.luton.gov.uk/planning-building-control/planning/conservation-design-natural-environment/find-tree-preservation-order/tree-preservation-order-tpo-e107200
https://static.luton.gov.uk/Environment/Lists/LutonDocuments/PDF/TPO/TPO_E107202%20Old%20Bedford%20Road%20%202008_Order.PDF,pdf,https://www.luton.gov.uk/planning-building-control/planning/conservation-design-natural-environment/find-tree-preservation-order/tree-preservation-order-tpo-e107202
https://static.luton.gov.uk/Environment/Lists/LutonDocuments/PDF/TPO/TPO_E107204%20Startpoint%202015%20Order.pdf,pdf,https://www.luton.gov.uk/planning-building-control/planning/conservation-design-natural-environment/find-tree-preservation-order/tree-preservation-order-tpo-e107204
https://static.luton.gov.uk/Environment/Lists/LutonDocuments/PDF/TPO/TPO_E107204%20Startpoint%202015%20Plan%2001.pdf,pdf,https://www.luton.gov.uk/planning-building-control/planning/conservation-design-natural-environment/find-tree-preservation-order/tree-preservation-order-tpo-e107204
https://static.luton.gov.uk/Environment/Lists/LutonDocuments/PDF/TPO/TPO_E107204%20Startpoint%202015%20Plan%2002.pdf,pdf,https://www.luton.gov.uk/planning-building-control/planning/conservation-design-natural-environment/find-tree-preservation-order/tree-preservation-order-tpo-e107204
https://www.luton.gov.uk/sites/default/files/2026-01/The%20British%20Horse%20Society%20Register%20of%20Definitive%20Map%20Modification%20Order%20Application.pdf,pdf,https://www.luton.gov.uk/parking-streets-transport/rights-way-accessing-land/find-public-right-way/register-modification-requests
https://www.luton.gov.uk/sites/default/files/2026-01/The%20British%20Horse%20Society%20application%20for%20modification%20to%20definitive%20map%20and%20statement.pdf,pdf,https://www.luton.gov.uk/parking-streets-transport/rights-way-accessing-land/find-public-right-way/register-modification-requests
https://www.luton.gov.uk/sites/default/files/2025-11/The%20Council%20Tax%20Reduction%20Scheme%20Rules%202021%20%28pensioners%29.pdf,pdf,https://www.luton.gov.uk/benefits-financial-help/council-tax-reduction/make-claim-council-tax-reduction
https://www.luton.gov.uk/sites/default/files/2025-11/The%20Council%20Tax%20Reduction%20Scheme%20Rules%202021%20%28working%20age%20applicants%29.pdf,pdf,https://www.luton.gov.uk/benefits-financial-help/council-tax-reduction/make-claim-council-tax-reduction
https://www.luton.gov.uk/sites/default/files/migrated/Environment/Lists/LutonDocuments/PDF/Planning/Development%20Control/Town-centre-conservation-area.pdf,pdf,https://www.luton.gov.uk/planning-building-control/planning/conservation-design-natural-environment/conservation-areas
https://www.luton.gov.uk/sites/default/files/2025-11/Valuation%20of%20interest%20in%20property%20or%20land.pdf,pdf,https://www.luton.gov.uk/benefits-financial-help/benefit-supporting-documents/supporting-documents-benefit-claim-or-change-circumstances
https://www.luton.gov.uk/system/files/file-visibility/migrated/Council_government_and_democracy/Lists/LutonDocuments/PDF/Voting%20and%20elections/Election-2023/Vauxhall-count.pdf,pdf,https://www.luton.gov.uk/council-elections/elections-voting/election-results/local-election-results/local-election-results-2023/vauxhall
https://www.luton.gov.uk/system/files/file-visibility/migrated/Council_government_and_democracy/Lists/LutonDocuments/PDF/Voting%20and%20elections/Election-2023/Wigmore-count.pdf,pdf,https://www.luton.gov.uk/council-elections/elections-voting/election-results/local-election-results/local-election-results-2023/wigmore
https://www.luton.gov.uk/sites/default/files/2025-11/Your-benefit-award-explained.pdf,pdf,https://www.luton.gov.uk/benefits-financial-help/make-benefit-enquiry-dispute-or-appeal
https://www.luton.gov.uk/sites/default/files/migrated/Environment/Lists/LutonDocuments/PDF/Planning/Planning%20Aplications/administration-fees-for-invalid-applications.pdf,pdf,https://www.luton.gov.uk/planning-building-control/planning/get-planning-permission/planning-application-forms-biodiversity-validation-guidance/biodiversity-net-gain
https://www.luton.gov.uk/sites/default/files/2025-12/agenda-december-2024.pdf,pdf,https://www.luton.gov.uk/parking-streets-transport/travel-transport/local-access-forum/local-access-forum-papers-agendas-minutes
https://www.luton.gov.uk/sites/default/files/2025-12/agenda-june-2025.pdf,pdf,https://www.luton.gov.uk/parking-streets-transport/travel-transport/local-access-forum/local-access-forum-papers-agendas-minutes
https://www.luton.gov.uk/sites/default/files/2025-12/agenda-march-2025.pdf,pdf,https://www.luton.gov.uk/parking-streets-transport/travel-transport/local-access-forum/local-access-forum-papers-agendas-minutes
https://www.luton.gov.uk/sites/default/files/migrated/Council_government_and_democracy/Lists/LutonDocuments/PDF/Overview%20and%20scrutiny/annual-Overview%20and%20scrutiny%20annual%20report%202001-02.pdf,pdf,https://www.luton.gov.uk/council-elections/councillors-committees/overview-scrutiny
https://www.luton.gov.uk/sites/default/files/migrated/Council_government_and_democracy/Lists/LutonDocuments/PDF/Overview%20and%20scrutiny/annual-Overview%20and%20scrutiny%20annual%20report%202002-03.pdf,pdf,https://www.luton.gov.uk/council-elections/councillors-committees/overview-scrutiny
https://www.luton.gov.uk/sites/default/files/migrated/Council_government_and_democracy/Lists/LutonDocuments/PDF/Overview%20and%20scrutiny/annual-Overview%20and%20scrutiny%20annual%20report%202003-04.pdf,pdf,https://www.luton.gov.uk/council-elections/councillors-committees/overview-scrutiny
https://www.luton.gov.uk/sites/default/files/migrated/Council_government_and_democracy/Lists/LutonDocuments/PDF/Overview%20and%20scrutiny/annual-Overview%20and%20scrutiny%20annual%20report%202004-05.pdf,pdf,https://www.luton.gov.uk/council-elections/councillors-committees/overview-scrutiny
https://www.luton.gov.uk/sites/default/files/migrated/Council_government_and_democracy/Lists/LutonDocuments/PDF/Overview%20and%20scrutiny/annual-Overview%20and%20scrutiny%20annual%20report%202005-06.pdf,pdf,https://www.luton.gov.uk/council-elections/councillors-committees/overview-scrutiny
https://www.luton.gov.uk/sites/default/files/migrated/Council_government_and_democracy/Lists/LutonDocuments/PDF/Overview%20and%20scrutiny/annual-Overview%20and%20scrutiny%20annual%20report%202006-07.pdf,pdf,https://www.luton.gov.uk/council-elections/councillors-committees/overview-scrutiny
https://www.luton.gov.uk/sites/default/files/migrated/Council_government_and_democracy/Lists/LutonDocuments/PDF/Overview%20and%20scrutiny/annual-Overview%20and%20scrutiny%20annual%20report%202007-08.pdf,pdf,https://www.luton.gov.uk/council-elections/councillors-committees/overview-scrutiny
https://www.luton.gov.uk/sites/default/files/migrated/Council_government_and_democracy/Lists/LutonDocuments/PDF/Overview%20and%20scrutiny/annual-Overview%20and%20scrutiny%20annual%20report%202008-09.pdf,pdf,https://www.luton.gov.uk/council-elections/councillors-committees/overview-scrutiny
https://www.luton.gov.uk/sites/default/files/migrated/Council_government_and_democracy/Lists/LutonDocuments/PDF/Overview%20and%20scrutiny/annual-Overview%20and%20scrutiny%20annual%20report%202009-10.pdf,pdf,https://www.luton.gov.uk/council-elections/councillors-committees/overview-scrutiny
https://www.luton.gov.uk/sites/default/files/migrated/Council_government_and_democracy/Lists/LutonDocuments/PDF/Overview%20and%20scrutiny/annual-Overview%20and%20scrutiny%20annual%20report%202010-11.pdf,pdf,https://www.luton.gov.uk/council-elections/councillors-committees/overview-scrutiny
https://www.luton.gov.uk/sites/default/files/migrated/Council_government_and_democracy/Lists/LutonDocuments/PDF/Overview%20and%20scrutiny/annual-Overview%20and%20scrutiny%20annual%20report%202011-12.pdf,pdf,https://www.luton.gov.uk/council-elections/councillors-committees/overview-scrutiny
https://www.luton.gov.uk/sites/default/files/migrated/Council_government_and_democracy/Lists/LutonDocuments/PDF/Overview%20and%20scrutiny/annual-Overview%20and%20scrutiny%20annual%20report%202012-13.pdf,pdf,https://www.luton.gov.uk/council-elections/councillors-committees/overview-scrutiny
https://www.luton.gov.uk/sites/default/files/migrated/Council_government_and_democracy/Lists/LutonDocuments/PDF/Overview%20and%20scrutiny/annual-Overview%20and%20scrutiny%20annual%20report%202013-14.pdf,pdf,https://www.luton.gov.uk/council-elections/councillors-committees/overview-scrutiny
https://www.luton.gov.uk/sites/default/files/migrated/Council_government_and_democracy/Lists/LutonDocuments/PDF/Overview%20and%20scrutiny/annual-Overview%20and%20scrutiny%20annual%20report%202014-15.pdf,pdf,https://www.luton.gov.uk/council-elections/councillors-committees/overview-scrutiny
https://www.luton.gov.uk/sites/default/files/migrated/Council_government_and_democracy/Lists/LutonDocuments/PDF/Overview%20and%20scrutiny/annual-Overview%20and%20scrutiny%20annual%20report%202015-16.pdf,pdf,https://www.luton.gov.uk/council-elections/councillors-committees/overview-scrutiny
https://www.luton.gov.uk/sites/default/files/migrated/Council_government_and_democracy/Lists/LutonDocuments/PDF/Overview%20and%20scrutiny/annual-Overview%20and%20scrutiny%20annual%20report%202016-17.pdf,pdf,https://www.luton.gov.uk/council-elections/councillors-committees/overview-scrutiny
https://www.luton.gov.uk/sites/default/files/2026-02/annual-corporate-complaints-report-2023-24.pdf,pdf,https://www.luton.gov.uk/council-elections/strategies-policies-plans/corporate-complaints-policy
https://www.luton.gov.uk/sites/default/files/2026-02/anonymisation-and-pseudonymisation-policy.pdf,pdf,https://www.luton.gov.uk/council-elections/strategies-policies-plans/anonymisation-pseudonymisation-policy
https://www.luton.gov.uk/sites/default/files/2026-08/appendix-1-funding-faqs_0.pdf,pdf,https://www.luton.gov.uk/health-social-care/children-young-people-families/family-support/family-information-service-fis/luton-provider-agreement
https://www.luton.gov.uk/sites/default/files/2026-02/application-form-for-hedgerow-removal-notice.pdf,pdf,https://www.luton.gov.uk/planning-building-control/planning/get-planning-permission/planning-application-forms-biodiversity-validation-guidance/trees-hedgerow-forms
https://www.luton.gov.uk/sites/default/files/2026-02/application-form-for-tree-works.pdf,pdf,https://www.luton.gov.uk/planning-building-control/planning/get-planning-permission/planning-application-forms-biodiversity-validation-guidance/trees-hedgerow-forms
https://www.luton.gov.uk/sites/default/files/2026-01/barnfield.pdf,pdf,https://www.luton.gov.uk/council-elections/councillors-committees/council-wards
https://www.luton.gov.uk/sites/default/files/2026-01/beech-hill.pdf,pdf,https://www.luton.gov.uk/council-elections/councillors-committees/council-wards
https://www.luton.gov.uk/sites/default/files/2026-02/bid-ballot-2024.pdf,pdf,https://www.luton.gov.uk/council-elections/elections-voting/election-results/parent-governor-bid-ballots
https://www.luton.gov.uk/sites/default/files/2026-05/biodiversity-net-gain-planning-applications-requirements-2025.pdf,pdf,https://www.luton.gov.uk/planning-building-control/planning/get-planning-permission/planning-application-forms-biodiversity-validation-guidance/biodiversity-net-gain
https://www.luton.gov.uk/sites/default/files/2026-07/birch-link-dunstable-road-open-space-notice-july-2026.pdf,pdf,https://www.luton.gov.uk/planning-building-control/planning/land-premises/assets-community-value-community-right-bid
https://www.luton.gov.uk/sites/default/files/2026-01/biscot.pdf,pdf,https://www.luton.gov.uk/council-elections/councillors-committees/council-wards
https://www.luton.gov.uk/sites/default/files/2026-01/bramingham.pdf,pdf,https://www.luton.gov.uk/council-elections/councillors-committees/council-wards
https://www.luton.gov.uk/sites/default/files/2026-07/brantwood-park-management-plan-2020-30.pdf,pdf,https://www.luton.gov.uk/leisure-parks-culture/parks-recreation/parks-management-plans
https://www.luton.gov.uk/sites/default/files/migrated/Health_and_social_care/Lists/LutonDocuments/PDF/care-leavers-charter.pdf,pdf,https://www.luton.gov.uk/health-social-care/children-young-people-families/childrens-social-care/care-leavers-local-offer/luton-care-leavers-charter
https://www.luton.gov.uk/system/files/file-visibility/2026-02/care-leavers-local-offer.pdf,pdf,https://www.luton.gov.uk/health-social-care/children-young-people-families/childrens-social-care/care-leavers-local-offer/download-care-leavers-local-offer
https://www.luton.gov.uk/system/files/file-visibility/migrated/Health_and_social_care/Lists/LutonDocuments/PDF/care-leavers-local-offer.pdf,pdf,https://www.luton.gov.uk/health-social-care/children-young-people-families/childrens-social-care/care-leavers-local-offer/useful-contacts-care-leavers
https://www.luton.gov.uk/sites/default/files/2026-01/central.pdf,pdf,https://www.luton.gov.uk/council-elections/councillors-committees/council-wards
https://www.luton.gov.uk/system/files/file-visibility/migrated/Council_government_and_democracy/Lists/LutonDocuments/PDF/Voting%20and%20elections/local-by-election-september-2024/certificate-of-result-barnfield-by-election-2024.pdf,pdf,https://www.luton.gov.uk/council-elections/elections-voting/election-results/local-election-results/election-results/barnfield-election-2024
https://www.luton.gov.uk/system/files/file-visibility/migrated/Council_government_and_democracy/Lists/LutonDocuments/PDF/Voting%20and%20elections/certificate-of-result-dallow-ward-by-election-2022.pdf,pdf,https://www.luton.gov.uk/council-elections/elections-voting/election-results/local-election-results/election-results/dallow-election-2022
https://www.luton.gov.uk/system/files/file-visibility/migrated/Council_government_and_democracy/Lists/LutonDocuments/PDF/Voting%20and%20elections/election-july-2024/certificate-of-result-luton-north.pdf,pdf,https://www.luton.gov.uk/council-elections/elections-voting/election-results/general-election-results/general-election-results-2024
https://www.luton.gov.uk/system/files/file-visibility/migrated/Council_government_and_democracy/Lists/LutonDocuments/PDF/Voting%20and%20elections/election-july-2024/certificate-of-result-luton-south-and-south-beds.pdf,pdf,https://www.luton.gov.uk/council-elections/elections-voting/election-results/general-election-results/general-election-results-2024
https://www.luton.gov.uk/system/files/file-visibility/migrated/Council_government_and_democracy/Lists/LutonDocuments/PDF/Voting%20and%20elections/certificate-of-result-south-ward-by-election-2021.pdf,pdf,https://www.luton.gov.uk/council-elections/elections-voting/election-results/local-election-results/election-results/south-ward-election-2021
https://www.luton.gov.uk/sites/default/files/migrated/Council_government_and_democracy/Lists/LutonDocuments/PDF/Voting%20and%20elections/stopsley-byelection-2025/certificate-of-result-stopsley-by-election-2025.pdf,pdf,https://www.luton.gov.uk/council-elections/elections-voting/election-results/local-election-results/election-results/stopsley-election-2025
https://www.luton.gov.uk/sites/default/files/2026-04/certificate-of-result-wigmore-2026.pdf,pdf,https://www.luton.gov.uk/council-elections/elections-voting/election-results/local-election-results/election-results/wigmore-election-2026
https://www.luton.gov.uk/system/files/file-visibility/migrated/Council_government_and_democracy/Lists/LutonDocuments/PDF/Voting%20and%20elections/local-by-election-september-2024/certificate-of-result-wigmore-by-election-2024.pdf,pdf,https://www.luton.gov.uk/council-elections/elections-voting/election-results/local-election-results/election-results/wigmore-election-2024
https://www.luton.gov.uk/sites/default/files/2026-01/challney.pdf,pdf,https://www.luton.gov.uk/council-elections/councillors-committees/council-wards
https://www.luton.gov.uk/sites/default/files/migrated/Health_and_social_care/Lists/LutonDocuments/PDF/Children%20and%20Families/childcare-sufficiency-assessment-2022.pdf,pdf,https://www.luton.gov.uk/schools-education/early-years-education-childcare/childcare-reports-surveys
https://www.luton.gov.uk/sites/default/files/migrated/Health_and_social_care/Lists/LutonDocuments/PDF/Children%20and%20Families/childcare-sufficiency-assessment-2023.pdf,pdf,https://www.luton.gov.uk/schools-education/early-years-education-childcare/childcare-reports-surveys
https://www.luton.gov.uk/sites/default/files/migrated/Health_and_social_care/Lists/LutonDocuments/PDF/Children%20and%20Families/childcare-sufficiency-assessment-2024.pdf,pdf,https://www.luton.gov.uk/schools-education/early-years-education-childcare/childcare-reports-surveys
https://www.luton.gov.uk/sites/default/files/migrated/Health_and_social_care/Lists/LutonDocuments/PDF/Children%20and%20Families/childcare-sufficiency-assessment-2025.pdf,pdf,https://www.luton.gov.uk/schools-education/early-years-education-childcare/childcare-reports-surveys
https://www.luton.gov.uk/sites/default/files/2026-06/climate-change-team-overview.pdf,pdf,https://www.luton.gov.uk/parking-streets-transport/travel-transport/local-access-forum/local-access-forum-papers-agendas-minutes
https://www.luton.gov.uk/sites/default/files/2026-07/common-land-notice-bells-close-10-July-2026.pdf,pdf,https://www.luton.gov.uk/planning-building-control/planning/land-premises/assets-community-value-community-right-bid
https://www.luton.gov.uk/sites/default/files/2026-07/common-land-notice-the-moor-10-July-2026.pdf,pdf,https://www.luton.gov.uk/planning-building-control/planning/land-premises/assets-community-value-community-right-bid
https://www.luton.gov.uk/system/files/file-visibility/migrated/Education_and_learning/Lists/LutonDocuments/PDF/Admissions/community-schools-admission-arrangements-2025.pdf,pdf,https://www.luton.gov.uk/schools-education/schools-colleges/appeals-policies-arrangements-schools/community-schools-admission-appeal-arrangements
https://www.luton.gov.uk/system/files/file-visibility/migrated/Education_and_learning/Lists/LutonDocuments/PDF/Admissions/community-schools-admission-arrangements-2026.pdf,pdf,https://www.luton.gov.uk/schools-education/schools-colleges/appeals-policies-arrangements-schools/community-schools-admission-appeal-arrangements
https://www.luton.gov.uk/sites/default/files/2026-01/complaints-procedure.pdf,pdf,https://www.luton.gov.uk/council-elections/councillors-committees/constitution-how-decisions-are-made
https://www.luton.gov.uk/sites/default/files/2026-01/complaints-procedure_0.pdf,pdf,https://www.luton.gov.uk/council-elections/strategies-policies-plans/corporate-complaints-policy
https://www.luton.gov.uk/sites/default/files/2026-07/crisis-and-resilience-fund-application-guidance.pdf,pdf,https://www.luton.gov.uk/benefits-financial-help/additional-financial-support/crisis-resilience-fund
https://www.luton.gov.uk/sites/default/files/2026-01/dallow.pdf,pdf,https://www.luton.gov.uk/council-elections/councillors-committees/council-wards
https://www.luton.gov.uk/sites/default/files/2026-06/definitive-map-project-update-june-2026.pdf,pdf,https://www.luton.gov.uk/parking-streets-transport/travel-transport/local-access-forum/local-access-forum-papers-agendas-minutes
https://www.luton.gov.uk/sites/default/files/migrated/Education_and_learning/Lists/LutonDocuments/PDF/diverse-curriculum-materials-september-2025.pdf,pdf,https://www.luton.gov.uk/schools-education/schools-colleges/curriculum-guidance/diverse-curriculum-materials
https://www.luton.gov.uk/sites/default/files/2025-12/draft-annual-report-2025.pdf,pdf,https://www.luton.gov.uk/parking-streets-transport/travel-transport/local-access-forum/local-access-forum-papers-agendas-minutes
https://www.luton.gov.uk/sites/default/files/2025-12/draft-equality-impact-assessment.pdf,pdf,https://www.luton.gov.uk/council-elections/strategies-policies-plans/local-transport-plan-ltp-5
https://www.luton.gov.uk/sites/default/files/2025-12/draft-health-impact-assessment.pdf,pdf,https://www.luton.gov.uk/council-elections/strategies-policies-plans/local-transport-plan-ltp-5
https://www.luton.gov.uk/sites/default/files/2025-12/draft-integrated-impact-assessment.pdf,pdf,https://www.luton.gov.uk/council-elections/strategies-policies-plans/local-transport-plan-ltp-5
https://www.luton.gov.uk/sites/default/files/2026-03/enforcement-charter.pdf,pdf,https://www.luton.gov.uk/planning-building-control/planning/planning-enforcement
https://www.luton.gov.uk/sites/default/files/2025-12/ev-chargepoint-strategy.pdf,pdf,https://www.luton.gov.uk/council-elections/strategies-policies-plans/electric-vehicle-charge-point-strategy
https://www.luton.gov.uk/system/files/file-visibility/migrated/Council_government_and_democracy/Lists/LutonDocuments/PDF/Voting%20and%20elections/Election-2023/farley-uncontested.pdf,pdf,https://www.luton.gov.uk/council-elections/elections-voting/election-results/local-election-results/local-election-results-2023/local-election-results-2023-certificates-results
https://www.luton.gov.uk/sites/default/files/2026-01/farley.pdf,pdf,https://www.luton.gov.uk/council-elections/councillors-committees/council-wards
https://www.luton.gov.uk/sites/default/files/migrated/Environment/Lists/LutonDocuments/PDF/Planning/Development%20Control/fast-track-criteria.pdf,pdf,https://www.luton.gov.uk/planning-building-control/planning/get-planning-permission/guide-planning-applications/planning-application-engagement-process
https://www.luton.gov.uk/sites/default/files/migrated/Council_government_and_democracy/Lists/LutonDocuments/PDF/Overview%20and%20scrutiny/final-01%20-%20Aquatic%20centre%20-%20May%202010.pdf,pdf,https://www.luton.gov.uk/council-elections/councillors-committees/overview-scrutiny
https://www.luton.gov.uk/sites/default/files/migrated/Council_government_and_democracy/Lists/LutonDocuments/PDF/Overview%20and%20scrutiny/final-02%20-%20Day%20care%20opportunities%20-%20June%202010.pdf,pdf,https://www.luton.gov.uk/council-elections/councillors-committees/overview-scrutiny
https://www.luton.gov.uk/sites/default/files/migrated/Council_government_and_democracy/Lists/LutonDocuments/PDF/Overview%20and%20scrutiny/final-03%20-%20Fear%20of%20crime%20-%20August%202010.pdf,pdf,https://www.luton.gov.uk/council-elections/councillors-committees/overview-scrutiny
https://www.luton.gov.uk/sites/default/files/migrated/Council_government_and_democracy/Lists/LutonDocuments/PDF/Overview%20and%20scrutiny/final-04%20-%20Tackling%20alcohol%20related%20crime%20and%20disorder%20-%20January%202011.pdf,pdf,https://www.luton.gov.uk/council-elections/councillors-committees/overview-scrutiny
https://www.luton.gov.uk/sites/default/files/migrated/Council_government_and_democracy/Lists/LutonDocuments/PDF/Overview%20and%20scrutiny/final-05%20-%20Job%20creation%20and%20economic%20growth%20-%20March%202011.pdf,pdf,https://www.luton.gov.uk/council-elections/councillors-committees/overview-scrutiny
https://www.luton.gov.uk/sites/default/files/migrated/Council_government_and_democracy/Lists/LutonDocuments/PDF/Overview%20and%20scrutiny/final-06%20-%20Local%20bus%20services%20-%20August%202012.pdf,pdf,https://www.luton.gov.uk/council-elections/councillors-committees/overview-scrutiny
https://www.luton.gov.uk/sites/default/files/migrated/Council_government_and_democracy/Lists/LutonDocuments/PDF/Overview%20and%20scrutiny/final-07%20-%20Empty%20homes%20-%20August%202012.pdf,pdf,https://www.luton.gov.uk/council-elections/councillors-committees/overview-scrutiny
https://www.luton.gov.uk/sites/default/files/migrated/Council_government_and_democracy/Lists/LutonDocuments/PDF/Overview%20and%20scrutiny/final-08%20-%20Discharge%20from%20hospital%20-%20July%202013.pdf,pdf,https://www.luton.gov.uk/council-elections/councillors-committees/overview-scrutiny
https://www.luton.gov.uk/sites/default/files/migrated/Council_government_and_democracy/Lists/LutonDocuments/PDF/Overview%20and%20scrutiny/final-09%20-%20Infant%20mortality%20-%20November%202013.pdf,pdf,https://www.luton.gov.uk/council-elections/councillors-committees/overview-scrutiny
https://www.luton.gov.uk/system/files/file-visibility/migrated/Council_government_and_democracy/Lists/LutonDocuments/PDF/Voting%20and%20elections/first-preference-votes-by-area.pdf,pdf,https://www.luton.gov.uk/council-elections/elections-voting/election-results/police-crime-commissioner-election-results/police-crime-commissioner-pcc-elections-2021
https://www.greenflagaward.org/media/svqcr0pa/green-flag-award-guidelines.pdf,pdf,https://www.luton.gov.uk/leisure-parks-culture/parks-recreation/parks-management-plans
https://www.luton.gov.uk/sites/default/files/2026-02/guidance_note-works_to_trees.pdf,pdf,https://www.luton.gov.uk/planning-building-control/planning/get-planning-permission/planning-application-forms-biodiversity-validation-guidance/trees-hedgerow-forms
https://www.luton.gov.uk/sites/default/files/2026-06/hatters-way-chaul-end-lane-roundabout-improvements-consultation-outcome.pdf,pdf,https://www.luton.gov.uk/parking-streets-transport/road-street-maintenance-improvements/hatters-way-chaul-end-lane-roundabout-improvements
https://www.luton.gov.uk/sites/default/files/2026-05/hatters-way-chaul-end-lane-roundabout-improvements-map.pdf,pdf,https://www.luton.gov.uk/parking-streets-transport/road-street-maintenance-improvements/hatters-way-chaul-end-lane-roundabout-improvements
https://www.luton.gov.uk/sites/default/files/2026-01/high-town.pdf,pdf,https://www.luton.gov.uk/council-elections/councillors-committees/council-wards
https://www.luton.gov.uk/sites/default/files/2026-09/how-to-apply-for-a-school-place-guide-2027.pdf,pdf,https://www.luton.gov.uk/schools-education/schools-colleges/apply-transfer-or-change-schools/step-by-step/change-your-childs-school-year-step-step/how-apply-change-schools-year
https://www.luton.gov.uk/sites/default/files/migrated/Environment/Lists/LutonDocuments/PDF/Planning/Development%20Control/in-app-advice-fees-new-2025.pdf,pdf,https://www.luton.gov.uk/planning-building-control/planning/get-planning-permission/guide-planning-applications/planning-application-engagement-process
https://www.luton.gov.uk/sites/default/files/migrated/Environment/Lists/LutonDocuments/PDF/Planning/Development%20Control/in-app-advice-note-january-2025.pdf,pdf,https://www.luton.gov.uk/planning-building-control/planning/get-planning-permission/guide-planning-applications/planning-application-engagement-process
https://www.luton.gov.uk/sites/default/files/2026-09/in-year-school-transfer-guide-2026-27.pdf,pdf,https://www.luton.gov.uk/schools-education/schools-colleges/apply-transfer-or-change-schools/step-by-step/change-your-childs-school-year-step-step/you-apply-change-schools
https://www.luton.gov.uk/sites/default/files/2026-02/jsna-this-is-Luton.pdf,pdf,https://www.luton.gov.uk/council-elections/statistics-census-information/key-facts-about-luton
https://www.luton.gov.uk/system/files/file-visibility/migrated/Health_and_social_care/Lists/LutonDocuments/PDF/Children%20and%20Families/Fostering/kinship-charity-carers-leaflet.pdf,pdf,https://www.luton.gov.uk/health-social-care/children-young-people-families/adoption-fostering/fostering/private-fostering
https://www.luton.gov.uk/sites/default/files/2025-12/laf-meeting-2-minutes-dec-24.pdf,pdf,https://www.luton.gov.uk/parking-streets-transport/travel-transport/local-access-forum/local-access-forum-papers-agendas-minutes
https://www.luton.gov.uk/sites/default/files/2026-06/laf-minutes-meeting-7.pdf,pdf,https://www.luton.gov.uk/parking-streets-transport/travel-transport/local-access-forum/local-access-forum-papers-agendas-minutes
https://www.luton.gov.uk/sites/default/files/2026-06/laf-presentation-ltp5.pdf,pdf,https://www.luton.gov.uk/parking-streets-transport/travel-transport/local-access-forum/local-access-forum-papers-agendas-minutes
https://www.luton.gov.uk/sites/default/files/2026-06/land-at-selsey-drive.pdf,pdf,https://www.luton.gov.uk/planning-building-control/planning/land-premises/assets-community-value-community-right-bid
https://www.luton.gov.uk/sites/default/files/migrated/Transport_and_streets/Lists/LutonDocuments/PDF/Engineering%20and%20Transportation/Cycling/Walking/lea%20valley%20walk.pdf,pdf,https://www.luton.gov.uk/planning-building-control/planning/land-premises/biodiversity-nature-conservation/our-natural-environment
https://www.luton.gov.uk/sites/default/files/2026-07/leagrave-park-management-plan-2020-30.pdf,pdf,https://www.luton.gov.uk/leisure-parks-culture/parks-recreation/parks-management-plans
https://www.luton.gov.uk/sites/default/files/2026-01/leagrave.pdf,pdf,https://www.luton.gov.uk/council-elections/councillors-committees/council-wards
https://www.luton.gov.uk/sites/default/files/2026-02/lewsey-tenancy-agreement-and-conditions-of-use-2025_1_1.pdf,pdf,https://www.luton.gov.uk/leisure-parks-culture/parks-recreation/allotment-gardening-luton
https://www.luton.gov.uk/sites/default/files/2026-01/lewsey.pdf,pdf,https://www.luton.gov.uk/council-elections/councillors-committees/council-wards
https://www.luton.gov.uk/sites/default/files/2026-08/local-cycling-and-walking-infrastructure-plan-executive-summary-2023-2033.pdf,pdf,https://www.luton.gov.uk/council-elections/strategies-policies-plans/local-cycling-walking-infrastructure-plan
https://www.luton.gov.uk/sites/default/files/2026-08/local-cycling-and-walking-infrastructure-plan-full-2023-2033.pdf,pdf,https://www.luton.gov.uk/council-elections/strategies-policies-plans/local-cycling-walking-infrastructure-plan
https://www.luton.gov.uk/sites/default/files/2026-08/local-cycling-and-walking-infrastructure-plan-proposed-cycle-network-2023-2033.pdf,pdf,https://www.luton.gov.uk/council-elections/strategies-policies-plans/local-cycling-walking-infrastructure-plan
https://www.luton.gov.uk/sites/default/files/2025-12/local-transport-plan-5-2026-2040.pdf,pdf,https://www.luton.gov.uk/council-elections/strategies-policies-plans/local-transport-plan-ltp-5
https://www.england.nhs.uk/wp-content/uploads/2014/09/ltc-infographic.pdf,pdf,https://www.luton.gov.uk/health-social-care/adult-social-care/eligibility-assessments-care-support/i-think-family-member-or-friend-might-need-care-support
https://www.luton.gov.uk/system/files/file-visibility/migrated/Health_and_social_care/Lists/LutonDocuments/PDF/Adult%20social%20care/luton-adult-social-care-commitment.pdf,pdf,https://www.luton.gov.uk/health-social-care/adult-social-care/eligibility-assessments-care-support/how-get-care-support
https://www.luton.gov.uk/sites/default/files/2026-09/luton-laf-rresponse-to-LLP-community-involvement-2026.pdf,pdf,https://www.luton.gov.uk/parking-streets-transport/travel-transport/local-access-forum/local-access-forum-papers-agendas-minutes
https://www.luton.gov.uk/sites/default/files/2026-06/luton-local-access-Forum-agenda-meeting-8.pdf,pdf,https://www.luton.gov.uk/parking-streets-transport/travel-transport/local-access-forum/local-access-forum-papers-agendas-minutes
https://www.luton.gov.uk/sites/default/files/2026-09/luton-local-access-forum-agenda-9.pdf,pdf,https://www.luton.gov.uk/parking-streets-transport/travel-transport/local-access-forum/local-access-forum-papers-agendas-minutes
https://www.luton.gov.uk/sites/default/files/2025-12/luton-local-access-forum-annual-report-2024-25.pdf,pdf,https://www.luton.gov.uk/parking-streets-transport/travel-transport/local-access-forum/local-access-forum-papers-agendas-minutes
https://www.luton.gov.uk/system/files/file-visibility/migrated/Environment/Lists/LutonDocuments/PDF/Planning/luton-local-list-buildings-of-local-architectural-or-historic-interest.pdf,pdf,https://www.luton.gov.uk/planning-building-control/planning/conservation-design-natural-environment/local-list-buildings-structures-local-or-historic-interest
https://www.luton.gov.uk/sites/default/files/2026-01/luton-north.pdf,pdf,https://www.luton.gov.uk/council-elections/elections-voting/parliamentary-constituencies
https://www.luton.gov.uk/sites/default/files/2026-02/luton-parking-strategy-2024-2030.pdf,pdf,https://www.luton.gov.uk/council-elections/strategies-policies-plans/parking-strategy
https://www.luton.gov.uk/sites/default/files/2026-01/luton-pna-2025_0_0.pdf,pdf,https://www.luton.gov.uk/council-elections/statistics-census-information/luton-joint-strategic-needs-assessment
https://www.luton.gov.uk/sites/default/files/2026-01/luton-pna-consultation-results-2025_0.pdf,pdf,https://www.luton.gov.uk/council-elections/statistics-census-information/luton-joint-strategic-needs-assessment
https://www.luton.gov.uk/sites/default/files/2026-08/luton-provider-agreement.pdf,pdf,https://www.luton.gov.uk/health-social-care/children-young-people-families/family-support/family-information-service-fis/luton-provider-agreement
https://www.luton.gov.uk/sites/default/files/2026-01/luton-south-and-south-bedfordshire.pdf,pdf,https://www.luton.gov.uk/council-elections/elections-voting/parliamentary-constituencies
https://www.luton.gov.uk/sites/default/files/2026-07/map-of-luton-wards.pdf,pdf,https://www.luton.gov.uk/council-elections/councillors-committees/council-wards
https://www.luton.gov.uk/sites/default/files/2025-12/meeting-3-minutes.pdf,pdf,https://www.luton.gov.uk/parking-streets-transport/travel-transport/local-access-forum/local-access-forum-papers-agendas-minutes
https://www.luton.gov.uk/sites/default/files/2025-12/meeting-4-minutes-september.pdf,pdf,https://www.luton.gov.uk/parking-streets-transport/travel-transport/local-access-forum/local-access-forum-papers-agendas-minutes
https://www.luton.gov.uk/sites/default/files/2025-12/meeting-5-agenda-september.pdf,pdf,https://www.luton.gov.uk/parking-streets-transport/travel-transport/local-access-forum/local-access-forum-papers-agendas-minutes
https://www.luton.gov.uk/sites/default/files/2025-12/meeting-5-minutes.pdf,pdf,https://www.luton.gov.uk/parking-streets-transport/travel-transport/local-access-forum/local-access-forum-papers-agendas-minutes
https://www.luton.gov.uk/sites/default/files/2025-12/meeting-6-agenda-december-2025.pdf,pdf,https://www.luton.gov.uk/parking-streets-transport/travel-transport/local-access-forum/local-access-forum-papers-agendas-minutes
https://www.luton.gov.uk/sites/default/files/2025-12/meeting-minutes-October-2024.pdf,pdf,https://www.luton.gov.uk/parking-streets-transport/travel-transport/local-access-forum/local-access-forum-papers-agendas-minutes
https://www.luton.gov.uk/sites/default/files/2026-07/memorial-park-management-plan-2020-30.pdf,pdf,https://www.luton.gov.uk/leisure-parks-culture/parks-recreation/parks-management-plans
https://www.luton.gov.uk/sites/default/files/2025-12/need-for-intervention-report.pdf,pdf,https://www.luton.gov.uk/council-elections/strategies-policies-plans/local-transport-plan-ltp-5
https://www.luton.gov.uk/sites/default/files/2026-01/northwell.pdf,pdf,https://www.luton.gov.uk/council-elections/councillors-committees/council-wards
https://www.luton.gov.uk/sites/default/files/2026-07/open-space-notice-birch-link-dunstable-road-july-2026.pdf,pdf,https://www.luton.gov.uk/planning-building-control/planning/land-premises/assets-community-value-community-right-bid
https://www.luton.gov.uk/system/files/file-visibility/migrated/Council_government_and_democracy/Lists/LutonDocuments/PDF/Voting%20and%20elections/paro-certificate-of-result-second-count.pdf,pdf,https://www.luton.gov.uk/council-elections/elections-voting/election-results/police-crime-commissioner-election-results/police-crime-commissioner-pcc-elections-2021
https://www.luton.gov.uk/sites/default/files/2026-01/part-3b-anti-fraud-anti-money-laundering-fraud-sanction.pdf,pdf,https://www.luton.gov.uk/council-elections/councillors-committees/constitution-how-decisions-are-made
https://www.luton.gov.uk/sites/default/files/2026-07/peoples-park-management-plan-2020-30.pdf,pdf,https://www.luton.gov.uk/leisure-parks-culture/parks-recreation/parks-management-plans
https://www.luton.gov.uk/sites/default/files/migrated/Health_and_social_care/Lists/LutonDocuments/PDF/Fostering/plac-Lutons-virtual-school-leaflet.pdf,pdf,https://www.luton.gov.uk/health-social-care/children-young-people-families/adoption-fostering/fostering/kinship-care
https://www.luton.gov.uk/system/files/file-visibility/migrated/Environment/Lists/LutonDocuments/PDF/Tree%20preservation%20orders%20and%20register/plaiters-lea-conservation-area-appraisal-june-2020.pdf,pdf,https://www.luton.gov.uk/planning-building-control/planning/conservation-design-natural-environment/conservation-area-appraisals-management-plans
https://www.luton.gov.uk/system/files/file-visibility/migrated/Environment/Lists/LutonDocuments/PDF/Tree%20preservation%20orders%20and%20register/plaiters-lea-management-plan.pdf,pdf,https://www.luton.gov.uk/planning-building-control/planning/conservation-design-natural-environment/conservation-area-appraisals-management-plans
https://www.luton.gov.uk/sites/default/files/2026-05/planning-application-requirements-2025.pdf,pdf,https://www.luton.gov.uk/planning-building-control/planning/get-planning-permission/planning-application-forms-biodiversity-validation-guidance/biodiversity-net-gain
https://www.luton.gov.uk/sites/default/files/2026-01/poets.pdf,pdf,https://www.luton.gov.uk/council-elections/councillors-committees/council-wards
https://www.luton.gov.uk/sites/default/files/migrated/Environment/Lists/LutonDocuments/PDF/Planning/Development%20Control/pre-application-advice-charges-advice-note-january-2025.pdf,pdf,https://www.luton.gov.uk/planning-building-control/planning/get-planning-permission/guide-planning-applications/planning-application-engagement-process
https://www.luton.gov.uk/sites/default/files/migrated/Environment/Lists/LutonDocuments/PDF/Planning/Development%20Control/pre-application-fees-new-2025.pdf,pdf,https://www.luton.gov.uk/planning-building-control/planning/get-planning-permission/guide-planning-applications/planning-application-engagement-process
https://www.luton.gov.uk/system/files/file-visibility/migrated/Health_and_social_care/Lists/LutonDocuments/PDF/Fostering/private-fostering-leaflet-2025.pdf,pdf,https://www.luton.gov.uk/health-social-care/children-young-people-families/adoption-fostering/fostering/private-fostering
https://www.luton.gov.uk/system/files/file-visibility/migrated/Health_and_social_care/Lists/LutonDocuments/PDF/private-fostering-leaflet-bengali.pdf,pdf,https://www.luton.gov.uk/health-social-care/children-young-people-families/adoption-fostering/fostering/private-fostering
https://www.luton.gov.uk/system/files/file-visibility/migrated/Health_and_social_care/Lists/LutonDocuments/PDF/private-fostering-leaflet-polish.pdf,pdf,https://www.luton.gov.uk/health-social-care/children-young-people-families/adoption-fostering/fostering/private-fostering
https://www.luton.gov.uk/system/files/file-visibility/migrated/Health_and_social_care/Lists/LutonDocuments/PDF/private-fostering-leaflet-romanian.pdf,pdf,https://www.luton.gov.uk/health-social-care/children-young-people-families/adoption-fostering/fostering/private-fostering
https://www.luton.gov.uk/system/files/file-visibility/migrated/Health_and_social_care/Lists/LutonDocuments/PDF/private-fostering-leaflet-urdu.pdf,pdf,https://www.luton.gov.uk/health-social-care/children-young-people-families/adoption-fostering/fostering/private-fostering
https://www.luton.gov.uk/sites/default/files/2026-06/public-notice-selsey-drive-green-space.pdf,pdf,https://www.luton.gov.uk/planning-building-control/planning/land-premises/assets-community-value-community-right-bid
https://www.luton.gov.uk/sites/default/files/migrated/Environment/Lists/LutonDocuments/PDF/public-notice-wigmore-valley-park.pdf,pdf,https://www.luton.gov.uk/planning-building-control/planning/land-premises/assets-community-value-community-right-bid
https://www.luton.gov.uk/sites/default/files/2025-12/public-survey-and-stakeholder-engagement-report.pdf,pdf,https://www.luton.gov.uk/council-elections/strategies-policies-plans/local-transport-plan-ltp-5
https://www.luton.gov.uk/sites/default/files/2026-01/round-green.pdf,pdf,https://www.luton.gov.uk/council-elections/councillors-committees/council-wards
https://www.luton.gov.uk/sites/default/files/2026-01/saints.pdf,pdf,https://www.luton.gov.uk/council-elections/councillors-committees/council-wards
https://www.luton.gov.uk/sites/default/files/2025-12/sca-crawley-green-road-safety-camera-accident-data-form-2018.pdf,pdf,https://www.luton.gov.uk/parking-streets-transport/road-safety/safer-speed-speed-cameras
https://www.luton.gov.uk/sites/default/files/2025-12/sca-montrose-ave-safety-07-08-camera-accident-data-form-2018.pdf,pdf,https://www.luton.gov.uk/parking-streets-transport/road-safety/safer-speed-speed-cameras
https://www.luton.gov.uk/sites/default/files/2025-12/sca-montrose-avenue-09-10-safety-camera-accident-data-form-2018.pdf,pdf,https://www.luton.gov.uk/parking-streets-transport/road-safety/safer-speed-speed-cameras
https://www.luton.gov.uk/sites/default/files/2025-12/sca-stuart-street-17-18-safety-camera-accident-data-form-2018.pdf,pdf,https://www.luton.gov.uk/parking-streets-transport/road-safety/safer-speed-speed-cameras
https://www.luton.gov.uk/sites/default/files/2025-12/sca-stuart-street-21-safety-camera-accident-data-form-2018.pdf,pdf,https://www.luton.gov.uk/parking-streets-transport/road-safety/safer-speed-speed-cameras
https://www.luton.gov.uk/sites/default/files/migrated/Environment/Lists/LutonDocuments/PDF/Planning/Development%20Control/scales-of-charges-new-2025.pdf,pdf,https://www.luton.gov.uk/planning-building-control/planning/get-planning-permission/guide-planning-applications/planning-application-engagement-process
https://www.luton.gov.uk/sites/default/files/2026-03/scheme-of%20charges-bc.pdf,pdf,https://www.luton.gov.uk/planning-building-control/building-control/building-control-advice/building-control-fees-charges-payment-methods
https://www.luton.gov.uk/sites/default/files/migrated/Environment/Lists/LutonDocuments/PDF/Planning/Development%20Control/scheme-of-delegation-development-control-committee.pdf,pdf,https://www.luton.gov.uk/planning-building-control/planning/get-planning-permission/guide-planning-applications/when-application-considered-committee
https://www.luton.gov.uk/sites/default/files/2026-05/self-or-custom-build-proforma-for-biodiversity-net-gain.pdf,pdf,https://www.luton.gov.uk/planning-building-control/planning/get-planning-permission/planning-application-forms-biodiversity-validation-guidance/biodiversity-net-gain
https://www.luton.gov.uk/sites/default/files/2026-01/south.pdf,pdf,https://www.luton.gov.uk/council-elections/councillors-committees/council-wards
https://www.luton.gov.uk/sites/default/files/2026-07/stockwood-park-management-plan-2020-30.pdf,pdf,https://www.luton.gov.uk/leisure-parks-culture/parks-recreation/parks-management-plans
https://www.luton.gov.uk/sites/default/files/2026-01/stopsley.pdf,pdf,https://www.luton.gov.uk/council-elections/councillors-committees/council-wards
https://www.luton.gov.uk/sites/default/files/2026-05/sufficiency-strategy-2026.pdf,pdf,https://www.luton.gov.uk/council-elections/strategies-policies-plans/sufficiency-strategy
https://www.luton.gov.uk/sites/default/files/2026-01/sundon-park.pdf,pdf,https://www.luton.gov.uk/council-elections/councillors-committees/council-wards
https://www.luton.gov.uk/sites/default/files/2025-12/transport-strategy.pdf,pdf,https://www.luton.gov.uk/council-elections/strategies-policies-plans/local-transport-plan-ltp-5
https://www.luton.gov.uk/sites/default/files/2026-05/travel-assistance-policy-0-25-year-olds-education.pdf,pdf,https://www.luton.gov.uk/council-elections/strategies-policies-plans/travel-assistance-policy-0-25-year-olds-education
https://www.luton.gov.uk/sites/default/files/2026-05/validation-checklist-householder-application.pdf,pdf,https://www.luton.gov.uk/planning-building-control/planning/get-planning-permission/planning-application-forms-biodiversity-validation-guidance
https://www.luton.gov.uk/sites/default/files/2026-01/vauxhall.pdf,pdf,https://www.luton.gov.uk/council-elections/councillors-committees/council-wards
https://www.luton.gov.uk/sites/default/files/2026-07/wardown-park-management-plan-2020-30.pdf,pdf,https://www.luton.gov.uk/leisure-parks-culture/parks-recreation/parks-management-plans
https://www.luton.gov.uk/sites/default/files/migrated/Environment/Lists/LutonDocuments/PDF/wigmore-valley-park-open-space-notice-plan.pdf,pdf,https://www.luton.gov.uk/planning-building-control/planning/land-premises/assets-community-value-community-right-bid
https://www.luton.gov.uk/sites/default/files/2026-01/wigmore.pdf,pdf,https://www.luton.gov.uk/council-elections/councillors-committees/council-wards
