url,type,referer
https://www.rijksoverheid.nl,page,
https://www.rijksoverheid.nl/service/kwetsbaarheid-melden,page,
https://www.rijksoverheid.nl/opendata,page,
https://www.rijksoverheid.nl/service/toegankelijkheid,page,
https://www.rijksoverheid.nl/service/ai-gebruik,page,
https://www.rijksoverheid.nl/service/cookies,page,
https://www.rijksoverheid.nl/service/privacy,page,
https://www.rijksoverheid.nl/service/copyright,page,
https://www.rijksoverheid.nl/over-rijksoverheid-nl,page,
https://www.rijksoverheid.nl/service/archief,page,
https://www.rijksoverheid.nl/sitemap,page,
https://www.rijksoverheid.nl/service/vacatures,page,
https://www.rijksoverheid.nl/service/rss,page,
https://www.rijksoverheid.nl/documenten,page,
https://www.rijksoverheid.nl/abonneren,page,
https://www.rijksoverheid.nl/service/contact,page,
https://www.rijksoverheid.nl/themas/overheid-en-democratie/overheidscommunicatie/nederlandse-gebarentaal,page,
https://www.rijksoverheid.nl/ministeries/ministerie-van-algemene-zaken,page,
https://www.rijksoverheid.nl/opendata/voorwaarden,page,
https://www.rijksoverheid.nl/opendata/ontwikkelingssamenwerking,page,
https://www.rijksoverheid.nl/opendata/schoolvakanties,page,
https://www.rijksoverheid.nl/actueel/nieuwsbrieven/regeringsnieuws,page,
https://www.rijksoverheid.nl/regering/bewindspersonen,page,
https://www.rijksoverheid.nl/themas/overheid-en-democratie/wetgeving/hoe-komt-een-wet-tot-stand,page,
https://www.rijksoverheid.nl/themas/overheid-en-democratie/privacy-en-persoonsgegevens,page,
https://www.rijksoverheid.nl/ministeries/ministerie-van-volksgezondheid-welzijn-en-sport/organisatie/privacy,page,
https://www.rijksoverheid.nl/ministeries/ministerie-van-sociale-zaken-en-werkgelegenheid/organisatie/privacy,page,
https://www.rijksoverheid.nl/vraag-en-antwoord,page,
https://www.rijksoverheid.nl/themas/werk/werken-met-arbeidsbeperking,page,
https://www.rijksoverheid.nl/themas/overheid-en-democratie/overheidscommunicatie/campagnes,page,
https://www.rijksoverheid.nl/documenten/videos/2017/02/20/zorgverzekering-gebarentaal,page,
https://www.rijksoverheid.nl/documenten/videos/2024/12/20/kan-ik-zorgtoeslag-krijgen-in-ngt,page,
https://www.rijksoverheid.nl/documenten/2012/01/10/de-inhoud-van-de-open-data-voor-ontwikkelingssamenwerking-van-het-ministerie-van-buitenlandse-zaken,page,
https://www.rijksoverheid.nl/regering/bewindspersonen/rob-jetten,page,
https://www.rijksoverheid.nl/actueel/nieuws/2026/09/18/koninkrijksdelegatie-naar-81e-algemene-vergadering-van-de-verenigde-naties,page,
https://www.rijksoverheid.nl/actueel/nieuws/2026/09/23/koning-minister-president-en-staatssecretaris-van-koninkrijksrelaties-en-slagvaardige-overheid-bezoeken-sint-eustatius-ter-gelegenheid-van-250-jaar-the-first-salute,page,
https://www.rijksoverheid.nl/actueel/nieuws/2026/09/25/mp-jetten-aanwezig-bij-1-german-netherlands-corps-in-munster,page,
https://www.rijksoverheid.nl/abonneren/abonnementen?context=inschrijven-enkele-nieuwsbrief&nieuwsbrief-id=fb12b021-19fe-46ed-8968-c64d7be0106b,page,
https://www.rijksoverheid.nl/regering/bewindspersonen/silvio-erkens,page,
https://www.rijksoverheid.nl/regering/bewindspersonen/jo-annes-de-bat,page,
https://www.rijksoverheid.nl/themas/belastingen-uitkeringen-en-toeslagen/wia,page,
https://www.rijksoverheid.nl/themas/belastingen-uitkeringen-en-toeslagen/wajong,page,
https://www.rijksoverheid.nl/themas/belastingen-uitkeringen-en-toeslagen/participatiewet,page,
https://www.rijksoverheid.nl/actueel/nieuws?size=n_10_n&filters%5B0%5D%5Bfield%5D=topic&filters%5B0%5D%5Bvalues%5D%5B0%5D=Werken%20met%20arbeidsbeperking&filters%5B0%5D%5Btype%5D=all,page,
https://www.rijksoverheid.nl/themas/overheid-en-democratie/overheidscommunicatie/campagnes/jaarevaluaties-campagnes,page,
https://www.rijksoverheid.nl/themas/overheid-en-democratie/overheidscommunicatie/campagnes/campagneresultaten,page,
https://www.rijksoverheid.nl/themas/familie-zorg-en-gezondheid/zorgverzekering,page,
https://www.rijksoverheid.nl/actueel/agenda/2026/04/02/ministerraad,page,
https://www.rijksoverheid.nl/actueel/agenda?size=n_10_n&filters%5B0%5D%5Bfield%5D=bewindspersoon&filters%5B0%5D%5Bvalues%5D%5B0%5D=Rob%20Jetten&filters%5B0%5D%5Btype%5D=all&filters%5B1%5D%5Bfield%5D=activity_start_date&filters%5B1%5D%5Bvalues%5D%5B1%5D%5Bfrom%5D=2026-09-24T22%3A00%3A00Z&filters%5B1%5D%5Bvalues%5D%5B1%5D%5Bname%5D=allFuturePeriod&filters%5B1%5D%5Btype%5D=all,page,
https://www.rijksoverheid.nl/themas/internationale-samenwerking/internationale-vrede-en-veiligheid,page,
https://www.rijksoverheid.nl/themas/overheid-en-democratie/caribische-deel-van-het-koninkrijk,page,
https://www.rijksoverheid.nl/actueel/nieuws?size=n_10_n&filters%5B0%5D%5Bfield%5D=bewindspersoon&filters%5B0%5D%5Bvalues%5D%5B0%5D=Rob%20Jetten&filters%5B0%5D%5Btype%5D=all,page,
https://www.rijksoverheid.nl/themas/recht-veiligheid-en-defensie/navo,page,
https://www.rijksoverheid.nl/regering/bewindspersonen/rob-jetten/sociale-media-minister-president,page,
https://www.rijksoverheid.nl/ministeries/ministerie-van-algemene-zaken/contact/persinformatie-ministerie-van-az/woordvoerders,page,
https://www.rijksoverheid.nl/actueel/nieuws?size=n_10_n&filters%5B0%5D%5Bfield%5D=topic&filters%5B0%5D%5Bvalues%5D%5B0%5D=Arbeidsongeschikt%20na%20ziekte%20%28WIA%29&filters%5B0%5D%5Btype%5D=all,page,
https://www.rijksoverheid.nl/actueel/nieuws/2026/03/27/advies-bedrijfsarts-wordt-leidend-bij-re-integratietoets-zieke-werknemer,page,
https://www.rijksoverheid.nl/actueel/nieuws/2026/07/10/kabinet-wil-meer-zekerheid-voor-werkgevers-bij-re-integratie,page,
https://www.rijksoverheid.nl/themas/overheid-en-democratie/financien-gemeenten-en-provincies,page,
https://www.rijksoverheid.nl/actueel/nieuws?size=n_10_n&filters%5B0%5D%5Bfield%5D=topic&filters%5B0%5D%5Bvalues%5D%5B0%5D=Participatiewet&filters%5B0%5D%5Btype%5D=all,page,
https://www.rijksoverheid.nl/actueel/nieuws/2025/12/16/wat-verandert-er-op-1-januari-2026,page,
https://www.rijksoverheid.nl/documenten/2023/05/17/jaarevaluatie-campagnes-rijksoverheid-2022,page,
https://www.rijksoverheid.nl/themas/overheid-en-democratie/overheidscommunicatie/campagnes/campagneresultaten/campagneresultaten-2022,page,
https://www.rijksoverheid.nl/documenten/2025/06/13/leeswijzer-openbare-agenda-bewindspersonen,page,
https://www.rijksoverheid.nl/themas/internationale-samenwerking/internationale-vrede-en-veiligheid/internationale-rechtsorde,page,
https://www.rijksoverheid.nl/themas/internationale-samenwerking/internationale-vrede-en-veiligheid/monitoring-rwandese-uitleveringszaken,page,
https://www.rijksoverheid.nl/actueel/nieuws/2026/09/25/benoeming-nieuw-lid-college-financieel-toezicht-curacao-en-sint-maarten,page,
https://www.rijksoverheid.nl/themas/overheid-en-democratie/grondwet-en-statuut/statuut-koninkrijk,page,
https://www.rijksoverheid.nl/themas/overheid-en-democratie/overheidscommunicatie/huisregels-sociale-media,page,
https://www.rijksoverheid.nl/ministeries/ministerie-van-algemene-zaken/contact/persinformatie-ministerie-van-az,page,
https://www.rijksoverheid.nl/regering/bewindspersonen/rob-jetten/sociale-media-minister-president/berichten-sociale-media-2026,page,
https://www.rijksoverheid.nl/themas/recht-veiligheid-en-defensie/veiligheidsstrategie-voor-het-koninkrijk-der-nederlanden,page,
https://www.rijksoverheid.nl/actueel/nieuws?size=n_10_n&filters%5B0%5D%5Bfield%5D=topic&filters%5B0%5D%5Bvalues%5D%5B0%5D=NAVO&filters%5B0%5D%5Btype%5D=all,page,
https://www.rijksoverheid.nl/themas/werk/ziekteverzuim-van-het-werk,page,
https://www.rijksoverheid.nl/themas/overheid-en-democratie/provincies,page,
https://www.rijksoverheid.nl/themas/overheid-en-democratie/gemeenten,page,
https://www.rijksoverheid.nl/documenten/2022/02/25/campagne-effectonderzoek-tel-mee-met-taal,page,
https://www.rijksoverheid.nl/themas/internationale-samenwerking/internationale-vrede-en-veiligheid/internationale-rechtsorde/nederland-draagt-bij-aan-sterkere-rechtsstaat-in-buitenland,page,
https://www.rijksoverheid.nl/themas/overheid-en-democratie/grondwet-en-statuut,page,
https://www.rijksoverheid.nl/themas/overheid-en-democratie/politieke-ambtsdragers,page,
https://www.rijksoverheid.nl/themas/overheid-en-democratie/desinformatie-nepnieuws,page,
https://www.rijksoverheid.nl/themas/recht-veiligheid-en-defensie/veilige-online-leefomgeving,page,
https://www.rijksoverheid.nl/themas/overheid-en-democratie/wet-open-overheid-woo,page,
https://www.rijksoverheid.nl/documenten/2025/06/13/uitvoeringsrichtlijn-openbare-agenda-bewindslieden,page,
https://www.rijksoverheid.nl/themas/overheid-en-democratie/rijksoverheid/zelfstandige-bestuursorganen,page,
https://www.rijksoverheid.nl/actueel/nieuws/2025/10/17/kabinet-presenteert-hoofdlijnen-voor-meer-invloed-burgers-via-bindend-correctief-referendum,page,
https://www.rijksoverheid.nl/actueel/nieuws?size=n_10_n&filters%5B0%5D%5Bfield%5D=topic&filters%5B0%5D%5Bvalues%5D%5B0%5D=Desinformatie%2C%20misinformatie%20en%20nepnieuws&filters%5B0%5D%5Btype%5D=all,page,
https://www.rijksoverheid.nl/actueel/nieuws/2024/06/17/kabinet-presenteert-stevige-nieuwe-maatregelen-voor-aanpak-desinformatie,page,
https://www.rijksoverheid.nl/themas/overheid-en-democratie/digitale-overheid,page,
https://www.rijksoverheid.nl/actueel/nieuws?size=n_10_n&filters%5B0%5D%5Bfield%5D=topic&filters%5B0%5D%5Bvalues%5D%5B0%5D=Wet%20open%20overheid%20%28Woo%29&filters%5B0%5D%5Btype%5D=all,page,
https://www.rijksoverheid.nl/actueel/nieuws/2024/06/21/kabinet-neemt-maatregelen-voor-een-betere-uitvoering-en-uitvoerbaarheid-van-de-wet-open-overheid,page,
https://www.rijksoverheid.nl/actueel/nieuws/2024/12/23/nieuwe-regelingen-bzk-vanaf-1-januari,page,
https://www.rijksoverheid.nl/actueel/nieuws/2026/03/27/benoeming-bij-het-acoi,page,
https://www.rijksoverheid.nl/documenten/2024/12/20/rapport-mozaiek-van-belangen-naar-beter-inzicht-in-de-betrokkenheid-van-externen-bij-publieke-besluitvorming,page,
https://www.rijksoverheid.nl/documenten?filters%5B0%5D%5Bfield%5D=topic&filters%5B0%5D%5Bvalues%5D%5B0%5D=Wet%20open%20overheid%20%28Woo%29&filters%5B0%5D%5Btype%5D=all,page,
https://www.rijksoverheid.nl/themas/overheid-en-democratie/democratie,page,
https://www.rijksoverheid.nl/themas/overheid-en-democratie/overheidspersoneel,page,
https://www.rijksoverheid.nl/documenten/2015/05/11/circulaire-governance-ten-aanzien-van-zelfstandige-bestuursorganen-zbo-s,page,
https://www.rijksoverheid.nl/documenten/2018/05/31/evaluatie-kaderwet-zelfstandige-bestuursorganen-2012-2016,page,
https://www.rijksoverheid.nl/documenten/2025/07/01/kamerbrief-inzake-kabinetsreactie-rob-advies-naar-een-uitvoerende-macht,page,
https://www.rijksoverheid.nl/documenten/2014/05/12/notitie-ministeriele-verantwoordelijkheid-bij-zelfstandige-bestuursorganen,page,
https://www.rijksoverheid.nl/themas/overheid-en-democratie/wet-open-overheid-woo/hoofdlijnen-woo,page,
https://www.rijksoverheid.nl/themas/economie/ict,page,
https://www.rijksoverheid.nl/documenten/2024/06/21/kamerbrief-tk-kabinetsreactie-invoeringstoets-wet-open-overheid-woo,page,
https://www.rijksoverheid.nl/themas/overheid-en-democratie/regeldruk,page,
https://www.rijksoverheid.nl/vraag-en-antwoord?topic=wet-open-overheid-woo,page,
https://www.rijksoverheid.nl/themas/overheid-en-democratie/kwaliteit-en-integriteit-overheidsinstanties,page,
https://www.rijksoverheid.nl/actueel/nieuws/2024/12/19/nieuwe-ambtseed-voor-rijksambtenaren-mens-en-maatschappij-centraal,page,
https://www.rijksoverheid.nl/documenten/2024/12/20/kamerbrief-bij-rapport-mozaiek-van-belangen-naar-beter-inzicht-in-de-betrokkenheid-van-externen-bij-publieke-besluitvorming,page,
https://www.rijksoverheid.nl/actueel/nieuws/2026/07/03/strengere-regels-voor-het-gebruik-van-clouddiensten-door-de-rijksoverheid,page,
https://www.rijksoverheid.nl/actueel/nieuws?size=n_10_n&filters%5B0%5D%5Bfield%5D=topic&filters%5B0%5D%5Bvalues%5D%5B0%5D=Overheidspersoneel&filters%5B0%5D%5Btype%5D=all,page,
https://www.rijksoverheid.nl/actueel/nieuws/2026/05/20/definitief-akkoord-over-cao-rijksambtenaren,page,
https://www.rijksoverheid.nl/actueel/nieuws/2026/07/10/benoeming-consultant-bij-abdtopconsult,page,
https://www.rijksoverheid.nl/documenten/2025/06/25/beslisnota-bij-kamerbrief-actieagenda-goed-bestuur-1,page,
https://www.rijksoverheid.nl/actueel/nieuws/2026/08/28/benoeming-consultant-bij-abdtopconsult,page,
https://www.rijksoverheid.nl/service/contact/contactgids/m/meldpunt-integriteitsschendingen-en-ongewenst-gedrag-rijk,page,
https://www.rijksoverheid.nl/themas/recht-veiligheid-en-defensie/cybercrime-en-cybersecurity,page,
https://www.rijksoverheid.nl/actueel/nieuws?size=n_10_n&filters%5B0%5D%5Bfield%5D=topic&filters%5B0%5D%5Bvalues%5D%5B0%5D=Informatie-%20en%20communicatietechnologie%20%28ICT%29&filters%5B0%5D%5Btype%5D=all,page,
https://www.rijksoverheid.nl/actueel/nieuws/2025/12/15/tussenstap-aanpak-regeldruk-kabinet-schrapt-en-vereenvoudigt-218-regels-voor-ondernemers,page,
https://www.rijksoverheid.nl/actueel/nieuws/2025/12/17/adviescollege-toetsing-regeldruk-krijgt-stevigere-rol,page,
https://www.rijksoverheid.nl/actueel/nieuws/2026/01/26/maatregelen-voor-vermindering-regeldruk-corporaties,page,
https://www.rijksoverheid.nl/actueel/nieuws/2026/06/26/kabinet-stelt-commissie-toekomst-rijksdienst-in,page,
https://www.rijksoverheid.nl/actueel/nieuws/2026/08/28/benoeming-nieuwe-bestuurder-huis-voor-klokkenluiders,page,
https://www.rijksoverheid.nl/documenten/2025/03/07/kamerbrief-met-kabinetsreactie-op-het-rapport-mozaiek-van-belangen,page,
https://www.rijksoverheid.nl/documenten/2024/12/18/beslisnota-bij-kamerbrief-rapport-mozaiek-van-belangen-naar-beter-inzicht-in-de-betrokkenheid-van-externen-bij-publieke-besluitvorming,page,
https://www.rijksoverheid.nl/documenten?size=n_10_n&filters%5B0%5D%5Bfield%5D=topic&filters%5B0%5D%5Bvalues%5D%5B0%5D=Kwaliteit%20en%20integriteit%20overheidsinstanties&filters%5B0%5D%5Btype%5D=all,page,
https://www.rijksoverheid.nl/themas/werk/arbeidsovereenkomst-en-cao,page,
https://www.rijksoverheid.nl/vraag-en-antwoord?topic=kwaliteit-en-integriteit-overheidsinstanties,page,
https://www.rijksoverheid.nl/actueel/nieuws?size=n_10_n&filters%5B0%5D%5Bfield%5D=topic&filters%5B0%5D%5Bvalues%5D%5B0%5D=Kwaliteit%20en%20integriteit%20overheidsinstanties&filters%5B0%5D%5Btype%5D=all,page,
https://www.rijksoverheid.nl/themas/overheid-en-democratie/kwaliteit-en-integriteit-overheidsinstanties/verantwoord-omgaan-met-risicos,page,
https://www.rijksoverheid.nl/themas/overheid-en-democratie/kwaliteit-en-integriteit-overheidsinstanties/klokkenluiders,page,
https://www.rijksoverheid.nl/themas/overheid-en-democratie/kwaliteit-en-integriteit-overheidsinstanties/integriteit-overheid,page,
https://www.rijksoverheid.nl/documenten/2025/12/15/kamerbrief-voortgang-nieuwe-aanpak-regeldruk-voor-ondernemers,page,
https://www.rijksoverheid.nl/actueel/nieuws/2026/07/10/nederland-doelwit-van-russische-spionageoperatie-via-ip-cameras,page,
https://www.rijksoverheid.nl/themas/bouwen-en-wonen/woningbouw,page,
https://www.rijksoverheid.nl/documenten/2026/01/26/kamerbrief-met-kabinetsreactie-op-seo-rapport-regeldruk-bij-woningcorporaties,page,
https://www.rijksoverheid.nl/actueel/nieuws/2026/08/15/cyberbeveiligingswet-en-wet-weerbaarheid-kritieke-entiteiten-vanaf-vandaag-van-kracht,page,
https://www.rijksoverheid.nl/themas/economie/telecommunicatie,page,
https://www.rijksoverheid.nl/documenten/2025/03/05/beslisnota-bij-kamerbrief-met-kabinetsreactie-op-het-rapport-mozaiek-van-belangen,page,
https://www.rijksoverheid.nl/documenten/2025/03/07/rapport-mozaiek-van-belangen,page,
https://www.rijksoverheid.nl/vraag-en-antwoord?topic=cybercrime-en-cybersecurity,page,
https://www.rijksoverheid.nl/themas/werk/hervormingen-arbeidsmarkt/meer-zekerheid-voor-werkenden,page,
https://www.rijksoverheid.nl/themas/werk/hervormingen-arbeidsmarkt/passende-contractvorm,page,
https://www.rijksoverheid.nl/documenten/2009/12/18/de-overheid-schiet-vaak-in-een-kramp,page,
https://www.rijksoverheid.nl/themas/recht-veiligheid-en-defensie/bevoegdheden-inlichtingendiensten-en-veiligheidsdiensten,page,
https://www.rijksoverheid.nl/actueel/nieuws?size=n_10_n&filters%5B0%5D%5Bfield%5D=topic&filters%5B0%5D%5Bvalues%5D%5B0%5D=Woningbouw&filters%5B0%5D%5Btype%5D=all,page,
https://www.rijksoverheid.nl/actueel/nieuws/2026/09/03/bijna-5.000-nieuwe-studentenwoningen-in-2025,page,
https://www.rijksoverheid.nl/actueel/nieuws/2026/09/21/kabinet-pakt-woningnood-aan-met-50-concrete-acties-sneller-meer-en-beter-bouwen,page,
https://www.rijksoverheid.nl/documenten/2025/08/01/seo-rapport-regeldruk-bij-woningcorporaties,page,
https://www.rijksoverheid.nl/themas/recht-veiligheid-en-defensie/telecomgegevens-voor-opsporing,page,
https://www.rijksoverheid.nl/actueel/nieuws/2025/05/26/tien-partijen-verkrijgen-regionale-commerciele-radiovergunningen-bij-veiling,page,
https://www.rijksoverheid.nl/actueel/nieuws/2025/06/11/29-dab-regionale-commerciele-radiovergunningen-geveild,page,
https://www.rijksoverheid.nl/themas/werk/hervormingen-arbeidsmarkt/meer-zekerheid-voor-werkenden/verplichte-arbeidsongeschiktheidsverzekering-voor-zelfstandigen,page,
https://www.rijksoverheid.nl/actueel/nieuws/2026/01/27/koning-en-minister-van-economische-zaken-bezoeken-in-kader-van-weerbare-telecommunicatie-het-kpn-netwerk-en-security-operations-center,page,
https://www.rijksoverheid.nl/documenten?size=n_10_n&filters%5B0%5D%5Bfield%5D=topic&filters%5B0%5D%5Bvalues%5D%5B0%5D=Telecommunicatie&filters%5B0%5D%5Btype%5D=all,page,
https://www.rijksoverheid.nl/vraag-en-antwoord?topic=telecommunicatie,page,
https://www.rijksoverheid.nl/actueel/nieuws?size=n_10_n&filters%5B0%5D%5Bfield%5D=topic&filters%5B0%5D%5Bvalues%5D%5B0%5D=Telecommunicatie&filters%5B0%5D%5Btype%5D=all,page,
https://www.rijksoverheid.nl/themas/economie/telecommunicatie/nationaal-frequentiebeleid,page,
https://www.rijksoverheid.nl/themas/economie/telecommunicatie/toezicht-op-telecommunicatie,page,
https://www.rijksoverheid.nl/themas/economie/telecommunicatie/plaatsing-antennes-draadloze-communicatie,page,
https://www.rijksoverheid.nl/themas/recht-veiligheid-en-defensie/terrorismebestrijding,page,
https://www.rijksoverheid.nl/actueel/nieuws/2026/07/01/inlichtingendiensten-verbeteren-waarborgen-bij-gebruik-bulkdata,page,
https://www.rijksoverheid.nl/themas/overheid-en-democratie/media-en-publieke-omroep,page,
https://www.rijksoverheid.nl/actueel/nieuws?size=n_10_n&filters%5B0%5D%5Bfield%5D=topic&filters%5B0%5D%5Bvalues%5D%5B0%5D=Telecomgegevens%20voor%20opsporing&filters%5B0%5D%5Btype%5D=all,page,
https://www.rijksoverheid.nl/actueel/nieuws/2024/01/09/nieuwe-verordening-maakt-delen-digitaal-bewijsmateriaal-van-strafzaken-binnen-europa-makkelijker,page,
https://www.rijksoverheid.nl/documenten/2023/04/03/kamerbrief-voortgang-uitwerking-arbeidsmarktpakket,page,
https://www.rijksoverheid.nl/documenten/2024/11/22/kamerbrief-voortgang-wet-basisverzekering-arbeidsongeschiktheid-zelfstandigen-en-wetsvoorstellen-die-de-arbeidsmarkt-hervormen,page,
https://www.rijksoverheid.nl/themas/recht-veiligheid-en-defensie/telecomgegevens-voor-opsporing/privacy-en-veiligheid-bij-gebruik-telecomgegevens,page,
https://www.rijksoverheid.nl/themas/recht-veiligheid-en-defensie/telecomgegevens-voor-opsporing/telecomgegevens-gebruiken-voor-opsporing,page,
https://www.rijksoverheid.nl/themas/onderwijs/studeren,page,
https://www.rijksoverheid.nl/actueel/nieuws/2026/08/28/start-consultatie-nieuwe-wet-bescherming-nationale-veiligheid-door-de-inlichtingen-en-veiligheidsdiensten,page,
https://www.rijksoverheid.nl/vraag-en-antwoord?topic=bevoegdheden-inlichtingendiensten-en-veiligheidsdiensten,page,
https://www.rijksoverheid.nl/documenten?size=n_10_n&filters%5B0%5D%5Bfield%5D=topic&filters%5B0%5D%5Bvalues%5D%5B0%5D=Bevoegdheden%20inlichtingendiensten%20en%20veiligheidsdiensten&filters%5B0%5D%5Btype%5D=all,page,
https://www.rijksoverheid.nl/documenten/2008/12/23/mediawet-2008,page,
https://www.rijksoverheid.nl/documenten/2014/10/13/kamerbrief-over-toekomst-van-het-publieke-mediabestel,page,
https://www.rijksoverheid.nl/actueel/nieuws/2026/04/30/definitief-besluit-beeindiging-npo-campus-radio-en-npo-soul--jazz-npo-2-extra-bvn-en-bvn-online,page,
https://www.rijksoverheid.nl/themas/werk/zelfstandigen-zonder-personeel-zzp,page,
https://www.rijksoverheid.nl/themas/werk/ww-uitkering,page,
https://www.rijksoverheid.nl/documenten/2024/11/22/beslisnota-bij-kamerbrief-voortgang-wet-basisverzekering-arbeidsongeschiktheid-zelfstandigen-en-wetsvoorstellen-die-de-arbeidsmarkt-hervormen,page,
https://www.rijksoverheid.nl/documenten/2023/04/03/een-toekomstbestendige-arbeidsmarkt,page,
https://www.rijksoverheid.nl/documenten/2023/04/21/beslisnotas-bij-kamerbrief-voortgang-uitwerking-arbeidsmarktpakket,page,
https://www.rijksoverheid.nl/actueel/nieuws/2026/09/08/minister-van-plan-erkenning-ongehoord-nederland-in-te-trekken,page,
https://www.rijksoverheid.nl/actueel/nieuws/2026/09/11/wetsvoorstel-hervorming-landelijke-publieke-omroep-in-internetconsultatie,page,
https://www.rijksoverheid.nl/themas/onderwijs/hoger-onderwijs,page,
https://www.rijksoverheid.nl/themas/onderwijs/middelbaar-beroepsonderwijs,page,
https://www.rijksoverheid.nl/documenten/videos/2025/03/03/video-op-kamers-gaan,page,
https://www.rijksoverheid.nl/documenten/videos/2023/04/09/video-wat-moet-ik-regelen-als-ik-ga-studeren,page,
https://www.rijksoverheid.nl/themas/onderwijs/studeren/studeren-regelzaken-op-een-rij,page,
https://www.rijksoverheid.nl/vraag-en-antwoord?topic=media-en-publieke-omroep,page,
https://www.rijksoverheid.nl/actueel/nieuws/2026/04/24/ondersteuning-van-werkgevers-om-personeel-in-tijden-van-crisis-te-behouden,page,
https://www.rijksoverheid.nl/actueel/nieuws/2026/05/26/kabinet-wil-open-gesprek-met-vakbonden-en-werkgevers-over-gezamenlijk-pact,page,
https://www.rijksoverheid.nl/themas/werk/werkloos-worden,page,
https://www.rijksoverheid.nl/vraag-en-antwoord?topic=ww-uitkering,page,
https://www.rijksoverheid.nl/documenten?size=n_10_n&filters%5B0%5D%5Bfield%5D=topic&filters%5B0%5D%5Bvalues%5D%5B0%5D=WW-uitkering&filters%5B0%5D%5Btype%5D=all,page,
https://www.rijksoverheid.nl/themas/bouwen-en-wonen/huurwoning-zoeken,page,
https://www.rijksoverheid.nl/themas/onderwijs/schoolvakanties,page,
https://www.rijksoverheid.nl/actueel/nieuws?size=n_10_n&filters%5B0%5D%5Bfield%5D=topic&filters%5B0%5D%5Bvalues%5D%5B0%5D=Middelbaar%20beroepsonderwijs%20%28mbo%29&filters%5B0%5D%5Btype%5D=all,page,
https://www.rijksoverheid.nl/actueel/nieuws/2026/07/07/kabinet-stabielere-financiering-en-meer-samenwerking-voor-goed-en-toegankelijk-mbo,page,
https://www.rijksoverheid.nl/actueel/nieuws/2026/08/24/metselende-woonminister-opent-mbo-jaar-in-heerhugowaard,page,
https://www.rijksoverheid.nl/documenten/2023/02/14/stagepact-mbo,page,
https://www.rijksoverheid.nl/documenten/2023/02/14/werkagenda-mbo,page,
https://www.rijksoverheid.nl/documenten?filters%5B0%5D%5Bfield%5D=topic&filters%5B0%5D%5Bvalues%5D%5B0%5D=Middelbaar+beroepsonderwijs+%28mbo%29&filters%5B0%5D%5Btype%5D=all,page,
https://www.rijksoverheid.nl/vraag-en-antwoord?topic=middelbaar-beroepsonderwijs,page,
https://www.rijksoverheid.nl/themas/onderwijs/middelbaar-beroepsonderwijs/kwaliteit-mbo-opleidingen/werkagenda-mbo-2023-2027,page,
https://www.rijksoverheid.nl/themas/onderwijs/middelbaar-beroepsonderwijs/stagepact-mbo,page,
https://www.rijksoverheid.nl/themas/onderwijs/vsv,page,
https://www.rijksoverheid.nl/themas/onderwijs/middelbaar-beroepsonderwijs/beroepsgericht-mbo,page,
https://www.rijksoverheid.nl/actueel/nieuws/2026/03/23/werkzoekenden-sneller-naar-werk-of-opleiding-via-werkcentra,page,
https://www.rijksoverheid.nl/actueel/nieuws/2026/09/02/wet-in-internetconsultatie-die-sociale-zekerheid-eenvoudiger-maakt,page,
https://www.rijksoverheid.nl/actueel/nieuws?size=n_10_n&filters%5B0%5D%5Bfield%5D=topic&filters%5B0%5D%5Bvalues%5D%5B0%5D=Huurwoning%20zoeken&filters%5B0%5D%5Btype%5D=all,page,
https://www.rijksoverheid.nl/themas/onderwijs/schooltijden-en-onderwijstijd,page,
https://www.rijksoverheid.nl/themas/migratie-en-reizen/vakantie-en-reizen,page,
https://www.rijksoverheid.nl/themas/onderwijs/schoolvakanties/vrij-van-school-op-feestdagen,page,
https://www.rijksoverheid.nl/vraag-en-antwoord?topic=werkloos-worden,page,
https://www.rijksoverheid.nl/themas/onderwijs/schoolvakanties/aantal-vakantiedagen-onderwijs,page,
https://www.rijksoverheid.nl/documenten/2023/05/25/toolbox-aanpak-stagediscriminatie,page,
https://www.rijksoverheid.nl/actueel/nieuws/2023/10/26/minister-dijkgraaf-lanceert-actieplan-om-voortijdig-schoolverlaten-tegen-te-gaan,page,
https://www.rijksoverheid.nl/actueel/nieuws/2024/12/09/kabinet-helpt-jongeren-met-afstand-tot-de-arbeidsmarkt,page,
https://www.rijksoverheid.nl/actueel/nieuws/2025/03/24/daling-ingezet-minder-schooluitval-op-mbo,page,
https://www.rijksoverheid.nl/themas/onderwijs/leerplicht,page,
https://www.rijksoverheid.nl/vraag-en-antwoord?topic=vsv,page,
https://www.rijksoverheid.nl/documenten?size=n_10_n&filters%5B0%5D%5Bfield%5D=topic&filters%5B0%5D%5Bvalues%5D%5B0%5D=Voortijdig%20schoolverlaten%20%28vsv%29&filters%5B0%5D%5Btype%5D=all,page,
https://www.rijksoverheid.nl/actueel/nieuws?size=n_10_n&filters%5B0%5D%5Bfield%5D=topic&filters%5B0%5D%5Bvalues%5D%5B0%5D=Voortijdig%20schoolverlaten%20%28vsv%29&filters%5B0%5D%5Btype%5D=all,page,
https://www.rijksoverheid.nl/themas/onderwijs/vsv/aanpak-voortijdig-schoolverlaten-vsv,page,
https://www.rijksoverheid.nl/vraag-en-antwoord?topic=schooltijden-en-onderwijstijd,page,
https://www.rijksoverheid.nl/actueel/nieuws?size=n_10_n&filters%5B0%5D%5Bfield%5D=topic&filters%5B0%5D%5Bvalues%5D%5B0%5D=Vakantie%20en%20reizen&filters%5B0%5D%5Btype%5D=all,page,
https://www.rijksoverheid.nl/actueel/nieuws/2020/05/15/nederland-verlengt-de-grenssluiting-voor-mensen-van-buiten-europa,page,
https://www.rijksoverheid.nl/documenten/2023/10/26/uitwerking-actieplan-voorkomen-voortijdig-schoolverlaten-en-begeleiden-naar-een-kansrijke-toekomst,page,
https://www.rijksoverheid.nl/actueel/nieuws/2020/06/30/nederland-heft-inreisverbod-op-voor-selecte-groep-landen,page,
https://www.rijksoverheid.nl/themas/onderwijs/leven-lang-ontwikkelen,page,
https://www.rijksoverheid.nl/documenten/2024/12/10/nader-rapport-van-school-naar-duurzaam-werk,page,
https://www.rijksoverheid.nl/actueel/nieuws/2025/04/29/beperkingen-in-luchtruim-op-schiphol-en-op-zee-vanwege-beveiliging-navo-top,page,
https://www.rijksoverheid.nl/themas/migratie-en-reizen/ambassades-consulaten-en-overige-vertegenwoordigingen,page,
https://www.rijksoverheid.nl/actueel/nieuws?size=n_10_n&filters%5B0%5D%5Bfield%5D=topic&filters%5B0%5D%5Bvalues%5D%5B0%5D=Leerplicht&filters%5B0%5D%5Btype%5D=all,page,
https://www.rijksoverheid.nl/actueel/nieuws/2022/07/15/extra-aanpak-om-aantal-thuiszitters-te-verminderen,page,
https://www.rijksoverheid.nl/actueel/nieuws/2024/11/29/voorkomen-en-verminderen-langdurige-afwezigheid-leerlingen-en-mbo-studenten,page,
https://www.rijksoverheid.nl/vraag-en-antwoord?topic=vakantie-en-reizen,page,
https://www.rijksoverheid.nl/actueel/nieuws/2025/12/18/snel-besluit-voor-ouders-met-richtingsbezwaren,page,
https://www.rijksoverheid.nl/vraag-en-antwoord?topic=leerplicht,page,
https://www.rijksoverheid.nl/themas/familie-zorg-en-gezondheid/coronavirus-covid-19,page,
https://www.rijksoverheid.nl/documenten/2020/06/30/tk-geleidelijke-opheffing-inreisverbod-per-1-juli-2020,page,
https://www.rijksoverheid.nl/themas/familie-zorg-en-gezondheid/coronavirus-covid-19/nederland-inreizen,page,
https://www.rijksoverheid.nl/themas/verkeer-en-vervoer/drone,page,
https://www.rijksoverheid.nl/themas/verkeer-en-vervoer/scheepvaart-en-havens,page,
https://www.rijksoverheid.nl/ministeries/ministerie-van-buitenlandse-zaken/het-werk-van-bz-in-de-praktijk/podcast-diplomatie-raakt,page,
https://www.rijksoverheid.nl/actueel/weblogs/bzers-wereldwijd/2022/wat-is-een-honorair-consul,page,
https://www.rijksoverheid.nl/actueel/weblogs/bzers-wereldwijd/2022/ambassades-en-consulaten,page,
https://www.rijksoverheid.nl/themas/onderwijs/basisonderwijs,page,
https://www.rijksoverheid.nl/documenten/2024/11/28/005-id-14222-nader-rapport-wetsvoorstel-terugdringen-verzuim,page,
https://www.rijksoverheid.nl/actueel/weblogs/bzers-wereldwijd/2022/wat-doet-een-ambassadeur,page,
https://www.rijksoverheid.nl/themas/migratie-en-reizen/ambassades-consulaten-en-overige-vertegenwoordigingen/overzicht-landen-en-gebieden,page,
https://www.rijksoverheid.nl/vraag-en-antwoord?topic=ambassades-consulaten-en-overige-vertegenwoordigingen,page,
https://www.rijksoverheid.nl/documenten?size=n_10_n&filters%5B0%5D%5Bfield%5D=topic&filters%5B0%5D%5Bvalues%5D%5B0%5D=Ambassades%2C%20consulaten%20en%20overige%20vertegenwoordigingen&filters%5B0%5D%5Btype%5D=all,page,
https://www.rijksoverheid.nl/themas/familie-zorg-en-gezondheid/infectieziekten,page,
https://www.rijksoverheid.nl/actueel/nieuws?size=n_10_n&filters%5B0%5D%5Bfield%5D=topic&filters%5B0%5D%5Bvalues%5D%5B0%5D=Coronavirus%20COVID-19&filters%5B0%5D%5Btype%5D=all,page,
https://www.rijksoverheid.nl/actueel/nieuws/2024/02/07/uitstaande-coronaschuld-blijft-dalen-belastingdienst-blijft-hulp-bieden,page,
https://www.rijksoverheid.nl/themas/migratie-en-reizen/ambassades-consulaten-en-overige-vertegenwoordigingen/overzicht-landen-en-gebieden/zwitserland,page,
https://www.rijksoverheid.nl/themas/migratie-en-reizen/ambassades-consulaten-en-overige-vertegenwoordigingen/overzicht-landen-en-gebieden/zweden,page,
https://www.rijksoverheid.nl/themas/migratie-en-reizen/ambassades-consulaten-en-overige-vertegenwoordigingen/overzicht-landen-en-gebieden/zuid-soedan,page,
https://www.rijksoverheid.nl/themas/migratie-en-reizen/ambassades-consulaten-en-overige-vertegenwoordigingen/overzicht-landen-en-gebieden/zuid-korea,page,
https://www.rijksoverheid.nl/actueel/nieuws?size=n_10_n&filters%5B0%5D%5Bfield%5D=topic&filters%5B0%5D%5Bvalues%5D%5B0%5D=Infectieziekten&filters%5B0%5D%5Btype%5D=all,page,
https://www.rijksoverheid.nl/actueel/nieuws/2024/09/09/kabinet-steunt-who-bij-vaccinatiecampagne-mpox,page,
https://www.rijksoverheid.nl/documenten/2024/02/07/stand-van-zaken-betalingsregeling-coronabelastingschulden-februari-2024,page,
https://www.rijksoverheid.nl/actueel/nieuws/2025/05/20/nederland-onthoudt-zich-van-stem-pandemieverdrag,page,
https://www.rijksoverheid.nl/actueel/nieuws/2025/09/04/cathalijne-dortmans-gepresenteerd-als-q-koortsambassadeur,page,
https://www.rijksoverheid.nl/themas/klimaat-milieu-en-natuur/diergezondheid,page,
https://www.rijksoverheid.nl/documenten?filters%5B0%5D%5Bfield%5D=topic&filters%5B0%5D%5Bvalues%5D%5B0%5D=Infectieziekten&filters%5B0%5D%5Btype%5D=all,page,
https://www.rijksoverheid.nl/themas/familie-zorg-en-gezondheid/infectieziekten/bestrijding-exotische-muggen-in-nederland,page,
https://www.rijksoverheid.nl/themas/familie-zorg-en-gezondheid/infectieziekten/mpox,page,
https://www.rijksoverheid.nl/themas/internationale-samenwerking/ontwikkelingssamenwerking,page,
https://www.rijksoverheid.nl/themas/familie-zorg-en-gezondheid/infectieziekten/ziekte-van-lyme,page,
https://www.rijksoverheid.nl/documenten/2024/02/06/beslisnota-stand-van-zakenbrief-coronabetalingsregeling-februari,page,
https://www.rijksoverheid.nl/documenten/2025/04/25/kamerbrief-over-akkoord-bereikt-over-tekst-pandemieverdrag,page,
https://www.rijksoverheid.nl/themas/familie-zorg-en-gezondheid/infectieziekten/oefenen-voor-uitbraak-infectieziekten,page,
https://www.rijksoverheid.nl/themas/familie-zorg-en-gezondheid/infectieziekten/meldingsplicht-infectieziekten,page,
https://www.rijksoverheid.nl/themas/migratie-en-reizen/ambassades-consulaten-en-overige-vertegenwoordigingen/overzicht-landen-en-gebieden/zuid-afrika,page,
https://www.rijksoverheid.nl/actueel/nieuws?size=n_10_n&filters%5B0%5D%5Bfield%5D=topic&filters%5B0%5D%5Bvalues%5D%5B0%5D=Diergezondheid&filters%5B0%5D%5Btype%5D=all,page,
https://www.rijksoverheid.nl/actueel/nieuws/2025/12/01/vogelgriep-vastgesteld-in-grensgebied-duitsland,page,
https://www.rijksoverheid.nl/themas/internationale-samenwerking/vn/duurzame-ontwikkelingsdoelen,page,
https://www.rijksoverheid.nl/documenten/2025/04/25/beslisnota-bij-kamerbrief-over-akkoord-bereikt-over-tekst-pandemieverdrag,page,
https://www.rijksoverheid.nl/actueel/nieuws?size=n_10_n&filters%5B0%5D%5Bfield%5D=topic&filters%5B0%5D%5Bvalues%5D%5B0%5D=Ontwikkelingssamenwerking&filters%5B0%5D%5Btype%5D=all,page,
https://www.rijksoverheid.nl/actueel/nieuws/2025/01/17/koning-en-minister-president-ontvangen-vicepremier-china,page,
https://www.rijksoverheid.nl/actueel/nieuws/2025/11/28/nederland-stelt-10-miljoen-euro-extra-beschikbaar-voor-noodhulp-aan-soedan,page,
https://www.rijksoverheid.nl/actueel/nieuws/2025/12/17/nederlandse-ondernemers-krijgen-binnen-ontwikkelingshulp-meer-kansen-bij-infrastructuurprogrammas,page,
https://www.rijksoverheid.nl/actueel/nieuws/2026/06/25/nederland-stuurt-reddingsteam-naar-venezuela,page,
https://www.rijksoverheid.nl/documenten/2025/12/01/kaart-kleve-iii,page,
https://www.rijksoverheid.nl/personen/pot-anna/anna-pot,page,
https://www.rijksoverheid.nl/themas/internationale-samenwerking/vn,page,
https://www.rijksoverheid.nl/documenten/2025/12/01/regeling-maatregelen-bewakingszone-hoogpathogene-vogelgriep-kleve-iii-duitsland-2025,page,
https://www.rijksoverheid.nl/actueel/nieuws/2026/07/05/usar-terug-in-nederland-na-inzet-in-venezuela,page,
https://www.rijksoverheid.nl/actueel/nieuws/2026/09/10/commissie-os,page,
https://www.rijksoverheid.nl/documenten?filters%5B0%5D%5Bfield%5D=topic&filters%5B0%5D%5Bvalues%5D%5B0%5D=Ontwikkelingssamenwerking&filters%5B0%5D%5Btype%5D=all,page,
https://www.rijksoverheid.nl/themas/internationale-samenwerking/ontwikkelingssamenwerking/humanitaire-hulp,page,
https://www.rijksoverheid.nl/themas/klimaat-milieu-en-natuur/klimaatverandering,page,
https://www.rijksoverheid.nl/themas/internationale-samenwerking/ontwikkelingssamenwerking/gezondheid,page,
https://www.rijksoverheid.nl/themas/internationale-samenwerking/ontwikkelingssamenwerking/voedselzekerheid,page,
https://www.rijksoverheid.nl/documenten/2025/12/17/kamerbrief-inzake-modernisering-drive,page,
https://www.rijksoverheid.nl/themas/internationale-samenwerking/ontwikkelingssamenwerking/watermanagement,page,
https://www.rijksoverheid.nl/themas/internationale-samenwerking/ontwikkelingssamenwerking/vluchtelingen-en-migratie,page,
https://www.rijksoverheid.nl/actueel/nieuws/2025/10/16/landelijke-ophok--en-afschermplicht-vanwege-vogelgriep-ingesteld,page,
https://www.rijksoverheid.nl/themas/internationale-samenwerking/internationale-organisaties-in-nederland/lijst-van-internationale-organisaties-in-nederland,page,
https://www.rijksoverheid.nl/actueel/nieuws?size=n_10_n&filters%5B0%5D%5Bfield%5D=topic&filters%5B0%5D%5Bvalues%5D%5B0%5D=Verenigde%20Naties%20%28VN%29&filters%5B0%5D%5Btype%5D=all,page,
https://www.rijksoverheid.nl/actueel/nieuws/2025/09/19/koninkrijksdelegatie-naar-80e-algemene-vergadering-van-de-verenigde-naties,page,
https://www.rijksoverheid.nl/actueel/nieuws/2025/09/25/nederland-op-de-algemene-vergadering-van-de-verenigde-naties-avvn,page,
https://www.rijksoverheid.nl/actueel/nieuws?size=n_10_n&filters%5B0%5D%5Bfield%5D=topic&filters%5B0%5D%5Bvalues%5D%5B0%5D=Klimaatverandering&filters%5B0%5D%5Btype%5D=all,page,
https://www.rijksoverheid.nl/actueel/nieuws/2026/05/29/kabinet-neemt-helft-van-het-nationale-burgerberaad-klimaat-meteen-over,page,
https://www.rijksoverheid.nl/actueel/weblogs/bzers-wereldwijd/2025/babychecker,page,
https://www.rijksoverheid.nl/actueel/weblogs/bzers-wereldwijd/2025/nederlands-vaccin-wendt-ebola-uitbraak-in-oeganda-af,page,
https://www.rijksoverheid.nl/actueel/weblogs/bzers-wereldwijd/2024/wereldwaterdag-water-een-bron-voor-vrede-en-conflict,page,
https://www.rijksoverheid.nl/actueel/weblogs/bzers-wereldwijd/2025/ondernemen-over-de-grens-nederlands-ingenieursbureau-ontwikkelt-kustbeschermingsplan-in-jakarta,page,
https://www.rijksoverheid.nl/documenten/2025/12/17/beslisnota-bij-kamerbrief-inzake-modernisering-drive,page,
https://www.rijksoverheid.nl/actueel/weblogs/bzers-wereldwijd/2025/nederlandse-inzet-voor-voedselzekerheid,page,
https://www.rijksoverheid.nl/documenten/2025/10/16/kamerbrief-stand-van-zaken-vogelgriep-en-overige-zaken-diergezondheid,page,
https://www.rijksoverheid.nl/documenten/2025/10/16/regeling-invoering-ophok-en-afschermplicht,page,
https://www.rijksoverheid.nl/actueel/nieuws/2025/10/07/vogelgriep-vastgesteld-in-gasselternijveenschemond,page,
https://www.rijksoverheid.nl/themas/migratie-en-reizen/ambassades-consulaten-en-overige-vertegenwoordigingen/internationale-organisaties/nederlandse-taalunie,page,
https://www.rijksoverheid.nl/themas/migratie-en-reizen/ambassades-consulaten-en-overige-vertegenwoordigingen/internationale-organisaties/internationale-organisatie-voor-migratie,page,
https://www.rijksoverheid.nl/themas/migratie-en-reizen/ambassades-consulaten-en-overige-vertegenwoordigingen/internationale-organisaties/icmp,page,
https://www.rijksoverheid.nl/documenten/2025/08/29/kamerbrief-inzake-inzet-koninkrijk-der-nederlanden-voor-de-80e-zitting-van-de-avvn,page,
https://www.rijksoverheid.nl/themas/migratie-en-reizen/ambassades-consulaten-en-overige-vertegenwoordigingen/internationale-organisaties/international-institute-for-democracy-and-electoral-assistance,page,
https://www.rijksoverheid.nl/themas/migratie-en-reizen/ambassades-consulaten-en-overige-vertegenwoordigingen/internationale-organisaties/idlo-internationale-organisatie-voor-ontwikkelingsrecht,page,
https://www.rijksoverheid.nl/themas/economie/buitenlandse-handel,page,
https://www.rijksoverheid.nl/personen/gerritsen-marc/marc-gerritsen,page,
https://www.rijksoverheid.nl/documenten/2025/10/15/beslisnota-kamerbrief-stand-van-zaken-vogelgriep-en-overige-zaken-diergezondheid,page,
https://www.rijksoverheid.nl/documenten/2025/10/13/verslag-deskundigengroep-dierziekten-hpai-13-oktober-2025,page,
https://www.rijksoverheid.nl/documenten/2025/10/kaart-3-km/kaart-van-vervoersbeperkingsgebied-10-km-door-besmetting-vogelgriep-op-locatie-gasselternijveenschemond,page,
https://www.rijksoverheid.nl/documenten/2025/10/kaart-3-km/kaart-van-vervoersbeperkingsgebied-3-km-door-besmetting-vogelgriep-op-locatie-gasselternijveenschemond,page,
https://www.rijksoverheid.nl/documenten/2025/10/07/regeling-maatregelen-beschermings--en-bewakingszone-hoogpathogene-vogelgriep-gasselternijveenschemond-2025,page,
https://www.rijksoverheid.nl/documenten/2022/10/21/mondiale-gezondheidsstrategie-2023-2030,page,
https://www.rijksoverheid.nl/themas/internationale-samenwerking/mensenrechten,page,
https://www.rijksoverheid.nl/documenten/2025/06/11/beslisnota-bij-kamerbrief-inzake-inzet-koninkrijk-der-nederlanden-voor-de-80e-zitting-van-de-avvn,page,
https://www.rijksoverheid.nl/actueel/nieuws?size=n_10_n&filters%5B0%5D%5Bfield%5D=topic&filters%5B0%5D%5Bvalues%5D%5B0%5D=Buitenlandse%20handel&filters%5B0%5D%5Btype%5D=all,page,
https://www.rijksoverheid.nl/actueel/nieuws/2026/09/02/minister-president-jetten-en-de-noorse-minister-president-store-bij-officiele-opening-yara,page,
https://www.rijksoverheid.nl/actueel/nieuws/2026/09/22/europese-toeslag-van-euro-2-voor-pakketjes-van-buiten-de-eu,page,
https://www.rijksoverheid.nl/actueel/weblogs/bzers-wereldwijd/2024/wat-is-een-handelsmissie-buitenlandse-zaken-in-begrijpelijke-taal,page,
https://www.rijksoverheid.nl/actueel/weblogs/bzers-wereldwijd/2025/expo-2025-osaka-nederlandse-deelname-aan-de-wereldtentoonstelling,page,
https://www.rijksoverheid.nl/actueel/weblogs/bzers-wereldwijd/2024/serie-interviews-met-ondernemers,page,
https://www.rijksoverheid.nl/actueel/nieuws/2026/07/08/koninkrijk-der-nederlanden-voorzitter-raad-van-europa-in-2027,page,
https://www.rijksoverheid.nl/actueel/nieuws/2026/07/11/nederland-herdenkt-genocide-srebrenica,page,
https://www.rijksoverheid.nl/personen/ginneken-meike-van/meike-van-ginneken,page,
https://www.rijksoverheid.nl/actueel/nieuws/2026/09/03/nederland-steunt-onderzoek-naar-mogelijke-schendingen-van-het-internationaal-recht-in-libanon,page,
https://www.rijksoverheid.nl/vraag-en-antwoord?topic=mensenrechten,page,
https://www.rijksoverheid.nl/documenten?size=n_10_n&filters%5B0%5D%5Bfield%5D=topic&filters%5B0%5D%5Bvalues%5D%5B0%5D=Mensenrechten&filters%5B0%5D%5Btype%5D=all,page,
https://www.rijksoverheid.nl/actueel/nieuws?size=n_10_n&filters%5B0%5D%5Bfield%5D=topic&filters%5B0%5D%5Bvalues%5D%5B0%5D=Mensenrechten&filters%5B0%5D%5Btype%5D=all,page,
https://www.rijksoverheid.nl/actueel/weblogs/bzers-wereldwijd/2024/economische-missie-vietnam,page,
https://www.rijksoverheid.nl/themas/internationale-samenwerking/europese-unie,page,
https://www.rijksoverheid.nl/ministeries/ministerie-van-buitenlandse-zaken/evenementen/expo-2025-osaka,page,
https://www.rijksoverheid.nl/actueel/weblogs/bzers-wereldwijd/2025/een-terugblik-expo-2025-osaka,page,
https://www.rijksoverheid.nl/actueel/weblogs/bzers-wereldwijd/2025/terugblik-op-het-bezoek-van-koning-willem-alexander-aan-expo-2025-osaka,page,
https://www.rijksoverheid.nl/actueel/weblogs/bzers-wereldwijd/2024/ondernemen-over-de-grens-dockr,page,
https://www.rijksoverheid.nl/actueel/weblogs/bzers-wereldwijd/2024/ondernemen-over-de-grens-momo-medical-maakt-digitale-revolutie-verpleeghuizen-wereldwijd-mogelijk,page,
https://www.rijksoverheid.nl/themas/recht-veiligheid-en-defensie/defensiepersoneel,page,
https://www.rijksoverheid.nl/actueel/weblogs/bzers-wereldwijd/2024/nederlandse-architect-venhoevencs-ontwerpt-zwembad-olympische-spelen-parijs-2024,page,
https://www.rijksoverheid.nl/actueel/weblogs/bzers-wereldwijd/2024/the-seaweed-company-ondernemen-over-de-grens,page,
https://www.rijksoverheid.nl/actueel/weblogs/bzers-wereldwijd/2024/ecoplant-internationaal-succes-voor-energiefabriekjes-van-nederlandse-bodem,page,
https://www.rijksoverheid.nl/actueel/weblogs/bzers-wereldwijd/2025/onethird,page,
https://www.rijksoverheid.nl/actueel/weblogs/bzers-wereldwijd/2026/maxani-animal-healthcare-ohmf,page,
https://www.rijksoverheid.nl/actueel/weblogs/bzers-wereldwijd/2024/waarom-kan-nederland-niet-zonder-internationale-handel,page,
https://www.rijksoverheid.nl/actueel/nieuws/2026/06/15/minister-president-jetten-ontvangt-minister-president-diependaele-van-vlaanderen,page,
https://www.rijksoverheid.nl/actueel/nieuws/2026/09/01/minister-president-jetten-ontvangt-president-macron,page,
https://www.rijksoverheid.nl/actueel/nieuws/2022/09/23/aanbesteding-nederlands-paviljoen-expo-2025-osaka,page,
https://www.rijksoverheid.nl/actueel/nieuws/2022/07/22/vooraankondiging-osaka,page,
https://www.rijksoverheid.nl/actueel/nieuws/2023/03/17/consortium-paviljoen-expo-osaka,page,
https://www.rijksoverheid.nl/actueel/nieuws/2023/06/05/expo-2025-osaka-ontwerp-nederlands-paviljoen-onthuld,page,
https://www.rijksoverheid.nl/actueel/nieuws?size=n_10_n&filters%5B0%5D%5Bfield%5D=topic&filters%5B0%5D%5Bvalues%5D%5B0%5D=Defensiepersoneel&filters%5B0%5D%5Btype%5D=all,page,
https://www.rijksoverheid.nl/actueel/nieuws/2026/09/11/defensie-werkt-nieuwe-plannen-uit-voor-het-dienmodel,page,
https://www.rijksoverheid.nl/actueel/nieuws/2026/09/18/zr.ms.-de-ruyter-na-bijna-een-half-jaar-weer-thuis,page,
https://www.rijksoverheid.nl/documenten?filters%5B0%5D%5Bfield%5D=topic&filters%5B0%5D%5Bvalues%5D%5B0%5D=Defensiepersoneel&filters%5B0%5D%5Btype%5D=all,page,
https://www.rijksoverheid.nl/vraag-en-antwoord?topic=defensiepersoneel,page,
https://www.rijksoverheid.nl/actueel/weblogs/bzers-wereldwijd/2026/succes-over-de-grens-hoe-helpt-buitenlandse-zaken-bij-internationaal-zakendoen,page,
https://www.rijksoverheid.nl/actueel/nieuws/2024/03/27/allard-castelein-start-als-speciaal-vertegenwoordiger-grondstoffenstrategie,page,
https://www.rijksoverheid.nl/actueel/weblogs/bzers-wereldwijd/2023/wat-is-de-g20,page,
https://www.rijksoverheid.nl/actueel/weblogs/bzers-wereldwijd/2025/handelsafspraken-eu-vs-importheffingen,page,
https://www.rijksoverheid.nl/actueel/nieuws/2022/03/31/nederland-kijkt-terug-op-succesvol-expo-in-dubai,page,
https://www.rijksoverheid.nl/actueel/weblogs/bzers-wereldwijd/2024/welke-regels-gelden-voor-internationaal-maatschappelijk-verantwoord-ondernemen-imvo,page,
https://www.rijksoverheid.nl/actueel/weblogs/bzers-wereldwijd/2023/wat-zijn-kritieke-grondstoffen-buitenlandse-zaken-in-begrijpelijke-taal,page,
https://www.rijksoverheid.nl/themas/recht-veiligheid-en-defensie/defensiepersoneel/militaire-oorlogs-en-dienstslachtoffers,page,
https://www.rijksoverheid.nl/themas/recht-veiligheid-en-defensie/defensiepersoneel/veteranen,page,
https://www.rijksoverheid.nl/themas/recht-veiligheid-en-defensie/defensiepersoneel/dienstplicht,page,
https://www.rijksoverheid.nl/themas/recht-veiligheid-en-defensie/defensiepersoneel/meer-defensiepersoneel,page,
https://www.rijksoverheid.nl/actueel/nieuws/2024/02/19/start-aanbesteding-exploitatie-nederlands-paviljoen-expo-2025-in-osaka,page,
https://www.rijksoverheid.nl/actueel/nieuws/2025/04/10/expo-2025-osaka-van-start-met-nederlands-paviljoen,page,
https://www.rijksoverheid.nl/ministeries/ministerie-van-buitenlandse-zaken/evenementen/ambassadeursconferentie-2026,page,
https://www.rijksoverheid.nl/documenten/2023/12/22/voortgangsbrief-nationale-grondstoffenstrategie,page,
https://www.rijksoverheid.nl/documenten/2022/12/09/nationale-grondstoffenstrategie,page,
https://www.rijksoverheid.nl/documenten/2025/08/26/kamerbrief-inzake-gezamenlijke-eu-vs-verklaring-inzake-handel,page,
https://www.rijksoverheid.nl/actueel/nieuws/2024/05/30/partner-nederlandse-paviljoen-expo-2025,page,
https://www.rijksoverheid.nl/themas/recht-veiligheid-en-defensie/krijgsmacht,page,
https://www.rijksoverheid.nl/documenten/2025/03/24/kamerbrief-onze-mensen-onze-toekomst-meer-beter-en-sneller,page,
https://www.rijksoverheid.nl/themas/migratie-en-reizen/nederlandse-nationaliteit/dubbele-nationaliteit,page,
https://www.rijksoverheid.nl/actueel/nieuws/2026/06/12/veteranennota-2025-2026-erkenning-en-waardering-centraal,page,
https://www.rijksoverheid.nl/service/contact/contactgids/n/nederlands-veteraneninstituut,page,
https://www.rijksoverheid.nl/themas/recht-veiligheid-en-defensie/defensiepersoneel/militaire-oorlogs-en-dienstslachtoffers/adviezen-van-de-commissie-volledige-schadevergoeding,page,
https://www.rijksoverheid.nl/themas/klimaat-milieu-en-natuur/bodem-en-ondergrond,page,
https://www.rijksoverheid.nl/actueel/nieuws/2022/12/09/kabinet-wil-meer-zekerheid-over-toevoer-grondstoffen-en-halfproducten,page,
https://www.rijksoverheid.nl/documenten/2025/08/21/beslisnota-bij-kamerbrief-inzake-gezamenlijke-eu-vs-verklaring-inzake-handel,page,
https://www.rijksoverheid.nl/documenten/2022/12/09/beslisnota-bij-kamerbrief-nationale-grondstoffenstrategie,page,
https://www.rijksoverheid.nl/documenten/2022/12/09/raw-materials-strategy-for-large-transitions,page,
https://www.rijksoverheid.nl/documenten/2022/12/09/bijlage-nationale-grondstoffenstrategie,page,
https://www.rijksoverheid.nl/documenten/2025/03/14/beslisnota-bij-kamerbrief-onze-mensen-onze-toekomst-meer-beter-en-sneller,page,
https://www.rijksoverheid.nl/actueel/nieuws?size=n_10_n&filters%5B0%5D%5Bfield%5D=topic&filters%5B0%5D%5Bvalues%5D%5B0%5D=Krijgsmacht&filters%5B0%5D%5Btype%5D=all,page,
https://www.rijksoverheid.nl/themas/migratie-en-reizen/nederlandse-nationaliteit/nederlandse-nationaliteit-verliezen,page,
https://www.rijksoverheid.nl/themas/migratie-en-reizen/nederlandse-nationaliteit,page,
https://www.rijksoverheid.nl/actueel/nieuws/2026/07/08/nieuwe-wet-weerbare-defensie-industrie,page,
https://www.rijksoverheid.nl/actueel/nieuws/2026/08/05/zr.ms.-de-ruyter-huisvest-staf-ter-voorbereiding-op-eventuele-hormuz-missie,page,
https://www.rijksoverheid.nl/themas/klimaat-milieu-en-natuur/mest,page,
https://www.rijksoverheid.nl/themas/klimaat-milieu-en-natuur/landbouw-en-tuinbouw,page,
https://www.rijksoverheid.nl/actueel/nieuws?size=n_10_n&filters%5B0%5D%5Bfield%5D=topic&filters%5B0%5D%5Bvalues%5D%5B0%5D=Bodem%20en%20ondergrond&filters%5B0%5D%5Btype%5D=all,page,
https://www.rijksoverheid.nl/actueel/nieuws/2025/10/16/nieuwe-schaderegeling-mijnbouw-limburg-klaar,page,
https://www.rijksoverheid.nl/actueel/nieuws/2025/11/28/brede-samenwerking-voor-aanpak-bestaande-toepassingen-staalslakken,page,
https://www.rijksoverheid.nl/actueel/nieuws/2026/06/05/staatssecretaris-denkt-aan-verbod-tenzij-op-staalslakken,page,
https://www.rijksoverheid.nl/themas/klimaat-milieu-en-natuur/bodem-en-ondergrond/graafschade,page,
https://www.rijksoverheid.nl/documenten/2011/07/13/meldingsformulier-voor-bus-saneringen,page,
https://www.rijksoverheid.nl/themas/bouwen-en-wonen/stikstof,page,
https://www.rijksoverheid.nl/documenten?filters%5B0%5D%5Bfield%5D=topic&filters%5B0%5D%5Bvalues%5D%5B0%5D=Krijgsmacht&filters%5B0%5D%5Btype%5D=all,page,
https://www.rijksoverheid.nl/actueel/nieuws/2025/09/26/kabinet-wil-naturalisatietermijn-verlengen-van-5-naar-10-jaar,page,
https://www.rijksoverheid.nl/actueel/nieuws/2025/11/21/kabinet-wil-bevoegdheid-tot-intrekken-nederlanderschap-bij-terrorisme-permanent-maken,page,
https://www.rijksoverheid.nl/actueel/nieuws/2026/03/06/wet-intrekken-nederlanderschap-naar-raad-van-state,page,
https://www.rijksoverheid.nl/vraag-en-antwoord?topic=nederlandse-nationaliteit,page,
https://www.rijksoverheid.nl/actueel/nieuws?size=n_10_n&filters%5B0%5D%5Bfield%5D=topic&filters%5B0%5D%5Bvalues%5D%5B0%5D=Landbouw%20en%20tuinbouw&filters%5B0%5D%5Btype%5D=all,page,
https://www.rijksoverheid.nl/actueel/nieuws/2026/07/08/nederland-bouwt-aan-het-voedselsysteem-van-de-toekomst-innovatief-veerkrachtig-en-crisisbestendig,page,
https://www.rijksoverheid.nl/actueel/nieuws/2026/07/14/ondertekening-convenant-zet-ambities-reductie-gewasbescherming-neer,page,
https://www.rijksoverheid.nl/themas/klimaat-milieu-en-natuur/gezonde-en-veilige-leefomgeving,page,
https://www.rijksoverheid.nl/actueel/nieuws/2026/07/22/openstelling-subsidieregeling-extensivering-melkveehouderij-sem-verlengd,page,
https://www.rijksoverheid.nl/vraag-en-antwoord?topic=landbouw-en-tuinbouw,page,
https://www.rijksoverheid.nl/themas/migratie-en-reizen/inburgeren-in-nederland,page,
https://www.rijksoverheid.nl/actueel/nieuws?size=n_10_n&filters%5B0%5D%5Bfield%5D=topic&filters%5B0%5D%5Bvalues%5D%5B0%5D=Stikstof&filters%5B0%5D%5Btype%5D=all,page,
https://www.rijksoverheid.nl/actueel/nieuws/2026/06/17/overheden-starten-uitvoering-aanpak-veluwe,page,
https://www.rijksoverheid.nl/actueel/nieuws/2026/06/17/300-miljoen-voor-de-peel-start-van-maatregelen-voor-lostrekken-vergunningverlening,page,
https://www.rijksoverheid.nl/actueel/nieuws/2026/06/26/kabinet-haalt-nederland-van-het-stikstofslot-met-stevig-pakket-weer-ruimte-voor-boer-natuur-en-bouw,page,
https://www.rijksoverheid.nl/themas/bouwen-en-wonen/stikstof/plannen-kabinet-voor-minder-stikstof,page,
https://www.rijksoverheid.nl/documenten/2012/02/01/machtigingsformulier-ondertekening-bus,page,
https://www.rijksoverheid.nl/documenten/2012/04/01/bus-evaluatie-categorie-mobiel,page,
https://www.rijksoverheid.nl/documenten/2012/02/01/evaluatie-de-kempen-versie-4-1,page,
https://www.rijksoverheid.nl/documenten/2012/02/01/evaluatie-tijdelijk-uitplaatsen-versie-4-1,page,
https://www.rijksoverheid.nl/themas/klimaat-milieu-en-natuur/bestrijdingsmiddelen,page,
https://www.rijksoverheid.nl/documenten/2012/02/01/evaluatie-immobiel-versie-4-1,page,
https://www.rijksoverheid.nl/actueel/nieuws/2026/07/10/geitenhouderijen-krijgen-afstandsnorm-van-500-meter,page,
https://www.rijksoverheid.nl/documenten/2020/09/24/nationaal-milieubeleidskader,page,
https://www.rijksoverheid.nl/documenten/2023/04/01/ketenpartners-inburgering,page,
https://www.rijksoverheid.nl/vraag-en-antwoord?topic=gezonde-en-veilige-leefomgeving,page,
https://www.rijksoverheid.nl/actueel/nieuws/2026/05/29/kabinet-gaat-meer-vrouwelijke-statushouders-aan-het-werk-helpen,page,
https://www.rijksoverheid.nl/actueel/nieuws/2026/06/05/kabinet-wil-in-4-jaar-75-000-meer-nieuwkomers-aan-het-werk-helpen,page,
https://www.rijksoverheid.nl/actueel/nieuws/2026/06/10/kabinet-maakt-taaleis-in-bijstand-effectiever-om-meer-mensen-aan-het-werk-te-helpen,page,
https://www.rijksoverheid.nl/themas/migratie-en-reizen/immigratie-naar-nederland,page,
https://www.rijksoverheid.nl/themas/klimaat-milieu-en-natuur/natuur-en-biodiversiteit/nederlandse-natuur-sneller-herstellen-natuurherstelverordening,page,
https://www.rijksoverheid.nl/actueel/nieuws?size=n_10_n&filters%5B0%5D%5Bfield%5D=topic&filters%5B0%5D%5Bvalues%5D%5B0%5D=Bestrijdingsmiddelen&filters%5B0%5D%5Btype%5D=all,page,
https://www.rijksoverheid.nl/vraag-en-antwoord?topic=inburgeren-in-nederland,page,
https://www.rijksoverheid.nl/themas/klimaat-milieu-en-natuur/bestrijdingsmiddelen/gezondheid-omwonenden-gewasbeschermingsmiddelen,page,
https://www.rijksoverheid.nl/themas/familie-zorg-en-gezondheid/gezondheid-en-preventie,page,
https://www.rijksoverheid.nl/themas/klimaat-milieu-en-natuur/bestrijdingsmiddelen/toelating-bestrijdingsmiddelen,page,
https://www.rijksoverheid.nl/themas/klimaat-milieu-en-natuur/bestrijdingsmiddelen/biociden,page,
https://www.rijksoverheid.nl/documenten/2021/02/22/nationaal-milieubeleidskader-definitieve-versie,page,
https://www.rijksoverheid.nl/themas/migratie-en-reizen/buitenlandse-werknemers,page,
https://www.rijksoverheid.nl/themas/migratie-en-reizen/asielbeleid,page,
https://www.rijksoverheid.nl/actueel/nieuws/2023/09/19/prinsjesdag-2023-investeren-in-het-beschermen-van-de-democratische-rechtsstaat,page,
https://www.rijksoverheid.nl/actueel/nieuws/2024/01/29/gemeenten-starten-proef-om-statushouders-direct-aan-werk-te-helpen,page,
https://www.rijksoverheid.nl/actueel/nieuws/2025/02/07/werk-maken-van-integratie-voor-een-open-en-vrije-samenleving,page,
https://www.rijksoverheid.nl/vraag-en-antwoord?topic=immigratie-naar-nederland,page,
https://www.rijksoverheid.nl/documenten?size=n_10_n&filters%5B0%5D%5Bfield%5D=topic&filters%5B0%5D%5Bvalues%5D%5B0%5D=Immigratie%20naar%20Nederland&filters%5B0%5D%5Btype%5D=all,page,
https://www.rijksoverheid.nl/service/contact/contactgids/c/college-voor-de-toelating-van-gewasbeschermingsmiddelen-en-biociden-ctgb,page,
https://www.rijksoverheid.nl/vraag-en-antwoord?Topic=bestrijdingsmiddelen,page,
https://www.rijksoverheid.nl/themas/klimaat-milieu-en-natuur/natuur-en-biodiversiteit/bescherming-bijen-en-andere-bestuivers,page,
https://www.rijksoverheid.nl/actueel/nieuws?size=n_10_n&filters%5B0%5D%5Bfield%5D=topic&filters%5B0%5D%5Bvalues%5D%5B0%5D=Asielbeleid&filters%5B0%5D%5Btype%5D=all,page,
https://www.rijksoverheid.nl/themas/familie-zorg-en-gezondheid/jeugdbescherming,page,
https://www.rijksoverheid.nl/themas/recht-veiligheid-en-defensie/ondermijning,page,
https://www.rijksoverheid.nl/themas/overheid-en-democratie/prinsjesdag,page,
https://www.rijksoverheid.nl/actueel/nieuws/2026/09/07/de-asielinstroom-van-week-36-bedroeg-ongeveer-580,page,
https://www.rijksoverheid.nl/documenten/2025/02/07/kamerbrief-actieagenda-integratie-en-open-en-vrije-samenleving,page,
https://www.rijksoverheid.nl/actueel/nieuws/2026/09/15/de-asielinstroom-van-week-37-bedroeg-ongeveer-590,page,
https://www.rijksoverheid.nl/actueel/nieuws/2026/09/21/de-asielinstroom-van-week-38-bedroeg-ongeveer-710,page,
https://www.rijksoverheid.nl/vraag-en-antwoord?topic=asielbeleid,page,
https://www.rijksoverheid.nl/documenten?filters%5B0%5D%5Bfield%5D=topic&filters%5B0%5D%5Bvalues%5D%5B0%5D=Asielbeleid&filters%5B0%5D%5Btype%5D=all,page,
https://www.rijksoverheid.nl/themas/migratie-en-reizen/asielbeleid/nieuwe-europese-regels-voor-asiel,page,
https://www.rijksoverheid.nl/themas/migratie-en-reizen/asielbeleid/alleenstaande-minderjarige-vreemdelingen-amv,page,
https://www.rijksoverheid.nl/themas/familie-zorg-en-gezondheid/drugs/aanpak-illegale-hennepteelt,page,
https://www.rijksoverheid.nl/themas/familie-zorg-en-gezondheid/drugs/tegengaan-drugshandel-en-drugssmokkel,page,
https://www.rijksoverheid.nl/themas/familie-zorg-en-gezondheid/drugs/internationale-aanpak-drugshandel-en-criminaliteit,page,
https://www.rijksoverheid.nl/themas/familie-zorg-en-gezondheid/drugs/aanpak-drugscriminaliteit-en-drugsoverlast,page,
https://www.rijksoverheid.nl/documenten/2023/03/09/plan-van-aanpak-statushouders-aan-het-werk,page,
https://www.rijksoverheid.nl/actueel/nieuws?size=n_10_n&filters%5B0%5D%5Bfield%5D=topic&filters%5B0%5D%5Bvalues%5D%5B0%5D=Prinsjesdag%3A%20Miljoenennota%20en%20Rijksbegroting&filters%5B0%5D%5Btype%5D=all,page,
https://www.rijksoverheid.nl/actueel/nieuws/2026/09/15/duurzame-investeringen-verlagen-kosten-levensonderhoud-bonaire-sint-eustatius-en-saba,page,
https://www.rijksoverheid.nl/documenten/2025/02/07/beslisnota-s-bij-kamerbrief-actieagenda-integratie-en-de-open-en-vrije-samenleving,page,
https://www.rijksoverheid.nl/themas/migratie-en-reizen/opvang-vluchtelingen-uit-oekraine/cijfers-opvang-vluchtelingen-uit-oekraine-in-nederland,page,
https://www.rijksoverheid.nl/actueel/nieuws/2026/09/15/prinsjesdag-2026-nieuwe-investeringen-innovatieve-economie-klimaat-energie,page,
https://www.rijksoverheid.nl/actueel/nieuws/2026/09/15/prinsjesdag-2026-maatregelen-op-het-gebied-van-szw,page,
https://www.rijksoverheid.nl/actueel/nieuws/2026/09/15/prinsjesdag-2026-extra-geld-voor-infrastructuur-maar-scherpe-keuzes-blijven-nodig,page,
https://www.rijksoverheid.nl/vraag-en-antwoord?topic=prinsjesdag,page,
https://www.rijksoverheid.nl/documenten/2023/03/09/aanbiedingsbrief-plan-van-aanpak-statushouders-aan-het-werk,page,
https://www.rijksoverheid.nl/themas/recht-veiligheid-en-defensie/straffen-en-maatregelen/geweld-onder-invloed-van-drugs-of-alcohol,page,
https://www.rijksoverheid.nl/documenten/2017/10/16/antwoorden-kamervragen-over-het-bericht-dat-het-project-met-de-slimme-camera-s-in-de-haven-van-rotterdam-stil-ligt,page,
https://www.rijksoverheid.nl/themas/familie-zorg-en-gezondheid/drugs/drugsgebruik-voorkomen,page,
https://www.rijksoverheid.nl/themas/familie-zorg-en-gezondheid/drugs/drugsgebruik-en-verslavingszorg,page,
https://www.rijksoverheid.nl/themas/familie-zorg-en-gezondheid/drugs/gedoogbeleid-softdrugs-en-coffeeshops,page,
https://www.rijksoverheid.nl/themas/familie-zorg-en-gezondheid/drugs/wet-maakt-verschil-harddrugs-en-softdrugs,page,
https://www.rijksoverheid.nl/themas/familie-zorg-en-gezondheid/drugs,page,
https://www.rijksoverheid.nl/themas/migratie-en-reizen/opvang-vluchtelingen-uit-oekraine,page,
https://www.rijksoverheid.nl/documenten/2024/05/28/tk-stand-van-zaken-ten-aanzien-van-de-opvang-van-alleenstaande-minderjarige-vreemdelingen,page,
https://www.rijksoverheid.nl/themas/werk/ontslag/compensatie-transitievergoeding,page,
https://www.rijksoverheid.nl/themas/economie/koopkracht,page,
https://www.rijksoverheid.nl/themas/familie-zorg-en-gezondheid/kinderopvang/plannen-kabinet-voor-nieuwe-financiering-kinderopvang,page,
https://www.rijksoverheid.nl/documenten/2023/03/09/beslisnotas-bij-plan-van-aanpak-statushouders-aan-het-werk,page,
https://www.rijksoverheid.nl/documenten/2023/03/09/overzicht-moties-en-toezeggingen-statushouders-aan-het-werk,page,
https://www.rijksoverheid.nl/themas/familie-zorg-en-gezondheid/experiment-gesloten-coffeeshopketen-wietexperiment,page,
https://www.rijksoverheid.nl/service/contact/contactgids/t/trimbos-instituut,page,
https://www.rijksoverheid.nl/themas/familie-zorg-en-gezondheid/geestelijke-gezondheidszorg/psychische-hulp-huisarts-of-ggz,page,
https://www.rijksoverheid.nl/actueel/nieuws?size=n_10_n&filters%5B0%5D%5Bfield%5D=topic&filters%5B0%5D%5Bvalues%5D%5B0%5D=Drugs&filters%5B0%5D%5Btype%5D=all,page,
https://www.rijksoverheid.nl/actueel/nieuws/2025/05/22/kabinet-zet-in-op-bewustwording-en-strengere-aanpak-van-drugsgebruik-en--criminaliteit,page,
https://www.rijksoverheid.nl/actueel/nieuws/2025/07/01/designerdrugsverbod-vanaf-1-juli-van-kracht,page,
https://www.rijksoverheid.nl/actueel/nieuws?size=n_10_n&filters%5B0%5D%5Bfield%5D=topic&filters%5B0%5D%5Bvalues%5D%5B0%5D=Opvang%20vluchtelingen%20uit%20Oekra%C3%AFne&filters%5B0%5D%5Btype%5D=all,page,
https://www.rijksoverheid.nl/documenten/2024/05/28/tk-beslisnota-bij-kamerbrief-inzake-de-stand-van-zaken-ten-aanzien-van-de-opvang-van-amv,page,
https://www.rijksoverheid.nl/actueel/nieuws/2026/06/08/de-asielinstroom-van-week-23-bedroeg-ongeveer-900,page,
https://www.rijksoverheid.nl/actueel/nieuws/2026/07/01/kabinet-stelt-nieuw-landenbeleid-vast-voor-oekraine,page,
https://www.rijksoverheid.nl/documenten/2024/11/11/hooflijnenbrief-nieuw-financieringsstelsel-kinderopvang-aan-de-slag,page,
https://www.rijksoverheid.nl/documenten/2025/09/15/kamerbrief-toegankelijkheid-en-doelmatigheid-in-het-nieuwe-financieringsstelsel-kinderopvang,page,
https://www.rijksoverheid.nl/documenten/2025/11/27/kamerbrief-nieuw-financieringsstelsel-kinderopvang,page,
https://www.rijksoverheid.nl/documenten/2026/01/08/wetsvoorstel-financiering-kinderopvang-vragen-en-antwoorden-over-de-daeb,page,
https://www.rijksoverheid.nl/documenten/2026/02/10/wetsvoorstel-financiering-kinderopvang-vragen-en-antwoorden-over-de-daeb,page,
https://www.rijksoverheid.nl/documenten/2025/05/22/kamerbrief-over-inzake-het-drugsbeleid,page,
https://www.rijksoverheid.nl/documenten/2025/07/01/lijst-verboden-nieuwe-psychoactieve-stoffen-nps-per-1-juli-2025,page,
https://www.rijksoverheid.nl/themas/familie-zorg-en-gezondheid/geestelijke-gezondheidszorg/gedwongen-opname-en-dwang-in-de-zorg,page,
https://www.rijksoverheid.nl/documenten/2017/03/16/brochure-verwijzingen-ggz,page,
https://www.rijksoverheid.nl/documenten/2017/03/16/besluit-verwijzingen-ggz,page,
https://www.rijksoverheid.nl/themas/familie-zorg-en-gezondheid/geestelijke-gezondheidszorg,page,
https://www.rijksoverheid.nl/actueel/nieuws?size=n_10_n&filters%5B0%5D%5Bfield%5D=topic&filters%5B0%5D%5Bvalues%5D%5B0%5D=Experiment%20gesloten%20coffeeshopketen%20%28wietexperiment%29&filters%5B0%5D%5Btype%5D=all,page,
https://www.rijksoverheid.nl/actueel/nieuws/2024/06/17/start-overgangsfase-experiment-gesloten-coffeeshopketen-wietexperiment,page,
https://www.rijksoverheid.nl/actueel/nieuws/2024/12/10/experimenteerfase-van-het-experiment-gesloten-coffeeshopketen-wietexperiment-start-in-april,page,
https://www.rijksoverheid.nl/actueel/nieuws/2025/04/02/start-van-de-experimenteerfase-experiment-gesloten-coffeeshopketen-wietexperiment-op-7-april,page,
https://www.rijksoverheid.nl/documenten/2025/09/15/de-kostprijs-bestaat-niet,page,
https://www.rijksoverheid.nl/documenten/2025/11/27/beslisnota-bij-kamerbrief-nieuw-financieringsstelsel-kinderopvang,page,
https://www.rijksoverheid.nl/documenten/2025/09/15/beslisnota-s-bij-kamerbrief-toegankelijkheid-en-doelmatigheid-in-het-nieuwe-financieringsstelsel-kinderopvang,page,
https://www.rijksoverheid.nl/documenten/2025/09/15/kengetallen-kinderopvang,page,
https://www.rijksoverheid.nl/documenten/2025/03/25/beslisnota-bij-kamerbrief-over-drugsbeleid-voorjaar-2025,page,
https://www.rijksoverheid.nl/documenten/2026/02/10/aanbiedingsbrief-advies-landsadvocaat-staatssteunaspecten-conceptwetsvoorstel-financiering-kinderopvang,page,
https://www.rijksoverheid.nl/actueel/nieuws/2025/12/11/focus-op-woonplek-gegevensdeling-en-financiering-voor-betere-zorg-en-ondersteuning-mensen-met-verward-gedrag,page,
https://www.rijksoverheid.nl/actueel/nieuws/2026/05/20/koningin-maxima-trapt-programma-de-onzichtbare-blessure-van-knvb-en-zilveren-kruis-af,page,
https://www.rijksoverheid.nl/actueel/nieuws/2026/07/22/bekendmaking-voornemen-subsidie-aan-stichting-geestelijke-verzorging-aardbevingsgebied-groningen,page,
https://www.rijksoverheid.nl/documenten/2024/06/17/tk-stand-van-zaken-experiment-gesloten-coffeeshopketen-en-coffeeshopbeleid,page,
https://www.rijksoverheid.nl/documenten?size=n_10_n&filters%5B0%5D%5Bfield%5D=topic&filters%5B0%5D%5Bvalues%5D%5B0%5D=Geestelijke%20gezondheidszorg%20%28ggz%29&filters%5B0%5D%5Btype%5D=all,page,
https://www.rijksoverheid.nl/vraag-en-antwoord?topic=geestelijke-gezondheidszorg,page,
https://www.rijksoverheid.nl/actueel/nieuws?size=n_10_n&filters%5B0%5D%5Bfield%5D=topic&filters%5B0%5D%5Bvalues%5D%5B0%5D=Geestelijke%20gezondheidszorg%20%28ggz%29&filters%5B0%5D%5Btype%5D=all,page,
https://www.rijksoverheid.nl/documenten/2025/04/02/tk-ontwikkelingen-en-voortgang-experiment-gesloten-coffeeshopketen,page,
https://www.rijksoverheid.nl/themas/familie-zorg-en-gezondheid/geestelijke-gezondheidszorg/zorg-en-ondersteuning-voor-mensen-met-verward-gedrag,page,
https://www.rijksoverheid.nl/themas/familie-zorg-en-gezondheid/geestelijke-gezondheidszorg/zelfmoorden-verminderen,page,
https://www.rijksoverheid.nl/service/contact/contactgids/i/informatiepunt-dwang-in-de-zorg,page,
https://www.rijksoverheid.nl/documenten/2024/04/01/ervaringen-met-kinderopvang-vignetonderzoek,page,
https://www.rijksoverheid.nl/documenten/2026/02/10/advies-landsadvocaat-staatssteunaspecten-conceptwetsvoorstel-financiering-kinderopvang,page,
https://www.rijksoverheid.nl/documenten/2025/12/11/voortgangsbrief-aanpak-verward-en-onbegrepen-gedrag,page,
https://www.rijksoverheid.nl/documenten/2026/02/10/beslisnota-bij-aanbiedingsbrief-advies-landsadvocaat-staatssteunaspecten-conceptwetsvoorstel-financiering-kinderopvang,page,
https://www.rijksoverheid.nl/themas/klimaat-milieu-en-natuur/herstel-gaswinning-groningen-en-noord-drenthe,page,
https://www.rijksoverheid.nl/documenten/2024/12/20/aanbod-kinderopvang-in-nederland-2017-2023,page,
https://www.rijksoverheid.nl/documenten/2024/06/17/tk-beslisnota-bij-kamerbrief-experiment-gesloten-coffeeshopketen-en-coffeeshopbeleid,page,
https://www.rijksoverheid.nl/documenten/2024/11/11/beschrijving-nieuw-financieringsstelsel-kinderopvang,page,
https://www.rijksoverheid.nl/documenten/2024/11/11/beslisnota-s-bij-hooflijnenbrief-nieuw-financieringsstelsel-kinderopvang-aan-de-slag,page,
https://www.rijksoverheid.nl/documenten?filters%5B0%5D%5Bfield%5D=topic&filters%5B0%5D%5Bvalues%5D%5B0%5D=Experiment+gesloten+coffeeshopketen+%28wietexperiment%29&filters%5B0%5D%5Btype%5D=all,page,
https://www.rijksoverheid.nl/documenten/2025/04/02/tk-beslisnota-bij-kamerbrief-voortgang-in-aanloop-naar-experimenteerfase,page,
https://www.rijksoverheid.nl/themas/familie-zorg-en-gezondheid/experiment-gesloten-coffeeshopketen-wietexperiment/tijdlijn-experiment-gesloten-coffeeshopketen,page,
https://www.rijksoverheid.nl/themas/familie-zorg-en-gezondheid/experiment-gesloten-coffeeshopketen-wietexperiment/wetenschappelijk-onderzoek-effecten-wietexperiment,page,
https://www.rijksoverheid.nl/themas/familie-zorg-en-gezondheid/experiment-gesloten-coffeeshopketen-wietexperiment/proces-selectie-telers,page,
https://www.rijksoverheid.nl/themas/familie-zorg-en-gezondheid/experiment-gesloten-coffeeshopketen-wietexperiment/voorwaarden-coffeeshops-in-wietexperiment,page,
https://www.rijksoverheid.nl/themas/recht-veiligheid-en-defensie/politie,page,
https://www.rijksoverheid.nl/vraag-en-antwoord?topic=experiment-gesloten-coffeeshopketen-wietexperiment,page,
https://www.rijksoverheid.nl/documenten/2025/12/11/voortgangsrapportage-aanbevelingen-parlementaire-verkenning,page,
https://www.rijksoverheid.nl/actueel/nieuws?size=n_10_n&filters%5B0%5D%5Bfield%5D=topic&filters%5B0%5D%5Bvalues%5D%5B0%5D=Herstel%20na%20gaswinning%20Groningen%20en%20Noord-Drenthe&filters%5B0%5D%5Btype%5D=all,page,
https://www.rijksoverheid.nl/actueel/nieuws/2026/05/12/budget-vanuit-nij-begun-voor-activiteiten-van-inwoners-in-groningen-en-noord-drenthe,page,
https://www.rijksoverheid.nl/actueel/nieuws/2026/07/10/kabinet-bepaalt-inzet-voor-groningen-en-noord-drenthe,page,
https://www.rijksoverheid.nl/documenten?size=n_10_n&filters%5B0%5D%5Bfield%5D=topic&filters%5B0%5D%5Bvalues%5D%5B0%5D=Herstel%20na%20gaswinning%20Groningen%20en%20Noord-Drenthe&filters%5B0%5D%5Btype%5D=all,page,
https://www.rijksoverheid.nl/ministeries/ministerie-van-binnenlandse-zaken-en-koninkrijksrelaties/organisatie/organogram/regeringscommissaris-hersteloperatie-groningen-en-noord-drenthe,page,
https://www.rijksoverheid.nl/themas/klimaat-milieu-en-natuur/herstel-gaswinning-groningen-en-noord-drenthe/verbeteren-rol-overheid,page,
https://www.rijksoverheid.nl/themas/klimaat-milieu-en-natuur/herstel-gaswinning-groningen-en-noord-drenthe/economisch-perspectief,page,
https://www.rijksoverheid.nl/themas/klimaat-milieu-en-natuur/herstel-gaswinning-groningen-en-noord-drenthe/welzijn-en-sociaal-herstel,page,
https://www.rijksoverheid.nl/themas/recht-veiligheid-en-defensie/communicatie-hulpdiensten-c2000,page,
https://www.rijksoverheid.nl/themas/recht-veiligheid-en-defensie/agressie-en-geweld-in-de-samenleving,page,
https://www.rijksoverheid.nl/themas/recht-veiligheid-en-defensie/alarmnummer-112,page,
https://www.rijksoverheid.nl/documenten/2024/03/04/versterking-politiefunctie,page,
https://www.rijksoverheid.nl/actueel/nieuws/2026/06/08/vog-politiegegevens-verplicht-voor-aanvullende-functies-bij-het-openbaar-ministerie,page,
https://www.rijksoverheid.nl/actueel/nieuws/2026/06/17/herziening-maakt-wet-wapens-en-munitie-duidelijker-en-toezicht-beter-uitvoerbaar,page,
https://www.rijksoverheid.nl/documenten/2021/06/04/kerncijfers-over-de-politie,page,
https://www.rijksoverheid.nl/vraag-en-antwoord?topic=politie,page,
https://www.rijksoverheid.nl/documenten?size=n_10_n&filters%5B0%5D%5Bfield%5D=topic&filters%5B0%5D%5Bvalues%5D%5B0%5D=Politie&filters%5B0%5D%5Btype%5D=all,page,
https://www.rijksoverheid.nl/actueel/nieuws?size=n_10_n&filters%5B0%5D%5Bfield%5D=topic&filters%5B0%5D%5Bvalues%5D%5B0%5D=Politie&filters%5B0%5D%5Btype%5D=all,page,
https://www.rijksoverheid.nl/themas/recht-veiligheid-en-defensie/politie/plannen-kabinet-bezit-vuurwapens-burgers,page,
https://www.rijksoverheid.nl/ministeries/ministerie-van-binnenlandse-zaken-en-koninkrijksrelaties/organisatie/organogram,page,
https://www.rijksoverheid.nl/ministeries/ministerie-van-binnenlandse-zaken-en-koninkrijksrelaties/organisatie,page,
https://www.rijksoverheid.nl/documenten?size=n_10_n&filters%5B0%5D%5Bfield%5D=topic&filters%5B0%5D%5Bvalues%5D%5B0%5D=Communicatie%20door%20hulpdiensten%20via%20C2000&filters%5B0%5D%5Btype%5D=all,page,
https://www.rijksoverheid.nl/documenten/2023/04/01/constraints-and-keys-for-the-interpretation-of-the-foreseeable-strategic-evolutions-of-police-systems-in-spain-and-portugal,page,
https://www.rijksoverheid.nl/documenten/2023/07/31/trends-en-factoren-relevant-voor-de-politiefunctie-in-2040-kaarten-de-argumentenfabriek,page,
https://www.rijksoverheid.nl/documenten/2023/07/11/visie-op-de-politiefunctie,page,
https://www.rijksoverheid.nl/themas/recht-veiligheid-en-defensie/strafrechtketen,page,
https://www.rijksoverheid.nl/documenten/2023/07/19/transformatieve-politie-albert-meijer,page,
https://www.rijksoverheid.nl/documenten/2023/08/16/iat-analyse-politiefunctie,page,
https://www.rijksoverheid.nl/documenten/2023/09/11/veiligheidsfunctie-in-nederland-erwin-muller,page,
https://www.rijksoverheid.nl/documenten/2023/06/23/een-ethische-reflectie-op-de-politiefunctie-van-de-toekomst-goed-juist-en-integer,page,
https://www.rijksoverheid.nl/documenten/2023/12/01/blauw-voor-een-betere-buurt-smulders-janssen-vermeulen,page,
https://www.rijksoverheid.nl/documenten/2023/12/01/de-politiefunctie-in-een-explosieve-en-hyperdiverse-veiligheidssamenleving,page,
https://www.rijksoverheid.nl/documenten/2023/12/07/tk-bijlage-4-wat-hebben-we-gedaan,page,
https://www.rijksoverheid.nl/documenten/2026/02/23/introductiedossier-bewindspersonen-ministerie-van-bzk,page,
https://www.rijksoverheid.nl/ministeries/ministerie-van-binnenlandse-zaken-en-koninkrijksrelaties/organisatie/organisatie--en-mandaatbesluit,page,
https://www.rijksoverheid.nl/ministeries/ministerie-van-binnenlandse-zaken-en-koninkrijksrelaties/organisatie/co2-uitstoot-van-ministerie-bzk-en-vro,page,
https://www.rijksoverheid.nl/ministeries/ministerie-van-binnenlandse-zaken-en-koninkrijksrelaties/organisatie/stichtingen,page,
https://www.rijksoverheid.nl/ministeries/ministerie-van-binnenlandse-zaken-en-koninkrijksrelaties/organisatie/commissies,page,
https://www.rijksoverheid.nl/ministeries/ministerie-van-binnenlandse-zaken-en-koninkrijksrelaties/organisatie/kennismanagement,page,
https://www.rijksoverheid.nl/ministeries/ministerie-van-justitie-en-veiligheid/contact/persinformatie-ministerie-van-jenv,page,
https://www.rijksoverheid.nl/actueel/nieuws/2026/05/19/rechtsbijstand-voor-verdachten-in-het-strafrecht-wordt-uitgebreid,page,
https://www.rijksoverheid.nl/actueel/nieuws/2026/06/22/deltaplan-voor-strafrechtketen-in-de-maak,page,
https://www.rijksoverheid.nl/documenten?size=n_10_n&filters%5B0%5D%5Bfield%5D=topic&filters%5B0%5D%5Bvalues%5D%5B0%5D=Strafrechtketen&filters%5B0%5D%5Btype%5D=all,page,
https://www.rijksoverheid.nl/actueel/nieuws?size=n_10_n&filters%5B0%5D%5Bfield%5D=topic&filters%5B0%5D%5Bvalues%5D%5B0%5D=Strafrechtketen&filters%5B0%5D%5Btype%5D=all,page,
https://www.rijksoverheid.nl/themas/recht-veiligheid-en-defensie/nieuw-wetboek-van-strafvordering,page,
https://www.rijksoverheid.nl/themas/recht-veiligheid-en-defensie/strafrechtketen/samenwerken-aan-een-sterke-strafrechtketen,page,
https://www.rijksoverheid.nl/ministeries/ministerie-van-binnenlandse-zaken-en-koninkrijksrelaties/organisatie/vacatures,page,
https://www.rijksoverheid.nl/ministeries/ministerie-van-binnenlandse-zaken-en-koninkrijksrelaties/organisatie/begroting-en-jaarverslag,page,
https://www.rijksoverheid.nl/documenten/2012/11/05/overzicht-stichtingen-bzk,page,
https://www.rijksoverheid.nl/themas/klimaat-milieu-en-natuur/duurzame-economie,page,
https://www.rijksoverheid.nl/documenten/2012/11/12/adviescolleges-en-commissies-gelieerd-aan-bzk,page,
https://www.rijksoverheid.nl/ministeries/ministerie-van-binnenlandse-zaken-en-koninkrijksrelaties/organisatie/commissies/adviescollege-openbaarheid-en-informatiehuishouding,page,
https://www.rijksoverheid.nl/ministeries/ministerie-van-binnenlandse-zaken-en-koninkrijksrelaties/organisatie/commissies/adviescollege-dialooggroep-slavernijverleden,page,
https://www.rijksoverheid.nl/actueel/agenda?filters%5B0%5D%5Bfield%5D=ministry&filters%5B0%5D%5Bvalues%5D%5B0%5D=Ministerie%20van%20Justitie%20en%20Veiligheid&filters%5B0%5D%5Btype%5D=all&filters%5B1%5D%5Bfield%5D=activity_start_date&filters%5B1%5D%5Bvalues%5D%5B0%5D%5Bfrom%5D=2026-03-23T23%3A00%3A00Z&filters%5B1%5D%5Bvalues%5D%5B0%5D%5Bname%5D=allFuturePeriod&filters%5B1%5D%5Btype%5D=all,page,
https://www.rijksoverheid.nl/documenten?filters%5B0%5D%5Bfield%5D=ministry&filters%5B0%5D%5Bvalues%5D%5B0%5D=Ministerie%20van%20Justitie%20en%20Veiligheid&filters%5B0%5D%5Btype%5D=all&filters%5B1%5D%5Bfield%5D=information_type&filters%5B1%5D%5Bvalues%5D%5B0%5D=Toespraak&filters%5B1%5D%5Btype%5D=all&filters%5B1%5D%5Bpersistent%5D=false,page,
https://www.rijksoverheid.nl/themas/recht-veiligheid-en-defensie/rechtspraak-en-geschiloplossing,page,
https://www.rijksoverheid.nl/ministeries/ministerie-van-justitie-en-veiligheid/contact/persinformatie-ministerie-van-jenv/social-media,page,
https://www.rijksoverheid.nl/ministeries/ministerie-van-justitie-en-veiligheid/contact/persinformatie-ministerie-van-jenv/woordvoerders,page,
https://www.rijksoverheid.nl/ministeries/ministerie-van-justitie-en-veiligheid/contact,page,
https://www.rijksoverheid.nl/documenten/2018/06/29/ketenplan-van-aanpak,page,
https://www.rijksoverheid.nl/documenten/2016/09/21/verslag-internationale-samenwerking-in-strafzaken,page,
https://www.rijksoverheid.nl/documenten/2015/09/30/tk-modernisering-wetboek-van-strafvordering-advies-raad-van-state,page,
https://www.rijksoverheid.nl/actueel/nieuws/2026/03/23/eerste-aanvullingswet-nieuw-wetboek-van-strafvordering-naar-tweede-kamer,page,
https://www.rijksoverheid.nl/themas/migratie-en-reizen/discriminatie-en-racisme,page,
https://www.rijksoverheid.nl/documenten/2020/06/30/kamerbrief-over-slavernijverleden,page,
https://www.rijksoverheid.nl/documenten/2020/07/01/kamerbrief-over-instelling-adviescollege-dialooggroep-slavernijverleden,page,
https://www.rijksoverheid.nl/actueel/nieuws/2020/07/01/start-dialooggroep-slavernijverleden,page,
https://www.rijksoverheid.nl/documenten/2020/08/17/kamerbrief-nadere-uitleg-motie-slavernijverleden,page,
https://www.rijksoverheid.nl/documenten/2021/01/14/kamerbrief-over-nieuwe-voorzitter-adviescollege-dialooggroep-slavernijverleden,page,
https://www.rijksoverheid.nl/documenten/2014/01/03/routebeschrijving-naar-het-ministerie-van-veiligheid-en-justitie,page,
https://www.rijksoverheid.nl/ministeries/ministerie-van-justitie-en-veiligheid/contact/e-factureren-bij-het-ministerie-van-justitie-en-veiligheid,page,
https://www.rijksoverheid.nl/ministeries/ministerie-van-justitie-en-veiligheid/contact/klacht-indienen,page,
https://www.rijksoverheid.nl/ministeries/ministerie-van-justitie-en-veiligheid/contact/woo-verzoek-indienen,page,
https://www.rijksoverheid.nl/ministeries/ministerie-van-justitie-en-veiligheid/contact/procedures-gerechtsdeurwaarders,page,
https://www.rijksoverheid.nl/ministeries/ministerie-van-justitie-en-veiligheid/contact/procedures-notarissen,page,
https://www.rijksoverheid.nl/ministeries/ministerie-van-justitie-en-veiligheid/contact/bewindspersoon-uitnodigen,page,
https://www.rijksoverheid.nl/themas/recht-veiligheid-en-defensie/hulp-bij-juridisch-probleem,page,
https://www.rijksoverheid.nl/documenten/2021/12/20/informatieblad-herstelrecht-na-strafbaar-feit,page,
https://www.rijksoverheid.nl/actueel/nieuws?size=n_10_n&filters%5B0%5D%5Bfield%5D=topic&filters%5B0%5D%5Bvalues%5D%5B0%5D=Discriminatie%20en%20racisme&filters%5B0%5D%5Btype%5D=all,page,
https://www.rijksoverheid.nl/actueel/nieuws/2026/06/25/veiligheidsfonds-voor-bescherming-joods-leven-geopend,page,
https://www.rijksoverheid.nl/actueel/nieuws/2026/09/08/koning-en-minister-president-bij-internationale-wereldtop-unesco-global-forum-against-racism-and-discrimination,page,
https://www.rijksoverheid.nl/documenten/videos/2024/03/22/privacy-bij-meldingen-discriminatie.nl,page,
https://www.rijksoverheid.nl/documenten/videos/2024/03/22/wat-gebeurt-er-met-meldingen-bij-discriminatie.nl,page,
https://www.rijksoverheid.nl/documenten/videos/2024/03/22/waarvoor-kunt-u-terecht-bij-discriminatie.nl,page,
https://www.rijksoverheid.nl/documenten?filters%5B0%5D%5Bfield%5D=topic&filters%5B0%5D%5Bvalues%5D%5B0%5D=Discriminatie%20en%20racisme&filters%5B0%5D%5Btype%5D=all,page,
https://www.rijksoverheid.nl/ministeries/ministerie-van-justitie-en-veiligheid/contact/procedures-notarissen/intrekking-toevoeging-notaris,page,
https://www.rijksoverheid.nl/ministeries/ministerie-van-justitie-en-veiligheid/contact/procedures-notarissen/overname-protocol,page,
https://www.rijksoverheid.nl/ministeries/ministerie-van-justitie-en-veiligheid/contact/procedures-notarissen/wijziging-vestigingsplaats-notaris,page,
https://www.rijksoverheid.nl/ministeries/ministerie-van-justitie-en-veiligheid/contact/bewindspersoon-uitnodigen/uitnodigingsformulier-bewindspersoon-jenv,page,
https://www.rijksoverheid.nl/ministeries/ministerie-van-justitie-en-veiligheid/contact/procedures-notarissen/ontslag-notaris,page,
https://www.rijksoverheid.nl/ministeries/ministerie-van-justitie-en-veiligheid/contact/procedures-notarissen/toevoeging-aan-notaris,page,
https://www.rijksoverheid.nl/documenten/videos/2021/09/14/kindgesprek,page,
https://www.rijksoverheid.nl/actueel/nieuws?size=n_10_n&filters%5B0%5D%5Bfield%5D=topic&filters%5B0%5D%5Bvalues%5D%5B0%5D=Hulp%20bij%20een%20juridisch%20probleem&filters%5B0%5D%5Btype%5D=all,page,
https://www.rijksoverheid.nl/actueel/nieuws/2025/01/31/meer-subsidie-voor-rechtshulp-via-rechts--en-wetswinkels,page,
https://www.rijksoverheid.nl/actueel/nieuws/2025/02/28/rechtzoekenden-laagdrempelig-toegang-tot-kantonrechter-bij-regelrechter,page,
https://www.rijksoverheid.nl/actueel/nieuws/2025/06/26/al-vanaf-2026-extra-geld-voor-sociale-advocatuur,page,
https://www.rijksoverheid.nl/documenten?size=n_10_n&filters%5B0%5D%5Bfield%5D=topic&filters%5B0%5D%5Bvalues%5D%5B0%5D=Hulp%20bij%20een%20juridisch%20probleem&filters%5B0%5D%5Btype%5D=all,page,
https://www.rijksoverheid.nl/themas/recht-veiligheid-en-defensie/hulp-bij-juridisch-probleem/gerechtsdeurwaarder,page,
https://www.rijksoverheid.nl/themas/recht-veiligheid-en-defensie/hulp-bij-juridisch-probleem/geschilleninstantie,page,
https://www.rijksoverheid.nl/themas/recht-veiligheid-en-defensie/hulp-bij-juridisch-probleem/naar-de-rechter,page,
https://www.rijksoverheid.nl/themas/recht-veiligheid-en-defensie/hulp-bij-juridisch-probleem/notaris,page,
https://www.rijksoverheid.nl/vraag-en-antwoord?topic=hulp-bij-juridisch-probleem,page,
https://www.rijksoverheid.nl/themas/recht-veiligheid-en-defensie/hulp-bij-juridisch-probleem/advocaat,page,
https://www.rijksoverheid.nl/themas/recht-veiligheid-en-defensie/hulp-bij-juridisch-probleem/mediator,page,
https://www.rijksoverheid.nl/ministeries/ministerie-van-justitie-en-veiligheid/contact/procedures-notarissen/benoeming-tot-notaris,page,
https://www.rijksoverheid.nl/ministeries/ministerie-van-justitie-en-veiligheid/contact/procedures-gerechtsdeurwaarders/aanvraag-legitimatiebewijs-gerechtsdeurwaarders,page,
https://www.rijksoverheid.nl/ministeries/ministerie-van-justitie-en-veiligheid/contact/procedures-gerechtsdeurwaarders/wijziging-vestigingsplaats-gerechtsdeurwaarder,page,
https://www.rijksoverheid.nl/themas/familie-zorg-en-gezondheid/scheiden,page,
https://www.rijksoverheid.nl/documenten/2011/09/09/kinderverhoor,page,
https://www.rijksoverheid.nl/ministeries/ministerie-van-justitie-en-veiligheid/contact/procedures-gerechtsdeurwaarders/verlenging-waarneming-gerechtsdeurwaarder,page,
https://www.rijksoverheid.nl/ministeries/ministerie-van-justitie-en-veiligheid/contact/procedures-gerechtsdeurwaarders/benoeming-waarnemend-gerechtsdeurwaarder,page,
https://www.rijksoverheid.nl/ministeries/ministerie-van-justitie-en-veiligheid/contact/procedures-gerechtsdeurwaarders/intrekking-of-toevoeging-aan-gerechtsdeurwaarder,page,
https://www.rijksoverheid.nl/ministeries/ministerie-van-justitie-en-veiligheid/contact/procedures-gerechtsdeurwaarders/ontslag-gerechtsdeurwaarder,page,
https://www.rijksoverheid.nl/ministeries/ministerie-van-justitie-en-veiligheid/contact/procedures-gerechtsdeurwaarders/benoeming-gerechtsdeurwaarder,page,
https://www.rijksoverheid.nl/ministeries/ministerie-van-justitie-en-veiligheid/contact/procedures-gerechtsdeurwaarders/toevoeging-gerechtsdeurwaarder,page,
https://www.rijksoverheid.nl/ministeries/ministerie-van-justitie-en-veiligheid/contact/procedures-gerechtsdeurwaarders/toevoeging-of-verlenging-in-het-kader-van-beroepsstage,page,
https://www.rijksoverheid.nl/ministeries/ministerie-van-justitie-en-veiligheid/contact/procedures-gerechtsdeurwaarders/toevoeging-of-verlenging-in-het-kader-van-opleidingsstage,page,
https://www.rijksoverheid.nl/documenten?filters%5B0%5D%5Bfield%5D=information_type&filters%5B0%5D%5Bvalues%5D%5B0%5D=Woo-besluit&filters%5B0%5D%5Btype%5D=all&filters%5B0%5D%5Bpersistent%5D=false,page,
https://www.rijksoverheid.nl/ministeries/ministerie-van-justitie-en-veiligheid/contact/woo-verzoek-indienen/woo-verzoek-formulier,page,
https://www.rijksoverheid.nl/documenten/2018/11/05/voorschriften-pasfoto-legitimatiebewijs-gerechtsdeurwaarders,page,
https://www.rijksoverheid.nl/documenten/2020/03/23/fotomatrix-2020,page,
https://www.rijksoverheid.nl/documenten/2018/11/05/aanvraag-legitimatiebewijs-gerechtsdeurwaarders,page,
https://www.rijksoverheid.nl/themas/werk/gelijke-behandeling-op-het-werk,page,
https://www.rijksoverheid.nl/documenten/2012/06/15/brochures-over-rechtspraak-in-nederland,page,
https://www.rijksoverheid.nl/actueel/nieuws/2023/10/27/wijzigingspercentage-alimentatiebedragen-vastgesteld-voor-2024,page,
https://www.rijksoverheid.nl/actueel/nieuws/2024/10/25/bedragen-voor-alimentatie-per-1-januari-2025-verhoogd-met-65-procent,page,
https://www.rijksoverheid.nl/actueel/nieuws/2025/12/18/nieuwe-wetten-justitie-en-veiligheid-per-1-januari-2026,page,
https://www.rijksoverheid.nl/themas/familie-zorg-en-gezondheid/ouderlijk-gezag,page,
https://www.rijksoverheid.nl/vraag-en-antwoord?topic=scheiden,page,
https://www.rijksoverheid.nl/documenten?size=n_10_n&filters%5B0%5D%5Bfield%5D=topic&filters%5B0%5D%5Bvalues%5D%5B0%5D=Scheiden%20of%20uit%20elkaar%20gaan&filters%5B0%5D%5Btype%5D=all,page,
https://www.rijksoverheid.nl/actueel/nieuws?size=n_10_n&filters%5B0%5D%5Bfield%5D=topic&filters%5B0%5D%5Bvalues%5D%5B0%5D=Scheiden%20of%20uit%20elkaar%20gaan&filters%5B0%5D%5Btype%5D=all,page,
https://www.rijksoverheid.nl/documenten/videos/2022/04/06/video-scheiden,page,
https://www.rijksoverheid.nl/themas/familie-zorg-en-gezondheid/scheiden/ouderschap-en-scheiding,page,
https://www.rijksoverheid.nl/documenten/2016/10/26/formulier-mededeling-van-scheiding-in-verband-met-verdeling-van-ouderdomspensioen,page,
https://www.rijksoverheid.nl/themas/migratie-en-reizen/paspoort-en-identiteitskaart,page,
https://www.rijksoverheid.nl/themas/familie-zorg-en-gezondheid/leven-met-een-beperking/gelijke-rechten-mensen-met-beperking-of-chronische-ziekte,page,
https://www.rijksoverheid.nl/themas/werk/emancipatie/gelijke-rechten-lhbtiq-personen,page,
https://www.rijksoverheid.nl/documenten/2011/07/04/civiele-procedure,page,
https://www.rijksoverheid.nl/documenten/2011/01/03/u-bent-getuige-in-een-strafproces,page,
https://www.rijksoverheid.nl/themas/werk/emancipatie,page,
https://www.rijksoverheid.nl/actueel/nieuws/2024/05/27/bedrijven-organisaties-professionals-en-overheid-tekenen-gezamenlijk-voor-meer-gelijke-kansen-op-arbeidsmarkt,page,
https://www.rijksoverheid.nl/actueel/nieuws/2025/03/26/internetconsultatie-wetsvoorstel-om-loonverschillen-tussen-mannen-en-vrouwen-tegen-te-gaan,page,
https://www.rijksoverheid.nl/actueel/nieuws/2019/07/12/kabinet-brengt-familierecht-bij-de-tijd,page,
https://www.rijksoverheid.nl/actueel/nieuws/2020/04/24/kabinet-komt-met-regeling-voor-deelgezag-en-draagmoederschap,page,
https://www.rijksoverheid.nl/actueel/nieuws/2023/06/30/wettelijke-regeling-voor-draagmoederschap,page,
https://www.rijksoverheid.nl/themas/familie-zorg-en-gezondheid/aangifte-geboorte-en-naamskeuze-kind,page,
https://www.rijksoverheid.nl/themas/familie-zorg-en-gezondheid/draagmoeder,page,
https://www.rijksoverheid.nl/documenten/2018/02/22/scheiden-en-de-kinderen-dan,page,
https://www.rijksoverheid.nl/documenten/2016/10/25/verdeling-van-ouderdomspensioen-bij-scheiding,page,
https://www.rijksoverheid.nl/documenten/2018/05/09/uitvoeringsprogramma-scheiden-zonder-schade,page,
https://www.rijksoverheid.nl/documenten/2016/06/07/daisy-cd-rom-april-2016,page,
https://www.rijksoverheid.nl/service/contact/contactgids/d/dedicon,page,
https://www.rijksoverheid.nl/themas/werk/emancipatie/veiligheid-lhbtiq-personen,page,
https://www.rijksoverheid.nl/actueel/nieuws/2026/03/30/genomineerden-jos-brink-prijs-2026,page,
https://www.rijksoverheid.nl/documenten/2024/05/27/kamerbrief-ontwikkelagenda-gelijke-kansen,page,
https://www.rijksoverheid.nl/documenten/2024/05/27/verklaring-gelijke-kansen,page,
https://www.rijksoverheid.nl/actueel/nieuws/2026/04/19/fleur-pierets-wint-jos-brink-oeuvreprijs-innovatieprijs-naar-remco-boxelaar,page,
https://www.rijksoverheid.nl/documenten/2019/07/12/qas-herijking-ouderschap,page,
https://www.rijksoverheid.nl/documenten/2019/07/12/rapportage-mogelijke-consequenties-meerouderschap-meeroudergezag-en-draagmoederschap-voor-fiscaliteit-en-toeslagen,page,
https://www.rijksoverheid.nl/documenten/2019/07/12/kabinetsreactie-op-de-aanbevelingen-op-het-terrein-van-draagmoederschap-meerouderschap-en-meerpersoonsgezag-van-de-staatscommissie-herijking-ouderschap,page,
https://www.rijksoverheid.nl/actueel/nieuws/2026/06/25/de-nationale-werkagenda-vrouwengezondheid,page,
https://www.rijksoverheid.nl/themas/familie-zorg-en-gezondheid/adoptie,page,
https://www.rijksoverheid.nl/actueel/nieuws/2020/06/19/kinderkoop-wordt-strafbaar,page,
https://www.rijksoverheid.nl/documenten?size=n_10_n&filters%5B0%5D%5Bfield%5D=topic&filters%5B0%5D%5Bvalues%5D%5B0%5D=Draagmoederschap&filters%5B0%5D%5Btype%5D=all,page,
https://www.rijksoverheid.nl/actueel/nieuws?size=n_10_n&filters%5B0%5D%5Bfield%5D=topic&filters%5B0%5D%5Bvalues%5D%5B0%5D=Draagmoederschap&filters%5B0%5D%5Btype%5D=all,page,
https://www.rijksoverheid.nl/themas/overheid-en-democratie/lezen-en-bibliotheken,page,
https://www.rijksoverheid.nl/documenten/2024/05/27/beslisnota-bij-kamerbrief-ontwikkelagenda-gelijke-kansen,page,
https://www.rijksoverheid.nl/actueel/nieuws/2022/10/15/regenboogsteden-krijgen-tot-en-met-2026-jaarlijks-124-miljoen,page,
https://www.rijksoverheid.nl/documenten/2022/08/22/evaluatierapport-regenboogsteden,page,
https://www.rijksoverheid.nl/documenten/2024/03/01/tk-bijlage-veiligheidsmonitor-2023,page,
https://www.rijksoverheid.nl/documenten/2015/07/28/wwz-ontslag-wn,page,
https://www.rijksoverheid.nl/documenten/2015/06/04/wwz-ontslag-ziekteverzuim-wn,page,
https://www.rijksoverheid.nl/documenten/2016/01/22/een-kind-in-de-spotlights,page,
https://www.rijksoverheid.nl/service/contact/contactgids/i/expertisecentrum-interlandelijke-adoptie,page,
https://www.rijksoverheid.nl/themas/werk/adoptieverlof-en-pleegzorgverlof,page,
https://www.rijksoverheid.nl/vraag-en-antwoord?topic=adoptie,page,
https://www.rijksoverheid.nl/documenten?filters%5B0%5D%5Bfield%5D=topic&filters%5B0%5D%5Bvalues%5D%5B0%5D=Adoptie&filters%5B0%5D%5Btype%5D=all,page,
https://www.rijksoverheid.nl/actueel/nieuws?filters%5B0%5D%5Bfield%5D=topic&filters%5B0%5D%5Bvalues%5D%5B0%5D=Adoptie&filters%5B0%5D%5Btype%5D=all,page,
https://www.rijksoverheid.nl/themas/familie-zorg-en-gezondheid/adoptie/afstand-en-adoptie-tussen-1956-1984,page,
https://www.rijksoverheid.nl/actueel/nieuws/2024/12/09/zorgvuldige-afbouw-interlandelijke-adoptie-in-zes-jaar-tijd,page,
https://www.rijksoverheid.nl/themas/overheid-en-democratie/kunst-en-cultuur,page,
https://www.rijksoverheid.nl/actueel/nieuws?size=n_10_n&filters%5B0%5D%5Bfield%5D=topic&filters%5B0%5D%5Bvalues%5D%5B0%5D=Lezen%20en%20bibliotheken&filters%5B0%5D%5Btype%5D=all,page,
https://www.rijksoverheid.nl/actueel/nieuws/2024/04/15/11-miljoen-euro-extra-voor-versterking-bibliotheken,page,
https://www.rijksoverheid.nl/themas/recht-veiligheid-en-defensie/seksuele-misdrijven/wet-seksuele-misdrijven,page,
https://www.rijksoverheid.nl/themas/recht-veiligheid-en-defensie/slachtofferbeleid,page,
https://www.rijksoverheid.nl/documenten/2015/11/12/brochures-over-ontslag,page,
https://www.rijksoverheid.nl/themas/recht-veiligheid-en-defensie/overvallen-straatroof-en-woninginbraak,page,
https://www.rijksoverheid.nl/actueel/nieuws/2026/06/29/het-kabinet-komt-met-overzichtelijkere-regels-in-verlofwet,page,
https://www.rijksoverheid.nl/vraag-en-antwoord?topic=adoptieverlof-en-pleegzorgverlof,page,
https://www.rijksoverheid.nl/documenten?size=n_10_n&filters%5B0%5D%5Bfield%5D=topic&filters%5B0%5D%5Bvalues%5D%5B0%5D=Adoptieverlof%20en%20pleegzorgverlof&filters%5B0%5D%5Btype%5D=all,page,
https://www.rijksoverheid.nl/actueel/nieuws?size=n_10_n&filters%5B0%5D%5Bfield%5D=topic&filters%5B0%5D%5Bvalues%5D%5B0%5D=Adoptieverlof%20en%20pleegzorgverlof&filters%5B0%5D%5Btype%5D=all,page,
https://www.rijksoverheid.nl/documenten/2024/03/01/tk-veiligheidsmonitor-2023,page,
https://www.rijksoverheid.nl/actueel/nieuws/2025/06/11/duurzame-toekomst-voor-de-bibliotheek-op-school,page,
https://www.rijksoverheid.nl/actueel/nieuws/2026/01/30/ministerraad-akkoord-een-bibliotheek-in-elke-gemeente,page,
https://www.rijksoverheid.nl/documenten/2024/12/09/qena-s-afbouwplan-interlandelijke-adoptie,page,
https://www.rijksoverheid.nl/documenten/2024/12/09/tk-afbouwplan-interlandelijke-adoptie,page,
https://www.rijksoverheid.nl/themas/overheid-en-democratie/archieven,page,
https://www.rijksoverheid.nl/themas/overheid-en-democratie/erfgoed,page,
https://www.rijksoverheid.nl/actueel/nieuws/2026/04/21/koninklijk-paar-opent-nederlands-paviljoen-biennale-venetie,page,
https://www.rijksoverheid.nl/documenten/2015/11/12/brochures-over-ontslag---werkgevers,page,
https://www.rijksoverheid.nl/themas/werk/geboorteverlof-en-partnerverlof/geboorteverlof-voor-partners,page,
https://www.rijksoverheid.nl/actueel/nieuws/2019/05/13/10-jaar-bestrijding-van-high-impact-crimes,page,
https://www.rijksoverheid.nl/actueel/nieuws/2021/08/13/versterkte-aanpak-van-doorverkoop-gestolen-spullen,page,
https://www.rijksoverheid.nl/actueel/nieuws/2024/05/15/druk-op-asielopvang-aanpak-van-criminaliteit-en-toegang-tot-juridische-hulp,page,
https://www.rijksoverheid.nl/vraag-en-antwoord?topic=overvallen-straatroof-en-woninginbraak,page,
https://www.rijksoverheid.nl/documenten?size=n_10_n&filters%5B0%5D%5Bfield%5D=topic&filters%5B0%5D%5Bvalues%5D%5B0%5D=Overvallen%2C%20straatroof%20en%20woninginbraak&filters%5B0%5D%5Btype%5D=all,page,
https://www.rijksoverheid.nl/actueel/nieuws?size=n_10_n&filters%5B0%5D%5Bfield%5D=topic&filters%5B0%5D%5Bvalues%5D%5B0%5D=Overvallen%2C%20straatroof%20en%20woninginbraak&filters%5B0%5D%5Btype%5D=all,page,
https://www.rijksoverheid.nl/documenten/2024/03/01/tk-beslisnota-bij-inzake-veiligheidsmonitor-2023,page,
https://www.rijksoverheid.nl/themas/recht-veiligheid-en-defensie/overvallen-straatroof-en-woninginbraak/regels-cameratoezicht,page,
https://www.rijksoverheid.nl/themas/recht-veiligheid-en-defensie/overvallen-straatroof-en-woninginbraak/maatregelen-tegen-heling,page,
https://www.rijksoverheid.nl/documenten/2024/12/09/tk-beslisnota-bij-voorstel-voor-afbouw-interlandelijke-adoptie,page,
https://www.rijksoverheid.nl/actueel/nieuws/2025/05/27/tijdelijke-voorziening-oorlogsarchief-opent-op-1-juli,page,
https://www.rijksoverheid.nl/actueel/nieuws?size=n_10_n&filters%5B0%5D%5Bfield%5D=topic&filters%5B0%5D%5Bvalues%5D%5B0%5D=Erfgoed&filters%5B0%5D%5Btype%5D=all,page,
https://www.rijksoverheid.nl/actueel/nieuws/2025/12/16/tijdelijke-voorziening-oorlogsarchief-op-meer-locaties-te-raadplegen,page,
https://www.rijksoverheid.nl/actueel/nieuws/2025/12/17/topstukken-dubois-collectie-overhandigd-in-indonesie,page,
https://www.rijksoverheid.nl/documenten/2015/06/12/wijzigingen-in-de-ww-fs-stakeholders,page,
https://www.rijksoverheid.nl/documenten/2019/05/13/toespraak-minister-grapperhaus-congres-10-jaar-bestrijding-van-high-impact-crimes,page,
https://www.rijksoverheid.nl/documenten/2015/06/04/wwz-ontslag-payrollmedewerker-wg,page,
https://www.rijksoverheid.nl/documenten/2015/06/04/wwz-ontslag-tijdelijk-contract-wg,page,
https://www.rijksoverheid.nl/themas/overheid-en-democratie/verantwoordingsdag,page,
https://www.rijksoverheid.nl/documenten/2015/06/04/wwz-ontslag-omstandigheden-wg,page,
https://www.rijksoverheid.nl/documenten/2019/10/04/wab-cumulatiegrond---werkgevers,page,
https://www.rijksoverheid.nl/documenten/2015/06/04/wwz-ontslag-arbeidsverhouding-wg,page,
https://www.rijksoverheid.nl/documenten/2015/06/04/wwz-ontslag-re-integratie-wg,page,
https://www.rijksoverheid.nl/documenten/2015/06/04/wwz-ontslag-verwijtbaar-wg,page,
https://www.rijksoverheid.nl/themas/overheid-en-democratie/tweede-wereldoorlog,page,
https://www.rijksoverheid.nl/documenten/2015/06/04/wwz-ontslag-functioneren-wg,page,
https://www.rijksoverheid.nl/documenten/2015/06/04/wwz-ontslag-ziekteverzuim-wg,page,
https://www.rijksoverheid.nl/documenten/2015/06/04/wwz-ontslag-arbeidsongeschikt-wg,page,
https://www.rijksoverheid.nl/documenten/2015/06/04/wwz-bedrijfseconomisch-ontslag-wg,page,
https://www.rijksoverheid.nl/documenten/2015/07/28/wwz-ontslag-op-staande-voet-wg,page,
https://www.rijksoverheid.nl/documenten/2015/06/04/wwz-op-staande-voet-ontslag-wg,page,
https://www.rijksoverheid.nl/documenten/2015/07/28/wwz-ontslag-wg,page,
https://www.rijksoverheid.nl/actueel/nieuws?size=n_10_n&filters%5B0%5D%5Bfield%5D=topic&filters%5B0%5D%5Bvalues%5D%5B0%5D=Verantwoordingsdag&filters%5B0%5D%5Btype%5D=all,page,
https://www.rijksoverheid.nl/actueel/nieuws/2024/05/15/financieel-beheer-ministerie-van-vws-zichtbaar-verbeterd,page,
https://www.rijksoverheid.nl/actueel/nieuws/2024/05/15/2023-beter-financieel-resultaat-ondanks-onrustige-economische-tijden,page,
https://www.rijksoverheid.nl/actueel/nieuws/2026/05/06/yesilgoz-bij-vrijheidsdefile-wageningen-onze-generatie-is-aan-zet,page,
https://www.rijksoverheid.nl/actueel/nieuws/2026/06/18/koning-en-minister-president-bij-nederlandse-veteranendag,page,
https://www.rijksoverheid.nl/actueel/nieuws/2026/08/11/minister-president-jetten-en-minister-sterk-bij-nationale-herdenking-15-augustus-1945,page,
https://www.rijksoverheid.nl/vraag-en-antwoord?topic=tweede-wereldoorlog,page,
https://www.rijksoverheid.nl/documenten?size=n_10_n&filters%5B0%5D%5Bfield%5D=topic&filters%5B0%5D%5Bvalues%5D%5B0%5D=Tweede%20Wereldoorlog&filters%5B0%5D%5Btype%5D=all,page,
https://www.rijksoverheid.nl/actueel/nieuws?size=n_10_n&filters%5B0%5D%5Bfield%5D=topic&filters%5B0%5D%5Bvalues%5D%5B0%5D=Tweede%20Wereldoorlog&filters%5B0%5D%5Btype%5D=all,page,
https://www.rijksoverheid.nl/themas/overheid-en-democratie/tweede-wereldoorlog/opgraven-vliegtuigwrakken,page,
https://www.rijksoverheid.nl/themas/overheid-en-democratie/tweede-wereldoorlog/collectieve-erkenning-indische-gemeenschap,page,
https://www.rijksoverheid.nl/themas/overheid-en-democratie/tweede-wereldoorlog/bevrijdingsdag-5-mei,page,
https://www.rijksoverheid.nl/themas/overheid-en-democratie/tweede-wereldoorlog/nationale-herdenkingen,page,
https://www.rijksoverheid.nl/themas/overheid-en-democratie/tweede-wereldoorlog/vergoedingen-na-tweede-wereldoorlog,page,
https://www.rijksoverheid.nl/themas/overheid-en-democratie/tweede-wereldoorlog/voorlichting-tweede-wereldoorlog,page,
https://www.rijksoverheid.nl/actueel/nieuws/2025/05/21/persbericht-verantwoordingsdag-en-financieel-jaarverslag-van-het-rijk-2024,page,
https://www.rijksoverheid.nl/actueel/nieuws/2025/05/21/verantwoordingsdag-jaarverslagen-bz,page,
https://www.rijksoverheid.nl/vraag-en-antwoord?topic=verantwoordingsdag,page,
https://www.rijksoverheid.nl/themas/overheid-en-democratie/verantwoordingsdag/fotos-en-videos-verantwoordingsdag,page,
https://www.rijksoverheid.nl/ministeries/ministerie-van-financien/contact/persinformatie-ministerie-van-financien/verantwoordingsdag,page,
https://www.rijksoverheid.nl/themas/overheid-en-democratie/verantwoordingsdag/verantwoordingsdagstukken,page,
https://www.rijksoverheid.nl/documenten/2021/04/12/kamerbrief-voortgangsrapportage-oorlogsgetroffenen-en-herinnering-woii,page,
https://www.rijksoverheid.nl/documenten/2021/07/13/besluit-wob-verzoek-collectieve-erkenning,page,
https://www.rijksoverheid.nl/documenten/2021/10/25/kamerbrief-over-projectplan-collectieve-erkenning-indische-gemeenschap-in-nederland-een-extra-impuls-2021-2024,page,
https://www.rijksoverheid.nl/actueel/nieuws/2021/10/25/nieuwe-commissie-aan-de-slag-met-vergroten-kennis-over-geschiedenis-nederlands-indie,page,
https://www.rijksoverheid.nl/documenten/2023/07/04/kamerbrief-over-beleidsreactie-op-het-rapport-deel-en-verbind-nederland-nederlands-indie-indonesie-van-de-commissie-versterking-kennis-geschiedenis-voormalig-nederlands-indie,page,
https://www.rijksoverheid.nl/themas/overheid-en-democratie/consignatiekas,page,
https://www.rijksoverheid.nl/documenten/2025/05/21/buitenlandse-handel-en-ontwikkelingssamenwerking-2024,page,
https://www.rijksoverheid.nl/documenten/2025/05/21/buitenlandse-zaken-2024,page,
https://www.rijksoverheid.nl/documenten/1998/12/09/eindrapport-van-de-commissie-kordes,page,
https://www.rijksoverheid.nl/documenten/1999/12/16/eindrapport-van-de-commissie-scholten,page,
https://www.rijksoverheid.nl/themas/overheid-en-democratie/consignatiekas/zoeken-naar-tegoeden-tweede-wereldoorlog,page,
https://www.rijksoverheid.nl/documenten/2023/02/08/deel-en-verbind-nederland-nederlands-indie-indonesie,page,
https://www.rijksoverheid.nl/ministeries/ministerie-van-financien/contact/persinformatie-ministerie-van-financien,page,
https://www.rijksoverheid.nl/ministeries/ministerie-van-financien/contact,page,
https://www.rijksoverheid.nl/documenten/2026/05/20/klimaatfonds-2025,page,
https://www.rijksoverheid.nl/documenten/2025/05/21/memorie-van-toelichting-slotwet-buitenlandse-handel-en-ontwikkelingssamenwerking-2024,page,
https://www.rijksoverheid.nl/documenten/2025/05/21/memorie-van-toelichting-slotwet-buitenlandse-zaken-2024,page,
https://www.rijksoverheid.nl/documenten/2025/05/21/slotwet-buitenlandse-zaken-2024,page,
https://www.rijksoverheid.nl/documenten/2023/02/08/kamerbrief-over-adviesrapport-deel-en-verbind-van-de-commissie-versterking-kennis-geschiedenis-voormalig-nederlands-indie,page,
https://www.rijksoverheid.nl/actueel/agenda?filters%5B0%5D%5Bfield%5D=topic&filters%5B0%5D%5Bvalues%5D%5B0%5D=Ministerie%20van%20Financi%C3%ABn&filters%5B0%5D%5Btype%5D=all,page,
https://www.rijksoverheid.nl/actueel/nieuws?filters%5B0%5D%5Bfield%5D=ministry&filters%5B0%5D%5Bvalues%5D%5B0%5D=Ministerie%20van%20Financi%C3%ABn&filters%5B0%5D%5Btype%5D=all&filters%5B0%5D%5Bpersistent%5D=false,page,
https://www.rijksoverheid.nl/documenten/2026/05/20/memorie-van-toelichting-slotwet-klimaatfonds-2025,page,
https://www.rijksoverheid.nl/documenten/2026/05/20/slotwet-klimaatfonds-2025,page,
https://www.rijksoverheid.nl/documenten/2023/01/31/beslisnota-bij-kamerbrief-over-adviesrapport-deel-en-verbind-van-de-commissie-versterking-kennis-geschiedenis-voormalig-nederlands-indie,page,
https://www.rijksoverheid.nl/ministeries/ministerie-van-financien/contact/woo-verzoek-indienen,page,
https://www.rijksoverheid.nl/ministeries/ministerie-van-financien/contact/klacht-indienen,page,
https://www.rijksoverheid.nl/ministeries/ministerie-van-financien/contact/bezwaarschrift-indienen,page,
https://www.rijksoverheid.nl/ministeries/ministerie-van-financien/contact/vragen-over-belasting-en-douane,page,
https://www.rijksoverheid.nl/ministeries/ministerie-van-financien/contact/bewindspersoon-uitnodigen,page,
https://www.rijksoverheid.nl/ministeries/ministerie-van-financien/contact/routebeschrijving,page,
https://www.rijksoverheid.nl/documenten?filters%5B0%5D%5Bfield%5D=information_type&filters%5B0%5D%5Bvalues%5D%5B0%5D=Toespraak&filters%5B0%5D%5Btype%5D=all&filters%5B0%5D%5Bpersistent%5D=false&filters%5B1%5D%5Bfield%5D=ministry&filters%5B1%5D%5Bvalues%5D%5B0%5D=Ministerie%20van%20Financi%C3%ABn&filters%5B1%5D%5Btype%5D=all&filters%5B1%5D%5Bpersistent%5D=false,page,
https://www.rijksoverheid.nl/ministeries/ministerie-van-financien/contact/persinformatie-ministerie-van-financien/social-media,page,
https://www.rijksoverheid.nl/documenten?type=Woo-besluit,page,
https://www.rijksoverheid.nl/documenten/2024/12/23/wat-wij-doen-bij-een-woo-verzoek,page,
https://www.rijksoverheid.nl/documenten/2023/06/30/visie-openheid-en-transparantie-2026,page,
https://www.rijksoverheid.nl/themas/overheid-en-democratie/bezwaar-en-beroep,page,
https://www.rijksoverheid.nl/service/contact/contactgids/d/douane-contact-center,page,
https://www.rijksoverheid.nl/ministeries/ministerie-van-financien/contact/bewindspersoon-uitnodigen/uitnodigingsformulier-bewindspersonen,page,
https://www.rijksoverheid.nl/service/contact/contactgids/b/belastingdienst-belastingtelefoon,page,
https://www.rijksoverheid.nl/ministeries/ministerie-van-financien/contact/bezwaarschrift-indienen/indienen-bezwaarschrift-directie-juridische-zaken,page,
https://www.rijksoverheid.nl/ministeries/ministerie-van-financien/contact/persinformatie-ministerie-van-financien/woordvoerders,page,
https://www.rijksoverheid.nl/documenten/2025/05/21/slotwet-buitenlandse-handel-en-ontwikkelingssamenwerking-2024,page,
https://www.rijksoverheid.nl/vraag-en-antwoord?topic=consignatiekas,page,
https://www.rijksoverheid.nl/documenten?size=n_10_n&filters%5B0%5D%5Bfield%5D=topic&filters%5B0%5D%5Bvalues%5D%5B0%5D=Consignatiekas&filters%5B0%5D%5Btype%5D=all,page,
https://www.rijksoverheid.nl/actueel/nieuws?size=n_10_n&filters%5B0%5D%5Bfield%5D=topic&filters%5B0%5D%5Bvalues%5D%5B0%5D=Consignatiekas&filters%5B0%5D%5Btype%5D=all,page,
https://www.rijksoverheid.nl/themas/overheid-en-democratie/consignatiekas/schadevergoeding-onteigening-sns-reaal-en-sns-bank,page,
https://www.rijksoverheid.nl/themas/overheid-en-democratie/consignatiekas/claim-indienen,page,
https://www.rijksoverheid.nl/themas/overheid-en-democratie/consignatiekas/geld-storten-in-consignatiekas,page,
https://www.rijksoverheid.nl/themas/overheid-en-democratie/consignatiekas/geld-in-de-consignatiekas,page,
https://www.rijksoverheid.nl/actueel/nieuws/2024/02/01/meer-oog-voor-menselijke-maat-in-algemene-wet-bestuursrecht,page,
https://www.rijksoverheid.nl/vraag-en-antwoord?topic=bezwaar-en-beroep,page,
https://www.rijksoverheid.nl/service/contact/contactgids/b/belastingdienst-belastingtelefoon-auto,page,
https://www.rijksoverheid.nl/documenten?size=n_10_n&filters%5B0%5D%5Bfield%5D=topic&filters%5B0%5D%5Bvalues%5D%5B0%5D=Bezwaar%20en%20beroep&filters%5B0%5D%5Btype%5D=all,page,
https://www.rijksoverheid.nl/actueel/nieuws?size=n_10_n&filters%5B0%5D%5Bfield%5D=topic&filters%5B0%5D%5Bvalues%5D%5B0%5D=Bezwaar%20en%20beroep&filters%5B0%5D%5Btype%5D=all,page,
https://www.rijksoverheid.nl/documenten/2024/03/07/een-verkennend-onderzoek-naar-de-mogelijkheden-voor-actieve-openbaarmaking-van-overheidsinformatie-via-openbare-registers,page,
https://www.rijksoverheid.nl/documenten/2023/06/30/toelichting-op-de-visie-openheid-en-transparantie-2026,page,
https://www.rijksoverheid.nl/themas/overheid-en-democratie/consignatiekas/zoeken-naar-een-uitkering-uit-de-consignatiekas,page,
https://www.rijksoverheid.nl/documenten/2023/06/06/beslisnota-bij-kamerbrief-over-beleidsreactie-op-het-rapport-deel-en-verbind-nederland-nederlands-indie-indonesie-van-de-commissie-versterking-kennis-geschiedenis-voormalig-nederlands-indie,page,
https://www.rijksoverheid.nl/documenten/2021/06/25/inventarisatie-educatie-geschiedenis-voormalig-nederlands-indie,page,
https://www.rijksoverheid.nl/documenten/2020/11/09/landrapport-nederland,page,
https://www.rijksoverheid.nl/documenten/2025/07/31/isin-en-technische-codes,page,
https://www.rijksoverheid.nl/documenten/2020/11/30/bijlagen-raadpleging-voor-de-inzet-van-extra-middelen-voor-de-indisch-molukse-gemeenschap,page,
https://www.rijksoverheid.nl/documenten/2020/11/30/raadpleging-voor-de-inzet-van-extra-middelen-voor-de-indisch-molukse-gemeenschap,page,
https://www.rijksoverheid.nl/documenten/2026/05/20/nationaal-groeifonds-2025,page,
https://www.rijksoverheid.nl/documenten/2026/05/20/defensiematerieelbegrotingsfonds-2025,page,
https://www.rijksoverheid.nl/documenten/2026/05/20/deltafonds-2025,page,
https://www.rijksoverheid.nl/documenten/2026/05/20/provinciefonds-2025,page,
https://www.rijksoverheid.nl/documenten/2026/05/20/gemeentefonds-2025,page,
https://www.rijksoverheid.nl/themas/belastingen-uitkeringen-en-toeslagen/belastingen-op-auto-en-motor,page,
https://www.rijksoverheid.nl/documenten/2026/05/20/mobiliteitsfonds-2025,page,
https://www.rijksoverheid.nl/documenten/2026/05/20/klimaat-en-groene-groei-2025,page,
https://www.rijksoverheid.nl/themas/economie/financiele-sector,page,
https://www.rijksoverheid.nl/documenten/2024/03/07/managementreactie-bij-een-verkennend-onderzoek-naar-de-mogelijkheden-voor-actieve-openbaarmaking-van-overheidsinformatie-via-openbare-registers,page,
https://www.rijksoverheid.nl/documenten/2026/05/20/volkshuisvesting-en-ruimtelijke-ordening-2025,page,
https://www.rijksoverheid.nl/documenten/2026/05/20/asiel-en-migratie-2025,page,
https://www.rijksoverheid.nl/documenten/2026/05/20/buitenlandse-handel-en-ontwikkelingshulp-2025,page,
https://www.rijksoverheid.nl/documenten/2026/05/20/volksgezondheid-welzijn-en-sport-2025,page,
https://www.rijksoverheid.nl/documenten/2026/05/20/memorie-van-toelichting-slotwet-nationaal-groeifonds-2025,page,
https://www.rijksoverheid.nl/documenten/2026/05/20/slotwet-nationaal-groeifonds-2025,page,
https://www.rijksoverheid.nl/documenten/2026/05/20/memorie-van-toelichting-slotwet-defensiematerieelbegrotingsfonds-2025,page,
https://www.rijksoverheid.nl/documenten/2026/05/20/memorie-van-toelichting-slotwet-deltafonds-2025,page,
https://www.rijksoverheid.nl/documenten/2026/05/20/memorie-van-toelichting-slotwet-provinciefonds-2025,page,
https://www.rijksoverheid.nl/documenten/2026/05/20/slotwet-provinciefonds-2025,page,
https://www.rijksoverheid.nl/documenten/2026/05/20/memorie-van-toelichting-slotwet-gemeentefonds-2025,page,
https://www.rijksoverheid.nl/documenten/2026/05/20/memorie-van-toelichting-slotwet-mobiliteitsfonds-2025,page,
https://www.rijksoverheid.nl/documenten/2026/05/20/slotwet-mobiliteitsfonds-2025,page,
https://www.rijksoverheid.nl/documenten/2026/05/20/memorie-van-toelichting-slotwet-ministerie-van-klimaat-en-groene-groei-2025,page,
https://www.rijksoverheid.nl/documenten/2026/05/20/memorie-van-toelichting-slotwet-ministerie-van-volkshuisvesting-en-ruimtelijke-ordening-2025,page,
https://www.rijksoverheid.nl/documenten/2026/05/20/slotwet-ministerie-van-volkshuisvesting-en-ruimtelijke-ordening-2025,page,
https://www.rijksoverheid.nl/documenten/2026/05/20/memorie-van-toelichting-slotwet-ministerie-van-asiel-en-migratie-2025,page,
https://www.rijksoverheid.nl/documenten/2026/05/20/memorie-van-toelichting-slotwet-buitenlandse-handel-en-ontwikkelingshulp-2025,page,
https://www.rijksoverheid.nl/documenten/2026/05/20/memorie-van-toelichting-slotwet-ministerie-van-volksgezondheid-welzijn-en-sport-2025,page,
https://www.rijksoverheid.nl/documenten/2026/05/20/slotwet-ministerie-van-volksgezondheid-welzijn-en-sport-2025,page,
https://www.rijksoverheid.nl/documenten/2026/05/20/slotwet-buitenlandse-handel-en-ontwikkelingshulp-2025,page,
https://www.rijksoverheid.nl/documenten/2026/05/20/slotwet-ministerie-van-asiel-en-migratie-2025,page,
https://www.rijksoverheid.nl/actueel/nieuws?size=n_10_n&filters%5B0%5D%5Bfield%5D=topic&filters%5B0%5D%5Bvalues%5D%5B0%5D=Financi%C3%ABle%20sector&filters%5B0%5D%5Btype%5D=all,page,
https://www.rijksoverheid.nl/actueel/nieuws/2025/12/19/eu-landen-akkoord-over-digitale-euro,page,
https://www.rijksoverheid.nl/actueel/nieuws/2026/04/10/koningin-maxima-bij-voorjaarsvergadering-imf-en-wereldbank,page,
https://www.rijksoverheid.nl/vraag-en-antwoord?topic=financiele-sector,page,
https://www.rijksoverheid.nl/documenten?size=n_10_n&filters%5B0%5D%5Bfield%5D=topic&filters%5B0%5D%5Bvalues%5D%5B0%5D=Financi%C3%ABle+sector&filters%5B0%5D%5Btype%5D=all,page,
https://www.rijksoverheid.nl/themas/economie/financiele-sector/regels-accountancysector,page,
https://www.rijksoverheid.nl/themas/economie/financiele-sector/cryptowet,page,
https://www.rijksoverheid.nl/themas/economie/financiele-sector/financiele-diensten,page,
https://www.rijksoverheid.nl/themas/economie/betalingsverkeer,page,
https://www.rijksoverheid.nl/themas/internationale-samenwerking/internationale-sancties/beleid-voor-internationale-sancties,page,
https://www.rijksoverheid.nl/themas/economie/financiele-sector/verbod-contante-betalingen-van-3000-euro,page,
https://www.rijksoverheid.nl/themas/economie/financiele-sector/ubo-register,page,
https://www.rijksoverheid.nl/themas/economie/financiele-sector/aanpak-witwassen-en-financiering-terrorisme,page,
https://www.rijksoverheid.nl/themas/economie/financiele-sector/concurrentiekracht-europese-economie,page,
https://www.rijksoverheid.nl/themas/economie/financiele-sector/gezonde-financiele-sector,page,
https://www.rijksoverheid.nl/themas/economie/financiele-sector/wet-op-het-financieel-toezicht-wft,page,
https://www.rijksoverheid.nl/themas/economie/financiele-sector/visie-op-de-financiele-sector,page,
https://www.rijksoverheid.nl/documenten/2026/05/20/slotwet-ministerie-van-klimaat-en-groene-groei-2025,page,
https://www.rijksoverheid.nl/actueel/nieuws?size=n_10_n&filters%5B0%5D%5Bfield%5D=topic&filters%5B0%5D%5Bvalues%5D%5B0%5D=Betalingsverkeer&filters%5B0%5D%5Btype%5D=all,page,
https://www.rijksoverheid.nl/actueel/nieuws/2025/09/05/het-eise-eisinga-planetarium-en-25-jaar-openstelling-van-het-huwelijk-themas-nieuwe-munten-2026,page,
https://www.rijksoverheid.nl/actueel/nieuws/2025/11/14/uitzonderingen-acceptatieplicht-contant-geld,page,
https://www.rijksoverheid.nl/service/contact/contactgids/d/dienst-financieel-economische-integriteit-dfei,page,
https://www.rijksoverheid.nl/themas/economie/exportcontrole-strategische-goederen/beleid-controle-strategische-goederen-en-diensten,page,
https://www.rijksoverheid.nl/themas/internationale-samenwerking/oorlog-in-oekraine/sancties-tegen-rusland-en-belarus-wit-rusland,page,
https://www.rijksoverheid.nl/themas/economie/financiele-sector/verbod-op-marktmisbruik-en-handel-met-voorkennis,page,
https://www.rijksoverheid.nl/themas/internationale-samenwerking/financien-europese-unie/europese-bankenunie,page,
https://www.rijksoverheid.nl/themas/economie/financiele-sector/dora,page,
https://www.rijksoverheid.nl/themas/internationale-samenwerking/financien-europese-unie/europese-kapitaalmarktunie,page,
https://www.rijksoverheid.nl/actueel/nieuws/2022/08/24/fatf-beoordeelt-nederland-positief-in-evaluatie-aanpak-witwassen,page,
https://www.rijksoverheid.nl/themas/economie/financiele-sector/aanpak-witwassen-en-financiering-terrorisme/veilig-melden-ongebruikelijke-transacties,page,
https://www.rijksoverheid.nl/actueel/nieuws/2026/07/14/spinoza-en-neder-germaanse-limes-themas-nieuwe-munten-2027,page,
https://www.rijksoverheid.nl/documenten?filters%5B0%5D%5Bfield%5D=topic&filters%5B0%5D%5Bvalues%5D%5B0%5D=Betalingsverkeer&filters%5B0%5D%5Btype%5D=all,page,
https://www.rijksoverheid.nl/vraag-en-antwoord?topic=betalingsverkeer,page,
https://www.rijksoverheid.nl/themas/economie/betalingsverkeer/betrouwbaar-betalingsverkeer,page,
https://www.rijksoverheid.nl/actueel/nieuws/2022/07/01/vanaf-2030-betalen-automobilisten-naar-gebruik,page,
https://www.rijksoverheid.nl/vraag-en-antwoord?topic=belastingen-op-auto-en-motor,page,
https://www.rijksoverheid.nl/actueel/weblogs/bzers-wereldwijd/2025/werken-sancties,page,
https://www.rijksoverheid.nl/themas/internationale-samenwerking/financien-europese-unie/europees-stabiliteitsmechanisme,page,
https://www.rijksoverheid.nl/actueel/nieuws/2026/07/23/eu-neemt-21ste-sanctiepakket-aan-tegen-rusland,page,
https://www.rijksoverheid.nl/themas/internationale-samenwerking/oorlog-in-oekraine/sancties-tegen-rusland-en-belarus-wit-rusland/verbod-financiering-ngos-en-mediaorganisaties-door-rusland,page,
https://www.rijksoverheid.nl/themas/internationale-samenwerking/oorlog-in-oekraine/sancties-tegen-rusland-en-belarus-wit-rusland/melden-tegoeden-van-russen-en-russische-bedrijven-op-sanctielijst,page,
https://www.rijksoverheid.nl/themas/internationale-samenwerking/financien-europese-unie/europese-kapitaalmarktunie/tijdlijn-europese-kapitaalmarktunie,page,
https://www.rijksoverheid.nl/themas/internationale-samenwerking/oorlog-in-oekraine/sancties-tegen-rusland-en-belarus-wit-rusland/verbod-op-import-russische-ruwe-olie-en-aardolieproducten,page,
https://www.rijksoverheid.nl/documenten/2022/08/24/aanbiedingsbrief-evaluatierapport-financial-action-task-force-over-nederland,page,
https://www.rijksoverheid.nl/documenten/2025/09/29/factsheet-veilig-melden,page,
https://www.rijksoverheid.nl/documenten/videos/2025/09/30/veilig-melden-ongebruikelijke-transacties,page,
https://www.rijksoverheid.nl/themas/internationale-samenwerking/oorlog-in-oekraine/sancties-tegen-rusland-en-belarus-wit-rusland/geen-overheidsopdracht-aan-russische-partijen,page,
https://www.rijksoverheid.nl/themas/internationale-samenwerking/oorlog-in-oekraine/sancties-tegen-rusland-en-belarus-wit-rusland/cijfers-en-ontwikkelingen-handhaving-sancties,page,
https://www.rijksoverheid.nl/themas/internationale-samenwerking/oorlog-in-oekraine/sancties-tegen-rusland-en-belarus-wit-rusland/nederlandse-uitvoering-sancties,page,
https://www.rijksoverheid.nl/documenten/2020/01/30/aanbieding-rapport-commissie-toekomst-accountancysector,page,
https://www.rijksoverheid.nl/documenten/2022/07/01/infographic-betalen-naar-gebruik,page,
https://www.rijksoverheid.nl/actueel/weblogs/bzers-wereldwijd/2024/waarom-het-buitenland-ook-belangrijk-is,page,
https://www.rijksoverheid.nl/actueel/weblogs/bzers-wereldwijd/2023/wat-zijn-sancties,page,
https://www.rijksoverheid.nl/documenten/2024/10/21/kamerbrieven-over-amendement-acceptatieplicht-contant-geld,page,
https://www.rijksoverheid.nl/themas/economie/exportcontrole-strategische-goederen/wetten-en-regels-export-strategische-goederen,page,
https://www.rijksoverheid.nl/actueel/nieuws/2024/06/24/europese-unie-neemt-veertiende-sanctiepakket-aan-tegen-rusland,page,
https://www.rijksoverheid.nl/documenten/2020/01/30/bijlage-bij-rapport-vertrouwen-op-controle-advies-landsadvocaat,page,
https://www.rijksoverheid.nl/actueel/weblogs/bzers-wereldwijd/2023/wat-is-de-ovse,page,
https://www.rijksoverheid.nl/actueel/weblogs/bzers-wereldwijd/2022/wat-is-de-navo-nederland-veiligheid,page,
https://www.rijksoverheid.nl/themas/economie/financiele-sector/nieuwe-wetgeving-voor-betalingsverkeer-psd2,page,
https://www.rijksoverheid.nl/actueel/weblogs/bzers-wereldwijd/2025/nieuws-oekraine-rusland-oorlog-inzet-nederland,page,
https://www.rijksoverheid.nl/actueel/weblogs/bzers-wereldwijd/2024/hybride-dreigingen,page,
https://www.rijksoverheid.nl/documenten/2020/01/30/vertrouwen-op-controle-eindrapport-van-de-commissie-toekomst-accountancysector,page,
https://www.rijksoverheid.nl/documenten/2022/05/10/juridische-vragen-sancties-rusland-belarus-faq,page,
https://www.rijksoverheid.nl/themas/internationale-samenwerking/internationale-sancties/meldplicht-voor-gesanctioneerden,page,
https://www.rijksoverheid.nl/documenten/2024/09/26/beslisnota-s-opvolging-amendement-acceptatieplicht,page,
https://www.rijksoverheid.nl/documenten/2024/10/21/afschrift-brief-ecb,page,
https://www.rijksoverheid.nl/documenten/2023/09/28/fiche-3-verordening-raamwerk-delen-financiele-klantdata,page,
https://www.rijksoverheid.nl/documenten/2023/06/28/fiche-2-herziene-richtlijn-en-verordening-betaaldiensten-psd3-en-psr,page,
https://www.rijksoverheid.nl/themas/internationale-samenwerking/oorlog-in-oekraine/nederlandse-hulp-voor-oekraine,page,
https://www.rijksoverheid.nl/documenten/2024/12/10/kb-kabinetsreactie-aiv-advies-hybride-dreigingen-en-maatschappelijke-weerbaarheid,page,
https://www.rijksoverheid.nl/actueel/weblogs/bzers-wereldwijd/2025/dna-kits-van-vn-voor-families-door-rusland-ontvoerde-kinderen-oekraine-een-van-de-ergste-oorlogsmisdaden,page,
https://www.rijksoverheid.nl/themas/economie/exportcontrole-strategische-goederen/controle-productie-en-export-chemische-stoffen,page,
https://www.rijksoverheid.nl/documenten/2022/08/24/samenvatting-evaluatierapport-fatf-over-nederland,page,
https://www.rijksoverheid.nl/documenten/2022/08/24/mutual-evaluation-report-netherlands-2022,page,
https://www.rijksoverheid.nl/documenten/2023/09/01/kamerbrief-inzake-informatievoorziening-over-nieuwe-commissievoorstellen,page,
https://www.rijksoverheid.nl/actueel/nieuws/2026/03/11/strategische-olievoorraden-ingezet-om-prijzen-te-dempen,page,
https://www.rijksoverheid.nl/documenten/2023/02/03/bijlage-landelijk-crisisplan-olie,page,
https://www.rijksoverheid.nl/documenten/2024/12/10/aanbiedingsbrief-tk-kabinetsreactie-aiv-advies-hybride-dreigingen-en-maatschappelijke-weerbaarheid,page,
https://www.rijksoverheid.nl/actueel/nieuws/2022/02/27/minister-schreinemacher-maakt-20-miljoen-euro-vrij-voor-de-slachtoffers-van-de-oorlog-in-oekraine,page,
https://www.rijksoverheid.nl/actueel/nieuws/2022/03/01/nederlandse-financiele-steun-voor-oekraine-via-wereldbank,page,
https://www.rijksoverheid.nl/actueel/nieuws/2022/04/08/nederland-geeft-extra-steun-aan-moldavie,page,
https://www.rijksoverheid.nl/actueel/nieuws/2022/03/02/nederland-levert-medicijnen-en-medische-hulpgoederen-aan-oekraine,page,
https://www.rijksoverheid.nl/actueel/nieuws/2022/05/19/1-miljoen-euro-steun-voor-kunstenaars-die-gevlucht-zijn-voor-russische-agressie,page,
https://www.rijksoverheid.nl/actueel/nieuws/2022/04/11/meer-geld-nodig-voor-bestrijding-wereldwijde-straffeloosheid,page,
https://www.rijksoverheid.nl/documenten/2023/06/28/fiche-4-verordening-contant-geld-als-wettig-betaalmiddel,page,
https://www.rijksoverheid.nl/documenten/2023/06/13/fiche-5-raadsaanbeveling-sociale-economie,page,
https://www.rijksoverheid.nl/documenten/2023/06/07/fiche-1-mededeling-alomvattende-aanpak-mentale-gezondheid,page,
https://www.rijksoverheid.nl/documenten/2023/08/14/beslisnota-bij-fiche-2-herziene-richtlijn-en-verordening-betaaldiensten-psd3-en-psr,page,
https://www.rijksoverheid.nl/documenten/2023/02/03/aanbieding-van-het-landelijk-crisisplan-olie,page,
https://www.rijksoverheid.nl/documenten/2024/03/01/bijlage-2-dutch-vision-and-priorities-for-the-next-steps-in-strengthening-the-capital-markets-union,page,
https://www.rijksoverheid.nl/documenten/2024/03/01/kamerbrief-geannoteerde-agenda-eurogroep-en-ecofinraad-11-en-12-maart-2024,page,
https://www.rijksoverheid.nl/documenten/2023/08/15/beslisnota-bij-fiche-3-verordening-raamwerk-delen-financiele-klantdata,page,
https://www.rijksoverheid.nl/documenten/2023/08/17/beslisnota-bij-fiche-1-mededeling-alomvattende-aanpak-mentale-gezondheid,page,
https://www.rijksoverheid.nl/documenten/2024/12/10/beslisnota-bij-kabinetsreactie-aiv-advies-hybride-dreigingen-en-maatschappelijke-weerbaarheid,page,
https://www.rijksoverheid.nl/documenten/2022/03/01/kamerbrief-over-financiele-steun-aan-oekraine-via-wereldbank,page,
https://www.rijksoverheid.nl/documenten/2023/08/10/beslisnota-bij-fiche-4-verordening-contant-geld-als-wettig-betaalmiddel,page,
https://www.rijksoverheid.nl/documenten/2023/08/14/beslisnota-bij-fiche-5-raadsaanbeveling-sociale-economie,page,
https://www.rijksoverheid.nl/documenten/2022/05/25/steun-voor-culturele-makers-op-de-vlucht-vanwege-russische-agressie-in-oekraine,page,
https://www.rijksoverheid.nl/actueel/nieuws/2022/08/22/extra-nederlandse-steun-voor-strijd-en-wederopbouw-oekraine,page,
https://www.rijksoverheid.nl/documenten/2022/08/31/kamerbrief-nederlandse-lening-aan-oekraine-via-imf,page,
https://www.rijksoverheid.nl/actueel/nieuws/2022/10/17/steun-oekraine-eu-trainingsmissie-en-500-miljoen-extra-uit-europese-vredesfaciliteit,page,
https://www.rijksoverheid.nl/actueel/nieuws/2022/11/11/minister-schreinemacher-extra-nederlandse-steun-oekraine-winter,page,
https://www.rijksoverheid.nl/documenten/2023/02/03/beslisnota-bij-kamerbrief-aanbieding-van-het-landelijk-crisisplan-olie,page,
https://www.rijksoverheid.nl/actueel/nieuws/2022/12/08/nederland-levert-onderdelen-en-apparatuur-aan-oekraine-voor-herstel-energie-infrastructuur,page,
https://www.rijksoverheid.nl/actueel/nieuws/2022/12/23/nederland-steun-aan-oekraine-2023-nieuws,page,
https://www.rijksoverheid.nl/actueel/nieuws/2022/12/23/deze-winter-meer-leveringen-om-oekraine-te-helpen-met-herstel-energie-infrastructuur,page,
https://www.rijksoverheid.nl/documenten/2024/03/01/bijlage-3-beslisnota-beantwoording-so-eurogroep-en-ecofin-15-en-16-januari-2024,page,
https://www.rijksoverheid.nl/documenten/2024/03/01/bijlage-1-geannoteerde-agenda-eurogroep-en-ecofinraad-11-en-12-maart-2024,page,
https://www.rijksoverheid.nl/documenten/2024/03/01/beslisnota-ga-eurogroep-en-ecofinraad-11-en-12-maart-2024-en-nazending-beslisnota-so-eurogroep-ecofinraad-15-16-januari-2024,page,
https://www.rijksoverheid.nl/actueel/nieuws/2023/03/03/minister-hoekstra-lanceert-dialogue-group-on-accountability-for-ukraine-in-oekraine,page,
https://www.rijksoverheid.nl/documenten/2022/03/01/toetsingskader-risicoregelingen-oekraine-wereldbank,page,
https://www.rijksoverheid.nl/actueel/nieuws/2023/04/03/eerste-steunpakket-voor-oekraine-in-2023-274-miljoen-euro-voor-strijd-en-herstel,page,
https://www.rijksoverheid.nl/actueel/weblogs/bzers-wereldwijd/2022/wat-is-de-raad-van-europa,page,
https://www.rijksoverheid.nl/actueel/nieuws/2023/06/08/nederland-stuurt-hulpgoederen-naar-overstroomd-gebied-oekraine,page,
https://www.rijksoverheid.nl/actueel/nieuws/2023/06/12/nederlandse-hulp--en-reddingsmiddelen-onderweg-naar-overstroomd-gebied-in-oekraine,page,
https://www.rijksoverheid.nl/actueel/nieuws/2023/07/4/kabinet-maakt-tweede-steunpakket-oekraine-en-nieuwe-oekraine-gezant-bekend,page,
https://open.overheid.nl/overheid/openbaarmakingen/api/v0/attachment/08ddc0dd-4f65-479f-aa37-aa636c62dcc8,pdf,https://www.rijksoverheid.nl/regering/bewindspersonen/rob-jetten/sociale-media-minister-president/berichten-sociale-media-2026
https://open.overheid.nl/overheid/openbaarmakingen/api/v0/attachment/0a81ea62-08d0-42ba-b11c-e4bfa629c9c2,pdf,https://www.rijksoverheid.nl/regering/bewindspersonen/rob-jetten/sociale-media-minister-president/berichten-sociale-media-2026
https://open.overheid.nl/overheid/openbaarmakingen/api/v0/attachment/1047eb14-8e96-4ac8-abcf-a561dbf598a8,pdf,https://www.rijksoverheid.nl/themas/klimaat-milieu-en-natuur/natuur-en-biodiversiteit/nederlandse-natuur-sneller-herstellen-natuurherstelverordening
https://open.overheid.nl/overheid/openbaarmakingen/api/v0/attachment/21d84295-8d25-4029-b30e-779095421b13,pdf,https://www.rijksoverheid.nl/actueel/nieuws/2026/07/10/nederland-doelwit-van-russische-spionageoperatie-via-ip-cameras
https://finance.ec.europa.eu/document/download/23086e5f-c390-4412-9372-6ca082afd694_en?filename=faqs-sanctions-russia-central-bank_en.pdf,pdf,https://www.rijksoverheid.nl/themas/internationale-samenwerking/oorlog-in-oekraine/sancties-tegen-rusland-en-belarus-wit-rusland/nederlandse-uitvoering-sancties
https://www.rijksoverheid.nl/site/binaries/site-content/collections/documents/2023/03/09/plan-van-aanpak-statushouders-aan-het-werk/23_0147+Plan+van+aanpak+Statushouders+aan+het+werk.pdf,pdf,https://www.rijksoverheid.nl/documenten/2023/03/09/plan-van-aanpak-statushouders-aan-het-werk
https://open.overheid.nl/overheid/openbaarmakingen/api/v0/attachment/2ed31314-9505-429d-a717-6d601a649e87,pdf,https://www.rijksoverheid.nl/regering/bewindspersonen/rob-jetten/sociale-media-minister-president/berichten-sociale-media-2026
https://open.overheid.nl/documenten/3da032ae-bebf-45ee-bdaa-9089328a82ba,pdf,https://www.rijksoverheid.nl/regering/bewindspersonen/rob-jetten/sociale-media-minister-president/berichten-sociale-media-2026
https://open.overheid.nl/documenten/4520eb28-ebc2-4bc2-b0fc-6308fefa06b0,pdf,https://www.rijksoverheid.nl/regering/bewindspersonen/rob-jetten/sociale-media-minister-president/berichten-sociale-media-2026
https://open.overheid.nl/overheid/openbaarmakingen/api/v0/attachment/645c9ca2-91f2-4cb3-aaf7-540bcc4836c6,pdf,https://www.rijksoverheid.nl/regering/bewindspersonen/rob-jetten/sociale-media-minister-president/berichten-sociale-media-2026
https://open.overheid.nl/documenten/6c0c3794-67f2-488e-af3c-5005783b29d0,pdf,https://www.rijksoverheid.nl/regering/bewindspersonen/rob-jetten/sociale-media-minister-president/berichten-sociale-media-2026
https://open.overheid.nl/documenten/70b2b5b2-c34f-4851-b60f-fb79e0bb1de8,pdf,https://www.rijksoverheid.nl/regering/bewindspersonen/rob-jetten/sociale-media-minister-president/berichten-sociale-media-2026
https://open.overheid.nl/overheid/openbaarmakingen/api/v0/attachment/7d3dd4ce-93ee-4c12-a75e-7e1668391062,pdf,https://www.rijksoverheid.nl/regering/bewindspersonen/rob-jetten/sociale-media-minister-president/berichten-sociale-media-2026
https://open.overheid.nl/documenten/850f9f17-dd44-49ff-ad8c-d583febbaba4,pdf,https://www.rijksoverheid.nl/regering/bewindspersonen/rob-jetten/sociale-media-minister-president/berichten-sociale-media-2026
https://open.overheid.nl/overheid/openbaarmakingen/api/v0/attachment/9f8e9d17-a3af-4655-b4e1-10946c460afb,pdf,https://www.rijksoverheid.nl/regering/bewindspersonen/rob-jetten/sociale-media-minister-president/berichten-sociale-media-2026
https://unoda-web.s3-accelerate.amazonaws.com/wp-content/uploads/2013/06/English7.pdf,pdf,https://www.rijksoverheid.nl/themas/economie/exportcontrole-strategische-goederen/wetten-en-regels-export-strategische-goederen
https://www.mef.gov.it/export/sites/MEF/inevidenza/2026/article_00377/Increasing-the-Attractiveness-and-Competitiveness-of-the-European-Capital-Market.pdf,pdf,https://www.rijksoverheid.nl/themas/internationale-samenwerking/financien-europese-unie/europese-kapitaalmarktunie/tijdlijn-europese-kapitaalmarktunie
https://www.rijksoverheid.nl/site/binaries/site-content/collections/documents/2025/10/kaart-3-km/kaart-van-vervoersbeperkingsgebied-10-km-door-besmetting-vogelgriep-op-locatie-gasselternijveenschemond/KAART_2025_+GASSELTERNIJVEENSCHEMOND_01_10KM.pdf,pdf,https://www.rijksoverheid.nl/documenten/2025/10/kaart-3-km/kaart-van-vervoersbeperkingsgebied-10-km-door-besmetting-vogelgriep-op-locatie-gasselternijveenschemond
https://www.rijksoverheid.nl/site/binaries/site-content/collections/documents/2025/10/kaart-3-km/kaart-van-vervoersbeperkingsgebied-3-km-door-besmetting-vogelgriep-op-locatie-gasselternijveenschemond/KAART_2025_+GASSELTERNIJVEENSCHEMOND_01_3KM.pdf,pdf,https://www.rijksoverheid.nl/documenten/2025/10/kaart-3-km/kaart-van-vervoersbeperkingsgebied-3-km-door-besmetting-vogelgriep-op-locatie-gasselternijveenschemond
https://www.rijksoverheid.nl/site/binaries/site-content/collections/documents/2025/12/01/kaart-kleve-iii/KAART_2025_AI_Kleve_III_10KM.pdf,pdf,https://www.rijksoverheid.nl/documenten/2025/12/01/kaart-kleve-iii
https://www.rijksoverheid.nl/site/binaries/site-content/collections/documents/2011/09/09/kinderverhoor/Kindgesprek.pdf,pdf,https://www.rijksoverheid.nl/documenten/2011/09/09/kinderverhoor
https://www.rijksoverheid.nl/site/binaries/site-content/collections/documents/2023/02/14/werkagenda-mbo/OCW+-+Samenvatting+Werkagenda+MBO.pdf,pdf,https://www.rijksoverheid.nl/documenten/2023/02/14/werkagenda-mbo
https://www.zonmw.nl/sites/zonmw/files/typo3-migrated-files/Onderzoeksagenda_SP_2021_def.pdf,pdf,https://www.rijksoverheid.nl/themas/familie-zorg-en-gezondheid/geestelijke-gezondheidszorg/zelfmoorden-verminderen
https://www.rijksoverheid.nl/site/binaries/site-content/collections/documents/2022/12/09/raw-materials-strategy-for-large-transitions/Raw+materials+strategy+for+large+transitions.pdf,pdf,https://www.rijksoverheid.nl/documenten/2022/12/09/raw-materials-strategy-for-large-transitions
https://www.rijksoverheid.nl/site/binaries/site-content/collections/documents/2025/10/07/regeling-maatregelen-beschermings--en-bewakingszone-hoogpathogene-vogelgriep-gasselternijveenschemond-2025/Regeling+maatregelen+beschermings-+en+bewakingszone+hoogpathogene+vogelgriep+Gasselternijveenschemond+2025.pdf,pdf,https://www.rijksoverheid.nl/documenten/2025/10/07/regeling-maatregelen-beschermings--en-bewakingszone-hoogpathogene-vogelgriep-gasselternijveenschemond-2025
https://www.rijksoverheid.nl/site/binaries/site-content/collections/documents/2025/12/01/regeling-maatregelen-bewakingszone-hoogpathogene-vogelgriep-kleve-iii-duitsland-2025/Regeling+maatregelen+bewakingszone+hoogpathogene+vogelgriep+Kleve%2C+Duitsland+III+2025.pdf,pdf,https://www.rijksoverheid.nl/documenten/2025/12/01/regeling-maatregelen-bewakingszone-hoogpathogene-vogelgriep-kleve-iii-duitsland-2025
https://www.nijbegun.nl/wp-content/uploads/2025/01/Sociale-Agenda-Nij-Begun-digitaal.pdf,pdf,https://www.rijksoverheid.nl/themas/klimaat-milieu-en-natuur/herstel-gaswinning-groningen-en-noord-drenthe/welzijn-en-sociaal-herstel
https://www.nijbegun.nl/wp-content/uploads/2024/04/Vijftig-maatregelen-Nij-Begun.pdf,pdf,https://www.rijksoverheid.nl/themas/klimaat-milieu-en-natuur/herstel-gaswinning-groningen-en-noord-drenthe
https://www.rijksoverheid.nl/site/binaries/site-content/collections/documents/2018/11/05/aanvraag-legitimatiebewijs-gerechtsdeurwaarders/aanvraag-legitimatiebewijs-gerechtsdeurwaarders.pdf,pdf,https://www.rijksoverheid.nl/documenten/2018/11/05/aanvraag-legitimatiebewijs-gerechtsdeurwaarders
https://www.rijksoverheid.nl/site/binaries/site-content/collections/documents/2026/05/20/asiel-en-migratie-2025/asiel-en-migratie-jaarverslag-2025.pdf,pdf,https://www.rijksoverheid.nl/documenten/2026/05/20/asiel-en-migratie-2025
https://www.rijksoverheid.nl/site/binaries/site-content/collections/documents/2026/05/20/slotwet-ministerie-van-asiel-en-migratie-2025/asiel-en-migratie-slotwet-2025.pdf,pdf,https://www.rijksoverheid.nl/documenten/2026/05/20/slotwet-ministerie-van-asiel-en-migratie-2025
https://www.rijksoverheid.nl/site/binaries/site-content/collections/documents/2026/05/20/memorie-van-toelichting-slotwet-ministerie-van-asiel-en-migratie-2025/asiel-en-migratie-toelichting-slotwet-2025.pdf,pdf,https://www.rijksoverheid.nl/documenten/2026/05/20/memorie-van-toelichting-slotwet-ministerie-van-asiel-en-migratie-2025
https://open.overheid.nl/overheid/openbaarmakingen/api/v0/attachment/de61b6b9-16d9-4bcb-9d5d-b2bbe04bcb7b,pdf,https://www.rijksoverheid.nl/regering/bewindspersonen/rob-jetten/sociale-media-minister-president/berichten-sociale-media-2026
https://www.rijksoverheid.nl/site/binaries/site-content/collections/documents/2026/05/20/memorie-van-toelichting-slotwet-defensiematerieelbegrotingsfonds-2025/defensiematerieelbegrotingsfonds-toelichting-slotwet-2025.pdf,pdf,https://www.rijksoverheid.nl/documenten/2026/05/20/memorie-van-toelichting-slotwet-defensiematerieelbegrotingsfonds-2025
https://www.rijksoverheid.nl/site/binaries/site-content/collections/documents/2026/05/20/memorie-van-toelichting-slotwet-deltafonds-2025/deltafonds-toelichting-slotwet-2025.pdf,pdf,https://www.rijksoverheid.nl/documenten/2026/05/20/memorie-van-toelichting-slotwet-deltafonds-2025
https://www.tweedekamer.nl/downloads/document?id=2024D23522,pdf,https://www.rijksoverheid.nl/themas/internationale-samenwerking/oorlog-in-oekraine/nederlandse-hulp-voor-oekraine
https://open.overheid.nl/overheid/openbaarmakingen/api/v0/attachment/fac72c18-d5b7-4211-b984-0891c23dac39,pdf,https://www.rijksoverheid.nl/regering/bewindspersonen/rob-jetten/sociale-media-minister-president/berichten-sociale-media-2026
https://www.eeas.europa.eu/sites/default/files/factsheet_ec_format_migration_partnership_framework_update_2.pdf,pdf,https://www.rijksoverheid.nl/themas/internationale-samenwerking/ontwikkelingssamenwerking/vluchtelingen-en-migratie
https://open.overheid.nl/documenten/fcafaebc-7de6-4977-82c8-c51f1fdd0080,pdf,https://www.rijksoverheid.nl/regering/bewindspersonen/rob-jetten/sociale-media-minister-president/berichten-sociale-media-2026
https://open.overheid.nl/documenten/70a1f74e-b1a3-4ea2-a487-65f1decfc065/file,pdf,https://www.rijksoverheid.nl/documenten/2024/12/20/rapport-mozaiek-van-belangen-naar-beter-inzicht-in-de-betrokkenheid-van-externen-bij-publieke-besluitvorming
https://open.overheid.nl/documenten/0cd83d75-6b18-42f9-8e2b-091066b01f97/file,pdf,https://www.rijksoverheid.nl/documenten/2025/07/01/kamerbrief-inzake-kabinetsreactie-rob-advies-naar-een-uitvoerende-macht
https://open.overheid.nl/documenten/65c4cadd-c652-436d-9993-7f3d191a3ec4/file,pdf,https://www.rijksoverheid.nl/documenten/2025/03/07/rapport-mozaiek-van-belangen
https://open.overheid.nl/documenten/162c0421-39b1-4e68-ada7-cb46d4e29ddb/file,pdf,https://www.rijksoverheid.nl/documenten/2024/12/10/aanbiedingsbrief-tk-kabinetsreactie-aiv-advies-hybride-dreigingen-en-maatschappelijke-weerbaarheid
https://open.overheid.nl/documenten/3cbc2dcf-8a2c-4f07-8146-312253b05acd/file,pdf,https://www.rijksoverheid.nl/documenten/2023/06/28/fiche-4-verordening-contant-geld-als-wettig-betaalmiddel
https://open.overheid.nl/documenten/b32e3a26-3bc5-4c7a-b079-9bb409060135/file,pdf,https://www.rijksoverheid.nl/documenten/2023/06/13/fiche-5-raadsaanbeveling-sociale-economie
https://open.overheid.nl/documenten/e3f92a76-e089-4045-9c29-caa6be4f90de/file,pdf,https://www.rijksoverheid.nl/documenten/2023/06/07/fiche-1-mededeling-alomvattende-aanpak-mentale-gezondheid
https://open.overheid.nl/documenten/615a0fd5-3385-4e3c-87e7-f0282a175ecf/file,pdf,https://www.rijksoverheid.nl/documenten/2023/08/14/beslisnota-bij-fiche-2-herziene-richtlijn-en-verordening-betaaldiensten-psd3-en-psr
https://open.overheid.nl/documenten/ccbe15dd-5c60-46bb-8f8a-dafa73bab8f2/file,pdf,https://www.rijksoverheid.nl/documenten/2024/03/01/bijlage-2-dutch-vision-and-priorities-for-the-next-steps-in-strengthening-the-capital-markets-union
https://open.overheid.nl/documenten/ba9f555a-7f7e-4b4b-9105-b7ae9a2a8345/file,pdf,https://www.rijksoverheid.nl/documenten/2024/03/01/kamerbrief-geannoteerde-agenda-eurogroep-en-ecofinraad-11-en-12-maart-2024
https://open.overheid.nl/documenten/7e22c957-09e1-4091-9c32-9c6468117760/file,pdf,https://www.rijksoverheid.nl/documenten/2023/08/15/beslisnota-bij-fiche-3-verordening-raamwerk-delen-financiele-klantdata
https://open.overheid.nl/documenten/c2e0f657-465c-43eb-a75e-8b7d5a8f9223/file,pdf,https://www.rijksoverheid.nl/documenten/2023/08/17/beslisnota-bij-fiche-1-mededeling-alomvattende-aanpak-mentale-gezondheid
https://open.overheid.nl/documenten/bd027009-e50e-46cf-be8a-65dab26dfc81/file,pdf,https://www.rijksoverheid.nl/documenten/2024/12/10/beslisnota-bij-kabinetsreactie-aiv-advies-hybride-dreigingen-en-maatschappelijke-weerbaarheid
https://open.overheid.nl/documenten/ronl-95e3ab86c1a7b039c9a287b392673edf758a67c8/file,pdf,https://www.rijksoverheid.nl/documenten/2009/12/18/de-overheid-schiet-vaak-in-een-kramp
https://open.overheid.nl/documenten/81429e1c-29c0-45b7-a783-f56cf71aedc8/file,pdf,https://www.rijksoverheid.nl/documenten/2023/08/10/beslisnota-bij-fiche-4-verordening-contant-geld-als-wettig-betaalmiddel
https://open.overheid.nl/documenten/112c92eb-aac9-4ae6-ba64-54e39b28af75/file,pdf,https://www.rijksoverheid.nl/documenten/2023/08/14/beslisnota-bij-fiche-5-raadsaanbeveling-sociale-economie
https://open.overheid.nl/documenten/6d4edd34-981b-4375-a647-73b7b87656b9/file,pdf,https://www.rijksoverheid.nl/documenten/2025/08/01/seo-rapport-regeldruk-bij-woningcorporaties
https://open.overheid.nl/documenten/781e0615-5dde-40c8-bd13-5dc21e55fc0f/file,pdf,https://www.rijksoverheid.nl/documenten/2024/11/22/kamerbrief-voortgang-wet-basisverzekering-arbeidsongeschiktheid-zelfstandigen-en-wetsvoorstellen-die-de-arbeidsmarkt-hervormen
https://open.overheid.nl/documenten/0fd2a96c-bebe-49b2-a9cf-8725994990e1/file,pdf,https://www.rijksoverheid.nl/documenten/2024/11/22/beslisnota-bij-kamerbrief-voortgang-wet-basisverzekering-arbeidsongeschiktheid-zelfstandigen-en-wetsvoorstellen-die-de-arbeidsmarkt-hervormen
https://open.overheid.nl/documenten/62c22197-fc20-4d7a-95f3-601bab23a11e/file,pdf,https://www.rijksoverheid.nl/documenten/2024/02/07/stand-van-zaken-betalingsregeling-coronabelastingschulden-februari-2024
https://open.overheid.nl/documenten/e7ca5333-c8d0-4a8d-a06e-47aa27806f52/file,pdf,https://www.rijksoverheid.nl/documenten/2024/02/06/beslisnota-stand-van-zakenbrief-coronabetalingsregeling-februari
https://open.overheid.nl/documenten/cfc932e6-c6b3-4d5e-93ed-8f91bdae010d/file,pdf,https://www.rijksoverheid.nl/documenten/2025/04/25/kamerbrief-over-akkoord-bereikt-over-tekst-pandemieverdrag
https://open.overheid.nl/documenten/e414dfae-96e7-4a9d-9918-8e5d6eb9eae0/file,pdf,https://www.rijksoverheid.nl/documenten/2025/04/25/beslisnota-bij-kamerbrief-over-akkoord-bereikt-over-tekst-pandemieverdrag
https://open.overheid.nl/documenten/294c20b6-c3c4-44a0-88e7-e36d7871aba8/file,pdf,https://www.rijksoverheid.nl/documenten/2025/12/17/kamerbrief-inzake-modernisering-drive
https://open.overheid.nl/documenten/d1bada25-50c4-4280-a268-040d0685aeaa/file,pdf,https://www.rijksoverheid.nl/documenten/2024/06/21/kamerbrief-tk-kabinetsreactie-invoeringstoets-wet-open-overheid-woo
https://open.overheid.nl/documenten/316bd798-9bdc-4e2e-a9ee-2e34119af608/file,pdf,https://www.rijksoverheid.nl/documenten/2025/12/17/beslisnota-bij-kamerbrief-inzake-modernisering-drive
https://open.overheid.nl/documenten/3be3c98b-bb74-4c19-82b7-bb994af6aad5/file,pdf,https://www.rijksoverheid.nl/documenten/2025/10/16/kamerbrief-stand-van-zaken-vogelgriep-en-overige-zaken-diergezondheid
https://open.overheid.nl/documenten/57e0e136-6d2f-4edf-9b9e-71325303b36e/file,pdf,https://www.rijksoverheid.nl/documenten/2025/10/16/regeling-invoering-ophok-en-afschermplicht
https://open.overheid.nl/documenten/acd0e91e-0a05-4f1b-966d-2f54ea7048bf/file,pdf,https://www.rijksoverheid.nl/documenten/2025/08/29/kamerbrief-inzake-inzet-koninkrijk-der-nederlanden-voor-de-80e-zitting-van-de-avvn
https://open.overheid.nl/documenten/6eaa5a86-af0c-469f-8543-383da0418dc0/file,pdf,https://www.rijksoverheid.nl/documenten/2025/10/15/beslisnota-kamerbrief-stand-van-zaken-vogelgriep-en-overige-zaken-diergezondheid
https://open.overheid.nl/documenten/6ef370cb-8b8f-45e7-b925-d33e4dc1bcbd/file,pdf,https://www.rijksoverheid.nl/documenten/2025/10/13/verslag-deskundigengroep-dierziekten-hpai-13-oktober-2025
https://open.overheid.nl/documenten/ab95ad73-ff3c-491d-a6bd-1f53a303fff4/file,pdf,https://www.rijksoverheid.nl/documenten/2025/06/11/beslisnota-bij-kamerbrief-inzake-inzet-koninkrijk-der-nederlanden-voor-de-80e-zitting-van-de-avvn
https://open.overheid.nl/documenten/5bb7fb68-971a-47ef-a9b7-4bc907870a11/file,pdf,https://www.rijksoverheid.nl/documenten/2023/12/22/voortgangsbrief-nationale-grondstoffenstrategie
https://open.overheid.nl/documenten/4f451d7b-fb84-45dd-99e0-6f2c2965387c/file,pdf,https://www.rijksoverheid.nl/documenten/2025/08/26/kamerbrief-inzake-gezamenlijke-eu-vs-verklaring-inzake-handel
https://open.overheid.nl/documenten/5661d83c-171a-4413-8318-1ef05796c6dc/file,pdf,https://www.rijksoverheid.nl/documenten/2025/03/24/kamerbrief-onze-mensen-onze-toekomst-meer-beter-en-sneller
https://open.overheid.nl/documenten/2898753e-e87d-4ac4-ba99-21ee9644aea6/file,pdf,https://www.rijksoverheid.nl/documenten/2024/12/20/kamerbrief-bij-rapport-mozaiek-van-belangen-naar-beter-inzicht-in-de-betrokkenheid-van-externen-bij-publieke-besluitvorming
https://open.overheid.nl/documenten/4b82bddf-2e4c-48cd-b82e-98d803ee07f4/file,pdf,https://www.rijksoverheid.nl/documenten/2025/08/21/beslisnota-bij-kamerbrief-inzake-gezamenlijke-eu-vs-verklaring-inzake-handel
https://open.overheid.nl/documenten/ronl-389a7259177aeecd7cb0997be13b693312337b63/file,pdf,https://www.rijksoverheid.nl/documenten/2022/12/09/beslisnota-bij-kamerbrief-nationale-grondstoffenstrategie
https://open.overheid.nl/documenten/9e539b4a-2f21-496e-96fb-2e1288070a05/file,pdf,https://www.rijksoverheid.nl/documenten/2025/03/14/beslisnota-bij-kamerbrief-onze-mensen-onze-toekomst-meer-beter-en-sneller
https://open.overheid.nl/documenten/22bb4450-5af5-4f52-a27d-b94312f7f9fa/file,pdf,https://www.rijksoverheid.nl/documenten/2025/02/07/kamerbrief-actieagenda-integratie-en-open-en-vrije-samenleving
https://open.overheid.nl/documenten/2b22265a-79c7-4329-83bf-9b72880d491f/file,pdf,https://www.rijksoverheid.nl/documenten/2025/02/07/beslisnota-s-bij-kamerbrief-actieagenda-integratie-en-de-open-en-vrije-samenleving
https://open.overheid.nl/documenten/5d681589-a5b6-42a8-97c2-472a45cdec48/file,pdf,https://www.rijksoverheid.nl/documenten/2024/11/11/hooflijnenbrief-nieuw-financieringsstelsel-kinderopvang-aan-de-slag
https://open.overheid.nl/documenten/b2c55fc3-9cb6-4de1-9440-f078d817c074/file,pdf,https://www.rijksoverheid.nl/documenten/2025/09/15/kamerbrief-toegankelijkheid-en-doelmatigheid-in-het-nieuwe-financieringsstelsel-kinderopvang
https://open.overheid.nl/documenten/d946a6a1-69e9-49e6-b971-9abd51da87bb/file,pdf,https://www.rijksoverheid.nl/documenten/2025/11/27/kamerbrief-nieuw-financieringsstelsel-kinderopvang
https://open.overheid.nl/documenten/4bb8cddd-fb20-4624-ba14-8d003633bd0f/file,pdf,https://www.rijksoverheid.nl/documenten/2026/01/08/wetsvoorstel-financiering-kinderopvang-vragen-en-antwoorden-over-de-daeb
https://open.overheid.nl/documenten/3dfb6d47-ff6b-4a57-afec-6b7bfb76ae14/file,pdf,https://www.rijksoverheid.nl/documenten/2026/02/10/wetsvoorstel-financiering-kinderopvang-vragen-en-antwoorden-over-de-daeb
https://open.overheid.nl/documenten/7128d2ad-38de-4d9b-bd5f-b881e10e956c/file,pdf,https://www.rijksoverheid.nl/documenten/2025/06/25/beslisnota-bij-kamerbrief-actieagenda-goed-bestuur-1
https://open.overheid.nl/documenten/ea5382f0-2796-4874-8f0f-1fbb085bbd27/file,pdf,https://www.rijksoverheid.nl/documenten/2025/05/22/kamerbrief-over-inzake-het-drugsbeleid
https://open.overheid.nl/documenten/bcc20c7a-cdab-4547-90d3-4329d620de2f/file,pdf,https://www.rijksoverheid.nl/documenten/2025/07/01/lijst-verboden-nieuwe-psychoactieve-stoffen-nps-per-1-juli-2025
https://open.overheid.nl/documenten/6e28f5c5-7c94-4312-b74a-f3be1bc20d2a/file,pdf,https://www.rijksoverheid.nl/documenten/2025/09/15/de-kostprijs-bestaat-niet
https://open.overheid.nl/documenten/7ffb5246-54f6-49b3-8ded-076e05f07f55/file,pdf,https://www.rijksoverheid.nl/documenten/2025/11/27/beslisnota-bij-kamerbrief-nieuw-financieringsstelsel-kinderopvang
https://open.overheid.nl/documenten/c535acf4-0664-4301-a192-ad5c6a977c41/file,pdf,https://www.rijksoverheid.nl/documenten/2025/09/15/beslisnota-s-bij-kamerbrief-toegankelijkheid-en-doelmatigheid-in-het-nieuwe-financieringsstelsel-kinderopvang
https://open.overheid.nl/documenten/c22fbe00-1363-47e9-8ef9-0f66d18446de/file,pdf,https://www.rijksoverheid.nl/documenten/2025/09/15/kengetallen-kinderopvang
https://open.overheid.nl/documenten/10d41924-7e4c-49d5-a3b8-9215a76464f4/file,pdf,https://www.rijksoverheid.nl/documenten/2025/03/25/beslisnota-bij-kamerbrief-over-drugsbeleid-voorjaar-2025
https://open.overheid.nl/documenten/fc2fd89d-6049-4f01-a558-e5acda2ffa0b/file,pdf,https://www.rijksoverheid.nl/documenten/2026/02/10/aanbiedingsbrief-advies-landsadvocaat-staatssteunaspecten-conceptwetsvoorstel-financiering-kinderopvang
https://open.overheid.nl/documenten/8e60163d-a665-4e44-9c5a-9684f0305a2f/file,pdf,https://www.rijksoverheid.nl/documenten/2025/04/02/tk-ontwikkelingen-en-voortgang-experiment-gesloten-coffeeshopketen
https://open.overheid.nl/documenten/4ea9c6e9-bc7a-4f21-8407-b2cbaa5291cf/file,pdf,https://www.rijksoverheid.nl/documenten/2024/04/01/ervaringen-met-kinderopvang-vignetonderzoek
https://open.overheid.nl/documenten/818598ca-8911-4558-835a-a17b315364d4/file,pdf,https://www.rijksoverheid.nl/documenten/2025/03/07/kamerbrief-met-kabinetsreactie-op-het-rapport-mozaiek-van-belangen
https://open.overheid.nl/documenten/b293d67e-9e75-4cc8-b5d5-44ebea81df80/file,pdf,https://www.rijksoverheid.nl/documenten/2026/02/10/advies-landsadvocaat-staatssteunaspecten-conceptwetsvoorstel-financiering-kinderopvang
https://open.overheid.nl/documenten/ab0c73f6-19db-432b-8e3c-eb775bc27512/file,pdf,https://www.rijksoverheid.nl/documenten/2025/12/11/voortgangsbrief-aanpak-verward-en-onbegrepen-gedrag
https://open.overheid.nl/documenten/aee6a36b-2cbb-427a-81ed-52a3470d1b1c/file,pdf,https://www.rijksoverheid.nl/documenten/2026/02/10/beslisnota-bij-aanbiedingsbrief-advies-landsadvocaat-staatssteunaspecten-conceptwetsvoorstel-financiering-kinderopvang
https://open.overheid.nl/documenten/f9ad8b8e-6e1c-48a7-90ff-f3390daac5c6/file,pdf,https://www.rijksoverheid.nl/documenten/2024/11/11/beschrijving-nieuw-financieringsstelsel-kinderopvang
https://open.overheid.nl/documenten/7201b297-2112-4c34-9ef3-54bfdd070419/file,pdf,https://www.rijksoverheid.nl/documenten/2024/12/20/aanbod-kinderopvang-in-nederland-2017-2023
https://open.overheid.nl/documenten/a34145ff-1945-4253-9276-8e80d098e42d/file,pdf,https://www.rijksoverheid.nl/documenten/2024/11/11/beslisnota-s-bij-hooflijnenbrief-nieuw-financieringsstelsel-kinderopvang-aan-de-slag
https://open.overheid.nl/documenten/3ad0580e-1a70-418d-855d-8eb0c23c5f54/file,pdf,https://www.rijksoverheid.nl/documenten/2025/04/02/tk-beslisnota-bij-kamerbrief-voortgang-in-aanloop-naar-experimenteerfase
https://open.overheid.nl/documenten/26648662-347d-4bf8-b67e-9bb064b501cf/file,pdf,https://www.rijksoverheid.nl/documenten/2025/12/11/voortgangsrapportage-aanbevelingen-parlementaire-verkenning
https://open.overheid.nl/documenten/5df45d9b-b52b-4cdc-8e9f-3705e48305cf/file,pdf,https://www.rijksoverheid.nl/ministeries/ministerie-van-binnenlandse-zaken-en-koninkrijksrelaties/organisatie/organogram
https://open.overheid.nl/documenten/c367d9e6-9b1e-4471-ab01-26b47bf4b34f/file,pdf,https://www.rijksoverheid.nl/documenten/2023/04/01/constraints-and-keys-for-the-interpretation-of-the-foreseeable-strategic-evolutions-of-police-systems-in-spain-and-portugal
https://open.overheid.nl/documenten/d42a5d7b-2c16-4a67-a7d1-a80cd89f16f7/file,pdf,https://www.rijksoverheid.nl/documenten/2024/12/18/beslisnota-bij-kamerbrief-rapport-mozaiek-van-belangen-naar-beter-inzicht-in-de-betrokkenheid-van-externen-bij-publieke-besluitvorming
https://open.overheid.nl/documenten/eb647abe-5099-4a6c-8613-04874cc1258b/file,pdf,https://www.rijksoverheid.nl/documenten/2023/07/31/trends-en-factoren-relevant-voor-de-politiefunctie-in-2040-kaarten-de-argumentenfabriek
https://open.overheid.nl/documenten/557fe929-d642-42da-9fc5-168faac9ed34/file,pdf,https://www.rijksoverheid.nl/documenten/2023/07/11/visie-op-de-politiefunctie
https://open.overheid.nl/documenten/e484c940-07da-449f-8f75-363a854cefc0/file,pdf,https://www.rijksoverheid.nl/documenten/2023/07/19/transformatieve-politie-albert-meijer
https://open.overheid.nl/documenten/b9ca7154-bb24-48cb-b909-84042020f6d2/file,pdf,https://www.rijksoverheid.nl/documenten/2023/08/16/iat-analyse-politiefunctie
https://open.overheid.nl/documenten/d74fe187-5798-4911-9313-dc871455587f/file,pdf,https://www.rijksoverheid.nl/documenten/2023/09/11/veiligheidsfunctie-in-nederland-erwin-muller
https://open.overheid.nl/documenten/78d7d00d-96ad-465d-866a-978737be1443/file,pdf,https://www.rijksoverheid.nl/documenten/2023/06/23/een-ethische-reflectie-op-de-politiefunctie-van-de-toekomst-goed-juist-en-integer
https://open.overheid.nl/documenten/bf4a5fac-8944-47cb-8657-cef53a5f2f43/file,pdf,https://www.rijksoverheid.nl/documenten/2023/12/01/blauw-voor-een-betere-buurt-smulders-janssen-vermeulen
https://open.overheid.nl/documenten/36f487b7-e565-4eaf-9543-657418229989/file,pdf,https://www.rijksoverheid.nl/documenten/2023/12/01/de-politiefunctie-in-een-explosieve-en-hyperdiverse-veiligheidssamenleving
https://open.overheid.nl/documenten/b66fce52-ec43-45a4-84a8-b7db984c1230/file,pdf,https://www.rijksoverheid.nl/documenten/2026/02/23/introductiedossier-bewindspersonen-ministerie-van-bzk
https://open.overheid.nl/documenten/82a3da6d-fe3c-486d-9172-f2cca03d1047/file,pdf,https://www.rijksoverheid.nl/documenten/2021/12/20/informatieblad-herstelrecht-na-strafbaar-feit
https://open.overheid.nl/documenten/aa4e5e04-b2b2-4300-b7d9-51182e8adc12/file,pdf,https://www.rijksoverheid.nl/documenten/2025/12/15/kamerbrief-voortgang-nieuwe-aanpak-regeldruk-voor-ondernemers
https://open.overheid.nl/documenten/0a2b6c4a-b51d-4ef5-9740-c927250e5903/file,pdf,https://www.rijksoverheid.nl/documenten/2020/03/23/fotomatrix-2020
https://open.overheid.nl/documenten/72397c1a-4ede-4435-96bf-bdc4f5ea0472/file,pdf,https://www.rijksoverheid.nl/documenten/2016/10/26/formulier-mededeling-van-scheiding-in-verband-met-verdeling-van-ouderdomspensioen
https://open.overheid.nl/documenten/f854748d-f0b1-41dc-a72a-106e74b257cb/file,pdf,https://www.rijksoverheid.nl/documenten/2016/10/25/verdeling-van-ouderdomspensioen-bij-scheiding
https://open.overheid.nl/documenten/8a884af8-0bde-4fa8-ac6d-389d767aa4c5/file,pdf,https://www.rijksoverheid.nl/documenten/2024/05/27/kamerbrief-ontwikkelagenda-gelijke-kansen
https://open.overheid.nl/documenten/34695ecd-0530-49ed-9596-0b60da4e1dde/file,pdf,https://www.rijksoverheid.nl/documenten/2024/05/27/verklaring-gelijke-kansen
https://open.overheid.nl/documenten/e001b152-43a5-4fac-a81e-65ae6dc29a42/file,pdf,https://www.rijksoverheid.nl/documenten/2024/05/27/beslisnota-bij-kamerbrief-ontwikkelagenda-gelijke-kansen
https://open.overheid.nl/documenten/cf471c78-f5ab-48d4-b317-7d19899b4bbc/file,pdf,https://www.rijksoverheid.nl/documenten/2024/12/09/qena-s-afbouwplan-interlandelijke-adoptie
https://open.overheid.nl/documenten/e4d33d74-20ac-433d-a85c-3b02e709a649/file,pdf,https://www.rijksoverheid.nl/documenten/2023/07/04/kamerbrief-over-beleidsreactie-op-het-rapport-deel-en-verbind-nederland-nederlands-indie-indonesie-van-de-commissie-versterking-kennis-geschiedenis-voormalig-nederlands-indie
https://open.overheid.nl/documenten/ronl-b89c316cc6e511b074de6c53bb8a6bd0b5e1fd9d/file,pdf,https://www.rijksoverheid.nl/documenten/1998/12/09/eindrapport-van-de-commissie-kordes
https://open.overheid.nl/documenten/b9356441-3f18-4610-af96-180d2d35985d/file,pdf,https://www.rijksoverheid.nl/documenten/2024/12/23/wat-wij-doen-bij-een-woo-verzoek
https://open.overheid.nl/documenten/0fa6f8a4-e5fe-476b-bf58-d5405ff30948/file,pdf,https://www.rijksoverheid.nl/documenten/2026/01/26/kamerbrief-met-kabinetsreactie-op-seo-rapport-regeldruk-bij-woningcorporaties
https://open.overheid.nl/documenten/c1068319-6c5f-4e27-9196-b1216334cb9c/file,pdf,https://www.rijksoverheid.nl/documenten/2023/06/30/visie-openheid-en-transparantie-2026
https://open.overheid.nl/documenten/3540d000-bce2-4e30-aeca-2c7b58b56fc4/file,pdf,https://www.rijksoverheid.nl/documenten/2024/03/07/een-verkennend-onderzoek-naar-de-mogelijkheden-voor-actieve-openbaarmaking-van-overheidsinformatie-via-openbare-registers
https://open.overheid.nl/documenten/c9066be7-3ee1-4a7e-a93d-e74cf80b280e/file,pdf,https://www.rijksoverheid.nl/documenten/2023/06/30/toelichting-op-de-visie-openheid-en-transparantie-2026
https://open.overheid.nl/documenten/8c2898b5-3097-46fc-ae4b-03ed14030597/file,pdf,https://www.rijksoverheid.nl/documenten/2023/06/06/beslisnota-bij-kamerbrief-over-beleidsreactie-op-het-rapport-deel-en-verbind-nederland-nederlands-indie-indonesie-van-de-commissie-versterking-kennis-geschiedenis-voormalig-nederlands-indie
https://open.overheid.nl/documenten/00d59307-b024-43a8-9810-4cc20d541cdf/file,pdf,https://www.rijksoverheid.nl/documenten/2025/07/31/isin-en-technische-codes
https://open.overheid.nl/documenten/38d17713-f9c9-46b5-891f-a2b005258c2a/file,pdf,https://www.rijksoverheid.nl/documenten/2024/03/07/managementreactie-bij-een-verkennend-onderzoek-naar-de-mogelijkheden-voor-actieve-openbaarmaking-van-overheidsinformatie-via-openbare-registers
https://open.overheid.nl/documenten/92348e83-becb-4988-bdfc-4312f5a288c0/file,pdf,https://www.rijksoverheid.nl/themas/economie/financiele-sector/regels-accountancysector
https://open.overheid.nl/documenten/3796cee8-342a-4e73-a277-8bd2b5016c97/file,pdf,https://www.rijksoverheid.nl/documenten/2025/09/29/factsheet-veilig-melden
https://open.overheid.nl/documenten/8bccaf10-c1d0-446d-8353-234c5de5d599/file,pdf,https://www.rijksoverheid.nl/themas/internationale-samenwerking/financien-europese-unie/europese-kapitaalmarktunie/tijdlijn-europese-kapitaalmarktunie
https://open.overheid.nl/documenten/db013345-870a-4ed5-b77b-c72df8c77d50/file,pdf,https://www.rijksoverheid.nl/themas/internationale-samenwerking/financien-europese-unie/europese-kapitaalmarktunie/tijdlijn-europese-kapitaalmarktunie
https://open.overheid.nl/documenten/bf3fb938-14fa-40bb-aa51-6f2d7af2e218/file,pdf,https://www.rijksoverheid.nl/documenten/2025/03/05/beslisnota-bij-kamerbrief-met-kabinetsreactie-op-het-rapport-mozaiek-van-belangen
https://open.overheid.nl/documenten/ronl-fef9bd72a5a87d6ebde2df9e9d0c32fe3cbf38d4/file,pdf,https://www.rijksoverheid.nl/documenten/2022/07/01/infographic-betalen-naar-gebruik
https://open.overheid.nl/documenten/c27e889f-fd3c-481f-8598-3b51a72f1d0c/file,pdf,https://www.rijksoverheid.nl/themas/internationale-samenwerking/financien-europese-unie/europese-kapitaalmarktunie/tijdlijn-europese-kapitaalmarktunie
https://open.overheid.nl/documenten/36f4c6f2-f4b6-4102-8397-a2abfa7a982e/file,pdf,https://www.rijksoverheid.nl/themas/internationale-samenwerking/financien-europese-unie/europese-kapitaalmarktunie/tijdlijn-europese-kapitaalmarktunie
https://open.overheid.nl/documenten/ad59de2d-d83d-4842-9aa9-e2f0cc728766/file,pdf,https://www.rijksoverheid.nl/documenten/2024/10/21/kamerbrieven-over-amendement-acceptatieplicht-contant-geld
https://open.overheid.nl/documenten/ab591c36-d1fb-4f56-ba1d-017db7ba2a41/file,pdf,https://www.rijksoverheid.nl/documenten/2024/09/26/beslisnota-s-opvolging-amendement-acceptatieplicht
https://open.overheid.nl/documenten/53d4564b-543c-4eb2-bc5a-243d96272351/file,pdf,https://www.rijksoverheid.nl/documenten/2024/10/21/afschrift-brief-ecb
https://open.overheid.nl/documenten/242830ad-f049-4df3-a699-ad0fd84b2c4f/file,pdf,https://www.rijksoverheid.nl/documenten/2023/09/28/fiche-3-verordening-raamwerk-delen-financiele-klantdata
https://open.overheid.nl/documenten/d444c0d8-2310-403e-bda0-99bf60ef2dc6/file,pdf,https://www.rijksoverheid.nl/documenten/2023/06/28/fiche-2-herziene-richtlijn-en-verordening-betaaldiensten-psd3-en-psr
https://open.overheid.nl/documenten/0b7469ab-b9cf-4380-9fea-60f55efe4de1/file,pdf,https://www.rijksoverheid.nl/documenten/2024/12/10/kb-kabinetsreactie-aiv-advies-hybride-dreigingen-en-maatschappelijke-weerbaarheid
https://open.overheid.nl/documenten/9fe94c86-87c0-4ae7-b975-5b06a05d1358/file,pdf,https://www.rijksoverheid.nl/documenten/2023/09/01/kamerbrief-inzake-informatievoorziening-over-nieuwe-commissievoorstellen
https://open.overheid.nl/documenten/6e4cf342-12e1-4fb6-8194-4686294068d0/file,pdf,https://www.rijksoverheid.nl/documenten/2023/05/17/jaarevaluatie-campagnes-rijksoverheid-2022
https://www.rijksoverheid.nl/site/binaries/site-content/collections/documents/2026/05/20/memorie-van-toelichting-slotwet-gemeentefonds-2025/gemeentefonds-toelichting-slotwet-2025.pdf,pdf,https://www.rijksoverheid.nl/documenten/2026/05/20/memorie-van-toelichting-slotwet-gemeentefonds-2025
https://vng.nl/sites/default/files/2025-10/handreiking-de-wet-open-overheid-in-de-gemeentelijke-praktijk.pdf,pdf,https://www.rijksoverheid.nl/ministeries/ministerie-van-binnenlandse-zaken-en-koninkrijksrelaties/organisatie/commissies/adviescollege-openbaarheid-en-informatiehuishouding
https://www.rijksoverheid.nl/site/binaries/site-content/collections/documents/2025/05/21/buitenlandse-handel-en-ontwikkelingssamenwerking-2024/jaarverslag-buitenlandse-handel-en-ontwikkelingssamenwerking-2024.pdf,pdf,https://www.rijksoverheid.nl/documenten/2025/05/21/buitenlandse-handel-en-ontwikkelingssamenwerking-2024
https://www.rijksoverheid.nl/site/binaries/site-content/collections/documents/2025/05/21/buitenlandse-zaken-2024/jaarverslag-buitenlandse-zaken-2024.pdf,pdf,https://www.rijksoverheid.nl/documenten/2025/05/21/buitenlandse-zaken-2024
https://www.rijksoverheid.nl/site/binaries/site-content/collections/documents/2026/05/20/buitenlandse-handel-en-ontwikkelingshulp-2025/jaarverslag-ministerie-van-buitenlandse-handel-en-ontwikkelingshulp-2025.pdf,pdf,https://www.rijksoverheid.nl/documenten/2026/05/20/buitenlandse-handel-en-ontwikkelingshulp-2025
https://www.rijksoverheid.nl/site/binaries/site-content/collections/documents/2026/05/20/volksgezondheid-welzijn-en-sport-2025/jaarverslag-ministerie-van-volksgezondheid-welzijn-en-sport-2025.pdf,pdf,https://www.rijksoverheid.nl/documenten/2026/05/20/volksgezondheid-welzijn-en-sport-2025
https://www.rijksoverheid.nl/site/binaries/site-content/collections/documents/2026/05/20/klimaat-en-groene-groei-2025/klimaat-en-groene-groei-jaarverslag-2025.pdf,pdf,https://www.rijksoverheid.nl/documenten/2026/05/20/klimaat-en-groene-groei-2025
https://www.rijksoverheid.nl/site/binaries/site-content/collections/documents/2026/05/20/slotwet-ministerie-van-klimaat-en-groene-groei-2025/klimaat-en-groene-groei-slotwet-2025.pdf,pdf,https://www.rijksoverheid.nl/documenten/2026/05/20/slotwet-ministerie-van-klimaat-en-groene-groei-2025
https://www.rijksoverheid.nl/site/binaries/site-content/collections/documents/2026/05/20/memorie-van-toelichting-slotwet-ministerie-van-klimaat-en-groene-groei-2025/klimaat-en-groene-groei-toelichting-slotwet-2025.pdf,pdf,https://www.rijksoverheid.nl/documenten/2026/05/20/memorie-van-toelichting-slotwet-ministerie-van-klimaat-en-groene-groei-2025
https://www.rijksoverheid.nl/site/binaries/site-content/collections/documents/2026/05/20/klimaatfonds-2025/klimaatfonds-jaarverslag-2025.pdf,pdf,https://www.rijksoverheid.nl/documenten/2026/05/20/klimaatfonds-2025
https://www.rijksoverheid.nl/site/binaries/site-content/collections/documents/2026/05/20/slotwet-klimaatfonds-2025/klimaatfonds-slotwet-2025.pdf,pdf,https://www.rijksoverheid.nl/documenten/2026/05/20/slotwet-klimaatfonds-2025
https://www.rijksoverheid.nl/site/binaries/site-content/collections/documents/2026/05/20/memorie-van-toelichting-slotwet-klimaatfonds-2025/klimaatfonds-toelichting-slotwet-2025.pdf,pdf,https://www.rijksoverheid.nl/documenten/2026/05/20/memorie-van-toelichting-slotwet-klimaatfonds-2025
https://zoek.officielebekendmakingen.nl/kst-1263980.pdf,pdf,https://www.rijksoverheid.nl/themas/internationale-samenwerking/financien-europese-unie/europese-kapitaalmarktunie/tijdlijn-europese-kapitaalmarktunie
https://zoek.officielebekendmakingen.nl/kst-22112-4293.pdf,pdf,https://www.rijksoverheid.nl/themas/internationale-samenwerking/financien-europese-unie/europese-kapitaalmarktunie/tijdlijn-europese-kapitaalmarktunie
https://www.rijksoverheid.nl/site/binaries/site-content/collections/documents/2023/02/03/bijlage-landelijk-crisisplan-olie/landelijk-crisisplan-olie.pdf,pdf,https://www.rijksoverheid.nl/documenten/2023/02/03/bijlage-landelijk-crisisplan-olie
https://www.rijksoverheid.nl/site/binaries/site-content/collections/documents/2026/05/20/memorie-van-toelichting-slotwet-buitenlandse-handel-en-ontwikkelingshulp-2025/memorie-van-toelichting-slotwet-buitenlandse-handel-en-ontwikkelingshulp-2025.pdf,pdf,https://www.rijksoverheid.nl/documenten/2026/05/20/memorie-van-toelichting-slotwet-buitenlandse-handel-en-ontwikkelingshulp-2025
https://www.rijksoverheid.nl/site/binaries/site-content/collections/documents/2025/05/21/memorie-van-toelichting-slotwet-buitenlandse-handel-en-ontwikkelingssamenwerking-2024/memorie-van-toelichting-slotwet-buitenlandse-handel-en-ontwikkelingssamenwerking-2024.pdf,pdf,https://www.rijksoverheid.nl/documenten/2025/05/21/memorie-van-toelichting-slotwet-buitenlandse-handel-en-ontwikkelingssamenwerking-2024
https://www.rijksoverheid.nl/site/binaries/site-content/collections/documents/2025/05/21/memorie-van-toelichting-slotwet-buitenlandse-zaken-2024/memorie-van-toelichting-slotwet-buitenlandse-zaken-2024.pdf,pdf,https://www.rijksoverheid.nl/documenten/2025/05/21/memorie-van-toelichting-slotwet-buitenlandse-zaken-2024
https://www.rijksoverheid.nl/site/binaries/site-content/collections/documents/2026/05/20/memorie-van-toelichting-slotwet-ministerie-van-volksgezondheid-welzijn-en-sport-2025/memorie-van-toelichting-slotwet-ministerie-van-volksgezondheid-welzijn-en-sport-2025.pdf,pdf,https://www.rijksoverheid.nl/documenten/2026/05/20/memorie-van-toelichting-slotwet-ministerie-van-volksgezondheid-welzijn-en-sport-2025
https://www.rijksoverheid.nl/site/binaries/site-content/collections/documents/2026/05/20/mobiliteitsfonds-2025/mobiliteitsfonds-jaarverslag-2025.pdf,pdf,https://www.rijksoverheid.nl/documenten/2026/05/20/mobiliteitsfonds-2025
https://www.rijksoverheid.nl/site/binaries/site-content/collections/documents/2026/05/20/slotwet-mobiliteitsfonds-2025/mobiliteitsfonds-slotwet-2025.pdf,pdf,https://www.rijksoverheid.nl/documenten/2026/05/20/slotwet-mobiliteitsfonds-2025
https://www.rijksoverheid.nl/site/binaries/site-content/collections/documents/2026/05/20/memorie-van-toelichting-slotwet-mobiliteitsfonds-2025/mobiliteitsfonds-toelichting-slotwet-2025.pdf,pdf,https://www.rijksoverheid.nl/documenten/2026/05/20/memorie-van-toelichting-slotwet-mobiliteitsfonds-2025
https://www.rijksoverheid.nl/site/binaries/site-content/collections/documents/2026/05/20/slotwet-nationaal-groeifonds-2025/nationaal-groeifonds-slotwet-2025.pdf,pdf,https://www.rijksoverheid.nl/documenten/2026/05/20/slotwet-nationaal-groeifonds-2025
https://www.rijksoverheid.nl/site/binaries/site-content/collections/documents/2026/05/20/memorie-van-toelichting-slotwet-nationaal-groeifonds-2025/nationaal-groeifonds-toelichting-slotwet-2025.pdf,pdf,https://www.rijksoverheid.nl/documenten/2026/05/20/memorie-van-toelichting-slotwet-nationaal-groeifonds-2025
https://www.nijbegun.nl/wp-content/uploads/2025/05/nij-begun-op-weg-naar-erkenning-herstel-en-perspectief-2.pdf,pdf,https://www.rijksoverheid.nl/themas/klimaat-milieu-en-natuur/herstel-gaswinning-groningen-en-noord-drenthe
https://www.divosa.nl/sites/default/files/2023-05/overgangsrecht-wi2013-wi2021-hoofdregel-en-uitzonderingen-szw.pdf,pdf,https://www.rijksoverheid.nl/documenten/2023/04/01/ketenpartners-inburgering
https://www.stvda.nl/-/media/stvda/downloads/publicaties/2023/passende-stagevergoeding.pdf,pdf,https://www.rijksoverheid.nl/themas/onderwijs/middelbaar-beroepsonderwijs/stagepact-mbo
https://open.overheid.nl/documenten/ronl-archief-b42146b9-9123-4e85-bcdc-c78650ec857d/pdf,pdf,https://www.rijksoverheid.nl/documenten/2015/05/11/circulaire-governance-ten-aanzien-van-zelfstandige-bestuursorganen-zbo-s
https://open.overheid.nl/documenten/ronl-2cb745b6-191b-4796-8976-07122c945008/pdf,pdf,https://www.rijksoverheid.nl/documenten/2018/05/31/evaluatie-kaderwet-zelfstandige-bestuursorganen-2012-2016
https://open.overheid.nl/documenten/ronl-6611b5058e04fb2974150934fe407d6fc31df47c/pdf,pdf,https://www.rijksoverheid.nl/documenten/2023/04/21/beslisnotas-bij-kamerbrief-voortgang-uitwerking-arbeidsmarktpakket
https://open.overheid.nl/documenten/ronl-183ae947-06a8-4fc4-af8e-83dbbad6d232/pdf,pdf,https://www.rijksoverheid.nl/documenten/2020/01/30/aanbieding-rapport-commissie-toekomst-accountancysector
https://open.overheid.nl/documenten/ronl-cd6e7417-13c3-42ea-9922-aca6c8a79412/pdf,pdf,https://www.rijksoverheid.nl/documenten/2020/01/30/bijlage-bij-rapport-vertrouwen-op-controle-advies-landsadvocaat
https://open.overheid.nl/documenten/ronl-51631d1f-b085-44a8-b04e-df5013a3b7e3/pdf,pdf,https://www.rijksoverheid.nl/documenten/2020/01/30/vertrouwen-op-controle-eindrapport-van-de-commissie-toekomst-accountancysector
https://open.overheid.nl/documenten/ronl-928e17508b5d95ff17443f61821cc8362238fae6/pdf,pdf,https://www.rijksoverheid.nl/documenten/2022/05/10/juridische-vragen-sancties-rusland-belarus-faq
https://open.overheid.nl/documenten/ronl-26780b5abe8f28418cb196aa5239b01289807f57/pdf,pdf,https://www.rijksoverheid.nl/documenten/2022/08/24/samenvatting-evaluatierapport-fatf-over-nederland
https://open.overheid.nl/documenten/ronl-ace0f5bcc422e0475134416802ccb96ef842a4dc/pdf,pdf,https://www.rijksoverheid.nl/documenten/2022/08/24/mutual-evaluation-report-netherlands-2022
https://open.overheid.nl/documenten/ronl-421e4935984822008b7a7bc798d6bc1bbf27f7e7/pdf,pdf,https://www.rijksoverheid.nl/documenten/2022/03/01/kamerbrief-over-financiele-steun-aan-oekraine-via-wereldbank
https://open.overheid.nl/documenten/ronl-aca57b1302dec75c28bb1b57969d97979103befa/pdf,pdf,https://www.rijksoverheid.nl/documenten/2022/05/25/steun-voor-culturele-makers-op-de-vlucht-vanwege-russische-agressie-in-oekraine
https://open.overheid.nl/documenten/ronl-9124d05f5a99e69034c7ad2fb1e46aa6f8e9a900/pdf,pdf,https://www.rijksoverheid.nl/documenten/2022/08/31/kamerbrief-nederlandse-lening-aan-oekraine-via-imf
https://open.overheid.nl/documenten/ronl-7ff25f92b2ee199b8df8f0e0fa4247b8a60ab3e3/pdf,pdf,https://www.rijksoverheid.nl/documenten/2023/04/21/beslisnotas-bij-kamerbrief-voortgang-uitwerking-arbeidsmarktpakket
https://open.overheid.nl/documenten/ronl-a354c75e9bdceb057e00b2c39772220ad76b587f/pdf,pdf,https://www.rijksoverheid.nl/documenten/2023/04/21/beslisnotas-bij-kamerbrief-voortgang-uitwerking-arbeidsmarktpakket
https://open.overheid.nl/documenten/ronl-4b45648fd98c5118e0a4a72671eaa91ba2e94fc6/pdf,pdf,https://www.rijksoverheid.nl/documenten/2023/04/21/beslisnotas-bij-kamerbrief-voortgang-uitwerking-arbeidsmarktpakket
https://open.overheid.nl/documenten/ronl-49c846ea3c6a2dc0e5db2676b7e263b969930608/pdf,pdf,https://www.rijksoverheid.nl/documenten/2023/02/14/stagepact-mbo
https://open.overheid.nl/documenten/ronl-207c34db2672536cd275fb41e0aeeea9978892d1/pdf,pdf,https://www.rijksoverheid.nl/documenten/2023/02/14/werkagenda-mbo
https://open.overheid.nl/documenten/dpc-22fcde0167572a2f8794938f3cade359779923b7/pdf,pdf,https://www.rijksoverheid.nl/documenten/2023/10/26/uitwerking-actieplan-voorkomen-voortijdig-schoolverlaten-en-begeleiden-naar-een-kansrijke-toekomst
https://open.overheid.nl/documenten/dpc-b57ffb73021da13471bf6f01dccb233935d13377/pdf,pdf,https://www.rijksoverheid.nl/documenten/2024/12/10/nader-rapport-van-school-naar-duurzaam-werk
https://open.overheid.nl/documenten/ronl-d5fd68fd-dd8e-4de3-9570-27a7cfb21871/pdf,pdf,https://www.rijksoverheid.nl/documenten/2020/06/30/tk-geleidelijke-opheffing-inreisverbod-per-1-juli-2020
https://open.overheid.nl/documenten/dpc-5f02e2ca5387092cb32ea2eef15d583fb3f9360b/pdf,pdf,https://www.rijksoverheid.nl/documenten/2024/11/28/005-id-14222-nader-rapport-wetsvoorstel-terugdringen-verzuim
https://open.overheid.nl/documenten/ronl-archief-07582729-44c3-40f7-8e08-65641324eee7/pdf,pdf,https://www.rijksoverheid.nl/documenten/2014/05/12/notitie-ministeriele-verantwoordelijkheid-bij-zelfstandige-bestuursorganen
https://open.overheid.nl/documenten/ronl-274460f28f3ac852c957212a344728279206ecdf/pdf,pdf,https://www.rijksoverheid.nl/documenten/2022/12/09/nationale-grondstoffenstrategie
https://open.overheid.nl/documenten/ronl-c97cca89a0c360bc012f5d6da3d54dd1844a6d33/pdf,pdf,https://www.rijksoverheid.nl/documenten/2022/12/09/bijlage-nationale-grondstoffenstrategie
https://open.overheid.nl/documenten/ronl-7204a71a-a3ca-449b-bbde-5aa502c1d19e/pdf,pdf,https://www.rijksoverheid.nl/documenten/2020/09/24/nationaal-milieubeleidskader
https://open.overheid.nl/documenten/ronl-71e3b88faa6f65de1f3e1f584f5a213027f1232e/pdf,pdf,https://www.rijksoverheid.nl/themas/klimaat-milieu-en-natuur/bestrijdingsmiddelen/gezondheid-omwonenden-gewasbeschermingsmiddelen
https://open.overheid.nl/documenten/ronl-d70d3a0c-e27c-4a2b-9639-c15d25ee9a44/pdf,pdf,https://www.rijksoverheid.nl/documenten/2021/02/22/nationaal-milieubeleidskader-definitieve-versie
https://open.overheid.nl/documenten/ronl-fb027b4854400f850f565df23b9612901d6f8b37/pdf,pdf,https://www.rijksoverheid.nl/documenten/2023/03/09/aanbiedingsbrief-plan-van-aanpak-statushouders-aan-het-werk
https://open.overheid.nl/documenten/ronl-e538655b0c909dafe1a1e9566c072a9b19f43d83/pdf,pdf,https://www.rijksoverheid.nl/documenten/2017/10/16/antwoorden-kamervragen-over-het-bericht-dat-het-project-met-de-slimme-camera-s-in-de-haven-van-rotterdam-stil-ligt
https://open.overheid.nl/documenten/dpc-49a3264b08803c08395111b58f648087cb6e21c2/pdf,pdf,https://www.rijksoverheid.nl/documenten/2024/05/28/tk-stand-van-zaken-ten-aanzien-van-de-opvang-van-alleenstaande-minderjarige-vreemdelingen
https://open.overheid.nl/documenten/ronl-3e60f5f87603a7aa7d2d2536040faa6ea695c1e6/pdf,pdf,https://www.rijksoverheid.nl/documenten/2023/03/09/beslisnotas-bij-plan-van-aanpak-statushouders-aan-het-werk
https://open.overheid.nl/documenten/ronl-1dd9fcb2805df638d0567689adb86461eb2935e1/pdf,pdf,https://www.rijksoverheid.nl/documenten/2023/03/09/overzicht-moties-en-toezeggingen-statushouders-aan-het-werk
https://open.overheid.nl/documenten/ronl-078cd037707d5a6045449d118efb550d9ab00e9e/pdf,pdf,https://www.rijksoverheid.nl/documenten/2023/04/03/kamerbrief-voortgang-uitwerking-arbeidsmarktpakket
https://open.overheid.nl/documenten/dpc-704add7423578ef69358b97c7e40b0f5e8855b39/pdf,pdf,https://www.rijksoverheid.nl/documenten/2024/05/28/tk-beslisnota-bij-kamerbrief-inzake-de-stand-van-zaken-ten-aanzien-van-de-opvang-van-amv
https://open.overheid.nl/documenten/ronl-3fba810c581c243a285156a6047333ddfcdec144/pdf,pdf,https://www.rijksoverheid.nl/documenten/2017/03/16/besluit-verwijzingen-ggz
https://open.overheid.nl/documenten/dpc-030822cef1a4eee86bb591c36d34bda2de53d4ef/pdf,pdf,https://www.rijksoverheid.nl/documenten/2024/06/17/tk-stand-van-zaken-experiment-gesloten-coffeeshopketen-en-coffeeshopbeleid
https://open.overheid.nl/documenten/dpc-2ff9e4b45f086ad2a86cdfeca6df4998e8262e44/pdf,pdf,https://www.rijksoverheid.nl/documenten/2024/06/17/tk-beslisnota-bij-kamerbrief-experiment-gesloten-coffeeshopketen-en-coffeeshopbeleid
https://open.overheid.nl/documenten/ronl-2729cf3d-c4e6-4113-8eca-18f0d877bbb6/pdf,pdf,https://www.rijksoverheid.nl/documenten/2021/06/04/kerncijfers-over-de-politie
https://open.overheid.nl/documenten/dpc-cd338cbcc464ea2e237d5f544d5c214f8da75d5f/pdf,pdf,https://www.rijksoverheid.nl/themas/recht-veiligheid-en-defensie/politie/plannen-kabinet-bezit-vuurwapens-burgers
https://open.overheid.nl/documenten/dpc-27d250afd7e184528dbef72344ff99f57c1acb06/pdf,pdf,https://www.rijksoverheid.nl/documenten/2023/12/07/tk-bijlage-4-wat-hebben-we-gedaan
https://open.overheid.nl/documenten/ronl-eb2698a07917e8f24e7941bd74eaac7fa40761e0/pdf,pdf,https://www.rijksoverheid.nl/documenten/2012/11/05/overzicht-stichtingen-bzk
https://open.overheid.nl/documenten/ronl-df5c151e-bb2f-4548-b7af-5d187bd0d2cb/pdf,pdf,https://www.rijksoverheid.nl/documenten/2018/06/29/ketenplan-van-aanpak
https://open.overheid.nl/documenten/ronl-96a102cc-cc7f-44d2-ae48-5a15ad15d338/pdf,pdf,https://www.rijksoverheid.nl/documenten/2015/09/30/tk-modernisering-wetboek-van-strafvordering-advies-raad-van-state
https://open.overheid.nl/documenten/ronl-9b3741d8fe69b69527a0f68a1697ece09d84e4c4/pdf,pdf,https://www.rijksoverheid.nl/documenten/2008/12/23/mediawet-2008
https://open.overheid.nl/documenten/ronl-9a141543-e6f1-4fe0-8b4a-805bb4165faf/pdf,pdf,https://www.rijksoverheid.nl/documenten/2020/06/30/kamerbrief-over-slavernijverleden
https://open.overheid.nl/documenten/ronl-39191566-ad0a-4f95-aede-69af43c0dfc8/pdf,pdf,https://www.rijksoverheid.nl/documenten/2020/07/01/kamerbrief-over-instelling-adviescollege-dialooggroep-slavernijverleden
https://open.overheid.nl/documenten/ronl-5706c5f3-38ca-4249-898e-629e1606594c/pdf,pdf,https://www.rijksoverheid.nl/documenten/2020/08/17/kamerbrief-nadere-uitleg-motie-slavernijverleden
https://open.overheid.nl/documenten/ronl-1c39d384-dd81-47a4-bd7f-f72b5f44982a/pdf,pdf,https://www.rijksoverheid.nl/documenten/2021/01/14/kamerbrief-over-nieuwe-voorzitter-adviescollege-dialooggroep-slavernijverleden
https://open.overheid.nl/documenten/ronl-801c655a-bceb-47ea-b6f0-e2576cd98ad2/pdf,pdf,https://www.rijksoverheid.nl/documenten/2014/01/03/routebeschrijving-naar-het-ministerie-van-veiligheid-en-justitie
https://open.overheid.nl/documenten/ronl-dfc454aa-609b-4da3-b11a-dc3f841f9c19/pdf,pdf,https://www.rijksoverheid.nl/documenten/2018/11/05/voorschriften-pasfoto-legitimatiebewijs-gerechtsdeurwaarders
https://open.overheid.nl/documenten/ronl-bab4558bc8b4c9da09d4a1dcf061e00f74d4081c/pdf,pdf,https://www.rijksoverheid.nl/documenten/2011/07/04/civiele-procedure
https://open.overheid.nl/documenten/ronl-83f557161cdcc1369724509239ef6d3430020ff5/pdf,pdf,https://www.rijksoverheid.nl/documenten/2011/01/03/u-bent-getuige-in-een-strafproces
https://open.overheid.nl/documenten/ronl-6b5d31a7-2b76-4e16-bff5-ae18877fd080/pdf,pdf,https://www.rijksoverheid.nl/documenten/2018/02/22/scheiden-en-de-kinderen-dan
https://open.overheid.nl/documenten/ronl-fb65ad6f-e780-4ae5-ace4-707075c6362f/pdf,pdf,https://www.rijksoverheid.nl/documenten/2018/05/09/uitvoeringsprogramma-scheiden-zonder-schade
https://open.overheid.nl/documenten/ronl-archief-a93bcb67-a423-4de7-954e-4c163ab6b957/pdf,pdf,https://www.rijksoverheid.nl/documenten/2014/10/13/kamerbrief-over-toekomst-van-het-publieke-mediabestel
https://open.overheid.nl/documenten/ronl-5b06591c-a463-45b4-87f9-7dccb906dec7/pdf,pdf,https://www.rijksoverheid.nl/documenten/2019/07/12/qas-herijking-ouderschap
https://open.overheid.nl/documenten/ronl-c9499425-6cbd-4db2-9656-a05cc924689a/pdf,pdf,https://www.rijksoverheid.nl/documenten/2019/07/12/rapportage-mogelijke-consequenties-meerouderschap-meeroudergezag-en-draagmoederschap-voor-fiscaliteit-en-toeslagen
https://open.overheid.nl/documenten/ronl-c3727341-0278-4271-8bca-b439449f7e58/pdf,pdf,https://www.rijksoverheid.nl/documenten/2019/07/12/kabinetsreactie-op-de-aanbevelingen-op-het-terrein-van-draagmoederschap-meerouderschap-en-meerpersoonsgezag-van-de-staatscommissie-herijking-ouderschap
https://open.overheid.nl/documenten/ronl-9a812cd4ee2364fed5e14a14cfa7e08067b2d0d7/pdf,pdf,https://www.rijksoverheid.nl/documenten/2022/08/22/evaluatierapport-regenboogsteden
https://open.overheid.nl/documenten/dpc-9a9f6b051ff743f1b469040b00d8946351c6f009/pdf,pdf,https://www.rijksoverheid.nl/documenten/2024/03/01/tk-bijlage-veiligheidsmonitor-2023
https://open.overheid.nl/documenten/ronl-350bffb6-c281-427b-84fb-b04a3e982202/pdf,pdf,https://www.rijksoverheid.nl/documenten/2015/07/28/wwz-ontslag-wn
https://open.overheid.nl/documenten/ronl-a5d9d4ce-670f-437a-918d-a678da909fa3/pdf,pdf,https://www.rijksoverheid.nl/documenten/2015/06/04/wwz-ontslag-ziekteverzuim-wn
https://open.overheid.nl/documenten/ronl-2a01426f9adbf17da049f3230635f0d995376f07/pdf,pdf,https://www.rijksoverheid.nl/documenten/2016/01/22/een-kind-in-de-spotlights
https://open.overheid.nl/documenten/dpc-1a996b3510614713857146532dd865833f6e2bb5/pdf,pdf,https://www.rijksoverheid.nl/documenten/2024/03/01/tk-veiligheidsmonitor-2023
https://open.overheid.nl/documenten/dpc-c3107aa46622d7186550dbd77d49177f9888479f/pdf,pdf,https://www.rijksoverheid.nl/documenten/2024/12/09/tk-afbouwplan-interlandelijke-adoptie
https://open.overheid.nl/documenten/ronl-540c448aa0573b5d782d19b833e4da663f790300/pdf,pdf,https://www.rijksoverheid.nl/documenten/2023/04/21/beslisnotas-bij-kamerbrief-voortgang-uitwerking-arbeidsmarktpakket
https://open.overheid.nl/documenten/dpc-c7546042c4d3ce976c732a4c2cbb836247d4d1b7/pdf,pdf,https://www.rijksoverheid.nl/documenten/2024/03/01/tk-beslisnota-bij-inzake-veiligheidsmonitor-2023
https://open.overheid.nl/documenten/dpc-518aeec762f87301cb6d025dae777eef806a74a8/pdf,pdf,https://www.rijksoverheid.nl/documenten/2024/12/09/tk-beslisnota-bij-voorstel-voor-afbouw-interlandelijke-adoptie
https://open.overheid.nl/documenten/ronl-4370ab0a9ba072e8b8f55b37d5662b4bd933286e/pdf,pdf,https://www.rijksoverheid.nl/documenten/2015/06/12/wijzigingen-in-de-ww-fs-stakeholders
https://open.overheid.nl/documenten/ronl-f750cef3-d89d-4f02-ba75-d1022d38db1e/pdf,pdf,https://www.rijksoverheid.nl/documenten/2015/06/04/wwz-ontslag-payrollmedewerker-wg
https://open.overheid.nl/documenten/ronl-cd1e2f3f-5010-40fa-8f57-a63d1a1e574f/pdf,pdf,https://www.rijksoverheid.nl/documenten/2015/06/04/wwz-ontslag-tijdelijk-contract-wg
https://open.overheid.nl/documenten/ronl-78fc6af8-f7f4-47de-a60a-afb9939e087c/pdf,pdf,https://www.rijksoverheid.nl/documenten/2015/06/04/wwz-ontslag-omstandigheden-wg
https://open.overheid.nl/documenten/ronl-01a2e60b-b372-4c8c-b066-797656e8d161/pdf,pdf,https://www.rijksoverheid.nl/documenten/2019/10/04/wab-cumulatiegrond---werkgevers
https://open.overheid.nl/documenten/ronl-76b83399-eefa-451b-8916-b44674b7de55/pdf,pdf,https://www.rijksoverheid.nl/documenten/2015/06/04/wwz-ontslag-arbeidsverhouding-wg
https://open.overheid.nl/documenten/ronl-ac65e111-664c-4f69-b98a-40d0e72f6e76/pdf,pdf,https://www.rijksoverheid.nl/documenten/2015/06/04/wwz-ontslag-re-integratie-wg
https://open.overheid.nl/documenten/ronl-933f51f8-c3e9-40f1-8fa9-f5bcf11a7c1b/pdf,pdf,https://www.rijksoverheid.nl/documenten/2015/06/04/wwz-ontslag-verwijtbaar-wg
https://open.overheid.nl/documenten/ronl-a6d0d1160f369fd09e1a48b853b1c8b97f6f926e/pdf,pdf,https://www.rijksoverheid.nl/documenten/2023/04/21/beslisnotas-bij-kamerbrief-voortgang-uitwerking-arbeidsmarktpakket
https://open.overheid.nl/documenten/ronl-25b3fc9c-9f83-403f-84e6-0a160033314d/pdf,pdf,https://www.rijksoverheid.nl/documenten/2015/06/04/wwz-ontslag-functioneren-wg
https://open.overheid.nl/documenten/ronl-2332c5ba-23de-415d-a1d1-593d7441d4eb/pdf,pdf,https://www.rijksoverheid.nl/documenten/2015/06/04/wwz-ontslag-ziekteverzuim-wg
https://open.overheid.nl/documenten/ronl-a8ab92d7-4943-4584-b994-092499bbe044/pdf,pdf,https://www.rijksoverheid.nl/documenten/2015/06/04/wwz-ontslag-arbeidsongeschikt-wg
https://open.overheid.nl/documenten/ronl-e3b4aef8-1fbc-4974-8515-d472384c9373/pdf,pdf,https://www.rijksoverheid.nl/documenten/2015/06/04/wwz-bedrijfseconomisch-ontslag-wg
https://open.overheid.nl/documenten/ronl-6caacb64-71b5-4415-bdec-8c01ccc4ba6d/pdf,pdf,https://www.rijksoverheid.nl/documenten/2015/06/04/wwz-op-staande-voet-ontslag-wg
https://open.overheid.nl/documenten/ronl-41da0eea-feec-4d73-be8a-325e65825fc2/pdf,pdf,https://www.rijksoverheid.nl/documenten/2015/07/28/wwz-ontslag-op-staande-voet-wg
https://open.overheid.nl/documenten/ronl-655bfb78-e7fe-4657-a540-ed2de1a53c3c/pdf,pdf,https://www.rijksoverheid.nl/documenten/2015/07/28/wwz-ontslag-wg
https://open.overheid.nl/documenten/ronl-3b3a6784-e7f3-4c3c-8aae-16fc837d6b41/pdf,pdf,https://www.rijksoverheid.nl/documenten/2021/04/12/kamerbrief-voortgangsrapportage-oorlogsgetroffenen-en-herinnering-woii
https://open.overheid.nl/documenten/ronl-bb833f7f-52c1-452a-9c9c-f51bb8d1516e/pdf,pdf,https://www.rijksoverheid.nl/documenten/2021/07/13/besluit-wob-verzoek-collectieve-erkenning
https://open.overheid.nl/documenten/ronl-2a460845-314a-4e28-9c31-9464408dcb23/pdf,pdf,https://www.rijksoverheid.nl/documenten/2021/07/13/besluit-wob-verzoek-collectieve-erkenning
https://open.overheid.nl/documenten/ronl-c86938ec12cc706a3ad7ffc38ea118e6079ed39b/pdf,pdf,https://www.rijksoverheid.nl/documenten/2023/04/21/beslisnotas-bij-kamerbrief-voortgang-uitwerking-arbeidsmarktpakket
https://open.overheid.nl/documenten/ronl-33cdebdf-3a87-46a4-8221-c9a16db25bf5/pdf,pdf,https://www.rijksoverheid.nl/documenten/2021/10/25/kamerbrief-over-projectplan-collectieve-erkenning-indische-gemeenschap-in-nederland-een-extra-impuls-2021-2024
https://open.overheid.nl/documenten/ronl-3dea32aa-65ff-48b8-bb2b-e7b829371770/pdf,pdf,https://www.rijksoverheid.nl/documenten/2021/07/13/besluit-wob-verzoek-collectieve-erkenning
https://open.overheid.nl/documenten/ronl-2239284f-194c-429f-89fa-3cd36913baef/pdf,pdf,https://www.rijksoverheid.nl/documenten/2021/07/13/besluit-wob-verzoek-collectieve-erkenning
https://open.overheid.nl/documenten/ronl-842919a9a34072f16267243ff0548a607e0540dd/pdf,pdf,https://www.rijksoverheid.nl/documenten/2023/02/08/deel-en-verbind-nederland-nederlands-indie-indonesie
https://open.overheid.nl/documenten/ronl-c5f89f1d-46bc-4274-8044-52ecca785f1c/pdf,pdf,https://www.rijksoverheid.nl/documenten/2021/07/13/besluit-wob-verzoek-collectieve-erkenning
https://open.overheid.nl/documenten/ronl-0dfdc636-6ae8-4e11-ab24-df42a6bd3bed/pdf,pdf,https://www.rijksoverheid.nl/documenten/2021/07/13/besluit-wob-verzoek-collectieve-erkenning
https://open.overheid.nl/documenten/ronl-a9b305b7-2502-4120-87bd-358dff62e23c/pdf,pdf,https://www.rijksoverheid.nl/documenten/2021/07/13/besluit-wob-verzoek-collectieve-erkenning
https://open.overheid.nl/documenten/ronl-cb6946dd2466a5fd6b56d24fd58a5dd00214b10e/pdf,pdf,https://www.rijksoverheid.nl/documenten/1999/12/16/eindrapport-van-de-commissie-scholten
https://open.overheid.nl/documenten/ronl-0213e987fb1009bcf5ab46af04700702cf3f7627/pdf,pdf,https://www.rijksoverheid.nl/documenten/2023/02/08/kamerbrief-over-adviesrapport-deel-en-verbind-van-de-commissie-versterking-kennis-geschiedenis-voormalig-nederlands-indie
https://open.overheid.nl/documenten/ronl-302bf94b-595b-4913-a937-d23655bebcd7/pdf,pdf,https://www.rijksoverheid.nl/documenten/2021/07/13/besluit-wob-verzoek-collectieve-erkenning
https://open.overheid.nl/documenten/ronl-b474bd8209ce54078d6817db783a992fd32fdabe/pdf,pdf,https://www.rijksoverheid.nl/documenten/2023/04/21/beslisnotas-bij-kamerbrief-voortgang-uitwerking-arbeidsmarktpakket
https://open.overheid.nl/documenten/ronl-5e83f5561470d1096ae58c42fab61b1579067b76/pdf,pdf,https://www.rijksoverheid.nl/documenten/2023/01/31/beslisnota-bij-kamerbrief-over-adviesrapport-deel-en-verbind-van-de-commissie-versterking-kennis-geschiedenis-voormalig-nederlands-indie
https://open.overheid.nl/documenten/ronl-e793b737-8f22-470d-b2d9-9cdbb57af4f3/pdf,pdf,https://www.rijksoverheid.nl/documenten/2021/07/13/besluit-wob-verzoek-collectieve-erkenning
https://open.overheid.nl/documenten/ronl-753dec39-f25a-438e-9ca0-a1fc09adbda8/pdf,pdf,https://www.rijksoverheid.nl/documenten/2021/07/13/besluit-wob-verzoek-collectieve-erkenning
https://open.overheid.nl/documenten/ronl-6a4e2092-df02-4b72-a349-fe5b61e294b3/pdf,pdf,https://www.rijksoverheid.nl/documenten/2021/07/13/besluit-wob-verzoek-collectieve-erkenning
https://open.overheid.nl/documenten/ronl-36373206-dbf4-43e8-ba35-b9e4051eb610/pdf,pdf,https://www.rijksoverheid.nl/documenten/2021/07/13/besluit-wob-verzoek-collectieve-erkenning
https://open.overheid.nl/documenten/ronl-101ca461-8813-4212-9860-44d24edba342/pdf,pdf,https://www.rijksoverheid.nl/documenten/2021/06/25/inventarisatie-educatie-geschiedenis-voormalig-nederlands-indie
https://open.overheid.nl/documenten/ronl-3c255ca0-1b49-40e6-9563-044f1fe0bda9/pdf,pdf,https://www.rijksoverheid.nl/documenten/2020/11/09/landrapport-nederland
https://open.overheid.nl/documenten/ronl-85d6a212-a5e1-41c4-9ab8-412441a05bda/pdf,pdf,https://www.rijksoverheid.nl/documenten/2020/11/30/bijlagen-raadpleging-voor-de-inzet-van-extra-middelen-voor-de-indisch-molukse-gemeenschap
https://open.overheid.nl/documenten/ronl-e900e9ed-c4be-41ca-991d-042dfe8cb21a/pdf,pdf,https://www.rijksoverheid.nl/documenten/2020/11/30/raadpleging-voor-de-inzet-van-extra-middelen-voor-de-indisch-molukse-gemeenschap
https://open.overheid.nl/documenten/ronl-4c3dc0ca8850205db23fcc0bd37f967398c6916d/pdf,pdf,https://www.rijksoverheid.nl/documenten/2022/08/24/aanbiedingsbrief-evaluatierapport-financial-action-task-force-over-nederland
https://open.overheid.nl/documenten/ronl-1588b31e18338fabc0d0c243fa3d954645a175de/pdf,pdf,https://www.rijksoverheid.nl/documenten/2012/01/10/de-inhoud-van-de-open-data-voor-ontwikkelingssamenwerking-van-het-ministerie-van-buitenlandse-zaken
https://www.rijksoverheid.nl/site/binaries/site-content/collections/documents/2026/05/20/provinciefonds-2025/provinciefonds-jaarverslag-2025.pdf,pdf,https://www.rijksoverheid.nl/documenten/2026/05/20/provinciefonds-2025
https://www.rijksoverheid.nl/site/binaries/site-content/collections/documents/2026/05/20/slotwet-provinciefonds-2025/provinciefonds-slotwet-2025.pdf,pdf,https://www.rijksoverheid.nl/documenten/2026/05/20/slotwet-provinciefonds-2025
https://www.rijksoverheid.nl/site/binaries/site-content/collections/documents/2026/05/20/memorie-van-toelichting-slotwet-provinciefonds-2025/provinciefonds-toelichting-slotwet-2025.pdf,pdf,https://www.rijksoverheid.nl/documenten/2026/05/20/memorie-van-toelichting-slotwet-provinciefonds-2025
https://www.rijksoverheid.nl/site/binaries/site-content/collections/documents/2022/02/25/campagne-effectonderzoek-tel-mee-met-taal/rapportage+Tel+mee+met+Taal.pdf,pdf,https://www.rijksoverheid.nl/documenten/2022/02/25/campagne-effectonderzoek-tel-mee-met-taal
https://www.rijksoverheid.nl/site/binaries/site-content/collections/documents/2026/05/20/slotwet-buitenlandse-handel-en-ontwikkelingshulp-2025/slotwet-buitenlandse-handel-en-ontwikkelingshulp-2025.pdf,pdf,https://www.rijksoverheid.nl/documenten/2026/05/20/slotwet-buitenlandse-handel-en-ontwikkelingshulp-2025
https://www.rijksoverheid.nl/site/binaries/site-content/collections/documents/2025/05/21/slotwet-buitenlandse-handel-en-ontwikkelingssamenwerking-2024/slotwet-buitenlandse-handel-en-ontwikkelingssamenwerking-2024.pdf,pdf,https://www.rijksoverheid.nl/documenten/2025/05/21/slotwet-buitenlandse-handel-en-ontwikkelingssamenwerking-2024
https://www.rijksoverheid.nl/site/binaries/site-content/collections/documents/2025/05/21/slotwet-buitenlandse-zaken-2024/slotwet-buitenlandse-zaken-2024.pdf,pdf,https://www.rijksoverheid.nl/documenten/2025/05/21/slotwet-buitenlandse-zaken-2024
https://www.rijksoverheid.nl/site/binaries/site-content/collections/documents/2026/05/20/slotwet-ministerie-van-volksgezondheid-welzijn-en-sport-2025/slotwet-ministerie-van-volksgezondheid-welzijn-en-sport-2025.pdf,pdf,https://www.rijksoverheid.nl/documenten/2026/05/20/slotwet-ministerie-van-volksgezondheid-welzijn-en-sport-2025
https://www.rijksoverheid.nl/site/binaries/site-content/collections/documents/2017/03/16/brochure-verwijzingen-ggz/verwijsafspraken-ggz.pdf,pdf,https://www.rijksoverheid.nl/documenten/2017/03/16/brochure-verwijzingen-ggz
https://www.rijksoverheid.nl/site/binaries/site-content/collections/documents/2026/05/20/volkshuisvesting-en-ruimtelijke-ordening-2025/volkshuisvesting-en-ruimtelijke-ordening-jaarverslag-2025.pdf,pdf,https://www.rijksoverheid.nl/documenten/2026/05/20/volkshuisvesting-en-ruimtelijke-ordening-2025
https://www.rijksoverheid.nl/site/binaries/site-content/collections/documents/2026/05/20/slotwet-ministerie-van-volkshuisvesting-en-ruimtelijke-ordening-2025/volkshuisvesting-en-ruimtelijke-ordening-slotwet-2025.pdf,pdf,https://www.rijksoverheid.nl/documenten/2026/05/20/slotwet-ministerie-van-volkshuisvesting-en-ruimtelijke-ordening-2025
https://www.rijksoverheid.nl/site/binaries/site-content/collections/documents/2026/05/20/memorie-van-toelichting-slotwet-ministerie-van-volkshuisvesting-en-ruimtelijke-ordening-2025/volkshuisvesting-en-ruimtelijke-ordening-toelichting-slotwet-2025.pdf,pdf,https://www.rijksoverheid.nl/documenten/2026/05/20/memorie-van-toelichting-slotwet-ministerie-van-volkshuisvesting-en-ruimtelijke-ordening-2025
