url,filename,site,external_domain,file_size_bytes,file_size_human,status,crawled_at,published_date,doc_title,author,subject,keywords,description,accessible,totally_inaccessible,broken,tagged,empty_text,protected,title,language,bookmarks,tagged_content,forms,tagged_form_fields,tagged_annotations,figures_alt_text,headings,lists,tables,exempt,pages,words,images,errors
https://www.cc-coeurdegaronne.fr/wp-content/uploads/2020/11/08_impots_gouv_fr_prendre_rdv.pdf,08_impots_gouv_fr_prendre_rdv.pdf,cc-coeurdegaronne.fr,,735952,718.7 KB,analysed,2026-07-09T10:41:35.549295+00:00,2020-01-13 14:07:03+01:00,Pas à pas - Je prends rendez-vous avec mon service (PART),Marie Albet,,,,False,False,False,Pass,Pass,Pass,Pass,Fail,Pass,Pass,NotApplicable,NotApplicable,Fail,Fail,Warn,NotApplicable,NotApplicable,False,2,562,40,"lang, figures missing alt text (count=38), headings-none, annotations-tagging-fail, "
https://www.cc-coeurdegaronne.fr/wp-content/uploads/2024/03/1-BP-2024-BUDGET-PRINCIPAL.pdf,1-BP-2024-BUDGET-PRINCIPAL.pdf,cc-coeurdegaronne.fr,,1102727,1.1 MB,analysed,2026-07-09T10:41:35.554694+00:00,2024-03-13 09:23:38+01:00,,,,,,False,False,False,Fail,Pass,Pass,Fail,Fail,Fail,Fail,NotApplicable,NotApplicable,NotApplicable,NotApplicable,NotApplicable,NotApplicable,NotApplicable,False,185,53568,0,"title, tagged, lang, no bookmarks and more than 20 pages, "
https://www.cc-coeurdegaronne.fr/wp-content/uploads/2024/03/1-CA-2023-Budget-pricipal.pdf,1-CA-2023-Budget-pricipal.pdf,cc-coeurdegaronne.fr,,1853691,1.8 MB,analysed,2026-07-09T10:41:35.560976+00:00,2024-03-08 11:41:10+01:00,,,,,,False,False,False,Fail,Pass,Pass,Fail,Fail,Fail,Fail,NotApplicable,NotApplicable,NotApplicable,NotApplicable,NotApplicable,NotApplicable,NotApplicable,False,208,77126,0,"title, tagged, lang, no bookmarks and more than 20 pages, "
https://www.cc-coeurdegaronne.fr/wp-content/uploads/2023/03/1-DOB-2023.pdf,1-DOB-2023.pdf,cc-coeurdegaronne.fr,,1401552,1.3 MB,analysed,2026-07-09T10:41:35.566117+00:00,2023-02-22 14:46:51+00:00,,Christine,,,,False,False,False,Pass,Pass,Pass,Pass,Pass,Fail,Pass,NotApplicable,NotApplicable,Pass,Fail,Fail,Pass,Warn,False,49,12601,17,"no bookmarks and more than 20 pages, figures missing alt text (count=7), headings-skip, tables-warn, "
https://www.cc-coeurdegaronne.fr/wp-content/uploads/2024/02/1-NOTE-DE-PRESENTATION-NON-TECHNIQUE_MENTION-DES-TEXTE.pdf,1-NOTE-DE-PRESENTATION-NON-TECHNIQUE_MENTION-DES-TEXTE.pdf,cc-coeurdegaronne.fr,,5239870,5.0 MB,analysed,2026-07-09T10:41:35.580101+00:00,2024-01-08 09:27:53+00:00,,MENIER Betty (SCE),,,,False,False,False,Pass,Pass,Pass,Fail,Pass,Pass,Fail,NotApplicable,NotApplicable,Pass,Fail,Warn,Pass,Warn,False,16,3260,15,"title, tagged-content-fail, figures missing alt text (count=5), headings-warn, tables-warn, "
https://www.cc-coeurdegaronne.fr/wp-content/uploads/2025/04/1-NOTICE-DE-PRESENTATION-DE-LENQUETE-PUBLIQUE-UNIQUE.pdf,1-NOTICE-DE-PRESENTATION-DE-LENQUETE-PUBLIQUE-UNIQUE.pdf,cc-coeurdegaronne.fr,,676213,660.4 KB,analysed,2026-07-09T10:41:35.583781+00:00,2025-03-04 13:08:40+00:00,,atelier urbain SEGUI  COLOMB,Elaboration du Plan Local d’Urbanisme,,Elaboration du Plan Local d’Urbanisme,False,False,False,Pass,Pass,Pass,Fail,Pass,Fail,Pass,NotApplicable,NotApplicable,Pass,Fail,Pass,Pass,Warn,False,31,13224,5,"title, no bookmarks and more than 20 pages, figures missing alt text (count=4), tables-warn, "
https://www.cc-coeurdegaronne.fr/wp-content/uploads/2024/02/1-Note-DOB-2024.pdf,1-Note-DOB-2024.pdf,cc-coeurdegaronne.fr,,1817766,1.7 MB,analysed,2026-07-09T10:41:35.589892+00:00,2024-02-12 12:11:50+00:00,,Christine,,,,False,False,False,Pass,Pass,Pass,Pass,Pass,Fail,Pass,NotApplicable,NotApplicable,Pass,Fail,Fail,Warn,Fail,False,56,13612,23,"no bookmarks and more than 20 pages, figures missing alt text (count=7), headings-skip, lists-warn, tables-fail, "
https://www.cc-coeurdegaronne.fr/wp-content/uploads/2026/03/1-Note-synthetique-Compte-Administratif-2025.pdf,1-Note-synthetique-Compte-Administratif-2025.pdf,cc-coeurdegaronne.fr,,496652,485.0 KB,analysed,2026-07-09T10:41:35.593023+00:00,2026-02-18 15:19:06+00:00,,Laurent HANNEZO,,,,False,False,False,Pass,Pass,Pass,Fail,Pass,Pass,Pass,NotApplicable,NotApplicable,NotApplicable,Fail,Warn,Pass,Warn,False,10,3455,0,"title, figures missing alt text (count=2), headings-none, tables-warn, "
https://www.cc-coeurdegaronne.fr/wp-content/uploads/2026/01/1-Rapport-Egalite-Femmes-Hommes-2025-et-plan-daction.pdf,1-Rapport-Egalite-Femmes-Hommes-2025-et-plan-daction.pdf,cc-coeurdegaronne.fr,,4127270,3.9 MB,analysed,2026-07-09T10:41:35.604349+00:00,2026-01-29 08:42:54+00:00,,,,,,False,False,False,Pass,Pass,Pass,Fail,Pass,Fail,Pass,NotApplicable,NotApplicable,Fail,Fail,Fail,Pass,Fail,False,60,15139,121,"title, no bookmarks and more than 20 pages, figures missing alt text (count=92), headings-skip, tables-fail, annotations-tagging-fail, "
https://www.cc-coeurdegaronne.fr/wp-content/uploads/2025/04/1-Zonage_20181130.pdf,1-Zonage_20181130.pdf,cc-coeurdegaronne.fr,,1434582,1.4 MB,analysed,2026-07-09T10:41:35.609750+00:00,2018-11-22 17:22:09+01:00,Mise en page,julie.bares,,,,False,False,False,Fail,Pass,Pass,Fail,Fail,Pass,Fail,NotApplicable,NotApplicable,NotApplicable,NotApplicable,NotApplicable,NotApplicable,NotApplicable,False,1,209,144,"title, tagged, lang, "
https://www.cc-coeurdegaronne.fr/wp-content/uploads/2025/10/1-voirie.pdf,1-voirie.pdf,cc-coeurdegaronne.fr,,1085688,1.0 MB,analysed,2026-07-09T10:41:35.614264+00:00,2025-10-14 10:07:53+00:00,Bilan de mi-mandat Cadre de vie,Virginie Didy,,,,False,False,False,Pass,Pass,Pass,Pass,Pass,Pass,Pass,NotApplicable,NotApplicable,NotApplicable,Fail,Pass,Pass,NotApplicable,False,7,549,25,"figures missing alt text (count=199), "
https://www.cc-coeurdegaronne.fr/wp-content/uploads/2024/02/1.-RAPPORT-DE-PRESENTATION_PLU-ARRETE.pdf,1.-RAPPORT-DE-PRESENTATION_PLU-ARRETE.pdf,cc-coeurdegaronne.fr,,18678278,17.8 MB,analysed,2026-07-09T10:41:35.658688+00:00,2023-03-24 09:20:50+00:00,,atelier urbain SEGUI  COLOMB,Elaboration du Plan Local d’Urbanisme,,Elaboration du Plan Local d’Urbanisme,False,False,False,Pass,Pass,Pass,Fail,Pass,Fail,Pass,NotApplicable,NotApplicable,Pass,Fail,Fail,Pass,Warn,False,204,52329,364,"title, no bookmarks and more than 20 pages, figures missing alt text (count=180), headings-skip, tables-warn, "
https://www.cc-coeurdegaronne.fr/wp-content/uploads/2023/07/1.Les-zones-dactivit%C3%A9-du-territoire-Coeur-de-Garonne.pdf,1.Les-zones-dactivit%C3%A9-du-territoire-Coeur-de-Garonne.pdf,cc-coeurdegaronne.fr,,226136,220.8 KB,analysed,2026-07-09T10:41:35.663396+00:00,2023-07-06 12:17:47+00:00,,,,,,False,False,False,Pass,Pass,Pass,Fail,Pass,Pass,Pass,NotApplicable,NotApplicable,NotApplicable,Fail,Warn,Pass,NotApplicable,False,1,55,1,"title, figures missing alt text (count=6), headings-none, "
https://www.cc-coeurdegaronne.fr/wp-content/uploads/2023/07/1.ZAE-B%C3%A9rat-Bourgail.pdf,1.ZAE-B%C3%A9rat-Bourgail.pdf,cc-coeurdegaronne.fr,,721831,704.9 KB,analysed,2026-07-09T10:41:35.668049+00:00,2023-07-06 12:19:03+00:00,,,,,,False,False,False,Pass,Pass,Pass,Fail,Pass,Pass,Pass,NotApplicable,NotApplicable,NotApplicable,Fail,Warn,Pass,NotApplicable,False,3,70,3,"title, figures missing alt text (count=8), headings-none, "
https://www.cc-coeurdegaronne.fr/wp-content/uploads/2023/07/1.ZAE-Boussens-Estarac-Le-Bousquet-Sansonnet.pdf,1.ZAE-Boussens-Estarac-Le-Bousquet-Sansonnet.pdf,cc-coeurdegaronne.fr,,1399753,1.3 MB,analysed,2026-07-09T10:41:35.674044+00:00,2023-07-06 12:19:30+00:00,,,,,,False,False,False,Pass,Pass,Pass,Fail,Pass,Pass,Pass,NotApplicable,NotApplicable,NotApplicable,Fail,Warn,Pass,NotApplicable,False,5,71,5,"title, figures missing alt text (count=10), headings-none, "
https://www.cc-coeurdegaronne.fr/wp-content/uploads/2023/07/1.ZAE-Caz%C3%A8res-Mailhol.pdf,1.ZAE-Caz%C3%A8res-Mailhol.pdf,cc-coeurdegaronne.fr,,1370116,1.3 MB,analysed,2026-07-09T10:41:35.679776+00:00,2023-07-06 12:20:16+00:00,,,,,,False,False,False,Pass,Pass,Pass,Fail,Pass,Pass,Pass,NotApplicable,NotApplicable,NotApplicable,Fail,Warn,Pass,NotApplicable,False,5,70,5,"title, figures missing alt text (count=10), headings-none, "
https://www.cc-coeurdegaronne.fr/wp-content/uploads/2023/07/1.ZAE-Caz%C3%A8res-Masqu%C3%A8re.pdf,1.ZAE-Caz%C3%A8res-Masqu%C3%A8re.pdf,cc-coeurdegaronne.fr,,882655,862.0 KB,analysed,2026-07-09T10:41:35.684327+00:00,2023-07-06 12:20:47+00:00,,,,,,False,False,False,Pass,Pass,Pass,Fail,Pass,Pass,Pass,NotApplicable,NotApplicable,NotApplicable,Fail,Warn,Pass,NotApplicable,False,3,84,3,"title, figures missing alt text (count=8), headings-none, "
https://www.cc-coeurdegaronne.fr/wp-content/uploads/2023/07/1.ZAE-Le-Fousseret-Bordebasse.pdf,1.ZAE-Le-Fousseret-Bordebasse.pdf,cc-coeurdegaronne.fr,,633209,618.4 KB,analysed,2026-07-09T10:41:35.688195+00:00,2023-07-06 12:22:09+00:00,,,,,,False,False,False,Pass,Pass,Pass,Fail,Pass,Pass,Pass,NotApplicable,NotApplicable,NotApplicable,Fail,Warn,Pass,NotApplicable,False,3,71,3,"title, figures missing alt text (count=8), headings-none, "
https://www.cc-coeurdegaronne.fr/wp-content/uploads/2023/07/1.ZAE-Lherm-A%C3%A9rodrome.pdf,1.ZAE-Lherm-A%C3%A9rodrome.pdf,cc-coeurdegaronne.fr,,668557,652.9 KB,analysed,2026-07-09T10:41:35.692064+00:00,2023-07-06 12:23:38+00:00,,,,,,False,False,False,Pass,Pass,Pass,Fail,Pass,Pass,Pass,NotApplicable,NotApplicable,NotApplicable,Fail,Warn,Pass,NotApplicable,False,3,58,3,"title, figures missing alt text (count=8), headings-none, "
https://www.cc-coeurdegaronne.fr/wp-content/uploads/2023/07/1.ZAE-Lherm-Coucoures.pdf,1.ZAE-Lherm-Coucoures.pdf,cc-coeurdegaronne.fr,,714572,697.8 KB,analysed,2026-07-09T10:41:35.695993+00:00,2023-07-06 12:22:50+00:00,,,,,,False,False,False,Pass,Pass,Pass,Fail,Pass,Pass,Pass,NotApplicable,NotApplicable,NotApplicable,Fail,Warn,Pass,NotApplicable,False,3,70,3,"title, figures missing alt text (count=8), headings-none, "
https://www.cc-coeurdegaronne.fr/wp-content/uploads/2023/07/1.ZAE-Martres-Tolosane-Bordie.pdf,1.ZAE-Martres-Tolosane-Bordie.pdf,cc-coeurdegaronne.fr,,777386,759.2 KB,analysed,2026-07-09T10:41:35.700017+00:00,2023-07-06 12:25:01+00:00,,,,,,False,False,False,Pass,Pass,Pass,Fail,Pass,Pass,Pass,NotApplicable,NotApplicable,NotApplicable,Fail,Warn,Pass,NotApplicable,False,3,70,3,"title, figures missing alt text (count=8), headings-none, "
https://www.cc-coeurdegaronne.fr/wp-content/uploads/2023/07/1.ZAE-Martres-Tolosane-Cantalauze-Berre-Nord-Carnaval.pdf,1.ZAE-Martres-Tolosane-Cantalauze-Berre-Nord-Carnaval.pdf,cc-coeurdegaronne.fr,,1257419,1.2 MB,analysed,2026-07-09T10:41:35.705122+00:00,2023-07-06 12:24:15+00:00,,,,,,False,False,False,Pass,Pass,Pass,Fail,Pass,Pass,Pass,NotApplicable,NotApplicable,NotApplicable,Fail,Warn,Pass,NotApplicable,False,5,84,5,"title, figures missing alt text (count=10), headings-none, "
https://www.cc-coeurdegaronne.fr/wp-content/uploads/2023/07/1.ZAE-Martres-Tolosane-Epinette.pdf,1.ZAE-Martres-Tolosane-Epinette.pdf,cc-coeurdegaronne.fr,,816128,797.0 KB,analysed,2026-07-09T10:41:35.709137+00:00,2023-07-06 12:25:35+00:00,,,,,,False,False,False,Pass,Pass,Pass,Fail,Pass,Pass,Pass,NotApplicable,NotApplicable,NotApplicable,Fail,Warn,Pass,NotApplicable,False,3,70,3,"title, figures missing alt text (count=8), headings-none, "
https://www.cc-coeurdegaronne.fr/wp-content/uploads/2023/07/1.ZAE-Mondavezan-Bordegrosse.pdf,1.ZAE-Mondavezan-Bordegrosse.pdf,cc-coeurdegaronne.fr,,731284,714.1 KB,analysed,2026-07-09T10:41:35.712928+00:00,2023-07-06 12:26:06+00:00,,,,,,False,False,False,Pass,Pass,Pass,Fail,Pass,Pass,Pass,NotApplicable,NotApplicable,NotApplicable,Fail,Warn,Pass,NotApplicable,False,3,83,3,"title, figures missing alt text (count=8), headings-none, "
https://www.cc-coeurdegaronne.fr/wp-content/uploads/2023/07/1.ZAE-Palaminy-Saint-Blancat.pdf,1.ZAE-Palaminy-Saint-Blancat.pdf,cc-coeurdegaronne.fr,,794616,776.0 KB,analysed,2026-07-09T10:41:35.716852+00:00,2023-07-06 12:26:35+00:00,,,,,,False,False,False,Pass,Pass,Pass,Fail,Pass,Pass,Pass,NotApplicable,NotApplicable,NotApplicable,Fail,Warn,Pass,NotApplicable,False,3,82,3,"title, figures missing alt text (count=8), headings-none, "
https://www.cc-coeurdegaronne.fr/wp-content/uploads/2023/07/1.ZAE-Poucharramet-Broucassa.pdf,1.ZAE-Poucharramet-Broucassa.pdf,cc-coeurdegaronne.fr,,734500,717.3 KB,analysed,2026-07-09T10:41:35.720576+00:00,2023-07-06 12:27:09+00:00,,,,,,False,False,False,Pass,Pass,Pass,Fail,Pass,Pass,Pass,NotApplicable,NotApplicable,NotApplicable,Fail,Warn,Pass,NotApplicable,False,3,58,3,"title, figures missing alt text (count=8), headings-none, "
https://www.cc-coeurdegaronne.fr/wp-content/uploads/2023/07/1.ZAE-Rieumes-Houns-de-la-Costo.pdf,1.ZAE-Rieumes-Houns-de-la-Costo.pdf,cc-coeurdegaronne.fr,,828837,809.4 KB,analysed,2026-07-09T10:41:35.724505+00:00,2023-07-06 12:34:59+00:00,,,,,,False,False,False,Pass,Pass,Pass,Fail,Pass,Pass,Pass,NotApplicable,NotApplicable,NotApplicable,Fail,Warn,Pass,NotApplicable,False,3,75,3,"title, figures missing alt text (count=8), headings-none, "
https://www.cc-coeurdegaronne.fr/wp-content/uploads/2023/07/1.ZAE-Saint-Elix-le-Ch%C3%A2teau-Descaillaux.pdf,1.ZAE-Saint-Elix-le-Ch%C3%A2teau-Descaillaux.pdf,cc-coeurdegaronne.fr,,780249,762.0 KB,analysed,2026-07-09T10:41:35.728331+00:00,2023-07-06 12:35:32+00:00,,,,,,False,False,False,Pass,Pass,Pass,Fail,Pass,Pass,Pass,NotApplicable,NotApplicable,NotApplicable,Fail,Warn,Pass,NotApplicable,False,3,70,3,"title, figures missing alt text (count=8), headings-none, "
https://www.cc-coeurdegaronne.fr/wp-content/uploads/2023/07/1.ZAE-Sainte-Foy-de-Peyroli%C3%A8res-Couloum%C3%A9.pdf,1.ZAE-Sainte-Foy-de-Peyroli%C3%A8res-Couloum%C3%A9.pdf,cc-coeurdegaronne.fr,,781385,763.1 KB,analysed,2026-07-09T10:41:35.732128+00:00,2023-07-06 12:37:57+00:00,,,,,,False,False,False,Pass,Pass,Pass,Fail,Pass,Pass,Pass,NotApplicable,NotApplicable,NotApplicable,Fail,Warn,Pass,NotApplicable,False,3,75,3,"title, figures missing alt text (count=8), headings-none, "
https://www.cc-coeurdegaronne.fr/wp-content/uploads/2023/07/1.ZAE-Sainte-Foy-de-Peyroli%C3%A8res-La-Saudrune.pdf,1.ZAE-Sainte-Foy-de-Peyroli%C3%A8res-La-Saudrune.pdf,cc-coeurdegaronne.fr,,797331,778.6 KB,analysed,2026-07-09T10:41:35.735942+00:00,2023-07-06 12:37:24+00:00,,,,,,False,False,False,Pass,Pass,Pass,Fail,Pass,Pass,Pass,NotApplicable,NotApplicable,NotApplicable,Fail,Warn,Pass,NotApplicable,False,3,74,3,"title, figures missing alt text (count=8), headings-none, "
https://www.cc-coeurdegaronne.fr/wp-content/uploads/2024/03/10-BP-2024-ZA-BERAT.pdf,10-BP-2024-ZA-BERAT.pdf,cc-coeurdegaronne.fr,,627545,612.8 KB,analysed,2026-07-09T10:41:35.739374+00:00,2024-03-06 13:43:35+01:00,,,,,,False,False,False,Fail,Pass,Pass,Fail,Fail,Fail,Fail,NotApplicable,NotApplicable,NotApplicable,NotApplicable,NotApplicable,NotApplicable,NotApplicable,False,143,27894,0,"title, tagged, lang, no bookmarks and more than 20 pages, "
https://www.cc-coeurdegaronne.fr/wp-content/uploads/2024/03/10-CA-2023-ZA-BOURGAIL-BERAT.pdf,10-CA-2023-ZA-BOURGAIL-BERAT.pdf,cc-coeurdegaronne.fr,,1093827,1.0 MB,analysed,2026-07-09T10:41:35.743841+00:00,2024-03-08 11:51:26+01:00,,,,,,False,False,False,Fail,Pass,Pass,Fail,Fail,Fail,Fail,NotApplicable,NotApplicable,NotApplicable,NotApplicable,NotApplicable,NotApplicable,NotApplicable,False,130,36665,0,"title, tagged, lang, no bookmarks and more than 20 pages, "
https://www.cc-coeurdegaronne.fr/wp-content/uploads/2025/10/10-TRANSPORT-A-LA-DEMANDE.pdf,10-TRANSPORT-A-LA-DEMANDE.pdf,cc-coeurdegaronne.fr,,541910,529.2 KB,analysed,2026-07-09T10:41:35.747062+00:00,2025-10-14 09:18:42+00:00,Slide 1,Asus,,,,False,False,False,Pass,Pass,Pass,Pass,Pass,Pass,Pass,NotApplicable,NotApplicable,NotApplicable,Fail,Warn,Pass,Fail,False,4,457,3,"figures missing alt text (count=56), headings-none, tables-fail, "
https://www.cc-coeurdegaronne.fr/wp-content/uploads/2024/03/11-BP-2024-PHOTOVOLTAIQUE.pdf,11-BP-2024-PHOTOVOLTAIQUE.pdf,cc-coeurdegaronne.fr,,259301,253.2 KB,analysed,2026-07-09T10:41:35.749658+00:00,2024-03-06 13:53:26+01:00,,,,,,False,False,False,Fail,Pass,Pass,Fail,Fail,Fail,Fail,NotApplicable,NotApplicable,NotApplicable,NotApplicable,NotApplicable,NotApplicable,NotApplicable,False,49,12805,0,"title, tagged, lang, no bookmarks and more than 20 pages, "
https://www.cc-coeurdegaronne.fr/wp-content/uploads/2024/03/11-CA-2023-PHOTOVOLTAIQUE.pdf,11-CA-2023-PHOTOVOLTAIQUE.pdf,cc-coeurdegaronne.fr,,324930,317.3 KB,analysed,2026-07-09T10:41:35.752375+00:00,2024-03-08 11:49:41+01:00,,,,,,False,False,False,Fail,Pass,Pass,Fail,Fail,Fail,Fail,NotApplicable,NotApplicable,NotApplicable,NotApplicable,NotApplicable,NotApplicable,NotApplicable,False,63,14069,0,"title, tagged, lang, no bookmarks and more than 20 pages, "
https://www.cc-coeurdegaronne.fr/wp-content/uploads/2025/10/11-PROJETS-TRANSVERSES.pdf,11-PROJETS-TRANSVERSES.pdf,cc-coeurdegaronne.fr,,2007624,1.9 MB,analysed,2026-07-09T10:41:35.758873+00:00,2025-10-10 10:08:20+00:00,Présentation PowerPoint,Jany Schmitz,,,,False,False,False,Pass,Pass,Pass,Pass,Pass,Pass,Pass,NotApplicable,NotApplicable,NotApplicable,Fail,Warn,NotApplicable,NotApplicable,False,8,433,35,"figures missing alt text (count=111), headings-none, "
https://www.cc-coeurdegaronne.fr/wp-content/uploads/2024/03/12-BP-2024-SPED.pdf,12-BP-2024-SPED.pdf,cc-coeurdegaronne.fr,,278211,271.7 KB,analysed,2026-07-09T10:41:35.761556+00:00,2024-03-06 13:57:38+01:00,,,,,,False,False,False,Fail,Pass,Pass,Fail,Fail,Fail,Fail,NotApplicable,NotApplicable,NotApplicable,NotApplicable,NotApplicable,NotApplicable,NotApplicable,False,51,14152,0,"title, tagged, lang, no bookmarks and more than 20 pages, "
https://www.cc-coeurdegaronne.fr/wp-content/uploads/2024/03/12-CA-2023-SPED.pdf,12-CA-2023-SPED.pdf,cc-coeurdegaronne.fr,,351829,343.6 KB,analysed,2026-07-09T10:41:35.764394+00:00,2024-03-08 11:47:49+01:00,,,,,,False,False,False,Fail,Pass,Pass,Fail,Fail,Fail,Fail,NotApplicable,NotApplicable,NotApplicable,NotApplicable,NotApplicable,NotApplicable,NotApplicable,False,64,15911,0,"title, tagged, lang, no bookmarks and more than 20 pages, "
https://www.cc-coeurdegaronne.fr/wp-content/uploads/2025/10/12-PETITE-ENFANCE.pdf,12-PETITE-ENFANCE.pdf,cc-coeurdegaronne.fr,,2328443,2.2 MB,analysed,2026-07-09T10:41:35.771647+00:00,2025-10-10 09:54:54+00:00,Présentation PowerPoint,Utilisateur,,,,False,False,False,Pass,Pass,Pass,Pass,Pass,Fail,Pass,NotApplicable,NotApplicable,NotApplicable,Fail,Warn,Pass,Warn,False,23,1676,75,"no bookmarks and more than 20 pages, figures missing alt text (count=773), headings-none, tables-warn, "
https://www.cc-coeurdegaronne.fr/wp-content/uploads/2025/10/13-ENFANCE-JEUNESSE.pdf,13-ENFANCE-JEUNESSE.pdf,cc-coeurdegaronne.fr,,2094031,2.0 MB,analysed,2026-07-09T10:41:35.778380+00:00,2025-10-10 09:54:28+00:00,Bilan de mi-mandat Cadre de vie,Virginie Didy,,,,False,False,False,Pass,Pass,Pass,Pass,Pass,Fail,Pass,NotApplicable,NotApplicable,NotApplicable,Fail,Warn,Pass,Fail,False,30,2075,100,"no bookmarks and more than 20 pages, figures missing alt text (count=427), headings-none, tables-fail, "
https://www.cc-coeurdegaronne.fr/wp-content/uploads/2025/10/14-ACCOMPAGNEMENT-SOCIAL.pdf,14-ACCOMPAGNEMENT-SOCIAL.pdf,cc-coeurdegaronne.fr,,522936,510.7 KB,analysed,2026-07-09T10:41:35.781567+00:00,2025-10-14 10:28:24+00:00,Bilan de mi-mandat Cadre de vie,Virginie Didy,,,,False,False,False,Pass,Pass,Pass,Pass,Pass,Pass,Pass,NotApplicable,NotApplicable,NotApplicable,Fail,Warn,NotApplicable,NotApplicable,False,7,377,9,"figures missing alt text (count=179), headings-none, "
https://www.cc-coeurdegaronne.fr/wp-content/uploads/2025/10/15-PORTAGE-DE-REPAS.pdf,15-PORTAGE-DE-REPAS.pdf,cc-coeurdegaronne.fr,,616596,602.1 KB,analysed,2026-07-09T10:41:35.784959+00:00,2025-10-14 10:27:06+00:00,Bilan de mi-mandat Cadre de vie,Virginie Didy,,,,False,False,False,Pass,Pass,Pass,Pass,Pass,Pass,Pass,NotApplicable,NotApplicable,NotApplicable,Fail,Warn,NotApplicable,Pass,False,8,423,19,"figures missing alt text (count=101), headings-none, "
https://www.cc-coeurdegaronne.fr/wp-content/uploads/2025/10/16-PREVENTION-SENIORS.pdf,16-PREVENTION-SENIORS.pdf,cc-coeurdegaronne.fr,,4405750,4.2 MB,analysed,2026-07-09T10:41:35.796947+00:00,2025-10-14 10:32:39+00:00,Bilan de mi-mandat Cadre de vie,Virginie Didy,,,,False,False,False,Pass,Pass,Pass,Pass,Pass,Pass,Pass,NotApplicable,NotApplicable,NotApplicable,Fail,Warn,Pass,NotApplicable,False,18,713,73,"figures missing alt text (count=402), headings-none, "
https://www.cc-coeurdegaronne.fr/wp-content/uploads/2025/10/17-HEBERGEMENT-DE-TRANSITION.pdf,17-HEBERGEMENT-DE-TRANSITION.pdf,cc-coeurdegaronne.fr,,466588,455.7 KB,analysed,2026-07-09T10:41:35.800051+00:00,2025-10-14 10:30:33+00:00,Bilan de mi-mandat Cadre de vie,Virginie Didy,,,,False,False,False,Pass,Pass,Pass,Pass,Pass,Pass,Pass,NotApplicable,NotApplicable,NotApplicable,Fail,Warn,Pass,NotApplicable,False,4,284,18,"figures missing alt text (count=42), headings-none, "
https://www.cc-coeurdegaronne.fr/wp-content/uploads/2025/10/18-AUTONOMIE-A-DOMICILE.pdf,18-AUTONOMIE-A-DOMICILE.pdf,cc-coeurdegaronne.fr,,1696495,1.6 MB,analysed,2026-07-09T10:41:35.805910+00:00,2025-10-14 10:34:29+00:00,Bilan de mi-mandat Cadre de vie,Virginie Didy,,,,False,False,False,Pass,Pass,Pass,Pass,Pass,Pass,Pass,NotApplicable,NotApplicable,NotApplicable,Fail,Warn,NotApplicable,NotApplicable,False,15,574,22,"figures missing alt text (count=480), headings-none, "
https://www.cc-coeurdegaronne.fr/wp-content/uploads/2025/10/19-ANIMATION-VIE-SOCIALE.pdf,19-ANIMATION-VIE-SOCIALE.pdf,cc-coeurdegaronne.fr,,1836147,1.8 MB,analysed,2026-07-09T10:41:35.812090+00:00,2025-10-14 10:36:02+00:00,Bilan de mi-mandat Cadre de vie,Virginie Didy,,,,False,False,False,Pass,Pass,Pass,Pass,Pass,Pass,Pass,NotApplicable,NotApplicable,NotApplicable,Fail,Warn,Pass,NotApplicable,False,9,272,20,"figures missing alt text (count=42), headings-none, "
https://www.cc-coeurdegaronne.fr/wp-content/uploads/2024/02/2-AVIS-NOTE-DINTENTION.pdf,2-AVIS-NOTE-DINTENTION.pdf,cc-coeurdegaronne.fr,,12073473,11.5 MB,analysed,2026-07-09T10:41:35.841494+00:00,2024-02-01 09:18:08+00:00,,atelier urbain SEGUI  COLOMB,Elaboration du Plan Local d’Urbanisme,,Elaboration du Plan Local d’Urbanisme,False,False,False,Pass,Pass,Pass,Fail,Pass,Fail,Pass,NotApplicable,NotApplicable,NotApplicable,Fail,Pass,Pass,Warn,False,72,13570,49,"title, no bookmarks and more than 20 pages, figures missing alt text (count=8), tables-warn, "
https://www.cc-coeurdegaronne.fr/wp-content/uploads/2024/03/2-BP-2024-SAAD.pdf,2-BP-2024-SAAD.pdf,cc-coeurdegaronne.fr,,828156,808.7 KB,analysed,2026-07-09T10:41:35.846186+00:00,2024-03-11 08:57:09+00:00,,,,,,False,False,False,Fail,Pass,Pass,Fail,Fail,Fail,Fail,NotApplicable,NotApplicable,NotApplicable,NotApplicable,NotApplicable,NotApplicable,NotApplicable,False,31,6074,0,"title, tagged, lang, no bookmarks and more than 20 pages, "
https://www.cc-coeurdegaronne.fr/wp-content/uploads/2024/03/2-CA-2023-SAAD.pdf,2-CA-2023-SAAD.pdf,cc-coeurdegaronne.fr,,977230,954.3 KB,analysed,2026-07-09T10:41:35.850694+00:00,2024-03-08 10:43:08+00:00,,,,,,False,False,False,Fail,Pass,Pass,Fail,Fail,Fail,Fail,NotApplicable,NotApplicable,NotApplicable,NotApplicable,NotApplicable,NotApplicable,NotApplicable,False,37,9725,0,"title, tagged, lang, no bookmarks and more than 20 pages, "
https://www.cc-coeurdegaronne.fr/wp-content/uploads/2025/10/2-DECHETS.pdf,2-DECHETS.pdf,cc-coeurdegaronne.fr,,4313362,4.1 MB,analysed,2026-07-09T10:41:35.862471+00:00,2025-10-10 09:53:47+00:00,Bilan de mi-mandat Cadre de vie,Virginie Didy,,,,False,False,False,Pass,Pass,Pass,Pass,Pass,Fail,Pass,NotApplicable,NotApplicable,NotApplicable,Fail,Warn,Pass,Fail,False,29,1326,94,"no bookmarks and more than 20 pages, figures missing alt text (count=790), headings-none, tables-fail, "
https://www.cc-coeurdegaronne.fr/wp-content/uploads/2020/02/2-DOB-2020.pdf,2-DOB-2020.pdf,cc-coeurdegaronne.fr,,1044198,1019.7 KB,analysed,2026-07-09T10:41:35.866941+00:00,2020-02-05 12:59:57+00:00,,Christine,,,,False,False,False,Pass,Pass,Pass,Pass,Pass,Fail,Pass,NotApplicable,NotApplicable,Pass,Fail,Warn,Pass,Fail,False,37,7291,14,"no bookmarks and more than 20 pages, figures missing alt text (count=8), headings-none, tables-fail, "
https://www.cc-coeurdegaronne.fr/wp-content/uploads/2026/02/2-NOTE-DE-PRESENTATION-DU-COMPTE-ADMINISTRATIF-2024.pdf,2-NOTE-DE-PRESENTATION-DU-COMPTE-ADMINISTRATIF-2024.pdf,cc-coeurdegaronne.fr,,251697,245.8 KB,analysed,2026-07-09T10:41:35.869526+00:00,2025-03-20 14:03:46+00:00,,Laurent HANNEZO,,,,False,False,False,Pass,Pass,Pass,Fail,Pass,Pass,Pass,NotApplicable,NotApplicable,NotApplicable,Fail,Warn,Pass,Warn,False,5,1343,0,"title, figures missing alt text (count=2), headings-none, tables-warn, "
https://www.cc-coeurdegaronne.fr/wp-content/uploads/2026/03/2-Note-Synthetique-Budget-Primitif-2026.pdf,2-Note-Synthetique-Budget-Primitif-2026.pdf,cc-coeurdegaronne.fr,,407840,398.3 KB,analysed,2026-07-09T10:41:35.872432+00:00,2026-02-18 15:19:34+00:00,Microsoft Word - NOTE DE PRESENTATION BP 2022,COMPTA,,,,False,False,False,Pass,Pass,Pass,Pass,Pass,Pass,Pass,NotApplicable,NotApplicable,NotApplicable,Fail,Pass,Pass,Warn,False,7,2041,1,"figures missing alt text (count=1), tables-warn, "
https://www.cc-coeurdegaronne.fr/wp-content/uploads/2026/01/2-Note-introductive-Debat-dorientations-budgetaires-2026-2.pdf,2-Note-introductive-Debat-dorientations-budgetaires-2026-2.pdf,cc-coeurdegaronne.fr,,1134555,1.1 MB,analysed,2026-07-09T10:41:35.876948+00:00,2026-01-29 13:38:59+00:00,,Christine,,,,False,False,False,Pass,Pass,Pass,Pass,Pass,Fail,Pass,NotApplicable,NotApplicable,Pass,Fail,Pass,Pass,Fail,False,42,10506,14,"no bookmarks and more than 20 pages, figures missing alt text (count=5), tables-fail, "
https://www.cc-coeurdegaronne.fr/wp-content/uploads/2024/02/2-RAPPORT-TECHNIQUE.pdf,2-RAPPORT-TECHNIQUE.pdf,cc-coeurdegaronne.fr,,48471386,46.2 MB,analysed,2026-07-09T10:41:35.989114+00:00,2023-12-07 10:38:47+00:00,Scan,Betty MENIER,,,,False,False,False,Pass,Pass,Pass,Pass,Pass,Fail,Fail,NotApplicable,NotApplicable,Pass,Fail,Warn,Pass,Fail,False,113,26661,153,"tagged-content-fail, no bookmarks and more than 20 pages, figures missing alt text (count=14), headings-warn, tables-fail, "
https://www.cc-coeurdegaronne.fr/wp-content/uploads/2025/04/2-Reglement-ecrit_20181130.pdf,2-Reglement-ecrit_20181130.pdf,cc-coeurdegaronne.fr,,607984,593.7 KB,analysed,2026-07-09T10:41:35.995181+00:00,2018-11-21 11:33:58+01:00,,admininf,,,,False,False,False,Pass,Pass,Pass,Fail,Pass,Fail,Fail,NotApplicable,NotApplicable,Pass,Fail,Pass,Pass,Fail,False,31,8120,36,"title, tagged-content-fail, no bookmarks and more than 20 pages, figures missing alt text (count=5), tables-fail, "
https://www.cc-coeurdegaronne.fr/wp-content/uploads/2024/02/2.-PADD_PLU-ARRETE.pdf,2.-PADD_PLU-ARRETE.pdf,cc-coeurdegaronne.fr,,1304820,1.2 MB,analysed,2026-07-09T10:41:36.000806+00:00,2023-03-01 09:45:39+00:00,,Atelier Urbain,,,,False,False,False,Pass,Pass,Pass,Fail,Pass,Pass,Pass,NotApplicable,NotApplicable,NotApplicable,Fail,Pass,Pass,NotApplicable,False,19,3870,31,"title, figures missing alt text (count=24), "
https://www.cc-coeurdegaronne.fr/wp-content/uploads/2025/10/20-SERVICES-SUPPORT.pdf,20-SERVICES-SUPPORT.pdf,cc-coeurdegaronne.fr,,1429887,1.4 MB,analysed,2026-07-09T10:41:36.006527+00:00,2025-10-10 10:40:12+00:00,Bilan de mi-mandat Cadre de vie,Virginie Didy,,,,False,False,False,Pass,Pass,Pass,Pass,Pass,Fail,Pass,NotApplicable,NotApplicable,NotApplicable,Fail,Warn,Pass,Warn,False,31,1660,24,"no bookmarks and more than 20 pages, figures missing alt text (count=1564), headings-none, tables-warn, "
https://www.cc-coeurdegaronne.fr/wp-content/uploads/2023/06/2022-10-21-fiche-maternite-version-definitive-ml-version2.pdf,2022-10-21-fiche-maternite-version-definitive-ml-version2.pdf,cc-coeurdegaronne.fr,,281691,275.1 KB,analysed,2026-07-09T10:41:36.009562+00:00,2022-10-21 14:51:07+02:00,,Karine,,,,False,False,False,Fail,Pass,Pass,Fail,Pass,Pass,Fail,NotApplicable,NotApplicable,Fail,NotApplicable,NotApplicable,NotApplicable,NotApplicable,False,5,2202,11,"title, tagged, annotations-untagged, "
https://www.cc-coeurdegaronne.fr/wp-content/uploads/2026/02/21562_Flyer-lutte-frelon_A5.pdf,21562_Flyer-lutte-frelon_A5.pdf,cc-coeurdegaronne.fr,,932115,910.3 KB,analysed,2026-07-09T10:41:36.014045+00:00,2024-07-04 05:46:02+00:00,,,,,,False,False,False,Pass,Pass,Pass,Fail,Pass,Pass,Pass,NotApplicable,NotApplicable,NotApplicable,Fail,Warn,NotApplicable,NotApplicable,False,2,383,11,"title, figures missing alt text (count=12), headings-none, "
https://www.cc-coeurdegaronne.fr/wp-content/uploads/2024/07/22-070-Publication-des-actes-Berat.pdf,22-070-Publication-des-actes-Berat.pdf,cc-coeurdegaronne.fr,,649615,634.4 KB,analysed,2026-07-09T10:41:36.017726+00:00,2024-07-24 11:34:13+00:00,,,,,,False,True,False,Fail,Fail,Pass,Fail,Fail,Pass,Fail,NotApplicable,NotApplicable,NotApplicable,NotApplicable,NotApplicable,NotApplicable,NotApplicable,False,2,0,2,"title, tagged, lang, "
https://www.cc-coeurdegaronne.fr/wp-content/uploads/2024/03/3-BP-2024-PDR.pdf,3-BP-2024-PDR.pdf,cc-coeurdegaronne.fr,,639388,624.4 KB,analysed,2026-07-09T10:41:36.021151+00:00,2024-03-06 13:49:53+01:00,,,,,,False,False,False,Fail,Pass,Pass,Fail,Fail,Fail,Fail,NotApplicable,NotApplicable,NotApplicable,NotApplicable,NotApplicable,NotApplicable,NotApplicable,False,144,28220,0,"title, tagged, lang, no bookmarks and more than 20 pages, "
https://www.cc-coeurdegaronne.fr/wp-content/uploads/2024/03/3-CA-2023-PDR.pdf,3-CA-2023-PDR.pdf,cc-coeurdegaronne.fr,,1124733,1.1 MB,analysed,2026-07-09T10:41:36.025654+00:00,2024-03-08 11:53:11+01:00,,,,,,False,False,False,Fail,Pass,Pass,Fail,Fail,Fail,Fail,NotApplicable,NotApplicable,NotApplicable,NotApplicable,NotApplicable,NotApplicable,NotApplicable,False,134,37950,0,"title, tagged, lang, no bookmarks and more than 20 pages, "
https://www.cc-coeurdegaronne.fr/wp-content/uploads/2025/10/3-EQUIPEMENTS-SPORTIFS.pdf,3-EQUIPEMENTS-SPORTIFS.pdf,cc-coeurdegaronne.fr,,1457092,1.4 MB,analysed,2026-07-09T10:41:36.030933+00:00,2025-10-10 09:56:53+00:00,Bilan de mi-mandat Cadre de vie,Virginie Didy,,,,False,False,False,Pass,Pass,Pass,Pass,Pass,Pass,Pass,NotApplicable,NotApplicable,NotApplicable,Fail,Warn,Pass,NotApplicable,False,14,755,19,"figures missing alt text (count=393), headings-none, "
https://www.cc-coeurdegaronne.fr/wp-content/uploads/2026/02/3-NOTE-DE-PRESENTATION-BUDGET-PRIMITIF-2025.pdf,3-NOTE-DE-PRESENTATION-BUDGET-PRIMITIF-2025.pdf,cc-coeurdegaronne.fr,,326471,318.8 KB,analysed,2026-07-09T10:41:36.033753+00:00,2025-03-20 14:01:35+00:00,Microsoft Word - NOTE DE PRESENTATION BP 2022,COMPTA,,,,False,False,False,Pass,Pass,Pass,Pass,Pass,Pass,Pass,NotApplicable,NotApplicable,NotApplicable,Fail,Pass,Pass,Warn,False,7,2086,1,"figures missing alt text (count=1), tables-warn, "
https://www.cc-coeurdegaronne.fr/wp-content/uploads/2025/04/3-Orientations-dAmenagement-et-de-Programmation_20181130.pdf,3-Orientations-dAmenagement-et-de-Programmation_20181130.pdf,cc-coeurdegaronne.fr,,174799,170.7 KB,analysed,2026-07-09T10:41:36.036119+00:00,2019-07-03 14:46:21+00:00,Microsoft Word - Pièce 3 - OAP savères (2).doc,laure.lamarque,,,,False,False,False,Fail,Pass,Pass,Fail,Fail,Pass,Fail,NotApplicable,NotApplicable,NotApplicable,NotApplicable,NotApplicable,NotApplicable,NotApplicable,False,5,683,6,"title, tagged, lang, "
https://www.cc-coeurdegaronne.fr/wp-content/uploads/2024/02/3-PLU-AVIS-MRAE.pdf,3-PLU-AVIS-MRAE.pdf,cc-coeurdegaronne.fr,,205134,200.3 KB,analysed,2026-07-09T10:41:36.038572+00:00,2022-06-01 17:16:22+02:00,,,,,,False,False,False,Fail,Pass,Pass,Fail,Pass,Pass,Fail,NotApplicable,NotApplicable,Fail,NotApplicable,NotApplicable,NotApplicable,NotApplicable,False,4,922,12,"title, tagged, annotations-untagged, "
https://www.cc-coeurdegaronne.fr/wp-content/uploads/2024/02/3-PROJET-DE-ZONAGE.pdf,3-PROJET-DE-ZONAGE.pdf,cc-coeurdegaronne.fr,,2914287,2.8 MB,analysed,2026-07-09T10:41:36.047162+00:00,2023-12-07 10:24:34+00:00,,MENIER Betty (SCE),,,,False,False,False,Pass,Pass,Pass,Fail,Pass,Pass,Fail,NotApplicable,NotApplicable,NotApplicable,Fail,Warn,NotApplicable,Warn,False,3,85,12,"title, tagged-content-fail, figures missing alt text (count=1), headings-none, tables-warn, "
https://www.cc-coeurdegaronne.fr/wp-content/uploads/2025/09/3-Rapport-Annuel-2024-sur-le-service-public-de-prevention-et-dechets-menag.pdf,3-Rapport-Annuel-2024-sur-le-service-public-de-prevention-et-dechets-menag.pdf,cc-coeurdegaronne.fr,,5065855,4.8 MB,analysed,2026-07-09T10:41:36.060585+00:00,2025-09-11 11:20:27+00:00,Microsoft Word - Rapport 2020_DV_RAPPORT.2021.V.2022-06-02 - v3bis.v4,f.mirassou,,,,False,False,False,Pass,Pass,Pass,Pass,Pass,Fail,Pass,NotApplicable,NotApplicable,Pass,Fail,Fail,Pass,Warn,False,57,10969,129,"no bookmarks and more than 20 pages, figures missing alt text (count=80), headings-skip, tables-warn, "
https://www.cc-coeurdegaronne.fr/wp-content/uploads/2025/06/3-Rapport-annuel-SPED-2023.pdf,3-Rapport-annuel-SPED-2023.pdf,cc-coeurdegaronne.fr,,3731464,3.6 MB,analysed,2026-07-09T10:41:36.071483+00:00,2025-06-18 15:13:58+00:00,Microsoft Word - Rapport 2020_DV_RAPPORT.2021.V.2022-06-02 - v3bis.v4,f.mirassou,,,,False,False,False,Pass,Pass,Pass,Pass,Pass,Fail,Pass,NotApplicable,NotApplicable,Fail,Fail,Fail,Pass,Warn,False,49,9233,71,"no bookmarks and more than 20 pages, figures missing alt text (count=65), headings-skip, tables-warn, annotations-tagging-fail, "
https://www.cc-coeurdegaronne.fr/wp-content/uploads/2025/10/3-Reglement-de-voirie-et-ses-annexes-v1.pdf,3-Reglement-de-voirie-et-ses-annexes-v1.pdf,cc-coeurdegaronne.fr,,5028288,4.8 MB,analysed,2026-07-09T10:41:36.085276+00:00,2025-10-30 08:39:05+00:00,,,,,,False,False,False,Fail,Pass,Pass,Fail,Pass,Fail,Fail,NotApplicable,NotApplicable,Fail,NotApplicable,NotApplicable,NotApplicable,NotApplicable,False,144,29306,359,"title, tagged, no bookmarks and more than 20 pages, annotations-untagged, "
https://www.cc-coeurdegaronne.fr/wp-content/uploads/2024/02/3.-Reglement.pdf,3.-Reglement.pdf,cc-coeurdegaronne.fr,,195906,191.3 KB,analysed,2026-07-09T10:41:36.089132+00:00,2023-03-01 15:04:32+00:00,,atelier urbain SEGUI  COLOMB,Elaboration du Plan Local d’Urbanisme,,Elaboration du Plan Local d’Urbanisme,False,False,False,Pass,Pass,Pass,Fail,Pass,Pass,Pass,NotApplicable,NotApplicable,NotApplicable,Fail,Warn,NotApplicable,NotApplicable,False,1,38,2,"title, figures missing alt text (count=4), headings-none, "
https://www.cc-coeurdegaronne.fr/wp-content/uploads/2024/02/3.1-REGLEMENT.pdf,3.1-REGLEMENT.pdf,cc-coeurdegaronne.fr,,3272475,3.1 MB,analysed,2026-07-09T10:41:36.099807+00:00,2023-04-07 06:28:32+00:00,POUY DE TOUGES,Atelier Urbain,Elaboration du Plan Local d’Urbanisme,,Elaboration du Plan Local d’Urbanisme,False,False,False,Pass,Pass,Pass,Pass,Pass,Fail,Pass,NotApplicable,NotApplicable,Pass,Fail,Fail,Pass,Fail,False,86,24421,22,"no bookmarks and more than 20 pages, figures missing alt text (count=14), headings-skip, tables-fail, "
https://www.cc-coeurdegaronne.fr/wp-content/uploads/2024/02/3.2.1-ZONAGE-COMMUNE.pdf,3.2.1-ZONAGE-COMMUNE.pdf,cc-coeurdegaronne.fr,,17323079,16.5 MB,analysed,2026-07-09T10:41:36.141593+00:00,2020-07-21 15:34:04+02:00,,Atelier Urbain,,,,False,False,False,Fail,Pass,Pass,Fail,Fail,Pass,Fail,NotApplicable,NotApplicable,NotApplicable,NotApplicable,NotApplicable,NotApplicable,NotApplicable,False,1,265,27,"title, tagged, lang, "
https://www.cc-coeurdegaronne.fr/wp-content/uploads/2024/02/3.2.2-ZONAGE-VILLAGE.pdf,3.2.2-ZONAGE-VILLAGE.pdf,cc-coeurdegaronne.fr,,8321072,7.9 MB,analysed,2026-07-09T10:41:36.164396+00:00,2020-07-21 15:34:04+02:00,,Atelier Urbain,,,,False,False,False,Fail,Pass,Pass,Fail,Fail,Pass,Fail,NotApplicable,NotApplicable,NotApplicable,NotApplicable,NotApplicable,NotApplicable,NotApplicable,False,1,265,27,"title, tagged, lang, "
https://www.cc-coeurdegaronne.fr/wp-content/uploads/2025/06/3CG-Dossier-Unique-dInscription-2025-2026-web3.pdf,3CG-Dossier-Unique-dInscription-2025-2026-web3.pdf,cc-coeurdegaronne.fr,,1864859,1.8 MB,error,2026-07-09T10:41:36.172054+00:00,,,,,,,,,,,,,,,,,,,,,,,,,,,,Analysis exceeded 120s per-file limit
https://www.cc-coeurdegaronne.fr/wp-content/uploads/2024/02/4-ANNEXES-ADMINISTRATIVES.pdf,4-ANNEXES-ADMINISTRATIVES.pdf,cc-coeurdegaronne.fr,,836858,817.2 KB,analysed,2026-07-09T10:41:36.176708+00:00,2023-12-19 07:53:55+00:00,S22C-823100407540,MENIER Betty (SCE),,,,False,False,False,Pass,Pass,Pass,Pass,Pass,Pass,Fail,NotApplicable,NotApplicable,Fail,Fail,Warn,NotApplicable,Warn,False,11,1227,46,"tagged-content-fail, figures missing alt text (count=1), headings-none, tables-warn, annotations-tagging-fail, "
https://www.cc-coeurdegaronne.fr/wp-content/uploads/2024/03/4-BP-2024-OTI.pdf,4-BP-2024-OTI.pdf,cc-coeurdegaronne.fr,,657030,641.6 KB,analysed,2026-07-09T10:41:36.180394+00:00,2024-03-06 14:30:39+01:00,,,,,,False,False,False,Fail,Pass,Pass,Fail,Fail,Fail,Fail,NotApplicable,NotApplicable,NotApplicable,NotApplicable,NotApplicable,NotApplicable,NotApplicable,False,145,29673,0,"title, tagged, lang, no bookmarks and more than 20 pages, "
https://www.cc-coeurdegaronne.fr/wp-content/uploads/2024/03/4-CA-2023-OTI.pdf,4-CA-2023-OTI.pdf,cc-coeurdegaronne.fr,,1145002,1.1 MB,analysed,2026-07-09T10:41:36.185047+00:00,2024-03-08 11:36:37+01:00,,,,,,False,False,False,Fail,Pass,Pass,Fail,Fail,Fail,Fail,NotApplicable,NotApplicable,NotApplicable,NotApplicable,NotApplicable,NotApplicable,NotApplicable,False,135,39704,0,"title, tagged, lang, no bookmarks and more than 20 pages, "
https://www.cc-coeurdegaronne.fr/wp-content/uploads/2024/02/4-PLU_NOTE-DE-PRESENTATION.pdf,4-PLU_NOTE-DE-PRESENTATION.pdf,cc-coeurdegaronne.fr,,1952521,1.9 MB,analysed,2026-07-09T10:41:36.191482+00:00,2024-01-31 13:49:11+00:00,,atelier urbain SEGUI  COLOMB,Elaboration du Plan Local d’Urbanisme,,Elaboration du Plan Local d’Urbanisme,False,False,False,Pass,Pass,Pass,Fail,Pass,Pass,Pass,NotApplicable,NotApplicable,Pass,Fail,Pass,Pass,Pass,False,17,3656,14,"title, figures missing alt text (count=33), "
https://www.cc-coeurdegaronne.fr/wp-content/uploads/2025/10/4-SERVICES-TECHNIQUES.pdf,4-SERVICES-TECHNIQUES.pdf,cc-coeurdegaronne.fr,,973741,950.9 KB,analysed,2026-07-09T10:41:36.195722+00:00,2025-10-10 09:56:23+00:00,Bilan de mi-mandat Cadre de vie,Virginie Didy,,,,False,False,False,Pass,Pass,Pass,Pass,Pass,Pass,Pass,NotApplicable,NotApplicable,NotApplicable,Fail,Warn,NotApplicable,NotApplicable,False,7,368,12,"figures missing alt text (count=170), headings-none, "
https://www.cc-coeurdegaronne.fr/wp-content/uploads/2024/02/4.1.1-RESEAU-AEP.pdf,4.1.1-RESEAU-AEP.pdf,cc-coeurdegaronne.fr,,1044781,1020.3 KB,analysed,2026-07-09T10:41:36.200074+00:00,2023-03-09 09:21:01+00:00,,,,,,False,False,False,Pass,Pass,Pass,Fail,Pass,Pass,Fail,NotApplicable,NotApplicable,NotApplicable,Fail,Warn,NotApplicable,NotApplicable,False,2,41,3,"title, tagged-content-fail, figures missing alt text (count=4), headings-none, "
https://www.cc-coeurdegaronne.fr/wp-content/uploads/2024/02/4.1.2-RESEAU-EU.pdf,4.1.2-RESEAU-EU.pdf,cc-coeurdegaronne.fr,,1032126,1007.9 KB,analysed,2026-07-09T10:41:36.204447+00:00,2023-03-02 09:24:39+00:00,,,,,,False,False,False,Pass,Pass,Pass,Fail,Pass,Pass,Fail,NotApplicable,NotApplicable,NotApplicable,Fail,Warn,NotApplicable,NotApplicable,False,2,96,12,"title, tagged-content-fail, figures missing alt text (count=4), headings-none, "
https://www.cc-coeurdegaronne.fr/wp-content/uploads/2024/02/4.2.1-LISTE-SUP.pdf,4.2.1-LISTE-SUP.pdf,cc-coeurdegaronne.fr,,292618,285.8 KB,analysed,2026-07-09T10:41:36.207093+00:00,2023-03-01 15:09:26+00:00,,atelier urbain SEGUI  COLOMB,Elaboration du Plan Local d’Urbanisme,,Elaboration du Plan Local d’Urbanisme,False,False,False,Pass,Pass,Pass,Fail,Pass,Pass,Pass,NotApplicable,NotApplicable,NotApplicable,Fail,Warn,NotApplicable,Pass,False,2,218,2,"title, figures missing alt text (count=4), headings-none, "
https://www.cc-coeurdegaronne.fr/wp-content/uploads/2024/02/4.2.2-PLAN-SUP.pdf,4.2.2-PLAN-SUP.pdf,cc-coeurdegaronne.fr,,12440447,11.9 MB,analysed,2026-07-09T10:41:36.237232+00:00,2020-07-21 15:34:04+02:00,,Atelier Urbain,,,,False,False,False,Fail,Pass,Pass,Fail,Fail,Pass,Fail,NotApplicable,NotApplicable,NotApplicable,NotApplicable,NotApplicable,NotApplicable,NotApplicable,False,1,71,4,"title, tagged, lang, "
https://www.cc-coeurdegaronne.fr/wp-content/uploads/2024/02/4.2.3-PPR-SECHERESSE.pdf,4.2.3-PPR-SECHERESSE.pdf,cc-coeurdegaronne.fr,,10136853,9.7 MB,analysed,2026-07-09T10:41:36.263336+00:00,2024-02-01 08:42:57+00:00,,,,,,False,False,False,Pass,Pass,Pass,Fail,Pass,Pass,Fail,NotApplicable,NotApplicable,Fail,Fail,Warn,NotApplicable,NotApplicable,False,56,15509,55,"title, tagged-content-fail, figures missing alt text (count=4), headings-none, annotations-tagging-fail, "
https://www.cc-coeurdegaronne.fr/wp-content/uploads/2024/02/4.3.1-CIZI.pdf,4.3.1-CIZI.pdf,cc-coeurdegaronne.fr,,3447303,3.3 MB,analysed,2026-07-09T10:41:36.274185+00:00,2023-03-07 08:54:40+00:00,,,,,,False,False,False,Pass,Pass,Pass,Fail,Pass,Pass,Fail,NotApplicable,NotApplicable,NotApplicable,Fail,Warn,NotApplicable,NotApplicable,False,6,1947,10,"title, tagged-content-fail, figures missing alt text (count=5), headings-none, "
https://www.cc-coeurdegaronne.fr/wp-content/uploads/2024/03/5-BP-2024-ZA-LHERM.pdf,5-BP-2024-ZA-LHERM.pdf,cc-coeurdegaronne.fr,,628960,614.2 KB,analysed,2026-07-09T10:41:36.278290+00:00,2024-03-06 13:41:08+01:00,,,,,,False,False,False,Fail,Pass,Pass,Fail,Fail,Fail,Fail,NotApplicable,NotApplicable,NotApplicable,NotApplicable,NotApplicable,NotApplicable,NotApplicable,False,143,27719,0,"title, tagged, lang, no bookmarks and more than 20 pages, "
https://www.cc-coeurdegaronne.fr/wp-content/uploads/2024/03/5-CA-2023-ZA-LHERM.pdf,5-CA-2023-ZA-LHERM.pdf,cc-coeurdegaronne.fr,,1097756,1.0 MB,analysed,2026-07-09T10:41:36.283009+00:00,2024-03-08 11:49:56+01:00,,,,,,False,False,False,Fail,Pass,Pass,Fail,Fail,Fail,Fail,NotApplicable,NotApplicable,NotApplicable,NotApplicable,NotApplicable,NotApplicable,NotApplicable,False,130,36833,0,"title, tagged, lang, no bookmarks and more than 20 pages, "
https://www.cc-coeurdegaronne.fr/wp-content/uploads/2025/10/5-CULTURE.pdf,5-CULTURE.pdf,cc-coeurdegaronne.fr,,8570172,8.2 MB,analysed,2026-07-09T10:41:36.304444+00:00,2025-10-14 08:33:02+00:00,Slide 1,Asus,,,,False,False,False,Pass,Pass,Pass,Pass,Pass,Fail,Pass,NotApplicable,NotApplicable,Pass,Fail,Warn,Pass,Fail,False,60,4577,301,"no bookmarks and more than 20 pages, figures missing alt text (count=1914), headings-none, tables-fail, "
https://www.cc-coeurdegaronne.fr/wp-content/uploads/2024/02/5-PLU_MENTION-DES-TEXTES.pdf,5-PLU_MENTION-DES-TEXTES.pdf,cc-coeurdegaronne.fr,,794348,775.7 KB,analysed,2026-07-09T10:41:36.308624+00:00,2024-01-31 13:47:16+00:00,,atelier urbain SEGUI  COLOMB,Elaboration du Plan Local d’Urbanisme,,Elaboration du Plan Local d’Urbanisme,False,False,False,Pass,Pass,Pass,Fail,Pass,Fail,Pass,NotApplicable,NotApplicable,Pass,Fail,Pass,Pass,NotApplicable,False,27,10342,3,"title, no bookmarks and more than 20 pages, figures missing alt text (count=2), "
https://www.cc-coeurdegaronne.fr/wp-content/uploads/2024/02/5.-OAP_PLU-ARRETE.pdf,5.-OAP_PLU-ARRETE.pdf,cc-coeurdegaronne.fr,,3013206,2.9 MB,analysed,2026-07-09T10:41:36.317567+00:00,2023-03-01 10:56:42+00:00,POUY DE TOUGES,Atelier Urbain,,,,False,False,False,Pass,Pass,Pass,Pass,Pass,Fail,Pass,NotApplicable,NotApplicable,Pass,Fail,Fail,Pass,Warn,False,22,4169,128,"no bookmarks and more than 20 pages, figures missing alt text (count=143), headings-skip, tables-warn, "
https://www.cc-coeurdegaronne.fr/wp-content/uploads/2024/03/6-BP-2024-ZA-STE-FOY.pdf,6-BP-2024-ZA-STE-FOY.pdf,cc-coeurdegaronne.fr,,628983,614.2 KB,analysed,2026-07-09T10:41:36.321074+00:00,2024-03-06 13:35:52+01:00,,,,,,False,False,False,Fail,Pass,Pass,Fail,Fail,Fail,Fail,NotApplicable,NotApplicable,NotApplicable,NotApplicable,NotApplicable,NotApplicable,NotApplicable,False,143,27962,0,"title, tagged, lang, no bookmarks and more than 20 pages, "
https://www.cc-coeurdegaronne.fr/wp-content/uploads/2024/03/6-CA-2023-ZA-STE-FOY.pdf,6-CA-2023-ZA-STE-FOY.pdf,cc-coeurdegaronne.fr,,1095767,1.0 MB,analysed,2026-07-09T10:41:36.325862+00:00,2024-03-08 11:45:51+01:00,,,,,,False,False,False,Fail,Pass,Pass,Fail,Fail,Fail,Fail,NotApplicable,NotApplicable,NotApplicable,NotApplicable,NotApplicable,NotApplicable,NotApplicable,False,130,36735,0,"title, tagged, lang, no bookmarks and more than 20 pages, "
https://www.cc-coeurdegaronne.fr/wp-content/uploads/2025/10/6-TOURISME.pdf,6-TOURISME.pdf,cc-coeurdegaronne.fr,,3767811,3.6 MB,analysed,2026-07-09T10:41:36.336444+00:00,2025-10-14 08:27:02+00:00,Slide 1,Asus,,,,False,False,False,Pass,Pass,Pass,Pass,Pass,Pass,Pass,NotApplicable,NotApplicable,Pass,Fail,Warn,NotApplicable,NotApplicable,False,20,1370,126,"figures missing alt text (count=555), headings-none, "
https://www.cc-coeurdegaronne.fr/wp-content/uploads/2023/09/6414-Depliant-promo-Appli-Pajemploi-Urssaf.pdf,6414-Depliant-promo-Appli-Pajemploi-Urssaf.pdf,cc-coeurdegaronne.fr,,5252461,5.0 MB,analysed,2026-07-09T10:41:36.350387+00:00,2023-08-09 09:13:40+00:00,6414-Depliant-promo-Appli-Pajemploi-Urssaf.indd,,,,,False,True,False,Fail,Fail,Pass,Fail,Pass,Pass,Fail,NotApplicable,NotApplicable,NotApplicable,NotApplicable,NotApplicable,NotApplicable,NotApplicable,False,2,0,90,"title, tagged, "
https://www.cc-coeurdegaronne.fr/wp-content/uploads/2024/03/7-BP-2024-ZA-DESCAILLAUX.pdf,7-BP-2024-ZA-DESCAILLAUX.pdf,cc-coeurdegaronne.fr,,631436,616.6 KB,analysed,2026-07-09T10:41:36.353973+00:00,2024-03-06 13:44:59+01:00,,,,,,False,False,False,Fail,Pass,Pass,Fail,Fail,Fail,Fail,NotApplicable,NotApplicable,NotApplicable,NotApplicable,NotApplicable,NotApplicable,NotApplicable,False,143,27898,0,"title, tagged, lang, no bookmarks and more than 20 pages, "
https://www.cc-coeurdegaronne.fr/wp-content/uploads/2024/03/7-CA-2023-ZA-DESCAILLAUX.pdf,7-CA-2023-ZA-DESCAILLAUX.pdf,cc-coeurdegaronne.fr,,1101101,1.1 MB,analysed,2026-07-09T10:41:36.358497+00:00,2024-03-08 11:52:54+01:00,,,,,,False,False,False,Fail,Pass,Pass,Fail,Fail,Fail,Fail,NotApplicable,NotApplicable,NotApplicable,NotApplicable,NotApplicable,NotApplicable,NotApplicable,False,130,37050,0,"title, tagged, lang, no bookmarks and more than 20 pages, "
https://www.cc-coeurdegaronne.fr/wp-content/uploads/2025/10/7-DEVELOPPEMENT-ECONOMIQUE.pdf,7-DEVELOPPEMENT-ECONOMIQUE.pdf,cc-coeurdegaronne.fr,,2019080,1.9 MB,analysed,2026-07-09T10:41:36.365065+00:00,2025-10-14 09:16:35+00:00,Slide 1,Asus,,,,False,False,False,Pass,Pass,Pass,Pass,Pass,Pass,Pass,NotApplicable,NotApplicable,NotApplicable,Fail,Warn,Pass,NotApplicable,False,15,1300,96,"figures missing alt text (count=706), headings-none, "
https://www.cc-coeurdegaronne.fr/wp-content/uploads/2024/03/8-BP-2024-ZA-BOUSSENS.pdf,8-BP-2024-ZA-BOUSSENS.pdf,cc-coeurdegaronne.fr,,624811,610.2 KB,analysed,2026-07-09T10:41:36.368453+00:00,2024-03-06 13:46:22+01:00,,,,,,False,False,False,Fail,Pass,Pass,Fail,Fail,Fail,Fail,NotApplicable,NotApplicable,NotApplicable,NotApplicable,NotApplicable,NotApplicable,NotApplicable,False,143,27372,0,"title, tagged, lang, no bookmarks and more than 20 pages, "
https://www.cc-coeurdegaronne.fr/wp-content/uploads/2024/03/8-CA-2023-ZA-BOUSSENS.pdf,8-CA-2023-ZA-BOUSSENS.pdf,cc-coeurdegaronne.fr,,1091385,1.0 MB,analysed,2026-07-09T10:41:36.372887+00:00,2024-03-08 11:54:20+01:00,,,,,,False,False,False,Fail,Pass,Pass,Fail,Fail,Fail,Fail,NotApplicable,NotApplicable,NotApplicable,NotApplicable,NotApplicable,NotApplicable,NotApplicable,False,130,36116,0,"title, tagged, lang, no bookmarks and more than 20 pages, "
https://www.cc-coeurdegaronne.fr/wp-content/uploads/2025/10/8-FRANCE-SERVICES.pdf,8-FRANCE-SERVICES.pdf,cc-coeurdegaronne.fr,,905299,884.1 KB,analysed,2026-07-09T10:41:36.376885+00:00,2025-10-14 08:29:33+00:00,Slide 1,Asus,,,,False,False,False,Pass,Pass,Pass,Pass,Pass,Pass,Pass,NotApplicable,NotApplicable,NotApplicable,Fail,Warn,Pass,NotApplicable,False,7,586,34,"figures missing alt text (count=215), headings-none, "
https://www.cc-coeurdegaronne.fr/wp-content/uploads/2024/03/9-BP-2024-ZA-MARTRES.pdf,9-BP-2024-ZA-MARTRES.pdf,cc-coeurdegaronne.fr,,628160,613.4 KB,analysed,2026-07-09T10:41:36.380278+00:00,2024-03-06 13:38:17+01:00,,,,,,False,False,False,Fail,Pass,Pass,Fail,Fail,Fail,Fail,NotApplicable,NotApplicable,NotApplicable,NotApplicable,NotApplicable,NotApplicable,NotApplicable,False,143,27588,0,"title, tagged, lang, no bookmarks and more than 20 pages, "
https://www.cc-coeurdegaronne.fr/wp-content/uploads/2024/03/9-CA-2023-ZA-MARTRES.pdf,9-CA-2023-ZA-MARTRES.pdf,cc-coeurdegaronne.fr,,1094422,1.0 MB,analysed,2026-07-09T10:41:36.384732+00:00,2024-03-08 11:48:08+01:00,,,,,,False,False,False,Fail,Pass,Pass,Fail,Fail,Fail,Fail,NotApplicable,NotApplicable,NotApplicable,NotApplicable,NotApplicable,NotApplicable,NotApplicable,False,130,36378,0,"title, tagged, lang, no bookmarks and more than 20 pages, "
https://www.cc-coeurdegaronne.fr/wp-content/uploads/2025/10/9-NUMERIQUE.pdf,9-NUMERIQUE.pdf,cc-coeurdegaronne.fr,,360651,352.2 KB,analysed,2026-07-09T10:41:36.387528+00:00,2025-10-14 09:19:33+00:00,Slide 1,Asus,,,,False,False,False,Pass,Pass,Pass,Pass,Pass,Pass,Pass,NotApplicable,NotApplicable,NotApplicable,Fail,Warn,NotApplicable,NotApplicable,False,3,213,3,"figures missing alt text (count=68), headings-none, "
https://www.cc-coeurdegaronne.fr/wp-content/uploads/2021/04/99_DE-031-200068815-20210303-D_2021_34_7_10-DE-1-1_2.pdf,99_DE-031-200068815-20210303-D_2021_34_7_10-DE-1-1_2.pdf,cc-coeurdegaronne.fr,,1297684,1.2 MB,analysed,2026-07-09T10:41:36.392458+00:00,2021-03-09 16:17:39+00:00,,Christine,,,,False,False,False,Pass,Pass,Pass,Pass,Pass,Fail,Pass,NotApplicable,NotApplicable,Pass,Fail,Pass,Pass,Fail,False,51,11328,13,"no bookmarks and more than 20 pages, figures missing alt text (count=3), tables-fail, "
https://www.cc-coeurdegaronne.fr/wp-content/uploads/2022/09/99_DE-031-200068815-20220721-D_2022_17_7_5-DE-1-1_1-1.pdf,99_DE-031-200068815-20220721-D_2022_17_7_5-DE-1-1_1-1.pdf,cc-coeurdegaronne.fr,,44409,43.4 KB,analysed,2026-07-09T10:41:36.394531+00:00,2022-07-28 10:09:19+00:00,,,,,,False,True,False,Fail,Fail,Pass,Fail,Fail,Pass,Fail,NotApplicable,NotApplicable,NotApplicable,NotApplicable,NotApplicable,NotApplicable,NotApplicable,False,2,0,2,"title, tagged, lang, "
https://www.cc-coeurdegaronne.fr/wp-content/uploads/2022/07/99_DE-031-200068815-20220728-DEC_2022_16_8_4-DE-1-1_1.pdf,99_DE-031-200068815-20220728-DEC_2022_16_8_4-DE-1-1_1.pdf,cc-coeurdegaronne.fr,,62237,60.8 KB,analysed,2026-07-09T10:41:36.396626+00:00,2022-07-28 10:06:04+00:00,,,,,,False,True,False,Fail,Fail,Pass,Fail,Fail,Pass,Fail,NotApplicable,NotApplicable,NotApplicable,NotApplicable,NotApplicable,NotApplicable,NotApplicable,False,2,0,2,"title, tagged, lang, "
https://www.cc-coeurdegaronne.fr/wp-content/uploads/2022/09/99_DE-031-200068815-20220830-DEC_2022_18_1_1-DE-1-1_1.pdf,99_DE-031-200068815-20220830-DEC_2022_18_1_1-DE-1-1_1.pdf,cc-coeurdegaronne.fr,,36873,36.0 KB,analysed,2026-07-09T10:41:36.398644+00:00,2022-09-06 07:17:55+00:00,,,,,,False,True,False,Fail,Fail,Pass,Fail,Fail,Pass,Fail,NotApplicable,NotApplicable,NotApplicable,NotApplicable,NotApplicable,NotApplicable,NotApplicable,False,1,0,1,"title, tagged, lang, "
https://www.cc-coeurdegaronne.fr/wp-content/uploads/2022/09/99_DE-031-200068815-20220908-DEC_2022_19_1_1-DE-1-1_1.pdf,99_DE-031-200068815-20220908-DEC_2022_19_1_1-DE-1-1_1.pdf,cc-coeurdegaronne.fr,,46179,45.1 KB,analysed,2026-07-09T10:41:36.400679+00:00,2022-09-08 08:26:58+00:00,,,,,,False,True,False,Fail,Fail,Pass,Fail,Fail,Pass,Fail,NotApplicable,NotApplicable,NotApplicable,NotApplicable,NotApplicable,NotApplicable,NotApplicable,False,1,0,1,"title, tagged, lang, "
https://www.cc-coeurdegaronne.fr/wp-content/uploads/2022/09/99_DE-031-200068815-20220908-D_2022_20_7_3-DE-1-1_1-2.pdf,99_DE-031-200068815-20220908-D_2022_20_7_3-DE-1-1_1-2.pdf,cc-coeurdegaronne.fr,,54193,52.9 KB,analysed,2026-07-09T10:41:36.402747+00:00,2022-09-09 08:12:19+00:00,,,,,,False,True,False,Fail,Fail,Pass,Fail,Fail,Pass,Fail,NotApplicable,NotApplicable,NotApplicable,NotApplicable,NotApplicable,NotApplicable,NotApplicable,False,2,0,2,"title, tagged, lang, "
https://www.cc-coeurdegaronne.fr/wp-content/uploads/2022/09/99_DE-031-200068815-20220920-DEC_2022_21_1_1-DE-1-1_1.pdf,99_DE-031-200068815-20220920-DEC_2022_21_1_1-DE-1-1_1.pdf,cc-coeurdegaronne.fr,,41487,40.5 KB,analysed,2026-07-09T10:41:36.404772+00:00,2022-09-20 12:03:56+00:00,,,,,,False,True,False,Fail,Fail,Pass,Fail,Fail,Pass,Fail,NotApplicable,NotApplicable,NotApplicable,NotApplicable,NotApplicable,NotApplicable,NotApplicable,False,1,0,1,"title, tagged, lang, "
https://www.cc-coeurdegaronne.fr/wp-content/uploads/2022/09/99_DE-031-200068815-20220920-DE_2022_22_7_1-DE-1-1_1.pdf,99_DE-031-200068815-20220920-DE_2022_22_7_1-DE-1-1_1.pdf,cc-coeurdegaronne.fr,,55286,54.0 KB,analysed,2026-07-09T10:41:36.406845+00:00,2022-09-29 08:35:20+00:00,,,,,,False,True,False,Fail,Fail,Pass,Fail,Fail,Pass,Fail,NotApplicable,NotApplicable,NotApplicable,NotApplicable,NotApplicable,NotApplicable,NotApplicable,False,2,0,2,"title, tagged, lang, "
https://www.cc-coeurdegaronne.fr/wp-content/uploads/2022/09/99_DE-031-200068815-20220922-D_2022_159_7_1-DE-1-1_1.pdf,99_DE-031-200068815-20220922-D_2022_159_7_1-DE-1-1_1.pdf,cc-coeurdegaronne.fr,,150350,146.8 KB,analysed,2026-07-09T10:41:36.409121+00:00,2022-09-27 11:39:57+00:00,,,,,,False,True,False,Fail,Fail,Pass,Fail,Fail,Pass,Fail,NotApplicable,NotApplicable,NotApplicable,NotApplicable,NotApplicable,NotApplicable,NotApplicable,False,4,0,4,"title, tagged, lang, "
https://www.cc-coeurdegaronne.fr/wp-content/uploads/2022/09/99_DE-031-200068815-20220927-DEC_2022_23_1_1-DE-1-1_1-1.pdf,99_DE-031-200068815-20220927-DEC_2022_23_1_1-DE-1-1_1-1.pdf,cc-coeurdegaronne.fr,,214511,209.5 KB,analysed,2026-07-09T10:41:36.411539+00:00,2022-09-30 08:04:55+00:00,,Sivom de Rieumes,,,,False,False,False,Pass,Pass,Pass,Fail,Pass,Pass,Pass,NotApplicable,NotApplicable,NotApplicable,Fail,Warn,NotApplicable,Fail,False,1,255,2,"title, figures missing alt text (count=1), headings-none, tables-fail, "
https://www.cc-coeurdegaronne.fr/wp-content/uploads/2022/10/99_DE-031-200068815-20221011-DEC_2022_24_1_1-DE-1-1_1.pdf,99_DE-031-200068815-20221011-DEC_2022_24_1_1-DE-1-1_1.pdf,cc-coeurdegaronne.fr,,40221,39.3 KB,analysed,2026-07-09T10:41:36.413573+00:00,2022-10-13 13:09:27+00:00,,,,,,False,True,False,Fail,Fail,Pass,Fail,Fail,Pass,Fail,NotApplicable,NotApplicable,NotApplicable,NotApplicable,NotApplicable,NotApplicable,NotApplicable,False,1,0,1,"title, tagged, lang, "
https://www.cc-coeurdegaronne.fr/wp-content/uploads/2022/11/99_DE-031-200068815-20221018-DEC_2022_25_1_1-DE-1-1_1.pdf,99_DE-031-200068815-20221018-DEC_2022_25_1_1-DE-1-1_1.pdf,cc-coeurdegaronne.fr,,39508,38.6 KB,analysed,2026-07-09T10:41:36.415593+00:00,2022-11-03 12:41:00+00:00,,,,,,False,True,False,Fail,Fail,Pass,Fail,Fail,Pass,Fail,NotApplicable,NotApplicable,NotApplicable,NotApplicable,NotApplicable,NotApplicable,NotApplicable,False,1,0,1,"title, tagged, lang, "
https://www.cc-coeurdegaronne.fr/wp-content/uploads/2022/10/99_DE-031-200068815-20221020-D_2022_194_7_2-DE-1-1_1.pdf,99_DE-031-200068815-20221020-D_2022_194_7_2-DE-1-1_1.pdf,cc-coeurdegaronne.fr,,370488,361.8 KB,analysed,2026-07-09T10:41:36.418373+00:00,2022-10-21 12:52:24+00:00,,Sivom de Rieumes,,,,False,False,False,Pass,Pass,Pass,Fail,Pass,Pass,Fail,NotApplicable,NotApplicable,NotApplicable,Fail,Warn,Pass,Fail,False,4,1024,2,"title, tagged-content-fail, figures missing alt text (count=1), headings-none, tables-fail, "
https://www.cc-coeurdegaronne.fr/wp-content/uploads/2022/11/99_DE-031-200068815-20221031-DEC_2022_26_7_1-DE-1-1_1.pdf,99_DE-031-200068815-20221031-DEC_2022_26_7_1-DE-1-1_1.pdf,cc-coeurdegaronne.fr,,53601,52.3 KB,analysed,2026-07-09T10:41:36.420438+00:00,2022-11-03 12:45:53+00:00,,,,,,False,True,False,Fail,Fail,Pass,Fail,Fail,Pass,Fail,NotApplicable,NotApplicable,NotApplicable,NotApplicable,NotApplicable,NotApplicable,NotApplicable,False,2,0,2,"title, tagged, lang, "
https://www.cc-coeurdegaronne.fr/wp-content/uploads/2022/11/99_DE-031-200068815-20221107-DEC_2022_27_71-DE-1-1_1.pdf,99_DE-031-200068815-20221107-DEC_2022_27_71-DE-1-1_1.pdf,cc-coeurdegaronne.fr,,261991,255.9 KB,analysed,2026-07-09T10:41:36.423033+00:00,2022-11-14 08:35:22+00:00,,,,,,False,True,False,Fail,Fail,Pass,Fail,Fail,Pass,Fail,NotApplicable,NotApplicable,NotApplicable,NotApplicable,NotApplicable,NotApplicable,NotApplicable,False,6,0,6,"title, tagged, lang, "
https://www.cc-coeurdegaronne.fr/wp-content/uploads/2022/11/99_DE-031-200068815-20221108-DEC_2022_28_1_1-DE-1-1_1.pdf,99_DE-031-200068815-20221108-DEC_2022_28_1_1-DE-1-1_1.pdf,cc-coeurdegaronne.fr,,63359,61.9 KB,analysed,2026-07-09T10:41:36.425115+00:00,2022-11-14 08:36:34+00:00,,,,,,False,True,False,Fail,Fail,Pass,Fail,Fail,Pass,Fail,NotApplicable,NotApplicable,NotApplicable,NotApplicable,NotApplicable,NotApplicable,NotApplicable,False,1,0,1,"title, tagged, lang, "
https://www.cc-coeurdegaronne.fr/wp-content/uploads/2022/11/99_DE-031-200068815-20221129-DEC_2022_30_1_1-DE-1-1_1.pdf,99_DE-031-200068815-20221129-DEC_2022_30_1_1-DE-1-1_1.pdf,cc-coeurdegaronne.fr,,37784,36.9 KB,analysed,2026-07-09T10:41:36.427133+00:00,2022-11-30 12:49:12+00:00,,,,,,False,True,False,Fail,Fail,Pass,Fail,Fail,Pass,Fail,NotApplicable,NotApplicable,NotApplicable,NotApplicable,NotApplicable,NotApplicable,NotApplicable,False,1,0,1,"title, tagged, lang, "
https://www.cc-coeurdegaronne.fr/wp-content/uploads/2022/12/99_DE-031-200068815-20221208-DEC_2022_31_71B-DE-1-1_1.pdf,99_DE-031-200068815-20221208-DEC_2022_31_71B-DE-1-1_1.pdf,cc-coeurdegaronne.fr,,39670,38.7 KB,analysed,2026-07-09T10:41:36.429151+00:00,2022-12-14 15:52:18+00:00,,,,,,False,True,False,Fail,Fail,Pass,Fail,Fail,Pass,Fail,NotApplicable,NotApplicable,NotApplicable,NotApplicable,NotApplicable,NotApplicable,NotApplicable,False,1,0,1,"title, tagged, lang, "
https://www.cc-coeurdegaronne.fr/wp-content/uploads/2022/12/99_DE-031-200068815-20221212-DEC_2022_32_7_1-DE-1-1_1.pdf,99_DE-031-200068815-20221212-DEC_2022_32_7_1-DE-1-1_1.pdf,cc-coeurdegaronne.fr,,38659,37.8 KB,analysed,2026-07-09T10:41:36.431168+00:00,2022-12-13 13:38:34+00:00,,,,,,False,True,False,Fail,Fail,Pass,Fail,Fail,Pass,Fail,NotApplicable,NotApplicable,NotApplicable,NotApplicable,NotApplicable,NotApplicable,NotApplicable,False,1,0,1,"title, tagged, lang, "
https://www.cc-coeurdegaronne.fr/wp-content/uploads/2022/12/99_DE-031-200068815-20221213-DEC_2022_33_1_1-DE-1-1_1.pdf,99_DE-031-200068815-20221213-DEC_2022_33_1_1-DE-1-1_1.pdf,cc-coeurdegaronne.fr,,48266,47.1 KB,analysed,2026-07-09T10:41:36.433252+00:00,2022-12-13 13:41:17+00:00,,,,,,False,True,False,Fail,Fail,Pass,Fail,Fail,Pass,Fail,NotApplicable,NotApplicable,NotApplicable,NotApplicable,NotApplicable,NotApplicable,NotApplicable,False,1,0,1,"title, tagged, lang, "
https://www.cc-coeurdegaronne.fr/wp-content/uploads/2022/12/99_DE-031-200068815-20221215-D_2022_246_7_8-DE-1-1_1-combine_1.pdf,99_DE-031-200068815-20221215-D_2022_246_7_8-DE-1-1_1-combine_1.pdf,cc-coeurdegaronne.fr,,5032910,4.8 MB,analysed,2026-07-09T10:41:36.446573+00:00,2022-12-20 15:34:45+00:00,,Sivom de Rieumes,,,,False,False,False,Fail,Pass,Pass,Fail,Fail,Fail,Fail,NotApplicable,NotApplicable,Fail,NotApplicable,NotApplicable,NotApplicable,NotApplicable,False,97,29696,39,"title, tagged, lang, no bookmarks and more than 20 pages, annotations-untagged, "
https://www.cc-coeurdegaronne.fr/wp-content/uploads/2022/12/99_DE-031-200068815-20221219-DEC_2022_34_8_2-DE-1-1_1.pdf,99_DE-031-200068815-20221219-DEC_2022_34_8_2-DE-1-1_1.pdf,cc-coeurdegaronne.fr,,212418,207.4 KB,analysed,2026-07-09T10:41:36.449158+00:00,2022-12-20 14:35:15+00:00,,Sivom de Rieumes,,,,False,False,False,Pass,Pass,Pass,Fail,Pass,Pass,Pass,NotApplicable,NotApplicable,NotApplicable,Fail,Warn,Pass,Fail,False,2,513,2,"title, figures missing alt text (count=2), headings-none, tables-fail, "
https://www.cc-coeurdegaronne.fr/wp-content/uploads/2022/12/99_DE-031-200068815-20221220-DEC_2022_35_710-DE-1-1_1.pdf,99_DE-031-200068815-20221220-DEC_2022_35_710-DE-1-1_1.pdf,cc-coeurdegaronne.fr,,215954,210.9 KB,analysed,2026-07-09T10:41:36.451653+00:00,2022-12-20 14:36:29+00:00,,Sivom de Rieumes,,,,False,False,False,Pass,Pass,Pass,Fail,Pass,Pass,Pass,NotApplicable,NotApplicable,NotApplicable,Fail,Warn,Pass,Fail,False,2,620,2,"title, figures missing alt text (count=2), headings-none, tables-fail, "
https://www.cc-coeurdegaronne.fr/wp-content/uploads/2023/01/99_DE-031-200068815-20230103-DEC_2023_01_1_1-DE-1-1_1.pdf,99_DE-031-200068815-20230103-DEC_2023_01_1_1-DE-1-1_1.pdf,cc-coeurdegaronne.fr,,118759,116.0 KB,analysed,2026-07-09T10:41:36.453904+00:00,2023-01-17 14:51:16+00:00,,,,,,False,False,False,Fail,Pass,Pass,Fail,Fail,Pass,Fail,NotApplicable,NotApplicable,NotApplicable,NotApplicable,NotApplicable,NotApplicable,NotApplicable,False,1,1,1,"title, tagged, lang, "
https://www.cc-coeurdegaronne.fr/wp-content/uploads/2023/01/99_DE-031-200068815-20230117-DEC_2023_2_1_1-DE-1-1_1.pdf,99_DE-031-200068815-20230117-DEC_2023_2_1_1-DE-1-1_1.pdf,cc-coeurdegaronne.fr,,106359,103.9 KB,analysed,2026-07-09T10:41:36.456086+00:00,2023-01-19 13:01:40+00:00,,,,,,False,False,False,Fail,Pass,Pass,Fail,Fail,Pass,Fail,NotApplicable,NotApplicable,NotApplicable,NotApplicable,NotApplicable,NotApplicable,NotApplicable,False,1,1,1,"title, tagged, lang, "
https://www.cc-coeurdegaronne.fr/wp-content/uploads/2023/01/99_DE-031-200068815-20230117-DEC_2023_3_8_2B-DE-1-1_1.pdf,99_DE-031-200068815-20230117-DEC_2023_3_8_2B-DE-1-1_1.pdf,cc-coeurdegaronne.fr,,144955,141.6 KB,analysed,2026-07-09T10:41:36.458348+00:00,2023-01-19 13:20:50+00:00,,,,,,False,False,False,Fail,Pass,Pass,Fail,Fail,Pass,Fail,NotApplicable,NotApplicable,NotApplicable,NotApplicable,NotApplicable,NotApplicable,NotApplicable,False,2,1,2,"title, tagged, lang, "
https://www.cc-coeurdegaronne.fr/wp-content/uploads/2023/02/99_DE-031-200068815-20230124-DEC_2023_4_1_1-DE-1-1_1.pdf,99_DE-031-200068815-20230124-DEC_2023_4_1_1-DE-1-1_1.pdf,cc-coeurdegaronne.fr,,38889,38.0 KB,analysed,2026-07-09T10:41:36.460399+00:00,2023-01-30 09:42:48+00:00,,,,,,False,True,False,Fail,Fail,Pass,Fail,Fail,Pass,Fail,NotApplicable,NotApplicable,NotApplicable,NotApplicable,NotApplicable,NotApplicable,NotApplicable,False,1,0,1,"title, tagged, lang, "
https://www.cc-coeurdegaronne.fr/wp-content/uploads/2023/02/99_DE-031-200068815-20230213-DEC_2023_5_1_1-DE-1-1_1.pdf,99_DE-031-200068815-20230213-DEC_2023_5_1_1-DE-1-1_1.pdf,cc-coeurdegaronne.fr,,46907,45.8 KB,analysed,2026-07-09T10:41:36.462457+00:00,2023-02-14 15:18:05+00:00,,,,,,False,True,False,Fail,Fail,Pass,Fail,Fail,Pass,Fail,NotApplicable,NotApplicable,NotApplicable,NotApplicable,NotApplicable,NotApplicable,NotApplicable,False,1,0,1,"title, tagged, lang, "
https://www.cc-coeurdegaronne.fr/wp-content/uploads/2023/02/99_DE-031-200068815-20230216-D_2023_18_7_8-DE-1-1_1-combin%C3%A9.pdf,99_DE-031-200068815-20230216-D_2023_18_7_8-DE-1-1_1-combin%C3%A9.pdf,cc-coeurdegaronne.fr,,3113891,3.0 MB,analysed,2026-07-09T10:41:36.471419+00:00,2023-02-21 09:50:56+00:00,,Sivom de Rieumes,,,,False,False,False,Fail,Pass,Pass,Fail,Fail,Pass,Fail,NotApplicable,NotApplicable,Fail,NotApplicable,NotApplicable,NotApplicable,NotApplicable,False,88,27791,29,"title, tagged, lang, annotations-untagged, "
https://www.cc-coeurdegaronne.fr/wp-content/uploads/2025/07/A-Rapport-denquete-unique-evolution-PLU-Savere.pdf,A-Rapport-denquete-unique-evolution-PLU-Savere.pdf,cc-coeurdegaronne.fr,,1271369,1.2 MB,analysed,2026-07-09T10:41:36.476314+00:00,2025-06-26 13:32:15+00:00,,Jean-René Odier,,,,False,False,False,Pass,Pass,Pass,Fail,Pass,Fail,Pass,NotApplicable,NotApplicable,Pass,Fail,Pass,Pass,Pass,False,26,6133,13,"title, no bookmarks and more than 20 pages, figures missing alt text (count=44), "
https://www.cc-coeurdegaronne.fr/wp-content/uploads/2025/07/A2-Annexes-rapport-Saveres.pdf,A2-Annexes-rapport-Saveres.pdf,cc-coeurdegaronne.fr,,5625443,5.4 MB,analysed,2026-07-09T10:41:36.491021+00:00,2025-06-26 13:31:07+00:00,,,,,,False,False,False,Fail,Pass,Pass,Fail,Fail,Pass,Fail,NotApplicable,NotApplicable,Fail,NotApplicable,NotApplicable,NotApplicable,NotApplicable,False,36,10528,65,"title, tagged, lang, annotations-untagged, "
https://www.cc-coeurdegaronne.fr/wp-content/uploads/2024/02/ARRETE-2.pdf,ARRETE-2.pdf,cc-coeurdegaronne.fr,,201246,196.5 KB,analysed,2026-07-09T10:41:36.493707+00:00,2024-02-08 15:42:23+00:00,S22C-824020816420,,,,,False,True,False,Fail,Fail,Pass,Fail,Fail,Pass,Fail,NotApplicable,NotApplicable,NotApplicable,NotApplicable,NotApplicable,NotApplicable,NotApplicable,False,4,0,34,"title, tagged, lang, "
https://www.cc-coeurdegaronne.fr/wp-content/uploads/2024/02/AVIS-DE-PUBLICATION.pdf,AVIS-DE-PUBLICATION.pdf,cc-coeurdegaronne.fr,,70421,68.8 KB,analysed,2026-07-09T10:41:36.495932+00:00,2024-02-08 15:42:35+00:00,S22C-824020816421,,,,,False,True,False,Fail,Fail,Pass,Fail,Fail,Pass,Fail,NotApplicable,NotApplicable,NotApplicable,NotApplicable,NotApplicable,NotApplicable,NotApplicable,False,1,0,36,"title, tagged, lang, "
https://www.cc-coeurdegaronne.fr/wp-content/uploads/2024/03/Affiche-2024.pdf,Affiche-2024.pdf,cc-coeurdegaronne.fr,,589812,576.0 KB,analysed,2026-07-09T10:41:36.499276+00:00,2024-03-20 09:26:39+00:00,,,,,,False,False,False,Fail,Pass,Pass,Fail,Pass,Pass,Fail,NotApplicable,NotApplicable,NotApplicable,NotApplicable,NotApplicable,NotApplicable,NotApplicable,False,1,80,4,"title, tagged, "
https://www.cc-coeurdegaronne.fr/wp-content/uploads/2023/10/Affiche-Contactez-nous-27.07.2023.pdf,Affiche-Contactez-nous-27.07.2023.pdf,cc-coeurdegaronne.fr,,156808,153.1 KB,analysed,2026-07-09T10:41:36.501598+00:00,2023-07-27 13:41:27+00:00,,Béatrice Jourda,,,,False,False,False,Pass,Pass,Pass,Fail,Pass,Pass,Pass,NotApplicable,NotApplicable,NotApplicable,Fail,Warn,NotApplicable,NotApplicable,False,1,64,2,"title, figures missing alt text (count=1), headings-none, "
https://www.cc-coeurdegaronne.fr/wp-content/uploads/2025/09/Aides-employeur-Septembre-2025.pdf,Aides-employeur-Septembre-2025.pdf,cc-coeurdegaronne.fr,,285642,278.9 KB,analysed,2026-07-09T10:41:36.504268+00:00,2025-09-08 10:16:12+00:00,LES AIDES FINANCIERES (PAJE),admprof,,,,True,False,False,Pass,Pass,Pass,Pass,Pass,Pass,Pass,NotApplicable,NotApplicable,Pass,Pass,Warn,Pass,Pass,False,6,2054,9,"headings-warn, "
https://www.cc-coeurdegaronne.fr/wp-content/uploads/2024/02/Annexe-1_PADD-debattu.pdf,Annexe-1_PADD-debattu.pdf,cc-coeurdegaronne.fr,,1308643,1.2 MB,analysed,2026-07-09T10:41:36.509213+00:00,2021-12-22 10:35:01+00:00,,Atelier Urbain,,,,False,False,False,Pass,Pass,Pass,Fail,Pass,Pass,Pass,NotApplicable,NotApplicable,NotApplicable,Fail,Pass,Pass,NotApplicable,False,19,3841,61,"title, figures missing alt text (count=25), "
https://www.cc-coeurdegaronne.fr/wp-content/uploads/2024/02/Annexe-2_Zonage-de-la-carte-communale.pdf,Annexe-2_Zonage-de-la-carte-communale.pdf,cc-coeurdegaronne.fr,,1188364,1.1 MB,analysed,2026-07-09T10:41:36.513886+00:00,2020-07-16 13:55:38+00:00,S30C-0i20071614550,,,,,False,True,False,Fail,Fail,Pass,Fail,Fail,Pass,Fail,NotApplicable,NotApplicable,NotApplicable,NotApplicable,NotApplicable,NotApplicable,NotApplicable,False,4,0,323,"title, tagged, lang, "
https://www.cc-coeurdegaronne.fr/wp-content/uploads/2024/02/Annexe-3_Zonage-PLU_En-cours.pdf,Annexe-3_Zonage-PLU_En-cours.pdf,cc-coeurdegaronne.fr,,3370632,3.2 MB,analysed,2026-07-09T10:41:36.523488+00:00,2022-04-08 06:47:35+00:00,,Atelier Urbain,,,,False,False,False,Fail,Pass,Pass,Fail,Fail,Pass,Fail,NotApplicable,NotApplicable,NotApplicable,NotApplicable,NotApplicable,NotApplicable,NotApplicable,False,1,114,14,"title, tagged, lang, "
https://www.cc-coeurdegaronne.fr/wp-content/uploads/2024/02/Annexe-4_Cartographie-de-superposition.pdf,Annexe-4_Cartographie-de-superposition.pdf,cc-coeurdegaronne.fr,,546055,533.3 KB,analysed,2026-07-09T10:41:36.526736+00:00,2022-03-31 15:19:17+00:00,,Mathilde REDON,,,,False,False,False,Pass,Pass,Pass,Fail,Pass,Pass,Pass,NotApplicable,NotApplicable,NotApplicable,Fail,Pass,Pass,NotApplicable,False,1,82,2,"title, figures missing alt text (count=4), "
https://www.cc-coeurdegaronne.fr/wp-content/uploads/2025/09/Annuaire-Coeur-de-Garonne-Mfhg-v5.pdf,Annuaire-Coeur-de-Garonne-Mfhg-v5.pdf,cc-coeurdegaronne.fr,,266375,260.1 KB,analysed,2026-07-09T10:41:36.529421+00:00,2025-09-12 09:33:39+00:00,,MBARTHES,,,,False,False,False,Pass,Pass,Pass,Fail,Pass,Pass,Pass,NotApplicable,NotApplicable,NotApplicable,Pass,Warn,NotApplicable,NotApplicable,False,1,167,1,"title, headings-none, "
https://www.cc-coeurdegaronne.fr/wp-content/uploads/2022/03/Arrete-du-23-septembre-2021-portant-creation-dune-charte-nationale-pour-laccueil-du-jeune-enfant.pdf,Arrete-du-23-septembre-2021-portant-creation-dune-charte-nationale-pour-laccueil-du-jeune-enfant.pdf,cc-coeurdegaronne.fr,,196811,192.2 KB,analysed,2026-07-09T10:41:36.531849+00:00,2022-02-22 21:17:02+00:00,Journal officiel de la République française - N° 228 du 30 septembre 2021,Direction de l'information légale et administrative,Lois et décrets,ISSN:0373-0425,Lois et décrets,True,False,False,Pass,Pass,Pass,Pass,Pass,Pass,Pass,NotApplicable,NotApplicable,NotApplicable,Pass,Warn,NotApplicable,NotApplicable,False,6,5042,6,"headings-none, "
https://www.cc-coeurdegaronne.fr/wp-content/uploads/2023/02/Articulation-des-diff%C3%A9rentes-%C3%A9tudes-GEMAPI-en-cours-sur-le-bassin-versant-du-Touch-PAPI-janvier-2023.pdf,Articulation-des-diff%C3%A9rentes-%C3%A9tudes-GEMAPI-en-cours-sur-le-bassin-versant-du-Touch-PAPI-janvier-2023.pdf,cc-coeurdegaronne.fr,,1358745,1.3 MB,analysed,2026-07-09T10:41:36.536896+00:00,2023-02-06 11:00:09+00:00,,,,,,False,False,False,Fail,Pass,Pass,Fail,Fail,Pass,Fail,NotApplicable,NotApplicable,NotApplicable,NotApplicable,NotApplicable,NotApplicable,NotApplicable,False,3,564,9,"title, tagged, lang, "
https://www.cc-coeurdegaronne.fr/wp-content/uploads/2025/07/Avis-dappel-a-candidature-aux-assos-Nomination-des-administrateurs-CIAS-3CG.pdf,Avis-dappel-a-candidature-aux-assos-Nomination-des-administrateurs-CIAS-3CG.pdf,cc-coeurdegaronne.fr,,328070,320.4 KB,analysed,2026-07-09T10:41:36.539608+00:00,2025-07-09 07:28:11+00:00,,Caroline Boutonnet,,,,False,False,False,Pass,Pass,Pass,Fail,Pass,Pass,Fail,NotApplicable,NotApplicable,NotApplicable,Fail,Warn,NotApplicable,NotApplicable,False,1,358,2,"title, tagged-content-fail, figures missing alt text (count=1), headings-none, "
https://www.cc-coeurdegaronne.fr/wp-content/uploads/2025/02/Avis_enquete_PNRCBP.pdf,Avis_enquete_PNRCBP.pdf,cc-coeurdegaronne.fr,,732090,714.9 KB,analysed,2026-07-09T10:41:36.543303+00:00,2025-02-20 07:57:46+01:00,Microsoft Word - Avis_enquete_PNRCBP-140325,GOUNOT Cecile,,,,False,False,False,Fail,Pass,Pass,Fail,Fail,Pass,Fail,NotApplicable,NotApplicable,NotApplicable,NotApplicable,NotApplicable,NotApplicable,NotApplicable,False,1,1660,3,"title, tagged, lang, "
https://www.cc-coeurdegaronne.fr/wp-content/uploads/2025/07/B-Conclusions-et-avis-Modification-n%C2%B02-PLU-Saveres-31.pdf,B-Conclusions-et-avis-Modification-n%C2%B02-PLU-Saveres-31.pdf,cc-coeurdegaronne.fr,,531739,519.3 KB,analysed,2026-07-09T10:41:36.546519+00:00,2025-06-26 13:33:42+00:00,,Jean-René Odier,,,,False,False,False,Pass,Pass,Pass,Fail,Pass,Pass,Pass,NotApplicable,NotApplicable,Pass,Fail,Pass,Pass,NotApplicable,False,14,4072,4,"title, figures missing alt text (count=1), "
https://www.cc-coeurdegaronne.fr/wp-content/uploads/2020/02/BP-2020-PDR.pdf,BP-2020-PDR.pdf,cc-coeurdegaronne.fr,,1754832,1.7 MB,analysed,2026-07-09T10:41:36.552442+00:00,2020-02-20 09:40:06-01:00,,,,,,False,False,False,Fail,Pass,Pass,Fail,Fail,Fail,Fail,NotApplicable,NotApplicable,NotApplicable,NotApplicable,NotApplicable,NotApplicable,NotApplicable,False,44,7893,0,"title, tagged, lang, no bookmarks and more than 20 pages, "
https://www.cc-coeurdegaronne.fr/wp-content/uploads/2020/02/BP-2020-PHOTOVOLTAIQUE.pdf,BP-2020-PHOTOVOLTAIQUE.pdf,cc-coeurdegaronne.fr,,2130008,2.0 MB,analysed,2026-07-09T10:41:36.559208+00:00,2020-02-18 09:06:44-01:00,,,,,,False,False,False,Fail,Pass,Pass,Fail,Fail,Fail,Fail,NotApplicable,NotApplicable,NotApplicable,NotApplicable,NotApplicable,NotApplicable,NotApplicable,False,47,10854,0,"title, tagged, lang, no bookmarks and more than 20 pages, "
https://www.cc-coeurdegaronne.fr/wp-content/uploads/2020/02/BP-2020-ZA-BOURGAIL-BERAT.pdf,BP-2020-ZA-BOURGAIL-BERAT.pdf,cc-coeurdegaronne.fr,,2341708,2.2 MB,analysed,2026-07-09T10:41:36.566478+00:00,2020-02-18 10:04:33-01:00,,,,,,False,False,False,Fail,Pass,Pass,Fail,Fail,Fail,Fail,NotApplicable,NotApplicable,NotApplicable,NotApplicable,NotApplicable,NotApplicable,NotApplicable,False,56,12758,0,"title, tagged, lang, no bookmarks and more than 20 pages, "
https://www.cc-coeurdegaronne.fr/wp-content/uploads/2020/02/BP-2020-ZA-BOUSSENS.pdf,BP-2020-ZA-BOUSSENS.pdf,cc-coeurdegaronne.fr,,2357967,2.2 MB,analysed,2026-07-09T10:41:36.573818+00:00,2020-02-18 10:01:24-01:00,,,,,,False,False,False,Fail,Pass,Pass,Fail,Fail,Fail,Fail,NotApplicable,NotApplicable,NotApplicable,NotApplicable,NotApplicable,NotApplicable,NotApplicable,False,55,12574,0,"title, tagged, lang, no bookmarks and more than 20 pages, "
https://www.cc-coeurdegaronne.fr/wp-content/uploads/2020/02/BP-2020-ZA-DESCAILLAUX.pdf,BP-2020-ZA-DESCAILLAUX.pdf,cc-coeurdegaronne.fr,,2477671,2.4 MB,analysed,2026-07-09T10:41:36.581382+00:00,2020-02-25 08:56:14-01:00,,,,,,False,False,False,Fail,Pass,Pass,Fail,Fail,Fail,Fail,NotApplicable,NotApplicable,NotApplicable,NotApplicable,NotApplicable,NotApplicable,NotApplicable,False,60,14992,0,"title, tagged, lang, no bookmarks and more than 20 pages, "
https://www.cc-coeurdegaronne.fr/wp-content/uploads/2020/02/BP-2020-ZA-MARTRES-TOLOSANE.pdf,BP-2020-ZA-MARTRES-TOLOSANE.pdf,cc-coeurdegaronne.fr,,2374691,2.3 MB,analysed,2026-07-09T10:41:36.588711+00:00,2020-02-18 10:07:50-01:00,,,,,,False,False,False,Fail,Pass,Pass,Fail,Fail,Fail,Fail,NotApplicable,NotApplicable,NotApplicable,NotApplicable,NotApplicable,NotApplicable,NotApplicable,False,56,13081,0,"title, tagged, lang, no bookmarks and more than 20 pages, "
https://www.cc-coeurdegaronne.fr/wp-content/uploads/2020/02/BP-2020-ZA-STE-FOY-DE-PEYROLIERES.pdf,BP-2020-ZA-STE-FOY-DE-PEYROLIERES.pdf,cc-coeurdegaronne.fr,,2376449,2.3 MB,analysed,2026-07-09T10:41:36.596127+00:00,2020-02-18 10:10:20-01:00,,,,,,False,False,False,Fail,Pass,Pass,Fail,Fail,Fail,Fail,NotApplicable,NotApplicable,NotApplicable,NotApplicable,NotApplicable,NotApplicable,NotApplicable,False,55,12754,0,"title, tagged, lang, no bookmarks and more than 20 pages, "
https://www.cc-coeurdegaronne.fr/wp-content/uploads/2022/04/BP-2022-OTI-VOTE.pdf,BP-2022-OTI-VOTE.pdf,cc-coeurdegaronne.fr,,1072029,1.0 MB,analysed,2026-07-09T10:41:36.600642+00:00,2022-04-04 14:04:09+02:00,,,,,,False,False,False,Fail,Pass,Pass,Fail,Fail,Fail,Fail,NotApplicable,NotApplicable,NotApplicable,NotApplicable,NotApplicable,NotApplicable,NotApplicable,False,119,36070,0,"title, tagged, lang, no bookmarks and more than 20 pages, "
https://www.cc-coeurdegaronne.fr/wp-content/uploads/2022/04/BP-2022-PDR-VOTE.pdf,BP-2022-PDR-VOTE.pdf,cc-coeurdegaronne.fr,,1060826,1.0 MB,analysed,2026-07-09T10:41:36.605050+00:00,2022-04-04 14:17:19+02:00,,,,,,False,False,False,Fail,Pass,Pass,Fail,Fail,Fail,Fail,NotApplicable,NotApplicable,NotApplicable,NotApplicable,NotApplicable,NotApplicable,NotApplicable,False,118,35253,0,"title, tagged, lang, no bookmarks and more than 20 pages, "
https://www.cc-coeurdegaronne.fr/wp-content/uploads/2022/04/BP-2022-PHOTOVOLTAIQUE-VOTE.pdf,BP-2022-PHOTOVOLTAIQUE-VOTE.pdf,cc-coeurdegaronne.fr,,251426,245.5 KB,analysed,2026-07-09T10:41:36.607641+00:00,2022-04-04 14:12:49+02:00,,,,,,False,False,False,Fail,Pass,Pass,Fail,Fail,Fail,Fail,NotApplicable,NotApplicable,NotApplicable,NotApplicable,NotApplicable,NotApplicable,NotApplicable,False,52,12226,0,"title, tagged, lang, no bookmarks and more than 20 pages, "
https://www.cc-coeurdegaronne.fr/wp-content/uploads/2022/04/BP-2022-PRINCIPAL-VOTE.pdf,BP-2022-PRINCIPAL-VOTE.pdf,cc-coeurdegaronne.fr,,1416104,1.4 MB,analysed,2026-07-09T10:41:36.612822+00:00,2022-04-04 13:57:56+02:00,,,,,,False,False,False,Fail,Pass,Pass,Fail,Fail,Fail,Fail,NotApplicable,NotApplicable,NotApplicable,NotApplicable,NotApplicable,NotApplicable,NotApplicable,False,156,53811,0,"title, tagged, lang, no bookmarks and more than 20 pages, "
https://www.cc-coeurdegaronne.fr/wp-content/uploads/2022/04/BP-2022-ZA-BOURGAIL-VOTE.pdf,BP-2022-ZA-BOURGAIL-VOTE.pdf,cc-coeurdegaronne.fr,,1059878,1.0 MB,analysed,2026-07-09T10:41:36.617210+00:00,2022-04-04 14:27:46+02:00,,,,,,False,False,False,Fail,Pass,Pass,Fail,Fail,Fail,Fail,NotApplicable,NotApplicable,NotApplicable,NotApplicable,NotApplicable,NotApplicable,NotApplicable,False,117,35458,0,"title, tagged, lang, no bookmarks and more than 20 pages, "
https://www.cc-coeurdegaronne.fr/wp-content/uploads/2022/04/BP-2022-ZA-BOUSSENS-VOTE.pdf,BP-2022-ZA-BOUSSENS-VOTE.pdf,cc-coeurdegaronne.fr,,1055212,1.0 MB,analysed,2026-07-09T10:41:36.621551+00:00,2022-04-04 14:23:52+02:00,,,,,,False,False,False,Fail,Pass,Pass,Fail,Fail,Fail,Fail,NotApplicable,NotApplicable,NotApplicable,NotApplicable,NotApplicable,NotApplicable,NotApplicable,False,117,34722,0,"title, tagged, lang, no bookmarks and more than 20 pages, "
https://www.cc-coeurdegaronne.fr/wp-content/uploads/2022/04/BP-2022-ZA-DESCAILLAUX-VOTE.pdf,BP-2022-ZA-DESCAILLAUX-VOTE.pdf,cc-coeurdegaronne.fr,,1062163,1.0 MB,analysed,2026-07-09T10:41:36.625917+00:00,2022-04-04 14:25:47+02:00,,,,,,False,False,False,Fail,Pass,Pass,Fail,Fail,Fail,Fail,NotApplicable,NotApplicable,NotApplicable,NotApplicable,NotApplicable,NotApplicable,NotApplicable,False,117,35555,0,"title, tagged, lang, no bookmarks and more than 20 pages, "
https://www.cc-coeurdegaronne.fr/wp-content/uploads/2022/04/BP-2022-ZA-LHERM-VOTE.pdf,BP-2022-ZA-LHERM-VOTE.pdf,cc-coeurdegaronne.fr,,1058591,1.0 MB,analysed,2026-07-09T10:41:36.630257+00:00,2022-04-04 14:30:23+02:00,,,,,,False,False,False,Fail,Pass,Pass,Fail,Fail,Fail,Fail,NotApplicable,NotApplicable,NotApplicable,NotApplicable,NotApplicable,NotApplicable,NotApplicable,False,117,35318,0,"title, tagged, lang, no bookmarks and more than 20 pages, "
https://www.cc-coeurdegaronne.fr/wp-content/uploads/2022/04/BP-2022-ZA-MARTRES-VOTE.pdf,BP-2022-ZA-MARTRES-VOTE.pdf,cc-coeurdegaronne.fr,,1059473,1.0 MB,analysed,2026-07-09T10:41:36.634608+00:00,2022-04-04 14:33:17+02:00,,,,,,False,False,False,Fail,Pass,Pass,Fail,Fail,Fail,Fail,NotApplicable,NotApplicable,NotApplicable,NotApplicable,NotApplicable,NotApplicable,NotApplicable,False,117,35097,0,"title, tagged, lang, no bookmarks and more than 20 pages, "
https://www.cc-coeurdegaronne.fr/wp-content/uploads/2022/04/BP-2022-ZA-STE-FOY-VOTE.pdf,BP-2022-ZA-STE-FOY-VOTE.pdf,cc-coeurdegaronne.fr,,1062843,1.0 MB,analysed,2026-07-09T10:41:36.639009+00:00,2022-04-04 14:45:36+02:00,,,,,,False,False,False,Fail,Pass,Pass,Fail,Fail,Fail,Fail,NotApplicable,NotApplicable,NotApplicable,NotApplicable,NotApplicable,NotApplicable,NotApplicable,False,117,35738,0,"title, tagged, lang, no bookmarks and more than 20 pages, "
https://www.cc-coeurdegaronne.fr/wp-content/uploads/2023/06/BP-2023-BP-PRINCIPAL-VOTE.pdf,BP-2023-BP-PRINCIPAL-VOTE.pdf,cc-coeurdegaronne.fr,,1408665,1.3 MB,analysed,2026-07-09T10:41:36.644226+00:00,2023-04-11 14:46:57+02:00,,,,,,False,False,False,Fail,Pass,Pass,Fail,Fail,Fail,Fail,NotApplicable,NotApplicable,NotApplicable,NotApplicable,NotApplicable,NotApplicable,NotApplicable,False,156,53508,0,"title, tagged, lang, no bookmarks and more than 20 pages, "
https://www.cc-coeurdegaronne.fr/wp-content/uploads/2023/06/BP-2023-OTI-VOTE.pdf,BP-2023-OTI-VOTE.pdf,cc-coeurdegaronne.fr,,1042277,1017.8 KB,analysed,2026-07-09T10:41:36.648564+00:00,2023-04-11 14:51:21+02:00,,,,,,False,False,False,Fail,Pass,Pass,Fail,Fail,Fail,Fail,NotApplicable,NotApplicable,NotApplicable,NotApplicable,NotApplicable,NotApplicable,NotApplicable,False,117,35126,0,"title, tagged, lang, no bookmarks and more than 20 pages, "
https://www.cc-coeurdegaronne.fr/wp-content/uploads/2023/06/BP-2023-PDR-VOTE.pdf,BP-2023-PDR-VOTE.pdf,cc-coeurdegaronne.fr,,1029991,1005.9 KB,analysed,2026-07-09T10:41:36.652877+00:00,2023-04-11 15:13:35+02:00,,,,,,False,False,False,Fail,Pass,Pass,Fail,Fail,Fail,Fail,NotApplicable,NotApplicable,NotApplicable,NotApplicable,NotApplicable,NotApplicable,NotApplicable,False,116,34229,0,"title, tagged, lang, no bookmarks and more than 20 pages, "
https://www.cc-coeurdegaronne.fr/wp-content/uploads/2023/06/BP-2023-PHOTOVOLTAIQUE-VOTE.pdf,BP-2023-PHOTOVOLTAIQUE-VOTE.pdf,cc-coeurdegaronne.fr,,259951,253.9 KB,analysed,2026-07-09T10:41:36.655443+00:00,2023-04-11 16:15:41+02:00,,,,,,False,False,False,Fail,Pass,Pass,Fail,Fail,Fail,Fail,NotApplicable,NotApplicable,NotApplicable,NotApplicable,NotApplicable,NotApplicable,NotApplicable,False,54,12396,0,"title, tagged, lang, no bookmarks and more than 20 pages, "
https://www.cc-coeurdegaronne.fr/wp-content/uploads/2023/06/BP-2023-ZA-BERAT-VOTE.pdf,BP-2023-ZA-BERAT-VOTE.pdf,cc-coeurdegaronne.fr,,1029567,1005.4 KB,analysed,2026-07-09T10:41:36.659721+00:00,2023-04-11 15:57:45+02:00,,,,,,False,False,False,Fail,Pass,Pass,Fail,Fail,Fail,Fail,NotApplicable,NotApplicable,NotApplicable,NotApplicable,NotApplicable,NotApplicable,NotApplicable,False,115,34474,0,"title, tagged, lang, no bookmarks and more than 20 pages, "
https://www.cc-coeurdegaronne.fr/wp-content/uploads/2023/06/BP-2023-ZA-BOUSSENS-VOTE.pdf,BP-2023-ZA-BOUSSENS-VOTE.pdf,cc-coeurdegaronne.fr,,1027618,1003.5 KB,analysed,2026-07-09T10:41:36.664045+00:00,2023-04-11 15:15:54+02:00,,,,,,False,False,False,Fail,Pass,Pass,Fail,Fail,Fail,Fail,NotApplicable,NotApplicable,NotApplicable,NotApplicable,NotApplicable,NotApplicable,NotApplicable,False,115,34085,0,"title, tagged, lang, no bookmarks and more than 20 pages, "
https://www.cc-coeurdegaronne.fr/wp-content/uploads/2023/06/BP-2023-ZA-DESCAILLAUX.pdf,BP-2023-ZA-DESCAILLAUX.pdf,cc-coeurdegaronne.fr,,981523,958.5 KB,analysed,2026-07-09T10:41:36.668241+00:00,2023-03-15 15:08:42+01:00,,,,,,False,False,False,Fail,Pass,Pass,Fail,Fail,Fail,Fail,NotApplicable,NotApplicable,NotApplicable,NotApplicable,NotApplicable,NotApplicable,NotApplicable,False,102,32451,0,"title, tagged, lang, no bookmarks and more than 20 pages, "
https://www.cc-coeurdegaronne.fr/wp-content/uploads/2023/06/BP-2023-ZA-LHERM-VOTE.pdf,BP-2023-ZA-LHERM-VOTE.pdf,cc-coeurdegaronne.fr,,1028607,1004.5 KB,analysed,2026-07-09T10:41:36.672554+00:00,2023-04-11 16:05:17+02:00,,,,,,False,False,False,Fail,Pass,Pass,Fail,Fail,Fail,Fail,NotApplicable,NotApplicable,NotApplicable,NotApplicable,NotApplicable,NotApplicable,NotApplicable,False,115,34378,0,"title, tagged, lang, no bookmarks and more than 20 pages, "
https://www.cc-coeurdegaronne.fr/wp-content/uploads/2023/06/BP-2023-ZA-MARTRES-VOTE.pdf,BP-2023-ZA-MARTRES-VOTE.pdf,cc-coeurdegaronne.fr,,1029104,1005.0 KB,analysed,2026-07-09T10:41:36.676853+00:00,2023-04-11 16:13:17+02:00,,,,,,False,False,False,Fail,Pass,Pass,Fail,Fail,Fail,Fail,NotApplicable,NotApplicable,NotApplicable,NotApplicable,NotApplicable,NotApplicable,NotApplicable,False,115,34140,0,"title, tagged, lang, no bookmarks and more than 20 pages, "
https://www.cc-coeurdegaronne.fr/wp-content/uploads/2023/06/BP-2023-ZA-STE-FOY-VOTE.pdf,BP-2023-ZA-STE-FOY-VOTE.pdf,cc-coeurdegaronne.fr,,1030002,1005.9 KB,analysed,2026-07-09T10:41:36.681141+00:00,2023-04-11 16:18:15+02:00,,,,,,False,False,False,Fail,Pass,Pass,Fail,Fail,Fail,Fail,NotApplicable,NotApplicable,NotApplicable,NotApplicable,NotApplicable,NotApplicable,NotApplicable,False,115,34473,0,"title, tagged, lang, no bookmarks and more than 20 pages, "
https://www.cc-coeurdegaronne.fr/wp-content/uploads/2020/08/BP-BUDGET-PRINCIPAL-18-VERSION-4.pdf,BP-BUDGET-PRINCIPAL-18-VERSION-4.pdf,cc-coeurdegaronne.fr,,2601878,2.5 MB,analysed,2026-07-09T10:41:36.688975+00:00,2019-05-28 14:53:12+00:00,,,,,,False,False,False,Fail,Pass,Pass,Fail,Fail,Fail,Fail,NotApplicable,NotApplicable,NotApplicable,NotApplicable,NotApplicable,NotApplicable,NotApplicable,False,117,38822,0,"title, tagged, lang, no bookmarks and more than 20 pages, "
https://www.cc-coeurdegaronne.fr/wp-content/uploads/2026/03/BP-CIAS-2026-SAAD-A-imprimer.pdf,BP-CIAS-2026-SAAD-A-imprimer.pdf,cc-coeurdegaronne.fr,,5760979,5.5 MB,analysed,2026-07-09T10:41:36.704088+00:00,2025-12-15 10:22:29+00:00,,,,,,False,False,False,Fail,Pass,Pass,Fail,Fail,Pass,Fail,NotApplicable,NotApplicable,NotApplicable,NotApplicable,NotApplicable,NotApplicable,NotApplicable,False,15,4671,3,"title, tagged, lang, "
https://www.cc-coeurdegaronne.fr/wp-content/uploads/2026/03/BP-CIAS-2026-SCELLE.pdf,BP-CIAS-2026-SCELLE.pdf,cc-coeurdegaronne.fr,,703841,687.3 KB,analysed,2026-07-09T10:41:36.707992+00:00,2025-12-12 11:40:59+01:00,,,,,,False,False,False,Fail,Pass,Pass,Fail,Fail,Pass,Fail,NotApplicable,NotApplicable,NotApplicable,NotApplicable,NotApplicable,NotApplicable,NotApplicable,False,156,29696,0,"title, tagged, lang, "
https://www.cc-coeurdegaronne.fr/wp-content/uploads/2026/03/BP-CIAS-PDR-2026-SCELLE.pdf,BP-CIAS-PDR-2026-SCELLE.pdf,cc-coeurdegaronne.fr,,677653,661.8 KB,analysed,2026-07-09T10:41:36.711604+00:00,2025-12-12 11:58:03+01:00,,,,,,False,False,False,Fail,Pass,Pass,Fail,Fail,Pass,Fail,NotApplicable,NotApplicable,NotApplicable,NotApplicable,NotApplicable,NotApplicable,NotApplicable,False,155,27969,0,"title, tagged, lang, "
https://www.cc-coeurdegaronne.fr/wp-content/uploads/2026/02/BP-OTI-2025.pdf,BP-OTI-2025.pdf,cc-coeurdegaronne.fr,,631332,616.5 KB,analysed,2026-07-09T10:41:36.715020+00:00,2025-03-03 14:27:49+01:00,,,,,,False,False,False,Fail,Pass,Pass,Fail,Fail,Fail,Fail,NotApplicable,NotApplicable,NotApplicable,NotApplicable,NotApplicable,NotApplicable,NotApplicable,False,140,28086,0,"title, tagged, lang, no bookmarks and more than 20 pages, "
https://www.cc-coeurdegaronne.fr/wp-content/uploads/2026/03/BP-OTI.pdf,BP-OTI.pdf,cc-coeurdegaronne.fr,,717402,700.6 KB,analysed,2026-07-09T10:41:36.718599+00:00,2026-02-02 13:06:40+01:00,,,,,,False,False,False,Fail,Pass,Pass,Fail,Fail,Pass,Fail,NotApplicable,NotApplicable,NotApplicable,NotApplicable,NotApplicable,NotApplicable,NotApplicable,False,159,30188,0,"title, tagged, lang, "
https://www.cc-coeurdegaronne.fr/wp-content/uploads/2026/02/BP-PDR-2025.pdf,BP-PDR-2025.pdf,cc-coeurdegaronne.fr,,615794,601.4 KB,pending,2026-07-09T10:41:36.721961+00:00,,,,,,,,,,,,,,,,,,,,,,,,,,,,
https://www.cc-coeurdegaronne.fr/wp-content/uploads/2026/02/BP-PHOTOVOLTAIQUE-2025.pdf,BP-PHOTOVOLTAIQUE-2025.pdf,cc-coeurdegaronne.fr,,136523,133.3 KB,pending,2026-07-09T10:41:36.724221+00:00,,,,,,,,,,,,,,,,,,,,,,,,,,,,
https://www.cc-coeurdegaronne.fr/wp-content/uploads/2026/03/BP-PHOTOVOLTAIQUE.pdf,BP-PHOTOVOLTAIQUE.pdf,cc-coeurdegaronne.fr,,298154,291.2 KB,pending,2026-07-09T10:41:36.726856+00:00,,,,,,,,,,,,,,,,,,,,,,,,,,,,
https://www.cc-coeurdegaronne.fr/wp-content/uploads/2026/02/BP-PRINCIPAL-2025.pdf,BP-PRINCIPAL-2025.pdf,cc-coeurdegaronne.fr,,1043291,1018.8 KB,pending,2026-07-09T10:41:36.731189+00:00,,,,,,,,,,,,,,,,,,,,,,,,,,,,
https://www.cc-coeurdegaronne.fr/wp-content/uploads/2026/03/BP-PRINCIPAL-2026.pdf,BP-PRINCIPAL-2026.pdf,cc-coeurdegaronne.fr,,1085446,1.0 MB,pending,2026-07-09T10:41:36.735609+00:00,,,,,,,,,,,,,,,,,,,,,,,,,,,,
https://www.cc-coeurdegaronne.fr/wp-content/uploads/2026/02/BP-SAAD-2025-fusionne.pdf,BP-SAAD-2025-fusionne.pdf,cc-coeurdegaronne.fr,,6142947,5.9 MB,pending,2026-07-09T10:41:36.751490+00:00,,,,,,,,,,,,,,,,,,,,,,,,,,,,
https://www.cc-coeurdegaronne.fr/wp-content/uploads/2023/06/BP-SPED-2023-VOTE.pdf,BP-SPED-2023-VOTE.pdf,cc-coeurdegaronne.fr,,244848,239.1 KB,pending,2026-07-09T10:41:36.754236+00:00,,,,,,,,,,,,,,,,,,,,,,,,,,,,
https://www.cc-coeurdegaronne.fr/wp-content/uploads/2026/02/BP-SPED-2025.pdf,BP-SPED-2025.pdf,cc-coeurdegaronne.fr,,149320,145.8 KB,pending,2026-07-09T10:41:36.756608+00:00,,,,,,,,,,,,,,,,,,,,,,,,,,,,
https://www.cc-coeurdegaronne.fr/wp-content/uploads/2026/03/BP-SPED.pdf,BP-SPED.pdf,cc-coeurdegaronne.fr,,293007,286.1 KB,pending,2026-07-09T10:41:36.759241+00:00,,,,,,,,,,,,,,,,,,,,,,,,,,,,
https://www.cc-coeurdegaronne.fr/wp-content/uploads/2026/02/BP-ZA-BOURGAIL-2025.pdf,BP-ZA-BOURGAIL-2025.pdf,cc-coeurdegaronne.fr,,605189,591.0 KB,pending,2026-07-09T10:41:36.762600+00:00,,,,,,,,,,,,,,,,,,,,,,,,,,,,
https://www.cc-coeurdegaronne.fr/wp-content/uploads/2026/03/BP-ZA-BOURGAIL-2026.pdf,BP-ZA-BOURGAIL-2026.pdf,cc-coeurdegaronne.fr,,687108,671.0 KB,pending,2026-07-09T10:41:36.766136+00:00,,,,,,,,,,,,,,,,,,,,,,,,,,,,
https://www.cc-coeurdegaronne.fr/wp-content/uploads/2026/02/BP-ZA-BOUSSENS-2025.pdf,BP-ZA-BOUSSENS-2025.pdf,cc-coeurdegaronne.fr,,603373,589.2 KB,pending,2026-07-09T10:41:36.769450+00:00,,,,,,,,,,,,,,,,,,,,,,,,,,,,
https://www.cc-coeurdegaronne.fr/wp-content/uploads/2026/03/BP-ZA-BOUSSENS-2026.pdf,BP-ZA-BOUSSENS-2026.pdf,cc-coeurdegaronne.fr,,686804,670.7 KB,pending,2026-07-09T10:41:36.772957+00:00,,,,,,,,,,,,,,,,,,,,,,,,,,,,
https://www.cc-coeurdegaronne.fr/wp-content/uploads/2026/02/BP-ZA-DESCAILLAUX-2025.pdf,BP-ZA-DESCAILLAUX-2025.pdf,cc-coeurdegaronne.fr,,607653,593.4 KB,pending,2026-07-09T10:41:36.776275+00:00,,,,,,,,,,,,,,,,,,,,,,,,,,,,
https://www.cc-coeurdegaronne.fr/wp-content/uploads/2026/03/BP-ZA-DESCAILLAUX-2026.pdf,BP-ZA-DESCAILLAUX-2026.pdf,cc-coeurdegaronne.fr,,688655,672.5 KB,pending,2026-07-09T10:41:36.779827+00:00,,,,,,,,,,,,,,,,,,,,,,,,,,,,
https://www.cc-coeurdegaronne.fr/wp-content/uploads/2026/03/BP-ZA-LHERM-2025.pdf,BP-ZA-LHERM-2025-0.pdf,cc-coeurdegaronne.fr,,687227,671.1 KB,pending,2026-07-09T10:41:36.783334+00:00,,,,,,,,,,,,,,,,,,,,,,,,,,,,
https://www.cc-coeurdegaronne.fr/wp-content/uploads/2026/02/BP-ZA-LHERM-2025.pdf,BP-ZA-LHERM-2025.pdf,cc-coeurdegaronne.fr,,605190,591.0 KB,pending,2026-07-09T10:41:36.786657+00:00,,,,,,,,,,,,,,,,,,,,,,,,,,,,
https://www.cc-coeurdegaronne.fr/wp-content/uploads/2026/02/BP-ZA-MARTRES-2025.pdf,BP-ZA-MARTRES-2025.pdf,cc-coeurdegaronne.fr,,608155,593.9 KB,pending,2026-07-09T10:41:36.790007+00:00,,,,,,,,,,,,,,,,,,,,,,,,,,,,
https://www.cc-coeurdegaronne.fr/wp-content/uploads/2026/03/BP-ZA-MARTRES-2026.pdf,BP-ZA-MARTRES-2026.pdf,cc-coeurdegaronne.fr,,689154,673.0 KB,pending,2026-07-09T10:41:36.793533+00:00,,,,,,,,,,,,,,,,,,,,,,,,,,,,
https://www.cc-coeurdegaronne.fr/wp-content/uploads/2026/02/BP-ZA-STE-FOY-2025.pdf,BP-ZA-STE-FOY-2025.pdf,cc-coeurdegaronne.fr,,607183,593.0 KB,pending,2026-07-09T10:41:36.796901+00:00,,,,,,,,,,,,,,,,,,,,,,,,,,,,
https://www.cc-coeurdegaronne.fr/wp-content/uploads/2026/03/BP-ZA-STE-FOY-2026.pdf,BP-ZA-STE-FOY-2026.pdf,cc-coeurdegaronne.fr,,689014,672.9 KB,pending,2026-07-09T10:41:36.800408+00:00,,,,,,,,,,,,,,,,,,,,,,,,,,,,
https://www.cc-coeurdegaronne.fr/wp-content/uploads/2025/12/Berat-2026.pdf,Berat-2026.pdf,cc-coeurdegaronne.fr,,2394386,2.3 MB,pending,2026-07-09T10:41:36.807813+00:00,,,,,,,,,,,,,,,,,,,,,,,,,,,,
https://www.cc-coeurdegaronne.fr/wp-content/uploads/2025/12/Boussens-2026.pdf,Boussens-2026.pdf,cc-coeurdegaronne.fr,,2393955,2.3 MB,pending,2026-07-09T10:41:36.815206+00:00,,,,,,,,,,,,,,,,,,,,,,,,,,,,
https://www.cc-coeurdegaronne.fr/wp-content/uploads/2020/08/Budget-M14-BUDGET-PRINCIPAL-4.04.19.pdf,Budget-M14-BUDGET-PRINCIPAL-4.04.19.pdf,cc-coeurdegaronne.fr,,2599348,2.5 MB,pending,2026-07-09T10:41:36.823098+00:00,,,,,,,,,,,,,,,,,,,,,,,,,,,,
https://www.cc-coeurdegaronne.fr/wp-content/uploads/2020/08/Budget-M14-PDR-1.pdf,Budget-M14-PDR-1.pdf,cc-coeurdegaronne.fr,,2375131,2.3 MB,pending,2026-07-09T10:41:36.830528+00:00,,,,,,,,,,,,,,,,,,,,,,,,,,,,
https://www.cc-coeurdegaronne.fr/wp-content/uploads/2020/08/Budget-M14-PDR.pdf,Budget-M14-PDR.pdf,cc-coeurdegaronne.fr,,2164860,2.1 MB,pending,2026-07-09T10:41:36.837438+00:00,,,,,,,,,,,,,,,,,,,,,,,,,,,,
https://www.cc-coeurdegaronne.fr/wp-content/uploads/2020/08/Budget-M14-ZA-BOURGAIL.pdf,Budget-M14-ZA-BOURGAIL.pdf,cc-coeurdegaronne.fr,,2207120,2.1 MB,pending,2026-07-09T10:41:36.844422+00:00,,,,,,,,,,,,,,,,,,,,,,,,,,,,
https://www.cc-coeurdegaronne.fr/wp-content/uploads/2020/08/Budget-M14-ZA-BOUSSENS-1.pdf,Budget-M14-ZA-BOUSSENS-1.pdf,cc-coeurdegaronne.fr,,2388184,2.3 MB,pending,2026-07-09T10:41:36.851804+00:00,,,,,,,,,,,,,,,,,,,,,,,,,,,,
https://www.cc-coeurdegaronne.fr/wp-content/uploads/2020/08/Budget-M14-ZA-BOUSSENS.pdf,Budget-M14-ZA-BOUSSENS.pdf,cc-coeurdegaronne.fr,,2264213,2.2 MB,pending,2026-07-09T10:41:36.858907+00:00,,,,,,,,,,,,,,,,,,,,,,,,,,,,
https://www.cc-coeurdegaronne.fr/wp-content/uploads/2020/08/Budget-M14-ZA-DESCAILLAUX-2.pdf,Budget-M14-ZA-DESCAILLAUX-2.pdf,cc-coeurdegaronne.fr,,2282178,2.2 MB,pending,2026-07-09T10:41:36.866051+00:00,,,,,,,,,,,,,,,,,,,,,,,,,,,,
https://www.cc-coeurdegaronne.fr/wp-content/uploads/2020/08/Budget-M14-ZA-DESCAILLAUX.pdf,Budget-M14-ZA-DESCAILLAUX.pdf,cc-coeurdegaronne.fr,,2289021,2.2 MB,pending,2026-07-09T10:41:36.873201+00:00,,,,,,,,,,,,,,,,,,,,,,,,,,,,
https://www.cc-coeurdegaronne.fr/wp-content/uploads/2020/08/Budget-M14-ZA-LHERM-1.pdf,Budget-M14-ZA-LHERM-1.pdf,cc-coeurdegaronne.fr,,2440481,2.3 MB,pending,2026-07-09T10:41:36.880767+00:00,,,,,,,,,,,,,,,,,,,,,,,,,,,,
https://www.cc-coeurdegaronne.fr/wp-content/uploads/2020/08/Budget-M14-ZA-LHERM.pdf,Budget-M14-ZA-LHERM.pdf,cc-coeurdegaronne.fr,,2273846,2.2 MB,pending,2026-07-09T10:41:36.887905+00:00,,,,,,,,,,,,,,,,,,,,,,,,,,,,
https://www.cc-coeurdegaronne.fr/wp-content/uploads/2020/08/Budget-M14-ZA-MARTRES-TOLOSANE-1.pdf,Budget-M14-ZA-MARTRES-TOLOSANE-1.pdf,cc-coeurdegaronne.fr,,2385087,2.3 MB,pending,2026-07-09T10:41:36.895275+00:00,,,,,,,,,,,,,,,,,,,,,,,,,,,,
https://www.cc-coeurdegaronne.fr/wp-content/uploads/2020/08/Budget-M14-ZA-MARTRES-TOLOSANE.pdf,Budget-M14-ZA-MARTRES-TOLOSANE.pdf,cc-coeurdegaronne.fr,,2265451,2.2 MB,pending,2026-07-09T10:41:36.902363+00:00,,,,,,,,,,,,,,,,,,,,,,,,,,,,
https://www.cc-coeurdegaronne.fr/wp-content/uploads/2020/08/Budget-M14-ZA-STE-FOY-1.pdf,Budget-M14-ZA-STE-FOY-1.pdf,cc-coeurdegaronne.fr,,2443294,2.3 MB,pending,2026-07-09T10:41:36.909853+00:00,,,,,,,,,,,,,,,,,,,,,,,,,,,,
https://www.cc-coeurdegaronne.fr/wp-content/uploads/2020/08/Budget-M14-ZA-STE-FOY.pdf,Budget-M14-ZA-STE-FOY.pdf,cc-coeurdegaronne.fr,,2275689,2.2 MB,pending,2026-07-09T10:41:36.916957+00:00,,,,,,,,,,,,,,,,,,,,,,,,,,,,
https://www.cc-coeurdegaronne.fr/wp-content/uploads/2020/02/Budget-M22-2020.pdf,Budget-M22-2020.pdf,cc-coeurdegaronne.fr,,808693,789.7 KB,pending,2026-07-09T10:41:36.920770+00:00,,,,,,,,,,,,,,,,,,,,,,,,,,,,
https://www.cc-coeurdegaronne.fr/wp-content/uploads/2021/04/Budget-M22-2021.pdf,Budget-M22-2021.pdf,cc-coeurdegaronne.fr,,758503,740.7 KB,pending,2026-07-09T10:41:36.924459+00:00,,,,,,,,,,,,,,,,,,,,,,,,,,,,
https://www.cc-coeurdegaronne.fr/wp-content/uploads/2022/04/Budget-M22-2022-VOTE.pdf,Budget-M22-2022-VOTE.pdf,cc-coeurdegaronne.fr,,833997,814.5 KB,pending,2026-07-09T10:41:36.928323+00:00,,,,,,,,,,,,,,,,,,,,,,,,,,,,
https://www.cc-coeurdegaronne.fr/wp-content/uploads/2023/06/Budget-M22-2023-VOTE.pdf,Budget-M22-2023-VOTE.pdf,cc-coeurdegaronne.fr,,826761,807.4 KB,pending,2026-07-09T10:41:36.932194+00:00,,,,,,,,,,,,,,,,,,,,,,,,,,,,
https://www.cc-coeurdegaronne.fr/wp-content/uploads/2020/08/Budget-M22-SAD-1.pdf,Budget-M22-SAD-1.pdf,cc-coeurdegaronne.fr,,798258,779.5 KB,pending,2026-07-09T10:41:36.936044+00:00,,,,,,,,,,,,,,,,,,,,,,,,,,,,
https://www.cc-coeurdegaronne.fr/wp-content/uploads/2020/08/Budget-M22-SAD.pdf,Budget-M22-SAD.pdf,cc-coeurdegaronne.fr,,750790,733.2 KB,pending,2026-07-09T10:41:36.939742+00:00,,,,,,,,,,,,,,,,,,,,,,,,,,,,
https://www.cc-coeurdegaronne.fr/wp-content/uploads/2020/08/Budget-M4-PHOTOVOLTAIQUE.pdf,Budget-M4-PHOTOVOLTAIQUE.pdf,cc-coeurdegaronne.fr,,2133759,2.0 MB,pending,2026-07-09T10:41:36.946537+00:00,,,,,,,,,,,,,,,,,,,,,,,,,,,,
https://www.cc-coeurdegaronne.fr/wp-content/uploads/2020/08/Budget-M4-Photovoltaique.pdf,Budget-M4-Photovoltaique.pdf,cc-coeurdegaronne.fr,,1984004,1.9 MB,pending,2026-07-09T10:41:36.952996+00:00,,,,,,,,,,,,,,,,,,,,,,,,,,,,
https://www.cc-coeurdegaronne.fr/wp-content/uploads/2020/08/Budget-M49-EAU.pdf,Budget-M49-EAU.pdf,cc-coeurdegaronne.fr,,2159432,2.1 MB,pending,2026-07-09T10:41:36.959864+00:00,,,,,,,,,,,,,,,,,,,,,,,,,,,,
https://www.cc-coeurdegaronne.fr/wp-content/uploads/2021/04/Budget-OTI-2021.pdf,Budget-OTI-2021.pdf,cc-coeurdegaronne.fr,,1433757,1.4 MB,pending,2026-07-09T10:41:36.965086+00:00,,,,,,,,,,,,,,,,,,,,,,,,,,,,
https://www.cc-coeurdegaronne.fr/wp-content/uploads/2021/04/Budget-PDR-2021.pdf,Budget-PDR-2021.pdf,cc-coeurdegaronne.fr,,1423732,1.4 MB,pending,2026-07-09T10:41:36.970323+00:00,,,,,,,,,,,,,,,,,,,,,,,,,,,,
https://www.cc-coeurdegaronne.fr/wp-content/uploads/2021/04/Budget-Photovoltaique-2021.pdf,Budget-Photovoltaique-2021.pdf,cc-coeurdegaronne.fr,,321907,314.4 KB,pending,2026-07-09T10:41:36.973090+00:00,,,,,,,,,,,,,,,,,,,,,,,,,,,,
https://www.cc-coeurdegaronne.fr/wp-content/uploads/2021/04/Budget-Principal-3CG-2021.pdf,Budget-Principal-3CG-2021.pdf,cc-coeurdegaronne.fr,,1898693,1.8 MB,pending,2026-07-09T10:41:36.979345+00:00,,,,,,,,,,,,,,,,,,,,,,,,,,,,
https://www.cc-coeurdegaronne.fr/wp-content/uploads/2021/04/Budget-ZA-Bourgail-a-Berat-2021.pdf,Budget-ZA-Bourgail-a-Berat-2021.pdf,cc-coeurdegaronne.fr,,1422520,1.4 MB,pending,2026-07-09T10:41:36.984527+00:00,,,,,,,,,,,,,,,,,,,,,,,,,,,,
https://www.cc-coeurdegaronne.fr/wp-content/uploads/2021/04/Budget-ZA-Boussens-2021.pdf,Budget-ZA-Boussens-2021.pdf,cc-coeurdegaronne.fr,,1418123,1.4 MB,pending,2026-07-09T10:41:36.989706+00:00,,,,,,,,,,,,,,,,,,,,,,,,,,,,
https://www.cc-coeurdegaronne.fr/wp-content/uploads/2021/04/Budget-ZA-DESCAILLAUX-2021.pdf,Budget-ZA-DESCAILLAUX-2021.pdf,cc-coeurdegaronne.fr,,1408057,1.3 MB,pending,2026-07-09T10:41:36.994858+00:00,,,,,,,,,,,,,,,,,,,,,,,,,,,,
https://www.cc-coeurdegaronne.fr/wp-content/uploads/2021/04/Budget-ZA-Lherm-2021.pdf,Budget-ZA-Lherm-2021.pdf,cc-coeurdegaronne.fr,,1421749,1.4 MB,pending,2026-07-09T10:41:37.000086+00:00,,,,,,,,,,,,,,,,,,,,,,,,,,,,
https://www.cc-coeurdegaronne.fr/wp-content/uploads/2021/04/Budget-ZA-Martres-2021.pdf,Budget-ZA-Martres-2021.pdf,cc-coeurdegaronne.fr,,1422413,1.4 MB,pending,2026-07-09T10:41:37.005288+00:00,,,,,,,,,,,,,,,,,,,,,,,,,,,,
https://www.cc-coeurdegaronne.fr/wp-content/uploads/2021/04/Budget-ZA-St-Foy-2021.pdf,Budget-ZA-St-Foy-2021.pdf,cc-coeurdegaronne.fr,,1422323,1.4 MB,pending,2026-07-09T10:41:37.010477+00:00,,,,,,,,,,,,,,,,,,,,,,,,,,,,
https://www.cc-coeurdegaronne.fr/wp-content/uploads/2020/02/Budget-annexe-ZA-LHERM.pdf,Budget-annexe-ZA-LHERM.pdf,cc-coeurdegaronne.fr,,2445274,2.3 MB,pending,2026-07-09T10:41:37.017982+00:00,,,,,,,,,,,,,,,,,,,,,,,,,,,,
https://www.cc-coeurdegaronne.fr/wp-content/uploads/2025/07/C-Conclusions-et-avis-Revision-PLU-Saveres-31.pdf,C-Conclusions-et-avis-Revision-PLU-Saveres-31.pdf,cc-coeurdegaronne.fr,,1019397,995.5 KB,pending,2026-07-09T10:41:37.022307+00:00,,,,,,,,,,,,,,,,,,,,,,,,,,,,
https://www.cc-coeurdegaronne.fr/wp-content/uploads/2020/08/CA-2018-PB-4.04.19.pdf,CA-2018-PB-4.04.19.pdf,cc-coeurdegaronne.fr,,3176214,3.0 MB,pending,2026-07-09T10:41:37.031495+00:00,,,,,,,,,,,,,,,,,,,,,,,,,,,,
https://www.cc-coeurdegaronne.fr/wp-content/uploads/2020/02/CA-2019-BP-PRINCIPAL.pdf,CA-2019-BP-PRINCIPAL.pdf,cc-coeurdegaronne.fr,,3386014,3.2 MB,pending,2026-07-09T10:41:37.041375+00:00,,,,,,,,,,,,,,,,,,,,,,,,,,,,
https://www.cc-coeurdegaronne.fr/wp-content/uploads/2020/02/CA-2019-M4-photovoltaique.pdf,CA-2019-M4-photovoltaique.pdf,cc-coeurdegaronne.fr,,2534289,2.4 MB,pending,2026-07-09T10:41:37.049163+00:00,,,,,,,,,,,,,,,,,,,,,,,,,,,,
https://www.cc-coeurdegaronne.fr/wp-content/uploads/2020/02/CA-2019-PDR.pdf,CA-2019-PDR.pdf,cc-coeurdegaronne.fr,,2380925,2.3 MB,pending,2026-07-09T10:41:37.056567+00:00,,,,,,,,,,,,,,,,,,,,,,,,,,,,
https://www.cc-coeurdegaronne.fr/wp-content/uploads/2020/02/CA-2019-ZA-BOURGAIL-BERAT.pdf,CA-2019-ZA-BOURGAIL-BERAT.pdf,cc-coeurdegaronne.fr,,2940292,2.8 MB,pending,2026-07-09T10:41:37.065210+00:00,,,,,,,,,,,,,,,,,,,,,,,,,,,,
https://www.cc-coeurdegaronne.fr/wp-content/uploads/2020/02/CA-2019-ZA-BOUSSENS.pdf,CA-2019-ZA-BOUSSENS.pdf,cc-coeurdegaronne.fr,,2937504,2.8 MB,pending,2026-07-09T10:41:37.073922+00:00,,,,,,,,,,,,,,,,,,,,,,,,,,,,
https://www.cc-coeurdegaronne.fr/wp-content/uploads/2020/02/CA-2019-ZA-DESCAILLAUX.pdf,CA-2019-ZA-DESCAILLAUX.pdf,cc-coeurdegaronne.fr,,3008861,2.9 MB,pending,2026-07-09T10:41:37.082909+00:00,,,,,,,,,,,,,,,,,,,,,,,,,,,,
https://www.cc-coeurdegaronne.fr/wp-content/uploads/2020/02/CA-2019-ZA-LHERM.pdf,CA-2019-ZA-LHERM.pdf,cc-coeurdegaronne.fr,,3006905,2.9 MB,pending,2026-07-09T10:41:37.092310+00:00,,,,,,,,,,,,,,,,,,,,,,,,,,,,
https://www.cc-coeurdegaronne.fr/wp-content/uploads/2020/02/CA-2019-ZA-MARTRES-TOLOSANE.pdf,CA-2019-ZA-MARTRES-TOLOSANE.pdf,cc-coeurdegaronne.fr,,2934944,2.8 MB,pending,2026-07-09T10:41:37.101970+00:00,,,,,,,,,,,,,,,,,,,,,,,,,,,,
https://www.cc-coeurdegaronne.fr/wp-content/uploads/2020/02/CA-2019-ZA-STE-FOY.pdf,CA-2019-ZA-STE-FOY.pdf,cc-coeurdegaronne.fr,,2988291,2.8 MB,pending,2026-07-09T10:41:37.111419+00:00,,,,,,,,,,,,,,,,,,,,,,,,,,,,
https://www.cc-coeurdegaronne.fr/wp-content/uploads/2021/04/CA-2020-BP-PRINCIPAL.pdf,CA-2020-BP-PRINCIPAL.pdf,cc-coeurdegaronne.fr,,2561215,2.4 MB,pending,2026-07-09T10:41:37.119568+00:00,,,,,,,,,,,,,,,,,,,,,,,,,,,,
https://www.cc-coeurdegaronne.fr/wp-content/uploads/2021/04/CA-2020-BUDGET-OTI.pdf,CA-2020-BUDGET-OTI.pdf,cc-coeurdegaronne.fr,,1502535,1.4 MB,pending,2026-07-09T10:41:37.125207+00:00,,,,,,,,,,,,,,,,,,,,,,,,,,,,
https://www.cc-coeurdegaronne.fr/wp-content/uploads/2021/04/CA-2020-PHOTOVOLTAIQUE.pdf,CA-2020-PHOTOVOLTAIQUE.pdf,cc-coeurdegaronne.fr,,392957,383.7 KB,pending,2026-07-09T10:41:37.128219+00:00,,,,,,,,,,,,,,,,,,,,,,,,,,,,
https://www.cc-coeurdegaronne.fr/wp-content/uploads/2021/04/CA-2020-PORTAGE-DE-REPAS.pdf,CA-2020-PORTAGE-DE-REPAS.pdf,cc-coeurdegaronne.fr,,397631,388.3 KB,pending,2026-07-09T10:41:37.131176+00:00,,,,,,,,,,,,,,,,,,,,,,,,,,,,
https://www.cc-coeurdegaronne.fr/wp-content/uploads/2021/04/CA-2020-ZA-BOUSSENS.pdf,CA-2020-ZA-BOUSSENS.pdf,cc-coeurdegaronne.fr,,391679,382.5 KB,pending,2026-07-09T10:41:37.134073+00:00,,,,,,,,,,,,,,,,,,,,,,,,,,,,
https://www.cc-coeurdegaronne.fr/wp-content/uploads/2021/04/CA-2020-ZA-DESCAILLAUX.pdf,CA-2020-ZA-DESCAILLAUX.pdf,cc-coeurdegaronne.fr,,396617,387.3 KB,pending,2026-07-09T10:41:37.136964+00:00,,,,,,,,,,,,,,,,,,,,,,,,,,,,
https://www.cc-coeurdegaronne.fr/wp-content/uploads/2021/04/CA-2020-ZA-DU-BOURGAIL.pdf,CA-2020-ZA-DU-BOURGAIL.pdf,cc-coeurdegaronne.fr,,391651,382.5 KB,pending,2026-07-09T10:41:37.140017+00:00,,,,,,,,,,,,,,,,,,,,,,,,,,,,
https://www.cc-coeurdegaronne.fr/wp-content/uploads/2021/04/CA-2020-ZA-LHERM.pdf,CA-2020-ZA-LHERM.pdf,cc-coeurdegaronne.fr,,394257,385.0 KB,pending,2026-07-09T10:41:37.142943+00:00,,,,,,,,,,,,,,,,,,,,,,,,,,,,
https://www.cc-coeurdegaronne.fr/wp-content/uploads/2021/04/CA-2020-ZA-MARTRES-TOLOSANE.pdf,CA-2020-ZA-MARTRES-TOLOSANE.pdf,cc-coeurdegaronne.fr,,393281,384.1 KB,pending,2026-07-09T10:41:37.145856+00:00,,,,,,,,,,,,,,,,,,,,,,,,,,,,
https://www.cc-coeurdegaronne.fr/wp-content/uploads/2021/04/CA-2020-ZA-SAINTE-FOY-DE-PEYROLIERES.pdf,CA-2020-ZA-SAINTE-FOY-DE-PEYROLIERES.pdf,cc-coeurdegaronne.fr,,391963,382.8 KB,pending,2026-07-09T10:41:37.148730+00:00,,,,,,,,,,,,,,,,,,,,,,,,,,,,
https://www.cc-coeurdegaronne.fr/wp-content/uploads/2022/04/CA-2021-BP-PRINCIPAL.pdf,CA-2021-BP-PRINCIPAL.pdf,cc-coeurdegaronne.fr,,1935841,1.8 MB,pending,2026-07-09T10:41:37.155115+00:00,,,,,,,,,,,,,,,,,,,,,,,,,,,,
https://www.cc-coeurdegaronne.fr/wp-content/uploads/2022/04/CA-2021-OTI.pdf,CA-2021-OTI.pdf,cc-coeurdegaronne.fr,,1184986,1.1 MB,pending,2026-07-09T10:41:37.159830+00:00,,,,,,,,,,,,,,,,,,,,,,,,,,,,
https://www.cc-coeurdegaronne.fr/wp-content/uploads/2023/06/CA-2022-BERAT-VOTE.pdf,CA-2022-BERAT-VOTE.pdf,cc-coeurdegaronne.fr,,994216,970.9 KB,pending,2026-07-09T10:41:37.164189+00:00,,,,,,,,,,,,,,,,,,,,,,,,,,,,
https://www.cc-coeurdegaronne.fr/wp-content/uploads/2023/06/CA-2022-BP-PRINCIPAL-VOTE.pdf,CA-2022-BP-PRINCIPAL-VOTE.pdf,cc-coeurdegaronne.fr,,1778329,1.7 MB,pending,2026-07-09T10:41:37.170230+00:00,,,,,,,,,,,,,,,,,,,,,,,,,,,,
https://www.cc-coeurdegaronne.fr/wp-content/uploads/2023/06/CA-2022-OTI-VOTE..pdf,CA-2022-OTI-VOTE..pdf,cc-coeurdegaronne.fr,,1054647,1.0 MB,pending,2026-07-09T10:41:37.174629+00:00,,,,,,,,,,,,,,,,,,,,,,,,,,,,
https://www.cc-coeurdegaronne.fr/wp-content/uploads/2023/06/CA-2022-PDR-VOTE.pdf,CA-2022-PDR-VOTE.pdf,cc-coeurdegaronne.fr,,1014672,990.9 KB,pending,2026-07-09T10:41:37.178974+00:00,,,,,,,,,,,,,,,,,,,,,,,,,,,,
https://www.cc-coeurdegaronne.fr/wp-content/uploads/2023/06/CA-2022-PHOTOVOLTAIQUE-VOTE.pdf,CA-2022-PHOTOVOLTAIQUE-VOTE.pdf,cc-coeurdegaronne.fr,,315139,307.8 KB,pending,2026-07-09T10:41:37.181665+00:00,,,,,,,,,,,,,,,,,,,,,,,,,,,,
https://www.cc-coeurdegaronne.fr/wp-content/uploads/2023/06/CA-2022-ZA-BOUSSENS-VOTE.pdf,CA-2022-ZA-BOUSSENS-VOTE.pdf,cc-coeurdegaronne.fr,,990566,967.3 KB,pending,2026-07-09T10:41:37.185900+00:00,,,,,,,,,,,,,,,,,,,,,,,,,,,,
https://www.cc-coeurdegaronne.fr/wp-content/uploads/2023/06/CA-2022-ZA-DESCAILLAUX-VOTE.pdf,CA-2022-ZA-DESCAILLAUX-VOTE.pdf,cc-coeurdegaronne.fr,,1009983,986.3 KB,pending,2026-07-09T10:41:37.190140+00:00,,,,,,,,,,,,,,,,,,,,,,,,,,,,
https://www.cc-coeurdegaronne.fr/wp-content/uploads/2023/06/CA-2022-ZA-LHERM-VOTE.pdf,CA-2022-ZA-LHERM-VOTE.pdf,cc-coeurdegaronne.fr,,995973,972.6 KB,pending,2026-07-09T10:41:37.194611+00:00,,,,,,,,,,,,,,,,,,,,,,,,,,,,
https://www.cc-coeurdegaronne.fr/wp-content/uploads/2023/06/CA-2022-ZA-MARTRES-VOTE.pdf,CA-2022-ZA-MARTRES-VOTE.pdf,cc-coeurdegaronne.fr,,993721,970.4 KB,pending,2026-07-09T10:41:37.199043+00:00,,,,,,,,,,,,,,,,,,,,,,,,,,,,
https://www.cc-coeurdegaronne.fr/wp-content/uploads/2023/06/CA-2022-ZA-STE-FOY-VOTE.pdf,CA-2022-ZA-STE-FOY-VOTE.pdf,cc-coeurdegaronne.fr,,994894,971.6 KB,pending,2026-07-09T10:41:37.203483+00:00,,,,,,,,,,,,,,,,,,,,,,,,,,,,
https://www.cc-coeurdegaronne.fr/wp-content/uploads/2026/02/CA-BP-PRINCIPAL-2024.pdf,CA-BP-PRINCIPAL-2024.pdf,cc-coeurdegaronne.fr,,1353529,1.3 MB,pending,2026-07-09T10:41:37.208638+00:00,,,,,,,,,,,,,,,,,,,,,,,,,,,,
https://www.cc-coeurdegaronne.fr/wp-content/uploads/2026/02/CA-BP-PRINCIPAL-2025.pdf,CA-BP-PRINCIPAL-2025.pdf,cc-coeurdegaronne.fr,,1433326,1.4 MB,pending,2026-07-09T10:41:37.213933+00:00,,,,,,,,,,,,,,,,,,,,,,,,,,,,
https://www.cc-coeurdegaronne.fr/wp-content/uploads/2020/08/CA-EAU-2018.pdf,CA-EAU-2018.pdf,cc-coeurdegaronne.fr,,2360134,2.3 MB,pending,2026-07-09T10:41:37.221250+00:00,,,,,,,,,,,,,,,,,,,,,,,,,,,,
https://www.cc-coeurdegaronne.fr/wp-content/uploads/2020/08/CA-M22-2018.pdf,CA-M22-2018.pdf,cc-coeurdegaronne.fr,,896063,875.1 KB,pending,2026-07-09T10:41:37.225342+00:00,,,,,,,,,,,,,,,,,,,,,,,,,,,,
https://www.cc-coeurdegaronne.fr/wp-content/uploads/2020/02/CA-M22-2019.pdf,CA-M22-2019.pdf,cc-coeurdegaronne.fr,,969325,946.6 KB,pending,2026-07-09T10:41:37.229551+00:00,,,,,,,,,,,,,,,,,,,,,,,,,,,,
https://www.cc-coeurdegaronne.fr/wp-content/uploads/2021/04/CA-M22-2020.pdf,CA-M22-2020.pdf,cc-coeurdegaronne.fr,,893069,872.1 KB,pending,2026-07-09T10:41:37.233547+00:00,,,,,,,,,,,,,,,,,,,,,,,,,,,,
https://www.cc-coeurdegaronne.fr/wp-content/uploads/2022/04/CA-M22-2021.pdf,CA-M22-2021.pdf,cc-coeurdegaronne.fr,,982728,959.7 KB,pending,2026-07-09T10:41:37.237724+00:00,,,,,,,,,,,,,,,,,,,,,,,,,,,,
https://www.cc-coeurdegaronne.fr/wp-content/uploads/2023/06/CA-M22-VOTE-2022.pdf,CA-M22-VOTE-2022.pdf,cc-coeurdegaronne.fr,,908595,887.3 KB,pending,2026-07-09T10:41:37.241765+00:00,,,,,,,,,,,,,,,,,,,,,,,,,,,,
https://www.cc-coeurdegaronne.fr/wp-content/uploads/2020/08/CA-M4x-regie-eau-cazeres.pdf,CA-M4x-regie-eau-cazeres.pdf,cc-coeurdegaronne.fr,,2362287,2.3 MB,pending,2026-07-09T10:41:37.249083+00:00,,,,,,,,,,,,,,,,,,,,,,,,,,,,
https://www.cc-coeurdegaronne.fr/wp-content/uploads/2026/02/CA-OTI-2024.pdf,CA-OTI-2024.pdf,cc-coeurdegaronne.fr,,765709,747.8 KB,pending,2026-07-09T10:41:37.252805+00:00,,,,,,,,,,,,,,,,,,,,,,,,,,,,
https://www.cc-coeurdegaronne.fr/wp-content/uploads/2026/02/CA-OTI-2025.pdf,CA-OTI-2025.pdf,cc-coeurdegaronne.fr,,866163,845.9 KB,pending,2026-07-09T10:41:37.256745+00:00,,,,,,,,,,,,,,,,,,,,,,,,,,,,
https://www.cc-coeurdegaronne.fr/wp-content/uploads/2022/04/CA-PDR-2021.pdf,CA-PDR-2021.pdf,cc-coeurdegaronne.fr,,1156025,1.1 MB,pending,2026-07-09T10:41:37.261325+00:00,,,,,,,,,,,,,,,,,,,,,,,,,,,,
https://www.cc-coeurdegaronne.fr/wp-content/uploads/2026/02/CA-PDR-2024.pdf,CA-PDR-2024.pdf,cc-coeurdegaronne.fr,,740128,722.8 KB,pending,2026-07-09T10:41:37.264969+00:00,,,,,,,,,,,,,,,,,,,,,,,,,,,,
https://www.cc-coeurdegaronne.fr/wp-content/uploads/2026/02/CA-PDR-2025.pdf,CA-PDR-2025.pdf,cc-coeurdegaronne.fr,,827679,808.3 KB,pending,2026-07-09T10:41:37.268805+00:00,,,,,,,,,,,,,,,,,,,,,,,,,,,,
https://www.cc-coeurdegaronne.fr/wp-content/uploads/2020/08/CA-PHOTOVOLTAIQUE-2018.pdf,CA-PHOTOVOLTAIQUE-2018.pdf,cc-coeurdegaronne.fr,,2355699,2.2 MB,pending,2026-07-09T10:41:37.276086+00:00,,,,,,,,,,,,,,,,,,,,,,,,,,,,
https://www.cc-coeurdegaronne.fr/wp-content/uploads/2022/04/CA-PHOTOVOLTAIQUE-2021.pdf,CA-PHOTOVOLTAIQUE-2021.pdf,cc-coeurdegaronne.fr,,300232,293.2 KB,pending,2026-07-09T10:41:37.278738+00:00,,,,,,,,,,,,,,,,,,,,,,,,,,,,
https://www.cc-coeurdegaronne.fr/wp-content/uploads/2026/02/CA-PHOTOVOLTAIQUE-2024.pdf,CA-PHOTOVOLTAIQUE-2024.pdf,cc-coeurdegaronne.fr,,161469,157.7 KB,pending,2026-07-09T10:41:37.281085+00:00,,,,,,,,,,,,,,,,,,,,,,,,,,,,
https://www.cc-coeurdegaronne.fr/wp-content/uploads/2026/02/CA-PHOTOVOLTAIQUE-2025.pdf,CA-PHOTOVOLTAIQUE-2025.pdf,cc-coeurdegaronne.fr,,420821,411.0 KB,pending,2026-07-09T10:41:37.283999+00:00,,,,,,,,,,,,,,,,,,,,,,,,,,,,
https://www.cc-coeurdegaronne.fr/wp-content/uploads/2020/08/CA-PORTAGE-REPAS-2018.pdf,CA-PORTAGE-REPAS-2018.pdf,cc-coeurdegaronne.fr,,2661740,2.5 MB,pending,2026-07-09T10:41:37.291981+00:00,,,,,,,,,,,,,,,,,,,,,,,,,,,,
https://www.cc-coeurdegaronne.fr/wp-content/uploads/2026/02/CA-SAAD-2024.pdf,CA-SAAD-2024.pdf,cc-coeurdegaronne.fr,,12195100,11.6 MB,pending,2026-07-09T10:41:37.321688+00:00,,,,,,,,,,,,,,,,,,,,,,,,,,,,
https://www.cc-coeurdegaronne.fr/wp-content/uploads/2026/02/CA-SAAD-2025.pdf,CA-SAAD-2025.pdf,cc-coeurdegaronne.fr,,3443522,3.3 MB,pending,2026-07-09T10:41:37.332958+00:00,,,,,,,,,,,,,,,,,,,,,,,,,,,,
https://www.cc-coeurdegaronne.fr/wp-content/uploads/2026/02/CA-SPED-2024.pdf,CA-SPED-2024.pdf,cc-coeurdegaronne.fr,,175820,171.7 KB,pending,2026-07-09T10:41:37.336316+00:00,,,,,,,,,,,,,,,,,,,,,,,,,,,,
https://www.cc-coeurdegaronne.fr/wp-content/uploads/2026/02/CA-SPED-2025.pdf,CA-SPED-2025.pdf,cc-coeurdegaronne.fr,,443443,433.0 KB,pending,2026-07-09T10:41:37.339620+00:00,,,,,,,,,,,,,,,,,,,,,,,,,,,,
https://www.cc-coeurdegaronne.fr/wp-content/uploads/2022/04/CA-ZA-BOURGAIL-2021.pdf,CA-ZA-BOURGAIL-2021.pdf,cc-coeurdegaronne.fr,,1109664,1.1 MB,pending,2026-07-09T10:41:37.344186+00:00,,,,,,,,,,,,,,,,,,,,,,,,,,,,
https://www.cc-coeurdegaronne.fr/wp-content/uploads/2026/02/CA-ZA-BOURGAIL-2024.pdf,CA-ZA-BOURGAIL-2024.pdf,cc-coeurdegaronne.fr,,719451,702.6 KB,pending,2026-07-09T10:41:37.347848+00:00,,,,,,,,,,,,,,,,,,,,,,,,,,,,
https://www.cc-coeurdegaronne.fr/wp-content/uploads/2026/02/CA-ZA-BOURGAIL-2025.pdf,CA-ZA-BOURGAIL-2025.pdf,cc-coeurdegaronne.fr,,825429,806.1 KB,pending,2026-07-09T10:41:37.351756+00:00,,,,,,,,,,,,,,,,,,,,,,,,,,,,
https://www.cc-coeurdegaronne.fr/wp-content/uploads/2020/08/CA-ZA-BOUSSENS-2018.pdf,CA-ZA-BOUSSENS-2018.pdf,cc-coeurdegaronne.fr,,2723368,2.6 MB,pending,2026-07-09T10:41:37.359915+00:00,,,,,,,,,,,,,,,,,,,,,,,,,,,,
https://www.cc-coeurdegaronne.fr/wp-content/uploads/2022/04/CA-ZA-BOUSSENS-2021.pdf,CA-ZA-BOUSSENS-2021.pdf,cc-coeurdegaronne.fr,,1103838,1.1 MB,pending,2026-07-09T10:41:37.364422+00:00,,,,,,,,,,,,,,,,,,,,,,,,,,,,
https://www.cc-coeurdegaronne.fr/wp-content/uploads/2026/02/CA-ZA-BOUSSENS-2024.pdf,CA-ZA-BOUSSENS-2024.pdf,cc-coeurdegaronne.fr,,716614,699.8 KB,pending,2026-07-09T10:41:37.368060+00:00,,,,,,,,,,,,,,,,,,,,,,,,,,,,
https://www.cc-coeurdegaronne.fr/wp-content/uploads/2026/02/CA-ZA-BOUSSENS-2025.pdf,CA-ZA-BOUSSENS-2025.pdf,cc-coeurdegaronne.fr,,810010,791.0 KB,pending,2026-07-09T10:41:37.371872+00:00,,,,,,,,,,,,,,,,,,,,,,,,,,,,
https://www.cc-coeurdegaronne.fr/wp-content/uploads/2020/08/CA-ZA-DESCAILLAUX-2018.pdf,CA-ZA-DESCAILLAUX-2018.pdf,cc-coeurdegaronne.fr,,2776665,2.6 MB,pending,2026-07-09T10:41:37.380097+00:00,,,,,,,,,,,,,,,,,,,,,,,,,,,,
https://www.cc-coeurdegaronne.fr/wp-content/uploads/2022/04/CA-ZA-DESCAILLAUX-2021.pdf,CA-ZA-DESCAILLAUX-2021.pdf,cc-coeurdegaronne.fr,,1111333,1.1 MB,pending,2026-07-09T10:41:37.384883+00:00,,,,,,,,,,,,,,,,,,,,,,,,,,,,
https://www.cc-coeurdegaronne.fr/wp-content/uploads/2026/02/CA-ZA-DESCAILLAUX-2024.pdf,CA-ZA-DESCAILLAUX-2024.pdf,cc-coeurdegaronne.fr,,723472,706.5 KB,pending,2026-07-09T10:41:37.388567+00:00,,,,,,,,,,,,,,,,,,,,,,,,,,,,
https://www.cc-coeurdegaronne.fr/wp-content/uploads/2026/02/CA-ZA-DESCAILLAUX-2025.pdf,CA-ZA-DESCAILLAUX-2025.pdf,cc-coeurdegaronne.fr,,813581,794.5 KB,pending,2026-07-09T10:41:37.392412+00:00,,,,,,,,,,,,,,,,,,,,,,,,,,,,
https://www.cc-coeurdegaronne.fr/wp-content/uploads/2020/08/CA-ZA-LHERM-2018.pdf,CA-ZA-LHERM-2018.pdf,cc-coeurdegaronne.fr,,2700787,2.6 MB,pending,2026-07-09T10:41:37.400480+00:00,,,,,,,,,,,,,,,,,,,,,,,,,,,,
https://www.cc-coeurdegaronne.fr/wp-content/uploads/2022/04/CA-ZA-LHERM-2021.pdf,CA-ZA-LHERM-2021.pdf,cc-coeurdegaronne.fr,,1106511,1.1 MB,pending,2026-07-09T10:41:37.405917+00:00,,,,,,,,,,,,,,,,,,,,,,,,,,,,
https://www.cc-coeurdegaronne.fr/wp-content/uploads/2026/02/CA-ZA-LHERM-2024.pdf,CA-ZA-LHERM-2024.pdf,cc-coeurdegaronne.fr,,721881,705.0 KB,pending,2026-07-09T10:41:37.410344+00:00,,,,,,,,,,,,,,,,,,,,,,,,,,,,
https://www.cc-coeurdegaronne.fr/wp-content/uploads/2026/02/CA-ZA-LHERM-2025.pdf,CA-ZA-LHERM-2025.pdf,cc-coeurdegaronne.fr,,812940,793.9 KB,pending,2026-07-09T10:41:37.414420+00:00,,,,,,,,,,,,,,,,,,,,,,,,,,,,
https://www.cc-coeurdegaronne.fr/wp-content/uploads/2022/04/CA-ZA-MARTRES-2021.pdf,CA-ZA-MARTRES-2021.pdf,cc-coeurdegaronne.fr,,1108679,1.1 MB,pending,2026-07-09T10:41:37.418929+00:00,,,,,,,,,,,,,,,,,,,,,,,,,,,,
https://www.cc-coeurdegaronne.fr/wp-content/uploads/2026/02/CA-ZA-MARTRES-2024.pdf,CA-ZA-MARTRES-2024.pdf,cc-coeurdegaronne.fr,,720911,704.0 KB,pending,2026-07-09T10:41:37.422531+00:00,,,,,,,,,,,,,,,,,,,,,,,,,,,,
https://www.cc-coeurdegaronne.fr/wp-content/uploads/2026/02/CA-ZA-MARTRES-2025.pdf,CA-ZA-MARTRES-2025.pdf,cc-coeurdegaronne.fr,,828574,809.2 KB,pending,2026-07-09T10:41:37.426422+00:00,,,,,,,,,,,,,,,,,,,,,,,,,,,,
https://www.cc-coeurdegaronne.fr/wp-content/uploads/2020/08/CA-ZA-MARTRES-TOLOSANE-2018.pdf,CA-ZA-MARTRES-TOLOSANE-2018.pdf,cc-coeurdegaronne.fr,,2725906,2.6 MB,pending,2026-07-09T10:41:37.434612+00:00,,,,,,,,,,,,,,,,,,,,,,,,,,,,
https://www.cc-coeurdegaronne.fr/wp-content/uploads/2020/08/CA-ZA-SAINTE-FOY-DE-PEYROLIERES-2018.pdf,CA-ZA-SAINTE-FOY-DE-PEYROLIERES-2018.pdf,cc-coeurdegaronne.fr,,2748921,2.6 MB,pending,2026-07-09T10:41:37.442987+00:00,,,,,,,,,,,,,,,,,,,,,,,,,,,,
https://www.cc-coeurdegaronne.fr/wp-content/uploads/2022/04/CA-ZA-STE-FOY-2021.pdf,CA-ZA-STE-FOY-2021.pdf,cc-coeurdegaronne.fr,,1109662,1.1 MB,pending,2026-07-09T10:41:37.447646+00:00,,,,,,,,,,,,,,,,,,,,,,,,,,,,
https://www.cc-coeurdegaronne.fr/wp-content/uploads/2026/02/CA-ZA-STE-FOY-2024.pdf,CA-ZA-STE-FOY-2024.pdf,cc-coeurdegaronne.fr,,722632,705.7 KB,pending,2026-07-09T10:41:37.451386+00:00,,,,,,,,,,,,,,,,,,,,,,,,,,,,
https://www.cc-coeurdegaronne.fr/wp-content/uploads/2026/02/CA-ZA-STE-FOY-2025.pdf,CA-ZA-STE-FOY-2025.pdf,cc-coeurdegaronne.fr,,826799,807.4 KB,pending,2026-07-09T10:41:37.455283+00:00,,,,,,,,,,,,,,,,,,,,,,,,,,,,
https://www.cc-coeurdegaronne.fr/wp-content/uploads/2024/12/CAP-Reglement-fonctionnement-signe-21-11-2024.pdf,CAP-Reglement-fonctionnement-signe-21-11-2024.pdf,cc-coeurdegaronne.fr,,953858,931.5 KB,pending,2026-07-09T10:41:37.459828+00:00,,,,,,,,,,,,,,,,,,,,,,,,,,,,
https://www.cc-coeurdegaronne.fr/wp-content/uploads/2022/02/CCN-15-mars-21-particulier-employeurs-et-emploi-a-domicile.pdf,CCN-15-mars-21-particulier-employeurs-et-emploi-a-domicile.pdf,cc-coeurdegaronne.fr,,7615542,7.3 MB,pending,2026-07-09T10:41:37.479115+00:00,,,,,,,,,,,,,,,,,,,,,,,,,,,,
https://www.cc-coeurdegaronne.fr/wp-content/uploads/2022/01/COEUR-DE-GARONNE-N%C2%B011-basse-def.2.pdf,COEUR-DE-GARONNE-N%C2%B011-basse-def.2.pdf,cc-coeurdegaronne.fr,,1996224,1.9 MB,pending,2026-07-09T10:41:37.486183+00:00,,,,,,,,,,,,,,,,,,,,,,,,,,,,
https://www.cc-coeurdegaronne.fr/wp-content/uploads/2022/04/COEUR-DE-GARONNE-N%C2%B012-web.pdf,COEUR-DE-GARONNE-N%C2%B012-web.pdf,cc-coeurdegaronne.fr,,2834981,2.7 MB,pending,2026-07-09T10:41:37.494986+00:00,,,,,,,,,,,,,,,,,,,,,,,,,,,,
https://www.cc-coeurdegaronne.fr/wp-content/uploads/2022/09/COEUR-DE-GARONNE-N%C2%B013-mid-def.pdf,COEUR-DE-GARONNE-N%C2%B013-mid-def.pdf,cc-coeurdegaronne.fr,,19915373,19.0 MB,pending,2026-07-09T10:41:37.542566+00:00,,,,,,,,,,,,,,,,,,,,,,,,,,,,
https://www.cc-coeurdegaronne.fr/wp-content/uploads/2023/01/COEUR-DE-GARONNE-N%C2%B014-web.pdf,COEUR-DE-GARONNE-N%C2%B014-web.pdf,cc-coeurdegaronne.fr,,2243778,2.1 MB,pending,2026-07-09T10:41:37.552099+00:00,,,,,,,,,,,,,,,,,,,,,,,,,,,,
https://www.cc-coeurdegaronne.fr/wp-content/uploads/2023/05/COEUR-DE-GARONNE-N%C2%B015-web.pdf,COEUR-DE-GARONNE-N%C2%B015-web.pdf,cc-coeurdegaronne.fr,,2912776,2.8 MB,pending,2026-07-09T10:41:37.561688+00:00,,,,,,,,,,,,,,,,,,,,,,,,,,,,
https://www.cc-coeurdegaronne.fr/wp-content/uploads/2023/10/COEUR-DE-GARONNE-N%C2%B016-basse-def.pdf,COEUR-DE-GARONNE-N%C2%B016-basse-def.pdf,cc-coeurdegaronne.fr,,2412954,2.3 MB,pending,2026-07-09T10:41:37.569931+00:00,,,,,,,,,,,,,,,,,,,,,,,,,,,,
https://www.cc-coeurdegaronne.fr/wp-content/uploads/2024/01/COEUR-DE-GARONNE-N%C2%B017-basse-definition.pdf,COEUR-DE-GARONNE-N%C2%B017-basse-definition.pdf,cc-coeurdegaronne.fr,,2073263,2.0 MB,pending,2026-07-09T10:41:37.577278+00:00,,,,,,,,,,,,,,,,,,,,,,,,,,,,
https://www.cc-coeurdegaronne.fr/wp-content/uploads/2024/05/COEUR-DE-GARONNE-N%C2%B018-basse-definition.pdf,COEUR-DE-GARONNE-N%C2%B018-basse-definition.pdf,cc-coeurdegaronne.fr,,2799785,2.7 MB,pending,2026-07-09T10:41:37.585819+00:00,,,,,,,,,,,,,,,,,,,,,,,,,,,,
https://www.cc-coeurdegaronne.fr/wp-content/uploads/2024/10/COEUR-DE-GARONNE-N%C2%B019-basse-def.pdf,COEUR-DE-GARONNE-N%C2%B019-basse-def.pdf,cc-coeurdegaronne.fr,,2187377,2.1 MB,pending,2026-07-09T10:41:37.592803+00:00,,,,,,,,,,,,,,,,,,,,,,,,,,,,
https://www.cc-coeurdegaronne.fr/wp-content/uploads/2025/01/COEUR-DE-GARONNE-N%C2%B020v2-bass-def.pdf,COEUR-DE-GARONNE-N%C2%B020v2-bass-def.pdf,cc-coeurdegaronne.fr,,2342009,2.2 MB,pending,2026-07-09T10:41:37.600219+00:00,,,,,,,,,,,,,,,,,,,,,,,,,,,,
https://www.cc-coeurdegaronne.fr/wp-content/uploads/2025/06/COEUR-DE-GARONNE-N%C2%B021-basse-def.pdf,COEUR-DE-GARONNE-N%C2%B021-basse-def.pdf,cc-coeurdegaronne.fr,,2960152,2.8 MB,pending,2026-07-09T10:41:37.608974+00:00,,,,,,,,,,,,,,,,,,,,,,,,,,,,
https://www.cc-coeurdegaronne.fr/wp-content/uploads/2026/07/COEUR-DE-GARONNE-N%C2%B023-V4-basse-def.pdf,COEUR-DE-GARONNE-N%C2%B023-V4-basse-def.pdf,cc-coeurdegaronne.fr,,4639256,4.4 MB,pending,2026-07-09T10:41:37.621493+00:00,,,,,,,,,,,,,,,,,,,,,,,,,,,,
https://www.cc-coeurdegaronne.fr/wp-content/uploads/2025/11/Calendrier_des_vacances_des_ALSH_2025_2026.pdf,Calendrier_des_vacances_des_ALSH_2025_2026.pdf,cc-coeurdegaronne.fr,,424413,414.5 KB,pending,2026-07-09T10:41:37.624591+00:00,,,,,,,,,,,,,,,,,,,,,,,,,,,,
https://www.cc-coeurdegaronne.fr/wp-content/uploads/2025/12/Cambernard-2026.pdf,Cambernard-2026.pdf,cc-coeurdegaronne.fr,,2394181,2.3 MB,pending,2026-07-09T10:41:37.632018+00:00,,,,,,,,,,,,,,,,,,,,,,,,,,,,
https://www.cc-coeurdegaronne.fr/wp-content/uploads/2026/01/Carte-interactive.pdf,Carte-interactive.pdf,cc-coeurdegaronne.fr,,236401,230.9 KB,pending,2026-07-09T10:41:37.634533+00:00,,,,,,,,,,,,,,,,,,,,,,,,,,,,
https://www.cc-coeurdegaronne.fr/wp-content/uploads/2025/12/Castelnau-Picampeau-2026.pdf,Castelnau-Picampeau-2026.pdf,cc-coeurdegaronne.fr,,2394151,2.3 MB,pending,2026-07-09T10:41:37.642002+00:00,,,,,,,,,,,,,,,,,,,,,,,,,,,,
https://www.cc-coeurdegaronne.fr/wp-content/uploads/2026/01/Casties-Labrande-2026.pdf,Casties-Labrande-2026.pdf,cc-coeurdegaronne.fr,,2394345,2.3 MB,pending,2026-07-09T10:41:37.649480+00:00,,,,,,,,,,,,,,,,,,,,,,,,,,,,
https://www.cc-coeurdegaronne.fr/wp-content/uploads/2025/12/Cazeres-2026.pdf,Cazeres-2026.pdf,cc-coeurdegaronne.fr,,2394214,2.3 MB,pending,2026-07-09T10:41:37.656925+00:00,,,,,,,,,,,,,,,,,,,,,,,,,,,,
https://www.cc-coeurdegaronne.fr/wp-content/uploads/2022/02/Charte-des-Relais-petite-enfance-maj-2022.pdf,Charte-des-Relais-petite-enfance-maj-2022.pdf,cc-coeurdegaronne.fr,,98910,96.6 KB,pending,2026-07-09T10:41:37.659173+00:00,,,,,,,,,,,,,,,,,,,,,,,,,,,,
https://www.cc-coeurdegaronne.fr/wp-content/uploads/2023/01/Coeur-de-Garonne-CC-Enqu%C3%AAte-habitants-2022-VF.pdf,Coeur-de-Garonne-CC-Enqu%C3%AAte-habitants-2022-VF.pdf,cc-coeurdegaronne.fr,,3414255,3.3 MB,pending,2026-07-09T10:41:37.668925+00:00,,,,,,,,,,,,,,,,,,,,,,,,,,,,
https://www.cc-coeurdegaronne.fr/wp-content/uploads/2023/01/Coeur-de-Garonne-CC-Enqu%C3%AAte-jeunes-2022-VF.pdf,Coeur-de-Garonne-CC-Enqu%C3%AAte-jeunes-2022-VF.pdf,cc-coeurdegaronne.fr,,1671178,1.6 MB,pending,2026-07-09T10:41:37.674742+00:00,,,,,,,,,,,,,,,,,,,,,,,,,,,,
https://www.cc-coeurdegaronne.fr/wp-content/uploads/2023/09/Comment-organiser-sa-recherche-d-emploi.pdf,Comment-organiser-sa-recherche-d-emploi.pdf,cc-coeurdegaronne.fr,,101744,99.4 KB,pending,2026-07-09T10:41:37.676992+00:00,,,,,,,,,,,,,,,,,,,,,,,,,,,,
https://www.cc-coeurdegaronne.fr/wp-content/uploads/2022/09/Convention-collective-AM.pdf,Convention-collective-AM.pdf,cc-coeurdegaronne.fr,,7599175,7.2 MB,pending,2026-07-09T10:41:37.696218+00:00,,,,,,,,,,,,,,,,,,,,,,,,,,,,
https://www.cc-coeurdegaronne.fr/wp-content/uploads/2026/06/Convocation-Conseil-communautaire-Jeudi-02-juillet-a-19h-Maison-Garonne-%E2%80%93-CAZERES.pdf,Convocation-Conseil-communautaire-Jeudi-02-juillet-a-19h-Maison-Garonne-%E2%80%93-CAZERES.pdf,cc-coeurdegaronne.fr,,337523,329.6 KB,pending,2026-07-09T10:41:37.699368+00:00,,,,,,,,,,,,,,,,,,,,,,,,,,,,
https://www.cc-coeurdegaronne.fr/wp-content/uploads/2026/06/Convocation-bureau-communautaire-deliberatif-du-18-juin-2026-.pdf,Convocation-bureau-communautaire-deliberatif-du-18-juin-2026-.pdf,cc-coeurdegaronne.fr,,245422,239.7 KB,pending,2026-07-09T10:41:37.702075+00:00,,,,,,,,,,,,,,,,,,,,,,,,,,,,
https://www.cc-coeurdegaronne.fr/wp-content/uploads/2025/04/Coordonnees-utiles-09042024.pdf,Coordonnees-utiles-09042024.pdf,cc-coeurdegaronne.fr,,207274,202.4 KB,pending,2026-07-09T10:41:37.704551+00:00,,,,,,,,,,,,,,,,,,,,,,,,,,,,
https://www.cc-coeurdegaronne.fr/wp-content/uploads/2025/12/Couladere-2026.pdf,Couladere-2026.pdf,cc-coeurdegaronne.fr,,2394417,2.3 MB,pending,2026-07-09T10:41:37.711965+00:00,,,,,,,,,,,,,,,,,,,,,,,,,,,,
https://www.cc-coeurdegaronne.fr/wp-content/uploads/2026/04/DDFIP29_Campagne_IR2026_Assistants_Maternels-Notice-1.pdf,DDFIP29_Campagne_IR2026_Assistants_Maternels-Notice-1.pdf,cc-coeurdegaronne.fr,,247819,242.0 KB,pending,2026-07-09T10:41:37.714509+00:00,,,,,,,,,,,,,,,,,,,,,,,,,,,,
https://www.cc-coeurdegaronne.fr/wp-content/uploads/2022/11/DEC-2022-29-7-10-Avenant-conventions-SCP-CANTIER-PUJOL-appel-22TL21348.pdf,DEC-2022-29-7-10-Avenant-conventions-SCP-CANTIER-PUJOL-appel-22TL21348.pdf,cc-coeurdegaronne.fr,,73205,71.5 KB,pending,2026-07-09T10:41:37.716638+00:00,,,,,,,,,,,,,,,,,,,,,,,,,,,,
https://www.cc-coeurdegaronne.fr/wp-content/uploads/2024/07/DELIB021230622-modalite-de-publication-des-actes.pdf,DELIB021230622-modalite-de-publication-des-actes.pdf,cc-coeurdegaronne.fr,,130933,127.9 KB,pending,2026-07-09T10:41:37.718912+00:00,,,,,,,,,,,,,,,,,,,,,,,,,,,,
https://www.cc-coeurdegaronne.fr/wp-content/uploads/2020/02/DOB-2018.pdf,DOB-2018.pdf,cc-coeurdegaronne.fr,,2080068,2.0 MB,pending,2026-07-09T10:41:37.725550+00:00,,,,,,,,,,,,,,,,,,,,,,,,,,,,
https://www.cc-coeurdegaronne.fr/wp-content/uploads/2020/02/DOB-2019-.pdf,DOB-2019-.pdf,cc-coeurdegaronne.fr,,1351528,1.3 MB,pending,2026-07-09T10:41:37.730634+00:00,,,,,,,,,,,,,,,,,,,,,,,,,,,,
https://www.cc-coeurdegaronne.fr/wp-content/uploads/2022/04/DOB-2022.pdf,DOB-2022.pdf,cc-coeurdegaronne.fr,,1532766,1.5 MB,pending,2026-07-09T10:41:37.736162+00:00,,,,,,,,,,,,,,,,,,,,,,,,,,,,
https://www.cc-coeurdegaronne.fr/wp-content/uploads/2025/04/DOSSIER-DENQUETE-PUBLIQUE-SOMMAIRE.pdf,DOSSIER-DENQUETE-PUBLIQUE-SOMMAIRE.pdf,cc-coeurdegaronne.fr,,340703,332.7 KB,pending,2026-07-09T10:41:37.738981+00:00,,,,,,,,,,,,,,,,,,,,,,,,,,,,
https://www.cc-coeurdegaronne.fr/wp-content/uploads/2022/03/Decret-14-decembre-2021-relatif-a-la-gouvernance-des-services-aux-familles-et-au-metier-dassistant-maternel.pdf,Decret-14-decembre-2021-relatif-a-la-gouvernance-des-services-aux-familles-et-au-metier-dassistant-maternel.pdf,cc-coeurdegaronne.fr,,177135,173.0 KB,pending,2026-07-09T10:41:37.741361+00:00,,,,,,,,,,,,,,,,,,,,,,,,,,,,
https://www.cc-coeurdegaronne.fr/wp-content/uploads/2024/07/Delib-2022-08-Modalite-de-publication-des-actes-pris-par-les-communes-de-de-3500-hbts.pdf,Delib-2022-08-Modalite-de-publication-des-actes-pris-par-les-communes-de-de-3500-hbts.pdf,cc-coeurdegaronne.fr,,1246094,1.2 MB,pending,2026-07-09T10:41:37.746154+00:00,,,,,,,,,,,,,,,,,,,,,,,,,,,,
https://www.cc-coeurdegaronne.fr/wp-content/uploads/2024/08/Delib-publicite-actes-Montastruc-Saves.pdf,Delib-publicite-actes-Montastruc-Saves.pdf,cc-coeurdegaronne.fr,,855482,835.4 KB,pending,2026-07-09T10:41:37.750055+00:00,,,,,,,,,,,,,,,,,,,,,,,,,,,,
https://www.cc-coeurdegaronne.fr/wp-content/uploads/2022/09/Deliberations-2022-09-22-publication.pdf,Deliberations-2022-09-22-publication.pdf,cc-coeurdegaronne.fr,,3239356,3.1 MB,pending,2026-07-09T10:41:37.759318+00:00,,,,,,,,,,,,,,,,,,,,,,,,,,,,
https://www.cc-coeurdegaronne.fr/wp-content/uploads/2023/09/Demarches-employeurs-dAM-du-24072023.pdf,Demarches-employeurs-dAM-du-24072023.pdf,cc-coeurdegaronne.fr,,198710,194.1 KB,pending,2026-07-09T10:41:37.761783+00:00,,,,,,,,,,,,,,,,,,,,,,,,,,,,
https://www.cc-coeurdegaronne.fr/wp-content/uploads/2024/02/Dossier-KparK-MRAE-Pouy-de-Touges_Elaboration-PLU.pdf,Dossier-KparK-MRAE-Pouy-de-Touges_Elaboration-PLU.pdf,cc-coeurdegaronne.fr,,4065805,3.9 MB,pending,2026-07-09T10:41:37.772956+00:00,,,,,,,,,,,,,,,,,,,,,,,,,,,,
https://www.cc-coeurdegaronne.fr/wp-content/uploads/2026/04/Etre-parents-a-lere-du-numerique-1-002.pdf,Etre-parents-a-lere-du-numerique-1-002.pdf,cc-coeurdegaronne.fr,,1492968,1.4 MB,pending,2026-07-09T10:41:37.778381+00:00,,,,,,,,,,,,,,,,,,,,,,,,,,,,
https://www.cc-coeurdegaronne.fr/wp-content/uploads/2023/11/FAQ_Citeo_Simplification_du_tri_maj_20230101.pdf,FAQ_Citeo_Simplification_du_tri_maj_20230101.pdf,cc-coeurdegaronne.fr,,159605,155.9 KB,pending,2026-07-09T10:41:37.780754+00:00,,,,,,,,,,,,,,,,,,,,,,,,,,,,
https://www.cc-coeurdegaronne.fr/wp-content/uploads/2024/06/FORMULAIRE-DE-DEMANDE-BAC-PONCTUEL-web.pdf,FORMULAIRE-DE-DEMANDE-BAC-PONCTUEL-web.pdf,cc-coeurdegaronne.fr,,170146,166.2 KB,pending,2026-07-09T10:41:37.783139+00:00,,,,,,,,,,,,,,,,,,,,,,,,,,,,
https://www.cc-coeurdegaronne.fr/wp-content/uploads/2023/02/Fiche-Inscription-atelier-CV-Caz%C3%A8res.pdf,Fiche-Inscription-atelier-CV-Caz%C3%A8res.pdf,cc-coeurdegaronne.fr,,141817,138.5 KB,pending,2026-07-09T10:41:37.785445+00:00,,,,,,,,,,,,,,,,,,,,,,,,,,,,
https://www.cc-coeurdegaronne.fr/wp-content/uploads/2023/02/Fiche-Inscription-atelier-CV-Rieumes.pdf,Fiche-Inscription-atelier-CV-Rieumes.pdf,cc-coeurdegaronne.fr,,144093,140.7 KB,pending,2026-07-09T10:41:37.787761+00:00,,,,,,,,,,,,,,,,,,,,,,,,,,,,
https://www.cc-coeurdegaronne.fr/wp-content/uploads/2023/09/Fiche-de-renseignement-famille-Droit-image-autorisation-mail-MAJ-31.08.23.pdf,Fiche-de-renseignement-famille-Droit-image-autorisation-mail-MAJ-31.08.23.pdf,cc-coeurdegaronne.fr,,216476,211.4 KB,pending,2026-07-09T10:41:37.790225+00:00,,,,,,,,,,,,,,,,,,,,,,,,,,,,
https://www.cc-coeurdegaronne.fr/wp-content/uploads/2023/02/Flyer-HD-pour-copieur.pdf,Flyer-HD-pour-copieur.pdf,cc-coeurdegaronne.fr,,5845033,5.6 MB,pending,2026-07-09T10:41:37.805440+00:00,,,,,,,,,,,,,,,,,,,,,,,,,,,,
https://www.cc-coeurdegaronne.fr/wp-content/uploads/2025/07/Flyer-demenagement.pdf,Flyer-demenagement.pdf,cc-coeurdegaronne.fr,,875425,854.9 KB,pending,2026-07-09T10:41:37.809570+00:00,,,,,,,,,,,,,,,,,,,,,,,,,,,,
https://www.cc-coeurdegaronne.fr/wp-content/uploads/2026/01/Formulaire-FICHE-INSCRIPTION-ACCUEIL-OCCASIONNEL-2026.pdf,Formulaire-FICHE-INSCRIPTION-ACCUEIL-OCCASIONNEL-2026.pdf,cc-coeurdegaronne.fr,,711544,694.9 KB,pending,2026-07-09T10:41:37.813230+00:00,,,,,,,,,,,,,,,,,,,,,,,,,,,,
https://www.cc-coeurdegaronne.fr/wp-content/uploads/2025/12/Fustignac-2026.pdf,Fustignac-2026.pdf,cc-coeurdegaronne.fr,,2393935,2.3 MB,pending,2026-07-09T10:41:37.820618+00:00,,,,,,,,,,,,,,,,,,,,,,,,,,,,
https://www.cc-coeurdegaronne.fr/wp-content/uploads/2023/07/Glossaire.pdf,Glossaire.pdf,cc-coeurdegaronne.fr,,141374,138.1 KB,pending,2026-07-09T10:41:37.822979+00:00,,,,,,,,,,,,,,,,,,,,,,,,,,,,
https://www.cc-coeurdegaronne.fr/wp-content/uploads/2025/12/Gratens-2026.pdf,Gratens-2026.pdf,cc-coeurdegaronne.fr,,2394110,2.3 MB,pending,2026-07-09T10:41:37.830357+00:00,,,,,,,,,,,,,,,,,,,,,,,,,,,,
https://www.cc-coeurdegaronne.fr/wp-content/uploads/2025/06/Grille-des-bonus.pdf,Grille-des-bonus.pdf,cc-coeurdegaronne.fr,,4213966,4.0 MB,pending,2026-07-09T10:41:37.841894+00:00,,,,,,,,,,,,,,,,,,,,,,,,,,,,
https://www.cc-coeurdegaronne.fr/wp-content/uploads/2024/02/Guide-1er-entretien-parents-AM.pdf,Guide-1er-entretien-parents-AM.pdf,cc-coeurdegaronne.fr,,1491895,1.4 MB,pending,2026-07-09T10:41:37.847306+00:00,,,,,,,,,,,,,,,,,,,,,,,,,,,,
https://www.cc-coeurdegaronne.fr/wp-content/uploads/2022/02/Guide-CNAF-Monenfant.fr-pour-les-AM.pdf,Guide-CNAF-Monenfant.fr-pour-les-AM.pdf,cc-coeurdegaronne.fr,,3671386,3.5 MB,pending,2026-07-09T10:41:37.857597+00:00,,,,,,,,,,,,,,,,,,,,,,,,,,,,
https://www.cc-coeurdegaronne.fr/wp-content/uploads/2024/03/Guide-petite-enfance-basse-definition.pdf,Guide-petite-enfance-basse-definition.pdf,cc-coeurdegaronne.fr,,2006744,1.9 MB,pending,2026-07-09T10:41:37.864161+00:00,,,,,,,,,,,,,,,,,,,,,,,,,,,,
https://www.cc-coeurdegaronne.fr/wp-content/uploads/2023/06/Indemnisation-de-larr%C3%AAt-maladie-Version-d%C3%A9finitive-du-31052023.pdf,Indemnisation-de-larr%C3%AAt-maladie-Version-d%C3%A9finitive-du-31052023.pdf,cc-coeurdegaronne.fr,,200005,195.3 KB,pending,2026-07-09T10:41:37.866616+00:00,,,,,,,,,,,,,,,,,,,,,,,,,,,,
https://www.cc-coeurdegaronne.fr/wp-content/uploads/2026/03/JEMA-2026-livret-webV3.pdf,JEMA-2026-livret-webV3.pdf,cc-coeurdegaronne.fr,,6696606,6.4 MB,pending,2026-07-09T10:41:37.883747+00:00,,,,,,,,,,,,,,,,,,,,,,,,,,,,
https://www.cc-coeurdegaronne.fr/wp-content/uploads/2026/06/Juillet-2026-ESCAPADE-PROGRAMME.pdf,Juillet-2026-ESCAPADE-PROGRAMME.pdf,cc-coeurdegaronne.fr,,4828986,4.6 MB,pending,2026-07-09T10:41:37.896796+00:00,,,,,,,,,,,,,,,,,,,,,,,,,,,,
https://www.cc-coeurdegaronne.fr/wp-content/uploads/2023/03/LISTE-CST2.1.pdf,LISTE-CST2.1.pdf,cc-coeurdegaronne.fr,,418114,408.3 KB,pending,2026-07-09T10:41:37.899874+00:00,,,,,,,,,,,,,,,,,,,,,,,,,,,,
https://www.cc-coeurdegaronne.fr/wp-content/uploads/2026/07/LISTE-dispos-AM-RPE-Pyrenees-juillet2026.pdf,LISTE-dispos-AM-RPE-Pyrenees-juillet2026.pdf,cc-coeurdegaronne.fr,,439539,429.2 KB,pending,2026-07-09T10:41:37.903648+00:00,,,,,,,,,,,,,,,,,,,,,,,,,,,,
https://www.cc-coeurdegaronne.fr/wp-content/uploads/2025/12/Labastide-Clermont-2026.pdf,Labastide-Clermont-2026.pdf,cc-coeurdegaronne.fr,,2395475,2.3 MB,pending,2026-07-09T10:41:37.911408+00:00,,,,,,,,,,,,,,,,,,,,,,,,,,,,
https://www.cc-coeurdegaronne.fr/wp-content/uploads/2025/12/Le-Fousseret-2026.pdf,Le-Fousseret-2026.pdf,cc-coeurdegaronne.fr,,2394002,2.3 MB,pending,2026-07-09T10:41:37.918918+00:00,,,,,,,,,,,,,,,,,,,,,,,,,,,,
https://www.cc-coeurdegaronne.fr/wp-content/uploads/2022/09/Les-conges-payes-en-annee-incomplete-MAJ-19-09-22-PDF.pdf,Les-conges-payes-en-annee-incomplete-MAJ-19-09-22-PDF.pdf,cc-coeurdegaronne.fr,,447425,436.9 KB,pending,2026-07-09T10:41:37.921967+00:00,,,,,,,,,,,,,,,,,,,,,,,,,,,,
https://www.cc-coeurdegaronne.fr/wp-content/uploads/2023/03/Lettre-sur-Intranet.pdf,Lettre-sur-Intranet.pdf,cc-coeurdegaronne.fr,,180719,176.5 KB,pending,2026-07-09T10:41:37.924370+00:00,,,,,,,,,,,,,,,,,,,,,,,,,,,,
https://www.cc-coeurdegaronne.fr/wp-content/uploads/2025/12/Lherm-2026.pdf,Lherm-2026.pdf,cc-coeurdegaronne.fr,,2394255,2.3 MB,pending,2026-07-09T10:41:37.931727+00:00,,,,,,,,,,,,,,,,,,,,,,,,,,,,
https://www.cc-coeurdegaronne.fr/wp-content/uploads/2023/02/Lio-Karos.pdf,Lio-Karos.pdf,cc-coeurdegaronne.fr,,467015,456.1 KB,pending,2026-07-09T10:41:37.934766+00:00,,,,,,,,,,,,,,,,,,,,,,,,,,,,
https://www.cc-coeurdegaronne.fr/wp-content/uploads/2026/03/Liste-AM-Berat-et-Labastide-Clermont-mars-2026.pdf,Liste-AM-Berat-et-Labastide-Clermont-mars-2026.pdf,cc-coeurdegaronne.fr,,211665,206.7 KB,pending,2026-07-09T10:41:37.937222+00:00,,,,,,,,,,,,,,,,,,,,,,,,,,,,
https://www.cc-coeurdegaronne.fr/wp-content/uploads/2026/03/Liste-AM-Lherm-mars-2026.pdf,Liste-AM-Lherm-mars-2026.pdf,cc-coeurdegaronne.fr,,204750,200.0 KB,pending,2026-07-09T10:41:37.939650+00:00,,,,,,,,,,,,,,,,,,,,,,,,,,,,
https://www.cc-coeurdegaronne.fr/wp-content/uploads/2026/03/Liste-AM-Rieumes-et-Poucharramet-mars-2026.pdf,Liste-AM-Rieumes-et-Poucharramet-mars-2026.pdf,cc-coeurdegaronne.fr,,142062,138.7 KB,pending,2026-07-09T10:41:37.941979+00:00,,,,,,,,,,,,,,,,,,,,,,,,,,,,
https://www.cc-coeurdegaronne.fr/wp-content/uploads/2026/03/Liste-AM-Ste-Foy-et-cambernard-mars-2026.pdf,Liste-AM-Ste-Foy-et-cambernard-mars-2026.pdf,cc-coeurdegaronne.fr,,183642,179.3 KB,pending,2026-07-09T10:41:37.944360+00:00,,,,,,,,,,,,,,,,,,,,,,,,,,,,
https://www.cc-coeurdegaronne.fr/wp-content/uploads/2024/01/Liste-des-arrets-possibles-sur-les-communes-de-destination.pdf,Liste-des-arrets-possibles-sur-les-communes-de-destination.pdf,cc-coeurdegaronne.fr,,172820,168.8 KB,pending,2026-07-09T10:41:37.946703+00:00,,,,,,,,,,,,,,,,,,,,,,,,,,,,
https://www.cc-coeurdegaronne.fr/wp-content/uploads/2026/07/Liste-des-deliberations-2026-07-02.pdf,Liste-des-deliberations-2026-07-02.pdf,cc-coeurdegaronne.fr,,230218,224.8 KB,pending,2026-07-09T10:41:37.949215+00:00,,,,,,,,,,,,,,,,,,,,,,,,,,,,
https://www.cc-coeurdegaronne.fr/wp-content/uploads/2026/06/Liste-des-deliberations-DBC-2026-06-18.pdf,Liste-des-deliberations-DBC-2026-06-18.pdf,cc-coeurdegaronne.fr,,212772,207.8 KB,pending,2026-07-09T10:41:37.951648+00:00,,,,,,,,,,,,,,,,,,,,,,,,,,,,
https://www.cc-coeurdegaronne.fr/wp-content/uploads/2023/03/Liste-pour-la-formation-sp%C3%A9cialis%C3%A9e2.pdf,Liste-pour-la-formation-sp%C3%A9cialis%C3%A9e2.pdf,cc-coeurdegaronne.fr,,359160,350.7 KB,pending,2026-07-09T10:41:37.954418+00:00,,,,,,,,,,,,,,,,,,,,,,,,,,,,
https://www.cc-coeurdegaronne.fr/wp-content/uploads/2022/10/Listing-bornes-de-recharge-electriques.pdf,Listing-bornes-de-recharge-electriques.pdf,cc-coeurdegaronne.fr,,79157,77.3 KB,pending,2026-07-09T10:41:37.956564+00:00,,,,,,,,,,,,,,,,,,,,,,,,,,,,
https://www.cc-coeurdegaronne.fr/wp-content/uploads/2026/04/Livret-Deconnectons-les.pdf,Livret-Deconnectons-les.pdf,cc-coeurdegaronne.fr,,3401152,3.2 MB,pending,2026-07-09T10:41:37.966192+00:00,,,,,,,,,,,,,,,,,,,,,,,,,,,,
https://www.cc-coeurdegaronne.fr/wp-content/uploads/2021/02/Livret_enquete_CCCG_Acces-aux-droits_Numerique_df.pdf,Livret_enquete_CCCG_Acces-aux-droits_Numerique_df.pdf,cc-coeurdegaronne.fr,,1472114,1.4 MB,pending,2026-07-09T10:41:37.971505+00:00,,,,,,,,,,,,,,,,,,,,,,,,,,,,
https://www.cc-coeurdegaronne.fr/wp-content/uploads/2021/11/Livret_enquete_CCCG_Aidants-df.pdf,Livret_enquete_CCCG_Aidants-df.pdf,cc-coeurdegaronne.fr,,2029855,1.9 MB,pending,2026-07-09T10:41:37.978131+00:00,,,,,,,,,,,,,,,,,,,,,,,,,,,,
https://www.cc-coeurdegaronne.fr/wp-content/uploads/2025/12/Lussan-Adeilhac-2026.pdf,Lussan-Adeilhac-2026.pdf,cc-coeurdegaronne.fr,,2393998,2.3 MB,pending,2026-07-09T10:41:37.985568+00:00,,,,,,,,,,,,,,,,,,,,,,,,,,,,
https://www.cc-coeurdegaronne.fr/wp-content/uploads/2025/04/M2-1-PIECES-ADMINISTRATIVES.pdf,M2-1-PIECES-ADMINISTRATIVES.pdf,cc-coeurdegaronne.fr,,4852347,4.6 MB,pending,2026-07-09T10:41:37.998611+00:00,,,,,,,,,,,,,,,,,,,,,,,,,,,,
https://www.cc-coeurdegaronne.fr/wp-content/uploads/2025/04/M2-2-NOTICE-DE-PRESENTATION.pdf,M2-2-NOTICE-DE-PRESENTATION.pdf,cc-coeurdegaronne.fr,,1510023,1.4 MB,pending,2026-07-09T10:41:38.004314+00:00,,,,,,,,,,,,,,,,,,,,,,,,,,,,
https://www.cc-coeurdegaronne.fr/wp-content/uploads/2025/04/M2-3-ZONAGE-EXTRAIT.pdf,M2-3-ZONAGE-EXTRAIT.pdf,cc-coeurdegaronne.fr,,1264772,1.2 MB,pending,2026-07-09T10:41:38.009309+00:00,,,,,,,,,,,,,,,,,,,,,,,,,,,,
https://www.cc-coeurdegaronne.fr/wp-content/uploads/2025/04/M2-4-REGLEMENT.pdf,M2-4-REGLEMENT.pdf,cc-coeurdegaronne.fr,,720599,703.7 KB,pending,2026-07-09T10:41:38.012989+00:00,,,,,,,,,,,,,,,,,,,,,,,,,,,,
https://www.cc-coeurdegaronne.fr/wp-content/uploads/2025/04/M2-5-ORIENTATIONS-DAMENAGEMENT-ET-DE-PROGRAMMATION.pdf,M2-5-ORIENTATIONS-DAMENAGEMENT-ET-DE-PROGRAMMATION.pdf,cc-coeurdegaronne.fr,,468647,457.7 KB,pending,2026-07-09T10:41:38.016038+00:00,,,,,,,,,,,,,,,,,,,,,,,,,,,,
https://www.cc-coeurdegaronne.fr/wp-content/uploads/2025/04/M2-6-AVIS.pdf,M2-6-AVIS.pdf,cc-coeurdegaronne.fr,,1655443,1.6 MB,pending,2026-07-09T10:41:38.021734+00:00,,,,,,,,,,,,,,,,,,,,,,,,,,,,
https://www.cc-coeurdegaronne.fr/wp-content/uploads/2025/08/MPT.-Tarifs-et-horaires-2025.26.pdf,MPT.-Tarifs-et-horaires-2025.26.pdf,cc-coeurdegaronne.fr,,1152043,1.1 MB,pending,2026-07-09T10:41:38.026312+00:00,,,,,,,,,,,,,,,,,,,,,,,,,,,,
https://www.cc-coeurdegaronne.fr/wp-content/uploads/2021/05/Mai-selection-coccinelle-2021.pdf,Mai-selection-coccinelle-2021.pdf,cc-coeurdegaronne.fr,,320971,313.4 KB,pending,2026-07-09T10:41:38.029038+00:00,,,,,,,,,,,,,,,,,,,,,,,,,,,,
https://www.cc-coeurdegaronne.fr/wp-content/uploads/2025/12/Marignac-Lasclares-2026.pdf,Marignac-Lasclares-2026.pdf,cc-coeurdegaronne.fr,,2394357,2.3 MB,pending,2026-07-09T10:41:38.036391+00:00,,,,,,,,,,,,,,,,,,,,,,,,,,,,
https://www.cc-coeurdegaronne.fr/wp-content/uploads/2025/12/Martres-Tolosane-2026.pdf,Martres-Tolosane-2026.pdf,cc-coeurdegaronne.fr,,2394695,2.3 MB,pending,2026-07-09T10:41:38.043826+00:00,,,,,,,,,,,,,,,,,,,,,,,,,,,,
https://www.cc-coeurdegaronne.fr/wp-content/uploads/2026/06/Menus-sans-sel-aout.pdf,Menus-sans-sel-aout.pdf,cc-coeurdegaronne.fr,,352733,344.5 KB,pending,2026-07-09T10:41:38.046867+00:00,,,,,,,,,,,,,,,,,,,,,,,,,,,,
https://www.cc-coeurdegaronne.fr/wp-content/uploads/2026/05/Menus-sans-sel-juillet.pdf,Menus-sans-sel-juillet.pdf,cc-coeurdegaronne.fr,,324454,316.8 KB,pending,2026-07-09T10:41:38.049621+00:00,,,,,,,,,,,,,,,,,,,,,,,,,,,,
https://www.cc-coeurdegaronne.fr/wp-content/uploads/2026/04/Menus-sans-sel-juin.pdf,Menus-sans-sel-juin.pdf,cc-coeurdegaronne.fr,,352128,343.9 KB,pending,2026-07-09T10:41:38.052398+00:00,,,,,,,,,,,,,,,,,,,,,,,,,,,,
https://www.cc-coeurdegaronne.fr/wp-content/uploads/2026/06/Menus-sans-sel-sans-sucre-aout.pdf,Menus-sans-sel-sans-sucre-aout.pdf,cc-coeurdegaronne.fr,,352420,344.2 KB,pending,2026-07-09T10:41:38.055156+00:00,,,,,,,,,,,,,,,,,,,,,,,,,,,,
https://www.cc-coeurdegaronne.fr/wp-content/uploads/2026/05/Menus-sans-sel-sans-sucre-juillet.pdf,Menus-sans-sel-sans-sucre-juillet.pdf,cc-coeurdegaronne.fr,,324176,316.6 KB,pending,2026-07-09T10:41:38.057864+00:00,,,,,,,,,,,,,,,,,,,,,,,,,,,,
https://www.cc-coeurdegaronne.fr/wp-content/uploads/2026/04/Menus-sans-sel-sans-sucre-juin.pdf,Menus-sans-sel-sans-sucre-juin.pdf,cc-coeurdegaronne.fr,,351809,343.6 KB,pending,2026-07-09T10:41:38.060609+00:00,,,,,,,,,,,,,,,,,,,,,,,,,,,,
https://www.cc-coeurdegaronne.fr/wp-content/uploads/2026/06/Menus-sans-sucre-aout.pdf,Menus-sans-sucre-aout.pdf,cc-coeurdegaronne.fr,,352518,344.3 KB,pending,2026-07-09T10:41:38.063370+00:00,,,,,,,,,,,,,,,,,,,,,,,,,,,,
https://www.cc-coeurdegaronne.fr/wp-content/uploads/2026/05/Menus-sans-sucre-juillet.pdf,Menus-sans-sucre-juillet.pdf,cc-coeurdegaronne.fr,,324027,316.4 KB,pending,2026-07-09T10:41:38.066065+00:00,,,,,,,,,,,,,,,,,,,,,,,,,,,,
https://www.cc-coeurdegaronne.fr/wp-content/uploads/2026/04/Menus-sans-sucre-juin.pdf,Menus-sans-sucre-juin.pdf,cc-coeurdegaronne.fr,,351683,343.4 KB,pending,2026-07-09T10:41:38.068820+00:00,,,,,,,,,,,,,,,,,,,,,,,,,,,,
https://www.cc-coeurdegaronne.fr/wp-content/uploads/2026/06/Menus-standard-aout.pdf,Menus-standard-aout.pdf,cc-coeurdegaronne.fr,,352909,344.6 KB,pending,2026-07-09T10:41:38.071632+00:00,,,,,,,,,,,,,,,,,,,,,,,,,,,,
https://www.cc-coeurdegaronne.fr/wp-content/uploads/2026/05/Menus-standard-juillet.pdf,Menus-standard-juillet.pdf,cc-coeurdegaronne.fr,,324182,316.6 KB,pending,2026-07-09T10:41:38.074344+00:00,,,,,,,,,,,,,,,,,,,,,,,,,,,,
https://www.cc-coeurdegaronne.fr/wp-content/uploads/2026/04/Menus-standard-juin.pdf,Menus-standard-juin.pdf,cc-coeurdegaronne.fr,,352315,344.1 KB,pending,2026-07-09T10:41:38.077106+00:00,,,,,,,,,,,,,,,,,,,,,,,,,,,,
https://www.cc-coeurdegaronne.fr/wp-content/uploads/2025/12/Montoussin-2026.pdf,Montoussin-2026.pdf,cc-coeurdegaronne.fr,,2393778,2.3 MB,pending,2026-07-09T10:41:38.084455+00:00,,,,,,,,,,,,,,,,,,,,,,,,,,,,
https://www.cc-coeurdegaronne.fr/wp-content/uploads/2024/05/Note-Synthetique-BP-2024.pdf,Note-Synthetique-BP-2024.pdf,cc-coeurdegaronne.fr,,309599,302.3 KB,pending,2026-07-09T10:41:38.087148+00:00,,,,,,,,,,,,,,,,,,,,,,,,,,,,
https://www.cc-coeurdegaronne.fr/wp-content/uploads/2026/06/Ordre-du-jour-conseil-2026-07-02.pdf,Ordre-du-jour-conseil-2026-07-02.pdf,cc-coeurdegaronne.fr,,229674,224.3 KB,pending,2026-07-09T10:41:38.089685+00:00,,,,,,,,,,,,,,,,,,,,,,,,,,,,
https://www.cc-coeurdegaronne.fr/wp-content/uploads/2023/11/PDF_Infographie_Reutiliser_un_emballage_20220114.pdf,PDF_Infographie_Reutiliser_un_emballage_20220114.pdf,cc-coeurdegaronne.fr,,7088176,6.8 MB,pending,2026-07-09T10:41:38.107889+00:00,,,,,,,,,,,,,,,,,,,,,,,,,,,,
https://www.cc-coeurdegaronne.fr/wp-content/uploads/2023/09/PROJET-daccueil-asmat-parent-enfant-Ram31.pdf,PROJET-daccueil-asmat-parent-enfant-Ram31.pdf,cc-coeurdegaronne.fr,,169826,165.8 KB,pending,2026-07-09T10:41:38.111375+00:00,,,,,,,,,,,,,,,,,,,,,,,,,,,,
https://www.cc-coeurdegaronne.fr/wp-content/uploads/2023/03/PV-R%C3%A9sultats-bureau-central.pdf,PV-R%C3%A9sultats-bureau-central.pdf,cc-coeurdegaronne.fr,,406935,397.4 KB,pending,2026-07-09T10:41:38.114769+00:00,,,,,,,,,,,,,,,,,,,,,,,,,,,,
https://www.cc-coeurdegaronne.fr/wp-content/uploads/2025/12/Palaminy-2026.pdf,Palaminy-2026.pdf,cc-coeurdegaronne.fr,,2399909,2.3 MB,pending,2026-07-09T10:41:38.122227+00:00,,,,,,,,,,,,,,,,,,,,,,,,,,,,
https://www.cc-coeurdegaronne.fr/wp-content/uploads/2023/05/Pendant-le-tps-W-depart-en-FC.pdf,Pendant-le-tps-W-depart-en-FC.pdf,cc-coeurdegaronne.fr,,173120,169.1 KB,pending,2026-07-09T10:41:38.124678+00:00,,,,,,,,,,,,,,,,,,,,,,,,,,,,
https://www.cc-coeurdegaronne.fr/wp-content/uploads/2026/04/Permanences-CAZERES_2026.pdf,Permanences-CAZERES_2026.pdf,cc-coeurdegaronne.fr,,179519,175.3 KB,pending,2026-07-09T10:41:38.127100+00:00,,,,,,,,,,,,,,,,,,,,,,,,,,,,
https://www.cc-coeurdegaronne.fr/wp-content/uploads/2026/04/Permanences-RIEUMES_2026.pdf,Permanences-RIEUMES_2026.pdf,cc-coeurdegaronne.fr,,183102,178.8 KB,pending,2026-07-09T10:41:38.129476+00:00,,,,,,,,,,,,,,,,,,,,,,,,,,,,
https://www.cc-coeurdegaronne.fr/wp-content/uploads/2025/03/Plaquette-coeur-estival-2019-web.pdf,Plaquette-coeur-estival-2019-web.pdf,cc-coeurdegaronne.fr,,756658,738.9 KB,pending,2026-07-09T10:41:38.133204+00:00,,,,,,,,,,,,,,,,,,,,,,,,,,,,
https://www.cc-coeurdegaronne.fr/wp-content/uploads/2025/12/Poucharramet-2026.pdf,Poucharramet-2026.pdf,cc-coeurdegaronne.fr,,2394096,2.3 MB,pending,2026-07-09T10:41:38.140612+00:00,,,,,,,,,,,,,,,,,,,,,,,,,,,,
https://www.cc-coeurdegaronne.fr/wp-content/uploads/2025/12/Pouy-de-Touges-2026.pdf,Pouy-de-Touges-2026.pdf,cc-coeurdegaronne.fr,,2394159,2.3 MB,pending,2026-07-09T10:41:38.148147+00:00,,,,,,,,,,,,,,,,,,,,,,,,,,,,
https://www.cc-coeurdegaronne.fr/wp-content/uploads/2025/06/Programme-Coeur-Estival-2025-web.pdf,Programme-Coeur-Estival-2025-web.pdf,cc-coeurdegaronne.fr,,5184716,4.9 MB,pending,2026-07-09T10:41:38.161951+00:00,,,,,,,,,,,,,,,,,,,,,,,,,,,,
https://www.cc-coeurdegaronne.fr/wp-content/uploads/2026/06/Programme-Coeur-Estival-2026-v7-web.pdf,Programme-Coeur-Estival-2026-v7-web.pdf,cc-coeurdegaronne.fr,,4947735,4.7 MB,pending,2026-07-09T10:41:38.175362+00:00,,,,,,,,,,,,,,,,,,,,,,,,,,,,
https://www.cc-coeurdegaronne.fr/wp-content/uploads/2026/06/Programme-Juillet-Aout-2026.pdf,Programme-Juillet-Aout-2026.pdf,cc-coeurdegaronne.fr,,5226545,5.0 MB,pending,2026-07-09T10:41:38.189456+00:00,,,,,,,,,,,,,,,,,,,,,,,,,,,,
https://www.cc-coeurdegaronne.fr/wp-content/uploads/2021/07/Programme-du-moment-musical.pdf,Programme-du-moment-musical.pdf,cc-coeurdegaronne.fr,,99673,97.3 KB,pending,2026-07-09T10:41:38.191936+00:00,,,,,,,,,,,,,,,,,,,,,,,,,,,,
https://www.cc-coeurdegaronne.fr/wp-content/uploads/2025/06/Programme_electrons-livres_2025.pdf,Programme_electrons-livres_2025.pdf,cc-coeurdegaronne.fr,,2461143,2.3 MB,pending,2026-07-09T10:41:38.199561+00:00,,,,,,,,,,,,,,,,,,,,,,,,,,,,
https://www.cc-coeurdegaronne.fr/wp-content/uploads/2023/03/Publication-d%C3%A9lib%C3%A9rations-2023-03-16.pdf,Publication-d%C3%A9lib%C3%A9rations-2023-03-16.pdf,cc-coeurdegaronne.fr,,5925135,5.7 MB,pending,2026-07-09T10:41:38.215077+00:00,,,,,,,,,,,,,,,,,,,,,,,,,,,,
https://www.cc-coeurdegaronne.fr/wp-content/uploads/2022/10/Publication-deliberations-2022-10-20.pdf,Publication-deliberations-2022-10-20.pdf,cc-coeurdegaronne.fr,,11911028,11.4 MB,pending,2026-07-09T10:41:38.244357+00:00,,,,,,,,,,,,,,,,,,,,,,,,,,,,
https://www.cc-coeurdegaronne.fr/wp-content/uploads/2022/11/Publication-deliberations-2022-11-24.pdf,Publication-deliberations-2022-11-24.pdf,cc-coeurdegaronne.fr,,15981065,15.2 MB,pending,2026-07-09T10:41:38.283445+00:00,,,,,,,,,,,,,,,,,,,,,,,,,,,,
https://www.cc-coeurdegaronne.fr/wp-content/uploads/2025/04/RA1-1-PIECES-ADMINISTRATIVES.pdf,RA1-1-PIECES-ADMINISTRATIVES.pdf,cc-coeurdegaronne.fr,,4244787,4.0 MB,pending,2026-07-09T10:41:38.296383+00:00,,,,,,,,,,,,,,,,,,,,,,,,,,,,
https://www.cc-coeurdegaronne.fr/wp-content/uploads/2025/04/RA1-2-NOTICE-DE-PRESENTATION.pdf,RA1-2-NOTICE-DE-PRESENTATION.pdf,cc-coeurdegaronne.fr,,6954731,6.6 MB,pending,2026-07-09T10:41:38.314927+00:00,,,,,,,,,,,,,,,,,,,,,,,,,,,,
https://www.cc-coeurdegaronne.fr/wp-content/uploads/2025/04/RA1-3-ZONAGE-EXTRAIT.pdf,RA1-3-ZONAGE-EXTRAIT.pdf,cc-coeurdegaronne.fr,,523381,511.1 KB,pending,2026-07-09T10:41:38.318693+00:00,,,,,,,,,,,,,,,,,,,,,,,,,,,,
https://www.cc-coeurdegaronne.fr/wp-content/uploads/2025/04/RA1-4-REGLEMENT.pdf,RA1-4-REGLEMENT.pdf,cc-coeurdegaronne.fr,,784392,766.0 KB,pending,2026-07-09T10:41:38.322746+00:00,,,,,,,,,,,,,,,,,,,,,,,,,,,,
https://www.cc-coeurdegaronne.fr/wp-content/uploads/2025/04/RA1-5-AVIS.pdf,RA1-5-AVIS.pdf,cc-coeurdegaronne.fr,,2983266,2.8 MB,pending,2026-07-09T10:41:38.331561+00:00,,,,,,,,,,,,,,,,,,,,,,,,,,,,
https://www.cc-coeurdegaronne.fr/wp-content/uploads/2026/06/REGLEMENT-CONCOURS-Coeur-estival-2026.pdf,REGLEMENT-CONCOURS-Coeur-estival-2026.pdf,cc-coeurdegaronne.fr,,389955,380.8 KB,pending,2026-07-09T10:41:38.334499+00:00,,,,,,,,,,,,,,,,,,,,,,,,,,,,
https://www.cc-coeurdegaronne.fr/wp-content/uploads/2026/01/RF-creche-A-petits-pas-janvier-2026.pdf,RF-creche-A-petits-pas-janvier-2026.pdf,cc-coeurdegaronne.fr,,2575327,2.5 MB,pending,2026-07-09T10:41:38.342317+00:00,,,,,,,,,,,,,,,,,,,,,,,,,,,,
https://www.cc-coeurdegaronne.fr/wp-content/uploads/2026/01/RF-creche-Brin-deveil-Janvier-2026.pdf,RF-creche-Brin-deveil-Janvier-2026.pdf,cc-coeurdegaronne.fr,,2606015,2.5 MB,pending,2026-07-09T10:41:38.350199+00:00,,,,,,,,,,,,,,,,,,,,,,,,,,,,
https://www.cc-coeurdegaronne.fr/wp-content/uploads/2026/01/RF-creche-Le-Chaudron-Magique-Janvier-2026.pdf,RF-creche-Le-Chaudron-Magique-Janvier-2026.pdf,cc-coeurdegaronne.fr,,2602829,2.5 MB,pending,2026-07-09T10:41:38.358106+00:00,,,,,,,,,,,,,,,,,,,,,,,,,,,,
https://www.cc-coeurdegaronne.fr/wp-content/uploads/2026/01/RF-creche-Les-canaillous-2026.pdf,RF-creche-Les-canaillous-2026.pdf,cc-coeurdegaronne.fr,,2621017,2.5 MB,pending,2026-07-09T10:41:38.366128+00:00,,,,,,,,,,,,,,,,,,,,,,,,,,,,
https://www.cc-coeurdegaronne.fr/wp-content/uploads/2026/01/RF-creche-Les-lutins-du-bosquet-Janvier-2026.pdf,RF-creche-Les-lutins-du-bosquet-Janvier-2026.pdf,cc-coeurdegaronne.fr,,2603894,2.5 MB,pending,2026-07-09T10:41:38.374063+00:00,,,,,,,,,,,,,,,,,,,,,,,,,,,,
https://www.cc-coeurdegaronne.fr/wp-content/uploads/2026/01/RF-creche-Les-petits-bouts-de-la-garonne-janvier-2026.pdf,RF-creche-Les-petits-bouts-de-la-garonne-janvier-2026.pdf,cc-coeurdegaronne.fr,,2610814,2.5 MB,pending,2026-07-09T10:41:38.381985+00:00,,,,,,,,,,,,,,,,,,,,,,,,,,,,
https://www.cc-coeurdegaronne.fr/wp-content/uploads/2026/01/RF-creche-Les-pitchouns-du-Saves-Janvier-2026.pdf,RF-creche-Les-pitchouns-du-Saves-Janvier-2026.pdf,cc-coeurdegaronne.fr,,2612065,2.5 MB,pending,2026-07-09T10:41:38.389955+00:00,,,,,,,,,,,,,,,,,,,,,,,,,,,,
https://www.cc-coeurdegaronne.fr/wp-content/uploads/2026/01/RF-micro-creche-les-petits-loups-du-plateau-2026.pdf,RF-micro-creche-les-petits-loups-du-plateau-2026.pdf,cc-coeurdegaronne.fr,,2594149,2.5 MB,pending,2026-07-09T10:41:38.397967+00:00,,,,,,,,,,,,,,,,,,,,,,,,,,,,
https://www.cc-coeurdegaronne.fr/wp-content/uploads/2024/09/RF-vote-RPE_Conseil_Juil2024.pdf,RF-vote-RPE_Conseil_Juil2024.pdf,cc-coeurdegaronne.fr,,407834,398.3 KB,pending,2026-07-09T10:41:38.401057+00:00,,,,,,,,,,,,,,,,,,,,,,,,,,,,
https://www.cc-coeurdegaronne.fr/wp-content/uploads/2025/03/Rapport-EGALITE-FEMMES-HOMMES-2024.pdf,Rapport-EGALITE-FEMMES-HOMMES-2024.pdf,cc-coeurdegaronne.fr,,2520222,2.4 MB,pending,2026-07-09T10:41:38.408796+00:00,,,,,,,,,,,,,,,,,,,,,,,,,,,,
https://www.cc-coeurdegaronne.fr/wp-content/uploads/2025/03/Rapport-introductif-DOB-2025.pdf,Rapport-introductif-DOB-2025.pdf,cc-coeurdegaronne.fr,,1792552,1.7 MB,pending,2026-07-09T10:41:38.414869+00:00,,,,,,,,,,,,,,,,,,,,,,,,,,,,
https://www.cc-coeurdegaronne.fr/wp-content/uploads/2021/11/RecapCPFetPlan-FEV21.pdf,RecapCPFetPlan-FEV21.pdf,cc-coeurdegaronne.fr,,146405,143.0 KB,pending,2026-07-09T10:41:38.417212+00:00,,,,,,,,,,,,,,,,,,,,,,,,,,,,
https://www.cc-coeurdegaronne.fr/wp-content/uploads/2025/11/Reglement-Interieur-ALAE-ALSH-Sejours-CCCG-septembre-2025-PDF.pdf,Reglement-Interieur-ALAE-ALSH-Sejours-CCCG-septembre-2025-PDF.pdf,cc-coeurdegaronne.fr,,677402,661.5 KB,pending,2026-07-09T10:41:38.420719+00:00,,,,,,,,,,,,,,,,,,,,,,,,,,,,
https://www.cc-coeurdegaronne.fr/wp-content/uploads/2025/04/Reglement-de-collecte-2025.pdf,Reglement-de-collecte-2025.pdf,cc-coeurdegaronne.fr,,525385,513.1 KB,pending,2026-07-09T10:41:38.423884+00:00,,,,,,,,,,,,,,,,,,,,,,,,,,,,
https://www.cc-coeurdegaronne.fr/wp-content/uploads/2025/07/Reglement-de-fonctionnement-LAEP-VF.pdf,Reglement-de-fonctionnement-LAEP-VF.pdf,cc-coeurdegaronne.fr,,351268,343.0 KB,pending,2026-07-09T10:41:38.426677+00:00,,,,,,,,,,,,,,,,,,,,,,,,,,,,
https://www.cc-coeurdegaronne.fr/wp-content/uploads/2024/05/Reglement-de-la-REOMi-2024.pdf,Reglement-de-la-REOMi-2024.pdf,cc-coeurdegaronne.fr,,345486,337.4 KB,pending,2026-07-09T10:41:38.429439+00:00,,,,,,,,,,,,,,,,,,,,,,,,,,,,
https://www.cc-coeurdegaronne.fr/wp-content/uploads/2023/04/Reglement-int%C3%A9rieur-des-s%C3%A9jours-2023.pdf,Reglement-int%C3%A9rieur-des-s%C3%A9jours-2023.pdf,cc-coeurdegaronne.fr,,633662,618.8 KB,pending,2026-07-09T10:41:38.432841+00:00,,,,,,,,,,,,,,,,,,,,,,,,,,,,
https://www.cc-coeurdegaronne.fr/wp-content/uploads/2025/12/Rieumes-2026.pdf,Rieumes-2026.pdf,cc-coeurdegaronne.fr,,2394316,2.3 MB,pending,2026-07-09T10:41:38.440191+00:00,,,,,,,,,,,,,,,,,,,,,,,,,,,,
https://www.cc-coeurdegaronne.fr/wp-content/uploads/2023/05/Role-de-lemployeur.pdf,Role-de-lemployeur.pdf,cc-coeurdegaronne.fr,,355446,347.1 KB,pending,2026-07-09T10:41:38.443001+00:00,,,,,,,,,,,,,,,,,,,,,,,,,,,,
https://www.cc-coeurdegaronne.fr/wp-content/uploads/2024/02/SOMMAIRE-DU-DOSSIER-DE-PLU-ARRETE.pdf,SOMMAIRE-DU-DOSSIER-DE-PLU-ARRETE.pdf,cc-coeurdegaronne.fr,,226301,221.0 KB,pending,2026-07-09T10:41:38.445485+00:00,,,,,,,,,,,,,,,,,,,,,,,,,,,,
https://www.cc-coeurdegaronne.fr/wp-content/uploads/2025/12/Saint-Araille-2026.pdf,Saint-Araille-2026.pdf,cc-coeurdegaronne.fr,,2394118,2.3 MB,pending,2026-07-09T10:41:38.452869+00:00,,,,,,,,,,,,,,,,,,,,,,,,,,,,
https://www.cc-coeurdegaronne.fr/wp-content/uploads/2025/12/Saint-Elix-2026.pdf,Saint-Elix-2026.pdf,cc-coeurdegaronne.fr,,2394458,2.3 MB,pending,2026-07-09T10:41:38.460246+00:00,,,,,,,,,,,,,,,,,,,,,,,,,,,,
https://www.cc-coeurdegaronne.fr/wp-content/uploads/2025/12/Saint-Foy-2026.pdf,Saint-Foy-2026.pdf,cc-coeurdegaronne.fr,,2395061,2.3 MB,pending,2026-07-09T10:41:38.467676+00:00,,,,,,,,,,,,,,,,,,,,,,,,,,,,
https://www.cc-coeurdegaronne.fr/wp-content/uploads/2022/01/Selection-Coccinelle-janv.-22.pdf,Selection-Coccinelle-janv.-22.pdf,cc-coeurdegaronne.fr,,390593,381.4 KB,pending,2026-07-09T10:41:38.470657+00:00,,,,,,,,,,,,,,,,,,,,,,,,,,,,
https://www.cc-coeurdegaronne.fr/wp-content/uploads/2025/12/Senarens-2026.pdf,Senarens-2026.pdf,cc-coeurdegaronne.fr,,2393793,2.3 MB,pending,2026-07-09T10:41:38.478090+00:00,,,,,,,,,,,,,,,,,,,,,,,,,,,,
https://www.cc-coeurdegaronne.fr/wp-content/uploads/2024/07/Support-visio-Mon-Pajemploi-au-quotidien.pdf,Support-visio-Mon-Pajemploi-au-quotidien.pdf,cc-coeurdegaronne.fr,,1680923,1.6 MB,pending,2026-07-09T10:41:38.483903+00:00,,,,,,,,,,,,,,,,,,,,,,,,,,,,
https://www.cc-coeurdegaronne.fr/wp-content/uploads/2023/02/TIERS-LIEU-Flyer-03-Pour-Lecture-PL-230114.pdf,TIERS-LIEU-Flyer-03-Pour-Lecture-PL-230114.pdf,cc-coeurdegaronne.fr,,10628089,10.1 MB,pending,2026-07-09T10:41:38.510017+00:00,,,,,,,,,,,,,,,,,,,,,,,,,,,,
https://www.cc-coeurdegaronne.fr/wp-content/uploads/2024/04/Tableau-recapitulatif-dispenses-sur-la-formation-et-la-presentation-aux-epreuves-EP1-et-EP3-du-CAP-AEPE.pdf,Tableau-recapitulatif-dispenses-sur-la-formation-et-la-presentation-aux-epreuves-EP1-et-EP3-du-CAP-AEPE.pdf,cc-coeurdegaronne.fr,,26833,26.2 KB,pending,2026-07-09T10:41:38.512957+00:00,,,,,,,,,,,,,,,,,,,,,,,,,,,,
https://www.cc-coeurdegaronne.fr/wp-content/uploads/2023/09/Tableau-remu-20072023.pdf,Tableau-remu-20072023.pdf,cc-coeurdegaronne.fr,,216785,211.7 KB,pending,2026-07-09T10:41:38.515745+00:00,,,,,,,,,,,,,,,,,,,,,,,,,,,,
https://www.cc-coeurdegaronne.fr/wp-content/uploads/2026/03/Tarifs-sejours-ete-2026.pdf,Tarifs-sejours-ete-2026.pdf,cc-coeurdegaronne.fr,,614263,599.9 KB,pending,2026-07-09T10:41:38.519170+00:00,,,,,,,,,,,,,,,,,,,,,,,,,,,,
https://www.cc-coeurdegaronne.fr/wp-content/uploads/2022/02/Triptyque-Monenfant-2020.pdf,Triptyque-Monenfant-2020.pdf,cc-coeurdegaronne.fr,,2469977,2.4 MB,pending,2026-07-09T10:41:38.526723+00:00,,,,,,,,,,,,,,,,,,,,,,,,,,,,
https://www.cc-coeurdegaronne.fr/wp-content/uploads/2024/05/VAL-MAA-29-01-04-CONVENTION-CTG-COEUR-DE-GARONNE-2023-2027-DF-web.pdf,VAL-MAA-29-01-04-CONVENTION-CTG-COEUR-DE-GARONNE-2023-2027-DF-web.pdf,cc-coeurdegaronne.fr,,10808730,10.3 MB,pending,2026-07-09T10:41:38.553306+00:00,,,,,,,,,,,,,,,,,,,,,,,,,,,,
https://www.cc-coeurdegaronne.fr/wp-content/uploads/2022/06/affiche-animateurs-journee-juin-2022.pdf,affiche-animateurs-journee-juin-2022.pdf,cc-coeurdegaronne.fr,,1045847,1021.3 KB,pending,2026-07-09T10:41:38.558646+00:00,,,,,,,,,,,,,,,,,,,,,,,,,,,,
https://www.cc-coeurdegaronne.fr/wp-content/uploads/2021/08/aout-selection-coccinelle-.pdf,aout-selection-coccinelle-.pdf,cc-coeurdegaronne.fr,,370342,361.7 KB,pending,2026-07-09T10:41:38.561866+00:00,,,,,,,,,,,,,,,,,,,,,,,,,,,,
https://www.cc-coeurdegaronne.fr/wp-content/uploads/2020/02/bp-2020-budget-principal.pdf,bp-2020-budget-principal.pdf,cc-coeurdegaronne.fr,,2791726,2.7 MB,pending,2026-07-09T10:41:38.570305+00:00,,,,,,,,,,,,,,,,,,,,,,,,,,,,
https://www.cc-coeurdegaronne.fr/wp-content/uploads/2023/07/buralistes-agrees.pdf,buralistes-agrees.pdf,cc-coeurdegaronne.fr,,72980,71.3 KB,pending,2026-07-09T10:41:38.572576+00:00,,,,,,,,,,,,,,,,,,,,,,,,,,,,
https://www.cc-coeurdegaronne.fr/wp-content/uploads/2022/02/charte-accueil-assmat-assfamiliaux13janv2016.pdf,charte-accueil-assmat-assfamiliaux13janv2016.pdf,cc-coeurdegaronne.fr,,444855,434.4 KB,pending,2026-07-09T10:41:38.575570+00:00,,,,,,,,,,,,,,,,,,,,,,,,,,,,
https://www.cc-coeurdegaronne.fr/wp-content/uploads/2022/09/charte_UNAF-plaquette-relation-parents-am.pdf,charte_UNAF-plaquette-relation-parents-am.pdf,cc-coeurdegaronne.fr,,394668,385.4 KB,pending,2026-07-09T10:41:38.578433+00:00,,,,,,,,,,,,,,,,,,,,,,,,,,,,
https://www.cc-coeurdegaronne.fr/wp-content/uploads/2022/04/cocc.-avril-22.pdf,cocc.-avril-22.pdf,cc-coeurdegaronne.fr,,379241,370.4 KB,pending,2026-07-09T10:41:38.581268+00:00,,,,,,,,,,,,,,,,,,,,,,,,,,,,
https://www.francetravail.fr/files/live/sites/PE/files/fichiers-en-telechargement/fichiers-en-telechargement---dem/com807-livret_ass_mat_pe5626522999606357334.pdf,com807-livret_ass_mat_pe5626522999606357334.pdf,cc-coeurdegaronne.fr,francetravail.fr,3552981,3.4 MB,pending,2026-07-09T10:41:38.591263+00:00,,,,,,,,,,,,,,,,,,,,,,,,,,,,
https://www.cc-coeurdegaronne.fr/?jet_download=816ec6ffeaab85d1c717a31a6c6d270b31fdf64f,doc-0e67c659.pdf,cc-coeurdegaronne.fr,,1071084,1.0 MB,pending,2026-07-09T10:41:38.595716+00:00,,,,,,,,,,,,,,,,,,,,,,,,,,,,
https://www.cc-coeurdegaronne.fr/?jet_download=68700571b867075427270d033b2e7a2030c53575,doc-17189782.pdf,cc-coeurdegaronne.fr,,793621,775.0 KB,pending,2026-07-09T10:41:38.599601+00:00,,,,,,,,,,,,,,,,,,,,,,,,,,,,
https://www.cc-coeurdegaronne.fr/?jet_download=53a81d1b9857a18ee93f2d4499776a6bf41b7c0f,doc-1bab8b0a.pdf,cc-coeurdegaronne.fr,,85450,83.4 KB,pending,2026-07-09T10:41:38.601817+00:00,,,,,,,,,,,,,,,,,,,,,,,,,,,,
https://www.cc-coeurdegaronne.fr/?jet_download=18f1ac7214ee68573b35284c92b80a33f6737a0b,doc-2220083b.pdf,cc-coeurdegaronne.fr,,6905150,6.6 MB,pending,2026-07-09T10:41:38.619412+00:00,,,,,,,,,,,,,,,,,,,,,,,,,,,,
https://www.cc-coeurdegaronne.fr/?jet_download=1d470ed23a471cedc4716fb678247ab911a43864,doc-26652587.pdf,cc-coeurdegaronne.fr,,12583209,12.0 MB,pending,2026-07-09T10:41:38.650241+00:00,,,,,,,,,,,,,,,,,,,,,,,,,,,,
https://www.cc-coeurdegaronne.fr/?jet_download=5db5a6b25c7f20a2c2e504d89a05e14d2d784b07,doc-2d03ef66.pdf,cc-coeurdegaronne.fr,,242693,237.0 KB,pending,2026-07-09T10:41:38.653812+00:00,,,,,,,,,,,,,,,,,,,,,,,,,,,,
https://www.cc-coeurdegaronne.fr/?jet_download=cf5d6f96c0ac9e0f4c19b4b1896b8c5f28c3c600,doc-2e815be7.pdf,cc-coeurdegaronne.fr,,959090,936.6 KB,pending,2026-07-09T10:41:38.658339+00:00,,,,,,,,,,,,,,,,,,,,,,,,,,,,
https://www.cc-coeurdegaronne.fr/?jet_download=143c73a40316595fbf3ce0e91aa121bda62bc2c4,doc-3373bced.pdf,cc-coeurdegaronne.fr,,2224068,2.1 MB,pending,2026-07-09T10:41:38.665455+00:00,,,,,,,,,,,,,,,,,,,,,,,,,,,,
https://www.cc-coeurdegaronne.fr/?jet_download=467f346cf97dab6183f431f1b0a83c98b21c4bac,doc-48c0fc8f.pdf,cc-coeurdegaronne.fr,,1447506,1.4 MB,pending,2026-07-09T10:41:38.670773+00:00,,,,,,,,,,,,,,,,,,,,,,,,,,,,
https://www.cc-coeurdegaronne.fr/?jet_download=07dc2d180f9fd3b4267fb9e4dc9f9799090e4e64,doc-48ff35cf.pdf,cc-coeurdegaronne.fr,,148511,145.0 KB,pending,2026-07-09T10:41:38.673137+00:00,,,,,,,,,,,,,,,,,,,,,,,,,,,,
https://www.cc-coeurdegaronne.fr/?jet_download=59c5c50e0ab904497369a28adc5a1198f5e999e4,doc-49d63ab7.pdf,cc-coeurdegaronne.fr,,1143709,1.1 MB,pending,2026-07-09T10:41:38.677715+00:00,,,,,,,,,,,,,,,,,,,,,,,,,,,,
https://www.cc-coeurdegaronne.fr/?jet_download=2660d55038f7fca6ce58cedab374e73b132d897f,doc-4cda31ba.pdf,cc-coeurdegaronne.fr,,3057128,2.9 MB,pending,2026-07-09T10:41:38.686588+00:00,,,,,,,,,,,,,,,,,,,,,,,,,,,,
https://www.cc-coeurdegaronne.fr/?jet_download=cda2aa9c546ae6662f58d1a54181e5c2a4be3146,doc-4eef277d.pdf,cc-coeurdegaronne.fr,,793621,775.0 KB,pending,2026-07-09T10:41:38.690384+00:00,,,,,,,,,,,,,,,,,,,,,,,,,,,,
https://www.cc-coeurdegaronne.fr/?jet_download=d5d77c48d974e7bae43a2a50308ef1594ef32eec,doc-4fb62d3f.pdf,cc-coeurdegaronne.fr,,228413,223.1 KB,pending,2026-07-09T10:41:38.692925+00:00,,,,,,,,,,,,,,,,,,,,,,,,,,,,
https://www.cc-coeurdegaronne.fr/?jet_download=bd3e72ddce4b730286e7fb6ce9eb4cbb4595f97f,doc-60a3ef0f.pdf,cc-coeurdegaronne.fr,,1202459,1.1 MB,pending,2026-07-09T10:41:38.697603+00:00,,,,,,,,,,,,,,,,,,,,,,,,,,,,
https://www.cc-coeurdegaronne.fr/?jet_download=1948342c3ae583cdf3cf3c149b652341a4348f2b,doc-6eff3e1c.pdf,cc-coeurdegaronne.fr,,836241,816.6 KB,pending,2026-07-09T10:41:38.701468+00:00,,,,,,,,,,,,,,,,,,,,,,,,,,,,
https://www.cc-coeurdegaronne.fr/?jet_download=e4522774b1ff7461665b216d0954dd55bfd8fc86,doc-6f16271e.pdf,cc-coeurdegaronne.fr,,2580184,2.5 MB,pending,2026-07-09T10:41:38.709299+00:00,,,,,,,,,,,,,,,,,,,,,,,,,,,,
https://www.cc-coeurdegaronne.fr/?jet_download=b902093379a89a548d5f1ba600a6d46b4ba36e95,doc-78e01039.pdf,cc-coeurdegaronne.fr,,76896,75.1 KB,pending,2026-07-09T10:41:38.711510+00:00,,,,,,,,,,,,,,,,,,,,,,,,,,,,
https://www.cc-coeurdegaronne.fr/?jet_download=66a1f6cd17601b08cfd262fa16113f35de917952,doc-78e97e26.pdf,cc-coeurdegaronne.fr,,269420,263.1 KB,pending,2026-07-09T10:41:38.714129+00:00,,,,,,,,,,,,,,,,,,,,,,,,,,,,
https://www.cc-coeurdegaronne.fr/?jet_download=ead54c94a513b6545869094634af4a4976ac53cd,doc-7dcfb927.pdf,cc-coeurdegaronne.fr,,684155,668.1 KB,pending,2026-07-09T10:41:38.717682+00:00,,,,,,,,,,,,,,,,,,,,,,,,,,,,
https://www.cc-coeurdegaronne.fr/?jet_download=ad4d9ad2b61ad7d1c41fbdb75bfec69564724d6d,doc-8d685ed4.pdf,cc-coeurdegaronne.fr,,978028,955.1 KB,pending,2026-07-09T10:41:38.721873+00:00,,,,,,,,,,,,,,,,,,,,,,,,,,,,
https://www.cc-coeurdegaronne.fr/?jet_download=369b9cd5b132cde10c42b11134bc7a5f8f6cbff9,doc-937fd614.pdf,cc-coeurdegaronne.fr,,1130948,1.1 MB,pending,2026-07-09T10:41:38.726403+00:00,,,,,,,,,,,,,,,,,,,,,,,,,,,,
https://www.cc-coeurdegaronne.fr/?jet_download=7941c370ed1281f80f5c4fe0714ce5468261a489,doc-98c93a12.pdf,cc-coeurdegaronne.fr,,196299,191.7 KB,pending,2026-07-09T10:41:38.728840+00:00,,,,,,,,,,,,,,,,,,,,,,,,,,,,
https://www.cc-coeurdegaronne.fr/?jet_download=893f18ee36a66c52e5502aabacbfeb4d5b73bc01,doc-a2e60e47.pdf,cc-coeurdegaronne.fr,,282898,276.3 KB,pending,2026-07-09T10:41:38.731445+00:00,,,,,,,,,,,,,,,,,,,,,,,,,,,,
https://www.cc-coeurdegaronne.fr/?jet_download=61349c846d4b5f7ce66a17255620e25e4e22ea4b,doc-a31a1f32.pdf,cc-coeurdegaronne.fr,,725911,708.9 KB,pending,2026-07-09T10:41:38.735091+00:00,,,,,,,,,,,,,,,,,,,,,,,,,,,,
https://www.cc-coeurdegaronne.fr/?jet_download=8e772ab3a3bbb470dd2dff87ee967a4d6f6f41de,doc-a6f1ec44.pdf,cc-coeurdegaronne.fr,,1255601,1.2 MB,pending,2026-07-09T10:41:38.739904+00:00,,,,,,,,,,,,,,,,,,,,,,,,,,,,
https://www.cc-coeurdegaronne.fr/?jet_download=57495f7e322ceb5b3084e76b2e5dea31ced096cc,doc-a8af49ed.pdf,cc-coeurdegaronne.fr,,485720,474.3 KB,pending,2026-07-09T10:41:38.743034+00:00,,,,,,,,,,,,,,,,,,,,,,,,,,,,
https://www.cc-coeurdegaronne.fr/?jet_download=619ec94545ca5012e74acc501c08991b3ec9e60c,doc-b7497803.pdf,cc-coeurdegaronne.fr,,76896,75.1 KB,pending,2026-07-09T10:41:38.745189+00:00,,,,,,,,,,,,,,,,,,,,,,,,,,,,
https://www.cc-coeurdegaronne.fr/?jet_download=ae669d0365ddc2467f9a1cef105052304218e119,doc-bb7a0e38.pdf,cc-coeurdegaronne.fr,,193042,188.5 KB,pending,2026-07-09T10:41:38.747632+00:00,,,,,,,,,,,,,,,,,,,,,,,,,,,,
https://www.cc-coeurdegaronne.fr/?jet_download=e5f8c7d5ecfccb2e144d3b2f6c262fcf75b49311,doc-bd43ab57.pdf,cc-coeurdegaronne.fr,,273408,267.0 KB,pending,2026-07-09T10:41:38.750227+00:00,,,,,,,,,,,,,,,,,,,,,,,,,,,,
https://www.cc-coeurdegaronne.fr/?jet_download=b8b3ba6cb48e1073135fce5a4645899681ed4248,doc-cc29c082.pdf,cc-coeurdegaronne.fr,,5892150,5.6 MB,pending,2026-07-09T10:41:38.765496+00:00,,,,,,,,,,,,,,,,,,,,,,,,,,,,
https://www.cc-coeurdegaronne.fr/?jet_download=456767c2484a262975b1412f036930cafe90ce1d,doc-ced46ddf.pdf,cc-coeurdegaronne.fr,,307330,300.1 KB,pending,2026-07-09T10:41:38.768369+00:00,,,,,,,,,,,,,,,,,,,,,,,,,,,,
https://www.cc-coeurdegaronne.fr/?jet_download=fbb6130156b4f319244c30f0e07a77f06dbfb6cd,doc-d14ef561.pdf,cc-coeurdegaronne.fr,,203316,198.6 KB,pending,2026-07-09T10:41:38.770921+00:00,,,,,,,,,,,,,,,,,,,,,,,,,,,,
https://www.cc-coeurdegaronne.fr/?jet_download=332130a3c93ca7550ab5367f3cfb9855aea79ac7,doc-d2adbcfe.pdf,cc-coeurdegaronne.fr,,261752,255.6 KB,pending,2026-07-09T10:41:38.773512+00:00,,,,,,,,,,,,,,,,,,,,,,,,,,,,
https://www.cc-coeurdegaronne.fr/?jet_download=338f260f9b447fdbadcce631c9ec5ab3911c0c6a,doc-d2fd0b8c.pdf,cc-coeurdegaronne.fr,,6792383,6.5 MB,pending,2026-07-09T10:41:38.790867+00:00,,,,,,,,,,,,,,,,,,,,,,,,,,,,
https://www.cc-coeurdegaronne.fr/?jet_download=1559c7c7342fc2046065138cb3f48dbf175fe096,doc-d3762761.pdf,cc-coeurdegaronne.fr,,2319344,2.2 MB,pending,2026-07-09T10:41:38.798289+00:00,,,,,,,,,,,,,,,,,,,,,,,,,,,,
https://www.cc-coeurdegaronne.fr/?jet_download=19d33fc9a70f29b9b6154a3781707afcd4efb4f0,doc-d79ccea3.pdf,cc-coeurdegaronne.fr,,300774,293.7 KB,pending,2026-07-09T10:41:38.801108+00:00,,,,,,,,,,,,,,,,,,,,,,,,,,,,
https://www.cc-coeurdegaronne.fr/?jet_download=7c332740a8fadf71252c2f8e665553f88e3812d9,doc-e7383808.pdf,cc-coeurdegaronne.fr,,76896,75.1 KB,pending,2026-07-09T10:41:38.803312+00:00,,,,,,,,,,,,,,,,,,,,,,,,,,,,
https://www.cc-coeurdegaronne.fr/?jet_download=5dc5fb785164624326458d3aa5c835b11ac49e04,doc-ef723214.pdf,cc-coeurdegaronne.fr,,699329,682.9 KB,pending,2026-07-09T10:41:38.806890+00:00,,,,,,,,,,,,,,,,,,,,,,,,,,,,
https://www.cc-coeurdegaronne.fr/?jet_download=52a5e7ac0838ad5cc634e54906b4671755835fd0,doc-f09f91df.pdf,cc-coeurdegaronne.fr,,434714,424.5 KB,pending,2026-07-09T10:41:38.809841+00:00,,,,,,,,,,,,,,,,,,,,,,,,,,,,
https://www.cc-coeurdegaronne.fr/?jet_download=333b5026e21149b2fd8cdcdcdb0e4190143d1c16,doc-f6c872d5.pdf,cc-coeurdegaronne.fr,,178633,174.4 KB,pending,2026-07-09T10:41:38.812241+00:00,,,,,,,,,,,,,,,,,,,,,,,,,,,,
https://www.cc-coeurdegaronne.fr/?jet_download=ffe367e730403e745372c1f75b07cc3fae48e1ac,doc-fcc00697.pdf,cc-coeurdegaronne.fr,,1318162,1.3 MB,pending,2026-07-09T10:41:38.817182+00:00,,,,,,,,,,,,,,,,,,,,,,,,,,,,
https://www.cc-coeurdegaronne.fr/wp-content/uploads/2026/03/dossier-inscription-sejours-ete-2026-definitif.pdf,dossier-inscription-sejours-ete-2026-definitif.pdf,cc-coeurdegaronne.fr,,1549672,1.5 MB,pending,2026-07-09T10:41:38.822671+00:00,,,,,,,,,,,,,,,,,,,,,,,,,,,,
https://www.cc-coeurdegaronne.fr/wp-content/uploads/2022/02/fevrier-22-selection-coccinelle.pdf,fevrier-22-selection-coccinelle.pdf,cc-coeurdegaronne.fr,,306446,299.3 KB,pending,2026-07-09T10:41:38.825495+00:00,,,,,,,,,,,,,,,,,,,,,,,,,,,,
https://www.cc-coeurdegaronne.fr/wp-content/uploads/2024/06/flyer-2024-3-volets-pour-impression.pdf,flyer-2024-3-volets-pour-impression.pdf,cc-coeurdegaronne.fr,,18294645,17.4 MB,pending,2026-07-09T10:41:38.869065+00:00,,,,,,,,,,,,,,,,,,,,,,,,,,,,
https://www.cc-coeurdegaronne.fr/wp-content/uploads/2021/11/flyer-novembre-21.pdf,flyer-novembre-21.pdf,cc-coeurdegaronne.fr,,985315,962.2 KB,pending,2026-07-09T10:41:38.875020+00:00,,,,,,,,,,,,,,,,,,,,,,,,,,,,
https://www.cc-coeurdegaronne.fr/wp-content/uploads/2021/06/juillet-selection-coccinelle-Copie.pdf,juillet-selection-coccinelle-Copie.pdf,cc-coeurdegaronne.fr,,347224,339.1 KB,pending,2026-07-09T10:41:38.878250+00:00,,,,,,,,,,,,,,,,,,,,,,,,,,,,
https://www.cc-coeurdegaronne.fr/wp-content/uploads/2022/06/juin-cocc..pdf,juin-cocc..pdf,cc-coeurdegaronne.fr,,356789,348.4 KB,pending,2026-07-09T10:41:38.881422+00:00,,,,,,,,,,,,,,,,,,,,,,,,,,,,
https://www.cc-coeurdegaronne.fr/wp-content/uploads/2021/06/juin-selection-coccinelle.pdf,juin-selection-coccinelle.pdf,cc-coeurdegaronne.fr,,451648,441.1 KB,pending,2026-07-09T10:41:38.884710+00:00,,,,,,,,,,,,,,,,,,,,,,,,,,,,
https://www.cc-coeurdegaronne.fr/wp-content/uploads/2026/07/liste-AM-RPE-Garonne-juillet2026.pdf,liste-AM-RPE-Garonne-juillet2026.pdf,cc-coeurdegaronne.fr,,361609,353.1 KB,pending,2026-07-09T10:41:38.887723+00:00,,,,,,,,,,,,,,,,,,,,,,,,,,,,
https://www.cc-coeurdegaronne.fr/wp-content/uploads/2022/05/mai-cocc..pdf,mai-cocc..pdf,cc-coeurdegaronne.fr,,348841,340.7 KB,pending,2026-07-09T10:41:38.890678+00:00,,,,,,,,,,,,,,,,,,,,,,,,,,,,
https://www.cc-coeurdegaronne.fr/wp-content/uploads/2025/12/maquette-basse-def.pdf,maquette-basse-def.pdf,cc-coeurdegaronne.fr,,2831924,2.7 MB,pending,2026-07-09T10:41:38.899252+00:00,,,,,,,,,,,,,,,,,,,,,,,,,,,,
https://www.cc-coeurdegaronne.fr/wp-content/uploads/2022/03/mars-22-selection-cocc..pdf,mars-22-selection-cocc..pdf,cc-coeurdegaronne.fr,,352397,344.1 KB,pending,2026-07-09T10:41:38.902170+00:00,,,,,,,,,,,,,,,,,,,,,,,,,,,,
https://www.cc-coeurdegaronne.fr/wp-content/uploads/2021/10/oct.-selection-coccinelle-.pdf,oct.-selection-coccinelle-.pdf,cc-coeurdegaronne.fr,,379625,370.7 KB,pending,2026-07-09T10:41:38.905120+00:00,,,,,,,,,,,,,,,,,,,,,,,,,,,,
https://www.cc-coeurdegaronne.fr/wp-content/uploads/2022/05/plan-de-formation-AM-CCCG-2022.pdf,plan-de-formation-AM-CCCG-2022.pdf,cc-coeurdegaronne.fr,,173759,169.7 KB,pending,2026-07-09T10:41:38.907581+00:00,,,,,,,,,,,,,,,,,,,,,,,,,,,,
https://www.cc-coeurdegaronne.fr/wp-content/uploads/2023/09/plan-de-formation-AM-CCCG-2023.pdf,plan-de-formation-AM-CCCG-2023.pdf,cc-coeurdegaronne.fr,,185874,181.5 KB,pending,2026-07-09T10:41:38.910058+00:00,,,,,,,,,,,,,,,,,,,,,,,,,,,,
https://www.cc-coeurdegaronne.fr/wp-content/uploads/2024/10/plan-de-formation-AM-CCCG-2024-actualise-au-11-1024.pdf,plan-de-formation-AM-CCCG-2024-actualise-au-11-1024.pdf,cc-coeurdegaronne.fr,,197870,193.2 KB,pending,2026-07-09T10:41:38.912554+00:00,,,,,,,,,,,,,,,,,,,,,,,,,,,,
https://www.cc-coeurdegaronne.fr/wp-content/uploads/2025/03/plaquette-coeur-estival-2018_basse-def.pdf,plaquette-coeur-estival-2018_basse-def.pdf,cc-coeurdegaronne.fr,,889478,868.6 KB,pending,2026-07-09T10:41:38.916607+00:00,,,,,,,,,,,,,,,,,,,,,,,,,,,,
https://www.cc-coeurdegaronne.fr/wp-content/uploads/2021/11/plaquette-primo-declarant.pdf,plaquette-primo-declarant.pdf,cc-coeurdegaronne.fr,,1017711,993.9 KB,pending,2026-07-09T10:41:38.920952+00:00,,,,,,,,,,,,,,,,,,,,,,,,,,,,
https://www.cc-coeurdegaronne.fr/wp-content/uploads/2023/08/proc%C3%A9dure-mensualisation-1.pdf,proc%C3%A9dure-mensualisation-1.pdf,cc-coeurdegaronne.fr,,400690,391.3 KB,pending,2026-07-09T10:41:38.923883+00:00,,,,,,,,,,,,,,,,,,,,,,,,,,,,
https://www.cc-coeurdegaronne.fr/wp-content/uploads/2025/03/programme-2021-web2.pdf,programme-2021-web2.pdf,cc-coeurdegaronne.fr,,3062985,2.9 MB,pending,2026-07-09T10:41:38.932859+00:00,,,,,,,,,,,,,,,,,,,,,,,,,,,,
https://www.cc-coeurdegaronne.fr/wp-content/uploads/2025/02/programme-2022-web.pdf,programme-2022-web.pdf,cc-coeurdegaronne.fr,,3866075,3.7 MB,pending,2026-07-09T10:41:38.943661+00:00,,,,,,,,,,,,,,,,,,,,,,,,,,,,
https://www.cc-coeurdegaronne.fr/wp-content/uploads/2025/01/programme-2023-2206-web-qualite144ppp_moyenne.pdf,programme-2023-2206-web-qualite144ppp_moyenne.pdf,cc-coeurdegaronne.fr,,10079111,9.6 MB,pending,2026-07-09T10:41:38.968675+00:00,,,,,,,,,,,,,,,,,,,,,,,,,,,,
https://www.cc-coeurdegaronne.fr/wp-content/uploads/2025/01/programme-2024_web.pdf,programme-2024_web.pdf,cc-coeurdegaronne.fr,,4043938,3.9 MB,pending,2026-07-09T10:41:38.980139+00:00,,,,,,,,,,,,,,,,,,,,,,,,,,,,
https://www.cc-coeurdegaronne.fr/wp-content/uploads/2024/01/resultat-enquete-journal-2023.pdf,resultat-enquete-journal-2023.pdf,cc-coeurdegaronne.fr,,1218853,1.2 MB,pending,2026-07-09T10:41:38.985026+00:00,,,,,,,,,,,,,,,,,,,,,,,,,,,,
https://www.cc-coeurdegaronne.fr/wp-content/uploads/2021/05/selection-coccinelle-AVRIL-2021.pdf,selection-coccinelle-AVRIL-2021.pdf,cc-coeurdegaronne.fr,,490645,479.1 KB,pending,2026-07-09T10:41:38.988192+00:00,,,,,,,,,,,,,,,,,,,,,,,,,,,,
https://www.cc-coeurdegaronne.fr/wp-content/uploads/2021/04/selection-coccinelle-mars-21-V2.pdf,selection-coccinelle-mars-21-V2.pdf,cc-coeurdegaronne.fr,,430156,420.1 KB,pending,2026-07-09T10:41:38.991187+00:00,,,,,,,,,,,,,,,,,,,,,,,,,,,,
https://www.cc-coeurdegaronne.fr/wp-content/uploads/2021/08/sept.-selection-coccinelle-.pdf,sept.-selection-coccinelle-.pdf,cc-coeurdegaronne.fr,,372567,363.8 KB,pending,2026-07-09T10:41:38.994015+00:00,,,,,,,,,,,,,,,,,,,,,,,,,,,,
https://www.cc-coeurdegaronne.fr/wp-content/uploads/2025/07/support-visio-CMG-definitif.pdf,support-visio-CMG-definitif.pdf,cc-coeurdegaronne.fr,,296220,289.3 KB,pending,2026-07-09T10:41:38.996645+00:00,,,,,,,,,,,,,,,,,,,,,,,,,,,,
https://www.cc-coeurdegaronne.fr/wp-content/uploads/2023/03/suspension-_recommandations_sanitaires_maje_2023.pdf,suspension-_recommandations_sanitaires_maje_2023.pdf,cc-coeurdegaronne.fr,,150771,147.2 KB,pending,2026-07-09T10:41:38.998970+00:00,,,,,,,,,,,,,,,,,,,,,,,,,,,,
https://www.cc-coeurdegaronne.fr/wp-content/uploads/2023/01/synthese-questionnaire-lecture-pour-diffusion-v2.pdf,synthese-questionnaire-lecture-pour-diffusion-v2.pdf,cc-coeurdegaronne.fr,,1377818,1.3 MB,pending,2026-07-09T10:41:39.004066+00:00,,,,,,,,,,,,,,,,,,,,,,,,,,,,
