url,filename,site,external_domain,file_size_bytes,file_size_human,status,crawled_at,published_date,doc_title,author,subject,keywords,description,accessible,totally_inaccessible,broken,tagged,empty_text,protected,title,language,bookmarks,tagged_content,forms,tagged_form_fields,tagged_annotations,figures_alt_text,headings,lists,tables,exempt,pages,words,images,errors
https://open.overheid.nl/overheid/openbaarmakingen/api/v0/attachment/08ddc0dd-4f65-479f-aa37-aa636c62dcc8,08ddc0dd-4f65-479f-aa37-aa636c62dcc8.pdf,rijksoverheid.nl,open.overheid.nl,181417,177.2 KB,analysed,2026-09-25T20:35:02.965998+00:00,2026-07-15 06:44:34+00:00,,,,,,False,False,False,Pass,Pass,Pass,Fail,Pass,Pass,Pass,NotApplicable,NotApplicable,Pass,Pass,Warn,NotApplicable,NotApplicable,False,8,3126,2,"title, headings-none, "
https://open.overheid.nl/overheid/openbaarmakingen/api/v0/attachment/0a81ea62-08d0-42ba-b11c-e4bfa629c9c2,0a81ea62-08d0-42ba-b11c-e4bfa629c9c2.pdf,rijksoverheid.nl,open.overheid.nl,165611,161.7 KB,analysed,2026-09-25T20:35:02.971150+00:00,2026-07-15 07:18:14+00:00,,,,,,False,False,False,Pass,Pass,Pass,Fail,Pass,Pass,Pass,NotApplicable,NotApplicable,Pass,Pass,Warn,NotApplicable,NotApplicable,False,12,4792,2,"title, headings-none, "
https://open.overheid.nl/overheid/openbaarmakingen/api/v0/attachment/1047eb14-8e96-4ac8-abcf-a561dbf598a8,1047eb14-8e96-4ac8-abcf-a561dbf598a8.pdf,rijksoverheid.nl,open.overheid.nl,59897614,57.1 MB,error,2026-09-25T20:35:03.111762+00:00,,,,,,,,,,,,,,,,,,,,,,,,,,,,"File not found: crawled_files/rijksoverheid.nl/1047eb14-8e96-4ac8-abcf-a561dbf598a8.pdf (crawled 0.2 day(s) ago at 2026-09-25T20:35:03.111762+00:00). Possible causes: failed download, incomplete artifact transfer, or stale manifest entry from a previous run."
https://open.overheid.nl/overheid/openbaarmakingen/api/v0/attachment/21d84295-8d25-4029-b30e-779095421b13,21d84295-8d25-4029-b30e-779095421b13.pdf,rijksoverheid.nl,open.overheid.nl,2009262,1.9 MB,analysed,2026-09-25T20:35:03.121448+00:00,2026-07-10 06:34:41+00:00,,,,,,False,True,False,Fail,Fail,Pass,Fail,Fail,Pass,Fail,NotApplicable,NotApplicable,NotApplicable,NotApplicable,NotApplicable,NotApplicable,NotApplicable,False,8,0,8,"title, tagged, lang, "
https://finance.ec.europa.eu/document/download/23086e5f-c390-4412-9372-6ca082afd694_en?filename=faqs-sanctions-russia-central-bank_en.pdf,23086e5f-c390-4412-9372-6ca082afd694_en.pdf,rijksoverheid.nl,finance.ec.europa.eu,225445,220.2 KB,analysed,2026-09-25T20:35:03.126781+00:00,2023-10-31 11:13:56+00:00,Frequently asked questions on the Central Bank of Russia concerning sanctions adopted following Russia’s military aggression against Ukraine,European Commission,Frequently asked questions on the Central Bank of Russia concerning sanctions adopted following Russia’s military aggression against Ukraine,,Frequently asked questions on the Central Bank of Russia concerning sanctions adopted following Russia’s military aggression against Ukraine,False,False,False,Pass,Pass,Pass,Pass,Pass,Pass,Fail,NotApplicable,NotApplicable,Pass,Pass,Pass,Pass,NotApplicable,False,4,1311,0,"tagged-content-fail, "
https://www.rijksoverheid.nl/site/binaries/site-content/collections/documents/2023/03/09/plan-van-aanpak-statushouders-aan-het-werk/23_0147+Plan+van+aanpak+Statushouders+aan+het+werk.pdf,23_0147+Plan+van+aanpak+Statushouders+aan+het+werk.pdf,rijksoverheid.nl,,286621,279.9 KB,analysed,2026-09-25T20:35:03.131747+00:00,2023-04-14 07:35:34+00:00,Plan van aanpak Statushouders aan het werk,Ministerie van Sociale Zaken en Werkgelegenheid,,,,True,False,False,Pass,Pass,Pass,Pass,Pass,Pass,Pass,NotApplicable,NotApplicable,Pass,Pass,Pass,Warn,NotApplicable,False,20,7345,0,"lists-warn, "
https://open.overheid.nl/overheid/openbaarmakingen/api/v0/attachment/2ed31314-9505-429d-a717-6d601a649e87,2ed31314-9505-429d-a717-6d601a649e87.pdf,rijksoverheid.nl,open.overheid.nl,189783,185.3 KB,analysed,2026-09-25T20:35:03.135614+00:00,2026-07-15 08:23:41+00:00,,,,,,False,False,False,Pass,Pass,Pass,Fail,Pass,Pass,Pass,NotApplicable,NotApplicable,Pass,Pass,Warn,NotApplicable,NotApplicable,False,13,4981,2,"title, headings-none, "
https://open.overheid.nl/documenten/3da032ae-bebf-45ee-bdaa-9089328a82ba,3da032ae-bebf-45ee-bdaa-9089328a82ba.pdf,rijksoverheid.nl,open.overheid.nl,171451,167.4 KB,analysed,2026-09-25T20:35:03.138808+00:00,2026-06-02 13:26:15+00:00,,,,,,False,False,False,Pass,Pass,Pass,Fail,Pass,Pass,Pass,NotApplicable,NotApplicable,Pass,Pass,Warn,NotApplicable,NotApplicable,False,9,2460,2,"title, headings-none, "
https://open.overheid.nl/documenten/4520eb28-ebc2-4bc2-b0fc-6308fefa06b0,4520eb28-ebc2-4bc2-b0fc-6308fefa06b0.pdf,rijksoverheid.nl,open.overheid.nl,233611,228.1 KB,analysed,2026-09-25T20:35:03.141683+00:00,2026-05-22 16:47:52+00:00,,"Mingelen, drs. D. (David)",,,,False,False,False,Pass,Pass,Pass,Fail,Pass,Pass,Pass,NotApplicable,NotApplicable,Pass,Pass,Warn,NotApplicable,NotApplicable,False,14,5188,2,"title, headings-none, "
https://open.overheid.nl/overheid/openbaarmakingen/api/v0/attachment/645c9ca2-91f2-4cb3-aaf7-540bcc4836c6,645c9ca2-91f2-4cb3-aaf7-540bcc4836c6.pdf,rijksoverheid.nl,open.overheid.nl,91725,89.6 KB,analysed,2026-09-25T20:35:03.144092+00:00,2026-08-19 08:28:13+00:00,"Berichten minister-president Jetten op Instagram, juli 2026",Ministerie van Algemene Zaken,,,,True,False,False,Pass,Pass,Pass,Pass,Pass,Pass,Pass,NotApplicable,NotApplicable,Pass,Pass,Warn,NotApplicable,NotApplicable,False,2,716,2,"headings-none, "
https://open.overheid.nl/documenten/6c0c3794-67f2-488e-af3c-5005783b29d0,6c0c3794-67f2-488e-af3c-5005783b29d0.pdf,rijksoverheid.nl,open.overheid.nl,194526,190.0 KB,analysed,2026-09-25T20:35:03.146526+00:00,2026-05-22 16:48:53+00:00,,"Mingelen, drs. D. (David)",,,,False,False,False,Pass,Pass,Pass,Fail,Pass,Pass,Pass,NotApplicable,NotApplicable,Pass,Pass,Warn,NotApplicable,NotApplicable,False,9,2492,2,"title, headings-none, "
https://open.overheid.nl/documenten/70b2b5b2-c34f-4851-b60f-fb79e0bb1de8,70b2b5b2-c34f-4851-b60f-fb79e0bb1de8.pdf,rijksoverheid.nl,open.overheid.nl,132923,129.8 KB,analysed,2026-09-25T20:35:03.148742+00:00,2026-06-05 15:52:28+00:00,,,,,,False,False,False,Pass,Pass,Pass,Fail,Pass,Pass,Pass,NotApplicable,NotApplicable,Pass,Pass,Warn,NotApplicable,NotApplicable,False,14,4624,2,"title, headings-none, "
https://open.overheid.nl/overheid/openbaarmakingen/api/v0/attachment/7d3dd4ce-93ee-4c12-a75e-7e1668391062,7d3dd4ce-93ee-4c12-a75e-7e1668391062.pdf,rijksoverheid.nl,open.overheid.nl,182921,178.6 KB,analysed,2026-09-25T20:35:03.151061+00:00,2026-09-07 10:56:37+00:00,"Berichten minister-president Jetten op X, Bluesky en Threads, augustus 2026",Ministerie van Algemene Zaken,,,,False,False,False,Pass,Pass,Pass,Pass,Pass,Pass,Pass,NotApplicable,NotApplicable,Fail,Pass,Warn,NotApplicable,NotApplicable,False,6,2677,2,"headings-none, annotations-tagging-fail, "
https://open.overheid.nl/documenten/850f9f17-dd44-49ff-ad8c-d583febbaba4,850f9f17-dd44-49ff-ad8c-d583febbaba4.pdf,rijksoverheid.nl,open.overheid.nl,158138,154.4 KB,analysed,2026-09-25T20:35:03.153222+00:00,2026-05-22 16:49:24+00:00,,"Mingelen, drs. D. (David)",,,,False,False,False,Pass,Pass,Pass,Fail,Pass,Pass,Pass,NotApplicable,NotApplicable,Fail,Pass,Warn,NotApplicable,NotApplicable,False,3,629,2,"title, headings-none, annotations-tagging-fail, "
https://open.overheid.nl/overheid/openbaarmakingen/api/v0/attachment/9f8e9d17-a3af-4655-b4e1-10946c460afb,9f8e9d17-a3af-4655-b4e1-10946c460afb.pdf,rijksoverheid.nl,open.overheid.nl,115950,113.2 KB,analysed,2026-09-25T20:35:03.155335+00:00,2026-08-19 08:29:00+00:00,"Berichten minister-president Jetten op X, Bluesky en Threads, juli 2026",Ministerie van Algemene Zaken,,,,True,False,False,Pass,Pass,Pass,Pass,Pass,Pass,Pass,NotApplicable,NotApplicable,Pass,Pass,Warn,NotApplicable,NotApplicable,False,6,2026,2,"headings-none, "
https://unoda-web.s3-accelerate.amazonaws.com/wp-content/uploads/2013/06/English7.pdf,English7.pdf,rijksoverheid.nl,unoda-web.s3-accelerate.amazonaws.com,222240,217.0 KB,analysed,2026-09-25T20:35:03.157709+00:00,2014-06-06 16:59:18-04:00,Etpu,English_Text_Proc,,,,False,False,False,Pass,Pass,Pass,Fail,Pass,Pass,Pass,NotApplicable,NotApplicable,NotApplicable,Fail,Pass,NotApplicable,NotApplicable,True,12,4659,0,"title, figures missing alt text (count=1), "
https://www.mef.gov.it/export/sites/MEF/inevidenza/2026/article_00377/Increasing-the-Attractiveness-and-Competitiveness-of-the-European-Capital-Market.pdf,Increasing-the-Attractiveness-and-Competitiveness-of-the-European-Capital-Market.pdf,rijksoverheid.nl,mef.gov.it,282669,276.0 KB,analysed,2026-09-25T20:35:03.160260+00:00,2026-05-29 10:05:33+00:00,,,,,,False,False,False,Fail,Pass,Pass,Fail,Fail,Pass,Fail,NotApplicable,NotApplicable,NotApplicable,NotApplicable,NotApplicable,NotApplicable,NotApplicable,False,7,1899,11,"title, tagged, lang, "
https://www.rijksoverheid.nl/site/binaries/site-content/collections/documents/2025/10/kaart-3-km/kaart-van-vervoersbeperkingsgebied-10-km-door-besmetting-vogelgriep-op-locatie-gasselternijveenschemond/KAART_2025_+GASSELTERNIJVEENSCHEMOND_01_10KM.pdf,KAART_2025_+GASSELTERNIJVEENSCHEMOND_01_10KM.pdf,rijksoverheid.nl,,849922,830.0 KB,analysed,2026-09-25T20:35:03.164053+00:00,2025-10-06 12:02:21+00:00,,,,,,False,False,False,Fail,Pass,Pass,Fail,Fail,Pass,Fail,NotApplicable,NotApplicable,NotApplicable,NotApplicable,NotApplicable,NotApplicable,NotApplicable,False,1,11,2,"title, tagged, lang, "
https://www.rijksoverheid.nl/site/binaries/site-content/collections/documents/2025/10/kaart-3-km/kaart-van-vervoersbeperkingsgebied-3-km-door-besmetting-vogelgriep-op-locatie-gasselternijveenschemond/KAART_2025_+GASSELTERNIJVEENSCHEMOND_01_3KM.pdf,KAART_2025_+GASSELTERNIJVEENSCHEMOND_01_3KM.pdf,rijksoverheid.nl,,783902,765.5 KB,analysed,2026-09-25T20:35:03.168435+00:00,2025-10-06 12:02:19+00:00,,,,,,False,False,False,Fail,Pass,Pass,Fail,Fail,Pass,Fail,NotApplicable,NotApplicable,NotApplicable,NotApplicable,NotApplicable,NotApplicable,NotApplicable,False,1,11,2,"title, tagged, lang, "
https://www.rijksoverheid.nl/site/binaries/site-content/collections/documents/2025/12/01/kaart-kleve-iii/KAART_2025_AI_Kleve_III_10KM.pdf,KAART_2025_AI_Kleve_III_10KM.pdf,rijksoverheid.nl,,825992,806.6 KB,analysed,2026-09-25T20:35:03.173090+00:00,2025-11-27 07:50:57+00:00,,,,,,False,False,False,Fail,Pass,Pass,Fail,Fail,Pass,Fail,NotApplicable,NotApplicable,NotApplicable,NotApplicable,NotApplicable,NotApplicable,NotApplicable,False,1,10,4,"title, tagged, lang, "
https://www.rijksoverheid.nl/site/binaries/site-content/collections/documents/2011/09/09/kinderverhoor/Kindgesprek.pdf,Kindgesprek.pdf,rijksoverheid.nl,,847880,828.0 KB,analysed,2026-09-25T20:35:03.178295+00:00,2025-06-27 10:59:15+00:00,Kindgesprek,de rechtspraak,,,,False,False,False,Pass,Pass,Pass,Pass,Pass,Pass,Pass,NotApplicable,NotApplicable,Pass,Fail,Pass,NotApplicable,NotApplicable,False,5,964,3,"figures missing alt text (count=7), "
https://www.rijksoverheid.nl/site/binaries/site-content/collections/documents/2023/02/14/werkagenda-mbo/OCW+-+Samenvatting+Werkagenda+MBO.pdf,OCW+-+Samenvatting+Werkagenda+MBO.pdf,rijksoverheid.nl,,336412,328.5 KB,analysed,2026-09-25T20:35:03.182445+00:00,2023-05-15 08:31:21+00:00,Samenvatting werkagenda mbo 2023 - 2027,Ministerie van Onderwijs Cultuur en Wetenschap,,,,True,False,False,Pass,Pass,Pass,Pass,Pass,Pass,Pass,NotApplicable,NotApplicable,Pass,Pass,Pass,Pass,NotApplicable,False,3,824,9,
https://www.zonmw.nl/sites/zonmw/files/typo3-migrated-files/Onderzoeksagenda_SP_2021_def.pdf,Onderzoeksagenda_SP_2021_def.pdf,rijksoverheid.nl,zonmw.nl,1204179,1.1 MB,analysed,2026-09-25T20:35:03.188296+00:00,2021-09-06 10:34:34+00:00,Tweede onderzoeksagenda suïcidepreventie,Agaath Sluijter,2021-2026,,2021-2026,False,False,False,Pass,Pass,Pass,Pass,Pass,Fail,Pass,NotApplicable,NotApplicable,Pass,Fail,Fail,Pass,Warn,False,64,28266,23,"no bookmarks and more than 20 pages, figures missing alt text (count=24), headings-skip, tables-warn, "
https://www.rijksoverheid.nl/site/binaries/site-content/collections/documents/2022/12/09/raw-materials-strategy-for-large-transitions/Raw+materials+strategy+for+large+transitions.pdf,Raw+materials+strategy+for+large+transitions.pdf,rijksoverheid.nl,,954764,932.4 KB,analysed,2026-09-25T20:35:03.194026+00:00,2023-05-03 18:08:24+02:00,Microsoft Word - Engelstalige versie Nationale Grondstoffenstrategie,haasj,,,,False,False,False,Fail,Pass,Pass,Fail,Fail,Fail,Fail,NotApplicable,NotApplicable,NotApplicable,NotApplicable,NotApplicable,NotApplicable,NotApplicable,False,31,14915,7,"title, tagged, lang, no bookmarks and more than 20 pages, "
https://www.rijksoverheid.nl/site/binaries/site-content/collections/documents/2025/10/07/regeling-maatregelen-beschermings--en-bewakingszone-hoogpathogene-vogelgriep-gasselternijveenschemond-2025/Regeling+maatregelen+beschermings-+en+bewakingszone+hoogpathogene+vogelgriep+Gasselternijveenschemond+2025.pdf,Regeling+maatregelen+beschermings-+en+bewakingszone+hoogpathogene+vogelgriep+Gasselternijveenschemond+2025.pdf,rijksoverheid.nl,,396680,387.4 KB,analysed,2026-09-25T20:35:03.198402+00:00,2025-10-06 23:20:08+00:00,-,Dhr. mr. Jacobs,,,,True,False,False,Pass,Pass,Pass,Pass,Pass,Pass,Pass,NotApplicable,NotApplicable,Pass,Pass,Warn,NotApplicable,NotApplicable,False,12,3538,2,"headings-none, "
https://www.rijksoverheid.nl/site/binaries/site-content/collections/documents/2025/12/01/regeling-maatregelen-bewakingszone-hoogpathogene-vogelgriep-kleve-iii-duitsland-2025/Regeling+maatregelen+bewakingszone+hoogpathogene+vogelgriep+Kleve%2C+Duitsland+III+2025.pdf,Regeling+maatregelen+bewakingszone+hoogpathogene+vogelgriep+Kleve%2C+Duitsland+III+2025.pdf,rijksoverheid.nl,,206875,202.0 KB,analysed,2026-09-25T20:35:03.202014+00:00,2025-12-01 18:58:16+00:00,,X,,,,False,False,False,Pass,Pass,Pass,Fail,Pass,Pass,Pass,NotApplicable,NotApplicable,Pass,Pass,Warn,NotApplicable,NotApplicable,False,9,3377,1,"title, headings-none, "
https://www.nijbegun.nl/wp-content/uploads/2025/01/Sociale-Agenda-Nij-Begun-digitaal.pdf,Sociale-Agenda-Nij-Begun-digitaal.pdf,rijksoverheid.nl,nijbegun.nl,9988546,9.5 MB,analysed,2026-09-25T20:35:03.228038+00:00,2025-04-04 09:03:51+00:00,,,,,,False,False,False,Fail,Pass,Pass,Fail,Pass,Pass,Fail,Fail,Fail,Fail,NotApplicable,NotApplicable,NotApplicable,NotApplicable,False,66,17831,28,"title, tagged, forms-fail, forms-untagged, annotations-untagged, "
https://www.nijbegun.nl/wp-content/uploads/2024/04/Vijftig-maatregelen-Nij-Begun.pdf,Vijftig-maatregelen-Nij-Begun.pdf,rijksoverheid.nl,nijbegun.nl,643816,628.7 KB,analysed,2026-09-25T20:35:03.234253+00:00,2023-04-25 08:36:35+00:00,Bijlage 7 - Visueel overzicht van alle maatregelen,,,,,False,False,False,Fail,Pass,Pass,Fail,Fail,Pass,Fail,NotApplicable,NotApplicable,NotApplicable,NotApplicable,NotApplicable,NotApplicable,NotApplicable,False,1,632,0,"title, tagged, lang, "
https://www.rijksoverheid.nl/site/binaries/site-content/collections/documents/2018/11/05/aanvraag-legitimatiebewijs-gerechtsdeurwaarders/aanvraag-legitimatiebewijs-gerechtsdeurwaarders.pdf,aanvraag-legitimatiebewijs-gerechtsdeurwaarders.pdf,rijksoverheid.nl,,158931,155.2 KB,analysed,2026-09-25T20:35:03.238973+00:00,2025-04-24 10:26:22+00:00,,,,,,False,False,False,Fail,Pass,Pass,Fail,Fail,Pass,Fail,NotApplicable,NotApplicable,NotApplicable,NotApplicable,NotApplicable,NotApplicable,NotApplicable,False,1,122,1,"title, tagged, lang, "
https://www.rijksoverheid.nl/site/binaries/site-content/collections/documents/2026/05/20/asiel-en-migratie-2025/asiel-en-migratie-jaarverslag-2025.pdf,asiel-en-migratie-jaarverslag-2025.pdf,rijksoverheid.nl,,5088803,4.9 MB,analysed,2026-09-25T20:35:03.253985+00:00,2026-04-20 08:43:44+00:00,Jaarverslag en slotwet van het Ministerie van Asiel en Migratie 2025,Tweede Kamer der Staten-Generaal,,,,False,False,False,Pass,Pass,Pass,Fail,Pass,Pass,Pass,NotApplicable,NotApplicable,Pass,Pass,Warn,Pass,Fail,False,79,27771,3,"title, alt-nested-fail, headings-none, tables-fail, "
https://www.rijksoverheid.nl/site/binaries/site-content/collections/documents/2026/05/20/slotwet-ministerie-van-asiel-en-migratie-2025/asiel-en-migratie-slotwet-2025.pdf,asiel-en-migratie-slotwet-2025.pdf,rijksoverheid.nl,,786410,768.0 KB,analysed,2026-09-25T20:35:03.259929+00:00,2026-04-20 08:47:32+00:00,Voorstel van wet,Tweede Kamer der Staten-Generaal,,,,False,False,False,Pass,Pass,Pass,Fail,Pass,Pass,Pass,NotApplicable,NotApplicable,NotApplicable,Pass,Warn,NotApplicable,Fail,False,3,707,0,"title, headings-none, tables-fail, "
https://www.rijksoverheid.nl/site/binaries/site-content/collections/documents/2026/05/20/memorie-van-toelichting-slotwet-ministerie-van-asiel-en-migratie-2025/asiel-en-migratie-toelichting-slotwet-2025.pdf,asiel-en-migratie-toelichting-slotwet-2025.pdf,rijksoverheid.nl,,545722,532.9 KB,analysed,2026-09-25T20:35:03.264631+00:00,2026-04-20 08:47:36+00:00,Memorie van toelichting,Tweede Kamer der Staten-Generaal,,,,False,False,False,Pass,Pass,Pass,Fail,Pass,Pass,Pass,NotApplicable,NotApplicable,NotApplicable,Pass,Warn,Pass,Fail,False,5,721,0,"title, headings-none, tables-fail, "
https://open.overheid.nl/overheid/openbaarmakingen/api/v0/attachment/de61b6b9-16d9-4bcb-9d5d-b2bbe04bcb7b,de61b6b9-16d9-4bcb-9d5d-b2bbe04bcb7b.pdf,rijksoverheid.nl,open.overheid.nl,111693,109.1 KB,analysed,2026-09-25T20:35:03.267916+00:00,2026-07-15 06:55:40+00:00,,,,,,False,False,False,Pass,Pass,Pass,Fail,Pass,Pass,Pass,NotApplicable,NotApplicable,Pass,Pass,Warn,NotApplicable,NotApplicable,False,7,2891,2,"title, headings-none, "
https://www.rijksoverheid.nl/site/binaries/site-content/collections/documents/2026/05/20/memorie-van-toelichting-slotwet-defensiematerieelbegrotingsfonds-2025/defensiematerieelbegrotingsfonds-toelichting-slotwet-2025.pdf,defensiematerieelbegrotingsfonds-toelichting-slotwet-2025.pdf,rijksoverheid.nl,,554135,541.1 KB,analysed,2026-09-25T20:35:03.271930+00:00,2026-05-06 10:51:30+00:00,Memorie van toelichting,Tweede Kamer der Staten-Generaal,,,,False,False,False,Pass,Pass,Pass,Fail,Pass,Pass,Pass,NotApplicable,NotApplicable,Pass,Pass,Warn,Pass,Fail,False,5,938,0,"title, headings-none, tables-fail, "
https://www.rijksoverheid.nl/site/binaries/site-content/collections/documents/2026/05/20/memorie-van-toelichting-slotwet-deltafonds-2025/deltafonds-toelichting-slotwet-2025.pdf,deltafonds-toelichting-slotwet-2025.pdf,rijksoverheid.nl,,5801689,5.5 MB,analysed,2026-09-25T20:35:03.287704+00:00,2026-05-11 10:17:31+00:00,Memorie van toelichting,Tweede Kamer der Staten-Generaal,,,,False,False,False,Pass,Pass,Pass,Fail,Pass,Pass,Pass,NotApplicable,NotApplicable,NotApplicable,Pass,Warn,Pass,Fail,False,29,32106,0,"title, headings-none, tables-fail, "
https://www.tweedekamer.nl/downloads/document?id=2024D23522,document.pdf,rijksoverheid.nl,tweedekamer.nl,31095,30.4 KB,analysed,2026-09-25T20:35:03.290654+00:00,2024-08-07 13:09:15+00:00,,,{'------------------------'},------------------------,,False,False,False,Pass,Pass,Pass,Fail,Fail,Pass,Warn,NotApplicable,NotApplicable,NotApplicable,Pass,Warn,NotApplicable,NotApplicable,False,3,963,0,"title, tagged-content-whitespace-warn, lang, headings-warn, "
https://open.overheid.nl/overheid/openbaarmakingen/api/v0/attachment/fac72c18-d5b7-4211-b984-0891c23dac39,fac72c18-d5b7-4211-b984-0891c23dac39.pdf,rijksoverheid.nl,open.overheid.nl,106645,104.1 KB,analysed,2026-09-25T20:35:03.293143+00:00,2026-09-07 08:37:59+00:00,"Berichten minister-president Jetten op Instagram, augustus 2026",Ministerie van Algemene Zaken,,,,True,False,False,Pass,Pass,Pass,Pass,Pass,Pass,Pass,NotApplicable,NotApplicable,Pass,Pass,Warn,NotApplicable,NotApplicable,False,5,1816,2,"headings-none, "
https://www.eeas.europa.eu/sites/default/files/factsheet_ec_format_migration_partnership_framework_update_2.pdf,factsheet_ec_format_migration_partnership_framework_update_2.pdf,rijksoverheid.nl,eeas.europa.eu,1591188,1.5 MB,analysed,2026-09-25T20:35:03.298636+00:00,2016-10-18 09:52:59+00:00,,,,,,False,False,False,Pass,Pass,Pass,Fail,Fail,Pass,Pass,NotApplicable,NotApplicable,NotApplicable,Fail,Warn,Pass,NotApplicable,True,3,1184,1,"title, lang, figures missing alt text (count=14), headings-none, "
https://open.overheid.nl/documenten/fcafaebc-7de6-4977-82c8-c51f1fdd0080,fcafaebc-7de6-4977-82c8-c51f1fdd0080.pdf,rijksoverheid.nl,open.overheid.nl,114622,111.9 KB,analysed,2026-09-25T20:35:03.300760+00:00,2026-05-22 16:48:13+00:00,,"Mingelen, drs. D. (David)",,,,False,False,False,Pass,Pass,Pass,Fail,Pass,Pass,Pass,NotApplicable,NotApplicable,Pass,Pass,Warn,NotApplicable,NotApplicable,False,3,739,2,"title, headings-none, "
https://open.overheid.nl/documenten/70a1f74e-b1a3-4ea2-a487-65f1decfc065/file,file-0.pdf,rijksoverheid.nl,open.overheid.nl,2633859,2.5 MB,analysed,2026-09-25T20:35:03.308581+00:00,2025-05-17 11:44:58+00:00,,,,,,False,False,False,Pass,Pass,Pass,Fail,Pass,Fail,Pass,NotApplicable,NotApplicable,Pass,Fail,Warn,Pass,Pass,False,58,23938,39,"title, no bookmarks and more than 20 pages, figures missing alt text (count=15), headings-none, "
https://open.overheid.nl/documenten/0cd83d75-6b18-42f9-8e2b-091066b01f97/file,file-1.pdf,rijksoverheid.nl,open.overheid.nl,194597,190.0 KB,analysed,2026-09-25T20:35:03.311258+00:00,2025-07-01 16:26:23+00:00,{'Brief - Kabinetsreactie ROB advies Naar een uitvoerende macht'},,,,,True,False,False,Pass,Pass,Pass,Pass,Pass,Pass,Pass,NotApplicable,NotApplicable,Pass,Pass,Warn,Pass,NotApplicable,False,12,5512,2,"headings-none, "
https://open.overheid.nl/documenten/65c4cadd-c652-436d-9993-7f3d191a3ec4/file,file-10.pdf,rijksoverheid.nl,open.overheid.nl,2633859,2.5 MB,analysed,2026-09-25T20:35:03.319646+00:00,2025-05-18 14:47:46+00:00,,,,,,False,False,False,Pass,Pass,Pass,Fail,Pass,Fail,Pass,NotApplicable,NotApplicable,Pass,Fail,Warn,Pass,Pass,False,58,23938,39,"title, no bookmarks and more than 20 pages, figures missing alt text (count=15), headings-none, "
https://open.overheid.nl/documenten/162c0421-39b1-4e68-ada7-cb46d4e29ddb/file,file-100.pdf,rijksoverheid.nl,open.overheid.nl,79161,77.3 KB,analysed,2026-09-25T20:35:03.322590+00:00,2025-05-23 21:52:23+00:00,{'2024 06 12 Aanbiedingsbrief TK Kabinetsreactie AIV advies Hybride dreigingen en maatschappelijke weerbaarheid'},,,,,False,False,False,Fail,Pass,Pass,Fail,Fail,Pass,Fail,NotApplicable,NotApplicable,NotApplicable,NotApplicable,NotApplicable,NotApplicable,NotApplicable,False,1,140,6,"title, tagged, lang, "
https://open.overheid.nl/documenten/3cbc2dcf-8a2c-4f07-8146-312253b05acd/file,file-101.pdf,rijksoverheid.nl,open.overheid.nl,343173,335.1 KB,analysed,2026-09-25T20:35:03.325643+00:00,2025-05-17 03:03:35+00:00,{'Toelichting invullen fiche mededeling'},,,,,True,False,False,Pass,Pass,Pass,Pass,Pass,Pass,Pass,NotApplicable,NotApplicable,Pass,Pass,Pass,NotApplicable,NotApplicable,False,16,7048,0,
https://open.overheid.nl/documenten/b32e3a26-3bc5-4c7a-b079-9bb409060135/file,file-102.pdf,rijksoverheid.nl,open.overheid.nl,234384,228.9 KB,analysed,2026-09-25T20:35:03.328181+00:00,2025-05-17 22:00:46+00:00,{'Blanco'},,Ministerie van Economische Zaken,,,True,False,False,Pass,Pass,Pass,Pass,Pass,Pass,Pass,NotApplicable,NotApplicable,NotApplicable,Pass,Pass,Pass,NotApplicable,False,8,3355,0,
https://open.overheid.nl/documenten/e3f92a76-e089-4045-9c29-caa6be4f90de/file,file-103.pdf,rijksoverheid.nl,open.overheid.nl,260178,254.1 KB,analysed,2026-09-25T20:35:03.330729+00:00,2025-05-18 04:57:35+00:00,,,,,,False,False,False,Pass,Pass,Pass,Fail,Pass,Pass,Pass,NotApplicable,NotApplicable,Pass,Pass,Pass,Pass,NotApplicable,False,9,3889,0,"title, "
https://open.overheid.nl/documenten/615a0fd5-3385-4e3c-87e7-f0282a175ecf/file,file-104.pdf,rijksoverheid.nl,open.overheid.nl,2224806,2.1 MB,analysed,2026-09-25T20:35:03.337627+00:00,2025-05-23 20:15:14+00:00,,,,,,False,False,False,Fail,Pass,Pass,Fail,Fail,Pass,Fail,NotApplicable,NotApplicable,NotApplicable,NotApplicable,NotApplicable,NotApplicable,NotApplicable,False,4,974,48,"title, tagged, lang, "
https://open.overheid.nl/documenten/ccbe15dd-5c60-46bb-8f8a-dafa73bab8f2/file,file-105.pdf,rijksoverheid.nl,open.overheid.nl,134899,131.7 KB,analysed,2026-09-25T20:35:03.339889+00:00,2025-05-18 01:46:06+00:00,,,,,,False,False,False,Pass,Pass,Pass,Fail,Pass,Pass,Pass,NotApplicable,NotApplicable,NotApplicable,Pass,Pass,Pass,NotApplicable,False,6,3107,0,"title, "
https://open.overheid.nl/documenten/ba9f555a-7f7e-4b4b-9105-b7ae9a2a8345/file,file-106.pdf,rijksoverheid.nl,open.overheid.nl,57329,56.0 KB,analysed,2026-09-25T20:35:03.341820+00:00,2025-05-22 03:05:14+00:00,,,,,,False,False,False,Pass,Pass,Pass,Fail,Pass,Pass,Pass,NotApplicable,NotApplicable,NotApplicable,Fail,Warn,NotApplicable,Pass,False,1,244,1,"title, figures missing alt text (count=1), headings-none, "
https://open.overheid.nl/documenten/7e22c957-09e1-4091-9c32-9c6468117760/file,file-107.pdf,rijksoverheid.nl,open.overheid.nl,1932234,1.8 MB,analysed,2026-09-25T20:35:03.348086+00:00,2025-05-23 19:39:09+00:00,,,,,,False,False,False,Fail,Pass,Pass,Fail,Fail,Pass,Fail,NotApplicable,NotApplicable,NotApplicable,NotApplicable,NotApplicable,NotApplicable,NotApplicable,False,3,1136,36,"title, tagged, lang, "
https://open.overheid.nl/documenten/c2e0f657-465c-43eb-a75e-8b7d5a8f9223/file,file-108.pdf,rijksoverheid.nl,open.overheid.nl,1069083,1.0 MB,analysed,2026-09-25T20:35:03.352600+00:00,2025-05-18 00:09:21+00:00,,,,,,False,False,False,Fail,Pass,Pass,Fail,Pass,Pass,Fail,NotApplicable,NotApplicable,NotApplicable,NotApplicable,NotApplicable,NotApplicable,NotApplicable,False,3,0,3,"title, tagged, "
https://open.overheid.nl/documenten/bd027009-e50e-46cf-be8a-65dab26dfc81/file,file-109.pdf,rijksoverheid.nl,open.overheid.nl,63482,62.0 KB,analysed,2026-09-25T20:35:03.354955+00:00,2025-05-23 18:14:17+00:00,,,,,,False,False,False,Fail,Pass,Pass,Fail,Fail,Pass,Fail,NotApplicable,NotApplicable,NotApplicable,NotApplicable,NotApplicable,NotApplicable,NotApplicable,False,2,697,6,"title, tagged, lang, "
https://open.overheid.nl/documenten/ronl-95e3ab86c1a7b039c9a287b392673edf758a67c8/file,file-11.pdf,rijksoverheid.nl,open.overheid.nl,79848,78.0 KB,analysed,2026-09-25T20:35:03.357149+00:00,2025-05-22 02:37:40+00:00,,,,,,False,False,False,Fail,Pass,Pass,Fail,Fail,Pass,Fail,NotApplicable,NotApplicable,NotApplicable,NotApplicable,NotApplicable,NotApplicable,NotApplicable,False,2,1311,5,"title, tagged, lang, "
https://open.overheid.nl/documenten/81429e1c-29c0-45b7-a783-f56cf71aedc8/file,file-110.pdf,rijksoverheid.nl,open.overheid.nl,3112001,3.0 MB,analysed,2026-09-25T20:35:03.366245+00:00,2025-05-17 14:24:04+00:00,,,,,,False,False,False,Fail,Pass,Pass,Fail,Fail,Pass,Fail,NotApplicable,NotApplicable,NotApplicable,NotApplicable,NotApplicable,NotApplicable,NotApplicable,False,5,1587,60,"title, tagged, lang, "
https://open.overheid.nl/documenten/112c92eb-aac9-4ae6-ba64-54e39b28af75/file,file-111.pdf,rijksoverheid.nl,open.overheid.nl,4380840,4.2 MB,analysed,2026-09-25T20:35:03.380040+00:00,2025-05-16 20:52:39+00:00,,,,,,False,True,False,Fail,Fail,Pass,Fail,Fail,Pass,Fail,NotApplicable,NotApplicable,NotApplicable,NotApplicable,NotApplicable,NotApplicable,NotApplicable,False,6,0,6,"title, tagged, lang, "
https://open.overheid.nl/documenten/6d4edd34-981b-4375-a647-73b7b87656b9/file,file-12.pdf,rijksoverheid.nl,open.overheid.nl,1502606,1.4 MB,analysed,2026-09-25T20:35:03.388393+00:00,2026-01-26 07:21:00+00:00,{'Regeldruk bij woningcorporaties'},,,,,False,False,False,Pass,Pass,Pass,Pass,Pass,Fail,Pass,NotApplicable,NotApplicable,Pass,Pass,Fail,Warn,Pass,False,33,11645,12,"no bookmarks and more than 20 pages, headings-skip, lists-warn, "
https://open.overheid.nl/documenten/781e0615-5dde-40c8-bd13-5dc21e55fc0f/file,file-13.pdf,rijksoverheid.nl,open.overheid.nl,143753,140.4 KB,analysed,2026-09-25T20:35:03.392615+00:00,2025-05-17 12:58:44+00:00,,,,,,False,False,False,Pass,Pass,Pass,Fail,Pass,Pass,Pass,NotApplicable,NotApplicable,Pass,Pass,Warn,Pass,NotApplicable,False,8,3726,1,"title, headings-none, "
https://open.overheid.nl/documenten/0fd2a96c-bebe-49b2-a9cf-8725994990e1/file,file-14.pdf,rijksoverheid.nl,open.overheid.nl,486734,475.3 KB,analysed,2026-09-25T20:35:03.396422+00:00,2025-05-16 20:32:48+00:00,,,,,,False,False,False,Fail,Pass,Pass,Fail,Fail,Pass,Fail,NotApplicable,NotApplicable,NotApplicable,NotApplicable,NotApplicable,NotApplicable,NotApplicable,False,6,10,4,"title, tagged, lang, "
https://open.overheid.nl/documenten/62c22197-fc20-4d7a-95f3-601bab23a11e/file,file-15.pdf,rijksoverheid.nl,open.overheid.nl,383034,374.1 KB,analysed,2026-09-25T20:35:03.399596+00:00,2025-05-17 09:30:33+00:00,,,,,,False,False,False,Pass,Pass,Pass,Fail,Pass,Pass,Pass,NotApplicable,NotApplicable,Pass,Fail,Warn,Pass,Pass,False,9,3375,8,"title, figures missing alt text (count=5), headings-none, "
https://open.overheid.nl/documenten/e7ca5333-c8d0-4a8d-a06e-47aa27806f52/file,file-16.pdf,rijksoverheid.nl,open.overheid.nl,902103,881.0 KB,analysed,2026-09-25T20:35:03.403723+00:00,2025-05-18 05:28:50+00:00,,,,,,False,False,False,Fail,Pass,Pass,Fail,Fail,Pass,Fail,NotApplicable,NotApplicable,NotApplicable,NotApplicable,NotApplicable,NotApplicable,NotApplicable,False,2,423,24,"title, tagged, lang, "
https://open.overheid.nl/documenten/cfc932e6-c6b3-4d5e-93ed-8f91bdae010d/file,file-17.pdf,rijksoverheid.nl,open.overheid.nl,110182,107.6 KB,analysed,2026-09-25T20:35:03.406052+00:00,2025-05-22 03:17:46+00:00,,,,,,False,False,False,Pass,Pass,Pass,Fail,Pass,Pass,Pass,NotApplicable,NotApplicable,Pass,Pass,Warn,Pass,NotApplicable,False,4,1801,2,"title, headings-none, "
https://open.overheid.nl/documenten/e414dfae-96e7-4a9d-9918-8e5d6eb9eae0/file,file-18.pdf,rijksoverheid.nl,open.overheid.nl,1748516,1.7 MB,analysed,2026-09-25T20:35:03.413682+00:00,2025-05-18 04:55:44+00:00,,,,,,False,False,False,Fail,Pass,Pass,Fail,Fail,Pass,Fail,NotApplicable,NotApplicable,NotApplicable,NotApplicable,NotApplicable,NotApplicable,NotApplicable,False,5,0,5,"title, tagged, lang, "
https://open.overheid.nl/documenten/294c20b6-c3c4-44a0-88e7-e36d7871aba8/file,file-19.pdf,rijksoverheid.nl,open.overheid.nl,104859,102.4 KB,analysed,2026-09-25T20:35:03.418280+00:00,2025-12-17 14:40:20+00:00,Hoe ontwikkelingshulp meer gebonden wordt aan Nederlandse strategische belangen,,,,,False,False,False,Pass,Pass,Pass,Pass,Pass,Pass,Pass,NotApplicable,NotApplicable,Pass,Fail,Warn,NotApplicable,Pass,False,3,752,1,"figures missing alt text (count=1), headings-none, "
https://open.overheid.nl/documenten/d1bada25-50c4-4280-a268-040d0685aeaa/file,file-2.pdf,rijksoverheid.nl,open.overheid.nl,283590,276.9 KB,analysed,2026-09-25T20:35:03.422205+00:00,2025-05-18 02:25:20+00:00,,,,,,False,False,False,Pass,Pass,Pass,Fail,Pass,Pass,Pass,NotApplicable,NotApplicable,Pass,Fail,Warn,Pass,Pass,False,19,7919,1,"title, figures missing alt text (count=4), headings-none, "
https://open.overheid.nl/documenten/316bd798-9bdc-4e2e-a9ee-2e34119af608/file,file-20.pdf,rijksoverheid.nl,open.overheid.nl,675921,660.1 KB,analysed,2026-09-25T20:35:03.426451+00:00,,,,,,,False,False,False,Fail,Pass,Pass,Fail,Fail,Pass,Fail,NotApplicable,NotApplicable,NotApplicable,NotApplicable,NotApplicable,NotApplicable,NotApplicable,False,2,401,16,"no date found, title, tagged, lang, "
https://open.overheid.nl/documenten/3be3c98b-bb74-4c19-82b7-bb994af6aad5/file,file-21.pdf,rijksoverheid.nl,open.overheid.nl,127690,124.7 KB,analysed,2026-09-25T20:35:03.429283+00:00,2025-10-17 17:59:15+00:00,,,,,,False,False,False,Pass,Pass,Pass,Fail,Pass,Pass,Pass,NotApplicable,NotApplicable,Pass,Pass,Warn,NotApplicable,NotApplicable,False,3,1205,1,"title, headings-none, "
https://open.overheid.nl/documenten/57e0e136-6d2f-4edf-9b9e-71325303b36e/file,file-22.pdf,rijksoverheid.nl,open.overheid.nl,107128,104.6 KB,analysed,2026-09-25T20:35:03.432163+00:00,2025-10-16 14:49:29+00:00,-,,,,,True,False,False,Pass,Pass,Pass,Pass,Pass,Pass,Pass,NotApplicable,NotApplicable,Pass,Pass,Warn,Pass,NotApplicable,False,2,541,0,"headings-none, "
https://open.overheid.nl/documenten/acd0e91e-0a05-4f1b-966d-2f54ea7048bf/file,file-23.pdf,rijksoverheid.nl,open.overheid.nl,125691,122.7 KB,analysed,2026-09-25T20:35:03.434947+00:00,2025-08-29 20:36:15+00:00,Inzet Koninkrijk der Nederlanden voor de 80e zitting van de AVVN,"Hinse, Fennigje",,,,False,False,False,Pass,Pass,Pass,Pass,Pass,Pass,Pass,NotApplicable,NotApplicable,Pass,Fail,Warn,NotApplicable,NotApplicable,False,6,2153,1,"figures missing alt text (count=1), headings-none, "
https://open.overheid.nl/documenten/6eaa5a86-af0c-469f-8543-383da0418dc0/file,file-24.pdf,rijksoverheid.nl,open.overheid.nl,105199,102.7 KB,analysed,2026-09-25T20:35:03.437276+00:00,,,,,,,False,False,False,Fail,Pass,Pass,Fail,Pass,Pass,Fail,NotApplicable,NotApplicable,NotApplicable,NotApplicable,NotApplicable,NotApplicable,NotApplicable,False,2,470,2,"no date found, title, tagged, "
https://open.overheid.nl/documenten/6ef370cb-8b8f-45e7-b925-d33e4dc1bcbd/file,file-25.pdf,rijksoverheid.nl,open.overheid.nl,218016,212.9 KB,analysed,2026-09-25T20:35:03.439624+00:00,2025-10-16 08:38:12+00:00,,,,,,False,False,False,Pass,Pass,Pass,Fail,Pass,Pass,Pass,NotApplicable,NotApplicable,NotApplicable,Pass,Warn,Pass,NotApplicable,False,3,743,1,"title, headings-none, "
https://open.overheid.nl/documenten/ab95ad73-ff3c-491d-a6bd-1f53a303fff4/file,file-26.pdf,rijksoverheid.nl,open.overheid.nl,621349,606.8 KB,analysed,2026-09-25T20:35:03.442862+00:00,2025-08-29 20:36:52+00:00,,,,,,False,False,False,Fail,Pass,Pass,Fail,Fail,Pass,Fail,NotApplicable,NotApplicable,NotApplicable,NotApplicable,NotApplicable,NotApplicable,NotApplicable,False,2,377,16,"title, tagged, lang, "
https://open.overheid.nl/documenten/5bb7fb68-971a-47ef-a9b7-4bc907870a11/file,file-27.pdf,rijksoverheid.nl,open.overheid.nl,96900,94.6 KB,analysed,2026-09-25T20:35:03.444890+00:00,2025-05-22 01:47:28+00:00,{'-'},,,,,True,False,False,Pass,Pass,Pass,Pass,Pass,Pass,Pass,NotApplicable,NotApplicable,Pass,Pass,Warn,NotApplicable,NotApplicable,False,3,1180,1,"headings-none, "
https://open.overheid.nl/documenten/4f451d7b-fb84-45dd-99e0-6f2c2965387c/file,file-28.pdf,rijksoverheid.nl,open.overheid.nl,171110,167.1 KB,analysed,2026-09-25T20:35:03.447088+00:00,2025-08-26 13:35:43+00:00,Kamerbrief EU-VS handelsdeal,,,,,False,False,False,Pass,Pass,Pass,Pass,Pass,Pass,Pass,NotApplicable,NotApplicable,Pass,Fail,Warn,NotApplicable,Pass,False,5,1989,2,"figures missing alt text (count=2), headings-warn, "
https://open.overheid.nl/documenten/5661d83c-171a-4413-8318-1ef05796c6dc/file,file-29.pdf,rijksoverheid.nl,open.overheid.nl,173411,169.3 KB,analysed,2026-09-25T20:35:03.449269+00:00,2025-05-17 07:29:48+00:00,{'2025 03 24 Kamerbrief Onze mensen onze toekomst; meer beter en sneller'},,,,,False,False,False,Fail,Pass,Pass,Fail,Fail,Pass,Fail,NotApplicable,NotApplicable,NotApplicable,NotApplicable,NotApplicable,NotApplicable,NotApplicable,False,10,5200,7,"title, tagged, lang, "
https://open.overheid.nl/documenten/2898753e-e87d-4ac4-ba99-21ee9644aea6/file,file-3.pdf,rijksoverheid.nl,open.overheid.nl,72605,70.9 KB,analysed,2026-09-25T20:35:03.451215+00:00,2025-05-22 01:05:34+00:00,{'Brief - Rapport Mozaïek van Belangen - Naar een beter inzicht in de betrokkenheid van externen bij publieke besluitvorming'},,,,,False,False,False,Pass,Pass,Pass,Pass,Pass,Pass,Pass,NotApplicable,NotApplicable,Pass,Fail,Warn,NotApplicable,NotApplicable,False,1,363,2,"figures missing alt text (count=2), headings-none, "
https://open.overheid.nl/documenten/4b82bddf-2e4c-48cd-b82e-98d803ee07f4/file,file-30.pdf,rijksoverheid.nl,open.overheid.nl,1496970,1.4 MB,analysed,2026-09-25T20:35:03.456501+00:00,2025-08-26 13:38:45+00:00,,,,,,False,False,False,Fail,Pass,Pass,Fail,Fail,Pass,Fail,NotApplicable,NotApplicable,NotApplicable,NotApplicable,NotApplicable,NotApplicable,NotApplicable,False,3,873,24,"title, tagged, lang, "
https://open.overheid.nl/documenten/ronl-389a7259177aeecd7cb0997be13b693312337b63/file,file-31.pdf,rijksoverheid.nl,open.overheid.nl,125747,122.8 KB,analysed,2026-09-25T20:35:03.459108+00:00,2025-05-17 02:30:00+00:00,,,,,,False,False,False,Fail,Pass,Pass,Fail,Pass,Pass,Fail,NotApplicable,NotApplicable,NotApplicable,NotApplicable,NotApplicable,NotApplicable,NotApplicable,False,2,642,2,"title, tagged, "
https://open.overheid.nl/documenten/9e539b4a-2f21-496e-96fb-2e1288070a05/file,file-32.pdf,rijksoverheid.nl,open.overheid.nl,171965,167.9 KB,analysed,2026-09-25T20:35:03.461578+00:00,2025-05-17 18:54:05+00:00,,,,,,False,False,False,Fail,Pass,Pass,Fail,Pass,Pass,Fail,NotApplicable,NotApplicable,NotApplicable,NotApplicable,NotApplicable,NotApplicable,NotApplicable,False,2,660,2,"title, tagged, "
https://open.overheid.nl/documenten/22bb4450-5af5-4f52-a27d-b94312f7f9fa/file,file-33.pdf,rijksoverheid.nl,open.overheid.nl,224484,219.2 KB,analysed,2026-09-25T20:35:03.464109+00:00,2025-05-23 21:38:00+00:00,,,,,,False,False,False,Pass,Pass,Pass,Fail,Pass,Pass,Pass,NotApplicable,NotApplicable,Pass,Pass,Warn,Pass,NotApplicable,False,12,6066,1,"title, headings-none, "
https://open.overheid.nl/documenten/2b22265a-79c7-4329-83bf-9b72880d491f/file,file-34.pdf,rijksoverheid.nl,open.overheid.nl,5722210,5.5 MB,analysed,2026-09-25T20:35:03.479193+00:00,2025-05-23 21:24:45+00:00,,,,,,False,False,False,Fail,Pass,Pass,Fail,Fail,Fail,Fail,NotApplicable,NotApplicable,NotApplicable,NotApplicable,NotApplicable,NotApplicable,NotApplicable,False,44,45,35,"title, tagged, lang, no bookmarks and more than 20 pages, "
https://open.overheid.nl/documenten/5d681589-a5b6-42a8-97c2-472a45cdec48/file,file-35.pdf,rijksoverheid.nl,open.overheid.nl,337178,329.3 KB,analysed,2026-09-25T20:35:03.483995+00:00,2025-05-17 08:52:03+00:00,,,,,,False,False,False,Pass,Pass,Pass,Fail,Pass,Pass,Pass,NotApplicable,NotApplicable,Pass,Fail,Warn,Pass,Warn,False,14,5816,3,"title, figures missing alt text (count=2), headings-none, tables-warn, "
https://open.overheid.nl/documenten/b2c55fc3-9cb6-4de1-9440-f078d817c074/file,file-36.pdf,rijksoverheid.nl,open.overheid.nl,229711,224.3 KB,analysed,2026-09-25T20:35:03.488345+00:00,2025-09-15 11:01:38+00:00,,Ministerie van Sociale Zaken en Werkgelegenheid,,,,False,False,False,Pass,Pass,Pass,Fail,Pass,Pass,Pass,NotApplicable,NotApplicable,Pass,Fail,Warn,Pass,Warn,False,17,7395,1,"title, figures missing alt text (count=2), headings-none, tables-warn, "
https://open.overheid.nl/documenten/d946a6a1-69e9-49e6-b971-9abd51da87bb/file,file-37.pdf,rijksoverheid.nl,open.overheid.nl,161410,157.6 KB,analysed,2026-09-25T20:35:03.491530+00:00,2025-11-27 13:48:02+00:00,Brief Kamer - Nieuw financieringsstelsel kinderopvang,Ministerie van Sociale Zaken en Werkgelegenheid,,,,False,False,False,Pass,Pass,Pass,Pass,Pass,Pass,Pass,NotApplicable,NotApplicable,Pass,Fail,Warn,Pass,Pass,False,6,2009,1,"figures missing alt text (count=1), headings-none, "
https://open.overheid.nl/documenten/4bb8cddd-fb20-4624-ba14-8d003633bd0f/file,file-38.pdf,rijksoverheid.nl,open.overheid.nl,308210,301.0 KB,analysed,2026-09-25T20:35:03.494664+00:00,2026-01-27 09:43:26+00:00,Wetsvoorstel financiering kinderopvang: vragen en antwoorden over de DAEB,Ministerie van Sociale Zaken en Werkgelegenheid,85249,,85249,True,False,False,Pass,Pass,Pass,Pass,Pass,Pass,Pass,NotApplicable,NotApplicable,Pass,Pass,Pass,Pass,NotApplicable,False,4,1858,0,
https://open.overheid.nl/documenten/3dfb6d47-ff6b-4a57-afec-6b7bfb76ae14/file,file-39.pdf,rijksoverheid.nl,open.overheid.nl,131116,128.0 KB,analysed,2026-09-25T20:35:03.496999+00:00,2026-02-10 12:40:24+00:00,,Ministerie van Sociale Zaken en Werkgelegenheid,,,,False,False,False,Pass,Pass,Pass,Fail,Pass,Pass,Pass,NotApplicable,NotApplicable,Pass,Pass,Pass,Pass,NotApplicable,False,4,1923,0,"title, "
https://open.overheid.nl/documenten/7128d2ad-38de-4d9b-bd5f-b881e10e956c/file,file-4.pdf,rijksoverheid.nl,open.overheid.nl,101328,99.0 KB,analysed,2026-09-25T20:35:03.499053+00:00,2025-07-01 16:26:23+00:00,{'Beslisnota - Brief aanbieding Kabinetsreactie ROB-advies aan TK'},,,,,True,False,False,Pass,Pass,Pass,Pass,Pass,Pass,Pass,NotApplicable,NotApplicable,NotApplicable,Pass,Pass,Pass,Pass,False,2,431,3,
https://open.overheid.nl/documenten/ea5382f0-2796-4874-8f0f-1fbb085bbd27/file,file-40.pdf,rijksoverheid.nl,open.overheid.nl,140769,137.5 KB,analysed,2026-09-25T20:35:03.501234+00:00,2025-05-23 17:22:03+00:00,,,,,,False,False,False,Pass,Pass,Pass,Fail,Pass,Pass,Pass,NotApplicable,NotApplicable,Pass,Pass,Warn,Pass,NotApplicable,False,11,4843,2,"title, headings-none, "
https://open.overheid.nl/documenten/bcc20c7a-cdab-4547-90d3-4329d620de2f/file,file-41.pdf,rijksoverheid.nl,open.overheid.nl,104321,101.9 KB,analysed,2026-09-25T20:35:03.503357+00:00,2025-06-30 08:07:31+00:00,Verboden lijst NPS per 1 juli 2025,Ministerie van Volksgezondheid Welzijn en Sport,,,,True,False,False,Pass,Pass,Pass,Pass,Pass,Pass,Pass,NotApplicable,NotApplicable,NotApplicable,Pass,Pass,Pass,NotApplicable,False,1,498,0,
https://open.overheid.nl/documenten/6e28f5c5-7c94-4312-b74a-f3be1bc20d2a/file,file-42.pdf,rijksoverheid.nl,open.overheid.nl,3215747,3.1 MB,analysed,2026-09-25T20:35:03.512962+00:00,2025-09-15 11:03:14+00:00,,Ministerie van Sociale Zaken en Werkgelegenheid,,,,False,False,False,Fail,Pass,Pass,Fail,Pass,Pass,Fail,NotApplicable,NotApplicable,Fail,NotApplicable,NotApplicable,NotApplicable,NotApplicable,False,137,48796,5,"title, tagged, annotations-untagged, "
https://open.overheid.nl/documenten/7ffb5246-54f6-49b3-8ded-076e05f07f55/file,file-43.pdf,rijksoverheid.nl,open.overheid.nl,767796,749.8 KB,analysed,2026-09-25T20:35:03.519231+00:00,2025-11-27 12:35:01+01:00,,,,,,False,False,False,Fail,Pass,Pass,Fail,Fail,Pass,Fail,NotApplicable,NotApplicable,NotApplicable,NotApplicable,NotApplicable,NotApplicable,NotApplicable,False,4,5,3,"title, tagged, lang, "
https://open.overheid.nl/documenten/c535acf4-0664-4301-a192-ad5c6a977c41/file,file-44.pdf,rijksoverheid.nl,open.overheid.nl,3233856,3.1 MB,analysed,2026-09-25T20:35:03.530555+00:00,2025-09-15 11:02:32+00:00,,Ministerie van Sociale Zaken en Werkgelegenheid,,,,False,False,False,Fail,Pass,Pass,Fail,Fail,Pass,Fail,NotApplicable,NotApplicable,NotApplicable,NotApplicable,NotApplicable,NotApplicable,NotApplicable,False,18,1351,15,"title, tagged, lang, "
https://open.overheid.nl/documenten/c22fbe00-1363-47e9-8ef9-0f66d18446de/file,file-45.pdf,rijksoverheid.nl,open.overheid.nl,276381,269.9 KB,analysed,2026-09-25T20:35:03.534962+00:00,2025-09-15 11:03:35+00:00,,Ministerie van Sociale Zaken en Werkgelegenheid,,,,False,False,False,Pass,Pass,Pass,Fail,Pass,Pass,Pass,NotApplicable,NotApplicable,Pass,Pass,Warn,Pass,NotApplicable,False,5,971,0,"title, headings-none, "
https://open.overheid.nl/documenten/10d41924-7e4c-49d5-a3b8-9215a76464f4/file,file-46.pdf,rijksoverheid.nl,open.overheid.nl,1280785,1.2 MB,error,2026-09-25T20:35:03.541465+00:00,,,,,,,,,,,,,,,,,,,,,,,,,,,,"File not found: crawled_files/rijksoverheid.nl/file-46.pdf (crawled 0.2 day(s) ago at 2026-09-25T20:35:03.541465+00:00). Possible causes: failed download, incomplete artifact transfer, or stale manifest entry from a previous run."
https://open.overheid.nl/documenten/fc2fd89d-6049-4f01-a558-e5acda2ffa0b/file,file-47.pdf,rijksoverheid.nl,open.overheid.nl,87035,85.0 KB,error,2026-09-25T20:35:03.545024+00:00,,,,,,,,,,,,,,,,,,,,,,,,,,,,"File not found: crawled_files/rijksoverheid.nl/file-47.pdf (crawled 0.2 day(s) ago at 2026-09-25T20:35:03.545024+00:00). Possible causes: failed download, incomplete artifact transfer, or stale manifest entry from a previous run."
https://open.overheid.nl/documenten/8e60163d-a665-4e44-9c5a-9684f0305a2f/file,file-48.pdf,rijksoverheid.nl,open.overheid.nl,80266,78.4 KB,error,2026-09-25T20:35:03.548468+00:00,,,,,,,,,,,,,,,,,,,,,,,,,,,,"File not found: crawled_files/rijksoverheid.nl/file-48.pdf (crawled 0.2 day(s) ago at 2026-09-25T20:35:03.548468+00:00). Possible causes: failed download, incomplete artifact transfer, or stale manifest entry from a previous run."
https://open.overheid.nl/documenten/4ea9c6e9-bc7a-4f21-8407-b2cbaa5291cf/file,file-49.pdf,rijksoverheid.nl,open.overheid.nl,1853543,1.8 MB,error,2026-09-25T20:35:03.555924+00:00,,,,,,,,,,,,,,,,,,,,,,,,,,,,"File not found: crawled_files/rijksoverheid.nl/file-49.pdf (crawled 0.2 day(s) ago at 2026-09-25T20:35:03.555924+00:00). Possible causes: failed download, incomplete artifact transfer, or stale manifest entry from a previous run."
https://open.overheid.nl/documenten/818598ca-8911-4558-835a-a17b315364d4/file,file-5.pdf,rijksoverheid.nl,open.overheid.nl,156072,152.4 KB,error,2026-09-25T20:35:03.560171+00:00,,,,,,,,,,,,,,,,,,,,,,,,,,,,"File not found: crawled_files/rijksoverheid.nl/file-5.pdf (crawled 0.2 day(s) ago at 2026-09-25T20:35:03.560171+00:00). Possible causes: failed download, incomplete artifact transfer, or stale manifest entry from a previous run."
https://open.overheid.nl/documenten/b293d67e-9e75-4cc8-b5d5-44ebea81df80/file,file-50.pdf,rijksoverheid.nl,open.overheid.nl,200258,195.6 KB,error,2026-09-25T20:35:03.564232+00:00,,,,,,,,,,,,,,,,,,,,,,,,,,,,"File not found: crawled_files/rijksoverheid.nl/file-50.pdf (crawled 0.2 day(s) ago at 2026-09-25T20:35:03.564232+00:00). Possible causes: failed download, incomplete artifact transfer, or stale manifest entry from a previous run."
https://open.overheid.nl/documenten/ab0c73f6-19db-432b-8e3c-eb775bc27512/file,file-51.pdf,rijksoverheid.nl,open.overheid.nl,187479,183.1 KB,error,2026-09-25T20:35:03.567889+00:00,,,,,,,,,,,,,,,,,,,,,,,,,,,,"File not found: crawled_files/rijksoverheid.nl/file-51.pdf (crawled 0.2 day(s) ago at 2026-09-25T20:35:03.567889+00:00). Possible causes: failed download, incomplete artifact transfer, or stale manifest entry from a previous run."
https://open.overheid.nl/documenten/aee6a36b-2cbb-427a-81ed-52a3470d1b1c/file,file-52.pdf,rijksoverheid.nl,open.overheid.nl,844799,825.0 KB,error,2026-09-25T20:35:03.572952+00:00,,,,,,,,,,,,,,,,,,,,,,,,,,,,"File not found: crawled_files/rijksoverheid.nl/file-52.pdf (crawled 0.2 day(s) ago at 2026-09-25T20:35:03.572952+00:00). Possible causes: failed download, incomplete artifact transfer, or stale manifest entry from a previous run."
https://open.overheid.nl/documenten/f9ad8b8e-6e1c-48a7-90ff-f3390daac5c6/file,file-53.pdf,rijksoverheid.nl,open.overheid.nl,249130,243.3 KB,error,2026-09-25T20:35:03.576647+00:00,,,,,,,,,,,,,,,,,,,,,,,,,,,,"File not found: crawled_files/rijksoverheid.nl/file-53.pdf (crawled 0.2 day(s) ago at 2026-09-25T20:35:03.576647+00:00). Possible causes: failed download, incomplete artifact transfer, or stale manifest entry from a previous run."
https://open.overheid.nl/documenten/7201b297-2112-4c34-9ef3-54bfdd070419/file,file-54.pdf,rijksoverheid.nl,open.overheid.nl,588665,574.9 KB,error,2026-09-25T20:35:03.581026+00:00,,,,,,,,,,,,,,,,,,,,,,,,,,,,"File not found: crawled_files/rijksoverheid.nl/file-54.pdf (crawled 0.2 day(s) ago at 2026-09-25T20:35:03.581026+00:00). Possible causes: failed download, incomplete artifact transfer, or stale manifest entry from a previous run."
https://open.overheid.nl/documenten/a34145ff-1945-4253-9276-8e80d098e42d/file,file-55.pdf,rijksoverheid.nl,open.overheid.nl,2992577,2.9 MB,error,2026-09-25T20:35:03.590800+00:00,,,,,,,,,,,,,,,,,,,,,,,,,,,,"File not found: crawled_files/rijksoverheid.nl/file-55.pdf (crawled 0.2 day(s) ago at 2026-09-25T20:35:03.590800+00:00). Possible causes: failed download, incomplete artifact transfer, or stale manifest entry from a previous run."
https://open.overheid.nl/documenten/3ad0580e-1a70-418d-855d-8eb0c23c5f54/file,file-56.pdf,rijksoverheid.nl,open.overheid.nl,93818,91.6 KB,error,2026-09-25T20:35:03.594964+00:00,,,,,,,,,,,,,,,,,,,,,,,,,,,,"File not found: crawled_files/rijksoverheid.nl/file-56.pdf (crawled 0.2 day(s) ago at 2026-09-25T20:35:03.594964+00:00). Possible causes: failed download, incomplete artifact transfer, or stale manifest entry from a previous run."
https://open.overheid.nl/documenten/26648662-347d-4bf8-b67e-9bb064b501cf/file,file-57.pdf,rijksoverheid.nl,open.overheid.nl,221550,216.4 KB,error,2026-09-25T20:35:03.598917+00:00,,,,,,,,,,,,,,,,,,,,,,,,,,,,"File not found: crawled_files/rijksoverheid.nl/file-57.pdf (crawled 0.2 day(s) ago at 2026-09-25T20:35:03.598917+00:00). Possible causes: failed download, incomplete artifact transfer, or stale manifest entry from a previous run."
https://open.overheid.nl/documenten/5df45d9b-b52b-4cdc-8e9f-3705e48305cf/file,file-58.pdf,rijksoverheid.nl,open.overheid.nl,388061,379.0 KB,error,2026-09-25T20:35:03.602882+00:00,,,,,,,,,,,,,,,,,,,,,,,,,,,,"File not found: crawled_files/rijksoverheid.nl/file-58.pdf (crawled 0.2 day(s) ago at 2026-09-25T20:35:03.602882+00:00). Possible causes: failed download, incomplete artifact transfer, or stale manifest entry from a previous run."
https://open.overheid.nl/documenten/c367d9e6-9b1e-4471-ab01-26b47bf4b34f/file,file-59.pdf,rijksoverheid.nl,open.overheid.nl,429228,419.2 KB,error,2026-09-25T20:35:03.606845+00:00,,,,,,,,,,,,,,,,,,,,,,,,,,,,"File not found: crawled_files/rijksoverheid.nl/file-59.pdf (crawled 0.2 day(s) ago at 2026-09-25T20:35:03.606845+00:00). Possible causes: failed download, incomplete artifact transfer, or stale manifest entry from a previous run."
https://open.overheid.nl/documenten/d42a5d7b-2c16-4a67-a7d1-a80cd89f16f7/file,file-6.pdf,rijksoverheid.nl,open.overheid.nl,58865,57.5 KB,error,2026-09-25T20:35:03.609670+00:00,,,,,,,,,,,,,,,,,,,,,,,,,,,,"File not found: crawled_files/rijksoverheid.nl/file-6.pdf (crawled 0.2 day(s) ago at 2026-09-25T20:35:03.609670+00:00). Possible causes: failed download, incomplete artifact transfer, or stale manifest entry from a previous run."
https://open.overheid.nl/documenten/eb647abe-5099-4a6c-8613-04874cc1258b/file,file-60.pdf,rijksoverheid.nl,open.overheid.nl,236846,231.3 KB,error,2026-09-25T20:35:03.612355+00:00,,,,,,,,,,,,,,,,,,,,,,,,,,,,"File not found: crawled_files/rijksoverheid.nl/file-60.pdf (crawled 0.2 day(s) ago at 2026-09-25T20:35:03.612355+00:00). Possible causes: failed download, incomplete artifact transfer, or stale manifest entry from a previous run."
https://open.overheid.nl/documenten/557fe929-d642-42da-9fc5-168faac9ed34/file,file-61.pdf,rijksoverheid.nl,open.overheid.nl,870061,849.7 KB,error,2026-09-25T20:35:03.616335+00:00,,,,,,,,,,,,,,,,,,,,,,,,,,,,"File not found: crawled_files/rijksoverheid.nl/file-61.pdf (crawled 0.2 day(s) ago at 2026-09-25T20:35:03.616335+00:00). Possible causes: failed download, incomplete artifact transfer, or stale manifest entry from a previous run."
https://open.overheid.nl/documenten/e484c940-07da-449f-8f75-363a854cefc0/file,file-62.pdf,rijksoverheid.nl,open.overheid.nl,229719,224.3 KB,error,2026-09-25T20:35:03.618910+00:00,,,,,,,,,,,,,,,,,,,,,,,,,,,,"File not found: crawled_files/rijksoverheid.nl/file-62.pdf (crawled 0.2 day(s) ago at 2026-09-25T20:35:03.618910+00:00). Possible causes: failed download, incomplete artifact transfer, or stale manifest entry from a previous run."
https://open.overheid.nl/documenten/b9ca7154-bb24-48cb-b909-84042020f6d2/file,file-63.pdf,rijksoverheid.nl,open.overheid.nl,601630,587.5 KB,error,2026-09-25T20:35:03.622295+00:00,,,,,,,,,,,,,,,,,,,,,,,,,,,,"File not found: crawled_files/rijksoverheid.nl/file-63.pdf (crawled 0.2 day(s) ago at 2026-09-25T20:35:03.622295+00:00). Possible causes: failed download, incomplete artifact transfer, or stale manifest entry from a previous run."
https://open.overheid.nl/documenten/d74fe187-5798-4911-9313-dc871455587f/file,file-64.pdf,rijksoverheid.nl,open.overheid.nl,829431,810.0 KB,error,2026-09-25T20:35:03.626302+00:00,,,,,,,,,,,,,,,,,,,,,,,,,,,,"File not found: crawled_files/rijksoverheid.nl/file-64.pdf (crawled 0.2 day(s) ago at 2026-09-25T20:35:03.626302+00:00). Possible causes: failed download, incomplete artifact transfer, or stale manifest entry from a previous run."
https://open.overheid.nl/documenten/78d7d00d-96ad-465d-866a-978737be1443/file,file-65.pdf,rijksoverheid.nl,open.overheid.nl,295079,288.2 KB,error,2026-09-25T20:35:03.630081+00:00,,,,,,,,,,,,,,,,,,,,,,,,,,,,"File not found: crawled_files/rijksoverheid.nl/file-65.pdf (crawled 0.2 day(s) ago at 2026-09-25T20:35:03.630081+00:00). Possible causes: failed download, incomplete artifact transfer, or stale manifest entry from a previous run."
https://open.overheid.nl/documenten/bf4a5fac-8944-47cb-8657-cef53a5f2f43/file,file-66.pdf,rijksoverheid.nl,open.overheid.nl,381992,373.0 KB,error,2026-09-25T20:35:03.633678+00:00,,,,,,,,,,,,,,,,,,,,,,,,,,,,"File not found: crawled_files/rijksoverheid.nl/file-66.pdf (crawled 0.2 day(s) ago at 2026-09-25T20:35:03.633678+00:00). Possible causes: failed download, incomplete artifact transfer, or stale manifest entry from a previous run."
https://open.overheid.nl/documenten/36f487b7-e565-4eaf-9543-657418229989/file,file-67.pdf,rijksoverheid.nl,open.overheid.nl,304042,296.9 KB,error,2026-09-25T20:35:03.636948+00:00,,,,,,,,,,,,,,,,,,,,,,,,,,,,"File not found: crawled_files/rijksoverheid.nl/file-67.pdf (crawled 0.2 day(s) ago at 2026-09-25T20:35:03.636948+00:00). Possible causes: failed download, incomplete artifact transfer, or stale manifest entry from a previous run."
https://open.overheid.nl/documenten/b66fce52-ec43-45a4-84a8-b7db984c1230/file,file-68.pdf,rijksoverheid.nl,open.overheid.nl,5785232,5.5 MB,error,2026-09-25T20:35:03.652827+00:00,,,,,,,,,,,,,,,,,,,,,,,,,,,,"File not found: crawled_files/rijksoverheid.nl/file-68.pdf (crawled 0.2 day(s) ago at 2026-09-25T20:35:03.652827+00:00). Possible causes: failed download, incomplete artifact transfer, or stale manifest entry from a previous run."
https://open.overheid.nl/documenten/82a3da6d-fe3c-486d-9172-f2cca03d1047/file,file-69.pdf,rijksoverheid.nl,open.overheid.nl,69143,67.5 KB,error,2026-09-25T20:35:03.657982+00:00,,,,,,,,,,,,,,,,,,,,,,,,,,,,"File not found: crawled_files/rijksoverheid.nl/file-69.pdf (crawled 0.2 day(s) ago at 2026-09-25T20:35:03.657982+00:00). Possible causes: failed download, incomplete artifact transfer, or stale manifest entry from a previous run."
https://open.overheid.nl/documenten/aa4e5e04-b2b2-4300-b7d9-51182e8adc12/file,file-7.pdf,rijksoverheid.nl,open.overheid.nl,156087,152.4 KB,error,2026-09-25T20:35:03.663169+00:00,,,,,,,,,,,,,,,,,,,,,,,,,,,,"File not found: crawled_files/rijksoverheid.nl/file-7.pdf (crawled 0.2 day(s) ago at 2026-09-25T20:35:03.663169+00:00). Possible causes: failed download, incomplete artifact transfer, or stale manifest entry from a previous run."
https://open.overheid.nl/documenten/0a2b6c4a-b51d-4ef5-9740-c927250e5903/file,file-70.pdf,rijksoverheid.nl,open.overheid.nl,1362461,1.3 MB,error,2026-09-25T20:35:03.670672+00:00,,,,,,,,,,,,,,,,,,,,,,,,,,,,"File not found: crawled_files/rijksoverheid.nl/file-70.pdf (crawled 0.2 day(s) ago at 2026-09-25T20:35:03.670672+00:00). Possible causes: failed download, incomplete artifact transfer, or stale manifest entry from a previous run."
https://open.overheid.nl/documenten/72397c1a-4ede-4435-96bf-bdc4f5ea0472/file,file-71.pdf,rijksoverheid.nl,open.overheid.nl,395883,386.6 KB,error,2026-09-25T20:35:03.675245+00:00,,,,,,,,,,,,,,,,,,,,,,,,,,,,"File not found: crawled_files/rijksoverheid.nl/file-71.pdf (crawled 0.2 day(s) ago at 2026-09-25T20:35:03.675245+00:00). Possible causes: failed download, incomplete artifact transfer, or stale manifest entry from a previous run."
https://open.overheid.nl/documenten/f854748d-f0b1-41dc-a72a-106e74b257cb/file,file-72.pdf,rijksoverheid.nl,open.overheid.nl,221916,216.7 KB,error,2026-09-25T20:35:03.678750+00:00,,,,,,,,,,,,,,,,,,,,,,,,,,,,"File not found: crawled_files/rijksoverheid.nl/file-72.pdf (crawled 0.2 day(s) ago at 2026-09-25T20:35:03.678750+00:00). Possible causes: failed download, incomplete artifact transfer, or stale manifest entry from a previous run."
https://open.overheid.nl/documenten/8a884af8-0bde-4fa8-ac6d-389d767aa4c5/file,file-73.pdf,rijksoverheid.nl,open.overheid.nl,101050,98.7 KB,error,2026-09-25T20:35:03.681501+00:00,,,,,,,,,,,,,,,,,,,,,,,,,,,,"File not found: crawled_files/rijksoverheid.nl/file-73.pdf (crawled 0.2 day(s) ago at 2026-09-25T20:35:03.681501+00:00). Possible causes: failed download, incomplete artifact transfer, or stale manifest entry from a previous run."
https://open.overheid.nl/documenten/34695ecd-0530-49ed-9596-0b60da4e1dde/file,file-74.pdf,rijksoverheid.nl,open.overheid.nl,15148,14.8 KB,error,2026-09-25T20:35:03.683838+00:00,,,,,,,,,,,,,,,,,,,,,,,,,,,,"File not found: crawled_files/rijksoverheid.nl/file-74.pdf (crawled 0.2 day(s) ago at 2026-09-25T20:35:03.683838+00:00). Possible causes: failed download, incomplete artifact transfer, or stale manifest entry from a previous run."
https://open.overheid.nl/documenten/e001b152-43a5-4fac-a81e-65ae6dc29a42/file,file-75.pdf,rijksoverheid.nl,open.overheid.nl,121798,118.9 KB,error,2026-09-25T20:35:03.686210+00:00,,,,,,,,,,,,,,,,,,,,,,,,,,,,"File not found: crawled_files/rijksoverheid.nl/file-75.pdf (crawled 0.2 day(s) ago at 2026-09-25T20:35:03.686210+00:00). Possible causes: failed download, incomplete artifact transfer, or stale manifest entry from a previous run."
https://open.overheid.nl/documenten/cf471c78-f5ab-48d4-b317-7d19899b4bbc/file,file-76.pdf,rijksoverheid.nl,open.overheid.nl,206418,201.6 KB,error,2026-09-25T20:35:03.688778+00:00,,,,,,,,,,,,,,,,,,,,,,,,,,,,"File not found: crawled_files/rijksoverheid.nl/file-76.pdf (crawled 0.2 day(s) ago at 2026-09-25T20:35:03.688778+00:00). Possible causes: failed download, incomplete artifact transfer, or stale manifest entry from a previous run."
https://open.overheid.nl/documenten/e4d33d74-20ac-433d-a85c-3b02e709a649/file,file-77.pdf,rijksoverheid.nl,open.overheid.nl,195543,191.0 KB,error,2026-09-25T20:35:03.691437+00:00,,,,,,,,,,,,,,,,,,,,,,,,,,,,"File not found: crawled_files/rijksoverheid.nl/file-77.pdf (crawled 0.2 day(s) ago at 2026-09-25T20:35:03.691437+00:00). Possible causes: failed download, incomplete artifact transfer, or stale manifest entry from a previous run."
https://open.overheid.nl/documenten/ronl-b89c316cc6e511b074de6c53bb8a6bd0b5e1fd9d/file,file-78.pdf,rijksoverheid.nl,open.overheid.nl,237787,232.2 KB,error,2026-09-25T20:35:03.694163+00:00,,,,,,,,,,,,,,,,,,,,,,,,,,,,"File not found: crawled_files/rijksoverheid.nl/file-78.pdf (crawled 0.2 day(s) ago at 2026-09-25T20:35:03.694163+00:00). Possible causes: failed download, incomplete artifact transfer, or stale manifest entry from a previous run."
https://open.overheid.nl/documenten/b9356441-3f18-4610-af96-180d2d35985d/file,file-79.pdf,rijksoverheid.nl,open.overheid.nl,72102,70.4 KB,error,2026-09-25T20:35:03.696416+00:00,,,,,,,,,,,,,,,,,,,,,,,,,,,,"File not found: crawled_files/rijksoverheid.nl/file-79.pdf (crawled 0.2 day(s) ago at 2026-09-25T20:35:03.696416+00:00). Possible causes: failed download, incomplete artifact transfer, or stale manifest entry from a previous run."
https://open.overheid.nl/documenten/0fa6f8a4-e5fe-476b-bf58-d5405ff30948/file,file-8.pdf,rijksoverheid.nl,open.overheid.nl,192426,187.9 KB,error,2026-09-25T20:35:03.699169+00:00,,,,,,,,,,,,,,,,,,,,,,,,,,,,"File not found: crawled_files/rijksoverheid.nl/file-8.pdf (crawled 0.2 day(s) ago at 2026-09-25T20:35:03.699169+00:00). Possible causes: failed download, incomplete artifact transfer, or stale manifest entry from a previous run."
https://open.overheid.nl/documenten/c1068319-6c5f-4e27-9196-b1216334cb9c/file,file-80.pdf,rijksoverheid.nl,open.overheid.nl,186861,182.5 KB,error,2026-09-25T20:35:03.701742+00:00,,,,,,,,,,,,,,,,,,,,,,,,,,,,"File not found: crawled_files/rijksoverheid.nl/file-80.pdf (crawled 0.2 day(s) ago at 2026-09-25T20:35:03.701742+00:00). Possible causes: failed download, incomplete artifact transfer, or stale manifest entry from a previous run."
https://open.overheid.nl/documenten/3540d000-bce2-4e30-aeca-2c7b58b56fc4/file,file-81.pdf,rijksoverheid.nl,open.overheid.nl,782191,763.9 KB,error,2026-09-25T20:35:03.705526+00:00,,,,,,,,,,,,,,,,,,,,,,,,,,,,"File not found: crawled_files/rijksoverheid.nl/file-81.pdf (crawled 0.2 day(s) ago at 2026-09-25T20:35:03.705526+00:00). Possible causes: failed download, incomplete artifact transfer, or stale manifest entry from a previous run."
https://open.overheid.nl/documenten/c9066be7-3ee1-4a7e-a93d-e74cf80b280e/file,file-82.pdf,rijksoverheid.nl,open.overheid.nl,184347,180.0 KB,error,2026-09-25T20:35:03.707836+00:00,,,,,,,,,,,,,,,,,,,,,,,,,,,,"File not found: crawled_files/rijksoverheid.nl/file-82.pdf (crawled 0.2 day(s) ago at 2026-09-25T20:35:03.707836+00:00). Possible causes: failed download, incomplete artifact transfer, or stale manifest entry from a previous run."
https://open.overheid.nl/documenten/8c2898b5-3097-46fc-ae4b-03ed14030597/file,file-83.pdf,rijksoverheid.nl,open.overheid.nl,2432917,2.3 MB,error,2026-09-25T20:35:03.715284+00:00,,,,,,,,,,,,,,,,,,,,,,,,,,,,"File not found: crawled_files/rijksoverheid.nl/file-83.pdf (crawled 0.2 day(s) ago at 2026-09-25T20:35:03.715284+00:00). Possible causes: failed download, incomplete artifact transfer, or stale manifest entry from a previous run."
https://open.overheid.nl/documenten/00d59307-b024-43a8-9810-4cc20d541cdf/file,file-84.pdf,rijksoverheid.nl,open.overheid.nl,88070,86.0 KB,error,2026-09-25T20:35:03.717496+00:00,,,,,,,,,,,,,,,,,,,,,,,,,,,,"File not found: crawled_files/rijksoverheid.nl/file-84.pdf (crawled 0.2 day(s) ago at 2026-09-25T20:35:03.717496+00:00). Possible causes: failed download, incomplete artifact transfer, or stale manifest entry from a previous run."
https://open.overheid.nl/documenten/38d17713-f9c9-46b5-891f-a2b005258c2a/file,file-85.pdf,rijksoverheid.nl,open.overheid.nl,949852,927.6 KB,error,2026-09-25T20:35:03.721591+00:00,,,,,,,,,,,,,,,,,,,,,,,,,,,,"File not found: crawled_files/rijksoverheid.nl/file-85.pdf (crawled 0.2 day(s) ago at 2026-09-25T20:35:03.721591+00:00). Possible causes: failed download, incomplete artifact transfer, or stale manifest entry from a previous run."
https://open.overheid.nl/documenten/92348e83-becb-4988-bdfc-4312f5a288c0/file,file-86.pdf,rijksoverheid.nl,open.overheid.nl,1285189,1.2 MB,error,2026-09-25T20:35:03.728014+00:00,,,,,,,,,,,,,,,,,,,,,,,,,,,,"File not found: crawled_files/rijksoverheid.nl/file-86.pdf (crawled 0.2 day(s) ago at 2026-09-25T20:35:03.728014+00:00). Possible causes: failed download, incomplete artifact transfer, or stale manifest entry from a previous run."
https://open.overheid.nl/documenten/3796cee8-342a-4e73-a277-8bd2b5016c97/file,file-87.pdf,rijksoverheid.nl,open.overheid.nl,106453,104.0 KB,error,2026-09-25T20:35:03.731885+00:00,,,,,,,,,,,,,,,,,,,,,,,,,,,,"File not found: crawled_files/rijksoverheid.nl/file-87.pdf (crawled 0.2 day(s) ago at 2026-09-25T20:35:03.731885+00:00). Possible causes: failed download, incomplete artifact transfer, or stale manifest entry from a previous run."
https://open.overheid.nl/documenten/8bccaf10-c1d0-446d-8353-234c5de5d599/file,file-88.pdf,rijksoverheid.nl,open.overheid.nl,291665,284.8 KB,error,2026-09-25T20:35:03.735561+00:00,,,,,,,,,,,,,,,,,,,,,,,,,,,,"File not found: crawled_files/rijksoverheid.nl/file-88.pdf (crawled 0.2 day(s) ago at 2026-09-25T20:35:03.735561+00:00). Possible causes: failed download, incomplete artifact transfer, or stale manifest entry from a previous run."
https://open.overheid.nl/documenten/db013345-870a-4ed5-b77b-c72df8c77d50/file,file-89.pdf,rijksoverheid.nl,open.overheid.nl,238755,233.2 KB,error,2026-09-25T20:35:03.739210+00:00,,,,,,,,,,,,,,,,,,,,,,,,,,,,"File not found: crawled_files/rijksoverheid.nl/file-89.pdf (crawled 0.2 day(s) ago at 2026-09-25T20:35:03.739210+00:00). Possible causes: failed download, incomplete artifact transfer, or stale manifest entry from a previous run."
https://open.overheid.nl/documenten/bf3fb938-14fa-40bb-aa51-6f2d7af2e218/file,file-9.pdf,rijksoverheid.nl,open.overheid.nl,95091,92.9 KB,error,2026-09-25T20:35:03.743264+00:00,,,,,,,,,,,,,,,,,,,,,,,,,,,,"File not found: crawled_files/rijksoverheid.nl/file-9.pdf (crawled 0.2 day(s) ago at 2026-09-25T20:35:03.743264+00:00). Possible causes: failed download, incomplete artifact transfer, or stale manifest entry from a previous run."
https://open.overheid.nl/documenten/ronl-fef9bd72a5a87d6ebde2df9e9d0c32fe3cbf38d4/file,file-90.pdf,rijksoverheid.nl,open.overheid.nl,122988,120.1 KB,error,2026-09-25T20:35:03.747213+00:00,,,,,,,,,,,,,,,,,,,,,,,,,,,,"File not found: crawled_files/rijksoverheid.nl/file-90.pdf (crawled 0.2 day(s) ago at 2026-09-25T20:35:03.747213+00:00). Possible causes: failed download, incomplete artifact transfer, or stale manifest entry from a previous run."
https://open.overheid.nl/documenten/c27e889f-fd3c-481f-8598-3b51a72f1d0c/file,file-91.pdf,rijksoverheid.nl,open.overheid.nl,215949,210.9 KB,error,2026-09-25T20:35:03.751301+00:00,,,,,,,,,,,,,,,,,,,,,,,,,,,,"File not found: crawled_files/rijksoverheid.nl/file-91.pdf (crawled 0.2 day(s) ago at 2026-09-25T20:35:03.751301+00:00). Possible causes: failed download, incomplete artifact transfer, or stale manifest entry from a previous run."
https://open.overheid.nl/documenten/36f4c6f2-f4b6-4102-8397-a2abfa7a982e/file,file-92.pdf,rijksoverheid.nl,open.overheid.nl,406382,396.9 KB,error,2026-09-25T20:35:03.755597+00:00,,,,,,,,,,,,,,,,,,,,,,,,,,,,"File not found: crawled_files/rijksoverheid.nl/file-92.pdf (crawled 0.2 day(s) ago at 2026-09-25T20:35:03.755597+00:00). Possible causes: failed download, incomplete artifact transfer, or stale manifest entry from a previous run."
https://open.overheid.nl/documenten/ad59de2d-d83d-4842-9aa9-e2f0cc728766/file,file-93.pdf,rijksoverheid.nl,open.overheid.nl,83605,81.6 KB,error,2026-09-25T20:35:03.759067+00:00,,,,,,,,,,,,,,,,,,,,,,,,,,,,"File not found: crawled_files/rijksoverheid.nl/file-93.pdf (crawled 0.2 day(s) ago at 2026-09-25T20:35:03.759067+00:00). Possible causes: failed download, incomplete artifact transfer, or stale manifest entry from a previous run."
https://open.overheid.nl/documenten/ab591c36-d1fb-4f56-ba1d-017db7ba2a41/file,file-94.pdf,rijksoverheid.nl,open.overheid.nl,5408452,5.2 MB,error,2026-09-25T20:35:03.774613+00:00,,,,,,,,,,,,,,,,,,,,,,,,,,,,"File not found: crawled_files/rijksoverheid.nl/file-94.pdf (crawled 0.2 day(s) ago at 2026-09-25T20:35:03.774613+00:00). Possible causes: failed download, incomplete artifact transfer, or stale manifest entry from a previous run."
https://open.overheid.nl/documenten/53d4564b-543c-4eb2-bc5a-243d96272351/file,file-95.pdf,rijksoverheid.nl,open.overheid.nl,59844,58.4 KB,error,2026-09-25T20:35:03.778322+00:00,,,,,,,,,,,,,,,,,,,,,,,,,,,,"File not found: crawled_files/rijksoverheid.nl/file-95.pdf (crawled 0.2 day(s) ago at 2026-09-25T20:35:03.778322+00:00). Possible causes: failed download, incomplete artifact transfer, or stale manifest entry from a previous run."
https://open.overheid.nl/documenten/242830ad-f049-4df3-a699-ad0fd84b2c4f/file,file-96.pdf,rijksoverheid.nl,open.overheid.nl,322898,315.3 KB,error,2026-09-25T20:35:03.782290+00:00,,,,,,,,,,,,,,,,,,,,,,,,,,,,"File not found: crawled_files/rijksoverheid.nl/file-96.pdf (crawled 0.2 day(s) ago at 2026-09-25T20:35:03.782290+00:00). Possible causes: failed download, incomplete artifact transfer, or stale manifest entry from a previous run."
https://open.overheid.nl/documenten/d444c0d8-2310-403e-bda0-99bf60ef2dc6/file,file-97.pdf,rijksoverheid.nl,open.overheid.nl,300234,293.2 KB,error,2026-09-25T20:35:03.786068+00:00,,,,,,,,,,,,,,,,,,,,,,,,,,,,"File not found: crawled_files/rijksoverheid.nl/file-97.pdf (crawled 0.2 day(s) ago at 2026-09-25T20:35:03.786068+00:00). Possible causes: failed download, incomplete artifact transfer, or stale manifest entry from a previous run."
https://open.overheid.nl/documenten/0b7469ab-b9cf-4380-9fea-60f55efe4de1/file,file-98.pdf,rijksoverheid.nl,open.overheid.nl,466371,455.4 KB,error,2026-09-25T20:35:03.790032+00:00,,,,,,,,,,,,,,,,,,,,,,,,,,,,"File not found: crawled_files/rijksoverheid.nl/file-98.pdf (crawled 0.2 day(s) ago at 2026-09-25T20:35:03.790032+00:00). Possible causes: failed download, incomplete artifact transfer, or stale manifest entry from a previous run."
https://open.overheid.nl/documenten/9fe94c86-87c0-4ae7-b975-5b06a05d1358/file,file-99.pdf,rijksoverheid.nl,open.overheid.nl,48100,47.0 KB,error,2026-09-25T20:35:03.793283+00:00,,,,,,,,,,,,,,,,,,,,,,,,,,,,"File not found: crawled_files/rijksoverheid.nl/file-99.pdf (crawled 0.2 day(s) ago at 2026-09-25T20:35:03.793283+00:00). Possible causes: failed download, incomplete artifact transfer, or stale manifest entry from a previous run."
https://open.overheid.nl/documenten/6e4cf342-12e1-4fb6-8194-4686294068d0/file,file.pdf,rijksoverheid.nl,open.overheid.nl,252764,246.8 KB,error,2026-09-25T20:35:03.796742+00:00,,,,,,,,,,,,,,,,,,,,,,,,,,,,"File not found: crawled_files/rijksoverheid.nl/file.pdf (crawled 0.2 day(s) ago at 2026-09-25T20:35:03.796742+00:00). Possible causes: failed download, incomplete artifact transfer, or stale manifest entry from a previous run."
https://www.rijksoverheid.nl/site/binaries/site-content/collections/documents/2026/05/20/memorie-van-toelichting-slotwet-gemeentefonds-2025/gemeentefonds-toelichting-slotwet-2025.pdf,gemeentefonds-toelichting-slotwet-2025.pdf,rijksoverheid.nl,,1260856,1.2 MB,error,2026-09-25T20:35:03.802512+00:00,,,,,,,,,,,,,,,,,,,,,,,,,,,,"File not found: crawled_files/rijksoverheid.nl/gemeentefonds-toelichting-slotwet-2025.pdf (crawled 0.2 day(s) ago at 2026-09-25T20:35:03.802512+00:00). Possible causes: failed download, incomplete artifact transfer, or stale manifest entry from a previous run."
https://vng.nl/sites/default/files/2025-10/handreiking-de-wet-open-overheid-in-de-gemeentelijke-praktijk.pdf,handreiking-de-wet-open-overheid-in-de-gemeentelijke-praktijk.pdf,rijksoverheid.nl,vng.nl,1036664,1012.4 KB,error,2026-09-25T20:35:03.808299+00:00,,,,,,,,,,,,,,,,,,,,,,,,,,,,"File not found: crawled_files/rijksoverheid.nl/handreiking-de-wet-open-overheid-in-de-gemeentelijke-praktijk.pdf (crawled 0.2 day(s) ago at 2026-09-25T20:35:03.808299+00:00). Possible causes: failed download, incomplete artifact transfer, or stale manifest entry from a previous run."
https://www.rijksoverheid.nl/site/binaries/site-content/collections/documents/2025/05/21/buitenlandse-handel-en-ontwikkelingssamenwerking-2024/jaarverslag-buitenlandse-handel-en-ontwikkelingssamenwerking-2024.pdf,jaarverslag-buitenlandse-handel-en-ontwikkelingssamenwerking-2024.pdf,rijksoverheid.nl,,5415586,5.2 MB,error,2026-09-25T20:35:03.824260+00:00,,,,,,,,,,,,,,,,,,,,,,,,,,,,"File not found: crawled_files/rijksoverheid.nl/jaarverslag-buitenlandse-handel-en-ontwikkelingssamenwerking-2024.pdf (crawled 0.2 day(s) ago at 2026-09-25T20:35:03.824260+00:00). Possible causes: failed download, incomplete artifact transfer, or stale manifest entry from a previous run."
https://www.rijksoverheid.nl/site/binaries/site-content/collections/documents/2025/05/21/buitenlandse-zaken-2024/jaarverslag-buitenlandse-zaken-2024.pdf,jaarverslag-buitenlandse-zaken-2024.pdf,rijksoverheid.nl,,5774672,5.5 MB,error,2026-09-25T20:35:03.841999+00:00,,,,,,,,,,,,,,,,,,,,,,,,,,,,"File not found: crawled_files/rijksoverheid.nl/jaarverslag-buitenlandse-zaken-2024.pdf (crawled 0.2 day(s) ago at 2026-09-25T20:35:03.841999+00:00). Possible causes: failed download, incomplete artifact transfer, or stale manifest entry from a previous run."
https://www.rijksoverheid.nl/site/binaries/site-content/collections/documents/2026/05/20/buitenlandse-handel-en-ontwikkelingshulp-2025/jaarverslag-ministerie-van-buitenlandse-handel-en-ontwikkelingshulp-2025.pdf,jaarverslag-ministerie-van-buitenlandse-handel-en-ontwikkelingshulp-2025.pdf,rijksoverheid.nl,,5132702,4.9 MB,error,2026-09-25T20:35:03.858238+00:00,,,,,,,,,,,,,,,,,,,,,,,,,,,,"File not found: crawled_files/rijksoverheid.nl/jaarverslag-ministerie-van-buitenlandse-handel-en-ontwikkelingshulp-2025.pdf (crawled 0.2 day(s) ago at 2026-09-25T20:35:03.858238+00:00). Possible causes: failed download, incomplete artifact transfer, or stale manifest entry from a previous run."
https://www.rijksoverheid.nl/site/binaries/site-content/collections/documents/2026/05/20/volksgezondheid-welzijn-en-sport-2025/jaarverslag-ministerie-van-volksgezondheid-welzijn-en-sport-2025.pdf,jaarverslag-ministerie-van-volksgezondheid-welzijn-en-sport-2025.pdf,rijksoverheid.nl,,12653627,12.1 MB,error,2026-09-25T20:35:03.891640+00:00,,,,,,,,,,,,,,,,,,,,,,,,,,,,"File not found: crawled_files/rijksoverheid.nl/jaarverslag-ministerie-van-volksgezondheid-welzijn-en-sport-2025.pdf (crawled 0.2 day(s) ago at 2026-09-25T20:35:03.891640+00:00). Possible causes: failed download, incomplete artifact transfer, or stale manifest entry from a previous run."
https://www.rijksoverheid.nl/site/binaries/site-content/collections/documents/2026/05/20/klimaat-en-groene-groei-2025/klimaat-en-groene-groei-jaarverslag-2025.pdf,klimaat-en-groene-groei-jaarverslag-2025.pdf,rijksoverheid.nl,,6118529,5.8 MB,error,2026-09-25T20:35:03.910393+00:00,,,,,,,,,,,,,,,,,,,,,,,,,,,,"File not found: crawled_files/rijksoverheid.nl/klimaat-en-groene-groei-jaarverslag-2025.pdf (crawled 0.2 day(s) ago at 2026-09-25T20:35:03.910393+00:00). Possible causes: failed download, incomplete artifact transfer, or stale manifest entry from a previous run."
https://www.rijksoverheid.nl/site/binaries/site-content/collections/documents/2026/05/20/slotwet-ministerie-van-klimaat-en-groene-groei-2025/klimaat-en-groene-groei-slotwet-2025.pdf,klimaat-en-groene-groei-slotwet-2025.pdf,rijksoverheid.nl,,808929,790.0 KB,error,2026-09-25T20:35:03.917112+00:00,,,,,,,,,,,,,,,,,,,,,,,,,,,,"File not found: crawled_files/rijksoverheid.nl/klimaat-en-groene-groei-slotwet-2025.pdf (crawled 0.2 day(s) ago at 2026-09-25T20:35:03.917112+00:00). Possible causes: failed download, incomplete artifact transfer, or stale manifest entry from a previous run."
https://www.rijksoverheid.nl/site/binaries/site-content/collections/documents/2026/05/20/memorie-van-toelichting-slotwet-ministerie-van-klimaat-en-groene-groei-2025/klimaat-en-groene-groei-toelichting-slotwet-2025.pdf,klimaat-en-groene-groei-toelichting-slotwet-2025.pdf,rijksoverheid.nl,,612862,598.5 KB,error,2026-09-25T20:35:03.923230+00:00,,,,,,,,,,,,,,,,,,,,,,,,,,,,"File not found: crawled_files/rijksoverheid.nl/klimaat-en-groene-groei-toelichting-slotwet-2025.pdf (crawled 0.2 day(s) ago at 2026-09-25T20:35:03.923230+00:00). Possible causes: failed download, incomplete artifact transfer, or stale manifest entry from a previous run."
https://www.rijksoverheid.nl/site/binaries/site-content/collections/documents/2026/05/20/klimaatfonds-2025/klimaatfonds-jaarverslag-2025.pdf,klimaatfonds-jaarverslag-2025.pdf,rijksoverheid.nl,,4191123,4.0 MB,error,2026-09-25T20:35:03.937427+00:00,,,,,,,,,,,,,,,,,,,,,,,,,,,,"File not found: crawled_files/rijksoverheid.nl/klimaatfonds-jaarverslag-2025.pdf (crawled 0.2 day(s) ago at 2026-09-25T20:35:03.937427+00:00). Possible causes: failed download, incomplete artifact transfer, or stale manifest entry from a previous run."
https://www.rijksoverheid.nl/site/binaries/site-content/collections/documents/2026/05/20/slotwet-klimaatfonds-2025/klimaatfonds-slotwet-2025.pdf,klimaatfonds-slotwet-2025.pdf,rijksoverheid.nl,,737613,720.3 KB,error,2026-09-25T20:35:03.943824+00:00,,,,,,,,,,,,,,,,,,,,,,,,,,,,"File not found: crawled_files/rijksoverheid.nl/klimaatfonds-slotwet-2025.pdf (crawled 0.2 day(s) ago at 2026-09-25T20:35:03.943824+00:00). Possible causes: failed download, incomplete artifact transfer, or stale manifest entry from a previous run."
https://www.rijksoverheid.nl/site/binaries/site-content/collections/documents/2026/05/20/memorie-van-toelichting-slotwet-klimaatfonds-2025/klimaatfonds-toelichting-slotwet-2025.pdf,klimaatfonds-toelichting-slotwet-2025.pdf,rijksoverheid.nl,,561545,548.4 KB,error,2026-09-25T20:35:03.949380+00:00,,,,,,,,,,,,,,,,,,,,,,,,,,,,"File not found: crawled_files/rijksoverheid.nl/klimaatfonds-toelichting-slotwet-2025.pdf (crawled 0.2 day(s) ago at 2026-09-25T20:35:03.949380+00:00). Possible causes: failed download, incomplete artifact transfer, or stale manifest entry from a previous run."
https://zoek.officielebekendmakingen.nl/kst-1263980.pdf,kst-1263980.pdf,rijksoverheid.nl,zoek.officielebekendmakingen.nl,143861,140.5 KB,error,2026-09-25T20:35:03.954014+00:00,,,,,,,,,,,,,,,,,,,,,,,,,,,,"File not found: crawled_files/rijksoverheid.nl/kst-1263980.pdf (crawled 0.2 day(s) ago at 2026-09-25T20:35:03.954014+00:00). Possible causes: failed download, incomplete artifact transfer, or stale manifest entry from a previous run."
https://zoek.officielebekendmakingen.nl/kst-22112-4293.pdf,kst-22112-4293.pdf,rijksoverheid.nl,zoek.officielebekendmakingen.nl,43271,42.3 KB,error,2026-09-25T20:35:03.958150+00:00,,,,,,,,,,,,,,,,,,,,,,,,,,,,"File not found: crawled_files/rijksoverheid.nl/kst-22112-4293.pdf (crawled 0.2 day(s) ago at 2026-09-25T20:35:03.958150+00:00). Possible causes: failed download, incomplete artifact transfer, or stale manifest entry from a previous run."
https://www.rijksoverheid.nl/site/binaries/site-content/collections/documents/2023/02/03/bijlage-landelijk-crisisplan-olie/landelijk-crisisplan-olie.pdf,landelijk-crisisplan-olie.pdf,rijksoverheid.nl,,1192894,1.1 MB,error,2026-09-25T20:35:03.964688+00:00,,,,,,,,,,,,,,,,,,,,,,,,,,,,"File not found: crawled_files/rijksoverheid.nl/landelijk-crisisplan-olie.pdf (crawled 0.2 day(s) ago at 2026-09-25T20:35:03.964688+00:00). Possible causes: failed download, incomplete artifact transfer, or stale manifest entry from a previous run."
https://www.rijksoverheid.nl/site/binaries/site-content/collections/documents/2026/05/20/memorie-van-toelichting-slotwet-buitenlandse-handel-en-ontwikkelingshulp-2025/memorie-van-toelichting-slotwet-buitenlandse-handel-en-ontwikkelingshulp-2025.pdf,memorie-van-toelichting-slotwet-buitenlandse-handel-en-ontwikkelingshulp-2025.pdf,rijksoverheid.nl,,557064,544.0 KB,error,2026-09-25T20:35:03.969807+00:00,,,,,,,,,,,,,,,,,,,,,,,,,,,,"File not found: crawled_files/rijksoverheid.nl/memorie-van-toelichting-slotwet-buitenlandse-handel-en-ontwikkelingshulp-2025.pdf (crawled 0.2 day(s) ago at 2026-09-25T20:35:03.969807+00:00). Possible causes: failed download, incomplete artifact transfer, or stale manifest entry from a previous run."
https://www.rijksoverheid.nl/site/binaries/site-content/collections/documents/2025/05/21/memorie-van-toelichting-slotwet-buitenlandse-handel-en-ontwikkelingssamenwerking-2024/memorie-van-toelichting-slotwet-buitenlandse-handel-en-ontwikkelingssamenwerking-2024.pdf,memorie-van-toelichting-slotwet-buitenlandse-handel-en-ontwikkelingssamenwerking-2024.pdf,rijksoverheid.nl,,557324,544.3 KB,error,2026-09-25T20:35:03.974796+00:00,,,,,,,,,,,,,,,,,,,,,,,,,,,,"File not found: crawled_files/rijksoverheid.nl/memorie-van-toelichting-slotwet-buitenlandse-handel-en-ontwikkelingssamenwerking-2024.pdf (crawled 0.2 day(s) ago at 2026-09-25T20:35:03.974796+00:00). Possible causes: failed download, incomplete artifact transfer, or stale manifest entry from a previous run."
https://www.rijksoverheid.nl/site/binaries/site-content/collections/documents/2025/05/21/memorie-van-toelichting-slotwet-buitenlandse-zaken-2024/memorie-van-toelichting-slotwet-buitenlandse-zaken-2024.pdf,memorie-van-toelichting-slotwet-buitenlandse-zaken-2024.pdf,rijksoverheid.nl,,567929,554.6 KB,error,2026-09-25T20:35:03.979325+00:00,,,,,,,,,,,,,,,,,,,,,,,,,,,,"File not found: crawled_files/rijksoverheid.nl/memorie-van-toelichting-slotwet-buitenlandse-zaken-2024.pdf (crawled 0.2 day(s) ago at 2026-09-25T20:35:03.979325+00:00). Possible causes: failed download, incomplete artifact transfer, or stale manifest entry from a previous run."
https://www.rijksoverheid.nl/site/binaries/site-content/collections/documents/2026/05/20/memorie-van-toelichting-slotwet-ministerie-van-volksgezondheid-welzijn-en-sport-2025/memorie-van-toelichting-slotwet-ministerie-van-volksgezondheid-welzijn-en-sport-2025.pdf,memorie-van-toelichting-slotwet-ministerie-van-volksgezondheid-welzijn-en-sport-2025.pdf,rijksoverheid.nl,,614770,600.4 KB,error,2026-09-25T20:35:03.983801+00:00,,,,,,,,,,,,,,,,,,,,,,,,,,,,"File not found: crawled_files/rijksoverheid.nl/memorie-van-toelichting-slotwet-ministerie-van-volksgezondheid-welzijn-en-sport-2025.pdf (crawled 0.2 day(s) ago at 2026-09-25T20:35:03.983801+00:00). Possible causes: failed download, incomplete artifact transfer, or stale manifest entry from a previous run."
https://www.rijksoverheid.nl/site/binaries/site-content/collections/documents/2026/05/20/mobiliteitsfonds-2025/mobiliteitsfonds-jaarverslag-2025.pdf,mobiliteitsfonds-jaarverslag-2025.pdf,rijksoverheid.nl,,7511231,7.2 MB,error,2026-09-25T20:35:04.004147+00:00,,,,,,,,,,,,,,,,,,,,,,,,,,,,"File not found: crawled_files/rijksoverheid.nl/mobiliteitsfonds-jaarverslag-2025.pdf (crawled 0.2 day(s) ago at 2026-09-25T20:35:04.004147+00:00). Possible causes: failed download, incomplete artifact transfer, or stale manifest entry from a previous run."
https://www.rijksoverheid.nl/site/binaries/site-content/collections/documents/2026/05/20/slotwet-mobiliteitsfonds-2025/mobiliteitsfonds-slotwet-2025.pdf,mobiliteitsfonds-slotwet-2025.pdf,rijksoverheid.nl,,788199,769.7 KB,error,2026-09-25T20:35:04.010604+00:00,,,,,,,,,,,,,,,,,,,,,,,,,,,,"File not found: crawled_files/rijksoverheid.nl/mobiliteitsfonds-slotwet-2025.pdf (crawled 0.2 day(s) ago at 2026-09-25T20:35:04.010604+00:00). Possible causes: failed download, incomplete artifact transfer, or stale manifest entry from a previous run."
https://www.rijksoverheid.nl/site/binaries/site-content/collections/documents/2026/05/20/memorie-van-toelichting-slotwet-mobiliteitsfonds-2025/mobiliteitsfonds-toelichting-slotwet-2025.pdf,mobiliteitsfonds-toelichting-slotwet-2025.pdf,rijksoverheid.nl,,10722806,10.2 MB,error,2026-09-25T20:35:04.039454+00:00,,,,,,,,,,,,,,,,,,,,,,,,,,,,"File not found: crawled_files/rijksoverheid.nl/mobiliteitsfonds-toelichting-slotwet-2025.pdf (crawled 0.2 day(s) ago at 2026-09-25T20:35:04.039454+00:00). Possible causes: failed download, incomplete artifact transfer, or stale manifest entry from a previous run."
https://www.rijksoverheid.nl/site/binaries/site-content/collections/documents/2026/05/20/slotwet-nationaal-groeifonds-2025/nationaal-groeifonds-slotwet-2025.pdf,nationaal-groeifonds-slotwet-2025.pdf,rijksoverheid.nl,,646476,631.3 KB,error,2026-09-25T20:35:04.045756+00:00,,,,,,,,,,,,,,,,,,,,,,,,,,,,"File not found: crawled_files/rijksoverheid.nl/nationaal-groeifonds-slotwet-2025.pdf (crawled 0.2 day(s) ago at 2026-09-25T20:35:04.045756+00:00). Possible causes: failed download, incomplete artifact transfer, or stale manifest entry from a previous run."
https://www.rijksoverheid.nl/site/binaries/site-content/collections/documents/2026/05/20/memorie-van-toelichting-slotwet-nationaal-groeifonds-2025/nationaal-groeifonds-toelichting-slotwet-2025.pdf,nationaal-groeifonds-toelichting-slotwet-2025.pdf,rijksoverheid.nl,,546100,533.3 KB,error,2026-09-25T20:35:04.052087+00:00,,,,,,,,,,,,,,,,,,,,,,,,,,,,"File not found: crawled_files/rijksoverheid.nl/nationaal-groeifonds-toelichting-slotwet-2025.pdf (crawled 0.2 day(s) ago at 2026-09-25T20:35:04.052087+00:00). Possible causes: failed download, incomplete artifact transfer, or stale manifest entry from a previous run."
https://www.nijbegun.nl/wp-content/uploads/2025/05/nij-begun-op-weg-naar-erkenning-herstel-en-perspectief-2.pdf,nij-begun-op-weg-naar-erkenning-herstel-en-perspectief-2.pdf,rijksoverheid.nl,nijbegun.nl,3970399,3.8 MB,error,2026-09-25T20:35:04.065681+00:00,,,,,,,,,,,,,,,,,,,,,,,,,,,,"File not found: crawled_files/rijksoverheid.nl/nij-begun-op-weg-naar-erkenning-herstel-en-perspectief-2.pdf (crawled 0.2 day(s) ago at 2026-09-25T20:35:04.065681+00:00). Possible causes: failed download, incomplete artifact transfer, or stale manifest entry from a previous run."
https://www.divosa.nl/sites/default/files/2023-05/overgangsrecht-wi2013-wi2021-hoofdregel-en-uitzonderingen-szw.pdf,overgangsrecht-wi2013-wi2021-hoofdregel-en-uitzonderingen-szw.pdf,rijksoverheid.nl,divosa.nl,127743,124.7 KB,error,2026-09-25T20:35:04.070731+00:00,,,,,,,,,,,,,,,,,,,,,,,,,,,,"File not found: crawled_files/rijksoverheid.nl/overgangsrecht-wi2013-wi2021-hoofdregel-en-uitzonderingen-szw.pdf (crawled 0.2 day(s) ago at 2026-09-25T20:35:04.070731+00:00). Possible causes: failed download, incomplete artifact transfer, or stale manifest entry from a previous run."
https://www.stvda.nl/-/media/stvda/downloads/publicaties/2023/passende-stagevergoeding.pdf,passende-stagevergoeding.pdf,rijksoverheid.nl,stvda.nl,361113,352.6 KB,error,2026-09-25T20:35:04.075896+00:00,,,,,,,,,,,,,,,,,,,,,,,,,,,,"File not found: crawled_files/rijksoverheid.nl/passende-stagevergoeding.pdf (crawled 0.2 day(s) ago at 2026-09-25T20:35:04.075896+00:00). Possible causes: failed download, incomplete artifact transfer, or stale manifest entry from a previous run."
https://open.overheid.nl/documenten/ronl-archief-b42146b9-9123-4e85-bcdc-c78650ec857d/pdf,pdf-0.pdf,rijksoverheid.nl,open.overheid.nl,549816,536.9 KB,error,2026-09-25T20:35:04.081102+00:00,,,,,,,,,,,,,,,,,,,,,,,,,,,,"File not found: crawled_files/rijksoverheid.nl/pdf-0.pdf (crawled 0.2 day(s) ago at 2026-09-25T20:35:04.081102+00:00). Possible causes: failed download, incomplete artifact transfer, or stale manifest entry from a previous run."
https://open.overheid.nl/documenten/ronl-2cb745b6-191b-4796-8976-07122c945008/pdf,pdf-1.pdf,rijksoverheid.nl,open.overheid.nl,692449,676.2 KB,error,2026-09-25T20:35:04.086412+00:00,,,,,,,,,,,,,,,,,,,,,,,,,,,,"File not found: crawled_files/rijksoverheid.nl/pdf-1.pdf (crawled 0.2 day(s) ago at 2026-09-25T20:35:04.086412+00:00). Possible causes: failed download, incomplete artifact transfer, or stale manifest entry from a previous run."
https://open.overheid.nl/documenten/ronl-6611b5058e04fb2974150934fe407d6fc31df47c/pdf,pdf-10.pdf,rijksoverheid.nl,open.overheid.nl,17644814,16.8 MB,error,2026-09-25T20:35:04.130558+00:00,,,,,,,,,,,,,,,,,,,,,,,,,,,,"File not found: crawled_files/rijksoverheid.nl/pdf-10.pdf (crawled 0.2 day(s) ago at 2026-09-25T20:35:04.130558+00:00). Possible causes: failed download, incomplete artifact transfer, or stale manifest entry from a previous run."
https://open.overheid.nl/documenten/ronl-183ae947-06a8-4fc4-af8e-83dbbad6d232/pdf,pdf-100.pdf,rijksoverheid.nl,open.overheid.nl,162064,158.3 KB,error,2026-09-25T20:35:04.135819+00:00,,,,,,,,,,,,,,,,,,,,,,,,,,,,"File not found: crawled_files/rijksoverheid.nl/pdf-100.pdf (crawled 0.2 day(s) ago at 2026-09-25T20:35:04.135819+00:00). Possible causes: failed download, incomplete artifact transfer, or stale manifest entry from a previous run."
https://open.overheid.nl/documenten/ronl-cd6e7417-13c3-42ea-9922-aca6c8a79412/pdf,pdf-101.pdf,rijksoverheid.nl,open.overheid.nl,314634,307.3 KB,error,2026-09-25T20:35:04.139897+00:00,,,,,,,,,,,,,,,,,,,,,,,,,,,,"File not found: crawled_files/rijksoverheid.nl/pdf-101.pdf (crawled 0.2 day(s) ago at 2026-09-25T20:35:04.139897+00:00). Possible causes: failed download, incomplete artifact transfer, or stale manifest entry from a previous run."
https://open.overheid.nl/documenten/ronl-51631d1f-b085-44a8-b04e-df5013a3b7e3/pdf,pdf-102.pdf,rijksoverheid.nl,open.overheid.nl,4358096,4.2 MB,error,2026-09-25T20:35:04.152720+00:00,,,,,,,,,,,,,,,,,,,,,,,,,,,,"File not found: crawled_files/rijksoverheid.nl/pdf-102.pdf (crawled 0.2 day(s) ago at 2026-09-25T20:35:04.152720+00:00). Possible causes: failed download, incomplete artifact transfer, or stale manifest entry from a previous run."
https://open.overheid.nl/documenten/ronl-928e17508b5d95ff17443f61821cc8362238fae6/pdf,pdf-103.pdf,rijksoverheid.nl,open.overheid.nl,742432,725.0 KB,error,2026-09-25T20:35:04.158178+00:00,,,,,,,,,,,,,,,,,,,,,,,,,,,,"File not found: crawled_files/rijksoverheid.nl/pdf-103.pdf (crawled 0.2 day(s) ago at 2026-09-25T20:35:04.158178+00:00). Possible causes: failed download, incomplete artifact transfer, or stale manifest entry from a previous run."
https://open.overheid.nl/documenten/ronl-26780b5abe8f28418cb196aa5239b01289807f57/pdf,pdf-104.pdf,rijksoverheid.nl,open.overheid.nl,386537,377.5 KB,error,2026-09-25T20:35:04.162795+00:00,,,,,,,,,,,,,,,,,,,,,,,,,,,,"File not found: crawled_files/rijksoverheid.nl/pdf-104.pdf (crawled 0.0 day(s) ago at 2026-09-25T20:35:04.162795+00:00). Possible causes: failed download, incomplete artifact transfer, or stale manifest entry from a previous run."
https://open.overheid.nl/documenten/ronl-ace0f5bcc422e0475134416802ccb96ef842a4dc/pdf,pdf-105.pdf,rijksoverheid.nl,open.overheid.nl,3204731,3.1 MB,error,2026-09-25T20:35:04.173632+00:00,,,,,,,,,,,,,,,,,,,,,,,,,,,,"File not found: crawled_files/rijksoverheid.nl/pdf-105.pdf (crawled 0.0 day(s) ago at 2026-09-25T20:35:04.173632+00:00). Possible causes: failed download, incomplete artifact transfer, or stale manifest entry from a previous run."
https://open.overheid.nl/documenten/ronl-421e4935984822008b7a7bc798d6bc1bbf27f7e7/pdf,pdf-106.pdf,rijksoverheid.nl,open.overheid.nl,139875,136.6 KB,error,2026-09-25T20:35:04.178546+00:00,,,,,,,,,,,,,,,,,,,,,,,,,,,,"File not found: crawled_files/rijksoverheid.nl/pdf-106.pdf (crawled 0.0 day(s) ago at 2026-09-25T20:35:04.178546+00:00). Possible causes: failed download, incomplete artifact transfer, or stale manifest entry from a previous run."
https://open.overheid.nl/documenten/ronl-aca57b1302dec75c28bb1b57969d97979103befa/pdf,pdf-107.pdf,rijksoverheid.nl,open.overheid.nl,183111,178.8 KB,error,2026-09-25T20:35:04.183306+00:00,,,,,,,,,,,,,,,,,,,,,,,,,,,,"File not found: crawled_files/rijksoverheid.nl/pdf-107.pdf (crawled 0.0 day(s) ago at 2026-09-25T20:35:04.183306+00:00). Possible causes: failed download, incomplete artifact transfer, or stale manifest entry from a previous run."
https://open.overheid.nl/documenten/ronl-9124d05f5a99e69034c7ad2fb1e46aa6f8e9a900/pdf,pdf-108.pdf,rijksoverheid.nl,open.overheid.nl,106578,104.1 KB,error,2026-09-25T20:35:04.187064+00:00,,,,,,,,,,,,,,,,,,,,,,,,,,,,"File not found: crawled_files/rijksoverheid.nl/pdf-108.pdf (crawled 0.0 day(s) ago at 2026-09-25T20:35:04.187064+00:00). Possible causes: failed download, incomplete artifact transfer, or stale manifest entry from a previous run."
https://open.overheid.nl/documenten/ronl-7ff25f92b2ee199b8df8f0e0fa4247b8a60ab3e3/pdf,pdf-11.pdf,rijksoverheid.nl,open.overheid.nl,20142956,19.2 MB,error,2026-09-25T20:35:04.236254+00:00,,,,,,,,,,,,,,,,,,,,,,,,,,,,"File not found: crawled_files/rijksoverheid.nl/pdf-11.pdf (crawled 0.0 day(s) ago at 2026-09-25T20:35:04.236254+00:00). Possible causes: failed download, incomplete artifact transfer, or stale manifest entry from a previous run."
https://open.overheid.nl/documenten/ronl-a354c75e9bdceb057e00b2c39772220ad76b587f/pdf,pdf-12.pdf,rijksoverheid.nl,open.overheid.nl,16601995,15.8 MB,error,2026-09-25T20:35:04.279291+00:00,,,,,,,,,,,,,,,,,,,,,,,,,,,,"File not found: crawled_files/rijksoverheid.nl/pdf-12.pdf (crawled 0.0 day(s) ago at 2026-09-25T20:35:04.279291+00:00). Possible causes: failed download, incomplete artifact transfer, or stale manifest entry from a previous run."
https://open.overheid.nl/documenten/ronl-4b45648fd98c5118e0a4a72671eaa91ba2e94fc6/pdf,pdf-13.pdf,rijksoverheid.nl,open.overheid.nl,24541691,23.4 MB,error,2026-09-25T20:35:04.340481+00:00,,,,,,,,,,,,,,,,,,,,,,,,,,,,"File not found: crawled_files/rijksoverheid.nl/pdf-13.pdf (crawled 0.0 day(s) ago at 2026-09-25T20:35:04.340481+00:00). Possible causes: failed download, incomplete artifact transfer, or stale manifest entry from a previous run."
https://open.overheid.nl/documenten/ronl-49c846ea3c6a2dc0e5db2676b7e263b969930608/pdf,pdf-14.pdf,rijksoverheid.nl,open.overheid.nl,1011639,987.9 KB,error,2026-09-25T20:35:04.347909+00:00,,,,,,,,,,,,,,,,,,,,,,,,,,,,"File not found: crawled_files/rijksoverheid.nl/pdf-14.pdf (crawled 0.0 day(s) ago at 2026-09-25T20:35:04.347909+00:00). Possible causes: failed download, incomplete artifact transfer, or stale manifest entry from a previous run."
https://open.overheid.nl/documenten/ronl-207c34db2672536cd275fb41e0aeeea9978892d1/pdf,pdf-15.pdf,rijksoverheid.nl,open.overheid.nl,5456103,5.2 MB,error,2026-09-25T20:35:04.365554+00:00,,,,,,,,,,,,,,,,,,,,,,,,,,,,"File not found: crawled_files/rijksoverheid.nl/pdf-15.pdf (crawled 0.0 day(s) ago at 2026-09-25T20:35:04.365554+00:00). Possible causes: failed download, incomplete artifact transfer, or stale manifest entry from a previous run."
https://open.overheid.nl/documenten/dpc-22fcde0167572a2f8794938f3cade359779923b7/pdf,pdf-16.pdf,rijksoverheid.nl,open.overheid.nl,602447,588.3 KB,error,2026-09-25T20:35:04.372121+00:00,,,,,,,,,,,,,,,,,,,,,,,,,,,,"File not found: crawled_files/rijksoverheid.nl/pdf-16.pdf (crawled 0.0 day(s) ago at 2026-09-25T20:35:04.372121+00:00). Possible causes: failed download, incomplete artifact transfer, or stale manifest entry from a previous run."
https://open.overheid.nl/documenten/dpc-b57ffb73021da13471bf6f01dccb233935d13377/pdf,pdf-17.pdf,rijksoverheid.nl,open.overheid.nl,170153,166.2 KB,error,2026-09-25T20:35:04.377531+00:00,,,,,,,,,,,,,,,,,,,,,,,,,,,,"File not found: crawled_files/rijksoverheid.nl/pdf-17.pdf (crawled 0.0 day(s) ago at 2026-09-25T20:35:04.377531+00:00). Possible causes: failed download, incomplete artifact transfer, or stale manifest entry from a previous run."
https://open.overheid.nl/documenten/ronl-d5fd68fd-dd8e-4de3-9570-27a7cfb21871/pdf,pdf-18.pdf,rijksoverheid.nl,open.overheid.nl,164507,160.7 KB,error,2026-09-25T20:35:04.382982+00:00,,,,,,,,,,,,,,,,,,,,,,,,,,,,"File not found: crawled_files/rijksoverheid.nl/pdf-18.pdf (crawled 0.0 day(s) ago at 2026-09-25T20:35:04.382982+00:00). Possible causes: failed download, incomplete artifact transfer, or stale manifest entry from a previous run."
https://open.overheid.nl/documenten/dpc-5f02e2ca5387092cb32ea2eef15d583fb3f9360b/pdf,pdf-19.pdf,rijksoverheid.nl,open.overheid.nl,393932,384.7 KB,error,2026-09-25T20:35:04.388760+00:00,,,,,,,,,,,,,,,,,,,,,,,,,,,,"File not found: crawled_files/rijksoverheid.nl/pdf-19.pdf (crawled 0.0 day(s) ago at 2026-09-25T20:35:04.388760+00:00). Possible causes: failed download, incomplete artifact transfer, or stale manifest entry from a previous run."
https://open.overheid.nl/documenten/ronl-archief-07582729-44c3-40f7-8e08-65641324eee7/pdf,pdf-2.pdf,rijksoverheid.nl,open.overheid.nl,87297,85.3 KB,error,2026-09-25T20:35:04.393903+00:00,,,,,,,,,,,,,,,,,,,,,,,,,,,,"File not found: crawled_files/rijksoverheid.nl/pdf-2.pdf (crawled 0.0 day(s) ago at 2026-09-25T20:35:04.393903+00:00). Possible causes: failed download, incomplete artifact transfer, or stale manifest entry from a previous run."
https://open.overheid.nl/documenten/ronl-274460f28f3ac852c957212a344728279206ecdf/pdf,pdf-20.pdf,rijksoverheid.nl,open.overheid.nl,76878,75.1 KB,error,2026-09-25T20:35:04.398915+00:00,,,,,,,,,,,,,,,,,,,,,,,,,,,,"File not found: crawled_files/rijksoverheid.nl/pdf-20.pdf (crawled 0.0 day(s) ago at 2026-09-25T20:35:04.398915+00:00). Possible causes: failed download, incomplete artifact transfer, or stale manifest entry from a previous run."
https://open.overheid.nl/documenten/ronl-c97cca89a0c360bc012f5d6da3d54dd1844a6d33/pdf,pdf-21.pdf,rijksoverheid.nl,open.overheid.nl,641052,626.0 KB,error,2026-09-25T20:35:04.405092+00:00,,,,,,,,,,,,,,,,,,,,,,,,,,,,"File not found: crawled_files/rijksoverheid.nl/pdf-21.pdf (crawled 0.0 day(s) ago at 2026-09-25T20:35:04.405092+00:00). Possible causes: failed download, incomplete artifact transfer, or stale manifest entry from a previous run."
https://open.overheid.nl/documenten/ronl-7204a71a-a3ca-449b-bbde-5aa502c1d19e/pdf,pdf-22.pdf,rijksoverheid.nl,open.overheid.nl,5905188,5.6 MB,error,2026-09-25T20:35:04.423371+00:00,,,,,,,,,,,,,,,,,,,,,,,,,,,,"File not found: crawled_files/rijksoverheid.nl/pdf-22.pdf (crawled 0.0 day(s) ago at 2026-09-25T20:35:04.423371+00:00). Possible causes: failed download, incomplete artifact transfer, or stale manifest entry from a previous run."
https://open.overheid.nl/documenten/ronl-71e3b88faa6f65de1f3e1f584f5a213027f1232e/pdf,pdf-23.pdf,rijksoverheid.nl,open.overheid.nl,1352808,1.3 MB,error,2026-09-25T20:35:04.431491+00:00,,,,,,,,,,,,,,,,,,,,,,,,,,,,"File not found: crawled_files/rijksoverheid.nl/pdf-23.pdf (crawled 0.0 day(s) ago at 2026-09-25T20:35:04.431491+00:00). Possible causes: failed download, incomplete artifact transfer, or stale manifest entry from a previous run."
https://open.overheid.nl/documenten/ronl-d70d3a0c-e27c-4a2b-9639-c15d25ee9a44/pdf,pdf-24.pdf,rijksoverheid.nl,open.overheid.nl,5859245,5.6 MB,error,2026-09-25T20:35:04.449711+00:00,,,,,,,,,,,,,,,,,,,,,,,,,,,,"File not found: crawled_files/rijksoverheid.nl/pdf-24.pdf (crawled 0.0 day(s) ago at 2026-09-25T20:35:04.449711+00:00). Possible causes: failed download, incomplete artifact transfer, or stale manifest entry from a previous run."
https://open.overheid.nl/documenten/ronl-fb027b4854400f850f565df23b9612901d6f8b37/pdf,pdf-25.pdf,rijksoverheid.nl,open.overheid.nl,321230,313.7 KB,pending,2026-09-25T20:35:04.455582+00:00,,,,,,,,,,,,,,,,,,,,,,,,,,,,
https://open.overheid.nl/documenten/ronl-e538655b0c909dafe1a1e9566c072a9b19f43d83/pdf,pdf-26.pdf,rijksoverheid.nl,open.overheid.nl,178764,174.6 KB,pending,2026-09-25T20:35:04.460610+00:00,,,,,,,,,,,,,,,,,,,,,,,,,,,,
https://open.overheid.nl/documenten/dpc-49a3264b08803c08395111b58f648087cb6e21c2/pdf,pdf-27.pdf,rijksoverheid.nl,open.overheid.nl,188700,184.3 KB,pending,2026-09-25T20:35:04.465058+00:00,,,,,,,,,,,,,,,,,,,,,,,,,,,,
https://open.overheid.nl/documenten/ronl-3e60f5f87603a7aa7d2d2536040faa6ea695c1e6/pdf,pdf-28.pdf,rijksoverheid.nl,open.overheid.nl,12683055,12.1 MB,pending,2026-09-25T20:35:04.498382+00:00,,,,,,,,,,,,,,,,,,,,,,,,,,,,
https://open.overheid.nl/documenten/ronl-1dd9fcb2805df638d0567689adb86461eb2935e1/pdf,pdf-29.pdf,rijksoverheid.nl,open.overheid.nl,122845,120.0 KB,pending,2026-09-25T20:35:04.503759+00:00,,,,,,,,,,,,,,,,,,,,,,,,,,,,
https://open.overheid.nl/documenten/ronl-078cd037707d5a6045449d118efb550d9ab00e9e/pdf,pdf-3.pdf,rijksoverheid.nl,open.overheid.nl,304421,297.3 KB,pending,2026-09-25T20:35:04.509670+00:00,,,,,,,,,,,,,,,,,,,,,,,,,,,,
https://open.overheid.nl/documenten/dpc-704add7423578ef69358b97c7e40b0f5e8855b39/pdf,pdf-30.pdf,rijksoverheid.nl,open.overheid.nl,73870,72.1 KB,pending,2026-09-25T20:35:04.515137+00:00,,,,,,,,,,,,,,,,,,,,,,,,,,,,
https://open.overheid.nl/documenten/ronl-3fba810c581c243a285156a6047333ddfcdec144/pdf,pdf-31.pdf,rijksoverheid.nl,open.overheid.nl,603223,589.1 KB,pending,2026-09-25T20:35:04.521761+00:00,,,,,,,,,,,,,,,,,,,,,,,,,,,,
https://open.overheid.nl/documenten/dpc-030822cef1a4eee86bb591c36d34bda2de53d4ef/pdf,pdf-32.pdf,rijksoverheid.nl,open.overheid.nl,381370,372.4 KB,pending,2026-09-25T20:35:04.527461+00:00,,,,,,,,,,,,,,,,,,,,,,,,,,,,
https://open.overheid.nl/documenten/dpc-2ff9e4b45f086ad2a86cdfeca6df4998e8262e44/pdf,pdf-33.pdf,rijksoverheid.nl,open.overheid.nl,132103,129.0 KB,pending,2026-09-25T20:35:04.533220+00:00,,,,,,,,,,,,,,,,,,,,,,,,,,,,
https://open.overheid.nl/documenten/ronl-2729cf3d-c4e6-4113-8eca-18f0d877bbb6/pdf,pdf-34.pdf,rijksoverheid.nl,open.overheid.nl,915067,893.6 KB,pending,2026-09-25T20:35:04.540335+00:00,,,,,,,,,,,,,,,,,,,,,,,,,,,,
https://open.overheid.nl/documenten/dpc-cd338cbcc464ea2e237d5f544d5c214f8da75d5f/pdf,pdf-35.pdf,rijksoverheid.nl,open.overheid.nl,285168,278.5 KB,pending,2026-09-25T20:35:04.545661+00:00,,,,,,,,,,,,,,,,,,,,,,,,,,,,
https://open.overheid.nl/documenten/dpc-27d250afd7e184528dbef72344ff99f57c1acb06/pdf,pdf-36.pdf,rijksoverheid.nl,open.overheid.nl,251502,245.6 KB,pending,2026-09-25T20:35:04.550915+00:00,,,,,,,,,,,,,,,,,,,,,,,,,,,,
https://open.overheid.nl/documenten/ronl-eb2698a07917e8f24e7941bd74eaac7fa40761e0/pdf,pdf-37.pdf,rijksoverheid.nl,open.overheid.nl,69139,67.5 KB,pending,2026-09-25T20:35:04.556012+00:00,,,,,,,,,,,,,,,,,,,,,,,,,,,,
https://open.overheid.nl/documenten/ronl-df5c151e-bb2f-4548-b7af-5d187bd0d2cb/pdf,pdf-38.pdf,rijksoverheid.nl,open.overheid.nl,1239403,1.2 MB,pending,2026-09-25T20:35:04.563805+00:00,,,,,,,,,,,,,,,,,,,,,,,,,,,,
https://open.overheid.nl/documenten/ronl-96a102cc-cc7f-44d2-ae48-5a15ad15d338/pdf,pdf-39.pdf,rijksoverheid.nl,open.overheid.nl,342267,334.2 KB,pending,2026-09-25T20:35:04.569681+00:00,,,,,,,,,,,,,,,,,,,,,,,,,,,,
https://open.overheid.nl/documenten/ronl-9b3741d8fe69b69527a0f68a1697ece09d84e4c4/pdf,pdf-4.pdf,rijksoverheid.nl,open.overheid.nl,158856,155.1 KB,pending,2026-09-25T20:35:04.575226+00:00,,,,,,,,,,,,,,,,,,,,,,,,,,,,
https://open.overheid.nl/documenten/ronl-9a141543-e6f1-4fe0-8b4a-805bb4165faf/pdf,pdf-40.pdf,rijksoverheid.nl,open.overheid.nl,70715,69.1 KB,pending,2026-09-25T20:35:04.580491+00:00,,,,,,,,,,,,,,,,,,,,,,,,,,,,
https://open.overheid.nl/documenten/ronl-39191566-ad0a-4f95-aede-69af43c0dfc8/pdf,pdf-41.pdf,rijksoverheid.nl,open.overheid.nl,103998,101.6 KB,pending,2026-09-25T20:35:04.585682+00:00,,,,,,,,,,,,,,,,,,,,,,,,,,,,
https://open.overheid.nl/documenten/ronl-5706c5f3-38ca-4249-898e-629e1606594c/pdf,pdf-42.pdf,rijksoverheid.nl,open.overheid.nl,76720,74.9 KB,pending,2026-09-25T20:35:04.590830+00:00,,,,,,,,,,,,,,,,,,,,,,,,,,,,
https://open.overheid.nl/documenten/ronl-1c39d384-dd81-47a4-bd7f-f72b5f44982a/pdf,pdf-43.pdf,rijksoverheid.nl,open.overheid.nl,69580,67.9 KB,pending,2026-09-25T20:35:04.595995+00:00,,,,,,,,,,,,,,,,,,,,,,,,,,,,
https://open.overheid.nl/documenten/ronl-801c655a-bceb-47ea-b6f0-e2576cd98ad2/pdf,pdf-44.pdf,rijksoverheid.nl,open.overheid.nl,297493,290.5 KB,pending,2026-09-25T20:35:04.601744+00:00,,,,,,,,,,,,,,,,,,,,,,,,,,,,
https://open.overheid.nl/documenten/ronl-dfc454aa-609b-4da3-b11a-dc3f841f9c19/pdf,pdf-45.pdf,rijksoverheid.nl,open.overheid.nl,653431,638.1 KB,pending,2026-09-25T20:35:04.608379+00:00,,,,,,,,,,,,,,,,,,,,,,,,,,,,
https://open.overheid.nl/documenten/ronl-bab4558bc8b4c9da09d4a1dcf061e00f74d4081c/pdf,pdf-46.pdf,rijksoverheid.nl,open.overheid.nl,89963,87.9 KB,pending,2026-09-25T20:35:04.613465+00:00,,,,,,,,,,,,,,,,,,,,,,,,,,,,
https://open.overheid.nl/documenten/ronl-83f557161cdcc1369724509239ef6d3430020ff5/pdf,pdf-47.pdf,rijksoverheid.nl,open.overheid.nl,98869,96.6 KB,pending,2026-09-25T20:35:04.618634+00:00,,,,,,,,,,,,,,,,,,,,,,,,,,,,
https://open.overheid.nl/documenten/ronl-6b5d31a7-2b76-4e16-bff5-ae18877fd080/pdf,pdf-48.pdf,rijksoverheid.nl,open.overheid.nl,1379980,1.3 MB,pending,2026-09-25T20:35:04.626647+00:00,,,,,,,,,,,,,,,,,,,,,,,,,,,,
https://open.overheid.nl/documenten/ronl-fb65ad6f-e780-4ae5-ace4-707075c6362f/pdf,pdf-49.pdf,rijksoverheid.nl,open.overheid.nl,69038,67.4 KB,pending,2026-09-25T20:35:04.631907+00:00,,,,,,,,,,,,,,,,,,,,,,,,,,,,
https://open.overheid.nl/documenten/ronl-archief-a93bcb67-a423-4de7-954e-4c163ab6b957/pdf,pdf-5.pdf,rijksoverheid.nl,open.overheid.nl,327094,319.4 KB,pending,2026-09-25T20:35:04.637713+00:00,,,,,,,,,,,,,,,,,,,,,,,,,,,,
https://open.overheid.nl/documenten/ronl-5b06591c-a463-45b4-87f9-7dccb906dec7/pdf,pdf-50.pdf,rijksoverheid.nl,open.overheid.nl,311013,303.7 KB,pending,2026-09-25T20:35:04.643295+00:00,,,,,,,,,,,,,,,,,,,,,,,,,,,,
https://open.overheid.nl/documenten/ronl-c9499425-6cbd-4db2-9656-a05cc924689a/pdf,pdf-51.pdf,rijksoverheid.nl,open.overheid.nl,167862,163.9 KB,pending,2026-09-25T20:35:04.648491+00:00,,,,,,,,,,,,,,,,,,,,,,,,,,,,
https://open.overheid.nl/documenten/ronl-c3727341-0278-4271-8bca-b439449f7e58/pdf,pdf-52.pdf,rijksoverheid.nl,open.overheid.nl,195490,190.9 KB,pending,2026-09-25T20:35:04.653780+00:00,,,,,,,,,,,,,,,,,,,,,,,,,,,,
https://open.overheid.nl/documenten/ronl-9a812cd4ee2364fed5e14a14cfa7e08067b2d0d7/pdf,pdf-53.pdf,rijksoverheid.nl,open.overheid.nl,1369397,1.3 MB,pending,2026-09-25T20:35:04.661778+00:00,,,,,,,,,,,,,,,,,,,,,,,,,,,,
https://open.overheid.nl/documenten/dpc-9a9f6b051ff743f1b469040b00d8946351c6f009/pdf,pdf-54.pdf,rijksoverheid.nl,open.overheid.nl,13544328,12.9 MB,pending,2026-09-25T20:35:04.697808+00:00,,,,,,,,,,,,,,,,,,,,,,,,,,,,
https://open.overheid.nl/documenten/ronl-350bffb6-c281-427b-84fb-b04a3e982202/pdf,pdf-55.pdf,rijksoverheid.nl,open.overheid.nl,121576,118.7 KB,pending,2026-09-25T20:35:04.703138+00:00,,,,,,,,,,,,,,,,,,,,,,,,,,,,
https://open.overheid.nl/documenten/ronl-a5d9d4ce-670f-437a-918d-a678da909fa3/pdf,pdf-56.pdf,rijksoverheid.nl,open.overheid.nl,328221,320.5 KB,pending,2026-09-25T20:35:04.708794+00:00,,,,,,,,,,,,,,,,,,,,,,,,,,,,
https://open.overheid.nl/documenten/ronl-2a01426f9adbf17da049f3230635f0d995376f07/pdf,pdf-57.pdf,rijksoverheid.nl,open.overheid.nl,3338988,3.2 MB,pending,2026-09-25T20:35:04.721431+00:00,,,,,,,,,,,,,,,,,,,,,,,,,,,,
https://open.overheid.nl/documenten/dpc-1a996b3510614713857146532dd865833f6e2bb5/pdf,pdf-58.pdf,rijksoverheid.nl,open.overheid.nl,211501,206.5 KB,pending,2026-09-25T20:35:04.726713+00:00,,,,,,,,,,,,,,,,,,,,,,,,,,,,
https://open.overheid.nl/documenten/dpc-c3107aa46622d7186550dbd77d49177f9888479f/pdf,pdf-59.pdf,rijksoverheid.nl,open.overheid.nl,252108,246.2 KB,pending,2026-09-25T20:35:04.732001+00:00,,,,,,,,,,,,,,,,,,,,,,,,,,,,
https://open.overheid.nl/documenten/ronl-540c448aa0573b5d782d19b833e4da663f790300/pdf,pdf-6.pdf,rijksoverheid.nl,open.overheid.nl,1844512,1.8 MB,pending,2026-09-25T20:35:04.740605+00:00,,,,,,,,,,,,,,,,,,,,,,,,,,,,
https://open.overheid.nl/documenten/dpc-c7546042c4d3ce976c732a4c2cbb836247d4d1b7/pdf,pdf-60.pdf,rijksoverheid.nl,open.overheid.nl,122360,119.5 KB,pending,2026-09-25T20:35:04.745543+00:00,,,,,,,,,,,,,,,,,,,,,,,,,,,,
https://open.overheid.nl/documenten/dpc-518aeec762f87301cb6d025dae777eef806a74a8/pdf,pdf-61.pdf,rijksoverheid.nl,open.overheid.nl,98928,96.6 KB,pending,2026-09-25T20:35:04.750184+00:00,,,,,,,,,,,,,,,,,,,,,,,,,,,,
https://open.overheid.nl/documenten/ronl-4370ab0a9ba072e8b8f55b37d5662b4bd933286e/pdf,pdf-62.pdf,rijksoverheid.nl,open.overheid.nl,103481,101.1 KB,pending,2026-09-25T20:35:04.754477+00:00,,,,,,,,,,,,,,,,,,,,,,,,,,,,
https://open.overheid.nl/documenten/ronl-f750cef3-d89d-4f02-ba75-d1022d38db1e/pdf,pdf-63.pdf,rijksoverheid.nl,open.overheid.nl,381727,372.8 KB,pending,2026-09-25T20:35:04.759333+00:00,,,,,,,,,,,,,,,,,,,,,,,,,,,,
https://open.overheid.nl/documenten/ronl-cd1e2f3f-5010-40fa-8f57-a63d1a1e574f/pdf,pdf-64.pdf,rijksoverheid.nl,open.overheid.nl,381340,372.4 KB,pending,2026-09-25T20:35:04.764302+00:00,,,,,,,,,,,,,,,,,,,,,,,,,,,,
https://open.overheid.nl/documenten/ronl-78fc6af8-f7f4-47de-a60a-afb9939e087c/pdf,pdf-65.pdf,rijksoverheid.nl,open.overheid.nl,330187,322.4 KB,pending,2026-09-25T20:35:04.768965+00:00,,,,,,,,,,,,,,,,,,,,,,,,,,,,
https://open.overheid.nl/documenten/ronl-01a2e60b-b372-4c8c-b066-797656e8d161/pdf,pdf-66.pdf,rijksoverheid.nl,open.overheid.nl,166777,162.9 KB,pending,2026-09-25T20:35:04.773160+00:00,,,,,,,,,,,,,,,,,,,,,,,,,,,,
https://open.overheid.nl/documenten/ronl-76b83399-eefa-451b-8916-b44674b7de55/pdf,pdf-67.pdf,rijksoverheid.nl,open.overheid.nl,328505,320.8 KB,pending,2026-09-25T20:35:04.777502+00:00,,,,,,,,,,,,,,,,,,,,,,,,,,,,
https://open.overheid.nl/documenten/ronl-ac65e111-664c-4f69-b98a-40d0e72f6e76/pdf,pdf-68.pdf,rijksoverheid.nl,open.overheid.nl,324745,317.1 KB,pending,2026-09-25T20:35:04.781637+00:00,,,,,,,,,,,,,,,,,,,,,,,,,,,,
https://open.overheid.nl/documenten/ronl-933f51f8-c3e9-40f1-8fa9-f5bcf11a7c1b/pdf,pdf-69.pdf,rijksoverheid.nl,open.overheid.nl,326394,318.7 KB,pending,2026-09-25T20:35:04.785653+00:00,,,,,,,,,,,,,,,,,,,,,,,,,,,,
https://open.overheid.nl/documenten/ronl-a6d0d1160f369fd09e1a48b853b1c8b97f6f926e/pdf,pdf-7.pdf,rijksoverheid.nl,open.overheid.nl,5926089,5.7 MB,pending,2026-09-25T20:35:04.802565+00:00,,,,,,,,,,,,,,,,,,,,,,,,,,,,
https://open.overheid.nl/documenten/ronl-25b3fc9c-9f83-403f-84e6-0a160033314d/pdf,pdf-70.pdf,rijksoverheid.nl,open.overheid.nl,319447,312.0 KB,pending,2026-09-25T20:35:04.808025+00:00,,,,,,,,,,,,,,,,,,,,,,,,,,,,
https://open.overheid.nl/documenten/ronl-2332c5ba-23de-415d-a1d1-593d7441d4eb/pdf,pdf-71.pdf,rijksoverheid.nl,open.overheid.nl,327249,319.6 KB,pending,2026-09-25T20:35:04.813077+00:00,,,,,,,,,,,,,,,,,,,,,,,,,,,,
https://open.overheid.nl/documenten/ronl-a8ab92d7-4943-4584-b994-092499bbe044/pdf,pdf-72.pdf,rijksoverheid.nl,open.overheid.nl,361987,353.5 KB,pending,2026-09-25T20:35:04.818070+00:00,,,,,,,,,,,,,,,,,,,,,,,,,,,,
https://open.overheid.nl/documenten/ronl-e3b4aef8-1fbc-4974-8515-d472384c9373/pdf,pdf-73.pdf,rijksoverheid.nl,open.overheid.nl,393154,383.9 KB,pending,2026-09-25T20:35:04.822893+00:00,,,,,,,,,,,,,,,,,,,,,,,,,,,,
https://open.overheid.nl/documenten/ronl-6caacb64-71b5-4415-bdec-8c01ccc4ba6d/pdf,pdf-74.pdf,rijksoverheid.nl,open.overheid.nl,130077,127.0 KB,pending,2026-09-25T20:35:04.827219+00:00,,,,,,,,,,,,,,,,,,,,,,,,,,,,
https://open.overheid.nl/documenten/ronl-41da0eea-feec-4d73-be8a-325e65825fc2/pdf,pdf-75.pdf,rijksoverheid.nl,open.overheid.nl,125144,122.2 KB,pending,2026-09-25T20:35:04.832016+00:00,,,,,,,,,,,,,,,,,,,,,,,,,,,,
https://open.overheid.nl/documenten/ronl-655bfb78-e7fe-4657-a540-ed2de1a53c3c/pdf,pdf-76.pdf,rijksoverheid.nl,open.overheid.nl,126469,123.5 KB,pending,2026-09-25T20:35:04.836707+00:00,,,,,,,,,,,,,,,,,,,,,,,,,,,,
https://open.overheid.nl/documenten/ronl-3b3a6784-e7f3-4c3c-8aae-16fc837d6b41/pdf,pdf-77.pdf,rijksoverheid.nl,open.overheid.nl,836974,817.4 KB,pending,2026-09-25T20:35:04.842959+00:00,,,,,,,,,,,,,,,,,,,,,,,,,,,,
https://open.overheid.nl/documenten/ronl-bb833f7f-52c1-452a-9c9c-f51bb8d1516e/pdf,pdf-78.pdf,rijksoverheid.nl,open.overheid.nl,8192094,7.8 MB,pending,2026-09-25T20:35:04.865862+00:00,,,,,,,,,,,,,,,,,,,,,,,,,,,,
https://open.overheid.nl/documenten/ronl-2a460845-314a-4e28-9c31-9464408dcb23/pdf,pdf-79.pdf,rijksoverheid.nl,open.overheid.nl,3293521,3.1 MB,pending,2026-09-25T20:35:04.878253+00:00,,,,,,,,,,,,,,,,,,,,,,,,,,,,
https://open.overheid.nl/documenten/ronl-c86938ec12cc706a3ad7ffc38ea118e6079ed39b/pdf,pdf-8.pdf,rijksoverheid.nl,open.overheid.nl,11300640,10.8 MB,pending,2026-09-25T20:35:04.908957+00:00,,,,,,,,,,,,,,,,,,,,,,,,,,,,
https://open.overheid.nl/documenten/ronl-33cdebdf-3a87-46a4-8221-c9a16db25bf5/pdf,pdf-80.pdf,rijksoverheid.nl,open.overheid.nl,138079,134.8 KB,pending,2026-09-25T20:35:04.914319+00:00,,,,,,,,,,,,,,,,,,,,,,,,,,,,
https://open.overheid.nl/documenten/ronl-3dea32aa-65ff-48b8-bb2b-e7b829371770/pdf,pdf-81.pdf,rijksoverheid.nl,open.overheid.nl,3953175,3.8 MB,pending,2026-09-25T20:35:04.928220+00:00,,,,,,,,,,,,,,,,,,,,,,,,,,,,
https://open.overheid.nl/documenten/ronl-2239284f-194c-429f-89fa-3cd36913baef/pdf,pdf-82.pdf,rijksoverheid.nl,open.overheid.nl,13731782,13.1 MB,pending,2026-09-25T20:35:04.964603+00:00,,,,,,,,,,,,,,,,,,,,,,,,,,,,
https://open.overheid.nl/documenten/ronl-842919a9a34072f16267243ff0548a607e0540dd/pdf,pdf-83.pdf,rijksoverheid.nl,open.overheid.nl,3388497,3.2 MB,pending,2026-09-25T20:35:04.977296+00:00,,,,,,,,,,,,,,,,,,,,,,,,,,,,
https://open.overheid.nl/documenten/ronl-c5f89f1d-46bc-4274-8044-52ecca785f1c/pdf,pdf-84.pdf,rijksoverheid.nl,open.overheid.nl,21737640,20.7 MB,pending,2026-09-25T20:35:05.032009+00:00,,,,,,,,,,,,,,,,,,,,,,,,,,,,
https://open.overheid.nl/documenten/ronl-0dfdc636-6ae8-4e11-ab24-df42a6bd3bed/pdf,pdf-85.pdf,rijksoverheid.nl,open.overheid.nl,18058501,17.2 MB,pending,2026-09-25T20:35:05.078339+00:00,,,,,,,,,,,,,,,,,,,,,,,,,,,,
https://open.overheid.nl/documenten/ronl-a9b305b7-2502-4120-87bd-358dff62e23c/pdf,pdf-86.pdf,rijksoverheid.nl,open.overheid.nl,16888220,16.1 MB,pending,2026-09-25T20:35:05.121959+00:00,,,,,,,,,,,,,,,,,,,,,,,,,,,,
https://open.overheid.nl/documenten/ronl-cb6946dd2466a5fd6b56d24fd58a5dd00214b10e/pdf,pdf-87.pdf,rijksoverheid.nl,open.overheid.nl,2537359,2.4 MB,pending,2026-09-25T20:35:05.132749+00:00,,,,,,,,,,,,,,,,,,,,,,,,,,,,
https://open.overheid.nl/documenten/ronl-0213e987fb1009bcf5ab46af04700702cf3f7627/pdf,pdf-88.pdf,rijksoverheid.nl,open.overheid.nl,76102,74.3 KB,pending,2026-09-25T20:35:05.137737+00:00,,,,,,,,,,,,,,,,,,,,,,,,,,,,
https://open.overheid.nl/documenten/ronl-302bf94b-595b-4913-a937-d23655bebcd7/pdf,pdf-89.pdf,rijksoverheid.nl,open.overheid.nl,18549301,17.7 MB,pending,2026-09-25T20:35:05.184814+00:00,,,,,,,,,,,,,,,,,,,,,,,,,,,,
https://open.overheid.nl/documenten/ronl-b474bd8209ce54078d6817db783a992fd32fdabe/pdf,pdf-9.pdf,rijksoverheid.nl,open.overheid.nl,6357413,6.1 MB,pending,2026-09-25T20:35:05.204373+00:00,,,,,,,,,,,,,,,,,,,,,,,,,,,,
https://open.overheid.nl/documenten/ronl-5e83f5561470d1096ae58c42fab61b1579067b76/pdf,pdf-90.pdf,rijksoverheid.nl,open.overheid.nl,1112932,1.1 MB,pending,2026-09-25T20:35:05.211929+00:00,,,,,,,,,,,,,,,,,,,,,,,,,,,,
https://open.overheid.nl/documenten/ronl-e793b737-8f22-470d-b2d9-9cdbb57af4f3/pdf,pdf-91.pdf,rijksoverheid.nl,open.overheid.nl,19679000,18.8 MB,pending,2026-09-25T20:35:05.262036+00:00,,,,,,,,,,,,,,,,,,,,,,,,,,,,
https://open.overheid.nl/documenten/ronl-753dec39-f25a-438e-9ca0-a1fc09adbda8/pdf,pdf-92.pdf,rijksoverheid.nl,open.overheid.nl,17548090,16.7 MB,pending,2026-09-25T20:35:05.307446+00:00,,,,,,,,,,,,,,,,,,,,,,,,,,,,
https://open.overheid.nl/documenten/ronl-6a4e2092-df02-4b72-a349-fe5b61e294b3/pdf,pdf-93.pdf,rijksoverheid.nl,open.overheid.nl,22074018,21.1 MB,pending,2026-09-25T20:35:05.362793+00:00,,,,,,,,,,,,,,,,,,,,,,,,,,,,
https://open.overheid.nl/documenten/ronl-36373206-dbf4-43e8-ba35-b9e4051eb610/pdf,pdf-94.pdf,rijksoverheid.nl,open.overheid.nl,3038050,2.9 MB,pending,2026-09-25T20:35:05.374755+00:00,,,,,,,,,,,,,,,,,,,,,,,,,,,,
https://open.overheid.nl/documenten/ronl-101ca461-8813-4212-9860-44d24edba342/pdf,pdf-95.pdf,rijksoverheid.nl,open.overheid.nl,916959,895.5 KB,pending,2026-09-25T20:35:05.381828+00:00,,,,,,,,,,,,,,,,,,,,,,,,,,,,
https://open.overheid.nl/documenten/ronl-3c255ca0-1b49-40e6-9563-044f1fe0bda9/pdf,pdf-96.pdf,rijksoverheid.nl,open.overheid.nl,759405,741.6 KB,pending,2026-09-25T20:35:05.388046+00:00,,,,,,,,,,,,,,,,,,,,,,,,,,,,
https://open.overheid.nl/documenten/ronl-85d6a212-a5e1-41c4-9ab8-412441a05bda/pdf,pdf-97.pdf,rijksoverheid.nl,open.overheid.nl,1079153,1.0 MB,pending,2026-09-25T20:35:05.394611+00:00,,,,,,,,,,,,,,,,,,,,,,,,,,,,
https://open.overheid.nl/documenten/ronl-e900e9ed-c4be-41ca-991d-042dfe8cb21a/pdf,pdf-98.pdf,rijksoverheid.nl,open.overheid.nl,580270,566.7 KB,pending,2026-09-25T20:35:05.399841+00:00,,,,,,,,,,,,,,,,,,,,,,,,,,,,
https://open.overheid.nl/documenten/ronl-4c3dc0ca8850205db23fcc0bd37f967398c6916d/pdf,pdf-99.pdf,rijksoverheid.nl,open.overheid.nl,81274,79.4 KB,pending,2026-09-25T20:35:05.403530+00:00,,,,,,,,,,,,,,,,,,,,,,,,,,,,
https://open.overheid.nl/documenten/ronl-1588b31e18338fabc0d0c243fa3d954645a175de/pdf,pdf.pdf,rijksoverheid.nl,open.overheid.nl,517801,505.7 KB,pending,2026-09-25T20:35:05.407785+00:00,,,,,,,,,,,,,,,,,,,,,,,,,,,,
https://www.rijksoverheid.nl/site/binaries/site-content/collections/documents/2026/05/20/provinciefonds-2025/provinciefonds-jaarverslag-2025.pdf,provinciefonds-jaarverslag-2025.pdf,rijksoverheid.nl,,1092979,1.0 MB,pending,2026-09-25T20:35:05.413113+00:00,,,,,,,,,,,,,,,,,,,,,,,,,,,,
https://www.rijksoverheid.nl/site/binaries/site-content/collections/documents/2026/05/20/slotwet-provinciefonds-2025/provinciefonds-slotwet-2025.pdf,provinciefonds-slotwet-2025.pdf,rijksoverheid.nl,,603312,589.2 KB,pending,2026-09-25T20:35:05.417460+00:00,,,,,,,,,,,,,,,,,,,,,,,,,,,,
https://www.rijksoverheid.nl/site/binaries/site-content/collections/documents/2026/05/20/memorie-van-toelichting-slotwet-provinciefonds-2025/provinciefonds-toelichting-slotwet-2025.pdf,provinciefonds-toelichting-slotwet-2025.pdf,rijksoverheid.nl,,996937,973.6 KB,pending,2026-09-25T20:35:05.422731+00:00,,,,,,,,,,,,,,,,,,,,,,,,,,,,
https://www.rijksoverheid.nl/site/binaries/site-content/collections/documents/2022/02/25/campagne-effectonderzoek-tel-mee-met-taal/rapportage+Tel+mee+met+Taal.pdf,rapportage+Tel+mee+met+Taal.pdf,rijksoverheid.nl,,4130475,3.9 MB,pending,2026-09-25T20:35:05.436804+00:00,,,,,,,,,,,,,,,,,,,,,,,,,,,,
https://www.rijksoverheid.nl/site/binaries/site-content/collections/documents/2026/05/20/slotwet-buitenlandse-handel-en-ontwikkelingshulp-2025/slotwet-buitenlandse-handel-en-ontwikkelingshulp-2025.pdf,slotwet-buitenlandse-handel-en-ontwikkelingshulp-2025.pdf,rijksoverheid.nl,,765970,748.0 KB,pending,2026-09-25T20:35:05.443327+00:00,,,,,,,,,,,,,,,,,,,,,,,,,,,,
https://www.rijksoverheid.nl/site/binaries/site-content/collections/documents/2025/05/21/slotwet-buitenlandse-handel-en-ontwikkelingssamenwerking-2024/slotwet-buitenlandse-handel-en-ontwikkelingssamenwerking-2024.pdf,slotwet-buitenlandse-handel-en-ontwikkelingssamenwerking-2024.pdf,rijksoverheid.nl,,768273,750.3 KB,pending,2026-09-25T20:35:05.449353+00:00,,,,,,,,,,,,,,,,,,,,,,,,,,,,
https://www.rijksoverheid.nl/site/binaries/site-content/collections/documents/2025/05/21/slotwet-buitenlandse-zaken-2024/slotwet-buitenlandse-zaken-2024.pdf,slotwet-buitenlandse-zaken-2024.pdf,rijksoverheid.nl,,760307,742.5 KB,pending,2026-09-25T20:35:05.455038+00:00,,,,,,,,,,,,,,,,,,,,,,,,,,,,
https://www.rijksoverheid.nl/site/binaries/site-content/collections/documents/2026/05/20/slotwet-ministerie-van-volksgezondheid-welzijn-en-sport-2025/slotwet-ministerie-van-volksgezondheid-welzijn-en-sport-2025.pdf,slotwet-ministerie-van-volksgezondheid-welzijn-en-sport-2025.pdf,rijksoverheid.nl,,926767,905.0 KB,pending,2026-09-25T20:35:05.460753+00:00,,,,,,,,,,,,,,,,,,,,,,,,,,,,
https://www.rijksoverheid.nl/site/binaries/site-content/collections/documents/2017/03/16/brochure-verwijzingen-ggz/verwijsafspraken-ggz.pdf,verwijsafspraken-ggz.pdf,rijksoverheid.nl,,78136,76.3 KB,pending,2026-09-25T20:35:05.464475+00:00,,,,,,,,,,,,,,,,,,,,,,,,,,,,
https://www.rijksoverheid.nl/site/binaries/site-content/collections/documents/2026/05/20/volkshuisvesting-en-ruimtelijke-ordening-2025/volkshuisvesting-en-ruimtelijke-ordening-jaarverslag-2025.pdf,volkshuisvesting-en-ruimtelijke-ordening-jaarverslag-2025.pdf,rijksoverheid.nl,,7589825,7.2 MB,pending,2026-09-25T20:35:05.485170+00:00,,,,,,,,,,,,,,,,,,,,,,,,,,,,
https://www.rijksoverheid.nl/site/binaries/site-content/collections/documents/2026/05/20/slotwet-ministerie-van-volkshuisvesting-en-ruimtelijke-ordening-2025/volkshuisvesting-en-ruimtelijke-ordening-slotwet-2025.pdf,volkshuisvesting-en-ruimtelijke-ordening-slotwet-2025.pdf,rijksoverheid.nl,,882171,861.5 KB,pending,2026-09-25T20:35:05.492678+00:00,,,,,,,,,,,,,,,,,,,,,,,,,,,,
https://www.rijksoverheid.nl/site/binaries/site-content/collections/documents/2026/05/20/memorie-van-toelichting-slotwet-ministerie-van-volkshuisvesting-en-ruimtelijke-ordening-2025/volkshuisvesting-en-ruimtelijke-ordening-toelichting-slotwet-2025.pdf,volkshuisvesting-en-ruimtelijke-ordening-toelichting-slotwet-2025.pdf,rijksoverheid.nl,,582307,568.7 KB,pending,2026-09-25T20:35:05.498730+00:00,,,,,,,,,,,,,,,,,,,,,,,,,,,,
