url,filename,site,external_domain,file_size_bytes,file_size_human,status,crawled_at,published_date,doc_title,author,subject,keywords,description,accessible,totally_inaccessible,broken,tagged,empty_text,protected,title,language,bookmarks,tagged_content,forms,tagged_form_fields,tagged_annotations,figures_alt_text,headings,lists,tables,exempt,pages,words,images,errors
https://www.hud.gov/sites/documents/00-01ml.pdf,00-01ml.pdf,hud.gov,,,—,error,2026-03-12T16:57:39.038988+00:00,,,,,,,,,,,,,,,,,,,,,,,,,,,,Stale manifest entry: file not found after 2+ days (crawled_at: 2026-03-12T16:57:39.038988+00:00). The file was probably downloaded in a previous run whose crawled_files directory is no longer available.
https://www.hud.gov/sites/documents/00-08ml.pdf,00-08ml.pdf,hud.gov,,,—,error,2026-03-12T16:57:39.039764+00:00,,,,,,,,,,,,,,,,,,,,,,,,,,,,Stale manifest entry: file not found after 2+ days (crawled_at: 2026-03-12T16:57:39.039764+00:00). The file was probably downloaded in a previous run whose crawled_files directory is no longer available.
https://www.hud.gov/sites/documents/00-25ml.pdf,00-25ml.pdf,hud.gov,,,—,error,2026-03-12T16:57:39.040550+00:00,,,,,,,,,,,,,,,,,,,,,,,,,,,,Stale manifest entry: file not found after 2+ days (crawled_at: 2026-03-12T16:57:39.040550+00:00). The file was probably downloaded in a previous run whose crawled_files directory is no longer available.
https://www.hud.gov/sites/documents/00-27ml.pdf,00-27ml.pdf,hud.gov,,,—,error,2026-03-12T16:57:39.041314+00:00,,,,,,,,,,,,,,,,,,,,,,,,,,,,Stale manifest entry: file not found after 2+ days (crawled_at: 2026-03-12T16:57:39.041314+00:00). The file was probably downloaded in a previous run whose crawled_files directory is no longer available.
https://www.hud.gov/sites/documents/00-3att.pdf,00-3att.pdf,hud.gov,,,—,error,2026-03-12T16:57:39.042947+00:00,,,,,,,,,,,,,,,,,,,,,,,,,,,,Stale manifest entry: file not found after 2+ days (crawled_at: 2026-03-12T16:57:39.042947+00:00). The file was probably downloaded in a previous run whose crawled_files directory is no longer available.
https://www.hud.gov/sites/documents/01-27ml.pdf,01-27ml.pdf,hud.gov,,,—,error,2026-03-12T16:57:39.043618+00:00,,,,,,,,,,,,,,,,,,,,,,,,,,,,Stale manifest entry: file not found after 2+ days (crawled_at: 2026-03-12T16:57:39.043618+00:00). The file was probably downloaded in a previous run whose crawled_files directory is no longer available.
https://www.hud.gov/sites/documents/01-30appb.pdf,01-30appb.pdf,hud.gov,,,—,error,2026-03-12T16:57:39.044623+00:00,,,,,,,,,,,,,,,,,,,,,,,,,,,,Stale manifest entry: file not found after 2+ days (crawled_at: 2026-03-12T16:57:39.044623+00:00). The file was probably downloaded in a previous run whose crawled_files directory is no longer available.
https://www.hud.gov/sites/documents/04-29a.pdf,04-29a.pdf,hud.gov,,,—,error,2026-03-12T16:57:39.045353+00:00,,,,,,,,,,,,,,,,,,,,,,,,,,,,Stale manifest entry: file not found after 2+ days (crawled_at: 2026-03-12T16:57:39.045353+00:00). The file was probably downloaded in a previous run whose crawled_files directory is no longer available.
https://www.hud.gov/sites/documents/04-29ml.pdf,04-29ml.pdf,hud.gov,,,—,error,2026-03-12T16:57:39.046118+00:00,,,,,,,,,,,,,,,,,,,,,,,,,,,,Stale manifest entry: file not found after 2+ days (crawled_at: 2026-03-12T16:57:39.046118+00:00). The file was probably downloaded in a previous run whose crawled_files directory is no longer available.
https://www.hud.gov/sites/documents/05-19ml.pdf,05-19ml.pdf,hud.gov,,,—,error,2026-03-12T16:57:39.046888+00:00,,,,,,,,,,,,,,,,,,,,,,,,,,,,Stale manifest entry: file not found after 2+ days (crawled_at: 2026-03-12T16:57:39.046888+00:00). The file was probably downloaded in a previous run whose crawled_files directory is no longer available.
https://www.hud.gov/sites/documents/05-50ml.pdf,05-50ml.pdf,hud.gov,,,—,error,2026-03-12T16:57:39.047837+00:00,,,,,,,,,,,,,,,,,,,,,,,,,,,,Stale manifest entry: file not found after 2+ days (crawled_at: 2026-03-12T16:57:39.047837+00:00). The file was probably downloaded in a previous run whose crawled_files directory is no longer available.
https://www.hud.gov/sites/documents/06-04ml.pdf,06-04ml.pdf,hud.gov,,,—,error,2026-03-12T16:57:39.048641+00:00,,,,,,,,,,,,,,,,,,,,,,,,,,,,Stale manifest entry: file not found after 2+ days (crawled_at: 2026-03-12T16:57:39.048641+00:00). The file was probably downloaded in a previous run whose crawled_files directory is no longer available.
https://www.hud.gov/sites/dfiles/OCHCO/documents/07-06pihl.pdf,07-06pihl.pdf,hud.gov,,,—,error,2026-03-12T16:57:39.049524+00:00,,,,,,,,,,,,,,,,,,,,,,,,,,,,Stale manifest entry: file not found after 2+ days (crawled_at: 2026-03-12T16:57:39.049524+00:00). The file was probably downloaded in a previous run whose crawled_files directory is no longer available.
https://www.hud.gov/sites/documents/08-06hsgn.pdf,08-06hsgn.pdf,hud.gov,,,—,error,2026-03-12T16:57:39.051487+00:00,,,,,,,,,,,,,,,,,,,,,,,,,,,,Stale manifest entry: file not found after 2+ days (crawled_at: 2026-03-12T16:57:39.051487+00:00). The file was probably downloaded in a previous run whose crawled_files directory is no longer available.
https://www.hud.gov/sites/dfiles/OCHCO/documents/08-09hsgl.pdf,08-09hsgl.pdf,hud.gov,,,—,error,2026-03-12T16:57:39.052260+00:00,,,,,,,,,,,,,,,,,,,,,,,,,,,,Stale manifest entry: file not found after 2+ days (crawled_at: 2026-03-12T16:57:39.052260+00:00). The file was probably downloaded in a previous run whose crawled_files directory is no longer available.
https://www.hud.gov/sites/documents/08-15ml.pdf,08-15ml.pdf,hud.gov,,,—,error,2026-03-12T16:57:39.052976+00:00,,,,,,,,,,,,,,,,,,,,,,,,,,,,Stale manifest entry: file not found after 2+ days (crawled_at: 2026-03-12T16:57:39.052976+00:00). The file was probably downloaded in a previous run whose crawled_files directory is no longer available.
https://www.hud.gov/sites/documents/08-33ml.pdf,08-33ml.pdf,hud.gov,,,—,error,2026-03-12T16:57:39.053737+00:00,,,,,,,,,,,,,,,,,,,,,,,,,,,,Stale manifest entry: file not found after 2+ days (crawled_at: 2026-03-12T16:57:39.053737+00:00). The file was probably downloaded in a previous run whose crawled_files directory is no longer available.
https://www.hud.gov/sites/documents/08-40mlatch.pdf,08-40mlatch.pdf,hud.gov,,,—,error,2026-03-12T16:57:39.054343+00:00,,,,,,,,,,,,,,,,,,,,,,,,,,,,Stale manifest entry: file not found after 2+ days (crawled_at: 2026-03-12T16:57:39.054343+00:00). The file was probably downloaded in a previous run whose crawled_files directory is no longer available.
https://www.hud.gov/sites/documents/09-09ml.pdf,09-09ml.pdf,hud.gov,,,—,error,2026-03-12T16:57:39.054985+00:00,,,,,,,,,,,,,,,,,,,,,,,,,,,,Stale manifest entry: file not found after 2+ days (crawled_at: 2026-03-12T16:57:39.054985+00:00). The file was probably downloaded in a previous run whose crawled_files directory is no longer available.
https://www.hud.gov/sites/documents/09-16ml.pdf,09-16ml.pdf,hud.gov,,,—,error,2026-03-12T16:57:39.055637+00:00,,,,,,,,,,,,,,,,,,,,,,,,,,,,Stale manifest entry: file not found after 2+ days (crawled_at: 2026-03-12T16:57:39.055637+00:00). The file was probably downloaded in a previous run whose crawled_files directory is no longer available.
https://www.hud.gov/sites/documents/09-28ml.pdf,09-28ml.pdf,hud.gov,,,—,error,2026-03-12T16:57:39.056332+00:00,,,,,,,,,,,,,,,,,,,,,,,,,,,,Stale manifest entry: file not found after 2+ days (crawled_at: 2026-03-12T16:57:39.056332+00:00). The file was probably downloaded in a previous run whose crawled_files directory is no longer available.
https://www.hud.gov/sites/documents/09-46aml.pdf,09-46aml.pdf,hud.gov,,,—,error,2026-03-12T16:57:39.056980+00:00,,,,,,,,,,,,,,,,,,,,,,,,,,,,Stale manifest entry: file not found after 2+ days (crawled_at: 2026-03-12T16:57:39.056980+00:00). The file was probably downloaded in a previous run whose crawled_files directory is no longer available.
https://www.hud.gov/sites/documents/09-47ml.pdf,09-47ml.pdf,hud.gov,,,—,error,2026-03-12T16:57:39.057657+00:00,,,,,,,,,,,,,,,,,,,,,,,,,,,,Stale manifest entry: file not found after 2+ days (crawled_at: 2026-03-12T16:57:39.057657+00:00). The file was probably downloaded in a previous run whose crawled_files directory is no longer available.
https://www.hud.gov/sites/documents/09-48ml.pdf,09-48ml.pdf,hud.gov,,,—,error,2026-03-12T16:57:39.058312+00:00,,,,,,,,,,,,,,,,,,,,,,,,,,,,Stale manifest entry: file not found after 2+ days (crawled_at: 2026-03-12T16:57:39.058312+00:00). The file was probably downloaded in a previous run whose crawled_files directory is no longer available.
https://www.hud.gov/sites/documents/09-49ml.pdf,09-49ml.pdf,hud.gov,,,—,error,2026-03-12T16:57:39.058942+00:00,,,,,,,,,,,,,,,,,,,,,,,,,,,,Stale manifest entry: file not found after 2+ days (crawled_at: 2026-03-12T16:57:39.058942+00:00). The file was probably downloaded in a previous run whose crawled_files directory is no longer available.
https://www.hud.gov/sites/documents/09-50ml.pdf,09-50ml.pdf,hud.gov,,,—,error,2026-03-12T16:57:39.059666+00:00,,,,,,,,,,,,,,,,,,,,,,,,,,,,Stale manifest entry: file not found after 2+ days (crawled_at: 2026-03-12T16:57:39.059666+00:00). The file was probably downloaded in a previous run whose crawled_files directory is no longer available.
https://www.hud.gov/sites/documents/09-50mla1.pdf,09-50mla1.pdf,hud.gov,,,—,error,2026-03-12T16:57:39.060341+00:00,,,,,,,,,,,,,,,,,,,,,,,,,,,,Stale manifest entry: file not found after 2+ days (crawled_at: 2026-03-12T16:57:39.060341+00:00). The file was probably downloaded in a previous run whose crawled_files directory is no longer available.
https://www.hud.gov/sites/documents/09-50mla2.pdf,09-50mla2.pdf,hud.gov,,,—,error,2026-03-12T16:57:39.062052+00:00,,,,,,,,,,,,,,,,,,,,,,,,,,,,Stale manifest entry: file not found after 2+ days (crawled_at: 2026-03-12T16:57:39.062052+00:00). The file was probably downloaded in a previous run whose crawled_files directory is no longer available.
https://www.hud.gov/sites/documents/09-51ml.pdf,09-51ml.pdf,hud.gov,,,—,error,2026-03-12T16:57:39.062707+00:00,,,,,,,,,,,,,,,,,,,,,,,,,,,,Stale manifest entry: file not found after 2+ days (crawled_at: 2026-03-12T16:57:39.062707+00:00). The file was probably downloaded in a previous run whose crawled_files directory is no longer available.
https://www.hud.gov/sites/documents/09-52ml.pdf,09-52ml.pdf,hud.gov,,,—,error,2026-03-12T16:57:39.063407+00:00,,,,,,,,,,,,,,,,,,,,,,,,,,,,Stale manifest entry: file not found after 2+ days (crawled_at: 2026-03-12T16:57:39.063407+00:00). The file was probably downloaded in a previous run whose crawled_files directory is no longer available.
https://www.hud.gov/sites/documents/09-53ml.pdf,09-53ml.pdf,hud.gov,,,—,error,2026-03-12T16:57:39.064056+00:00,,,,,,,,,,,,,,,,,,,,,,,,,,,,Stale manifest entry: file not found after 2+ days (crawled_at: 2026-03-12T16:57:39.064056+00:00). The file was probably downloaded in a previous run whose crawled_files directory is no longer available.
https://www.hud.gov/sites/documents/10-02ml.pdf,10-02ml.pdf,hud.gov,,,—,error,2026-03-12T16:57:39.064699+00:00,,,,,,,,,,,,,,,,,,,,,,,,,,,,Stale manifest entry: file not found after 2+ days (crawled_at: 2026-03-12T16:57:39.064699+00:00). The file was probably downloaded in a previous run whose crawled_files directory is no longer available.
https://www.hud.gov/sites/documents/10-03ml.pdf,10-03ml.pdf,hud.gov,,,—,error,2026-03-12T16:57:39.065914+00:00,,,,,,,,,,,,,,,,,,,,,,,,,,,,Stale manifest entry: file not found after 2+ days (crawled_at: 2026-03-12T16:57:39.065914+00:00). The file was probably downloaded in a previous run whose crawled_files directory is no longer available.
https://www.hud.gov/sites/documents/10-04ml.pdf,10-04ml.pdf,hud.gov,,,—,error,2026-03-12T16:57:39.066670+00:00,,,,,,,,,,,,,,,,,,,,,,,,,,,,Stale manifest entry: file not found after 2+ days (crawled_at: 2026-03-12T16:57:39.066670+00:00). The file was probably downloaded in a previous run whose crawled_files directory is no longer available.
https://www.hud.gov/sites/documents/10-05ml.pdf,10-05ml.pdf,hud.gov,,,—,error,2026-03-12T16:57:39.067369+00:00,,,,,,,,,,,,,,,,,,,,,,,,,,,,Stale manifest entry: file not found after 2+ days (crawled_at: 2026-03-12T16:57:39.067369+00:00). The file was probably downloaded in a previous run whose crawled_files directory is no longer available.
https://www.hud.gov/sites/documents/10-07ml.pdf,10-07ml.pdf,hud.gov,,,—,error,2026-03-12T16:57:39.068012+00:00,,,,,,,,,,,,,,,,,,,,,,,,,,,,Stale manifest entry: file not found after 2+ days (crawled_at: 2026-03-12T16:57:39.068012+00:00). The file was probably downloaded in a previous run whose crawled_files directory is no longer available.
https://www.hud.gov/sites/documents/10-08ml.pdf,10-08ml.pdf,hud.gov,,,—,error,2026-03-12T16:57:39.068651+00:00,,,,,,,,,,,,,,,,,,,,,,,,,,,,Stale manifest entry: file not found after 2+ days (crawled_at: 2026-03-12T16:57:39.068651+00:00). The file was probably downloaded in a previous run whose crawled_files directory is no longer available.
https://www.hud.gov/sites/documents/10-09ml.pdf,10-09ml.pdf,hud.gov,,,—,error,2026-03-12T16:57:39.069393+00:00,,,,,,,,,,,,,,,,,,,,,,,,,,,,Stale manifest entry: file not found after 2+ days (crawled_at: 2026-03-12T16:57:39.069393+00:00). The file was probably downloaded in a previous run whose crawled_files directory is no longer available.
https://www.hud.gov/sites/documents/10-09mla.pdf,10-09mla.pdf,hud.gov,,,—,error,2026-03-12T16:57:39.070100+00:00,,,,,,,,,,,,,,,,,,,,,,,,,,,,Stale manifest entry: file not found after 2+ days (crawled_at: 2026-03-12T16:57:39.070100+00:00). The file was probably downloaded in a previous run whose crawled_files directory is no longer available.
https://www.hud.gov/sites/documents/10-11ml.pdf,10-11ml.pdf,hud.gov,,,—,error,2026-03-12T16:57:39.070729+00:00,,,,,,,,,,,,,,,,,,,,,,,,,,,,Stale manifest entry: file not found after 2+ days (crawled_at: 2026-03-12T16:57:39.070729+00:00). The file was probably downloaded in a previous run whose crawled_files directory is no longer available.
https://www.hud.gov/sites/documents/10-12ml.pdf,10-12ml.pdf,hud.gov,,,—,error,2026-03-12T16:57:39.071390+00:00,,,,,,,,,,,,,,,,,,,,,,,,,,,,Stale manifest entry: file not found after 2+ days (crawled_at: 2026-03-12T16:57:39.071390+00:00). The file was probably downloaded in a previous run whose crawled_files directory is no longer available.
https://www.hud.gov/sites/documents/10-13ml.pdf,10-13ml.pdf,hud.gov,,,—,error,2026-03-12T16:57:39.072041+00:00,,,,,,,,,,,,,,,,,,,,,,,,,,,,Stale manifest entry: file not found after 2+ days (crawled_at: 2026-03-12T16:57:39.072041+00:00). The file was probably downloaded in a previous run whose crawled_files directory is no longer available.
https://www.hud.gov/sites/documents/10-14ml.pdf,10-14ml.pdf,hud.gov,,,—,error,2026-03-12T16:57:39.072671+00:00,,,,,,,,,,,,,,,,,,,,,,,,,,,,Stale manifest entry: file not found after 2+ days (crawled_at: 2026-03-12T16:57:39.072671+00:00). The file was probably downloaded in a previous run whose crawled_files directory is no longer available.
https://www.hud.gov/sites/documents/10-15ml.pdf,10-15ml.pdf,hud.gov,,,—,error,2026-03-12T16:57:39.073329+00:00,,,,,,,,,,,,,,,,,,,,,,,,,,,,Stale manifest entry: file not found after 2+ days (crawled_at: 2026-03-12T16:57:39.073329+00:00). The file was probably downloaded in a previous run whose crawled_files directory is no longer available.
https://www.hud.gov/sites/documents/10-16ml.pdf,10-16ml.pdf,hud.gov,,,—,error,2026-03-12T16:57:39.073990+00:00,,,,,,,,,,,,,,,,,,,,,,,,,,,,Stale manifest entry: file not found after 2+ days (crawled_at: 2026-03-12T16:57:39.073990+00:00). The file was probably downloaded in a previous run whose crawled_files directory is no longer available.
https://www.hud.gov/sites/documents/10-17ml.pdf,10-17ml.pdf,hud.gov,,,—,error,2026-03-12T16:57:39.074618+00:00,,,,,,,,,,,,,,,,,,,,,,,,,,,,Stale manifest entry: file not found after 2+ days (crawled_at: 2026-03-12T16:57:39.074618+00:00). The file was probably downloaded in a previous run whose crawled_files directory is no longer available.
https://www.hud.gov/sites/documents/10-18ml.pdf,10-18ml.pdf,hud.gov,,,—,error,2026-03-12T16:57:39.075675+00:00,,,,,,,,,,,,,,,,,,,,,,,,,,,,Stale manifest entry: file not found after 2+ days (crawled_at: 2026-03-12T16:57:39.075675+00:00). The file was probably downloaded in a previous run whose crawled_files directory is no longer available.
https://www.hud.gov/sites/documents/10-19ml.pdf,10-19ml.pdf,hud.gov,,,—,error,2026-03-12T16:57:39.076322+00:00,,,,,,,,,,,,,,,,,,,,,,,,,,,,Stale manifest entry: file not found after 2+ days (crawled_at: 2026-03-12T16:57:39.076322+00:00). The file was probably downloaded in a previous run whose crawled_files directory is no longer available.
https://www.hud.gov/sites/documents/10-20hsgn.pdf,10-20hsgn.pdf,hud.gov,,,—,error,2026-03-12T16:57:39.076998+00:00,,,,,,,,,,,,,,,,,,,,,,,,,,,,Stale manifest entry: file not found after 2+ days (crawled_at: 2026-03-12T16:57:39.076998+00:00). The file was probably downloaded in a previous run whose crawled_files directory is no longer available.
https://www.hud.gov/sites/documents/10-20ml.pdf,10-20ml.pdf,hud.gov,,,—,error,2026-03-12T16:57:39.077720+00:00,,,,,,,,,,,,,,,,,,,,,,,,,,,,Stale manifest entry: file not found after 2+ days (crawled_at: 2026-03-12T16:57:39.077720+00:00). The file was probably downloaded in a previous run whose crawled_files directory is no longer available.
https://www.hud.gov/sites/documents/10-22hsgn1.pdf,10-22hsgn1.pdf,hud.gov,,,—,error,2026-03-12T16:57:39.078545+00:00,,,,,,,,,,,,,,,,,,,,,,,,,,,,Stale manifest entry: file not found after 2+ days (crawled_at: 2026-03-12T16:57:39.078545+00:00). The file was probably downloaded in a previous run whose crawled_files directory is no longer available.
https://www.hud.gov/sites/documents/10-22ml.pdf,10-22ml.pdf,hud.gov,,,—,error,2026-03-12T16:57:39.079337+00:00,,,,,,,,,,,,,,,,,,,,,,,,,,,,Stale manifest entry: file not found after 2+ days (crawled_at: 2026-03-12T16:57:39.079337+00:00). The file was probably downloaded in a previous run whose crawled_files directory is no longer available.
https://www.hud.gov/sites/documents/10-22mla.pdf,10-22mla.pdf,hud.gov,,,—,error,2026-03-12T16:57:39.079951+00:00,,,,,,,,,,,,,,,,,,,,,,,,,,,,Stale manifest entry: file not found after 2+ days (crawled_at: 2026-03-12T16:57:39.079951+00:00). The file was probably downloaded in a previous run whose crawled_files directory is no longer available.
https://www.hud.gov/sites/documents/10-23hsgn.pdf,10-23hsgn.pdf,hud.gov,,,—,error,2026-03-12T16:57:39.080551+00:00,,,,,,,,,,,,,,,,,,,,,,,,,,,,Stale manifest entry: file not found after 2+ days (crawled_at: 2026-03-12T16:57:39.080551+00:00). The file was probably downloaded in a previous run whose crawled_files directory is no longer available.
https://www.hud.gov/sites/documents/10-23ml.pdf,10-23ml.pdf,hud.gov,,,—,error,2026-03-12T16:57:39.081324+00:00,,,,,,,,,,,,,,,,,,,,,,,,,,,,Stale manifest entry: file not found after 2+ days (crawled_at: 2026-03-12T16:57:39.081324+00:00). The file was probably downloaded in a previous run whose crawled_files directory is no longer available.
https://www.hud.gov/sites/documents/10-24hsgn.pdf,10-24hsgn.pdf,hud.gov,,,—,error,2026-03-12T16:57:39.082007+00:00,,,,,,,,,,,,,,,,,,,,,,,,,,,,Stale manifest entry: file not found after 2+ days (crawled_at: 2026-03-12T16:57:39.082007+00:00). The file was probably downloaded in a previous run whose crawled_files directory is no longer available.
https://www.hud.gov/sites/documents/10-24hsgn1.pdf,10-24hsgn1.pdf,hud.gov,,,—,error,2026-03-12T16:57:39.082651+00:00,,,,,,,,,,,,,,,,,,,,,,,,,,,,Stale manifest entry: file not found after 2+ days (crawled_at: 2026-03-12T16:57:39.082651+00:00). The file was probably downloaded in a previous run whose crawled_files directory is no longer available.
https://www.hud.gov/sites/documents/10-24hsgn2.pdf,10-24hsgn2.pdf,hud.gov,,,—,error,2026-03-12T16:57:39.083316+00:00,,,,,,,,,,,,,,,,,,,,,,,,,,,,Stale manifest entry: file not found after 2+ days (crawled_at: 2026-03-12T16:57:39.083316+00:00). The file was probably downloaded in a previous run whose crawled_files directory is no longer available.
https://www.hud.gov/sites/documents/10-24hsgn3.pdf,10-24hsgn3.pdf,hud.gov,,,—,error,2026-03-12T16:57:39.083972+00:00,,,,,,,,,,,,,,,,,,,,,,,,,,,,Stale manifest entry: file not found after 2+ days (crawled_at: 2026-03-12T16:57:39.083972+00:00). The file was probably downloaded in a previous run whose crawled_files directory is no longer available.
https://www.hud.gov/sites/documents/10-24hsgn4.pdf,10-24hsgn4.pdf,hud.gov,,,—,error,2026-03-12T16:57:39.084750+00:00,,,,,,,,,,,,,,,,,,,,,,,,,,,,Stale manifest entry: file not found after 2+ days (crawled_at: 2026-03-12T16:57:39.084750+00:00). The file was probably downloaded in a previous run whose crawled_files directory is no longer available.
https://www.hud.gov/sites/documents/10-24ml.pdf,10-24ml.pdf,hud.gov,,,—,error,2026-03-12T16:57:39.085351+00:00,,,,,,,,,,,,,,,,,,,,,,,,,,,,Stale manifest entry: file not found after 2+ days (crawled_at: 2026-03-12T16:57:39.085351+00:00). The file was probably downloaded in a previous run whose crawled_files directory is no longer available.
https://www.hud.gov/sites/documents/10-29ml.pdf,10-29ml.pdf,hud.gov,,,—,error,2026-03-12T16:57:39.085990+00:00,,,,,,,,,,,,,,,,,,,,,,,,,,,,Stale manifest entry: file not found after 2+ days (crawled_at: 2026-03-12T16:57:39.085990+00:00). The file was probably downloaded in a previous run whose crawled_files directory is no longer available.
https://www.hud.gov/sites/documents/10-31ml.pdf,10-31ml.pdf,hud.gov,,,—,error,2026-03-12T16:57:39.086653+00:00,,,,,,,,,,,,,,,,,,,,,,,,,,,,Stale manifest entry: file not found after 2+ days (crawled_at: 2026-03-12T16:57:39.086653+00:00). The file was probably downloaded in a previous run whose crawled_files directory is no longer available.
https://www.hud.gov/sites/documents/10-33ml.pdf,10-33ml.pdf,hud.gov,,,—,error,2026-03-12T16:57:39.087509+00:00,,,,,,,,,,,,,,,,,,,,,,,,,,,,Stale manifest entry: file not found after 2+ days (crawled_at: 2026-03-12T16:57:39.087509+00:00). The file was probably downloaded in a previous run whose crawled_files directory is no longer available.
https://www.hud.gov/sites/documents/10-34ml.pdf,10-34ml.pdf,hud.gov,,,—,error,2026-03-12T16:57:39.088234+00:00,,,,,,,,,,,,,,,,,,,,,,,,,,,,Stale manifest entry: file not found after 2+ days (crawled_at: 2026-03-12T16:57:39.088234+00:00). The file was probably downloaded in a previous run whose crawled_files directory is no longer available.
https://www.hud.gov/sites/documents/10-35ml.pdf,10-35ml.pdf,hud.gov,,,—,error,2026-03-12T16:57:39.088899+00:00,,,,,,,,,,,,,,,,,,,,,,,,,,,,Stale manifest entry: file not found after 2+ days (crawled_at: 2026-03-12T16:57:39.088899+00:00). The file was probably downloaded in a previous run whose crawled_files directory is no longer available.
https://www.hud.gov/sites/documents/10-36ml.pdf,10-36ml.pdf,hud.gov,,,—,error,2026-03-12T16:57:39.089570+00:00,,,,,,,,,,,,,,,,,,,,,,,,,,,,Stale manifest entry: file not found after 2+ days (crawled_at: 2026-03-12T16:57:39.089570+00:00). The file was probably downloaded in a previous run whose crawled_files directory is no longer available.
https://www.hud.gov/sites/documents/10-37ml.pdf,10-37ml.pdf,hud.gov,,,—,error,2026-03-12T16:57:39.090736+00:00,,,,,,,,,,,,,,,,,,,,,,,,,,,,Stale manifest entry: file not found after 2+ days (crawled_at: 2026-03-12T16:57:39.090736+00:00). The file was probably downloaded in a previous run whose crawled_files directory is no longer available.
https://www.hud.gov/sites/documents/10-38ml.pdf,10-38ml.pdf,hud.gov,,,—,error,2026-03-12T16:57:39.091538+00:00,,,,,,,,,,,,,,,,,,,,,,,,,,,,Stale manifest entry: file not found after 2+ days (crawled_at: 2026-03-12T16:57:39.091538+00:00). The file was probably downloaded in a previous run whose crawled_files directory is no longer available.
https://www.hud.gov/sites/documents/10-39ml.pdf,10-39ml.pdf,hud.gov,,,—,error,2026-03-12T16:57:39.092239+00:00,,,,,,,,,,,,,,,,,,,,,,,,,,,,Stale manifest entry: file not found after 2+ days (crawled_at: 2026-03-12T16:57:39.092239+00:00). The file was probably downloaded in a previous run whose crawled_files directory is no longer available.
https://www.hud.gov/sites/documents/10-39mlatch.pdf,10-39mlatch.pdf,hud.gov,,,—,error,2026-03-12T16:57:39.093039+00:00,,,,,,,,,,,,,,,,,,,,,,,,,,,,Stale manifest entry: file not found after 2+ days (crawled_at: 2026-03-12T16:57:39.093039+00:00). The file was probably downloaded in a previous run whose crawled_files directory is no longer available.
https://www.hud.gov/sites/documents/10-40ml.pdf,10-40ml.pdf,hud.gov,,,—,error,2026-03-12T16:57:39.093652+00:00,,,,,,,,,,,,,,,,,,,,,,,,,,,,Stale manifest entry: file not found after 2+ days (crawled_at: 2026-03-12T16:57:39.093652+00:00). The file was probably downloaded in a previous run whose crawled_files directory is no longer available.
https://www.hud.gov/sites/documents/10-40mlatch1.pdf,10-40mlatch1.pdf,hud.gov,,,—,error,2026-03-12T16:57:39.094480+00:00,,,,,,,,,,,,,,,,,,,,,,,,,,,,Stale manifest entry: file not found after 2+ days (crawled_at: 2026-03-12T16:57:39.094480+00:00). The file was probably downloaded in a previous run whose crawled_files directory is no longer available.
https://www.hud.gov/sites/documents/10-40mlatch2.pdf,10-40mlatch2.pdf,hud.gov,,,—,error,2026-03-12T16:57:39.095228+00:00,,,,,,,,,,,,,,,,,,,,,,,,,,,,Stale manifest entry: file not found after 2+ days (crawled_at: 2026-03-12T16:57:39.095228+00:00). The file was probably downloaded in a previous run whose crawled_files directory is no longer available.
https://www.hud.gov/sites/documents/10-43ml.pdf,10-43ml.pdf,hud.gov,,,—,error,2026-03-12T16:57:39.095968+00:00,,,,,,,,,,,,,,,,,,,,,,,,,,,,Stale manifest entry: file not found after 2+ days (crawled_at: 2026-03-12T16:57:39.095968+00:00). The file was probably downloaded in a previous run whose crawled_files directory is no longer available.
https://www.hud.gov/sites/documents/10-43mlappendix.pdf,10-43mlappendix.pdf,hud.gov,,,—,error,2026-03-12T16:57:39.096740+00:00,,,,,,,,,,,,,,,,,,,,,,,,,,,,Stale manifest entry: file not found after 2+ days (crawled_at: 2026-03-12T16:57:39.096740+00:00). The file was probably downloaded in a previous run whose crawled_files directory is no longer available.
https://www.hud.gov/sites/documents/10602apphsgh.pdf,10602apphsgh.pdf,hud.gov,,,—,error,2026-03-12T16:57:39.097421+00:00,,,,,,,,,,,,,,,,,,,,,,,,,,,,Stale manifest entry: file not found after 2+ days (crawled_at: 2026-03-12T16:57:39.097421+00:00). The file was probably downloaded in a previous run whose crawled_files directory is no longer available.
https://www.hud.gov/sites/documents/10602c1hsgh.pdf,10602c1hsgh.pdf,hud.gov,,,—,error,2026-03-12T16:57:39.098074+00:00,,,,,,,,,,,,,,,,,,,,,,,,,,,,Stale manifest entry: file not found after 2+ days (crawled_at: 2026-03-12T16:57:39.098074+00:00). The file was probably downloaded in a previous run whose crawled_files directory is no longer available.
https://www.hud.gov/sites/documents/10602c2hsgh.pdf,10602c2hsgh.pdf,hud.gov,,,—,error,2026-03-12T16:57:39.098712+00:00,,,,,,,,,,,,,,,,,,,,,,,,,,,,Stale manifest entry: file not found after 2+ days (crawled_at: 2026-03-12T16:57:39.098712+00:00). The file was probably downloaded in a previous run whose crawled_files directory is no longer available.
https://www.hud.gov/sites/documents/10602c3hsgh.pdf,10602c3hsgh.pdf,hud.gov,,,—,error,2026-03-12T16:57:39.099428+00:00,,,,,,,,,,,,,,,,,,,,,,,,,,,,Stale manifest entry: file not found after 2+ days (crawled_at: 2026-03-12T16:57:39.099428+00:00). The file was probably downloaded in a previous run whose crawled_files directory is no longer available.
https://www.hud.gov/sites/documents/10602c4hsgh.pdf,10602c4hsgh.pdf,hud.gov,,,—,error,2026-03-12T16:57:39.100042+00:00,,,,,,,,,,,,,,,,,,,,,,,,,,,,Stale manifest entry: file not found after 2+ days (crawled_at: 2026-03-12T16:57:39.100042+00:00). The file was probably downloaded in a previous run whose crawled_files directory is no longer available.
https://www.hud.gov/sites/documents/10602c5hsgh.pdf,10602c5hsgh.pdf,hud.gov,,,—,error,2026-03-12T16:57:39.100636+00:00,,,,,,,,,,,,,,,,,,,,,,,,,,,,Stale manifest entry: file not found after 2+ days (crawled_at: 2026-03-12T16:57:39.100636+00:00). The file was probably downloaded in a previous run whose crawled_files directory is no longer available.
https://www.hud.gov/sites/documents/10602c6hsgh.pdf,10602c6hsgh.pdf,hud.gov,,,—,error,2026-03-12T16:57:39.101276+00:00,,,,,,,,,,,,,,,,,,,,,,,,,,,,Stale manifest entry: file not found after 2+ days (crawled_at: 2026-03-12T16:57:39.101276+00:00). The file was probably downloaded in a previous run whose crawled_files directory is no longer available.
https://www.hud.gov/sites/documents/10602c7hsgh.pdf,10602c7hsgh.pdf,hud.gov,,,—,error,2026-03-12T16:57:39.101860+00:00,,,,,,,,,,,,,,,,,,,,,,,,,,,,Stale manifest entry: file not found after 2+ days (crawled_at: 2026-03-12T16:57:39.101860+00:00). The file was probably downloaded in a previous run whose crawled_files directory is no longer available.
https://www.hud.gov/sites/documents/10602c8hsgh.pdf,10602c8hsgh.pdf,hud.gov,,,—,pending,2026-03-12T16:57:39.102500+00:00,,,,,,,,,,,,,,,,,,,,,,,,,,,,
https://www.hud.gov/sites/documents/10602hsgh.pdf,10602hsgh.pdf,hud.gov,,,—,pending,2026-03-12T16:57:39.103632+00:00,,,,,,,,,,,,,,,,,,,,,,,,,,,,
https://www.hud.gov/sites/documents/10602tochsgh.pdf,10602tochsgh.pdf,hud.gov,,,—,pending,2026-03-12T16:57:39.104235+00:00,,,,,,,,,,,,,,,,,,,,,,,,,,,,
https://www.hud.gov/sites/documents/10602trnhsgh.pdf,10602trnhsgh.pdf,hud.gov,,,—,pending,2026-03-12T16:57:39.104824+00:00,,,,,,,,,,,,,,,,,,,,,,,,,,,,
https://www.hud.gov/sites/dfiles/PIH/documents/10_Steps_Bringing_Homeownership.pdf,10_Steps_Bringing_Homeownership.pdf,hud.gov,,267945,261.7 KB,pending,2026-03-12T16:57:39.105822+00:00,,,,,,,,,,,,,,,,,,,,,,,,,,,,
https://www.hud.gov/sites/documents/11-01ml.pdf,11-01ml.pdf,hud.gov,,,—,pending,2026-03-12T16:57:39.106570+00:00,,,,,,,,,,,,,,,,,,,,,,,,,,,,
https://www.hud.gov/sites/documents/11-02ml.pdf,11-02ml.pdf,hud.gov,,,—,pending,2026-03-12T16:57:39.107383+00:00,,,,,,,,,,,,,,,,,,,,,,,,,,,,
https://www.hud.gov/sites/documents/11-03ml.pdf,11-03ml.pdf,hud.gov,,,—,pending,2026-03-12T16:57:39.108105+00:00,,,,,,,,,,,,,,,,,,,,,,,,,,,,
https://www.hud.gov/sites/documents/11-04ml.pdf,11-04ml.pdf,hud.gov,,,—,pending,2026-03-12T16:57:39.108825+00:00,,,,,,,,,,,,,,,,,,,,,,,,,,,,
https://www.hud.gov/sites/documents/11-05ml.pdf,11-05ml.pdf,hud.gov,,,—,pending,2026-03-12T16:57:39.109565+00:00,,,,,,,,,,,,,,,,,,,,,,,,,,,,
https://www.hud.gov/sites/documents/11-06ml.pdf,11-06ml.pdf,hud.gov,,,—,pending,2026-03-12T16:57:39.110224+00:00,,,,,,,,,,,,,,,,,,,,,,,,,,,,
https://www.hud.gov/sites/documents/11-07ml.pdf,11-07ml.pdf,hud.gov,,,—,pending,2026-03-12T16:57:39.110820+00:00,,,,,,,,,,,,,,,,,,,,,,,,,,,,
https://www.hud.gov/sites/documents/11-08ml.pdf,11-08ml.pdf,hud.gov,,,—,pending,2026-03-12T16:57:39.111471+00:00,,,,,,,,,,,,,,,,,,,,,,,,,,,,
https://www.hud.gov/sites/documents/11-09ml.pdf,11-09ml.pdf,hud.gov,,,—,pending,2026-03-12T16:57:39.112191+00:00,,,,,,,,,,,,,,,,,,,,,,,,,,,,
https://www.hud.gov/sites/documents/11-11ml.pdf,11-11ml.pdf,hud.gov,,,—,pending,2026-03-12T16:57:39.112824+00:00,,,,,,,,,,,,,,,,,,,,,,,,,,,,
https://www.hud.gov/sites/documents/11-12ml.pdf,11-12ml.pdf,hud.gov,,,—,pending,2026-03-12T16:57:39.113611+00:00,,,,,,,,,,,,,,,,,,,,,,,,,,,,
https://www.hud.gov/sites/documents/11-13hsgn.pdf,11-13hsgn.pdf,hud.gov,,,—,pending,2026-03-12T16:57:39.114297+00:00,,,,,,,,,,,,,,,,,,,,,,,,,,,,
https://www.hud.gov/sites/documents/11-15hsgn.pdf,11-15hsgn.pdf,hud.gov,,,—,pending,2026-03-12T16:57:39.114946+00:00,,,,,,,,,,,,,,,,,,,,,,,,,,,,
https://www.hud.gov/sites/documents/11-16hsgn.pdf,11-16hsgn.pdf,hud.gov,,,—,pending,2026-03-12T16:57:39.115728+00:00,,,,,,,,,,,,,,,,,,,,,,,,,,,,
https://www.hud.gov/sites/documents/11-16ml.pdf,11-16ml.pdf,hud.gov,,,—,pending,2026-03-12T16:57:39.116435+00:00,,,,,,,,,,,,,,,,,,,,,,,,,,,,
https://www.hud.gov/sites/documents/11-17ml.pdf,11-17ml.pdf,hud.gov,,,—,pending,2026-03-12T16:57:39.117446+00:00,,,,,,,,,,,,,,,,,,,,,,,,,,,,
https://www.hud.gov/sites/documents/11-18hsgn.pdf,11-18hsgn.pdf,hud.gov,,,—,pending,2026-03-12T16:57:39.118911+00:00,,,,,,,,,,,,,,,,,,,,,,,,,,,,
https://www.hud.gov/sites/documents/11-18ml.pdf,11-18ml.pdf,hud.gov,,,—,pending,2026-03-12T16:57:39.119519+00:00,,,,,,,,,,,,,,,,,,,,,,,,,,,,
https://www.hud.gov/sites/documents/11-19hsgn.pdf,11-19hsgn.pdf,hud.gov,,,—,pending,2026-03-12T16:57:39.120271+00:00,,,,,,,,,,,,,,,,,,,,,,,,,,,,
https://www.hud.gov/sites/documents/11-19ml.pdf,11-19ml.pdf,hud.gov,,,—,pending,2026-03-12T16:57:39.120877+00:00,,,,,,,,,,,,,,,,,,,,,,,,,,,,
https://www.hud.gov/sites/documents/11-20ml.pdf,11-20ml.pdf,hud.gov,,,—,pending,2026-03-12T16:57:39.121535+00:00,,,,,,,,,,,,,,,,,,,,,,,,,,,,
https://www.hud.gov/sites/documents/11-23ml.pdf,11-23ml.pdf,hud.gov,,,—,pending,2026-03-12T16:57:39.122231+00:00,,,,,,,,,,,,,,,,,,,,,,,,,,,,
https://www.hud.gov/sites/documents/11-24ml.pdf,11-24ml.pdf,hud.gov,,,—,pending,2026-03-12T16:57:39.122908+00:00,,,,,,,,,,,,,,,,,,,,,,,,,,,,
https://www.hud.gov/sites/documents/11-25ml.pdf,11-25ml.pdf,hud.gov,,,—,pending,2026-03-12T16:57:39.123586+00:00,,,,,,,,,,,,,,,,,,,,,,,,,,,,
https://www.hud.gov/sites/documents/11-26ml.pdf,11-26ml.pdf,hud.gov,,,—,pending,2026-03-12T16:57:39.124256+00:00,,,,,,,,,,,,,,,,,,,,,,,,,,,,
https://www.hud.gov/sites/documents/11-28hsgn.pdf,11-28hsgn.pdf,hud.gov,,,—,pending,2026-03-12T16:57:39.124958+00:00,,,,,,,,,,,,,,,,,,,,,,,,,,,,
https://www.hud.gov/sites/documents/11-28ml.pdf,11-28ml.pdf,hud.gov,,,—,pending,2026-03-12T16:57:39.125691+00:00,,,,,,,,,,,,,,,,,,,,,,,,,,,,
https://www.hud.gov/sites/documents/11-29ml.pdf,11-29ml.pdf,hud.gov,,,—,pending,2026-03-12T16:57:39.126512+00:00,,,,,,,,,,,,,,,,,,,,,,,,,,,,
https://www.hud.gov/sites/documents/11-29mlatch1.pdf,11-29mlatch1.pdf,hud.gov,,,—,pending,2026-03-12T16:57:39.127227+00:00,,,,,,,,,,,,,,,,,,,,,,,,,,,,
https://www.hud.gov/sites/documents/11-29mlatch2.pdf,11-29mlatch2.pdf,hud.gov,,,—,pending,2026-03-12T16:57:39.128003+00:00,,,,,,,,,,,,,,,,,,,,,,,,,,,,
https://www.hud.gov/sites/documents/11-30ml.pdf,11-30ml.pdf,hud.gov,,,—,pending,2026-03-12T16:57:39.128682+00:00,,,,,,,,,,,,,,,,,,,,,,,,,,,,
https://www.hud.gov/sites/documents/11-31ml.pdf,11-31ml.pdf,hud.gov,,,—,pending,2026-03-12T16:57:39.129358+00:00,,,,,,,,,,,,,,,,,,,,,,,,,,,,
https://www.hud.gov/sites/documents/11-33hsgn.pdf,11-33hsgn.pdf,hud.gov,,,—,pending,2026-03-12T16:57:39.130021+00:00,,,,,,,,,,,,,,,,,,,,,,,,,,,,
https://www.hud.gov/sites/documents/11-33ml.pdf,11-33ml.pdf,hud.gov,,,—,pending,2026-03-12T16:57:39.130629+00:00,,,,,,,,,,,,,,,,,,,,,,,,,,,,
https://www.hud.gov/sites/documents/11-34ml.pdf,11-34ml.pdf,hud.gov,,,—,pending,2026-03-12T16:57:39.131369+00:00,,,,,,,,,,,,,,,,,,,,,,,,,,,,
https://www.hud.gov/sites/documents/11-35ml.pdf,11-35ml.pdf,hud.gov,,,—,pending,2026-03-12T16:57:39.132145+00:00,,,,,,,,,,,,,,,,,,,,,,,,,,,,
https://www.hud.gov/sites/documents/11-36ml.pdf,11-36ml.pdf,hud.gov,,,—,pending,2026-03-12T16:57:39.132820+00:00,,,,,,,,,,,,,,,,,,,,,,,,,,,,
https://www.hud.gov/sites/documents/11-37ml.pdf,11-37ml.pdf,hud.gov,,,—,pending,2026-03-12T16:57:39.133543+00:00,,,,,,,,,,,,,,,,,,,,,,,,,,,,
https://www.hud.gov/sites/documents/11-38ml.pdf,11-38ml.pdf,hud.gov,,,—,pending,2026-03-12T16:57:39.134350+00:00,,,,,,,,,,,,,,,,,,,,,,,,,,,,
https://www.hud.gov/sites/documents/11-39ml.pdf,11-39ml.pdf,hud.gov,,,—,pending,2026-03-12T16:57:39.135238+00:00,,,,,,,,,,,,,,,,,,,,,,,,,,,,
https://www.hud.gov/sites/documents/11-39mlatch1.pdf,11-39mlatch1.pdf,hud.gov,,,—,pending,2026-03-12T16:57:39.136103+00:00,,,,,,,,,,,,,,,,,,,,,,,,,,,,
https://www.hud.gov/sites/documents/11-39mlatch2.pdf,11-39mlatch2.pdf,hud.gov,,,—,pending,2026-03-12T16:57:39.137979+00:00,,,,,,,,,,,,,,,,,,,,,,,,,,,,
https://www.hud.gov/sites/documents/12-02ml.pdf,12-02ml.pdf,hud.gov,,,—,pending,2026-03-12T16:57:39.138713+00:00,,,,,,,,,,,,,,,,,,,,,,,,,,,,
https://www.hud.gov/sites/documents/12-03ml.pdf,12-03ml.pdf,hud.gov,,,—,pending,2026-03-12T16:57:39.139495+00:00,,,,,,,,,,,,,,,,,,,,,,,,,,,,
https://www.hud.gov/sites/documents/12-04ml.pdf,12-04ml.pdf,hud.gov,,,—,pending,2026-03-12T16:57:39.140258+00:00,,,,,,,,,,,,,,,,,,,,,,,,,,,,
https://www.hud.gov/sites/documents/12-05ml.pdf,12-05ml.pdf,hud.gov,,,—,pending,2026-03-12T16:57:39.140987+00:00,,,,,,,,,,,,,,,,,,,,,,,,,,,,
https://www.hud.gov/sites/documents/12-06ml.pdf,12-06ml.pdf,hud.gov,,,—,pending,2026-03-12T16:57:39.141833+00:00,,,,,,,,,,,,,,,,,,,,,,,,,,,,
https://www.hud.gov/sites/documents/12-07hsgn.pdf,12-07hsgn.pdf,hud.gov,,,—,pending,2026-03-12T16:57:39.142624+00:00,,,,,,,,,,,,,,,,,,,,,,,,,,,,
https://www.hud.gov/sites/documents/12-07ml.pdf,12-07ml.pdf,hud.gov,,,—,pending,2026-03-12T16:57:39.143332+00:00,,,,,,,,,,,,,,,,,,,,,,,,,,,,
https://www.hud.gov/sites/documents/12-09ml.pdf,12-09ml.pdf,hud.gov,,,—,pending,2026-03-12T16:57:39.144013+00:00,,,,,,,,,,,,,,,,,,,,,,,,,,,,
https://www.hud.gov/sites/documents/12-10ml.pdf,12-10ml.pdf,hud.gov,,,—,pending,2026-03-12T16:57:39.144609+00:00,,,,,,,,,,,,,,,,,,,,,,,,,,,,
https://www.hud.gov/sites/documents/12-11ml.pdf,12-11ml.pdf,hud.gov,,,—,pending,2026-03-12T16:57:39.145480+00:00,,,,,,,,,,,,,,,,,,,,,,,,,,,,
https://www.hud.gov/sites/documents/12-12ml.pdf,12-12ml.pdf,hud.gov,,,—,pending,2026-03-12T16:57:39.146145+00:00,,,,,,,,,,,,,,,,,,,,,,,,,,,,
https://www.hud.gov/sites/documents/12-14ml.pdf,12-14ml.pdf,hud.gov,,,—,pending,2026-03-12T16:57:39.146745+00:00,,,,,,,,,,,,,,,,,,,,,,,,,,,,
https://www.hud.gov/sites/documents/12-15hsgn.pdf,12-15hsgn.pdf,hud.gov,,,—,pending,2026-03-12T16:57:39.147880+00:00,,,,,,,,,,,,,,,,,,,,,,,,,,,,
https://www.hud.gov/sites/documents/12-15ml.pdf,12-15ml.pdf,hud.gov,,,—,pending,2026-03-12T16:57:39.148562+00:00,,,,,,,,,,,,,,,,,,,,,,,,,,,,
https://www.hud.gov/sites/documents/12-17ml.pdf,12-17ml.pdf,hud.gov,,,—,pending,2026-03-12T16:57:39.149261+00:00,,,,,,,,,,,,,,,,,,,,,,,,,,,,
https://www.hud.gov/sites/documents/12-18ml.pdf,12-18ml.pdf,hud.gov,,,—,pending,2026-03-12T16:57:39.150103+00:00,,,,,,,,,,,,,,,,,,,,,,,,,,,,
https://www.hud.gov/sites/documents/12-19ml.pdf,12-19ml.pdf,hud.gov,,,—,pending,2026-03-12T16:57:39.150810+00:00,,,,,,,,,,,,,,,,,,,,,,,,,,,,
https://www.hud.gov/sites/documents/12-21ml.pdf,12-21ml.pdf,hud.gov,,,—,pending,2026-03-12T16:57:39.151423+00:00,,,,,,,,,,,,,,,,,,,,,,,,,,,,
https://www.hud.gov/sites/documents/12-22ml.pdf,12-22ml.pdf,hud.gov,,,—,pending,2026-03-12T16:57:39.152336+00:00,,,,,,,,,,,,,,,,,,,,,,,,,,,,
https://www.hud.gov/sites/documents/12-23ml.pdf,12-23ml.pdf,hud.gov,,,—,pending,2026-03-12T16:57:39.153238+00:00,,,,,,,,,,,,,,,,,,,,,,,,,,,,
https://www.hud.gov/sites/documents/12-24ml.pdf,12-24ml.pdf,hud.gov,,,—,pending,2026-03-12T16:57:39.154001+00:00,,,,,,,,,,,,,,,,,,,,,,,,,,,,
https://www.hud.gov/sites/documents/12-26ml.pdf,12-26ml.pdf,hud.gov,,,—,pending,2026-03-12T16:57:39.154939+00:00,,,,,,,,,,,,,,,,,,,,,,,,,,,,
https://www.hud.gov/sites/documents/12-27ml.pdf,12-27ml.pdf,hud.gov,,,—,pending,2026-03-12T16:57:39.155686+00:00,,,,,,,,,,,,,,,,,,,,,,,,,,,,
https://www.hud.gov/sites/documents/12-28ml.pdf,12-28ml.pdf,hud.gov,,,—,pending,2026-03-12T16:57:39.156347+00:00,,,,,,,,,,,,,,,,,,,,,,,,,,,,
https://www.hud.gov/sites/documents/12-29ml.pdf,12-29ml.pdf,hud.gov,,,—,pending,2026-03-12T16:57:39.156953+00:00,,,,,,,,,,,,,,,,,,,,,,,,,,,,
https://www.hud.gov/sites/documents/13-01ml.pdf,13-01ml.pdf,hud.gov,,,—,pending,2026-03-12T16:57:39.157819+00:00,,,,,,,,,,,,,,,,,,,,,,,,,,,,
https://www.hud.gov/sites/documents/13-02ml.pdf,13-02ml.pdf,hud.gov,,,—,pending,2026-03-12T16:57:39.158441+00:00,,,,,,,,,,,,,,,,,,,,,,,,,,,,
https://www.hud.gov/sites/documents/13-03ml.pdf,13-03ml.pdf,hud.gov,,,—,pending,2026-03-12T16:57:39.159358+00:00,,,,,,,,,,,,,,,,,,,,,,,,,,,,
https://www.hud.gov/sites/documents/13-04hsgn.pdf,13-04hsgn.pdf,hud.gov,,,—,pending,2026-03-12T16:57:39.159981+00:00,,,,,,,,,,,,,,,,,,,,,,,,,,,,
https://www.hud.gov/sites/documents/13-04ml.pdf,13-04ml.pdf,hud.gov,,,—,pending,2026-03-12T16:57:39.160694+00:00,,,,,,,,,,,,,,,,,,,,,,,,,,,,
https://www.hud.gov/sites/documents/13-05ml.pdf,13-05ml.pdf,hud.gov,,,—,pending,2026-03-12T16:57:39.161544+00:00,,,,,,,,,,,,,,,,,,,,,,,,,,,,
https://www.hud.gov/sites/documents/13-06ml.pdf,13-06ml.pdf,hud.gov,,,—,pending,2026-03-12T16:57:39.162148+00:00,,,,,,,,,,,,,,,,,,,,,,,,,,,,
https://www.hud.gov/sites/documents/13-09hsgn.pdf,13-09hsgn.pdf,hud.gov,,,—,pending,2026-03-12T16:57:39.162733+00:00,,,,,,,,,,,,,,,,,,,,,,,,,,,,
https://www.hud.gov/sites/documents/13-10hsgn.pdf,13-10hsgn.pdf,hud.gov,,,—,pending,2026-03-12T16:57:39.163329+00:00,,,,,,,,,,,,,,,,,,,,,,,,,,,,
https://www.hud.gov/sites/documents/13-11ml.pdf,13-11ml.pdf,hud.gov,,,—,pending,2026-03-12T16:57:39.164231+00:00,,,,,,,,,,,,,,,,,,,,,,,,,,,,
https://www.hud.gov/sites/documents/13-12ml.pdf,13-12ml.pdf,hud.gov,,,—,pending,2026-03-12T16:57:39.165257+00:00,,,,,,,,,,,,,,,,,,,,,,,,,,,,
https://www.hud.gov/sites/documents/13-12mlatch.pdf,13-12mlatch.pdf,hud.gov,,,—,pending,2026-03-12T16:57:39.169032+00:00,,,,,,,,,,,,,,,,,,,,,,,,,,,,
https://www.hud.gov/sites/documents/13-14ml.pdf,13-14ml.pdf,hud.gov,,,—,pending,2026-03-12T16:57:39.169916+00:00,,,,,,,,,,,,,,,,,,,,,,,,,,,,
https://www.hud.gov/sites/documents/13-15ml.pdf,13-15ml.pdf,hud.gov,,,—,pending,2026-03-12T16:57:39.170904+00:00,,,,,,,,,,,,,,,,,,,,,,,,,,,,
https://www.hud.gov/sites/documents/13-16ml.pdf,13-16ml.pdf,hud.gov,,,—,pending,2026-03-12T16:57:39.171628+00:00,,,,,,,,,,,,,,,,,,,,,,,,,,,,
https://www.hud.gov/sites/documents/13-17ml.pdf,13-17ml.pdf,hud.gov,,,—,pending,2026-03-12T16:57:39.172361+00:00,,,,,,,,,,,,,,,,,,,,,,,,,,,,
https://www.hud.gov/sites/documents/13-18hsgn.pdf,13-18hsgn.pdf,hud.gov,,,—,pending,2026-03-12T16:57:39.173272+00:00,,,,,,,,,,,,,,,,,,,,,,,,,,,,
https://www.hud.gov/sites/documents/13-18ml.pdf,13-18ml.pdf,hud.gov,,,—,pending,2026-03-12T16:57:39.174236+00:00,,,,,,,,,,,,,,,,,,,,,,,,,,,,
https://www.hud.gov/sites/documents/13-19ml.pdf,13-19ml.pdf,hud.gov,,,—,pending,2026-03-12T16:57:39.175042+00:00,,,,,,,,,,,,,,,,,,,,,,,,,,,,
https://www.hud.gov/sites/documents/13-20ml.pdf,13-20ml.pdf,hud.gov,,,—,pending,2026-03-12T16:57:39.175966+00:00,,,,,,,,,,,,,,,,,,,,,,,,,,,,
https://www.hud.gov/sites/documents/13-21ml.pdf,13-21ml.pdf,hud.gov,,,—,pending,2026-03-12T16:57:39.176821+00:00,,,,,,,,,,,,,,,,,,,,,,,,,,,,
https://www.hud.gov/sites/documents/13-22ml.pdf,13-22ml.pdf,hud.gov,,,—,pending,2026-03-12T16:57:39.177429+00:00,,,,,,,,,,,,,,,,,,,,,,,,,,,,
https://www.hud.gov/sites/documents/13-23ml.pdf,13-23ml.pdf,hud.gov,,,—,pending,2026-03-12T16:57:39.178460+00:00,,,,,,,,,,,,,,,,,,,,,,,,,,,,
https://www.hud.gov/sites/documents/13-24ml.pdf,13-24ml.pdf,hud.gov,,,—,pending,2026-03-12T16:57:39.179452+00:00,,,,,,,,,,,,,,,,,,,,,,,,,,,,
https://www.hud.gov/sites/documents/13-25ml.pdf,13-25ml.pdf,hud.gov,,,—,pending,2026-03-12T16:57:39.180287+00:00,,,,,,,,,,,,,,,,,,,,,,,,,,,,
https://www.hud.gov/sites/documents/13-26ml.pdf,13-26ml.pdf,hud.gov,,,—,pending,2026-03-12T16:57:39.181199+00:00,,,,,,,,,,,,,,,,,,,,,,,,,,,,
https://www.hud.gov/sites/documents/13-27hsgn.pdf,13-27hsgn.pdf,hud.gov,,,—,pending,2026-03-12T16:57:39.182084+00:00,,,,,,,,,,,,,,,,,,,,,,,,,,,,
https://www.hud.gov/sites/documents/13-28ml.pdf,13-28ml.pdf,hud.gov,,,—,pending,2026-03-12T16:57:39.182713+00:00,,,,,,,,,,,,,,,,,,,,,,,,,,,,
https://www.hud.gov/sites/documents/13-28mlatch.pdf,13-28mlatch.pdf,hud.gov,,,—,pending,2026-03-12T16:57:39.183919+00:00,,,,,,,,,,,,,,,,,,,,,,,,,,,,
https://www.hud.gov/sites/documents/13-29hsgn.pdf,13-29hsgn.pdf,hud.gov,,,—,pending,2026-03-12T16:57:39.184745+00:00,,,,,,,,,,,,,,,,,,,,,,,,,,,,
https://www.hud.gov/sites/documents/13-30ml.pdf,13-30ml.pdf,hud.gov,,,—,pending,2026-03-12T16:57:39.185485+00:00,,,,,,,,,,,,,,,,,,,,,,,,,,,,
https://www.hud.gov/sites/documents/13-32ml.pdf,13-32ml.pdf,hud.gov,,,—,pending,2026-03-12T16:57:39.186558+00:00,,,,,,,,,,,,,,,,,,,,,,,,,,,,
https://www.hud.gov/sites/documents/13-33ml.pdf,13-33ml.pdf,hud.gov,,,—,pending,2026-03-12T16:57:39.187321+00:00,,,,,,,,,,,,,,,,,,,,,,,,,,,,
https://www.hud.gov/sites/documents/13-34ml.pdf,13-34ml.pdf,hud.gov,,,—,pending,2026-03-12T16:57:39.188141+00:00,,,,,,,,,,,,,,,,,,,,,,,,,,,,
https://www.hud.gov/sites/documents/13-35ml.pdf,13-35ml.pdf,hud.gov,,,—,pending,2026-03-12T16:57:39.189028+00:00,,,,,,,,,,,,,,,,,,,,,,,,,,,,
https://www.hud.gov/sites/documents/13-36ml.pdf,13-36ml.pdf,hud.gov,,,—,pending,2026-03-12T16:57:39.189649+00:00,,,,,,,,,,,,,,,,,,,,,,,,,,,,
https://www.hud.gov/sites/documents/13-38ml.pdf,13-38ml.pdf,hud.gov,,,—,pending,2026-03-12T16:57:39.190819+00:00,,,,,,,,,,,,,,,,,,,,,,,,,,,,
https://www.hud.gov/sites/documents/13-39ml.pdf,13-39ml.pdf,hud.gov,,,—,pending,2026-03-12T16:57:39.191737+00:00,,,,,,,,,,,,,,,,,,,,,,,,,,,,
https://www.hud.gov/sites/documents/13-40ml.pdf,13-40ml.pdf,hud.gov,,,—,pending,2026-03-12T16:57:39.192520+00:00,,,,,,,,,,,,,,,,,,,,,,,,,,,,
https://www.hud.gov/sites/documents/13-41ml.pdf,13-41ml.pdf,hud.gov,,,—,pending,2026-03-12T16:57:39.193419+00:00,,,,,,,,,,,,,,,,,,,,,,,,,,,,
https://www.hud.gov/sites/documents/13-42ml.pdf,13-42ml.pdf,hud.gov,,,—,pending,2026-03-12T16:57:39.194028+00:00,,,,,,,,,,,,,,,,,,,,,,,,,,,,
https://www.hud.gov/sites/documents/13-43ml.pdf,13-43ml.pdf,hud.gov,,,—,pending,2026-03-12T16:57:39.194908+00:00,,,,,,,,,,,,,,,,,,,,,,,,,,,,
https://www.hud.gov/sites/documents/13-43mlatch1.pdf,13-43mlatch1.pdf,hud.gov,,,—,pending,2026-03-12T16:57:39.195610+00:00,,,,,,,,,,,,,,,,,,,,,,,,,,,,
https://www.hud.gov/sites/documents/13-43mlatch2.pdf,13-43mlatch2.pdf,hud.gov,,,—,pending,2026-03-12T16:57:39.196442+00:00,,,,,,,,,,,,,,,,,,,,,,,,,,,,
https://www.hud.gov/sites/documents/13-44ml.pdf,13-44ml.pdf,hud.gov,,,—,pending,2026-03-12T16:57:39.197200+00:00,,,,,,,,,,,,,,,,,,,,,,,,,,,,
https://www.hud.gov/sites/documents/13-45ml.pdf,13-45ml.pdf,hud.gov,,,—,pending,2026-03-12T16:57:39.197792+00:00,,,,,,,,,,,,,,,,,,,,,,,,,,,,
https://www.hud.gov/sites/documents/13-46ml.pdf,13-46ml.pdf,hud.gov,,,—,pending,2026-03-12T16:57:39.198720+00:00,,,,,,,,,,,,,,,,,,,,,,,,,,,,
https://www.hud.gov/sites/documents/14-01ml.pdf,14-01ml.pdf,hud.gov,,,—,pending,2026-03-12T16:57:39.199564+00:00,,,,,,,,,,,,,,,,,,,,,,,,,,,,
https://www.hud.gov/sites/documents/14-02ml.pdf,14-02ml.pdf,hud.gov,,,—,pending,2026-03-12T16:57:39.200790+00:00,,,,,,,,,,,,,,,,,,,,,,,,,,,,
https://www.hud.gov/sites/documents/14-03ml.pdf,14-03ml.pdf,hud.gov,,,—,pending,2026-03-12T16:57:39.201572+00:00,,,,,,,,,,,,,,,,,,,,,,,,,,,,
https://www.hud.gov/sites/documents/14-04hsgn.pdf,14-04hsgn.pdf,hud.gov,,,—,pending,2026-03-12T16:57:39.203783+00:00,,,,,,,,,,,,,,,,,,,,,,,,,,,,
https://www.hud.gov/sites/documents/14-06hsgn.pdf,14-06hsgn.pdf,hud.gov,,,—,pending,2026-03-12T16:57:39.204795+00:00,,,,,,,,,,,,,,,,,,,,,,,,,,,,
https://www.hud.gov/sites/documents/14-07hsgn.pdf,14-07hsgn.pdf,hud.gov,,,—,pending,2026-03-12T16:57:39.205891+00:00,,,,,,,,,,,,,,,,,,,,,,,,,,,,
https://www.hud.gov/sites/documents/14-07ml.pdf,14-07ml.pdf,hud.gov,,,—,pending,2026-03-12T16:57:39.206840+00:00,,,,,,,,,,,,,,,,,,,,,,,,,,,,
https://www.hud.gov/sites/documents/14-08hsgn.pdf,14-08hsgn.pdf,hud.gov,,,—,pending,2026-03-12T16:57:39.207684+00:00,,,,,,,,,,,,,,,,,,,,,,,,,,,,
https://www.hud.gov/sites/documents/14-08ml.pdf,14-08ml.pdf,hud.gov,,,—,pending,2026-03-12T16:57:39.208443+00:00,,,,,,,,,,,,,,,,,,,,,,,,,,,,
https://www.hud.gov/sites/documents/14-09ml.pdf,14-09ml.pdf,hud.gov,,,—,pending,2026-03-12T16:57:39.209172+00:00,,,,,,,,,,,,,,,,,,,,,,,,,,,,
https://www.hud.gov/sites/documents/14-10ml.pdf,14-10ml.pdf,hud.gov,,,—,pending,2026-03-12T16:57:39.210041+00:00,,,,,,,,,,,,,,,,,,,,,,,,,,,,
https://www.hud.gov/sites/documents/14-11ml.pdf,14-11ml.pdf,hud.gov,,,—,pending,2026-03-12T16:57:39.210955+00:00,,,,,,,,,,,,,,,,,,,,,,,,,,,,
https://www.hud.gov/sites/documents/14-12ml.pdf,14-12ml.pdf,hud.gov,,,—,pending,2026-03-12T16:57:39.211693+00:00,,,,,,,,,,,,,,,,,,,,,,,,,,,,
https://www.hud.gov/sites/documents/14-13ml.pdf,14-13ml.pdf,hud.gov,,,—,pending,2026-03-12T16:57:39.212530+00:00,,,,,,,,,,,,,,,,,,,,,,,,,,,,
https://www.hud.gov/sites/documents/14-14ml.pdf,14-14ml.pdf,hud.gov,,,—,pending,2026-03-12T16:57:39.213263+00:00,,,,,,,,,,,,,,,,,,,,,,,,,,,,
https://www.hud.gov/sites/documents/14-15hsgn.pdf,14-15hsgn.pdf,hud.gov,,,—,pending,2026-03-12T16:57:39.214108+00:00,,,,,,,,,,,,,,,,,,,,,,,,,,,,
https://www.hud.gov/sites/documents/14-15ml.pdf,14-15ml.pdf,hud.gov,,,—,pending,2026-03-12T16:57:39.215061+00:00,,,,,,,,,,,,,,,,,,,,,,,,,,,,
https://www.hud.gov/sites/documents/14-16ml.pdf,14-16ml.pdf,hud.gov,,,—,pending,2026-03-12T16:57:39.215667+00:00,,,,,,,,,,,,,,,,,,,,,,,,,,,,
https://www.hud.gov/sites/documents/14-17ml.pdf,14-17ml.pdf,hud.gov,,,—,pending,2026-03-12T16:57:39.216263+00:00,,,,,,,,,,,,,,,,,,,,,,,,,,,,
https://www.hud.gov/sites/documents/14-19ml.pdf,14-19ml.pdf,hud.gov,,,—,pending,2026-03-12T16:57:39.216878+00:00,,,,,,,,,,,,,,,,,,,,,,,,,,,,
https://www.hud.gov/sites/documents/14-21ml.pdf,14-21ml.pdf,hud.gov,,,—,pending,2026-03-12T16:57:39.217608+00:00,,,,,,,,,,,,,,,,,,,,,,,,,,,,
https://www.hud.gov/sites/documents/14-22ml.pdf,14-22ml.pdf,hud.gov,,,—,pending,2026-03-12T16:57:39.218214+00:00,,,,,,,,,,,,,,,,,,,,,,,,,,,,
https://www.hud.gov/sites/documents/14-23ml.pdf,14-23ml.pdf,hud.gov,,,—,pending,2026-03-12T16:57:39.218822+00:00,,,,,,,,,,,,,,,,,,,,,,,,,,,,
https://www.hud.gov/sites/documents/14-24ml.pdf,14-24ml.pdf,hud.gov,,,—,pending,2026-03-12T16:57:39.219628+00:00,,,,,,,,,,,,,,,,,,,,,,,,,,,,
https://www.hud.gov/sites/documents/14-25ml.pdf,14-25ml.pdf,hud.gov,,,—,pending,2026-03-12T16:57:39.220634+00:00,,,,,,,,,,,,,,,,,,,,,,,,,,,,
https://www.hud.gov/sites/documents/14-25mlatch1.pdf,14-25mlatch1.pdf,hud.gov,,,—,pending,2026-03-12T16:57:39.221614+00:00,,,,,,,,,,,,,,,,,,,,,,,,,,,,
https://www.hud.gov/sites/documents/14-25mlatch2.pdf,14-25mlatch2.pdf,hud.gov,,,—,pending,2026-03-12T16:57:39.223274+00:00,,,,,,,,,,,,,,,,,,,,,,,,,,,,
https://www.hud.gov/sites/documents/15-01ml.pdf,15-01ml.pdf,hud.gov,,,—,pending,2026-03-12T16:57:39.223979+00:00,,,,,,,,,,,,,,,,,,,,,,,,,,,,
https://www.hud.gov/sites/documents/15-01pihn.pdf,15-01pihn.pdf,hud.gov,,168002,164.1 KB,pending,2026-03-12T16:57:39.224811+00:00,,,,,,,,,,,,,,,,,,,,,,,,,,,,
https://www.hud.gov/sites/documents/15-02ml.pdf,15-02ml.pdf,hud.gov,,,—,pending,2026-03-12T16:57:39.225503+00:00,,,,,,,,,,,,,,,,,,,,,,,,,,,,
https://www.hud.gov/sites/documents/15-04ml.pdf,15-04ml.pdf,hud.gov,,,—,pending,2026-03-12T16:57:39.226124+00:00,,,,,,,,,,,,,,,,,,,,,,,,,,,,
https://www.hud.gov/sites/documents/15-06ml.pdf,15-06ml.pdf,hud.gov,,,—,pending,2026-03-12T16:57:39.226717+00:00,,,,,,,,,,,,,,,,,,,,,,,,,,,,
https://www.hud.gov/sites/documents/15-07hsgn_pihn.pdf,15-07hsgn_pihn.pdf,hud.gov,,,—,pending,2026-03-12T16:57:39.238668+00:00,,,,,,,,,,,,,,,,,,,,,,,,,,,,
https://www.hud.gov/sites/documents/15-07ml.pdf,15-07ml.pdf,hud.gov,,,—,pending,2026-03-12T16:57:39.239302+00:00,,,,,,,,,,,,,,,,,,,,,,,,,,,,
https://www.hud.gov/sites/documents/15-08ml.pdf,15-08ml.pdf,hud.gov,,,—,pending,2026-03-12T16:57:39.240075+00:00,,,,,,,,,,,,,,,,,,,,,,,,,,,,
https://www.hud.gov/sites/documents/15-09ml.pdf,15-09ml.pdf,hud.gov,,,—,pending,2026-03-12T16:57:39.240788+00:00,,,,,,,,,,,,,,,,,,,,,,,,,,,,
https://www.hud.gov/sites/documents/15-10ml.pdf,15-10ml.pdf,hud.gov,,,—,pending,2026-03-12T16:57:39.241795+00:00,,,,,,,,,,,,,,,,,,,,,,,,,,,,
https://www.hud.gov/sites/documents/15-11hsgn.pdf,15-11hsgn.pdf,hud.gov,,,—,pending,2026-03-12T16:57:39.242638+00:00,,,,,,,,,,,,,,,,,,,,,,,,,,,,
https://www.hud.gov/sites/documents/15-11ml.pdf,15-11ml.pdf,hud.gov,,,—,pending,2026-03-12T16:57:39.243717+00:00,,,,,,,,,,,,,,,,,,,,,,,,,,,,
https://www.hud.gov/sites/documents/15-15ml.pdf,15-15ml.pdf,hud.gov,,,—,pending,2026-03-12T16:57:39.244832+00:00,,,,,,,,,,,,,,,,,,,,,,,,,,,,
https://www.hud.gov/sites/documents/15-15pihn.pdf,15-15pihn.pdf,hud.gov,,,—,pending,2026-03-12T16:57:39.245836+00:00,,,,,,,,,,,,,,,,,,,,,,,,,,,,
https://www.hud.gov/sites/documents/15-17ml.pdf,15-17ml.pdf,hud.gov,,,—,pending,2026-03-12T16:57:39.246612+00:00,,,,,,,,,,,,,,,,,,,,,,,,,,,,
https://www.hud.gov/sites/documents/15-18ml.pdf,15-18ml.pdf,hud.gov,,,—,pending,2026-03-12T16:57:39.247875+00:00,,,,,,,,,,,,,,,,,,,,,,,,,,,,
https://www.hud.gov/sites/documents/15-20ml.pdf,15-20ml.pdf,hud.gov,,,—,pending,2026-03-12T16:57:39.248953+00:00,,,,,,,,,,,,,,,,,,,,,,,,,,,,
https://www.hud.gov/sites/documents/15-21ml.pdf,15-21ml.pdf,hud.gov,,,—,pending,2026-03-12T16:57:39.250058+00:00,,,,,,,,,,,,,,,,,,,,,,,,,,,,
https://www.hud.gov/sites/documents/15-22ml.pdf,15-22ml.pdf,hud.gov,,,—,pending,2026-03-12T16:57:39.251463+00:00,,,,,,,,,,,,,,,,,,,,,,,,,,,,
https://www.hud.gov/sites/documents/15-23ml.pdf,15-23ml.pdf,hud.gov,,,—,pending,2026-03-12T16:57:39.252448+00:00,,,,,,,,,,,,,,,,,,,,,,,,,,,,
https://www.hud.gov/sites/documents/15-24ml.pdf,15-24ml.pdf,hud.gov,,,—,pending,2026-03-12T16:57:39.253697+00:00,,,,,,,,,,,,,,,,,,,,,,,,,,,,
https://www.hud.gov/sites/documents/15-26ml.pdf,15-26ml.pdf,hud.gov,,,—,pending,2026-03-12T16:57:39.254564+00:00,,,,,,,,,,,,,,,,,,,,,,,,,,,,
https://www.hud.gov/sites/documents/15-27ml.pdf,15-27ml.pdf,hud.gov,,,—,pending,2026-03-12T16:57:39.255698+00:00,,,,,,,,,,,,,,,,,,,,,,,,,,,,
https://www.hud.gov/sites/documents/15-28ml.pdf,15-28ml.pdf,hud.gov,,,—,pending,2026-03-12T16:57:39.256550+00:00,,,,,,,,,,,,,,,,,,,,,,,,,,,,
https://www.hud.gov/sites/documents/15-29ml.pdf,15-29ml.pdf,hud.gov,,,—,pending,2026-03-12T16:57:39.257284+00:00,,,,,,,,,,,,,,,,,,,,,,,,,,,,
https://www.hud.gov/sites/documents/15-30ml.pdf,15-30ml.pdf,hud.gov,,,—,pending,2026-03-12T16:57:39.258013+00:00,,,,,,,,,,,,,,,,,,,,,,,,,,,,
https://www.hud.gov/sites/documents/16-01ml.pdf,16-01ml.pdf,hud.gov,,,—,pending,2026-03-12T16:57:39.258828+00:00,,,,,,,,,,,,,,,,,,,,,,,,,,,,
https://www.hud.gov/sites/documents/16-02ml.pdf,16-02ml.pdf,hud.gov,,,—,pending,2026-03-12T16:57:39.260150+00:00,,,,,,,,,,,,,,,,,,,,,,,,,,,,
https://www.hud.gov/sites/documents/16-03ml.pdf,16-03ml.pdf,hud.gov,,,—,pending,2026-03-12T16:57:39.261493+00:00,,,,,,,,,,,,,,,,,,,,,,,,,,,,
https://www.hud.gov/sites/documents/16-04ml.pdf,16-04ml.pdf,hud.gov,,,—,pending,2026-03-12T16:57:39.262496+00:00,,,,,,,,,,,,,,,,,,,,,,,,,,,,
https://www.hud.gov/sites/documents/16-05ml.pdf,16-05ml.pdf,hud.gov,,,—,pending,2026-03-12T16:57:39.263372+00:00,,,,,,,,,,,,,,,,,,,,,,,,,,,,
https://www.hud.gov/sites/documents/16-06ml.pdf,16-06ml.pdf,hud.gov,,,—,pending,2026-03-12T16:57:39.264033+00:00,,,,,,,,,,,,,,,,,,,,,,,,,,,,
https://www.hud.gov/sites/documents/16-07ml.pdf,16-07ml.pdf,hud.gov,,,—,pending,2026-03-12T16:57:39.265101+00:00,,,,,,,,,,,,,,,,,,,,,,,,,,,,
https://www.hud.gov/sites/documents/16-08ml.pdf,16-08ml.pdf,hud.gov,,,—,pending,2026-03-12T16:57:39.265924+00:00,,,,,,,,,,,,,,,,,,,,,,,,,,,,
https://www.hud.gov/sites/documents/16-09ml.pdf,16-09ml.pdf,hud.gov,,,—,pending,2026-03-12T16:57:39.266669+00:00,,,,,,,,,,,,,,,,,,,,,,,,,,,,
https://www.hud.gov/sites/documents/16-10ml.pdf,16-10ml.pdf,hud.gov,,,—,pending,2026-03-12T16:57:39.267464+00:00,,,,,,,,,,,,,,,,,,,,,,,,,,,,
https://www.hud.gov/sites/documents/16-11ml.pdf,16-11ml.pdf,hud.gov,,,—,pending,2026-03-12T16:57:39.268234+00:00,,,,,,,,,,,,,,,,,,,,,,,,,,,,
https://www.hud.gov/sites/documents/16-12ml.pdf,16-12ml.pdf,hud.gov,,,—,pending,2026-03-12T16:57:39.268964+00:00,,,,,,,,,,,,,,,,,,,,,,,,,,,,
https://www.hud.gov/sites/documents/16-12pihn_12-07hsgn.pdf,16-12pihn_12-07hsgn.pdf,hud.gov,,1501391,1.4 MB,pending,2026-03-12T16:57:39.271969+00:00,,,,,,,,,,,,,,,,,,,,,,,,,,,,
https://www.hud.gov/sites/documents/16-13ml.pdf,16-13ml.pdf,hud.gov,,,—,pending,2026-03-12T16:57:39.272680+00:00,,,,,,,,,,,,,,,,,,,,,,,,,,,,
https://www.hud.gov/sites/documents/16-14ml.pdf,16-14ml.pdf,hud.gov,,,—,pending,2026-03-12T16:57:39.273805+00:00,,,,,,,,,,,,,,,,,,,,,,,,,,,,
https://www.hud.gov/sites/documents/16-15ml.pdf,16-15ml.pdf,hud.gov,,,—,pending,2026-03-12T16:57:39.274623+00:00,,,,,,,,,,,,,,,,,,,,,,,,,,,,
https://www.hud.gov/sites/documents/16-16ml.pdf,16-16ml.pdf,hud.gov,,,—,pending,2026-03-12T16:57:39.275381+00:00,,,,,,,,,,,,,,,,,,,,,,,,,,,,
https://www.hud.gov/sites/documents/16-17ml.pdf,16-17ml.pdf,hud.gov,,,—,pending,2026-03-12T16:57:39.276136+00:00,,,,,,,,,,,,,,,,,,,,,,,,,,,,
https://www.hud.gov/sites/documents/16-18ml.pdf,16-18ml.pdf,hud.gov,,,—,pending,2026-03-12T16:57:39.276773+00:00,,,,,,,,,,,,,,,,,,,,,,,,,,,,
https://www.hud.gov/sites/documents/16-19ml.pdf,16-19ml.pdf,hud.gov,,,—,pending,2026-03-12T16:57:39.277507+00:00,,,,,,,,,,,,,,,,,,,,,,,,,,,,
https://www.hud.gov/sites/documents/16-20ml.pdf,16-20ml.pdf,hud.gov,,,—,pending,2026-03-12T16:57:39.278273+00:00,,,,,,,,,,,,,,,,,,,,,,,,,,,,
https://www.hud.gov/sites/documents/16-21ml.pdf,16-21ml.pdf,hud.gov,,,—,pending,2026-03-12T16:57:39.279133+00:00,,,,,,,,,,,,,,,,,,,,,,,,,,,,
https://www.hud.gov/sites/documents/16-22ml.pdf,16-22ml.pdf,hud.gov,,,—,pending,2026-03-12T16:57:39.279964+00:00,,,,,,,,,,,,,,,,,,,,,,,,,,,,
https://www.hud.gov/sites/documents/16-24ml.pdf,16-24ml.pdf,hud.gov,,,—,pending,2026-03-12T16:57:39.280773+00:00,,,,,,,,,,,,,,,,,,,,,,,,,,,,
https://www.hud.gov/sites/documents/16-25ml.pdf,16-25ml.pdf,hud.gov,,,—,pending,2026-03-12T16:57:39.281533+00:00,,,,,,,,,,,,,,,,,,,,,,,,,,,,
https://www.hud.gov/sites/documents/17-01ml.pdf,17-01ml.pdf,hud.gov,,,—,pending,2026-03-12T16:57:39.282490+00:00,,,,,,,,,,,,,,,,,,,,,,,,,,,,
https://www.hud.gov/sites/documents/17-02hsgn.pdf,17-02hsgn.pdf,hud.gov,,,—,pending,2026-03-12T16:57:39.283351+00:00,,,,,,,,,,,,,,,,,,,,,,,,,,,,
https://www.hud.gov/sites/documents/17-02ml.pdf,17-02ml.pdf,hud.gov,,,—,pending,2026-03-12T16:57:39.284212+00:00,,,,,,,,,,,,,,,,,,,,,,,,,,,,
https://www.hud.gov/sites/documents/17-03ml.pdf,17-03ml.pdf,hud.gov,,,—,pending,2026-03-12T16:57:39.284979+00:00,,,,,,,,,,,,,,,,,,,,,,,,,,,,
https://www.hud.gov/sites/documents/17-05ml.pdf,17-05ml.pdf,hud.gov,,,—,pending,2026-03-12T16:57:39.286067+00:00,,,,,,,,,,,,,,,,,,,,,,,,,,,,
https://www.hud.gov/sites/documents/17-06hsgn.pdf,17-06hsgn.pdf,hud.gov,,,—,pending,2026-03-12T16:57:39.286990+00:00,,,,,,,,,,,,,,,,,,,,,,,,,,,,
https://www.hud.gov/sites/documents/17-06ml.pdf,17-06ml.pdf,hud.gov,,,—,pending,2026-03-12T16:57:39.287895+00:00,,,,,,,,,,,,,,,,,,,,,,,,,,,,
https://www.hud.gov/sites/documents/17-07ml.pdf,17-07ml.pdf,hud.gov,,,—,pending,2026-03-12T16:57:39.288759+00:00,,,,,,,,,,,,,,,,,,,,,,,,,,,,
https://www.hud.gov/sites/documents/17-08ml.pdf,17-08ml.pdf,hud.gov,,,—,pending,2026-03-12T16:57:39.289620+00:00,,,,,,,,,,,,,,,,,,,,,,,,,,,,
https://www.hud.gov/sites/documents/17-10ml.pdf,17-10ml.pdf,hud.gov,,,—,pending,2026-03-12T16:57:39.290260+00:00,,,,,,,,,,,,,,,,,,,,,,,,,,,,
https://www.hud.gov/sites/documents/17-11ml.pdf,17-11ml.pdf,hud.gov,,,—,pending,2026-03-12T16:57:39.291109+00:00,,,,,,,,,,,,,,,,,,,,,,,,,,,,
https://www.hud.gov/sites/documents/17-12ml.pdf,17-12ml.pdf,hud.gov,,,—,pending,2026-03-12T16:57:39.291826+00:00,,,,,,,,,,,,,,,,,,,,,,,,,,,,
https://www.hud.gov/sites/documents/17-13ml.pdf,17-13ml.pdf,hud.gov,,,—,pending,2026-03-12T16:57:39.292673+00:00,,,,,,,,,,,,,,,,,,,,,,,,,,,,
https://www.hud.gov/sites/dfiles/OCHCO/documents/17-15ml.pdf,17-15ml.pdf,hud.gov,,,—,pending,2026-03-12T16:57:39.293406+00:00,,,,,,,,,,,,,,,,,,,,,,,,,,,,
https://www.hud.gov/sites/dfiles/OCHCO/documents/17-16ml.pdf,17-16ml.pdf,hud.gov,,,—,pending,2026-03-12T16:57:39.294161+00:00,,,,,,,,,,,,,,,,,,,,,,,,,,,,
https://www.hud.gov/sites/dfiles/OCHCO/documents/17-17ml.pdf,17-17ml.pdf,hud.gov,,,—,pending,2026-03-12T16:57:39.294938+00:00,,,,,,,,,,,,,,,,,,,,,,,,,,,,
https://www.hud.gov/sites/dfiles/OCHCO/documents/17-18ml.pdf,17-18ml.pdf,hud.gov,,,—,pending,2026-03-12T16:57:39.295658+00:00,,,,,,,,,,,,,,,,,,,,,,,,,,,,
https://www.hud.gov/sites/dfiles/OCHCO/documents/18-01ml.pdf,18-01ml.pdf,hud.gov,,,—,pending,2026-03-12T16:57:39.296409+00:00,,,,,,,,,,,,,,,,,,,,,,,,,,,,
https://www.hud.gov/sites/dfiles/OCHCO/documents/18-02ml.pdf,18-02ml.pdf,hud.gov,,,—,pending,2026-03-12T16:57:39.297117+00:00,,,,,,,,,,,,,,,,,,,,,,,,,,,,
https://www.hud.gov/sites/dfiles/OCHCO/documents/18-03ml.pdf,18-03ml.pdf,hud.gov,,,—,pending,2026-03-12T16:57:39.297873+00:00,,,,,,,,,,,,,,,,,,,,,,,,,,,,
https://www.hud.gov/sites/dfiles/OCHCO/documents/18-05ml.pdf,18-05ml.pdf,hud.gov,,,—,pending,2026-03-12T16:57:39.298660+00:00,,,,,,,,,,,,,,,,,,,,,,,,,,,,
https://www.hud.gov/sites/dfiles/OCHCO/documents/18-08hsgml.pdf,18-08hsgml.pdf,hud.gov,,,—,pending,2026-03-12T16:57:39.299486+00:00,,,,,,,,,,,,,,,,,,,,,,,,,,,,
https://www.hud.gov/sites/dfiles/OCHCO/documents/18-11hsgml.pdf,18-11hsgml.pdf,hud.gov,,,—,pending,2026-03-12T16:57:39.300226+00:00,,,,,,,,,,,,,,,,,,,,,,,,,,,,
https://www.hud.gov/sites/dfiles/OCHCO/documents/18-12hsgml.pdf,18-12hsgml.pdf,hud.gov,,,—,pending,2026-03-12T16:57:39.300928+00:00,,,,,,,,,,,,,,,,,,,,,,,,,,,,
https://www.hud.gov/sites/dfiles/PIH/documents/184%20Servicing%20Training%2042120%20950am%20final%20%20Day%202.pdf,184%20Servicing%20Training%2042120%20950am%20final%20%20Day%202.pdf,hud.gov,,,—,pending,2026-03-12T16:57:39.302987+00:00,,,,,,,,,,,,,,,,,,,,,,,,,,,,
https://www.hud.gov/sites/dfiles/PIH/documents/184%20Servicing%20Training%2042120%20950am%20final%20DAY%201.pdf,184%20Servicing%20Training%2042120%20950am%20final%20DAY%201.pdf,hud.gov,,,—,pending,2026-03-12T16:57:39.304543+00:00,,,,,,,,,,,,,,,,,,,,,,,,,,,,
https://www.hud.gov/sites/documents/18456.pdf,18456.pdf,hud.gov,,,—,pending,2026-03-12T16:57:39.305329+00:00,,,,,,,,,,,,,,,,,,,,,,,,,,,,
https://www.hud.gov/sites/documents/184pg_ch_10_rev_4_8_11.pdf,184pg_ch_10_rev_4_8_11.pdf,hud.gov,,447479,437.0 KB,pending,2026-03-12T16:57:39.306617+00:00,,,,,,,,,,,,,,,,,,,,,,,,,,,,
https://www.hud.gov/sites/documents/184pg_ch_12_rev_4_8_11.pdf,184pg_ch_12_rev_4_8_11.pdf,hud.gov,,1423063,1.4 MB,pending,2026-03-12T16:57:39.309446+00:00,,,,,,,,,,,,,,,,,,,,,,,,,,,,
https://www.hud.gov/sites/documents/184pg_ch_1_rev_4_8_11.pdf,184pg_ch_1_rev_4_8_11.pdf,hud.gov,,388411,379.3 KB,pending,2026-03-12T16:57:39.310636+00:00,,,,,,,,,,,,,,,,,,,,,,,,,,,,
https://www.hud.gov/sites/documents/184pg_ch_2_rev_4_8_11.pdf,184pg_ch_2_rev_4_8_11.pdf,hud.gov,,843370,823.6 KB,pending,2026-03-12T16:57:39.312560+00:00,,,,,,,,,,,,,,,,,,,,,,,,,,,,
https://www.hud.gov/sites/documents/184pg_ch_3_rev_4_8_11.pdf,184pg_ch_3_rev_4_8_11.pdf,hud.gov,,1324259,1.3 MB,pending,2026-03-12T16:57:39.315272+00:00,,,,,,,,,,,,,,,,,,,,,,,,,,,,
https://www.hud.gov/sites/documents/184pg_ch_4_rev_4_8_11.pdf,184pg_ch_4_rev_4_8_11.pdf,hud.gov,,2756250,2.6 MB,pending,2026-03-12T16:57:39.320232+00:00,,,,,,,,,,,,,,,,,,,,,,,,,,,,
https://www.hud.gov/sites/documents/184pg_ch_6_rev_4_8_11.pdf,184pg_ch_6_rev_4_8_11.pdf,hud.gov,,1590180,1.5 MB,pending,2026-03-12T16:57:39.323337+00:00,,,,,,,,,,,,,,,,,,,,,,,,,,,,
https://www.hud.gov/sites/documents/184pg_ch_7_rev_4_8_11.pdf,184pg_ch_7_rev_4_8_11.pdf,hud.gov,,148209,144.7 KB,pending,2026-03-12T16:57:39.324161+00:00,,,,,,,,,,,,,,,,,,,,,,,,,,,,
https://www.hud.gov/sites/documents/184pg_ch_9_rev_4_8_11.pdf,184pg_ch_9_rev_4_8_11.pdf,hud.gov,,1709938,1.6 MB,pending,2026-03-12T16:57:39.327460+00:00,,,,,,,,,,,,,,,,,,,,,,,,,,,,
https://www.hud.gov/sites/documents/184pg_table-content.pdf,184pg_table-content.pdf,hud.gov,,114388,111.7 KB,pending,2026-03-12T16:57:39.328225+00:00,,,,,,,,,,,,,,,,,,,,,,,,,,,,
https://www.hud.gov/sites/dfiles/OCHCO/documents/19-01hsgml.pdf,19-01hsgml.pdf,hud.gov,,,—,pending,2026-03-12T16:57:39.328961+00:00,,,,,,,,,,,,,,,,,,,,,,,,,,,,
https://www.hud.gov/sites/dfiles/OCHCO/documents/19-04hsgml.pdf,19-04hsgml.pdf,hud.gov,,,—,pending,2026-03-12T16:57:39.329722+00:00,,,,,,,,,,,,,,,,,,,,,,,,,,,,
https://www.hud.gov/sites/dfiles/OCHCO/documents/19-05hsgml.pdf,19-05hsgml.pdf,hud.gov,,,—,pending,2026-03-12T16:57:39.330481+00:00,,,,,,,,,,,,,,,,,,,,,,,,,,,,
https://www.hud.gov/sites/dfiles/OCHCO/documents/19-08ml.pdf,19-08ml.pdf,hud.gov,,,—,pending,2026-03-12T16:57:39.331415+00:00,,,,,,,,,,,,,,,,,,,,,,,,,,,,
https://www.hud.gov/sites/dfiles/OCHCO/documents/19-11ml.pdf,19-11ml.pdf,hud.gov,,,—,pending,2026-03-12T16:57:39.332141+00:00,,,,,,,,,,,,,,,,,,,,,,,,,,,,
https://www.hud.gov/sites/dfiles/OCHCO/documents/19-13ml.pdf,19-13ml.pdf,hud.gov,,,—,pending,2026-03-12T16:57:39.333311+00:00,,,,,,,,,,,,,,,,,,,,,,,,,,,,
https://www.hud.gov/sites/dfiles/OCHCO/documents/19-14hsgml.pdf,19-14hsgml.pdf,hud.gov,,,—,pending,2026-03-12T16:57:39.334098+00:00,,,,,,,,,,,,,,,,,,,,,,,,,,,,
https://www.hud.gov/sites/dfiles/OCHCO/documents/19-15hsgml.pdf,19-15hsgml.pdf,hud.gov,,,—,pending,2026-03-12T16:57:39.335133+00:00,,,,,,,,,,,,,,,,,,,,,,,,,,,,
https://www.hud.gov/sites/dfiles/OCHCO/documents/19-16hsgml.pdf,19-16hsgml.pdf,hud.gov,,,—,pending,2026-03-12T16:57:39.335836+00:00,,,,,,,,,,,,,,,,,,,,,,,,,,,,
https://www.hud.gov/sites/dfiles/OCHCO/documents/19-17hsgml.pdf,19-17hsgml.pdf,hud.gov,,,—,pending,2026-03-12T16:57:39.336461+00:00,,,,,,,,,,,,,,,,,,,,,,,,,,,,
https://www.hud.gov/sites/dfiles/OCHCO/documents/19-18hsgml.pdf,19-18hsgml.pdf,hud.gov,,,—,pending,2026-03-12T16:57:39.337195+00:00,,,,,,,,,,,,,,,,,,,,,,,,,,,,
https://www.hud.gov/sites/dfiles/OCHCO/documents/19-19hsgml.pdf,19-19hsgml.pdf,hud.gov,,,—,pending,2026-03-12T16:57:39.337949+00:00,,,,,,,,,,,,,,,,,,,,,,,,,,,,
https://www.hud.gov/sites/dfiles/OCHCO/documents/19-20hsgml.pdf,19-20hsgml.pdf,hud.gov,,,—,pending,2026-03-12T16:57:39.338543+00:00,,,,,,,,,,,,,,,,,,,,,,,,,,,,
https://www.hud.gov/sites/dfiles/OCHCO/documents/20-04hsgml.pdf,20-04hsgml.pdf,hud.gov,,,—,pending,2026-03-12T16:57:39.339257+00:00,,,,,,,,,,,,,,,,,,,,,,,,,,,,
https://www.hud.gov/sites/dfiles/OCHCO/documents/20-05hsgml.pdf,20-05hsgml.pdf,hud.gov,,,—,pending,2026-03-12T16:57:39.340030+00:00,,,,,,,,,,,,,,,,,,,,,,,,,,,,
https://www.hud.gov/sites/dfiles/OCHCO/documents/20-06hsngml.pdf,20-06hsngml.pdf,hud.gov,,,—,pending,2026-03-12T16:57:39.340896+00:00,,,,,,,,,,,,,,,,,,,,,,,,,,,,
https://www.hud.gov/sites/dfiles/OCHCO/documents/20-07hsngml.pdf,20-07hsngml.pdf,hud.gov,,,—,pending,2026-03-12T16:57:39.341613+00:00,,,,,,,,,,,,,,,,,,,,,,,,,,,,
https://www.hud.gov/sites/dfiles/OCHCO/documents/20-08hsngml.pdf,20-08hsngml.pdf,hud.gov,,,—,pending,2026-03-12T16:57:39.342321+00:00,,,,,,,,,,,,,,,,,,,,,,,,,,,,
https://www.hud.gov/sites/dfiles/OCHCO/documents/20-21hsgml.pdf,20-21hsgml.pdf,hud.gov,,,—,pending,2026-03-12T16:57:39.343191+00:00,,,,,,,,,,,,,,,,,,,,,,,,,,,,
https://www.hud.gov/sites/dfiles/OCHCO/documents/20-22hsgml.pdf,20-22hsgml.pdf,hud.gov,,,—,pending,2026-03-12T16:57:39.344197+00:00,,,,,,,,,,,,,,,,,,,,,,,,,,,,
https://www.hud.gov/sites/documents/20003c1oigh.pdf,20003c1oigh.pdf,hud.gov,,,—,pending,2026-03-12T16:57:39.344819+00:00,,,,,,,,,,,,,,,,,,,,,,,,,,,,
https://www.hud.gov/sites/documents/20003c2oigh.pdf,20003c2oigh.pdf,hud.gov,,,—,pending,2026-03-12T16:57:39.345426+00:00,,,,,,,,,,,,,,,,,,,,,,,,,,,,
https://www.hud.gov/sites/documents/20003c3oigh.pdf,20003c3oigh.pdf,hud.gov,,,—,pending,2026-03-12T16:57:39.346060+00:00,,,,,,,,,,,,,,,,,,,,,,,,,,,,
https://www.hud.gov/sites/documents/20003c4oigh.pdf,20003c4oigh.pdf,hud.gov,,,—,pending,2026-03-12T16:57:39.346719+00:00,,,,,,,,,,,,,,,,,,,,,,,,,,,,
https://www.hud.gov/sites/documents/20003c5oigh.pdf,20003c5oigh.pdf,hud.gov,,,—,pending,2026-03-12T16:57:39.347355+00:00,,,,,,,,,,,,,,,,,,,,,,,,,,,,
https://www.hud.gov/sites/documents/20003c6oigh.pdf,20003c6oigh.pdf,hud.gov,,,—,pending,2026-03-12T16:57:39.347978+00:00,,,,,,,,,,,,,,,,,,,,,,,,,,,,
https://www.hud.gov/sites/documents/20003tocoigh.pdf,20003tocoigh.pdf,hud.gov,,,—,pending,2026-03-12T16:57:39.348581+00:00,,,,,,,,,,,,,,,,,,,,,,,,,,,,
https://www.hud.gov/sites/documents/20003trnoigh.pdf,20003trnoigh.pdf,hud.gov,,,—,pending,2026-03-12T16:57:39.349181+00:00,,,,,,,,,,,,,,,,,,,,,,,,,,,,
https://www.hud.gov/sites/documents/20004appoigh.pdf,20004appoigh.pdf,hud.gov,,,—,pending,2026-03-12T16:57:39.350099+00:00,,,,,,,,,,,,,,,,,,,,,,,,,,,,
https://www.hud.gov/sites/documents/20004c01oigh.pdf,20004c01oigh.pdf,hud.gov,,,—,pending,2026-03-12T16:57:39.350794+00:00,,,,,,,,,,,,,,,,,,,,,,,,,,,,
https://www.hud.gov/sites/documents/20004c02oigh.pdf,20004c02oigh.pdf,hud.gov,,,—,pending,2026-03-12T16:57:39.351692+00:00,,,,,,,,,,,,,,,,,,,,,,,,,,,,
https://www.hud.gov/sites/documents/20004c03oigh.pdf,20004c03oigh.pdf,hud.gov,,,—,pending,2026-03-12T16:57:39.352650+00:00,,,,,,,,,,,,,,,,,,,,,,,,,,,,
https://www.hud.gov/sites/documents/20004c04oigh.pdf,20004c04oigh.pdf,hud.gov,,,—,pending,2026-03-12T16:57:39.353479+00:00,,,,,,,,,,,,,,,,,,,,,,,,,,,,
https://www.hud.gov/sites/documents/20004c05oigh.pdf,20004c05oigh.pdf,hud.gov,,,—,pending,2026-03-12T16:57:39.354190+00:00,,,,,,,,,,,,,,,,,,,,,,,,,,,,
https://www.hud.gov/sites/documents/20004c06oigh.pdf,20004c06oigh.pdf,hud.gov,,,—,pending,2026-03-12T16:57:39.355155+00:00,,,,,,,,,,,,,,,,,,,,,,,,,,,,
https://www.hud.gov/sites/documents/20004c07oigh.pdf,20004c07oigh.pdf,hud.gov,,,—,pending,2026-03-12T16:57:39.356462+00:00,,,,,,,,,,,,,,,,,,,,,,,,,,,,
https://www.hud.gov/sites/documents/20004oigh.pdf,20004oigh.pdf,hud.gov,,,—,pending,2026-03-12T16:57:39.359638+00:00,,,,,,,,,,,,,,,,,,,,,,,,,,,,
https://www.hud.gov/sites/documents/20004trnc01oigh.pdf,20004trnc01oigh.pdf,hud.gov,,,—,pending,2026-03-12T16:57:39.360299+00:00,,,,,,,,,,,,,,,,,,,,,,,,,,,,
https://www.hud.gov/sites/documents/20004trnc02oigh.pdf,20004trnc02oigh.pdf,hud.gov,,,—,pending,2026-03-12T16:57:39.360948+00:00,,,,,,,,,,,,,,,,,,,,,,,,,,,,
https://www.hud.gov/sites/documents/20004trnc03oigh.pdf,20004trnc03oigh.pdf,hud.gov,,,—,pending,2026-03-12T16:57:39.361693+00:00,,,,,,,,,,,,,,,,,,,,,,,,,,,,
https://www.hud.gov/sites/documents/20004trnc04oigh.pdf,20004trnc04oigh.pdf,hud.gov,,,—,pending,2026-03-12T16:57:39.362320+00:00,,,,,,,,,,,,,,,,,,,,,,,,,,,,
https://www.hud.gov/sites/documents/20004trnc05oigh.pdf,20004trnc05oigh.pdf,hud.gov,,,—,pending,2026-03-12T16:57:39.363094+00:00,,,,,,,,,,,,,,,,,,,,,,,,,,,,
https://www.hud.gov/sites/documents/20004trnc06oigh.pdf,20004trnc06oigh.pdf,hud.gov,,,—,pending,2026-03-12T16:57:39.363734+00:00,,,,,,,,,,,,,,,,,,,,,,,,,,,,
https://www.hud.gov/sites/documents/20004trnc07oigh.pdf,20004trnc07oigh.pdf,hud.gov,,,—,pending,2026-03-12T16:57:39.364820+00:00,,,,,,,,,,,,,,,,,,,,,,,,,,,,
https://www.hud.gov/sites/documents/2017-03certifying_officers.pdf,2017-03certifying_officers.pdf,hud.gov,,191146,186.7 KB,pending,2026-03-12T16:57:39.365706+00:00,,,,,,,,,,,,,,,,,,,,,,,,,,,,
https://www.hud.gov/sites/documents/2017new184los.pdf,2017new184los.pdf,hud.gov,,,—,pending,2026-03-12T16:57:39.366385+00:00,,,,,,,,,,,,,,,,,,,,,,,,,,,,
https://www.hud.gov/sites/dfiles/OCHCO/documents/2018-06hsgl.pdf,2018-06hsgl.pdf,hud.gov,,,—,pending,2026-03-12T16:57:39.367184+00:00,,,,,,,,,,,,,,,,,,,,,,,,,,,,
https://www.hud.gov/sites/dfiles/OCHCO/documents/2020-12hsngml.pdf,2020-12hsngml.pdf,hud.gov,,,—,pending,2026-03-12T16:57:39.367925+00:00,,,,,,,,,,,,,,,,,,,,,,,,,,,,
https://www.hud.gov/sites/dfiles/OCHCO/documents/2020-13hsngml.pdf,2020-13hsngml.pdf,hud.gov,,,—,pending,2026-03-12T16:57:39.368715+00:00,,,,,,,,,,,,,,,,,,,,,,,,,,,,
https://www.hud.gov/sites/dfiles/OCHCO/documents/2020-14hsngml.pdf,2020-14hsngml.pdf,hud.gov,,,—,pending,2026-03-12T16:57:39.369436+00:00,,,,,,,,,,,,,,,,,,,,,,,,,,,,
https://www.hud.gov/sites/dfiles/OCHCO/documents/2020-16exhsgml.pdf,2020-16exhsgml.pdf,hud.gov,,,—,pending,2026-03-12T16:57:39.370213+00:00,,,,,,,,,,,,,,,,,,,,,,,,,,,,
https://www.hud.gov/sites/dfiles/OCHCO/documents/2020-16hsngml.pdf,2020-16hsngml.pdf,hud.gov,,,—,pending,2026-03-12T16:57:39.371056+00:00,,,,,,,,,,,,,,,,,,,,,,,,,,,,
https://www.hud.gov/sites/dfiles/OCHCO/documents/2020-18hsngml.pdf,2020-18hsngml.pdf,hud.gov,,,—,pending,2026-03-12T16:57:39.371982+00:00,,,,,,,,,,,,,,,,,,,,,,,,,,,,
https://www.hud.gov/sites/dfiles/OCHCO/documents/2020-19hsngml.pdf,2020-19hsngml.pdf,hud.gov,,,—,pending,2026-03-12T16:57:39.372701+00:00,,,,,,,,,,,,,,,,,,,,,,,,,,,,
https://www.hud.gov/sites/dfiles/OCHCO/documents/2020-20hsngml.pdf,2020-20hsngml.pdf,hud.gov,,,—,pending,2026-03-12T16:57:39.373421+00:00,,,,,,,,,,,,,,,,,,,,,,,,,,,,
https://www.hud.gov/sites/dfiles/OCHCO/documents/2020-23hsgml.pdf,2020-23hsgml.pdf,hud.gov,,,—,pending,2026-03-12T16:57:39.374230+00:00,,,,,,,,,,,,,,,,,,,,,,,,,,,,
https://www.hud.gov/sites/dfiles/OCHCO/documents/2020-24exhsnml.pdf,2020-24exhsnml.pdf,hud.gov,,,—,pending,2026-03-12T16:57:39.375021+00:00,,,,,,,,,,,,,,,,,,,,,,,,,,,,
https://www.hud.gov/sites/dfiles/OCHCO/documents/2020-24hsgml.pdf,2020-24hsgml.pdf,hud.gov,,,—,pending,2026-03-12T16:57:39.375787+00:00,,,,,,,,,,,,,,,,,,,,,,,,,,,,
https://www.hud.gov/sites/dfiles/OCHCO/documents/2020-26hsgml.pdf,2020-26hsgml.pdf,hud.gov,,,—,pending,2026-03-12T16:57:39.376563+00:00,,,,,,,,,,,,,,,,,,,,,,,,,,,,
https://www.hud.gov/sites/dfiles/OCHCO/documents/2020-27hsgml.pdf,2020-27hsgml.pdf,hud.gov,,,—,pending,2026-03-12T16:57:39.377294+00:00,,,,,,,,,,,,,,,,,,,,,,,,,,,,
https://www.hud.gov/sites/dfiles/OCHCO/documents/2020-28hsgml.pdf,2020-28hsgml.pdf,hud.gov,,,—,pending,2026-03-12T16:57:39.378012+00:00,,,,,,,,,,,,,,,,,,,,,,,,,,,,
https://www.hud.gov/sites/dfiles/OCHCO/documents/2020-29hsgml.pdf,2020-29hsgml.pdf,hud.gov,,,—,pending,2026-03-12T16:57:39.378795+00:00,,,,,,,,,,,,,,,,,,,,,,,,,,,,
https://www.hud.gov/sites/dfiles/OCHCO/documents/2020-2hsgml.pdf,2020-2hsgml.pdf,hud.gov,,,—,pending,2026-03-12T16:57:39.379547+00:00,,,,,,,,,,,,,,,,,,,,,,,,,,,,
https://www.hud.gov/sites/dfiles/OCHCO/documents/2020-30hsgml.pdf,2020-30hsgml.pdf,hud.gov,,,—,pending,2026-03-12T16:57:39.380425+00:00,,,,,,,,,,,,,,,,,,,,,,,,,,,,
https://www.hud.gov/sites/dfiles/OCHCO/documents/2020-31hsgml.pdf,2020-31hsgml.pdf,hud.gov,,,—,pending,2026-03-12T16:57:39.381171+00:00,,,,,,,,,,,,,,,,,,,,,,,,,,,,
https://www.hud.gov/sites/dfiles/OCHCO/documents/2020-31hsgmlatch.pdf,2020-31hsgmlatch.pdf,hud.gov,,,—,pending,2026-03-12T16:57:39.382355+00:00,,,,,,,,,,,,,,,,,,,,,,,,,,,,
https://www.hud.gov/sites/dfiles/OCHCO/documents/2020-32hsgml.pdf,2020-32hsgml.pdf,hud.gov,,,—,pending,2026-03-12T16:57:39.383146+00:00,,,,,,,,,,,,,,,,,,,,,,,,,,,,
https://www.hud.gov/sites/dfiles/OCHCO/documents/2020-34hsgml.pdf,2020-34hsgml.pdf,hud.gov,,,—,pending,2026-03-12T16:57:39.383955+00:00,,,,,,,,,,,,,,,,,,,,,,,,,,,,
https://www.hud.gov/sites/dfiles/OCHCO/documents/2020-35hsgml.pdf,2020-35hsgml.pdf,hud.gov,,,—,pending,2026-03-12T16:57:39.384581+00:00,,,,,,,,,,,,,,,,,,,,,,,,,,,,
https://www.hud.gov/sites/dfiles/OCHCO/documents/2020-36hsgml.pdf,2020-36hsgml.pdf,hud.gov,,,—,pending,2026-03-12T16:57:39.385229+00:00,,,,,,,,,,,,,,,,,,,,,,,,,,,,
https://www.hud.gov/sites/dfiles/OCHCO/documents/2020-37hsgml.pdf,2020-37hsgml.pdf,hud.gov,,,—,pending,2026-03-12T16:57:39.386041+00:00,,,,,,,,,,,,,,,,,,,,,,,,,,,,
https://www.hud.gov/sites/dfiles/OCHCO/documents/2020-38hsgml.pdf,2020-38hsgml.pdf,hud.gov,,,—,pending,2026-03-12T16:57:39.386966+00:00,,,,,,,,,,,,,,,,,,,,,,,,,,,,
https://www.hud.gov/sites/dfiles/OCHCO/documents/2020-41hsgml.pdf,2020-41hsgml.pdf,hud.gov,,,—,pending,2026-03-12T16:57:39.387771+00:00,,,,,,,,,,,,,,,,,,,,,,,,,,,,
https://www.hud.gov/sites/dfiles/OCHCO/documents/2020-42hsgml.pdf,2020-42hsgml.pdf,hud.gov,,,—,pending,2026-03-12T16:57:39.388538+00:00,,,,,,,,,,,,,,,,,,,,,,,,,,,,
https://www.hud.gov/sites/dfiles/OCHCO/documents/2020-43hsgml.pdf,2020-43hsgml.pdf,hud.gov,,,—,pending,2026-03-12T16:57:39.389181+00:00,,,,,,,,,,,,,,,,,,,,,,,,,,,,
https://www.hud.gov/sites/dfiles/OCHCO/documents/2020-44hsgml.pdf,2020-44hsgml.pdf,hud.gov,,,—,pending,2026-03-12T16:57:39.389810+00:00,,,,,,,,,,,,,,,,,,,,,,,,,,,,
https://www.hud.gov/sites/dfiles/OCHCO/documents/2020-45hsgml.pdf,2020-45hsgml.pdf,hud.gov,,,—,pending,2026-03-12T16:57:39.390448+00:00,,,,,,,,,,,,,,,,,,,,,,,,,,,,
https://www.hud.gov/sites/dfiles/OCHCO/documents/2020-46hsgml.pdf,2020-46hsgml.pdf,hud.gov,,,—,pending,2026-03-12T16:57:39.391086+00:00,,,,,,,,,,,,,,,,,,,,,,,,,,,,
https://www.hud.gov/sites/dfiles/OCHCO/documents/2020-47hsgml.pdf,2020-47hsgml.pdf,hud.gov,,,—,pending,2026-03-12T16:57:39.391710+00:00,,,,,,,,,,,,,,,,,,,,,,,,,,,,
https://www.hud.gov/sites/dfiles/OCHCO/documents/2020-48hsgml.pdf,2020-48hsgml.pdf,hud.gov,,,—,pending,2026-03-12T16:57:39.392523+00:00,,,,,,,,,,,,,,,,,,,,,,,,,,,,
https://www.hud.gov/sites/dfiles/OCHCO/documents/2020-49hsgml.pdf,2020-49hsgml.pdf,hud.gov,,,—,pending,2026-03-12T16:57:39.393408+00:00,,,,,,,,,,,,,,,,,,,,,,,,,,,,
https://www.hud.gov/sites/dfiles/OCHCO/documents/2021-02hsgml.pdf,2021-02hsgml.pdf,hud.gov,,,—,pending,2026-03-12T16:57:39.394265+00:00,,,,,,,,,,,,,,,,,,,,,,,,,,,,
https://www.hud.gov/sites/dfiles/OCHCO/documents/2021-03hsgml.pdf,2021-03hsgml.pdf,hud.gov,,,—,pending,2026-03-12T16:57:39.395047+00:00,,,,,,,,,,,,,,,,,,,,,,,,,,,,
https://www.hud.gov/sites/dfiles/OCHCO/documents/2021-04hsgml.pdf,2021-04hsgml.pdf,hud.gov,,,—,pending,2026-03-12T16:57:39.395804+00:00,,,,,,,,,,,,,,,,,,,,,,,,,,,,
https://www.hud.gov/sites/dfiles/OCHCO/documents/2021-05hsgml.pdf,2021-05hsgml.pdf,hud.gov,,,—,pending,2026-03-12T16:57:39.396889+00:00,,,,,,,,,,,,,,,,,,,,,,,,,,,,
https://www.hud.gov/sites/dfiles/OCHCO/documents/2021-06hsgml.pdf,2021-06hsgml.pdf,hud.gov,,,—,pending,2026-03-12T16:57:39.397660+00:00,,,,,,,,,,,,,,,,,,,,,,,,,,,,
https://www.hud.gov/sites/dfiles/OCHCO/documents/2021-07hsgml.pdf,2021-07hsgml.pdf,hud.gov,,,—,pending,2026-03-12T16:57:39.398438+00:00,,,,,,,,,,,,,,,,,,,,,,,,,,,,
https://www.hud.gov/sites/dfiles/OCHCO/documents/2021-08hsgml.pdf,2021-08hsgml.pdf,hud.gov,,,—,pending,2026-03-12T16:57:39.399298+00:00,,,,,,,,,,,,,,,,,,,,,,,,,,,,
https://www.hud.gov/sites/dfiles/OCHCO/documents/2021-09hsgml.pdf,2021-09hsgml.pdf,hud.gov,,,—,pending,2026-03-12T16:57:39.400102+00:00,,,,,,,,,,,,,,,,,,,,,,,,,,,,
https://www.hud.gov/sites/dfiles/OCHCO/documents/2021-11hsgml.pdf,2021-11hsgml.pdf,hud.gov,,,—,pending,2026-03-12T16:57:39.400951+00:00,,,,,,,,,,,,,,,,,,,,,,,,,,,,
https://www.hud.gov/sites/dfiles/OCHCO/documents/2021-12hsgml.pdf,2021-12hsgml.pdf,hud.gov,,,—,pending,2026-03-12T16:57:39.401820+00:00,,,,,,,,,,,,,,,,,,,,,,,,,,,,
https://www.hud.gov/sites/dfiles/OCHCO/documents/2021-13hsgml.pdf,2021-13hsgml.pdf,hud.gov,,,—,pending,2026-03-12T16:57:39.402661+00:00,,,,,,,,,,,,,,,,,,,,,,,,,,,,
https://www.hud.gov/sites/dfiles/OCHCO/documents/2021-14hsgml.pdf,2021-14hsgml.pdf,hud.gov,,,—,pending,2026-03-12T16:57:39.403352+00:00,,,,,,,,,,,,,,,,,,,,,,,,,,,,
https://www.hud.gov/sites/dfiles/OCHCO/documents/2021-15hsgml.pdf,2021-15hsgml.pdf,hud.gov,,,—,pending,2026-03-12T16:57:39.404312+00:00,,,,,,,,,,,,,,,,,,,,,,,,,,,,
https://www.hud.gov/sites/dfiles/OCHCO/documents/2021-16hsgml.pdf,2021-16hsgml.pdf,hud.gov,,,—,pending,2026-03-12T16:57:39.405105+00:00,,,,,,,,,,,,,,,,,,,,,,,,,,,,
https://www.hud.gov/sites/dfiles/OCHCO/documents/2021-17hsgml.pdf,2021-17hsgml.pdf,hud.gov,,,—,pending,2026-03-12T16:57:39.405943+00:00,,,,,,,,,,,,,,,,,,,,,,,,,,,,
https://www.hud.gov/sites/dfiles/OCHCO/documents/2021-18hsgml.pdf,2021-18hsgml.pdf,hud.gov,,,—,pending,2026-03-12T16:57:39.407037+00:00,,,,,,,,,,,,,,,,,,,,,,,,,,,,
https://www.hud.gov/sites/dfiles/OCHCO/documents/2021-19hsgml.pdf,2021-19hsgml.pdf,hud.gov,,,—,pending,2026-03-12T16:57:39.407808+00:00,,,,,,,,,,,,,,,,,,,,,,,,,,,,
https://www.hud.gov/sites/dfiles/OCHCO/documents/2021-21hsngml.pdf,2021-21hsngml.pdf,hud.gov,,,—,pending,2026-03-12T16:57:39.408694+00:00,,,,,,,,,,,,,,,,,,,,,,,,,,,,
https://www.hud.gov/sites/dfiles/OCHCO/documents/2021-23hsngml.pdf,2021-23hsngml.pdf,hud.gov,,,—,pending,2026-03-12T16:57:39.409598+00:00,,,,,,,,,,,,,,,,,,,,,,,,,,,,
https://www.hud.gov/sites/dfiles/OCHCO/documents/2021-24hsngml.pdf,2021-24hsngml.pdf,hud.gov,,,—,pending,2026-03-12T16:57:39.410314+00:00,,,,,,,,,,,,,,,,,,,,,,,,,,,,
https://www.hud.gov/sites/dfiles/OCHCO/documents/2021-27hsgml.pdf,2021-27hsgml.pdf,hud.gov,,,—,pending,2026-03-12T16:57:39.411183+00:00,,,,,,,,,,,,,,,,,,,,,,,,,,,,
https://www.hud.gov/sites/dfiles/OCHCO/documents/2021-28mlhsg.pdf,2021-28mlhsg.pdf,hud.gov,,,—,pending,2026-03-12T16:57:39.411843+00:00,,,,,,,,,,,,,,,,,,,,,,,,,,,,
https://www.hud.gov/sites/dfiles/OCHCO/documents/2021-29mlhsg.pdf,2021-29mlhsg.pdf,hud.gov,,,—,pending,2026-03-12T16:57:39.412498+00:00,,,,,,,,,,,,,,,,,,,,,,,,,,,,
https://www.hud.gov/sites/dfiles/OCHCO/documents/2021-30mlhsg.pdf,2021-30mlhsg.pdf,hud.gov,,,—,pending,2026-03-12T16:57:39.413207+00:00,,,,,,,,,,,,,,,,,,,,,,,,,,,,
https://www.hud.gov/sites/dfiles/OCHCO/documents/2021-31hsgml.pdf,2021-31hsgml.pdf,hud.gov,,,—,pending,2026-03-12T16:57:39.414075+00:00,,,,,,,,,,,,,,,,,,,,,,,,,,,,
https://www.hud.gov/sites/dfiles/OCHCO/documents/2022-01hsgml.pdf,2022-01hsgml.pdf,hud.gov,,,—,pending,2026-03-12T16:57:39.414980+00:00,,,,,,,,,,,,,,,,,,,,,,,,,,,,
https://www.hud.gov/sites/dfiles/OCHCO/documents/2022-02hsgml.pdf,2022-02hsgml.pdf,hud.gov,,,—,pending,2026-03-12T16:57:39.415784+00:00,,,,,,,,,,,,,,,,,,,,,,,,,,,,
https://www.hud.gov/sites/dfiles/OCHCO/documents/2022-04hsgml.pdf,2022-04hsgml.pdf,hud.gov,,,—,pending,2026-03-12T16:57:39.416608+00:00,,,,,,,,,,,,,,,,,,,,,,,,,,,,
https://www.hud.gov/sites/dfiles/OCHCO/documents/2022-06hsgml.pdf,2022-06hsgml.pdf,hud.gov,,,—,pending,2026-03-12T16:57:39.417428+00:00,,,,,,,,,,,,,,,,,,,,,,,,,,,,
https://www.hud.gov/sites/dfiles/OCHCO/documents/2022-07hsgml.pdf,2022-07hsgml.pdf,hud.gov,,,—,pending,2026-03-12T16:57:39.418341+00:00,,,,,,,,,,,,,,,,,,,,,,,,,,,,
https://www.hud.gov/sites/dfiles/OCHCO/documents/2022-08hsgml.pdf,2022-08hsgml.pdf,hud.gov,,,—,pending,2026-03-12T16:57:39.419214+00:00,,,,,,,,,,,,,,,,,,,,,,,,,,,,
https://www.hud.gov/sites/dfiles/OCHCO/documents/2022-09hsgml.pdf,2022-09hsgml.pdf,hud.gov,,,—,pending,2026-03-12T16:57:39.420252+00:00,,,,,,,,,,,,,,,,,,,,,,,,,,,,
https://www.hud.gov/sites/dfiles/OCHCO/documents/2022-11hsgml.pdf,2022-11hsgml.pdf,hud.gov,,,—,pending,2026-03-12T16:57:39.421088+00:00,,,,,,,,,,,,,,,,,,,,,,,,,,,,
https://www.hud.gov/sites/dfiles/OCHCO/documents/2022-14hsngml.pdf,2022-14hsngml.pdf,hud.gov,,,—,pending,2026-03-12T16:57:39.421940+00:00,,,,,,,,,,,,,,,,,,,,,,,,,,,,
https://www.hud.gov/sites/dfiles/OCHCO/documents/2022-15hsgml.pdf,2022-15hsgml.pdf,hud.gov,,,—,pending,2026-03-12T16:57:39.422982+00:00,,,,,,,,,,,,,,,,,,,,,,,,,,,,
https://www.hud.gov/sites/dfiles/OCHCO/documents/2022-17hgnml.pdf,2022-17hgnml.pdf,hud.gov,,,—,pending,2026-03-12T16:57:39.423798+00:00,,,,,,,,,,,,,,,,,,,,,,,,,,,,
https://www.hud.gov/sites/dfiles/OCHCO/documents/2022-18hsgml.pdf,2022-18hsgml.pdf,hud.gov,,,—,pending,2026-03-12T16:57:39.424833+00:00,,,,,,,,,,,,,,,,,,,,,,,,,,,,
https://www.hud.gov/sites/dfiles/OCHCO/documents/2022-19hsgml.pdf,2022-19hsgml.pdf,hud.gov,,,—,pending,2026-03-12T16:57:39.425731+00:00,,,,,,,,,,,,,,,,,,,,,,,,,,,,
https://www.hud.gov/sites/dfiles/OCHCO/documents/2022-20hsgml.pdf,2022-20hsgml.pdf,hud.gov,,,—,pending,2026-03-12T16:57:39.426622+00:00,,,,,,,,,,,,,,,,,,,,,,,,,,,,
https://www.hud.gov/sites/dfiles/OCHCO/documents/2022-21hsgml.pdf,2022-21hsgml.pdf,hud.gov,,,—,pending,2026-03-12T16:57:39.427410+00:00,,,,,,,,,,,,,,,,,,,,,,,,,,,,
https://www.hud.gov/sites/dfiles/OCHCO/documents/2022-22hsgml.pdf,2022-22hsgml.pdf,hud.gov,,,—,pending,2026-03-12T16:57:39.428290+00:00,,,,,,,,,,,,,,,,,,,,,,,,,,,,
https://www.hud.gov/sites/dfiles/OCHCO/documents/2022-23hsgml.pdf,2022-23hsgml.pdf,hud.gov,,,—,pending,2026-03-12T16:57:39.429117+00:00,,,,,,,,,,,,,,,,,,,,,,,,,,,,
https://www.hud.gov/sites/dfiles/PIH/documents/2022_184A_Loan_Limits.pdf,2022_184A_Loan_Limits.pdf,hud.gov,,,—,pending,2026-03-12T16:57:39.429807+00:00,,,,,,,,,,,,,,,,,,,,,,,,,,,,
https://www.hud.gov/sites/dfiles/PIH/documents/2022_184_Loan_Limits.pdf,2022_184_Loan_Limits.pdf,hud.gov,,,—,pending,2026-03-12T16:57:39.432020+00:00,,,,,,,,,,,,,,,,,,,,,,,,,,,,
https://www.hud.gov/sites/dfiles/OCHCO/documents/2023-01hsgml.pdf,2023-01hsgml.pdf,hud.gov,,,—,pending,2026-03-12T16:57:39.432816+00:00,,,,,,,,,,,,,,,,,,,,,,,,,,,,
https://www.hud.gov/sites/dfiles/OCHCO/documents/2023-03hsgml.pdf,2023-03hsgml.pdf,hud.gov,,,—,pending,2026-03-12T16:57:39.433855+00:00,,,,,,,,,,,,,,,,,,,,,,,,,,,,
https://www.hud.gov/sites/dfiles/OCHCO/documents/2023-04hsgml.pdf,2023-04hsgml.pdf,hud.gov,,,—,pending,2026-03-12T16:57:39.434917+00:00,,,,,,,,,,,,,,,,,,,,,,,,,,,,
https://www.hud.gov/sites/dfiles/OCHCO/documents/2023-05hsgml.pdf,2023-05hsgml.pdf,hud.gov,,,—,pending,2026-03-12T16:57:39.435829+00:00,,,,,,,,,,,,,,,,,,,,,,,,,,,,
https://www.hud.gov/sites/dfiles/OCHCO/documents/2023-06hsgml.pdf,2023-06hsgml.pdf,hud.gov,,,—,pending,2026-03-12T16:57:39.436742+00:00,,,,,,,,,,,,,,,,,,,,,,,,,,,,
https://www.hud.gov/sites/dfiles/OCHCO/documents/2023-08hsgml.pdf,2023-08hsgml.pdf,hud.gov,,,—,pending,2026-03-12T16:57:39.437603+00:00,,,,,,,,,,,,,,,,,,,,,,,,,,,,
https://www.hud.gov/sites/dfiles/OCHCO/documents/2023-09hsgml.pdf,2023-09hsgml.pdf,hud.gov,,,—,pending,2026-03-12T16:57:39.438606+00:00,,,,,,,,,,,,,,,,,,,,,,,,,,,,
https://www.hud.gov/sites/dfiles/OCHCO/documents/2023-11hsgml.pdf,2023-11hsgml.pdf,hud.gov,,,—,pending,2026-03-12T16:57:39.439555+00:00,,,,,,,,,,,,,,,,,,,,,,,,,,,,
https://www.hud.gov/sites/dfiles/OCHCO/documents/2023-13hsgml.pdf,2023-13hsgml.pdf,hud.gov,,,—,pending,2026-03-12T16:57:39.440322+00:00,,,,,,,,,,,,,,,,,,,,,,,,,,,,
https://www.hud.gov/sites/dfiles/OCHCO/documents/2023-15hsgml.pdf,2023-15hsgml.pdf,hud.gov,,,—,pending,2026-03-12T16:57:39.441181+00:00,,,,,,,,,,,,,,,,,,,,,,,,,,,,
https://www.hud.gov/sites/dfiles/OCHCO/documents/2023-17hsgml.pdf,2023-17hsgml.pdf,hud.gov,,,—,pending,2026-03-12T16:57:39.442436+00:00,,,,,,,,,,,,,,,,,,,,,,,,,,,,
https://www.hud.gov/sites/dfiles/OCHCO/documents/2023-18hsgml.pdf,2023-18hsgml.pdf,hud.gov,,,—,pending,2026-03-12T16:57:39.443239+00:00,,,,,,,,,,,,,,,,,,,,,,,,,,,,
https://www.hud.gov/sites/dfiles/OCHCO/documents/2023-19hsgml.pdf,2023-19hsgml.pdf,hud.gov,,,—,pending,2026-03-12T16:57:39.444050+00:00,,,,,,,,,,,,,,,,,,,,,,,,,,,,
https://www.hud.gov/sites/dfiles/OCHCO/documents/2023-20hsgml.pdf,2023-20hsgml.pdf,hud.gov,,,—,pending,2026-03-12T16:57:39.444932+00:00,,,,,,,,,,,,,,,,,,,,,,,,,,,,
https://www.hud.gov/sites/dfiles/OCHCO/documents/2023-21hsgml.pdf,2023-21hsgml.pdf,hud.gov,,,—,pending,2026-03-12T16:57:39.445751+00:00,,,,,,,,,,,,,,,,,,,,,,,,,,,,
https://www.hud.gov/sites/dfiles/OCHCO/documents/2023-22hsgml.pdf,2023-22hsgml.pdf,hud.gov,,,—,pending,2026-03-12T16:57:39.446546+00:00,,,,,,,,,,,,,,,,,,,,,,,,,,,,
https://www.hud.gov/sites/dfiles/PA/documents/2023-FEVS-HEART-Report.pdf,2023-FEVS-HEART-Report.pdf,hud.gov,,1818281,1.7 MB,pending,2026-03-12T16:57:39.450103+00:00,,,,,,,,,,,,,,,,,,,,,,,,,,,,
https://www.hud.gov/sites/dfiles/OCHCO/documents/2024-02hsgml.pdf,2024-02hsgml.pdf,hud.gov,,,—,pending,2026-03-12T16:57:39.451305+00:00,,,,,,,,,,,,,,,,,,,,,,,,,,,,
https://www.hud.gov/sites/dfiles/OCHCO/documents/2024-04hsgml.pdf,2024-04hsgml.pdf,hud.gov,,,—,pending,2026-03-12T16:57:39.452141+00:00,,,,,,,,,,,,,,,,,,,,,,,,,,,,
https://www.hud.gov/sites/dfiles/OCHCO/documents/2024-07hsgml.pdf,2024-07hsgml.pdf,hud.gov,,,—,pending,2026-03-12T16:57:39.453140+00:00,,,,,,,,,,,,,,,,,,,,,,,,,,,,
https://www.hud.gov/sites/dfiles/OCHCO/documents/2024-08hsgml.pdf,2024-08hsgml.pdf,hud.gov,,,—,pending,2026-03-12T16:57:39.453958+00:00,,,,,,,,,,,,,,,,,,,,,,,,,,,,
https://www.hud.gov/sites/dfiles/OCHCO/documents/2024-09hsgml.pdf,2024-09hsgml.pdf,hud.gov,,,—,pending,2026-03-12T16:57:39.454762+00:00,,,,,,,,,,,,,,,,,,,,,,,,,,,,
https://www.hud.gov/sites/dfiles/OCHCO/documents/2024-10hsgml.pdf,2024-10hsgml.pdf,hud.gov,,,—,pending,2026-03-12T16:57:39.455619+00:00,,,,,,,,,,,,,,,,,,,,,,,,,,,,
https://www.hud.gov/sites/dfiles/OCHCO/documents/2024-12hsgml.pdf,2024-12hsgml.pdf,hud.gov,,,—,pending,2026-03-12T16:57:39.456346+00:00,,,,,,,,,,,,,,,,,,,,,,,,,,,,
https://www.hud.gov/sites/dfiles/OCHCO/documents/2024-13hsgml.pdf,2024-13hsgml.pdf,hud.gov,,,—,pending,2026-03-12T16:57:39.457347+00:00,,,,,,,,,,,,,,,,,,,,,,,,,,,,
https://www.hud.gov/sites/dfiles/OCHCO/documents/2024-14hsgml.pdf,2024-14hsgml.pdf,hud.gov,,,—,pending,2026-03-12T16:57:39.458328+00:00,,,,,,,,,,,,,,,,,,,,,,,,,,,,
https://www.hud.gov/sites/dfiles/OCHCO/documents/2024-15hsgml.pdf,2024-15hsgml.pdf,hud.gov,,,—,pending,2026-03-12T16:57:39.459123+00:00,,,,,,,,,,,,,,,,,,,,,,,,,,,,
https://www.hud.gov/sites/dfiles/OCHCO/documents/2024-19hsgml.pdf,2024-19hsgml.pdf,hud.gov,,,—,pending,2026-03-12T16:57:39.459935+00:00,,,,,,,,,,,,,,,,,,,,,,,,,,,,
https://www.hud.gov/sites/dfiles/OCHCO/documents/2024-20hsgml.pdf,2024-20hsgml.pdf,hud.gov,,,—,pending,2026-03-12T16:57:39.460849+00:00,,,,,,,,,,,,,,,,,,,,,,,,,,,,
https://www.hud.gov/sites/dfiles/OCHCO/documents/2024-21hsgml.pdf,2024-21hsgml.pdf,hud.gov,,,—,pending,2026-03-12T16:57:39.461649+00:00,,,,,,,,,,,,,,,,,,,,,,,,,,,,
https://www.hud.gov/sites/dfiles/OCHCO/documents/2024-23hsgml.pdf,2024-23hsgml.pdf,hud.gov,,,—,pending,2026-03-12T16:57:39.462473+00:00,,,,,,,,,,,,,,,,,,,,,,,,,,,,
https://www.hud.gov/sites/dfiles/OCHCO/documents/2024-24pihn.pdf,2024-24pihn.pdf,hud.gov,,143023,139.7 KB,pending,2026-03-12T16:57:39.463293+00:00,,,,,,,,,,,,,,,,,,,,,,,,,,,,
https://www.hud.gov/sites/dfiles/OCHCO/documents/2025-01hsgml.pdf,2025-01hsgml.pdf,hud.gov,,,—,pending,2026-03-12T16:57:39.464066+00:00,,,,,,,,,,,,,,,,,,,,,,,,,,,,
https://www.hud.gov/sites/dfiles/OCHCO/documents/2025-01hsgmlattachment.pdf,2025-01hsgmlattachment.pdf,hud.gov,,,—,pending,2026-03-12T16:57:39.465477+00:00,,,,,,,,,,,,,,,,,,,,,,,,,,,,
https://www.hud.gov/sites/dfiles/OCHCO/documents/2025-04hsgml.pdf,2025-04hsgml.pdf,hud.gov,,,—,pending,2026-03-12T16:57:39.466470+00:00,,,,,,,,,,,,,,,,,,,,,,,,,,,,
https://www.hud.gov/sites/dfiles/OCHCO/documents/2025-05hsgml.pdf,2025-05hsgml.pdf,hud.gov,,,—,pending,2026-03-12T16:57:39.467715+00:00,,,,,,,,,,,,,,,,,,,,,,,,,,,,
https://www.hud.gov/sites/dfiles/OCHCO/documents/2025-06hsgml.pdf,2025-06hsgml.pdf,hud.gov,,,—,pending,2026-03-12T16:57:39.471092+00:00,,,,,,,,,,,,,,,,,,,,,,,,,,,,
https://www.hud.gov/sites/dfiles/OCHCO/documents/2025-08hsgml.pdf,2025-08hsgml.pdf,hud.gov,,,—,pending,2026-03-12T16:57:39.472173+00:00,,,,,,,,,,,,,,,,,,,,,,,,,,,,
https://www.hud.gov/sites/dfiles/OCHCO/documents/2025-09hsgml.pdf,2025-09hsgml.pdf,hud.gov,,,—,pending,2026-03-12T16:57:39.473217+00:00,,,,,,,,,,,,,,,,,,,,,,,,,,,,
https://www.hud.gov/sites/dfiles/OCHCO/documents/2025-12hsgml.pdf,2025-12hsgml.pdf,hud.gov,,,—,pending,2026-03-12T16:57:39.476840+00:00,,,,,,,,,,,,,,,,,,,,,,,,,,,,
https://www.hud.gov/sites/dfiles/OCHCO/documents/2025-13hsgml.pdf,2025-13hsgml.pdf,hud.gov,,,—,pending,2026-03-12T16:57:39.477910+00:00,,,,,,,,,,,,,,,,,,,,,,,,,,,,
https://www.hud.gov/sites/dfiles/OCHCO/documents/2025-14hsgml.pdf,2025-14hsgml.pdf,hud.gov,,,—,pending,2026-03-12T16:57:39.478932+00:00,,,,,,,,,,,,,,,,,,,,,,,,,,,,
https://www.hud.gov/sites/dfiles/OCHCO/documents/2025-15hsgml.pdf,2025-15hsgml.pdf,hud.gov,,,—,pending,2026-03-12T16:57:39.480060+00:00,,,,,,,,,,,,,,,,,,,,,,,,,,,,
https://www.hud.gov/sites/dfiles/OCHCO/documents/2025-16hsgml.pdf,2025-16hsgml.pdf,hud.gov,,,—,pending,2026-03-12T16:57:39.481097+00:00,,,,,,,,,,,,,,,,,,,,,,,,,,,,
https://www.hud.gov/sites/dfiles/OCHCO/documents/2025-17hsgml.pdf,2025-17hsgml.pdf,hud.gov,,,—,pending,2026-03-12T16:57:39.482334+00:00,,,,,,,,,,,,,,,,,,,,,,,,,,,,
https://www.hud.gov/sites/dfiles/OCHCO/documents/2025-18hsgml.pdf,2025-18hsgml.pdf,hud.gov,,,—,pending,2026-03-12T16:57:39.483560+00:00,,,,,,,,,,,,,,,,,,,,,,,,,,,,
https://www.hud.gov/sites/dfiles/OCHCO/documents/2025-19hsgml.pdf,2025-19hsgml.pdf,hud.gov,,,—,pending,2026-03-12T16:57:39.484805+00:00,,,,,,,,,,,,,,,,,,,,,,,,,,,,
https://www.hud.gov/sites/dfiles/OCHCO/documents/2025-21hsgml.pdf,2025-21hsgml.pdf,hud.gov,,,—,pending,2026-03-12T16:57:39.485931+00:00,,,,,,,,,,,,,,,,,,,,,,,,,,,,
https://www.hud.gov/sites/documents/203kconsrostercert9-2015.pdf,203kconsrostercert9-2015.pdf,hud.gov,,237738,232.2 KB,pending,2026-03-12T16:57:39.486909+00:00,,,,,,,,,,,,,,,,,,,,,,,,,,,,
https://www.hud.gov/sites/documents/20653_ch04.pdf,20653_ch04.pdf,hud.gov,,262868,256.7 KB,pending,2026-03-12T16:57:39.487928+00:00,,,,,,,,,,,,,,,,,,,,,,,,,,,,
https://www.hud.gov/sites/dfiles/OCHCO/documents/2996.pdf,2996.pdf,hud.gov,,1928323,1.8 MB,pending,2026-03-12T16:57:39.491658+00:00,,,,,,,,,,,,,,,,,,,,,,,,,,,,
https://www.hud.gov/sites/dfiles/OCHCO/documents/40001-hsgh-Update-17-Redline.pdf,40001-hsgh-Update-17-Redline.pdf,hud.gov,,14600777,13.9 MB,pending,2026-03-12T16:57:39.515732+00:00,,,,,,,,,,,,,,,,,,,,,,,,,,,,
https://www.hud.gov/sites/documents/40601c1hsgh.pdf,40601c1hsgh.pdf,hud.gov,,,—,pending,2026-03-12T16:57:39.516366+00:00,,,,,,,,,,,,,,,,,,,,,,,,,,,,
https://www.hud.gov/sites/documents/40601c2hsgh.pdf,40601c2hsgh.pdf,hud.gov,,,—,pending,2026-03-12T16:57:39.517088+00:00,,,,,,,,,,,,,,,,,,,,,,,,,,,,
https://www.hud.gov/sites/documents/40601c3hsgh.pdf,40601c3hsgh.pdf,hud.gov,,,—,pending,2026-03-12T16:57:39.517737+00:00,,,,,,,,,,,,,,,,,,,,,,,,,,,,
https://www.hud.gov/sites/documents/40601c4hsgh.pdf,40601c4hsgh.pdf,hud.gov,,,—,pending,2026-03-12T16:57:39.518407+00:00,,,,,,,,,,,,,,,,,,,,,,,,,,,,
https://www.hud.gov/sites/documents/40601c5hsgh.pdf,40601c5hsgh.pdf,hud.gov,,,—,pending,2026-03-12T16:57:39.519036+00:00,,,,,,,,,,,,,,,,,,,,,,,,,,,,
https://www.hud.gov/sites/documents/40601c6hsgh.pdf,40601c6hsgh.pdf,hud.gov,,,—,pending,2026-03-12T16:57:39.519695+00:00,,,,,,,,,,,,,,,,,,,,,,,,,,,,
https://www.hud.gov/sites/documents/40601c7hsgh.pdf,40601c7hsgh.pdf,hud.gov,,,—,pending,2026-03-12T16:57:39.520418+00:00,,,,,,,,,,,,,,,,,,,,,,,,,,,,
https://www.hud.gov/sites/documents/40601c8hsgh.pdf,40601c8hsgh.pdf,hud.gov,,,—,pending,2026-03-12T16:57:39.521041+00:00,,,,,,,,,,,,,,,,,,,,,,,,,,,,
https://www.hud.gov/sites/documents/40601indexhsgh.pdf,40601indexhsgh.pdf,hud.gov,,,—,pending,2026-03-12T16:57:39.521672+00:00,,,,,,,,,,,,,,,,,,,,,,,,,,,,
https://www.hud.gov/sites/documents/40601tochsgh.pdf,40601tochsgh.pdf,hud.gov,,,—,pending,2026-03-12T16:57:39.522301+00:00,,,,,,,,,,,,,,,,,,,,,,,,,,,,
https://www.hud.gov/sites/documents/40601trnhsgh.pdf,40601trnhsgh.pdf,hud.gov,,,—,pending,2026-03-12T16:57:39.522948+00:00,,,,,,,,,,,,,,,,,,,,,,,,,,,,
https://www.hud.gov/sites/dfiles/OCHCO/documents/40602HSGH.pdf,40602HSGH.pdf,hud.gov,,,—,pending,2026-03-12T16:57:39.523662+00:00,,,,,,,,,,,,,,,,,,,,,,,,,,,,
https://www.hud.gov/sites/documents/407512c1hsgh.pdf,407512c1hsgh.pdf,hud.gov,,,—,pending,2026-03-12T16:57:39.524285+00:00,,,,,,,,,,,,,,,,,,,,,,,,,,,,
https://www.hud.gov/sites/documents/407512c2hsgh.pdf,407512c2hsgh.pdf,hud.gov,,,—,pending,2026-03-12T16:57:39.524930+00:00,,,,,,,,,,,,,,,,,,,,,,,,,,,,
https://www.hud.gov/sites/documents/407512tochsgh.pdf,407512tochsgh.pdf,hud.gov,,,—,pending,2026-03-12T16:57:39.525531+00:00,,,,,,,,,,,,,,,,,,,,,,,,,,,,
https://www.hud.gov/sites/documents/407512trnhsgh.pdf,407512trnhsgh.pdf,hud.gov,,,—,pending,2026-03-12T16:57:39.526150+00:00,,,,,,,,,,,,,,,,,,,,,,,,,,,,
https://www.hud.gov/sites/documents/407512x1hsgh.pdf,407512x1hsgh.pdf,hud.gov,,,—,pending,2026-03-12T16:57:39.526782+00:00,,,,,,,,,,,,,,,,,,,,,,,,,,,,
https://www.hud.gov/sites/documents/407512x2hsgh.pdf,407512x2hsgh.pdf,hud.gov,,,—,pending,2026-03-12T16:57:39.527392+00:00,,,,,,,,,,,,,,,,,,,,,,,,,,,,
https://www.hud.gov/sites/documents/407512x3hsgh.pdf,407512x3hsgh.pdf,hud.gov,,,—,pending,2026-03-12T16:57:39.528032+00:00,,,,,,,,,,,,,,,,,,,,,,,,,,,,
https://www.hud.gov/sites/documents/407512x4hsgh.pdf,407512x4hsgh.pdf,hud.gov,,,—,pending,2026-03-12T16:57:39.528629+00:00,,,,,,,,,,,,,,,,,,,,,,,,,,,,
https://www.hud.gov/sites/documents/407512x5hsgh.pdf,407512x5hsgh.pdf,hud.gov,,,—,pending,2026-03-12T16:57:39.529304+00:00,,,,,,,,,,,,,,,,,,,,,,,,,,,,
https://www.hud.gov/sites/documents/41501c10hsgh.pdf,41501c10hsgh.pdf,hud.gov,,,—,pending,2026-03-12T16:57:39.529950+00:00,,,,,,,,,,,,,,,,,,,,,,,,,,,,
https://www.hud.gov/sites/documents/41501c11hsgh.pdf,41501c11hsgh.pdf,hud.gov,,,—,pending,2026-03-12T16:57:39.530745+00:00,,,,,,,,,,,,,,,,,,,,,,,,,,,,
https://www.hud.gov/sites/documents/41501c12hsgh.pdf,41501c12hsgh.pdf,hud.gov,,,—,pending,2026-03-12T16:57:39.531671+00:00,,,,,,,,,,,,,,,,,,,,,,,,,,,,
https://www.hud.gov/sites/documents/41501c1hsgh.pdf,41501c1hsgh.pdf,hud.gov,,,—,pending,2026-03-12T16:57:39.532296+00:00,,,,,,,,,,,,,,,,,,,,,,,,,,,,
https://www.hud.gov/sites/documents/41501c2hsgh.pdf,41501c2hsgh.pdf,hud.gov,,,—,pending,2026-03-12T16:57:39.532967+00:00,,,,,,,,,,,,,,,,,,,,,,,,,,,,
https://www.hud.gov/sites/documents/41501c3hsgh.pdf,41501c3hsgh.pdf,hud.gov,,,—,pending,2026-03-12T16:57:39.533613+00:00,,,,,,,,,,,,,,,,,,,,,,,,,,,,
https://www.hud.gov/sites/documents/41501c4hsgh.pdf,41501c4hsgh.pdf,hud.gov,,,—,pending,2026-03-12T16:57:39.534382+00:00,,,,,,,,,,,,,,,,,,,,,,,,,,,,
https://www.hud.gov/sites/documents/41501c5hsgh.pdf,41501c5hsgh.pdf,hud.gov,,,—,pending,2026-03-12T16:57:39.535075+00:00,,,,,,,,,,,,,,,,,,,,,,,,,,,,
https://www.hud.gov/sites/documents/41501c6hsgh.pdf,41501c6hsgh.pdf,hud.gov,,,—,pending,2026-03-12T16:57:39.535942+00:00,,,,,,,,,,,,,,,,,,,,,,,,,,,,
https://www.hud.gov/sites/documents/41501c8hsgh.pdf,41501c8hsgh.pdf,hud.gov,,,—,pending,2026-03-12T16:57:39.536671+00:00,,,,,,,,,,,,,,,,,,,,,,,,,,,,
https://www.hud.gov/sites/documents/41501c9hsgh.pdf,41501c9hsgh.pdf,hud.gov,,,—,pending,2026-03-12T16:57:39.537345+00:00,,,,,,,,,,,,,,,,,,,,,,,,,,,,
https://www.hud.gov/sites/documents/41501tochsgh.pdf,41501tochsgh.pdf,hud.gov,,,—,pending,2026-03-12T16:57:39.538003+00:00,,,,,,,,,,,,,,,,,,,,,,,,,,,,
https://www.hud.gov/sites/documents/41501trnhsgh.pdf,41501trnhsgh.pdf,hud.gov,,,—,pending,2026-03-12T16:57:39.538599+00:00,,,,,,,,,,,,,,,,,,,,,,,,,,,,
https://www.hud.gov/sites/documents/41501x1hsgh.pdf,41501x1hsgh.pdf,hud.gov,,,—,pending,2026-03-12T16:57:39.539241+00:00,,,,,,,,,,,,,,,,,,,,,,,,,,,,
https://www.hud.gov/sites/documents/41502appahsgh.pdf,41502appahsgh.pdf,hud.gov,,,—,pending,2026-03-12T16:57:39.539935+00:00,,,,,,,,,,,,,,,,,,,,,,,,,,,,
https://www.hud.gov/sites/documents/41502appbhsgh.pdf,41502appbhsgh.pdf,hud.gov,,,—,pending,2026-03-12T16:57:39.540568+00:00,,,,,,,,,,,,,,,,,,,,,,,,,,,,
https://www.hud.gov/sites/documents/41502appchsgh.pdf,41502appchsgh.pdf,hud.gov,,,—,pending,2026-03-12T16:57:39.541282+00:00,,,,,,,,,,,,,,,,,,,,,,,,,,,,
https://www.hud.gov/sites/documents/41502appdhsgh.pdf,41502appdhsgh.pdf,hud.gov,,,—,pending,2026-03-12T16:57:39.546831+00:00,,,,,,,,,,,,,,,,,,,,,,,,,,,,
https://www.hud.gov/sites/documents/41502c1hsgh.pdf,41502c1hsgh.pdf,hud.gov,,,—,pending,2026-03-12T16:57:39.547475+00:00,,,,,,,,,,,,,,,,,,,,,,,,,,,,
https://www.hud.gov/sites/documents/41502c2hsgh.pdf,41502c2hsgh.pdf,hud.gov,,,—,pending,2026-03-12T16:57:39.548163+00:00,,,,,,,,,,,,,,,,,,,,,,,,,,,,
https://www.hud.gov/sites/documents/41502c3hsgh.pdf,41502c3hsgh.pdf,hud.gov,,,—,pending,2026-03-12T16:57:39.548903+00:00,,,,,,,,,,,,,,,,,,,,,,,,,,,,
https://www.hud.gov/sites/documents/41502c4hsgh.pdf,41502c4hsgh.pdf,hud.gov,,,—,pending,2026-03-12T16:57:39.549608+00:00,,,,,,,,,,,,,,,,,,,,,,,,,,,,
https://www.hud.gov/sites/documents/41502c5hsgh.pdf,41502c5hsgh.pdf,hud.gov,,,—,pending,2026-03-12T16:57:39.550250+00:00,,,,,,,,,,,,,,,,,,,,,,,,,,,,
https://www.hud.gov/sites/documents/41502c6hsgh.pdf,41502c6hsgh.pdf,hud.gov,,,—,pending,2026-03-12T16:57:39.550849+00:00,,,,,,,,,,,,,,,,,,,,,,,,,,,,
https://www.hud.gov/sites/documents/41502c7hsgh.pdf,41502c7hsgh.pdf,hud.gov,,,—,pending,2026-03-12T16:57:39.551515+00:00,,,,,,,,,,,,,,,,,,,,,,,,,,,,
https://www.hud.gov/sites/documents/41502c8hsgh.pdf,41502c8hsgh.pdf,hud.gov,,,—,pending,2026-03-12T16:57:39.552143+00:00,,,,,,,,,,,,,,,,,,,,,,,,,,,,
https://www.hud.gov/sites/documents/41502c9hsgh.pdf,41502c9hsgh.pdf,hud.gov,,,—,pending,2026-03-12T16:57:39.552755+00:00,,,,,,,,,,,,,,,,,,,,,,,,,,,,
https://www.hud.gov/sites/documents/41502tochsgh.pdf,41502tochsgh.pdf,hud.gov,,,—,pending,2026-03-12T16:57:39.553408+00:00,,,,,,,,,,,,,,,,,,,,,,,,,,,,
https://www.hud.gov/sites/documents/41502trnhsgh.pdf,41502trnhsgh.pdf,hud.gov,,,—,pending,2026-03-12T16:57:39.554044+00:00,,,,,,,,,,,,,,,,,,,,,,,,,,,,
https://www.hud.gov/sites/documents/4155-1_1_seca.pdf,4155-1_1_seca.pdf,hud.gov,,,—,pending,2026-03-12T16:57:39.554860+00:00,,,,,,,,,,,,,,,,,,,,,,,,,,,,
https://www.hud.gov/sites/documents/4155-1_1_secb.pdf,4155-1_1_secb.pdf,hud.gov,,,—,pending,2026-03-12T16:57:39.555632+00:00,,,,,,,,,,,,,,,,,,,,,,,,,,,,
https://www.hud.gov/sites/documents/4155-1_1_secc.pdf,4155-1_1_secc.pdf,hud.gov,,,—,pending,2026-03-12T16:57:39.556310+00:00,,,,,,,,,,,,,,,,,,,,,,,,,,,,
https://www.hud.gov/sites/documents/4155-1_1_toc.pdf,4155-1_1_toc.pdf,hud.gov,,,—,pending,2026-03-12T16:57:39.556922+00:00,,,,,,,,,,,,,,,,,,,,,,,,,,,,
https://www.hud.gov/sites/documents/4155-1_2_seca.pdf,4155-1_2_seca.pdf,hud.gov,,,—,pending,2026-03-12T16:57:39.557591+00:00,,,,,,,,,,,,,,,,,,,,,,,,,,,,
https://www.hud.gov/sites/documents/4155-1_2_secb.pdf,4155-1_2_secb.pdf,hud.gov,,,—,pending,2026-03-12T16:57:39.558327+00:00,,,,,,,,,,,,,,,,,,,,,,,,,,,,
https://www.hud.gov/sites/documents/4155-1_2_toc.pdf,4155-1_2_toc.pdf,hud.gov,,,—,pending,2026-03-12T16:57:39.558936+00:00,,,,,,,,,,,,,,,,,,,,,,,,,,,,
https://www.hud.gov/sites/documents/4155-1_3_seca.pdf,4155-1_3_seca.pdf,hud.gov,,,—,pending,2026-03-12T16:57:39.559582+00:00,,,,,,,,,,,,,,,,,,,,,,,,,,,,
https://www.hud.gov/sites/documents/4155-1_3_secb.pdf,4155-1_3_secb.pdf,hud.gov,,,—,pending,2026-03-12T16:57:39.560256+00:00,,,,,,,,,,,,,,,,,,,,,,,,,,,,
https://www.hud.gov/sites/documents/4155-1_3_secc.pdf,4155-1_3_secc.pdf,hud.gov,,,—,pending,2026-03-12T16:57:39.560918+00:00,,,,,,,,,,,,,,,,,,,,,,,,,,,,
https://www.hud.gov/sites/documents/4155-1_3_toc.pdf,4155-1_3_toc.pdf,hud.gov,,,—,pending,2026-03-12T16:57:39.561534+00:00,,,,,,,,,,,,,,,,,,,,,,,,,,,,
https://www.hud.gov/sites/documents/4155-1_4_seca.pdf,4155-1_4_seca.pdf,hud.gov,,,—,pending,2026-03-12T16:57:39.562493+00:00,,,,,,,,,,,,,,,,,,,,,,,,,,,,
https://www.hud.gov/sites/documents/4155-1_4_secb.pdf,4155-1_4_secb.pdf,hud.gov,,,—,pending,2026-03-12T16:57:39.563180+00:00,,,,,,,,,,,,,,,,,,,,,,,,,,,,
https://www.hud.gov/sites/documents/4155-1_4_secc.pdf,4155-1_4_secc.pdf,hud.gov,,,—,pending,2026-03-12T16:57:39.563941+00:00,,,,,,,,,,,,,,,,,,,,,,,,,,,,
https://www.hud.gov/sites/documents/4155-1_4_secd.pdf,4155-1_4_secd.pdf,hud.gov,,,—,pending,2026-03-12T16:57:39.564668+00:00,,,,,,,,,,,,,,,,,,,,,,,,,,,,
https://www.hud.gov/sites/documents/4155-1_4_sece.pdf,4155-1_4_sece.pdf,hud.gov,,,—,pending,2026-03-12T16:57:39.565373+00:00,,,,,,,,,,,,,,,,,,,,,,,,,,,,
https://www.hud.gov/sites/documents/4155-1_4_secf.pdf,4155-1_4_secf.pdf,hud.gov,,,—,pending,2026-03-12T16:57:39.566043+00:00,,,,,,,,,,,,,,,,,,,,,,,,,,,,
https://www.hud.gov/sites/documents/4155-1_4_toc.pdf,4155-1_4_toc.pdf,hud.gov,,,—,pending,2026-03-12T16:57:39.566657+00:00,,,,,,,,,,,,,,,,,,,,,,,,,,,,
https://www.hud.gov/sites/documents/4155-1_5_secb.pdf,4155-1_5_secb.pdf,hud.gov,,,—,pending,2026-03-12T16:57:39.567424+00:00,,,,,,,,,,,,,,,,,,,,,,,,,,,,
https://www.hud.gov/sites/documents/4155-1_5_secc.pdf,4155-1_5_secc.pdf,hud.gov,,,—,pending,2026-03-12T16:57:39.568118+00:00,,,,,,,,,,,,,,,,,,,,,,,,,,,,
https://www.hud.gov/sites/documents/4155-1_5_toc.pdf,4155-1_5_toc.pdf,hud.gov,,,—,pending,2026-03-12T16:57:39.568713+00:00,,,,,,,,,,,,,,,,,,,,,,,,,,,,
https://www.hud.gov/sites/documents/4155-1_6_seca.pdf,4155-1_6_seca.pdf,hud.gov,,,—,pending,2026-03-12T16:57:39.569479+00:00,,,,,,,,,,,,,,,,,,,,,,,,,,,,
https://www.hud.gov/sites/documents/4155-1_6_secb.pdf,4155-1_6_secb.pdf,hud.gov,,,—,pending,2026-03-12T16:57:39.570225+00:00,,,,,,,,,,,,,,,,,,,,,,,,,,,,
https://www.hud.gov/sites/documents/4155-1_6_secc.pdf,4155-1_6_secc.pdf,hud.gov,,,—,pending,2026-03-12T16:57:39.570935+00:00,,,,,,,,,,,,,,,,,,,,,,,,,,,,
https://www.hud.gov/sites/documents/4155-1_6_secd.pdf,4155-1_6_secd.pdf,hud.gov,,,—,pending,2026-03-12T16:57:39.571627+00:00,,,,,,,,,,,,,,,,,,,,,,,,,,,,
https://www.hud.gov/sites/documents/4155-1_6_sece.pdf,4155-1_6_sece.pdf,hud.gov,,,—,pending,2026-03-12T16:57:39.572268+00:00,,,,,,,,,,,,,,,,,,,,,,,,,,,,
https://www.hud.gov/sites/documents/4155-1_6_secf.pdf,4155-1_6_secf.pdf,hud.gov,,,—,pending,2026-03-12T16:57:39.572902+00:00,,,,,,,,,,,,,,,,,,,,,,,,,,,,
https://www.hud.gov/sites/documents/4155-1_6_toc.pdf,4155-1_6_toc.pdf,hud.gov,,,—,pending,2026-03-12T16:57:39.573505+00:00,,,,,,,,,,,,,,,,,,,,,,,,,,,,
https://www.hud.gov/sites/documents/4155-1_7.pdf,4155-1_7.pdf,hud.gov,,,—,pending,2026-03-12T16:57:39.574168+00:00,,,,,,,,,,,,,,,,,,,,,,,,,,,,
https://www.hud.gov/sites/documents/4155-1_8_toc.pdf,4155-1_8_toc.pdf,hud.gov,,,—,pending,2026-03-12T16:57:39.574757+00:00,,,,,,,,,,,,,,,,,,,,,,,,,,,,
https://www.hud.gov/sites/documents/4155-1_9_toc.pdf,4155-1_9_toc.pdf,hud.gov,,,—,pending,2026-03-12T16:57:39.575361+00:00,,,,,,,,,,,,,,,,,,,,,,,,,,,,
https://www.hud.gov/sites/documents/4155-1_combined_toc.pdf,4155-1_combined_toc.pdf,hud.gov,,,—,pending,2026-03-12T16:57:39.576091+00:00,,,,,,,,,,,,,,,,,,,,,,,,,,,,
https://www.hud.gov/sites/documents/4155-2_10_seca.pdf,4155-2_10_seca.pdf,hud.gov,,,—,pending,2026-03-12T16:57:39.576759+00:00,,,,,,,,,,,,,,,,,,,,,,,,,,,,
https://www.hud.gov/sites/documents/4155-2_10_secb.pdf,4155-2_10_secb.pdf,hud.gov,,,—,pending,2026-03-12T16:57:39.577415+00:00,,,,,,,,,,,,,,,,,,,,,,,,,,,,
https://www.hud.gov/sites/documents/4155-2_10_toc.pdf,4155-2_10_toc.pdf,hud.gov,,,—,pending,2026-03-12T16:57:39.578020+00:00,,,,,,,,,,,,,,,,,,,,,,,,,,,,
https://www.hud.gov/sites/documents/4155-2_11.pdf,4155-2_11.pdf,hud.gov,,,—,pending,2026-03-12T16:57:39.578676+00:00,,,,,,,,,,,,,,,,,,,,,,,,,,,,
https://www.hud.gov/sites/documents/4155-2_12_seca.pdf,4155-2_12_seca.pdf,hud.gov,,,—,pending,2026-03-12T16:57:39.584742+00:00,,,,,,,,,,,,,,,,,,,,,,,,,,,,
https://www.hud.gov/sites/documents/4155-2_12_secb.pdf,4155-2_12_secb.pdf,hud.gov,,,—,pending,2026-03-12T16:57:39.585481+00:00,,,,,,,,,,,,,,,,,,,,,,,,,,,,
https://www.hud.gov/sites/documents/4155-2_12_secc.pdf,4155-2_12_secc.pdf,hud.gov,,,—,pending,2026-03-12T16:57:39.586753+00:00,,,,,,,,,,,,,,,,,,,,,,,,,,,,
https://www.hud.gov/sites/documents/4155-2_12_secd.pdf,4155-2_12_secd.pdf,hud.gov,,,—,pending,2026-03-12T16:57:39.587737+00:00,,,,,,,,,,,,,,,,,,,,,,,,,,,,
https://www.hud.gov/sites/documents/4155-2_12_sece.pdf,4155-2_12_sece.pdf,hud.gov,,,—,pending,2026-03-12T16:57:39.588455+00:00,,,,,,,,,,,,,,,,,,,,,,,,,,,,
https://www.hud.gov/sites/documents/4155-2_12_toc.pdf,4155-2_12_toc.pdf,hud.gov,,,—,pending,2026-03-12T16:57:39.589070+00:00,,,,,,,,,,,,,,,,,,,,,,,,,,,,
https://www.hud.gov/sites/documents/4155-2_1_seca.pdf,4155-2_1_seca.pdf,hud.gov,,,—,pending,2026-03-12T16:57:39.589754+00:00,,,,,,,,,,,,,,,,,,,,,,,,,,,,
https://www.hud.gov/sites/documents/4155-2_1_secb.pdf,4155-2_1_secb.pdf,hud.gov,,,—,pending,2026-03-12T16:57:39.590482+00:00,,,,,,,,,,,,,,,,,,,,,,,,,,,,
https://www.hud.gov/sites/documents/4155-2_1_secc.pdf,4155-2_1_secc.pdf,hud.gov,,,—,pending,2026-03-12T16:57:39.591323+00:00,,,,,,,,,,,,,,,,,,,,,,,,,,,,
https://www.hud.gov/sites/documents/4155-2_1_secd.pdf,4155-2_1_secd.pdf,hud.gov,,,—,pending,2026-03-12T16:57:39.592026+00:00,,,,,,,,,,,,,,,,,,,,,,,,,,,,
https://www.hud.gov/sites/documents/4155-2_1_toc.pdf,4155-2_1_toc.pdf,hud.gov,,,—,pending,2026-03-12T16:57:39.592648+00:00,,,,,,,,,,,,,,,,,,,,,,,,,,,,
https://www.hud.gov/sites/documents/4155-2_2_seca.pdf,4155-2_2_seca.pdf,hud.gov,,,—,pending,2026-03-12T16:57:39.593348+00:00,,,,,,,,,,,,,,,,,,,,,,,,,,,,
https://www.hud.gov/sites/documents/4155-2_2_secb.pdf,4155-2_2_secb.pdf,hud.gov,,,—,pending,2026-03-12T16:57:39.594093+00:00,,,,,,,,,,,,,,,,,,,,,,,,,,,,
https://www.hud.gov/sites/documents/4155-2_2_secc.pdf,4155-2_2_secc.pdf,hud.gov,,,—,pending,2026-03-12T16:57:39.594730+00:00,,,,,,,,,,,,,,,,,,,,,,,,,,,,
https://www.hud.gov/sites/documents/4155-2_2_toc.pdf,4155-2_2_toc.pdf,hud.gov,,,—,pending,2026-03-12T16:57:39.595520+00:00,,,,,,,,,,,,,,,,,,,,,,,,,,,,
https://www.hud.gov/sites/documents/4155-2_3_seca.pdf,4155-2_3_seca.pdf,hud.gov,,,—,pending,2026-03-12T16:57:39.596342+00:00,,,,,,,,,,,,,,,,,,,,,,,,,,,,
https://www.hud.gov/sites/documents/4155-2_3_secb.pdf,4155-2_3_secb.pdf,hud.gov,,,—,pending,2026-03-12T16:57:39.597158+00:00,,,,,,,,,,,,,,,,,,,,,,,,,,,,
https://www.hud.gov/sites/documents/4155-2_3_toc.pdf,4155-2_3_toc.pdf,hud.gov,,,—,pending,2026-03-12T16:57:39.597939+00:00,,,,,,,,,,,,,,,,,,,,,,,,,,,,
https://www.hud.gov/sites/documents/4155-2_4.pdf,4155-2_4.pdf,hud.gov,,,—,pending,2026-03-12T16:57:39.599056+00:00,,,,,,,,,,,,,,,,,,,,,,,,,,,,
https://www.hud.gov/sites/documents/4155-2_6_seca.pdf,4155-2_6_seca.pdf,hud.gov,,,—,pending,2026-03-12T16:57:39.600252+00:00,,,,,,,,,,,,,,,,,,,,,,,,,,,,
https://www.hud.gov/sites/documents/4155-2_6_secb.pdf,4155-2_6_secb.pdf,hud.gov,,,—,pending,2026-03-12T16:57:39.601166+00:00,,,,,,,,,,,,,,,,,,,,,,,,,,,,
https://www.hud.gov/sites/documents/4155-2_6_secc.pdf,4155-2_6_secc.pdf,hud.gov,,,—,pending,2026-03-12T16:57:39.601996+00:00,,,,,,,,,,,,,,,,,,,,,,,,,,,,
https://www.hud.gov/sites/documents/4155-2_6_toc.pdf,4155-2_6_toc.pdf,hud.gov,,,—,pending,2026-03-12T16:57:39.602758+00:00,,,,,,,,,,,,,,,,,,,,,,,,,,,,
https://www.hud.gov/sites/documents/4155-2_7.pdf,4155-2_7.pdf,hud.gov,,,—,pending,2026-03-12T16:57:39.603706+00:00,,,,,,,,,,,,,,,,,,,,,,,,,,,,
https://www.hud.gov/sites/documents/4155-2_8_seca.pdf,4155-2_8_seca.pdf,hud.gov,,,—,pending,2026-03-12T16:57:39.604462+00:00,,,,,,,,,,,,,,,,,,,,,,,,,,,,
https://www.hud.gov/sites/documents/4155-2_8_secb.pdf,4155-2_8_secb.pdf,hud.gov,,,—,pending,2026-03-12T16:57:39.605210+00:00,,,,,,,,,,,,,,,,,,,,,,,,,,,,
https://www.hud.gov/sites/documents/4155-2_8_secc.pdf,4155-2_8_secc.pdf,hud.gov,,,—,pending,2026-03-12T16:57:39.605954+00:00,,,,,,,,,,,,,,,,,,,,,,,,,,,,
https://www.hud.gov/sites/documents/4155-2_8_toc.pdf,4155-2_8_toc.pdf,hud.gov,,,—,pending,2026-03-12T16:57:39.606554+00:00,,,,,,,,,,,,,,,,,,,,,,,,,,,,
https://www.hud.gov/sites/documents/4155-2_9_seca.pdf,4155-2_9_seca.pdf,hud.gov,,,—,pending,2026-03-12T16:57:39.607196+00:00,,,,,,,,,,,,,,,,,,,,,,,,,,,,
https://www.hud.gov/sites/documents/4155-2_9_secb.pdf,4155-2_9_secb.pdf,hud.gov,,,—,pending,2026-03-12T16:57:39.607897+00:00,,,,,,,,,,,,,,,,,,,,,,,,,,,,
https://www.hud.gov/sites/documents/4155-2_9_secc.pdf,4155-2_9_secc.pdf,hud.gov,,,—,pending,2026-03-12T16:57:39.608595+00:00,,,,,,,,,,,,,,,,,,,,,,,,,,,,
https://www.hud.gov/sites/documents/4155-2_9_secd.pdf,4155-2_9_secd.pdf,hud.gov,,,—,pending,2026-03-12T16:57:39.609325+00:00,,,,,,,,,,,,,,,,,,,,,,,,,,,,
https://www.hud.gov/sites/documents/4155-2_9_toc.pdf,4155-2_9_toc.pdf,hud.gov,,,—,pending,2026-03-12T16:57:39.609939+00:00,,,,,,,,,,,,,,,,,,,,,,,,,,,,
https://www.hud.gov/sites/documents/41551app1hsgh.pdf,41551app1hsgh.pdf,hud.gov,,,—,pending,2026-03-12T16:57:39.610589+00:00,,,,,,,,,,,,,,,,,,,,,,,,,,,,
https://www.hud.gov/sites/documents/41551app2hsgh.pdf,41551app2hsgh.pdf,hud.gov,,,—,pending,2026-03-12T16:57:39.611271+00:00,,,,,,,,,,,,,,,,,,,,,,,,,,,,
https://www.hud.gov/sites/documents/41551c1hsgh.pdf,41551c1hsgh.pdf,hud.gov,,,—,pending,2026-03-12T16:57:39.612635+00:00,,,,,,,,,,,,,,,,,,,,,,,,,,,,
https://www.hud.gov/sites/documents/41551c2hsgh.pdf,41551c2hsgh.pdf,hud.gov,,,—,pending,2026-03-12T16:57:39.614227+00:00,,,,,,,,,,,,,,,,,,,,,,,,,,,,
https://www.hud.gov/sites/documents/41551c3hsgh.pdf,41551c3hsgh.pdf,hud.gov,,,—,pending,2026-03-12T16:57:39.615145+00:00,,,,,,,,,,,,,,,,,,,,,,,,,,,,
https://www.hud.gov/sites/documents/41551c4hsgh.pdf,41551c4hsgh.pdf,hud.gov,,,—,pending,2026-03-12T16:57:39.615821+00:00,,,,,,,,,,,,,,,,,,,,,,,,,,,,
https://www.hud.gov/sites/documents/41551fwdhsgh.pdf,41551fwdhsgh.pdf,hud.gov,,,—,pending,2026-03-12T16:57:39.616474+00:00,,,,,,,,,,,,,,,,,,,,,,,,,,,,
https://www.hud.gov/sites/documents/41551hbhsgh.pdf,41551hbhsgh.pdf,hud.gov,,,—,pending,2026-03-12T16:57:39.618465+00:00,,,,,,,,,,,,,,,,,,,,,,,,,,,,
https://www.hud.gov/sites/documents/41551hsgh.pdf,41551hsgh.pdf,hud.gov,,,—,pending,2026-03-12T16:57:39.621583+00:00,,,,,,,,,,,,,,,,,,,,,,,,,,,,
https://www.hud.gov/sites/documents/41551indxhsgh.pdf,41551indxhsgh.pdf,hud.gov,,,—,pending,2026-03-12T16:57:39.622302+00:00,,,,,,,,,,,,,,,,,,,,,,,,,,,,
https://www.hud.gov/sites/documents/41551tochsgh.pdf,41551tochsgh.pdf,hud.gov,,,—,pending,2026-03-12T16:57:39.622982+00:00,,,,,,,,,,,,,,,,,,,,,,,,,,,,
https://www.hud.gov/sites/documents/41551trnhsgh.pdf,41551trnhsgh.pdf,hud.gov,,,—,pending,2026-03-12T16:57:39.623732+00:00,,,,,,,,,,,,,,,,,,,,,,,,,,,,
https://www.hud.gov/sites/documents/41552hsgh.pdf,41552hsgh.pdf,hud.gov,,,—,pending,2026-03-12T16:57:39.632158+00:00,,,,,,,,,,,,,,,,,,,,,,,,,,,,
https://www.hud.gov/sites/documents/42351c1hsgh.pdf,42351c1hsgh.pdf,hud.gov,,,—,pending,2026-03-12T16:57:39.632816+00:00,,,,,,,,,,,,,,,,,,,,,,,,,,,,
https://www.hud.gov/sites/documents/42351c2hsgh.pdf,42351c2hsgh.pdf,hud.gov,,,—,pending,2026-03-12T16:57:39.633445+00:00,,,,,,,,,,,,,,,,,,,,,,,,,,,,
https://www.hud.gov/sites/documents/42351c3hsgh.pdf,42351c3hsgh.pdf,hud.gov,,,—,pending,2026-03-12T16:57:39.634107+00:00,,,,,,,,,,,,,,,,,,,,,,,,,,,,
https://www.hud.gov/sites/documents/42351c4hsgh.pdf,42351c4hsgh.pdf,hud.gov,,,—,pending,2026-03-12T16:57:39.634795+00:00,,,,,,,,,,,,,,,,,,,,,,,,,,,,
https://www.hud.gov/sites/documents/42351c5hsgh.pdf,42351c5hsgh.pdf,hud.gov,,,—,pending,2026-03-12T16:57:39.635468+00:00,,,,,,,,,,,,,,,,,,,,,,,,,,,,
https://www.hud.gov/sites/documents/42351c6hsgh.pdf,42351c6hsgh.pdf,hud.gov,,,—,pending,2026-03-12T16:57:39.636186+00:00,,,,,,,,,,,,,,,,,,,,,,,,,,,,
https://www.hud.gov/sites/documents/42351c7hsgh.pdf,42351c7hsgh.pdf,hud.gov,,,—,pending,2026-03-12T16:57:39.636838+00:00,,,,,,,,,,,,,,,,,,,,,,,,,,,,
https://www.hud.gov/sites/documents/42351c8hsgh.pdf,42351c8hsgh.pdf,hud.gov,,,—,pending,2026-03-12T16:57:39.637487+00:00,,,,,,,,,,,,,,,,,,,,,,,,,,,,
https://www.hud.gov/sites/documents/42351c9hsgh.pdf,42351c9hsgh.pdf,hud.gov,,,—,pending,2026-03-12T16:57:39.638134+00:00,,,,,,,,,,,,,,,,,,,,,,,,,,,,
https://www.hud.gov/sites/documents/42351tochsgh.pdf,42351tochsgh.pdf,hud.gov,,,—,pending,2026-03-12T16:57:39.638755+00:00,,,,,,,,,,,,,,,,,,,,,,,,,,,,
https://www.hud.gov/sites/documents/42351trnhsgh.pdf,42351trnhsgh.pdf,hud.gov,,,—,pending,2026-03-12T16:57:39.639403+00:00,,,,,,,,,,,,,,,,,,,,,,,,,,,,
https://www.hud.gov/sites/documents/42351x10hsgh.pdf,42351x10hsgh.pdf,hud.gov,,,—,pending,2026-03-12T16:57:39.640021+00:00,,,,,,,,,,,,,,,,,,,,,,,,,,,,
https://www.hud.gov/sites/documents/42351x11hsgh.pdf,42351x11hsgh.pdf,hud.gov,,,—,pending,2026-03-12T16:57:39.640626+00:00,,,,,,,,,,,,,,,,,,,,,,,,,,,,
https://www.hud.gov/sites/documents/42351x12hsgh.pdf,42351x12hsgh.pdf,hud.gov,,,—,pending,2026-03-12T16:57:39.641253+00:00,,,,,,,,,,,,,,,,,,,,,,,,,,,,
https://www.hud.gov/sites/documents/42351x13hsgh.pdf,42351x13hsgh.pdf,hud.gov,,,—,pending,2026-03-12T16:57:39.641888+00:00,,,,,,,,,,,,,,,,,,,,,,,,,,,,
https://www.hud.gov/sites/documents/42351x14hsgh.pdf,42351x14hsgh.pdf,hud.gov,,,—,pending,2026-03-12T16:57:39.642507+00:00,,,,,,,,,,,,,,,,,,,,,,,,,,,,
https://www.hud.gov/sites/documents/42351x15hsgh.pdf,42351x15hsgh.pdf,hud.gov,,,—,pending,2026-03-12T16:57:39.643161+00:00,,,,,,,,,,,,,,,,,,,,,,,,,,,,
https://www.hud.gov/sites/documents/42351x16hsgh.pdf,42351x16hsgh.pdf,hud.gov,,,—,pending,2026-03-12T16:57:39.643763+00:00,,,,,,,,,,,,,,,,,,,,,,,,,,,,
https://www.hud.gov/sites/documents/42351x17hsgh.pdf,42351x17hsgh.pdf,hud.gov,,,—,pending,2026-03-12T16:57:39.644379+00:00,,,,,,,,,,,,,,,,,,,,,,,,,,,,
https://www.hud.gov/sites/documents/42351x18hsgh.pdf,42351x18hsgh.pdf,hud.gov,,,—,pending,2026-03-12T16:57:39.644991+00:00,,,,,,,,,,,,,,,,,,,,,,,,,,,,
https://www.hud.gov/sites/documents/42351x19hsgh.pdf,42351x19hsgh.pdf,hud.gov,,,—,pending,2026-03-12T16:57:39.645593+00:00,,,,,,,,,,,,,,,,,,,,,,,,,,,,
https://www.hud.gov/sites/documents/42351x1hsgh.pdf,42351x1hsgh.pdf,hud.gov,,,—,pending,2026-03-12T16:57:39.646281+00:00,,,,,,,,,,,,,,,,,,,,,,,,,,,,
https://www.hud.gov/sites/documents/42351x20hsgh.pdf,42351x20hsgh.pdf,hud.gov,,,—,pending,2026-03-12T16:57:39.646955+00:00,,,,,,,,,,,,,,,,,,,,,,,,,,,,
https://www.hud.gov/sites/documents/42351x21hsgh.pdf,42351x21hsgh.pdf,hud.gov,,,—,pending,2026-03-12T16:57:39.647606+00:00,,,,,,,,,,,,,,,,,,,,,,,,,,,,
https://www.hud.gov/sites/documents/42351x22hsgh.pdf,42351x22hsgh.pdf,hud.gov,,,—,pending,2026-03-12T16:57:39.648236+00:00,,,,,,,,,,,,,,,,,,,,,,,,,,,,
https://www.hud.gov/sites/documents/42351x23hsgh.pdf,42351x23hsgh.pdf,hud.gov,,,—,pending,2026-03-12T16:57:39.648851+00:00,,,,,,,,,,,,,,,,,,,,,,,,,,,,
https://www.hud.gov/sites/documents/42351x2hsgh.pdf,42351x2hsgh.pdf,hud.gov,,,—,pending,2026-03-12T16:57:39.649498+00:00,,,,,,,,,,,,,,,,,,,,,,,,,,,,
https://www.hud.gov/sites/documents/42351x3hsgh.pdf,42351x3hsgh.pdf,hud.gov,,,—,pending,2026-03-12T16:57:39.650155+00:00,,,,,,,,,,,,,,,,,,,,,,,,,,,,
https://www.hud.gov/sites/documents/42351x4hsgh.pdf,42351x4hsgh.pdf,hud.gov,,,—,pending,2026-03-12T16:57:39.650825+00:00,,,,,,,,,,,,,,,,,,,,,,,,,,,,
https://www.hud.gov/sites/documents/42351x5hsgh.pdf,42351x5hsgh.pdf,hud.gov,,,—,pending,2026-03-12T16:57:39.651466+00:00,,,,,,,,,,,,,,,,,,,,,,,,,,,,
https://www.hud.gov/sites/documents/42351x6hsgh.pdf,42351x6hsgh.pdf,hud.gov,,,—,pending,2026-03-12T16:57:39.652122+00:00,,,,,,,,,,,,,,,,,,,,,,,,,,,,
https://www.hud.gov/sites/documents/42351x7hsgh.pdf,42351x7hsgh.pdf,hud.gov,,,—,pending,2026-03-12T16:57:39.652790+00:00,,,,,,,,,,,,,,,,,,,,,,,,,,,,
https://www.hud.gov/sites/documents/42351x8hsgh.pdf,42351x8hsgh.pdf,hud.gov,,,—,pending,2026-03-12T16:57:39.653415+00:00,,,,,,,,,,,,,,,,,,,,,,,,,,,,
https://www.hud.gov/sites/documents/42351x9hsgh.pdf,42351x9hsgh.pdf,hud.gov,,,—,pending,2026-03-12T16:57:39.654045+00:00,,,,,,,,,,,,,,,,,,,,,,,,,,,,
https://www.hud.gov/sites/documents/42402c1hsgh.pdf,42402c1hsgh.pdf,hud.gov,,,—,pending,2026-03-12T16:57:39.654691+00:00,,,,,,,,,,,,,,,,,,,,,,,,,,,,
https://www.hud.gov/sites/documents/42402tochsgh.pdf,42402tochsgh.pdf,hud.gov,,,—,pending,2026-03-12T16:57:39.655325+00:00,,,,,,,,,,,,,,,,,,,,,,,,,,,,
https://www.hud.gov/sites/documents/42402trnhsgh.pdf,42402trnhsgh.pdf,hud.gov,,,—,pending,2026-03-12T16:57:39.655937+00:00,,,,,,,,,,,,,,,,,,,,,,,,,,,,
https://www.hud.gov/sites/documents/42402x10hsgh.pdf,42402x10hsgh.pdf,hud.gov,,,—,pending,2026-03-12T16:57:39.657145+00:00,,,,,,,,,,,,,,,,,,,,,,,,,,,,
https://www.hud.gov/sites/documents/42402x11hsgh.pdf,42402x11hsgh.pdf,hud.gov,,,—,pending,2026-03-12T16:57:39.657772+00:00,,,,,,,,,,,,,,,,,,,,,,,,,,,,
https://www.hud.gov/sites/documents/42402x12hsgh.pdf,42402x12hsgh.pdf,hud.gov,,,—,pending,2026-03-12T16:57:39.658409+00:00,,,,,,,,,,,,,,,,,,,,,,,,,,,,
https://www.hud.gov/sites/documents/42402x13hsgh.pdf,42402x13hsgh.pdf,hud.gov,,,—,pending,2026-03-12T16:57:39.659381+00:00,,,,,,,,,,,,,,,,,,,,,,,,,,,,
https://www.hud.gov/sites/documents/42402x14hsgh.pdf,42402x14hsgh.pdf,hud.gov,,,—,pending,2026-03-12T16:57:39.660018+00:00,,,,,,,,,,,,,,,,,,,,,,,,,,,,
https://www.hud.gov/sites/documents/42402x15hsgh.pdf,42402x15hsgh.pdf,hud.gov,,,—,pending,2026-03-12T16:57:39.660670+00:00,,,,,,,,,,,,,,,,,,,,,,,,,,,,
https://www.hud.gov/sites/documents/42402x16hsgh.pdf,42402x16hsgh.pdf,hud.gov,,,—,pending,2026-03-12T16:57:39.661905+00:00,,,,,,,,,,,,,,,,,,,,,,,,,,,,
https://www.hud.gov/sites/documents/42402x17hsgh.pdf,42402x17hsgh.pdf,hud.gov,,,—,pending,2026-03-12T16:57:39.662518+00:00,,,,,,,,,,,,,,,,,,,,,,,,,,,,
https://www.hud.gov/sites/documents/42402x18hsgh.pdf,42402x18hsgh.pdf,hud.gov,,,—,pending,2026-03-12T16:57:39.663148+00:00,,,,,,,,,,,,,,,,,,,,,,,,,,,,
https://www.hud.gov/sites/documents/42402x19hsgh.pdf,42402x19hsgh.pdf,hud.gov,,,—,pending,2026-03-12T16:57:39.663892+00:00,,,,,,,,,,,,,,,,,,,,,,,,,,,,
https://www.hud.gov/sites/documents/42402x1hsgh.pdf,42402x1hsgh.pdf,hud.gov,,,—,pending,2026-03-12T16:57:39.664523+00:00,,,,,,,,,,,,,,,,,,,,,,,,,,,,
https://www.hud.gov/sites/documents/42402x2hsgh.pdf,42402x2hsgh.pdf,hud.gov,,,—,pending,2026-03-12T16:57:39.665191+00:00,,,,,,,,,,,,,,,,,,,,,,,,,,,,
https://www.hud.gov/sites/documents/42402x3hsgh.pdf,42402x3hsgh.pdf,hud.gov,,,—,pending,2026-03-12T16:57:39.666382+00:00,,,,,,,,,,,,,,,,,,,,,,,,,,,,
https://www.hud.gov/sites/documents/42402x4hsgh.pdf,42402x4hsgh.pdf,hud.gov,,,—,pending,2026-03-12T16:57:39.667021+00:00,,,,,,,,,,,,,,,,,,,,,,,,,,,,
https://www.hud.gov/sites/documents/42402x5hsgh.pdf,42402x5hsgh.pdf,hud.gov,,,—,pending,2026-03-12T16:57:39.667645+00:00,,,,,,,,,,,,,,,,,,,,,,,,,,,,
https://www.hud.gov/sites/documents/42402x6hsgh.pdf,42402x6hsgh.pdf,hud.gov,,,—,pending,2026-03-12T16:57:39.668311+00:00,,,,,,,,,,,,,,,,,,,,,,,,,,,,
https://www.hud.gov/sites/documents/42402x7hsgh.pdf,42402x7hsgh.pdf,hud.gov,,,—,pending,2026-03-12T16:57:39.669516+00:00,,,,,,,,,,,,,,,,,,,,,,,,,,,,
https://www.hud.gov/sites/documents/42402x8hsgh.pdf,42402x8hsgh.pdf,hud.gov,,,—,pending,2026-03-12T16:57:39.670157+00:00,,,,,,,,,,,,,,,,,,,,,,,,,,,,
https://www.hud.gov/sites/documents/42402x9hsgh.pdf,42402x9hsgh.pdf,hud.gov,,,—,pending,2026-03-12T16:57:39.670810+00:00,,,,,,,,,,,,,,,,,,,,,,,,,,,,
https://www.hud.gov/sites/documents/42403hsgh.pdf,42403hsgh.pdf,hud.gov,,,—,pending,2026-03-12T16:57:39.671662+00:00,,,,,,,,,,,,,,,,,,,,,,,,,,,,
https://www.hud.gov/sites/documents/42404c1hsgh.pdf,42404c1hsgh.pdf,hud.gov,,,—,pending,2026-03-12T16:57:39.672400+00:00,,,,,,,,,,,,,,,,,,,,,,,,,,,,
https://www.hud.gov/sites/documents/42404c2hsgh.pdf,42404c2hsgh.pdf,hud.gov,,,—,pending,2026-03-12T16:57:39.673025+00:00,,,,,,,,,,,,,,,,,,,,,,,,,,,,
https://www.hud.gov/sites/documents/42404c3hsgh.pdf,42404c3hsgh.pdf,hud.gov,,,—,pending,2026-03-12T16:57:39.673651+00:00,,,,,,,,,,,,,,,,,,,,,,,,,,,,
https://www.hud.gov/sites/documents/42404c4hsgh.pdf,42404c4hsgh.pdf,hud.gov,,,—,pending,2026-03-12T16:57:39.674287+00:00,,,,,,,,,,,,,,,,,,,,,,,,,,,,
https://www.hud.gov/sites/documents/42404c5hsgh.pdf,42404c5hsgh.pdf,hud.gov,,,—,pending,2026-03-12T16:57:39.674941+00:00,,,,,,,,,,,,,,,,,,,,,,,,,,,,
https://www.hud.gov/sites/documents/42404c6hsgh.pdf,42404c6hsgh.pdf,hud.gov,,,—,pending,2026-03-12T16:57:39.675557+00:00,,,,,,,,,,,,,,,,,,,,,,,,,,,,
https://www.hud.gov/sites/documents/42404c7hsgh.pdf,42404c7hsgh.pdf,hud.gov,,,—,pending,2026-03-12T16:57:39.676181+00:00,,,,,,,,,,,,,,,,,,,,,,,,,,,,
https://www.hud.gov/sites/documents/42404hsgh.pdf,42404hsgh.pdf,hud.gov,,,—,pending,2026-03-12T16:57:39.678054+00:00,,,,,,,,,,,,,,,,,,,,,,,,,,,,
https://www.hud.gov/sites/documents/42404ndxhsgh.pdf,42404ndxhsgh.pdf,hud.gov,,,—,pending,2026-03-12T16:57:39.678685+00:00,,,,,,,,,,,,,,,,,,,,,,,,,,,,
https://www.hud.gov/sites/documents/42404tochsgh.pdf,42404tochsgh.pdf,hud.gov,,,—,pending,2026-03-12T16:57:39.679333+00:00,,,,,,,,,,,,,,,,,,,,,,,,,,,,
https://www.hud.gov/sites/documents/42404trnhsgh.pdf,42404trnhsgh.pdf,hud.gov,,,—,pending,2026-03-12T16:57:39.679965+00:00,,,,,,,,,,,,,,,,,,,,,,,,,,,,
https://www.hud.gov/sites/documents/42404x10hsgh.pdf,42404x10hsgh.pdf,hud.gov,,,—,pending,2026-03-12T16:57:39.680638+00:00,,,,,,,,,,,,,,,,,,,,,,,,,,,,
https://www.hud.gov/sites/documents/42404x11hsgh.pdf,42404x11hsgh.pdf,hud.gov,,,—,pending,2026-03-12T16:57:39.681344+00:00,,,,,,,,,,,,,,,,,,,,,,,,,,,,
https://www.hud.gov/sites/documents/42404x12hsgh.pdf,42404x12hsgh.pdf,hud.gov,,,—,pending,2026-03-12T16:57:39.681977+00:00,,,,,,,,,,,,,,,,,,,,,,,,,,,,
https://www.hud.gov/sites/documents/42404x13hsgh.pdf,42404x13hsgh.pdf,hud.gov,,,—,pending,2026-03-12T16:57:39.682575+00:00,,,,,,,,,,,,,,,,,,,,,,,,,,,,
https://www.hud.gov/sites/documents/42404x14hsgh.pdf,42404x14hsgh.pdf,hud.gov,,,—,pending,2026-03-12T16:57:39.683339+00:00,,,,,,,,,,,,,,,,,,,,,,,,,,,,
https://www.hud.gov/sites/documents/42404x1hsgh.pdf,42404x1hsgh.pdf,hud.gov,,,—,pending,2026-03-12T16:57:39.684202+00:00,,,,,,,,,,,,,,,,,,,,,,,,,,,,
https://www.hud.gov/sites/documents/42404x2hsgh.pdf,42404x2hsgh.pdf,hud.gov,,,—,pending,2026-03-12T16:57:39.684817+00:00,,,,,,,,,,,,,,,,,,,,,,,,,,,,
https://www.hud.gov/sites/documents/42404x3hsgh.pdf,42404x3hsgh.pdf,hud.gov,,,—,pending,2026-03-12T16:57:39.685434+00:00,,,,,,,,,,,,,,,,,,,,,,,,,,,,
https://www.hud.gov/sites/documents/42404x4hsgh.pdf,42404x4hsgh.pdf,hud.gov,,,—,pending,2026-03-12T16:57:39.686050+00:00,,,,,,,,,,,,,,,,,,,,,,,,,,,,
https://www.hud.gov/sites/documents/42404x5hsgh.pdf,42404x5hsgh.pdf,hud.gov,,,—,pending,2026-03-12T16:57:39.686659+00:00,,,,,,,,,,,,,,,,,,,,,,,,,,,,
https://www.hud.gov/sites/documents/42404x6hsgh.pdf,42404x6hsgh.pdf,hud.gov,,,—,pending,2026-03-12T16:57:39.687273+00:00,,,,,,,,,,,,,,,,,,,,,,,,,,,,
https://www.hud.gov/sites/documents/42404x7hsgh.pdf,42404x7hsgh.pdf,hud.gov,,,—,pending,2026-03-12T16:57:39.687888+00:00,,,,,,,,,,,,,,,,,,,,,,,,,,,,
https://www.hud.gov/sites/documents/42404x8hsgh.pdf,42404x8hsgh.pdf,hud.gov,,,—,pending,2026-03-12T16:57:39.688493+00:00,,,,,,,,,,,,,,,,,,,,,,,,,,,,
https://www.hud.gov/sites/documents/42404x9hsgh.pdf,42404x9hsgh.pdf,hud.gov,,,—,pending,2026-03-12T16:57:39.689174+00:00,,,,,,,,,,,,,,,,,,,,,,,,,,,,
https://www.hud.gov/sites/documents/42601hsgh.pdf,42601hsgh.pdf,hud.gov,,,—,pending,2026-03-12T16:57:39.689959+00:00,,,,,,,,,,,,,,,,,,,,,,,,,,,,
https://www.hud.gov/sites/dfiles/OCHCO/documents/43105c10hsgh.pdf,43105c10hsgh.pdf,hud.gov,,,—,pending,2026-03-12T16:57:39.690853+00:00,,,,,,,,,,,,,,,,,,,,,,,,,,,,
https://www.hud.gov/sites/dfiles/OCHCO/documents/43105c11hsgh.pdf,43105c11hsgh.pdf,hud.gov,,,—,pending,2026-03-12T16:57:39.691646+00:00,,,,,,,,,,,,,,,,,,,,,,,,,,,,
https://www.hud.gov/sites/dfiles/OCHCO/documents/43105c12hsgh.pdf,43105c12hsgh.pdf,hud.gov,,,—,pending,2026-03-12T16:57:39.692366+00:00,,,,,,,,,,,,,,,,,,,,,,,,,,,,
https://www.hud.gov/sites/dfiles/OCHCO/documents/43105c13hsgh.pdf,43105c13hsgh.pdf,hud.gov,,,—,pending,2026-03-12T16:57:39.693033+00:00,,,,,,,,,,,,,,,,,,,,,,,,,,,,
https://www.hud.gov/sites/dfiles/OCHCO/documents/43105c14hsgh.pdf,43105c14hsgh.pdf,hud.gov,,,—,pending,2026-03-12T16:57:39.693650+00:00,,,,,,,,,,,,,,,,,,,,,,,,,,,,
https://www.hud.gov/sites/dfiles/OCHCO/documents/43105c15hsgh.pdf,43105c15hsgh.pdf,hud.gov,,,—,pending,2026-03-12T16:57:39.694325+00:00,,,,,,,,,,,,,,,,,,,,,,,,,,,,
https://www.hud.gov/sites/dfiles/OCHCO/documents/43105c16hsgh.pdf,43105c16hsgh.pdf,hud.gov,,,—,pending,2026-03-12T16:57:39.695134+00:00,,,,,,,,,,,,,,,,,,,,,,,,,,,,
https://www.hud.gov/sites/dfiles/OCHCO/documents/43105c17hsgh.pdf,43105c17hsgh.pdf,hud.gov,,,—,pending,2026-03-12T16:57:39.695856+00:00,,,,,,,,,,,,,,,,,,,,,,,,,,,,
https://www.hud.gov/sites/dfiles/OCHCO/documents/43105c18hsgh.pdf,43105c18hsgh.pdf,hud.gov,,,—,pending,2026-03-12T16:57:39.696510+00:00,,,,,,,,,,,,,,,,,,,,,,,,,,,,
https://www.hud.gov/sites/dfiles/OCHCO/documents/43105c1hsgh.pdf,43105c1hsgh.pdf,hud.gov,,,—,pending,2026-03-12T16:57:39.697253+00:00,,,,,,,,,,,,,,,,,,,,,,,,,,,,
https://www.hud.gov/sites/dfiles/OCHCO/documents/43105c2hsgh.pdf,43105c2hsgh.pdf,hud.gov,,,—,pending,2026-03-12T16:57:39.697978+00:00,,,,,,,,,,,,,,,,,,,,,,,,,,,,
https://www.hud.gov/sites/dfiles/OCHCO/documents/43105c3hsgh.pdf,43105c3hsgh.pdf,hud.gov,,,—,pending,2026-03-12T16:57:39.698807+00:00,,,,,,,,,,,,,,,,,,,,,,,,,,,,
https://www.hud.gov/sites/dfiles/OCHCO/documents/43105c4hsgh.pdf,43105c4hsgh.pdf,hud.gov,,,—,pending,2026-03-12T16:57:39.699559+00:00,,,,,,,,,,,,,,,,,,,,,,,,,,,,
https://www.hud.gov/sites/dfiles/OCHCO/documents/43105c5hsgh.pdf,43105c5hsgh.pdf,hud.gov,,,—,pending,2026-03-12T16:57:39.700251+00:00,,,,,,,,,,,,,,,,,,,,,,,,,,,,
https://www.hud.gov/sites/dfiles/OCHCO/documents/43105c6hsgh.pdf,43105c6hsgh.pdf,hud.gov,,,—,pending,2026-03-12T16:57:39.701016+00:00,,,,,,,,,,,,,,,,,,,,,,,,,,,,
https://www.hud.gov/sites/dfiles/OCHCO/documents/43105c7hsgh.pdf,43105c7hsgh.pdf,hud.gov,,,—,pending,2026-03-12T16:57:39.701753+00:00,,,,,,,,,,,,,,,,,,,,,,,,,,,,
https://www.hud.gov/sites/dfiles/OCHCO/documents/43105c8hsgh.pdf,43105c8hsgh.pdf,hud.gov,,,—,pending,2026-03-12T16:57:39.702539+00:00,,,,,,,,,,,,,,,,,,,,,,,,,,,,
https://www.hud.gov/sites/dfiles/OCHCO/documents/43105c9hsgh.pdf,43105c9hsgh.pdf,hud.gov,,,—,pending,2026-03-12T16:57:39.703221+00:00,,,,,,,,,,,,,,,,,,,,,,,,,,,,
https://www.hud.gov/sites/dfiles/OCHCO/documents/43105tochsgh.pdf,43105tochsgh.pdf,hud.gov,,,—,pending,2026-03-12T16:57:39.704008+00:00,,,,,,,,,,,,,,,,,,,,,,,,,,,,
https://www.hud.gov/sites/dfiles/OCHCO/documents/43105trnhsgh.pdf,43105trnhsgh.pdf,hud.gov,,,—,pending,2026-03-12T16:57:39.704704+00:00,,,,,,,,,,,,,,,,,,,,,,,,,,,,
https://www.hud.gov/sites/dfiles/OCHCO/documents/43105x10hsgh.pdf,43105x10hsgh.pdf,hud.gov,,,—,pending,2026-03-12T16:57:39.705342+00:00,,,,,,,,,,,,,,,,,,,,,,,,,,,,
https://www.hud.gov/sites/dfiles/OCHCO/documents/43105x11hsgh.pdf,43105x11hsgh.pdf,hud.gov,,,—,pending,2026-03-12T16:57:39.706494+00:00,,,,,,,,,,,,,,,,,,,,,,,,,,,,
https://www.hud.gov/sites/dfiles/OCHCO/documents/43105x12hsgh.pdf,43105x12hsgh.pdf,hud.gov,,,—,pending,2026-03-12T16:57:39.707151+00:00,,,,,,,,,,,,,,,,,,,,,,,,,,,,
https://www.hud.gov/sites/dfiles/OCHCO/documents/43105x13hsgh.pdf,43105x13hsgh.pdf,hud.gov,,,—,pending,2026-03-12T16:57:39.707755+00:00,,,,,,,,,,,,,,,,,,,,,,,,,,,,
https://www.hud.gov/sites/dfiles/OCHCO/documents/43105x14hsgh.pdf,43105x14hsgh.pdf,hud.gov,,,—,pending,2026-03-12T16:57:39.708373+00:00,,,,,,,,,,,,,,,,,,,,,,,,,,,,
https://www.hud.gov/sites/dfiles/OCHCO/documents/43105x15hsgh.pdf,43105x15hsgh.pdf,hud.gov,,,—,pending,2026-03-12T16:57:39.709022+00:00,,,,,,,,,,,,,,,,,,,,,,,,,,,,
https://www.hud.gov/sites/dfiles/OCHCO/documents/43105x16hsgh.pdf,43105x16hsgh.pdf,hud.gov,,,—,pending,2026-03-12T16:57:39.709687+00:00,,,,,,,,,,,,,,,,,,,,,,,,,,,,
https://www.hud.gov/sites/dfiles/OCHCO/documents/43105x17hsgh.pdf,43105x17hsgh.pdf,hud.gov,,,—,pending,2026-03-12T16:57:39.710303+00:00,,,,,,,,,,,,,,,,,,,,,,,,,,,,
https://www.hud.gov/sites/dfiles/OCHCO/documents/43105x18hsgh.pdf,43105x18hsgh.pdf,hud.gov,,,—,pending,2026-03-12T16:57:39.710922+00:00,,,,,,,,,,,,,,,,,,,,,,,,,,,,
https://www.hud.gov/sites/dfiles/OCHCO/documents/43105x19hsgh.pdf,43105x19hsgh.pdf,hud.gov,,,—,pending,2026-03-12T16:57:39.711526+00:00,,,,,,,,,,,,,,,,,,,,,,,,,,,,
https://www.hud.gov/sites/dfiles/OCHCO/documents/43105x1hsgh.pdf,43105x1hsgh.pdf,hud.gov,,,—,pending,2026-03-12T16:57:39.712162+00:00,,,,,,,,,,,,,,,,,,,,,,,,,,,,
https://www.hud.gov/sites/dfiles/OCHCO/documents/43105x20hsgh.pdf,43105x20hsgh.pdf,hud.gov,,,—,pending,2026-03-12T16:57:39.712817+00:00,,,,,,,,,,,,,,,,,,,,,,,,,,,,
https://www.hud.gov/sites/dfiles/OCHCO/documents/43105x21hsgh.pdf,43105x21hsgh.pdf,hud.gov,,,—,pending,2026-03-12T16:57:39.713517+00:00,,,,,,,,,,,,,,,,,,,,,,,,,,,,
https://www.hud.gov/sites/dfiles/OCHCO/documents/43105x22hsgh.pdf,43105x22hsgh.pdf,hud.gov,,,—,pending,2026-03-12T16:57:39.714139+00:00,,,,,,,,,,,,,,,,,,,,,,,,,,,,
https://www.hud.gov/sites/dfiles/OCHCO/documents/43105x23hsgh.pdf,43105x23hsgh.pdf,hud.gov,,,—,pending,2026-03-12T16:57:39.714743+00:00,,,,,,,,,,,,,,,,,,,,,,,,,,,,
https://www.hud.gov/sites/dfiles/OCHCO/documents/43105x24hsgh.pdf,43105x24hsgh.pdf,hud.gov,,,—,pending,2026-03-12T16:57:39.715527+00:00,,,,,,,,,,,,,,,,,,,,,,,,,,,,
https://www.hud.gov/sites/dfiles/OCHCO/documents/43105x25hsgh.pdf,43105x25hsgh.pdf,hud.gov,,,—,pending,2026-03-12T16:57:39.716148+00:00,,,,,,,,,,,,,,,,,,,,,,,,,,,,
https://www.hud.gov/sites/dfiles/OCHCO/documents/43105x26hsgh.pdf,43105x26hsgh.pdf,hud.gov,,,—,pending,2026-03-12T16:57:39.716761+00:00,,,,,,,,,,,,,,,,,,,,,,,,,,,,
https://www.hud.gov/sites/dfiles/OCHCO/documents/43105x27hsgh.pdf,43105x27hsgh.pdf,hud.gov,,,—,pending,2026-03-12T16:57:39.717378+00:00,,,,,,,,,,,,,,,,,,,,,,,,,,,,
https://www.hud.gov/sites/dfiles/OCHCO/documents/43105x28hsgh.pdf,43105x28hsgh.pdf,hud.gov,,,—,pending,2026-03-12T16:57:39.718094+00:00,,,,,,,,,,,,,,,,,,,,,,,,,,,,
https://www.hud.gov/sites/dfiles/OCHCO/documents/43105x29hsgh.pdf,43105x29hsgh.pdf,hud.gov,,,—,pending,2026-03-12T16:57:39.718726+00:00,,,,,,,,,,,,,,,,,,,,,,,,,,,,
https://www.hud.gov/sites/dfiles/OCHCO/documents/43105x2hsgh.pdf,43105x2hsgh.pdf,hud.gov,,,—,pending,2026-03-12T16:57:39.719364+00:00,,,,,,,,,,,,,,,,,,,,,,,,,,,,
https://www.hud.gov/sites/dfiles/OCHCO/documents/43105x30hsgh.pdf,43105x30hsgh.pdf,hud.gov,,,—,pending,2026-03-12T16:57:39.720007+00:00,,,,,,,,,,,,,,,,,,,,,,,,,,,,
https://www.hud.gov/sites/dfiles/OCHCO/documents/43105x31hsgh.pdf,43105x31hsgh.pdf,hud.gov,,,—,pending,2026-03-12T16:57:39.720790+00:00,,,,,,,,,,,,,,,,,,,,,,,,,,,,
https://www.hud.gov/sites/dfiles/OCHCO/documents/43105x32hsgh.pdf,43105x32hsgh.pdf,hud.gov,,,—,pending,2026-03-12T16:57:39.721625+00:00,,,,,,,,,,,,,,,,,,,,,,,,,,,,
https://www.hud.gov/sites/dfiles/OCHCO/documents/43105x33hsgh.pdf,43105x33hsgh.pdf,hud.gov,,,—,pending,2026-03-12T16:57:39.722336+00:00,,,,,,,,,,,,,,,,,,,,,,,,,,,,
https://www.hud.gov/sites/dfiles/OCHCO/documents/43105x34hsgh.pdf,43105x34hsgh.pdf,hud.gov,,,—,pending,2026-03-12T16:57:39.723072+00:00,,,,,,,,,,,,,,,,,,,,,,,,,,,,
https://www.hud.gov/sites/dfiles/OCHCO/documents/43105x35hsgh.pdf,43105x35hsgh.pdf,hud.gov,,,—,pending,2026-03-12T16:57:39.724148+00:00,,,,,,,,,,,,,,,,,,,,,,,,,,,,
https://www.hud.gov/sites/dfiles/OCHCO/documents/43105x36hsgh.pdf,43105x36hsgh.pdf,hud.gov,,,—,pending,2026-03-12T16:57:39.724944+00:00,,,,,,,,,,,,,,,,,,,,,,,,,,,,
https://www.hud.gov/sites/dfiles/OCHCO/documents/43105x37hsgh.pdf,43105x37hsgh.pdf,hud.gov,,,—,pending,2026-03-12T16:57:39.725612+00:00,,,,,,,,,,,,,,,,,,,,,,,,,,,,
https://www.hud.gov/sites/dfiles/OCHCO/documents/43105x38hsgh.pdf,43105x38hsgh.pdf,hud.gov,,,—,pending,2026-03-12T16:57:39.726291+00:00,,,,,,,,,,,,,,,,,,,,,,,,,,,,
https://www.hud.gov/sites/dfiles/OCHCO/documents/43105x39hsgh.pdf,43105x39hsgh.pdf,hud.gov,,,—,pending,2026-03-12T16:57:39.727395+00:00,,,,,,,,,,,,,,,,,,,,,,,,,,,,
https://www.hud.gov/sites/dfiles/OCHCO/documents/43105x3hsgh.pdf,43105x3hsgh.pdf,hud.gov,,,—,pending,2026-03-12T16:57:39.728014+00:00,,,,,,,,,,,,,,,,,,,,,,,,,,,,
https://www.hud.gov/sites/dfiles/OCHCO/documents/43105x40hsgh.pdf,43105x40hsgh.pdf,hud.gov,,,—,pending,2026-03-12T16:57:39.728688+00:00,,,,,,,,,,,,,,,,,,,,,,,,,,,,
https://www.hud.gov/sites/dfiles/OCHCO/documents/43105x41hsgh.pdf,43105x41hsgh.pdf,hud.gov,,,—,pending,2026-03-12T16:57:39.729890+00:00,,,,,,,,,,,,,,,,,,,,,,,,,,,,
https://www.hud.gov/sites/dfiles/OCHCO/documents/43105x42hsgh.pdf,43105x42hsgh.pdf,hud.gov,,,—,pending,2026-03-12T16:57:39.730661+00:00,,,,,,,,,,,,,,,,,,,,,,,,,,,,
https://www.hud.gov/sites/dfiles/OCHCO/documents/43105x43hsgh.pdf,43105x43hsgh.pdf,hud.gov,,,—,pending,2026-03-12T16:57:39.731483+00:00,,,,,,,,,,,,,,,,,,,,,,,,,,,,
https://www.hud.gov/sites/dfiles/OCHCO/documents/43105x44hsgh.pdf,43105x44hsgh.pdf,hud.gov,,,—,pending,2026-03-12T16:57:39.732185+00:00,,,,,,,,,,,,,,,,,,,,,,,,,,,,
https://www.hud.gov/sites/dfiles/OCHCO/documents/43105x45hsgh.pdf,43105x45hsgh.pdf,hud.gov,,,—,pending,2026-03-12T16:57:39.733041+00:00,,,,,,,,,,,,,,,,,,,,,,,,,,,,
https://www.hud.gov/sites/dfiles/OCHCO/documents/43105x46hsgh.pdf,43105x46hsgh.pdf,hud.gov,,,—,pending,2026-03-12T16:57:39.733721+00:00,,,,,,,,,,,,,,,,,,,,,,,,,,,,
https://www.hud.gov/sites/dfiles/OCHCO/documents/43105x47hsgh.pdf,43105x47hsgh.pdf,hud.gov,,,—,pending,2026-03-12T16:57:39.734446+00:00,,,,,,,,,,,,,,,,,,,,,,,,,,,,
https://www.hud.gov/sites/dfiles/OCHCO/documents/43105x48hsgh.pdf,43105x48hsgh.pdf,hud.gov,,,—,pending,2026-03-12T16:57:39.735127+00:00,,,,,,,,,,,,,,,,,,,,,,,,,,,,
https://www.hud.gov/sites/dfiles/OCHCO/documents/43105x49hsgh.pdf,43105x49hsgh.pdf,hud.gov,,,—,pending,2026-03-12T16:57:39.735732+00:00,,,,,,,,,,,,,,,,,,,,,,,,,,,,
https://www.hud.gov/sites/dfiles/OCHCO/documents/43105x4hsgh.pdf,43105x4hsgh.pdf,hud.gov,,,—,pending,2026-03-12T16:57:39.736354+00:00,,,,,,,,,,,,,,,,,,,,,,,,,,,,
https://www.hud.gov/sites/dfiles/OCHCO/documents/43105x50hsgh.pdf,43105x50hsgh.pdf,hud.gov,,,—,pending,2026-03-12T16:57:39.736977+00:00,,,,,,,,,,,,,,,,,,,,,,,,,,,,
https://www.hud.gov/sites/dfiles/OCHCO/documents/43105x51hsgh.pdf,43105x51hsgh.pdf,hud.gov,,,—,pending,2026-03-12T16:57:39.737650+00:00,,,,,,,,,,,,,,,,,,,,,,,,,,,,
https://www.hud.gov/sites/dfiles/OCHCO/documents/43105x52hsgh.pdf,43105x52hsgh.pdf,hud.gov,,,—,pending,2026-03-12T16:57:39.738270+00:00,,,,,,,,,,,,,,,,,,,,,,,,,,,,
https://www.hud.gov/sites/dfiles/OCHCO/documents/43105x53hsgh.pdf,43105x53hsgh.pdf,hud.gov,,,—,pending,2026-03-12T16:57:39.738941+00:00,,,,,,,,,,,,,,,,,,,,,,,,,,,,
https://www.hud.gov/sites/dfiles/OCHCO/documents/43105x54hsgh.pdf,43105x54hsgh.pdf,hud.gov,,,—,pending,2026-03-12T16:57:39.739832+00:00,,,,,,,,,,,,,,,,,,,,,,,,,,,,
https://www.hud.gov/sites/dfiles/OCHCO/documents/43105x55hsgh.pdf,43105x55hsgh.pdf,hud.gov,,,—,pending,2026-03-12T16:57:39.740484+00:00,,,,,,,,,,,,,,,,,,,,,,,,,,,,
https://www.hud.gov/sites/dfiles/OCHCO/documents/43105x56hsgh.pdf,43105x56hsgh.pdf,hud.gov,,,—,pending,2026-03-12T16:57:39.741103+00:00,,,,,,,,,,,,,,,,,,,,,,,,,,,,
https://www.hud.gov/sites/dfiles/OCHCO/documents/43105x57hsgh.pdf,43105x57hsgh.pdf,hud.gov,,,—,pending,2026-03-12T16:57:39.741708+00:00,,,,,,,,,,,,,,,,,,,,,,,,,,,,
https://www.hud.gov/sites/dfiles/OCHCO/documents/43105x58hsgh.pdf,43105x58hsgh.pdf,hud.gov,,,—,pending,2026-03-12T16:57:39.742407+00:00,,,,,,,,,,,,,,,,,,,,,,,,,,,,
https://www.hud.gov/sites/dfiles/OCHCO/documents/43105x59hsgh.pdf,43105x59hsgh.pdf,hud.gov,,,—,pending,2026-03-12T16:57:39.743024+00:00,,,,,,,,,,,,,,,,,,,,,,,,,,,,
https://www.hud.gov/sites/dfiles/OCHCO/documents/43105x5hsgh.pdf,43105x5hsgh.pdf,hud.gov,,,—,pending,2026-03-12T16:57:39.743635+00:00,,,,,,,,,,,,,,,,,,,,,,,,,,,,
https://www.hud.gov/sites/dfiles/OCHCO/documents/43105x60hsgh.pdf,43105x60hsgh.pdf,hud.gov,,,—,pending,2026-03-12T16:57:39.744252+00:00,,,,,,,,,,,,,,,,,,,,,,,,,,,,
https://www.hud.gov/sites/dfiles/OCHCO/documents/43105x61hsgh.pdf,43105x61hsgh.pdf,hud.gov,,,—,pending,2026-03-12T16:57:39.744932+00:00,,,,,,,,,,,,,,,,,,,,,,,,,,,,
https://www.hud.gov/sites/dfiles/OCHCO/documents/43105x62hsgh.pdf,43105x62hsgh.pdf,hud.gov,,,—,pending,2026-03-12T16:57:39.745635+00:00,,,,,,,,,,,,,,,,,,,,,,,,,,,,
https://www.hud.gov/sites/dfiles/OCHCO/documents/43105x63hsgh.pdf,43105x63hsgh.pdf,hud.gov,,,—,pending,2026-03-12T16:57:39.746392+00:00,,,,,,,,,,,,,,,,,,,,,,,,,,,,
https://www.hud.gov/sites/dfiles/OCHCO/documents/43105x64hsgh.pdf,43105x64hsgh.pdf,hud.gov,,,—,pending,2026-03-12T16:57:39.747021+00:00,,,,,,,,,,,,,,,,,,,,,,,,,,,,
https://www.hud.gov/sites/dfiles/OCHCO/documents/43105x65hsgh.pdf,43105x65hsgh.pdf,hud.gov,,,—,pending,2026-03-12T16:57:39.747627+00:00,,,,,,,,,,,,,,,,,,,,,,,,,,,,
https://www.hud.gov/sites/dfiles/OCHCO/documents/43105x66hsgh.pdf,43105x66hsgh.pdf,hud.gov,,,—,pending,2026-03-12T16:57:39.748242+00:00,,,,,,,,,,,,,,,,,,,,,,,,,,,,
https://www.hud.gov/sites/dfiles/OCHCO/documents/43105x67hsgh.pdf,43105x67hsgh.pdf,hud.gov,,,—,pending,2026-03-12T16:57:39.748918+00:00,,,,,,,,,,,,,,,,,,,,,,,,,,,,
https://www.hud.gov/sites/dfiles/OCHCO/documents/43105x68hsgh.pdf,43105x68hsgh.pdf,hud.gov,,,—,pending,2026-03-12T16:57:39.749580+00:00,,,,,,,,,,,,,,,,,,,,,,,,,,,,
https://www.hud.gov/sites/dfiles/OCHCO/documents/43105x69hsgh.pdf,43105x69hsgh.pdf,hud.gov,,,—,pending,2026-03-12T16:57:39.750225+00:00,,,,,,,,,,,,,,,,,,,,,,,,,,,,
https://www.hud.gov/sites/dfiles/OCHCO/documents/43105x6hsgh.pdf,43105x6hsgh.pdf,hud.gov,,,—,pending,2026-03-12T16:57:39.750898+00:00,,,,,,,,,,,,,,,,,,,,,,,,,,,,
https://www.hud.gov/sites/dfiles/OCHCO/documents/43105x70hsgh.pdf,43105x70hsgh.pdf,hud.gov,,,—,pending,2026-03-12T16:57:39.751509+00:00,,,,,,,,,,,,,,,,,,,,,,,,,,,,
https://www.hud.gov/sites/dfiles/OCHCO/documents/43105x71hsgh.pdf,43105x71hsgh.pdf,hud.gov,,,—,pending,2026-03-12T16:57:39.752162+00:00,,,,,,,,,,,,,,,,,,,,,,,,,,,,
https://www.hud.gov/sites/dfiles/OCHCO/documents/43105x72hsgh.pdf,43105x72hsgh.pdf,hud.gov,,,—,pending,2026-03-12T16:57:39.753058+00:00,,,,,,,,,,,,,,,,,,,,,,,,,,,,
https://www.hud.gov/sites/dfiles/OCHCO/documents/43105x73hsgh.pdf,43105x73hsgh.pdf,hud.gov,,,—,pending,2026-03-12T16:57:39.753691+00:00,,,,,,,,,,,,,,,,,,,,,,,,,,,,
https://www.hud.gov/sites/dfiles/OCHCO/documents/43105x74hsgh.pdf,43105x74hsgh.pdf,hud.gov,,,—,pending,2026-03-12T16:57:39.754311+00:00,,,,,,,,,,,,,,,,,,,,,,,,,,,,
https://www.hud.gov/sites/dfiles/OCHCO/documents/43105x75hsgh.pdf,43105x75hsgh.pdf,hud.gov,,,—,pending,2026-03-12T16:57:39.754930+00:00,,,,,,,,,,,,,,,,,,,,,,,,,,,,
https://www.hud.gov/sites/dfiles/OCHCO/documents/43105x76hsgh.pdf,43105x76hsgh.pdf,hud.gov,,,—,pending,2026-03-12T16:57:39.755673+00:00,,,,,,,,,,,,,,,,,,,,,,,,,,,,
https://www.hud.gov/sites/dfiles/OCHCO/documents/43105x77hsgh.pdf,43105x77hsgh.pdf,hud.gov,,,—,pending,2026-03-12T16:57:39.756329+00:00,,,,,,,,,,,,,,,,,,,,,,,,,,,,
https://www.hud.gov/sites/dfiles/OCHCO/documents/43105x78hsgh.pdf,43105x78hsgh.pdf,hud.gov,,,—,pending,2026-03-12T16:57:39.757471+00:00,,,,,,,,,,,,,,,,,,,,,,,,,,,,
https://www.hud.gov/sites/dfiles/OCHCO/documents/43105x79hsgh.pdf,43105x79hsgh.pdf,hud.gov,,,—,pending,2026-03-12T16:57:39.758098+00:00,,,,,,,,,,,,,,,,,,,,,,,,,,,,
https://www.hud.gov/sites/dfiles/OCHCO/documents/43105x7hsgh.pdf,43105x7hsgh.pdf,hud.gov,,,—,pending,2026-03-12T16:57:39.758706+00:00,,,,,,,,,,,,,,,,,,,,,,,,,,,,
https://www.hud.gov/sites/dfiles/OCHCO/documents/43105x80hsgh.pdf,43105x80hsgh.pdf,hud.gov,,,—,pending,2026-03-12T16:57:39.759332+00:00,,,,,,,,,,,,,,,,,,,,,,,,,,,,
https://www.hud.gov/sites/dfiles/OCHCO/documents/43105x81hsgh.pdf,43105x81hsgh.pdf,hud.gov,,,—,pending,2026-03-12T16:57:39.759987+00:00,,,,,,,,,,,,,,,,,,,,,,,,,,,,
https://www.hud.gov/sites/dfiles/OCHCO/documents/43105x8hsgh.pdf,43105x8hsgh.pdf,hud.gov,,,—,pending,2026-03-12T16:57:39.760610+00:00,,,,,,,,,,,,,,,,,,,,,,,,,,,,
https://www.hud.gov/sites/dfiles/OCHCO/documents/43105x9hsgh.pdf,43105x9hsgh.pdf,hud.gov,,,—,pending,2026-03-12T16:57:39.761289+00:00,,,,,,,,,,,,,,,,,,,,,,,,,,,,
https://www.hud.gov/sites/documents/43304c1hsgh.pdf,43304c1hsgh.pdf,hud.gov,,,—,pending,2026-03-12T16:57:39.762093+00:00,,,,,,,,,,,,,,,,,,,,,,,,,,,,
https://www.hud.gov/sites/documents/43304c2hsgh.pdf,43304c2hsgh.pdf,hud.gov,,,—,pending,2026-03-12T16:57:39.763180+00:00,,,,,,,,,,,,,,,,,,,,,,,,,,,,
https://www.hud.gov/sites/documents/43304c3hsgh.pdf,43304c3hsgh.pdf,hud.gov,,,—,pending,2026-03-12T16:57:39.763953+00:00,,,,,,,,,,,,,,,,,,,,,,,,,,,,
https://www.hud.gov/sites/documents/43304c4hsgh.pdf,43304c4hsgh.pdf,hud.gov,,,—,pending,2026-03-12T16:57:39.764658+00:00,,,,,,,,,,,,,,,,,,,,,,,,,,,,
https://www.hud.gov/sites/documents/43304c5hsgh.pdf,43304c5hsgh.pdf,hud.gov,,,—,pending,2026-03-12T16:57:39.765429+00:00,,,,,,,,,,,,,,,,,,,,,,,,,,,,
https://www.hud.gov/sites/documents/43304c6hsgh.pdf,43304c6hsgh.pdf,hud.gov,,,—,pending,2026-03-12T16:57:39.766247+00:00,,,,,,,,,,,,,,,,,,,,,,,,,,,,
https://www.hud.gov/sites/documents/43304c7hsgh.pdf,43304c7hsgh.pdf,hud.gov,,,—,pending,2026-03-12T16:57:39.766950+00:00,,,,,,,,,,,,,,,,,,,,,,,,,,,,
https://www.hud.gov/sites/documents/43304c8hsgh.pdf,43304c8hsgh.pdf,hud.gov,,,—,pending,2026-03-12T16:57:39.767711+00:00,,,,,,,,,,,,,,,,,,,,,,,,,,,,
https://www.hud.gov/sites/documents/43304tochsgh.pdf,43304tochsgh.pdf,hud.gov,,,—,pending,2026-03-12T16:57:39.768419+00:00,,,,,,,,,,,,,,,,,,,,,,,,,,,,
https://www.hud.gov/sites/documents/43304trnhsgh.pdf,43304trnhsgh.pdf,hud.gov,,,—,pending,2026-03-12T16:57:39.769087+00:00,,,,,,,,,,,,,,,,,,,,,,,,,,,,
https://www.hud.gov/sites/documents/43304x10hsgh.pdf,43304x10hsgh.pdf,hud.gov,,,—,pending,2026-03-12T16:57:39.769719+00:00,,,,,,,,,,,,,,,,,,,,,,,,,,,,
https://www.hud.gov/sites/documents/43304x11hsgh.pdf,43304x11hsgh.pdf,hud.gov,,,—,pending,2026-03-12T16:57:39.770408+00:00,,,,,,,,,,,,,,,,,,,,,,,,,,,,
https://www.hud.gov/sites/documents/43304x12hsgh.pdf,43304x12hsgh.pdf,hud.gov,,,—,pending,2026-03-12T16:57:39.771738+00:00,,,,,,,,,,,,,,,,,,,,,,,,,,,,
https://www.hud.gov/sites/documents/43304x13hsgh.pdf,43304x13hsgh.pdf,hud.gov,,,—,pending,2026-03-12T16:57:39.772368+00:00,,,,,,,,,,,,,,,,,,,,,,,,,,,,
https://www.hud.gov/sites/documents/43304x14hsgh.pdf,43304x14hsgh.pdf,hud.gov,,,—,pending,2026-03-12T16:57:39.773002+00:00,,,,,,,,,,,,,,,,,,,,,,,,,,,,
https://www.hud.gov/sites/documents/43304x15hsgh.pdf,43304x15hsgh.pdf,hud.gov,,,—,pending,2026-03-12T16:57:39.773611+00:00,,,,,,,,,,,,,,,,,,,,,,,,,,,,
https://www.hud.gov/sites/documents/43304x16hsgh.pdf,43304x16hsgh.pdf,hud.gov,,,—,pending,2026-03-12T16:57:39.774243+00:00,,,,,,,,,,,,,,,,,,,,,,,,,,,,
https://www.hud.gov/sites/documents/43304x17hsgh.pdf,43304x17hsgh.pdf,hud.gov,,,—,pending,2026-03-12T16:57:39.774853+00:00,,,,,,,,,,,,,,,,,,,,,,,,,,,,
https://www.hud.gov/sites/documents/43304x18hsgh.pdf,43304x18hsgh.pdf,hud.gov,,,—,pending,2026-03-12T16:57:39.775483+00:00,,,,,,,,,,,,,,,,,,,,,,,,,,,,
https://www.hud.gov/sites/documents/43304x19hsgh.pdf,43304x19hsgh.pdf,hud.gov,,,—,pending,2026-03-12T16:57:39.776124+00:00,,,,,,,,,,,,,,,,,,,,,,,,,,,,
https://www.hud.gov/sites/documents/43304x1hsgh.pdf,43304x1hsgh.pdf,hud.gov,,,—,pending,2026-03-12T16:57:39.776838+00:00,,,,,,,,,,,,,,,,,,,,,,,,,,,,
https://www.hud.gov/sites/documents/43304x20hsgh.pdf,43304x20hsgh.pdf,hud.gov,,,—,pending,2026-03-12T16:57:39.777459+00:00,,,,,,,,,,,,,,,,,,,,,,,,,,,,
https://www.hud.gov/sites/documents/43304x21hsgh.pdf,43304x21hsgh.pdf,hud.gov,,,—,pending,2026-03-12T16:57:39.778080+00:00,,,,,,,,,,,,,,,,,,,,,,,,,,,,
https://www.hud.gov/sites/documents/43304x22hsgh.pdf,43304x22hsgh.pdf,hud.gov,,,—,pending,2026-03-12T16:57:39.778693+00:00,,,,,,,,,,,,,,,,,,,,,,,,,,,,
https://www.hud.gov/sites/documents/43304x23hsgh.pdf,43304x23hsgh.pdf,hud.gov,,,—,pending,2026-03-12T16:57:39.779313+00:00,,,,,,,,,,,,,,,,,,,,,,,,,,,,
https://www.hud.gov/sites/documents/43304x24hsgh.pdf,43304x24hsgh.pdf,hud.gov,,,—,pending,2026-03-12T16:57:39.779932+00:00,,,,,,,,,,,,,,,,,,,,,,,,,,,,
https://www.hud.gov/sites/documents/43304x25hsgh.pdf,43304x25hsgh.pdf,hud.gov,,,—,pending,2026-03-12T16:57:39.780538+00:00,,,,,,,,,,,,,,,,,,,,,,,,,,,,
https://www.hud.gov/sites/documents/43304x26hsgh.pdf,43304x26hsgh.pdf,hud.gov,,,—,pending,2026-03-12T16:57:39.781157+00:00,,,,,,,,,,,,,,,,,,,,,,,,,,,,
https://www.hud.gov/sites/documents/43304x27hsgh.pdf,43304x27hsgh.pdf,hud.gov,,,—,pending,2026-03-12T16:57:39.781763+00:00,,,,,,,,,,,,,,,,,,,,,,,,,,,,
https://www.hud.gov/sites/documents/43304x2hsgh.pdf,43304x2hsgh.pdf,hud.gov,,,—,pending,2026-03-12T16:57:39.782410+00:00,,,,,,,,,,,,,,,,,,,,,,,,,,,,
https://www.hud.gov/sites/documents/43304x3hsgh.pdf,43304x3hsgh.pdf,hud.gov,,,—,pending,2026-03-12T16:57:39.783035+00:00,,,,,,,,,,,,,,,,,,,,,,,,,,,,
https://www.hud.gov/sites/documents/43304x4hsgh.pdf,43304x4hsgh.pdf,hud.gov,,,—,pending,2026-03-12T16:57:39.783652+00:00,,,,,,,,,,,,,,,,,,,,,,,,,,,,
https://www.hud.gov/sites/documents/43304x5hsgh.pdf,43304x5hsgh.pdf,hud.gov,,,—,pending,2026-03-12T16:57:39.784535+00:00,,,,,,,,,,,,,,,,,,,,,,,,,,,,
https://www.hud.gov/sites/documents/43304x6hsgh.pdf,43304x6hsgh.pdf,hud.gov,,,—,pending,2026-03-12T16:57:39.785188+00:00,,,,,,,,,,,,,,,,,,,,,,,,,,,,
https://www.hud.gov/sites/documents/43304x7hsgh.pdf,43304x7hsgh.pdf,hud.gov,,,—,pending,2026-03-12T16:57:39.785796+00:00,,,,,,,,,,,,,,,,,,,,,,,,,,,,
https://www.hud.gov/sites/documents/43304x8hsgh.pdf,43304x8hsgh.pdf,hud.gov,,,—,pending,2026-03-12T16:57:39.786420+00:00,,,,,,,,,,,,,,,,,,,,,,,,,,,,
https://www.hud.gov/sites/documents/43304x9hsgh.pdf,43304x9hsgh.pdf,hud.gov,,,—,pending,2026-03-12T16:57:39.787066+00:00,,,,,,,,,,,,,,,,,,,,,,,,,,,,
https://www.hud.gov/sites/documents/47001c1hsgh.pdf,47001c1hsgh.pdf,hud.gov,,,—,pending,2026-03-12T16:57:39.787726+00:00,,,,,,,,,,,,,,,,,,,,,,,,,,,,
https://www.hud.gov/sites/documents/47001c2hsgh.pdf,47001c2hsgh.pdf,hud.gov,,,—,pending,2026-03-12T16:57:39.788476+00:00,,,,,,,,,,,,,,,,,,,,,,,,,,,,
https://www.hud.gov/sites/documents/47001c3hsgh.pdf,47001c3hsgh.pdf,hud.gov,,,—,pending,2026-03-12T16:57:39.789171+00:00,,,,,,,,,,,,,,,,,,,,,,,,,,,,
https://www.hud.gov/sites/documents/47001c4hsgh.pdf,47001c4hsgh.pdf,hud.gov,,,—,pending,2026-03-12T16:57:39.789874+00:00,,,,,,,,,,,,,,,,,,,,,,,,,,,,
https://www.hud.gov/sites/documents/47001c5hsgh.pdf,47001c5hsgh.pdf,hud.gov,,,—,pending,2026-03-12T16:57:39.790612+00:00,,,,,,,,,,,,,,,,,,,,,,,,,,,,
https://www.hud.gov/sites/documents/47001hsgh.pdf,47001hsgh.pdf,hud.gov,,,—,pending,2026-03-12T16:57:39.793825+00:00,,,,,,,,,,,,,,,,,,,,,,,,,,,,
https://www.hud.gov/sites/documents/47001tochsgh.pdf,47001tochsgh.pdf,hud.gov,,,—,pending,2026-03-12T16:57:39.794466+00:00,,,,,,,,,,,,,,,,,,,,,,,,,,,,
https://www.hud.gov/sites/documents/47001trnhsgh.pdf,47001trnhsgh.pdf,hud.gov,,,—,pending,2026-03-12T16:57:39.795089+00:00,,,,,,,,,,,,,,,,,,,,,,,,,,,,
https://www.hud.gov/sites/documents/47001x01hsgh.pdf,47001x01hsgh.pdf,hud.gov,,,—,pending,2026-03-12T16:57:39.796363+00:00,,,,,,,,,,,,,,,,,,,,,,,,,,,,
https://www.hud.gov/sites/documents/47001x02hsgh.pdf,47001x02hsgh.pdf,hud.gov,,,—,pending,2026-03-12T16:57:39.797790+00:00,,,,,,,,,,,,,,,,,,,,,,,,,,,,
https://www.hud.gov/sites/documents/47002c1hsgh.pdf,47002c1hsgh.pdf,hud.gov,,,—,pending,2026-03-12T16:57:39.798430+00:00,,,,,,,,,,,,,,,,,,,,,,,,,,,,
https://www.hud.gov/sites/documents/47002c2hsgh.pdf,47002c2hsgh.pdf,hud.gov,,,—,pending,2026-03-12T16:57:39.799107+00:00,,,,,,,,,,,,,,,,,,,,,,,,,,,,
https://www.hud.gov/sites/documents/47002c3hsgh.pdf,47002c3hsgh.pdf,hud.gov,,,—,pending,2026-03-12T16:57:39.799773+00:00,,,,,,,,,,,,,,,,,,,,,,,,,,,,
https://www.hud.gov/sites/documents/47002c4hsgh.pdf,47002c4hsgh.pdf,hud.gov,,,—,pending,2026-03-12T16:57:39.800420+00:00,,,,,,,,,,,,,,,,,,,,,,,,,,,,
https://www.hud.gov/sites/documents/47002c5hsgh.pdf,47002c5hsgh.pdf,hud.gov,,,—,pending,2026-03-12T16:57:39.801093+00:00,,,,,,,,,,,,,,,,,,,,,,,,,,,,
https://www.hud.gov/sites/documents/47002c6hsgh.pdf,47002c6hsgh.pdf,hud.gov,,,—,pending,2026-03-12T16:57:39.801734+00:00,,,,,,,,,,,,,,,,,,,,,,,,,,,,
https://www.hud.gov/sites/documents/47002c7hsgh.pdf,47002c7hsgh.pdf,hud.gov,,,—,pending,2026-03-12T16:57:39.802386+00:00,,,,,,,,,,,,,,,,,,,,,,,,,,,,
https://www.hud.gov/sites/documents/47002tochsgh.pdf,47002tochsgh.pdf,hud.gov,,,—,pending,2026-03-12T16:57:39.803021+00:00,,,,,,,,,,,,,,,,,,,,,,,,,,,,
https://www.hud.gov/sites/documents/47002trnhsgh.pdf,47002trnhsgh.pdf,hud.gov,,,—,pending,2026-03-12T16:57:39.803634+00:00,,,,,,,,,,,,,,,,,,,,,,,,,,,,
https://www.hud.gov/sites/documents/47002x1hsgh.pdf,47002x1hsgh.pdf,hud.gov,,,—,pending,2026-03-12T16:57:39.804254+00:00,,,,,,,,,,,,,,,,,,,,,,,,,,,,
https://www.hud.gov/sites/documents/47002x2hsgh.pdf,47002x2hsgh.pdf,hud.gov,,,—,pending,2026-03-12T16:57:39.804880+00:00,,,,,,,,,,,,,,,,,,,,,,,,,,,,
https://www.hud.gov/sites/documents/47002x3hsgh.pdf,47002x3hsgh.pdf,hud.gov,,,—,pending,2026-03-12T16:57:39.805503+00:00,,,,,,,,,,,,,,,,,,,,,,,,,,,,
https://www.hud.gov/sites/documents/47101c1hsgh.pdf,47101c1hsgh.pdf,hud.gov,,,—,pending,2026-03-12T16:57:39.806198+00:00,,,,,,,,,,,,,,,,,,,,,,,,,,,,
https://www.hud.gov/sites/documents/47101c2hsgh.pdf,47101c2hsgh.pdf,hud.gov,,,—,pending,2026-03-12T16:57:39.806922+00:00,,,,,,,,,,,,,,,,,,,,,,,,,,,,
https://www.hud.gov/sites/documents/47101c3hsgh.pdf,47101c3hsgh.pdf,hud.gov,,,—,pending,2026-03-12T16:57:39.807612+00:00,,,,,,,,,,,,,,,,,,,,,,,,,,,,
https://www.hud.gov/sites/documents/47101c4hsgh.pdf,47101c4hsgh.pdf,hud.gov,,,—,pending,2026-03-12T16:57:39.808287+00:00,,,,,,,,,,,,,,,,,,,,,,,,,,,,
https://www.hud.gov/sites/documents/47101hsgh.pdf,47101hsgh.pdf,hud.gov,,,—,pending,2026-03-12T16:57:39.809969+00:00,,,,,,,,,,,,,,,,,,,,,,,,,,,,
https://www.hud.gov/sites/documents/47101tochsgh.pdf,47101tochsgh.pdf,hud.gov,,,—,pending,2026-03-12T16:57:39.810597+00:00,,,,,,,,,,,,,,,,,,,,,,,,,,,,
https://www.hud.gov/sites/documents/47101trnhsgh.pdf,47101trnhsgh.pdf,hud.gov,,,—,pending,2026-03-12T16:57:39.811218+00:00,,,,,,,,,,,,,,,,,,,,,,,,,,,,
https://www.hud.gov/sites/documents/47101x01hsgh.pdf,47101x01hsgh.pdf,hud.gov,,,—,pending,2026-03-12T16:57:39.811901+00:00,,,,,,,,,,,,,,,,,,,,,,,,,,,,
https://www.hud.gov/sites/documents/47101x02hsgh.pdf,47101x02hsgh.pdf,hud.gov,,,—,pending,2026-03-12T16:57:39.812711+00:00,,,,,,,,,,,,,,,,,,,,,,,,,,,,
https://www.hud.gov/sites/documents/47101x3hsgh.pdf,47101x3hsgh.pdf,hud.gov,,,—,pending,2026-03-12T16:57:39.813479+00:00,,,,,,,,,,,,,,,,,,,,,,,,,,,,
https://www.hud.gov/sites/documents/47101x4hsgh.pdf,47101x4hsgh.pdf,hud.gov,,,—,pending,2026-03-12T16:57:39.814119+00:00,,,,,,,,,,,,,,,,,,,,,,,,,,,,
https://www.hud.gov/sites/documents/47101x5hsgh.pdf,47101x5hsgh.pdf,hud.gov,,,—,pending,2026-03-12T16:57:39.814754+00:00,,,,,,,,,,,,,,,,,,,,,,,,,,,,
https://www.hud.gov/sites/documents/50001.pdf,50001.pdf,hud.gov,,,—,pending,2026-03-12T16:57:39.815435+00:00,,,,,,,,,,,,,,,,,,,,,,,,,,,,
https://www.hud.gov/sites/dfiles/OCHCO/documents/50148-pih.pdf,50148-pih.pdf,hud.gov,,,—,pending,2026-03-12T16:57:39.816120+00:00,,,,,,,,,,,,,,,,,,,,,,,,,,,,
https://www.hud.gov/sites/dfiles/OCHCO/documents/50149-pih.pdf,50149-pih.pdf,hud.gov,,,—,pending,2026-03-12T16:57:39.816836+00:00,,,,,,,,,,,,,,,,,,,,,,,,,,,,
https://www.hud.gov/sites/documents/5275-f-13nahasdafinalrule.pdf,5275-f-13nahasdafinalrule.pdf,hud.gov,,290413,283.6 KB,pending,2026-03-12T16:57:39.817914+00:00,,,,,,,,,,,,,,,,,,,,,,,,,,,,
https://www.hud.gov/sites/documents/56004.pdf,56004.pdf,hud.gov,,,—,pending,2026-03-12T16:57:39.818971+00:00,,,,,,,,,,,,,,,,,,,,,,,,,,,,
https://www.hud.gov/sites/documents/637.pdf,637.pdf,hud.gov,,,—,pending,2026-03-12T16:57:39.820094+00:00,,,,,,,,,,,,,,,,,,,,,,,,,,,,
https://www.hud.gov/sites/documents/7323c1oigh.pdf,7323c1oigh.pdf,hud.gov,,,—,pending,2026-03-12T16:57:39.820732+00:00,,,,,,,,,,,,,,,,,,,,,,,,,,,,
https://www.hud.gov/sites/documents/7323c2oigh.pdf,7323c2oigh.pdf,hud.gov,,,—,pending,2026-03-12T16:57:39.821357+00:00,,,,,,,,,,,,,,,,,,,,,,,,,,,,
https://www.hud.gov/sites/documents/7323c3oigh.pdf,7323c3oigh.pdf,hud.gov,,,—,pending,2026-03-12T16:57:39.822002+00:00,,,,,,,,,,,,,,,,,,,,,,,,,,,,
https://www.hud.gov/sites/documents/7323c4oigh.pdf,7323c4oigh.pdf,hud.gov,,,—,pending,2026-03-12T16:57:39.822609+00:00,,,,,,,,,,,,,,,,,,,,,,,,,,,,
https://www.hud.gov/sites/documents/7323c5oigh.pdf,7323c5oigh.pdf,hud.gov,,,—,pending,2026-03-12T16:57:39.823246+00:00,,,,,,,,,,,,,,,,,,,,,,,,,,,,
https://www.hud.gov/sites/documents/7323c6oigh.pdf,7323c6oigh.pdf,hud.gov,,,—,pending,2026-03-12T16:57:39.823918+00:00,,,,,,,,,,,,,,,,,,,,,,,,,,,,
https://www.hud.gov/sites/documents/7323c7oigh.pdf,7323c7oigh.pdf,hud.gov,,,—,pending,2026-03-12T16:57:39.824532+00:00,,,,,,,,,,,,,,,,,,,,,,,,,,,,
https://www.hud.gov/sites/documents/7323c8oigh.pdf,7323c8oigh.pdf,hud.gov,,,—,pending,2026-03-12T16:57:39.825183+00:00,,,,,,,,,,,,,,,,,,,,,,,,,,,,
https://www.hud.gov/sites/documents/7323tocoigh.pdf,7323tocoigh.pdf,hud.gov,,,—,pending,2026-03-12T16:57:39.825798+00:00,,,,,,,,,,,,,,,,,,,,,,,,,,,,
https://www.hud.gov/sites/documents/7323trnoigh.pdf,7323trnoigh.pdf,hud.gov,,,—,pending,2026-03-12T16:57:39.826418+00:00,,,,,,,,,,,,,,,,,,,,,,,,,,,,
https://www.hud.gov/sites/documents/90035.pdf,90035.pdf,hud.gov,,,—,pending,2026-03-12T16:57:39.827156+00:00,,,,,,,,,,,,,,,,,,,,,,,,,,,,
https://www.hud.gov/sites/documents/90041.pdf,90041.pdf,hud.gov,,,—,pending,2026-03-12T16:57:39.827965+00:00,,,,,,,,,,,,,,,,,,,,,,,,,,,,
https://www.hud.gov/sites/documents/90045.pdf,90045.pdf,hud.gov,,,—,pending,2026-03-12T16:57:39.829046+00:00,,,,,,,,,,,,,,,,,,,,,,,,,,,,
https://www.hud.gov/sites/documents/90051.pdf,90051.pdf,hud.gov,,,—,pending,2026-03-12T16:57:39.829788+00:00,,,,,,,,,,,,,,,,,,,,,,,,,,,,
https://www.hud.gov/sites/documents/90052.pdf,90052.pdf,hud.gov,,,—,pending,2026-03-12T16:57:39.830614+00:00,,,,,,,,,,,,,,,,,,,,,,,,,,,,
https://www.hud.gov/sites/documents/92-33ml.pdf,92-33ml.pdf,hud.gov,,,—,pending,2026-03-12T16:57:39.831387+00:00,,,,,,,,,,,,,,,,,,,,,,,,,,,,
https://www.hud.gov/sites/dfiles/OCHCO/documents/92300.pdf,92300.pdf,hud.gov,,216463,211.4 KB,pending,2026-03-12T16:57:39.832343+00:00,,,,,,,,,,,,,,,,,,,,,,,,,,,,
https://www.hud.gov/sites/dfiles/OCHCO/documents/92577.pdf,92577.pdf,hud.gov,,86280,84.3 KB,pending,2026-03-12T16:57:39.833088+00:00,,,,,,,,,,,,,,,,,,,,,,,,,,,,
https://www.hud.gov/sites/dfiles/OCHCO/documents/92700-A.pdf,92700-A.pdf,hud.gov,,1504582,1.4 MB,pending,2026-03-12T16:57:39.836159+00:00,,,,,,,,,,,,,,,,,,,,,,,,,,,,
https://www.hud.gov/sites/documents/92900-h4h.pdf,92900-h4h.pdf,hud.gov,,,—,pending,2026-03-12T16:57:39.837350+00:00,,,,,,,,,,,,,,,,,,,,,,,,,,,,
https://www.hud.gov/sites/documents/92915-h4h.pdf,92915-h4h.pdf,hud.gov,,,—,pending,2026-03-12T16:57:39.838123+00:00,,,,,,,,,,,,,,,,,,,,,,,,,,,,
https://www.hud.gov/sites/documents/92917-h4h.pdf,92917-h4h.pdf,hud.gov,,,—,pending,2026-03-12T16:57:39.838947+00:00,,,,,,,,,,,,,,,,,,,,,,,,,,,,
https://www.hud.gov/sites/documents/92918.pdf,92918.pdf,hud.gov,,,—,pending,2026-03-12T16:57:39.839708+00:00,,,,,,,,,,,,,,,,,,,,,,,,,,,,
https://www.hud.gov/sites/documents/93-13ml.pdf,93-13ml.pdf,hud.gov,,,—,pending,2026-03-12T16:57:39.840640+00:00,,,,,,,,,,,,,,,,,,,,,,,,,,,,
https://www.hud.gov/sites/documents/93-29ml.pdf,93-29ml.pdf,hud.gov,,,—,pending,2026-03-12T16:57:39.841479+00:00,,,,,,,,,,,,,,,,,,,,,,,,,,,,
https://www.hud.gov/sites/documents/93-35ml.pdf,93-35ml.pdf,hud.gov,,,—,pending,2026-03-12T16:57:39.842296+00:00,,,,,,,,,,,,,,,,,,,,,,,,,,,,
https://www.hud.gov/sites/documents/94-11ml.pdf,94-11ml.pdf,hud.gov,,,—,pending,2026-03-12T16:57:39.843145+00:00,,,,,,,,,,,,,,,,,,,,,,,,,,,,
https://www.hud.gov/sites/documents/95-40ml.pdf,95-40ml.pdf,hud.gov,,,—,pending,2026-03-12T16:57:39.844095+00:00,,,,,,,,,,,,,,,,,,,,,,,,,,,,
https://www.hud.gov/sites/documents/95-46ml.pdf,95-46ml.pdf,hud.gov,,,—,pending,2026-03-12T16:57:39.845022+00:00,,,,,,,,,,,,,,,,,,,,,,,,,,,,
https://www.hud.gov/sites/documents/96-21ml.pdf,96-21ml.pdf,hud.gov,,,—,pending,2026-03-12T16:57:39.845797+00:00,,,,,,,,,,,,,,,,,,,,,,,,,,,,
https://www.hud.gov/sites/documents/96-23ml.pdf,96-23ml.pdf,hud.gov,,,—,pending,2026-03-12T16:57:39.846508+00:00,,,,,,,,,,,,,,,,,,,,,,,,,,,,
https://www.hud.gov/sites/documents/96-59ml.pdf,96-59ml.pdf,hud.gov,,,—,pending,2026-03-12T16:57:39.847204+00:00,,,,,,,,,,,,,,,,,,,,,,,,,,,,
https://www.hud.gov/sites/documents/97-01ml.pdf,97-01ml.pdf,hud.gov,,,—,pending,2026-03-12T16:57:39.847807+00:00,,,,,,,,,,,,,,,,,,,,,,,,,,,,
https://www.hud.gov/sites/documents/97-02ml.pdf,97-02ml.pdf,hud.gov,,,—,pending,2026-03-12T16:57:39.848441+00:00,,,,,,,,,,,,,,,,,,,,,,,,,,,,
https://www.hud.gov/sites/documents/97-03ml.pdf,97-03ml.pdf,hud.gov,,,—,pending,2026-03-12T16:57:39.849055+00:00,,,,,,,,,,,,,,,,,,,,,,,,,,,,
https://www.hud.gov/sites/documents/97-04ml.pdf,97-04ml.pdf,hud.gov,,,—,pending,2026-03-12T16:57:39.849658+00:00,,,,,,,,,,,,,,,,,,,,,,,,,,,,
https://www.hud.gov/sites/documents/97-05ml.pdf,97-05ml.pdf,hud.gov,,,—,pending,2026-03-12T16:57:39.850301+00:00,,,,,,,,,,,,,,,,,,,,,,,,,,,,
https://www.hud.gov/sites/documents/97-06ml.pdf,97-06ml.pdf,hud.gov,,,—,pending,2026-03-12T16:57:39.850915+00:00,,,,,,,,,,,,,,,,,,,,,,,,,,,,
https://www.hud.gov/sites/documents/97-08ml.pdf,97-08ml.pdf,hud.gov,,,—,pending,2026-03-12T16:57:39.851519+00:00,,,,,,,,,,,,,,,,,,,,,,,,,,,,
https://www.hud.gov/sites/documents/97-09ml.pdf,97-09ml.pdf,hud.gov,,,—,pending,2026-03-12T16:57:39.852132+00:00,,,,,,,,,,,,,,,,,,,,,,,,,,,,
https://www.hud.gov/sites/documents/97-10ml.pdf,97-10ml.pdf,hud.gov,,,—,pending,2026-03-12T16:57:39.852734+00:00,,,,,,,,,,,,,,,,,,,,,,,,,,,,
https://www.hud.gov/sites/documents/97-12_07ml.pdf,97-12_07ml.pdf,hud.gov,,,—,pending,2026-03-12T16:57:39.853409+00:00,,,,,,,,,,,,,,,,,,,,,,,,,,,,
https://www.hud.gov/sites/documents/97-25ml.pdf,97-25ml.pdf,hud.gov,,,—,pending,2026-03-12T16:57:39.854111+00:00,,,,,,,,,,,,,,,,,,,,,,,,,,,,
https://www.hud.gov/sites/dfiles/OCHCO/documents/9746-A.pdf,9746-A.pdf,hud.gov,,1315351,1.3 MB,pending,2026-03-12T16:57:39.856876+00:00,,,,,,,,,,,,,,,,,,,,,,,,,,,,
https://www.hud.gov/sites/documents/98-02ml.pdf,98-02ml.pdf,hud.gov,,,—,pending,2026-03-12T16:57:39.857609+00:00,,,,,,,,,,,,,,,,,,,,,,,,,,,,
https://www.hud.gov/sites/documents/98-11ml.pdf,98-11ml.pdf,hud.gov,,,—,pending,2026-03-12T16:57:39.858238+00:00,,,,,,,,,,,,,,,,,,,,,,,,,,,,
https://www.hud.gov/sites/documents/98-14ml.pdf,98-14ml.pdf,hud.gov,,,—,pending,2026-03-12T16:57:39.858984+00:00,,,,,,,,,,,,,,,,,,,,,,,,,,,,
https://www.hud.gov/sites/documents/98-22att.pdf,98-22att.pdf,hud.gov,,,—,pending,2026-03-12T16:57:39.860323+00:00,,,,,,,,,,,,,,,,,,,,,,,,,,,,
https://www.hud.gov/sites/documents/98-25att.pdf,98-25att.pdf,hud.gov,,,—,pending,2026-03-12T16:57:39.862298+00:00,,,,,,,,,,,,,,,,,,,,,,,,,,,,
https://www.hud.gov/sites/documents/98-26att.pdf,98-26att.pdf,hud.gov,,,—,pending,2026-03-12T16:57:39.863062+00:00,,,,,,,,,,,,,,,,,,,,,,,,,,,,
https://www.hud.gov/sites/documents/98-28att.pdf,98-28att.pdf,hud.gov,,,—,pending,2026-03-12T16:57:39.863975+00:00,,,,,,,,,,,,,,,,,,,,,,,,,,,,
https://www.hud.gov/sites/documents/98-29ml.pdf,98-29ml.pdf,hud.gov,,,—,pending,2026-03-12T16:57:39.864644+00:00,,,,,,,,,,,,,,,,,,,,,,,,,,,,
https://www.hud.gov/sites/documents/98-29mlatch.pdf,98-29mlatch.pdf,hud.gov,,,—,pending,2026-03-12T16:57:39.866392+00:00,,,,,,,,,,,,,,,,,,,,,,,,,,,,
https://www.hud.gov/sites/documents/98-31ml.pdf,98-31ml.pdf,hud.gov,,,—,pending,2026-03-12T16:57:39.867025+00:00,,,,,,,,,,,,,,,,,,,,,,,,,,,,
https://www.hud.gov/sites/documents/98-31mlatch.pdf,98-31mlatch.pdf,hud.gov,,,—,pending,2026-03-12T16:57:39.867773+00:00,,,,,,,,,,,,,,,,,,,,,,,,,,,,
https://www.hud.gov/sites/documents/98-9mlat.pdf,98-9mlat.pdf,hud.gov,,,—,pending,2026-03-12T16:57:39.871188+00:00,,,,,,,,,,,,,,,,,,,,,,,,,,,,
https://www.hud.gov/sites/documents/99-10att.pdf,99-10att.pdf,hud.gov,,,—,pending,2026-03-12T16:57:39.871832+00:00,,,,,,,,,,,,,,,,,,,,,,,,,,,,
https://www.hud.gov/sites/documents/99-11att.pdf,99-11att.pdf,hud.gov,,,—,pending,2026-03-12T16:57:39.872575+00:00,,,,,,,,,,,,,,,,,,,,,,,,,,,,
https://www.hud.gov/sites/documents/99-2att.pdf,99-2att.pdf,hud.gov,,,—,pending,2026-03-12T16:57:39.874196+00:00,,,,,,,,,,,,,,,,,,,,,,,,,,,,
https://www.hud.gov/sites/documents/99-32att.pdf,99-32att.pdf,hud.gov,,,—,pending,2026-03-12T16:57:39.874976+00:00,,,,,,,,,,,,,,,,,,,,,,,,,,,,
https://www.hud.gov/sites/documents/99-6att.pdf,99-6att.pdf,hud.gov,,,—,pending,2026-03-12T16:57:39.876701+00:00,,,,,,,,,,,,,,,,,,,,,,,,,,,,
https://www.hud.gov/sites/dfiles/OCHCO/documents/99-A.pdf,99-A.pdf,hud.gov,,,—,pending,2026-03-12T16:57:39.877781+00:00,,,,,,,,,,,,,,,,,,,,,,,,,,,,
https://www.hud.gov/sites/dfiles/OCHCO/documents/99-B.pdf,99-B.pdf,hud.gov,,,—,pending,2026-03-12T16:57:39.878663+00:00,,,,,,,,,,,,,,,,,,,,,,,,,,,,
https://www.hud.gov/sites/dfiles/PIH/documents/Amended%20DLL%202022-01%20.pdf,Amended%20DLL%202022-01%20.pdf,hud.gov,,,—,pending,2026-03-12T16:57:39.879696+00:00,,,,,,,,,,,,,,,,,,,,,,,,,,,,
https://www.hud.gov/sites/default/files/CPD/documents/CoC/COC-2025-1-Pager.pdf,COC-2025-1-Pager.pdf,hud.gov,,,—,pending,2026-03-12T16:57:39.886901+00:00,,,,,,,,,,,,,,,,,,,,,,,,,,,,
https://www.hud.gov/sites/dfiles/PIH/documents/Chart_Summary_LOER.pdf,Chart_Summary_LOER.pdf,hud.gov,,244253,238.5 KB,pending,2026-03-12T16:57:39.888160+00:00,,,,,,,,,,,,,,,,,,,,,,,,,,,,
https://www.hud.gov/sites/dfiles/PIH/documents/Claims%20Training%2042%20FINAL.pdf,Claims%20Training%2042%20FINAL.pdf,hud.gov,,,—,pending,2026-03-12T16:57:39.891222+00:00,,,,,,,,,,,,,,,,,,,,,,,,,,,,
https://www.hud.gov/sites/dfiles/PIH/documents/DI-7719_DLL_2020-13_Extension.pdf,DI-7719_DLL_2020-13_Extension.pdf,hud.gov,,,—,pending,2026-03-12T16:57:39.892120+00:00,,,,,,,,,,,,,,,,,,,,,,,,,,,,
https://www.hud.gov/sites/dfiles/PIH/documents/DLL%202020-06%20-%20Lender%20Overview.pdf,DLL%202020-06%20-%20Lender%20Overview.pdf,hud.gov,,,—,pending,2026-03-12T16:57:39.893748+00:00,,,,,,,,,,,,,,,,,,,,,,,,,,,,
https://www.hud.gov/sites/dfiles/PIH/documents/DLL%202020-11%20184A%20Loan%20Limits%209%209%202020.pdf,DLL%202020-11%20184A%20Loan%20Limits%209%209%202020.pdf,hud.gov,,,—,pending,2026-03-12T16:57:39.894474+00:00,,,,,,,,,,,,,,,,,,,,,,,,,,,,
https://www.hud.gov/sites/dfiles/PIH/documents/DLL%202021-02%20COVID-19%20Forbearance%20and%20Loss%20Mitigation%20Expansion2.pdf,DLL%202021-02%20COVID-19%20Forbearance%20and%20Loss%20Mitigation%20Expansion2.pdf,hud.gov,,,—,pending,2026-03-12T16:57:39.895241+00:00,,,,,,,,,,,,,,,,,,,,,,,,,,,,
https://www.hud.gov/sites/dfiles/PIH/documents/DLL%202023-02_EXPANSION%20AREA_FINAL041323.pdf,DLL%202023-02_EXPANSION%20AREA_FINAL041323.pdf,hud.gov,,,—,pending,2026-03-12T16:57:39.896038+00:00,,,,,,,,,,,,,,,,,,,,,,,,,,,,
https://www.hud.gov/sites/dfiles/PIH/documents/DLL-2020-05-Appraisals-VOE-Transcripts.pdf,DLL-2020-05-Appraisals-VOE-Transcripts.pdf,hud.gov,,,—,pending,2026-03-12T16:57:39.896929+00:00,,,,,,,,,,,,,,,,,,,,,,,,,,,,
https://www.hud.gov/sites/dfiles/PIH/documents/DLL-2020-06Section184.pdf,DLL-2020-06Section184.pdf,hud.gov,,,—,pending,2026-03-12T16:57:39.897767+00:00,,,,,,,,,,,,,,,,,,,,,,,,,,,,
https://www.hud.gov/sites/dfiles/PIH/documents/DLL-2020-12%20Extension%20of%20Loan%20Processing%20Flexibilities.pdf,DLL-2020-12%20Extension%20of%20Loan%20Processing%20Flexibilities.pdf,hud.gov,,,—,pending,2026-03-12T16:57:39.898599+00:00,,,,,,,,,,,,,,,,,,,,,,,,,,,,
https://www.hud.gov/sites/dfiles/PIH/documents/DLL-2021-06%20COVID-19%20Foreclosure%20and%20Eviction%20Extension%20Forbearance%20and%20Loss%20Mitigation%20Expansion.pdf,DLL-2021-06%20COVID-19%20Foreclosure%20and%20Eviction%20Extension%20Forbearance%20and%20Loss%20Mitigation%20Expansion.pdf,hud.gov,,,—,pending,2026-03-12T16:57:39.899403+00:00,,,,,,,,,,,,,,,,,,,,,,,,,,,,
https://www.hud.gov/sites/dfiles/PIH/documents/DLL-2024-10-Waiver-Request-12-23-24-Final.pdf,DLL-2024-10-Waiver-Request-12-23-24-Final.pdf,hud.gov,,,—,pending,2026-03-12T16:57:39.900118+00:00,,,,,,,,,,,,,,,,,,,,,,,,,,,,
https://www.hud.gov/sites/dfiles/PIH/documents/DLL-2025-06.pdf,DLL-2025-06.pdf,hud.gov,,,—,pending,2026-03-12T16:57:39.900825+00:00,,,,,,,,,,,,,,,,,,,,,,,,,,,,
https://www.hud.gov/sites/dfiles/PIH/documents/DLL-2025-07-Fiscal-Year-2025-Year-End-Closure.pdf,DLL-2025-07-Fiscal-Year-2025-Year-End-Closure.pdf,hud.gov,,,—,pending,2026-03-12T16:57:39.901559+00:00,,,,,,,,,,,,,,,,,,,,,,,,,,,,
https://www.hud.gov/sites/dfiles/PIH/documents/DLL-2025-09.pdf,DLL-2025-09.pdf,hud.gov,,,—,pending,2026-03-12T16:57:39.902424+00:00,,,,,,,,,,,,,,,,,,,,,,,,,,,,
https://www.hud.gov/sites/dfiles/PIH/documents/DLL-2026-01.pdf,DLL-2026-01.pdf,hud.gov,,,—,pending,2026-03-12T16:57:39.903100+00:00,,,,,,,,,,,,,,,,,,,,,,,,,,,,
https://www.hud.gov/sites/dfiles/PIH/documents/DLL-2026-02.pdf,DLL-2026-02.pdf,hud.gov,,,—,pending,2026-03-12T16:57:39.903767+00:00,,,,,,,,,,,,,,,,,,,,,,,,,,,,
https://www.hud.gov/sites/dfiles/PIH/documents/DLL-2026-03.pdf,DLL-2026-03.pdf,hud.gov,,,—,pending,2026-03-12T16:57:39.904792+00:00,,,,,,,,,,,,,,,,,,,,,,,,,,,,
https://www.hud.gov/sites/dfiles/PIH/documents/DLL_04302019_Claims.pdf,DLL_04302019_Claims.pdf,hud.gov,,,—,pending,2026-03-12T16:57:39.905538+00:00,,,,,,,,,,,,,,,,,,,,,,,,,,,,
https://www.hud.gov/sites/dfiles/PIH/documents/DLL_2020-02_Loss_Mitigation.pdf,DLL_2020-02_Loss_Mitigation.pdf,hud.gov,,,—,pending,2026-03-12T16:57:39.906240+00:00,,,,,,,,,,,,,,,,,,,,,,,,,,,,
https://www.hud.gov/sites/dfiles/PIH/documents/DLL_2020-03_Covid_%203142020.pdf,DLL_2020-03_Covid_%203142020.pdf,hud.gov,,,—,pending,2026-03-12T16:57:39.906940+00:00,,,,,,,,,,,,,,,,,,,,,,,,,,,,
https://www.hud.gov/sites/dfiles/PIH/documents/DLL_2020-04_sec184.pdf,DLL_2020-04_sec184.pdf,hud.gov,,,—,pending,2026-03-12T16:57:39.909624+00:00,,,,,,,,,,,,,,,,,,,,,,,,,,,,
https://www.hud.gov/sites/dfiles/PIH/documents/DLL_2020-08_Section_184.pdf,DLL_2020-08_Section_184.pdf,hud.gov,,,—,pending,2026-03-12T16:57:39.910378+00:00,,,,,,,,,,,,,,,,,,,,,,,,,,,,
https://www.hud.gov/sites/dfiles/PIH/documents/DLL_2020-09_Section184_FYE_Closure.pdf,DLL_2020-09_Section184_FYE_Closure.pdf,hud.gov,,,—,pending,2026-03-12T16:57:39.911115+00:00,,,,,,,,,,,,,,,,,,,,,,,,,,,,
https://www.hud.gov/sites/dfiles/PIH/documents/DLL_2020-10_Eviction_Moratorium_and_Loan_Processing_Flexibilities_Extension.pdf,DLL_2020-10_Eviction_Moratorium_and_Loan_Processing_Flexibilities_Extension.pdf,hud.gov,,,—,pending,2026-03-12T16:57:39.911851+00:00,,,,,,,,,,,,,,,,,,,,,,,,,,,,
https://www.hud.gov/sites/dfiles/PIH/documents/DLL_2021-03_184A_Agricultural_Pastoral_Lots_3-31-21.pdf,DLL_2021-03_184A_Agricultural_Pastoral_Lots_3-31-21.pdf,hud.gov,,,—,pending,2026-03-12T16:57:39.912540+00:00,,,,,,,,,,,,,,,,,,,,,,,,,,,,
https://www.hud.gov/sites/dfiles/PIH/documents/DLL_2021-04_Refinance_Guidelines_Signed.pdf,DLL_2021-04_Refinance_Guidelines_Signed.pdf,hud.gov,,,—,pending,2026-03-12T16:57:39.913676+00:00,,,,,,,,,,,,,,,,,,,,,,,,,,,,
https://www.hud.gov/sites/dfiles/PIH/documents/DLL_2021-05_Section_184_Program_Activity.pdf,DLL_2021-05_Section_184_Program_Activity.pdf,hud.gov,,,—,pending,2026-03-12T16:57:39.914474+00:00,,,,,,,,,,,,,,,,,,,,,,,,,,,,
https://www.hud.gov/sites/dfiles/PIH/documents/DLL_2021-07_Foreclosure_Moratorium_Extension.pdf,DLL_2021-07_Foreclosure_Moratorium_Extension.pdf,hud.gov,,,—,pending,2026-03-12T16:57:39.915159+00:00,,,,,,,,,,,,,,,,,,,,,,,,,,,,
https://www.hud.gov/sites/dfiles/PIH/documents/DLL_2021-08_FYE_Closure_8-17-21.pdf,DLL_2021-08_FYE_Closure_8-17-21.pdf,hud.gov,,,—,pending,2026-03-12T16:57:39.915840+00:00,,,,,,,,,,,,,,,,,,,,,,,,,,,,
https://www.hud.gov/sites/dfiles/PIH/images/DLL_2021-10_Indemnification.pdf,DLL_2021-10_Indemnification.pdf,hud.gov,,,—,pending,2026-03-12T16:57:39.916623+00:00,,,,,,,,,,,,,,,,,,,,,,,,,,,,
https://www.hud.gov/sites/dfiles/PIH/documents/DLL_2021-11_Forbearance_Extension.pdf,DLL_2021-11_Forbearance_Extension.pdf,hud.gov,,,—,pending,2026-03-12T16:57:39.917492+00:00,,,,,,,,,,,,,,,,,,,,,,,,,,,,
https://www.hud.gov/sites/dfiles/PIH/documents/DLL_2021-12_Attachment_Model_%202-year_%20Indemnification_Agreement.pdf,DLL_2021-12_Attachment_Model_%202-year_%20Indemnification_Agreement.pdf,hud.gov,,,—,pending,2026-03-12T16:57:39.918278+00:00,,,,,,,,,,,,,,,,,,,,,,,,,,,,
https://www.hud.gov/sites/dfiles/PIH/documents/DLL_2021-12_Endorsement_of_%20Loans_under_a_COVID-19_Forbearance.pdf,DLL_2021-12_Endorsement_of_%20Loans_under_a_COVID-19_Forbearance.pdf,hud.gov,,,—,pending,2026-03-12T16:57:39.919056+00:00,,,,,,,,,,,,,,,,,,,,,,,,,,,,
https://www.hud.gov/sites/dfiles/PIH/documents/DLL_2021-13_Claims_Module.pdf,DLL_2021-13_Claims_Module.pdf,hud.gov,,,—,pending,2026-03-12T16:57:39.919768+00:00,,,,,,,,,,,,,,,,,,,,,,,,,,,,
https://www.hud.gov/sites/dfiles/PIH/documents/DLL_2021-14_Claims_Module_Extension.pdf,DLL_2021-14_Claims_Module_Extension.pdf,hud.gov,,,—,pending,2026-03-12T16:57:39.920570+00:00,,,,,,,,,,,,,,,,,,,,,,,,,,,,
https://www.hud.gov/sites/dfiles/PIH/documents/DLL_2022-01_FAQ.pdf,DLL_2022-01_FAQ.pdf,hud.gov,,,—,pending,2026-03-12T16:57:39.921446+00:00,,,,,,,,,,,,,,,,,,,,,,,,,,,,
https://www.hud.gov/sites/dfiles/PIH/documents/DLL_2022-02_DUNS_to_UEI_SAM.pdf,DLL_2022-02_DUNS_to_UEI_SAM.pdf,hud.gov,,,—,pending,2026-03-12T16:57:39.922419+00:00,,,,,,,,,,,,,,,,,,,,,,,,,,,,
https://www.hud.gov/sites/dfiles/PIH/documents/DLL_2022-04_Revised_Loan_Limits.pdf,DLL_2022-04_Revised_Loan_Limits.pdf,hud.gov,,,—,pending,2026-03-12T16:57:39.923394+00:00,,,,,,,,,,,,,,,,,,,,,,,,,,,,
https://www.hud.gov/sites/dfiles/PIH/documents/DLL_2022-05_FYE_Closure_8-23-2022%20Final%20updated%208242022%20signed.pdf,DLL_2022-05_FYE_Closure_8-23-2022%20Final%20updated%208242022%20signed.pdf,hud.gov,,,—,pending,2026-03-12T16:57:39.924324+00:00,,,,,,,,,,,,,,,,,,,,,,,,,,,,
https://www.hud.gov/sites/dfiles/PIH/documents/DLL_2023-01_COVID-19_Forbearance_Extension.pdf,DLL_2023-01_COVID-19_Forbearance_Extension.pdf,hud.gov,,,—,pending,2026-03-12T16:57:39.925180+00:00,,,,,,,,,,,,,,,,,,,,,,,,,,,,
https://www.hud.gov/sites/dfiles/PIH/documents/DLL_2023-03_Attachment_A-184_Loan_Limits.pdf,DLL_2023-03_Attachment_A-184_Loan_Limits.pdf,hud.gov,,,—,pending,2026-03-12T16:57:39.927409+00:00,,,,,,,,,,,,,,,,,,,,,,,,,,,,
https://www.hud.gov/sites/dfiles/PIH/documents/DLL_2023-03_Attachment_B-184A_Loan_Limits.pdf,DLL_2023-03_Attachment_B-184A_Loan_Limits.pdf,hud.gov,,,—,pending,2026-03-12T16:57:39.928137+00:00,,,,,,,,,,,,,,,,,,,,,,,,,,,,
https://www.hud.gov/sites/dfiles/PIH/documents/DLL_2023-03_Section_184_and_Section_184A_Loan_Limits.pdf,DLL_2023-03_Section_184_and_Section_184A_Loan_Limits.pdf,hud.gov,,,—,pending,2026-03-12T16:57:39.928922+00:00,,,,,,,,,,,,,,,,,,,,,,,,,,,,
https://www.hud.gov/sites/dfiles/PIH/documents/DLL_2023-04_Expansion_COVID-19_Loss_Mitigation_Options.pdf,DLL_2023-04_Expansion_COVID-19_Loss_Mitigation_Options.pdf,hud.gov,,,—,pending,2026-03-12T16:57:39.929959+00:00,,,,,,,,,,,,,,,,,,,,,,,,,,,,
https://www.hud.gov/sites/dfiles/PIH/documents/DLL_2023-05_Fee_Reduction.pdf,DLL_2023-05_Fee_Reduction.pdf,hud.gov,,,—,pending,2026-03-12T16:57:39.930745+00:00,,,,,,,,,,,,,,,,,,,,,,,,,,,,
https://www.hud.gov/sites/dfiles/PIH/documents/DLL_2023-06_Section_184_Expansion_and_Maximum_Loan_Limits.pdf,DLL_2023-06_Section_184_Expansion_and_Maximum_Loan_Limits.pdf,hud.gov,,,—,pending,2026-03-12T16:57:39.931469+00:00,,,,,,,,,,,,,,,,,,,,,,,,,,,,
https://www.hud.gov/sites/dfiles/PIH/documents/DLL_2023-07_Reimbursement_of_Stored_Materials_and_Shipping.pdf,DLL_2023-07_Reimbursement_of_Stored_Materials_and_Shipping.pdf,hud.gov,,,—,pending,2026-03-12T16:57:39.932294+00:00,,,,,,,,,,,,,,,,,,,,,,,,,,,,
https://www.hud.gov/sites/dfiles/PIH/documents/DLL_2023-08_FYE_2023_Year_End_Closure.pdf,DLL_2023-08_FYE_2023_Year_End_Closure.pdf,hud.gov,,,—,pending,2026-03-12T16:57:39.933076+00:00,,,,,,,,,,,,,,,,,,,,,,,,,,,,
https://www.hud.gov/sites/dfiles/PIH/documents/DLL_2023-09_Technical_correction_to_DLL_2023-04.pdf,DLL_2023-09_Technical_correction_to_DLL_2023-04.pdf,hud.gov,,,—,pending,2026-03-12T16:57:39.933901+00:00,,,,,,,,,,,,,,,,,,,,,,,,,,,,
https://www.hud.gov/sites/dfiles/PIH/documents/DLL_2023-10_Maui_foreclosure_moratorium.pdf,DLL_2023-10_Maui_foreclosure_moratorium.pdf,hud.gov,,,—,pending,2026-03-12T16:57:39.934660+00:00,,,,,,,,,,,,,,,,,,,,,,,,,,,,
https://www.hud.gov/sites/dfiles/PIH/documents/DLL_2024-01_Attachment_B_Section_184A_Loan_Limits.pdf,DLL_2024-01_Attachment_B_Section_184A_Loan_Limits.pdf,hud.gov,,,—,pending,2026-03-12T16:57:39.935369+00:00,,,,,,,,,,,,,,,,,,,,,,,,,,,,
https://www.hud.gov/sites/dfiles/PIH/documents/DLL_2024-01_Section_184_and_Section_184A_Loan_Limits.pdf,DLL_2024-01_Section_184_and_Section_184A_Loan_Limits.pdf,hud.gov,,,—,pending,2026-03-12T16:57:39.936220+00:00,,,,,,,,,,,,,,,,,,,,,,,,,,,,
https://www.hud.gov/sites/dfiles/PIH/documents/DLL_2024-02_Revised_Appraisal_Validity_Periods.pdf,DLL_2024-02_Revised_Appraisal_Validity_Periods.pdf,hud.gov,,,—,pending,2026-03-12T16:57:39.936904+00:00,,,,,,,,,,,,,,,,,,,,,,,,,,,,
https://www.hud.gov/sites/dfiles/PIH/documents/DLL_2024-03_Native_Advantage_Process_Change.pdf,DLL_2024-03_Native_Advantage_Process_Change.pdf,hud.gov,,,—,pending,2026-03-12T16:57:39.937693+00:00,,,,,,,,,,,,,,,,,,,,,,,,,,,,
https://www.hud.gov/sites/dfiles/PIH/documents/DLL_2024-04_Section_184A_Maui_Foreclosure_Moratorium.pdf,DLL_2024-04_Section_184A_Maui_Foreclosure_Moratorium.pdf,hud.gov,,,—,pending,2026-03-12T16:57:39.938649+00:00,,,,,,,,,,,,,,,,,,,,,,,,,,,,
https://www.hud.gov/sites/dfiles/PIH/documents/DLL_2024-05_Section_184A_Maui_Foreclosure_Moratorium_3rd_Extension.pdf,DLL_2024-05_Section_184A_Maui_Foreclosure_Moratorium_3rd_Extension.pdf,hud.gov,,,—,pending,2026-03-12T16:57:39.939443+00:00,,,,,,,,,,,,,,,,,,,,,,,,,,,,
https://www.hud.gov/sites/dfiles/PIH/documents/DLL_2024-06_Section_184A_WMA_FUDS.pdf,DLL_2024-06_Section_184A_WMA_FUDS.pdf,hud.gov,,,—,pending,2026-03-12T16:57:39.940249+00:00,,,,,,,,,,,,,,,,,,,,,,,,,,,,
https://www.hud.gov/sites/dfiles/PIH/documents/DLL_2024-07_COVID_Extension.pdf,DLL_2024-07_COVID_Extension.pdf,hud.gov,,,—,pending,2026-03-12T16:57:39.941243+00:00,,,,,,,,,,,,,,,,,,,,,,,,,,,,
https://www.hud.gov/sites/dfiles/PIH/documents/DLL_2024-08_FYE_Closure.pdf,DLL_2024-08_FYE_Closure.pdf,hud.gov,,,—,pending,2026-03-12T16:57:39.941915+00:00,,,,,,,,,,,,,,,,,,,,,,,,,,,,
https://www.hud.gov/sites/dfiles/PIH/documents/DLL_2024-09_Accessory_Dwelling_Units.pdf,DLL_2024-09_Accessory_Dwelling_Units.pdf,hud.gov,,,—,pending,2026-03-12T16:57:39.942676+00:00,,,,,,,,,,,,,,,,,,,,,,,,,,,,
https://www.hud.gov/sites/dfiles/PIH/documents/DLL_Section_184_Skilled_Workers.pdf,DLL_Section_184_Skilled_Workers.pdf,hud.gov,,,—,pending,2026-03-12T16:57:39.943539+00:00,,,,,,,,,,,,,,,,,,,,,,,,,,,,
https://www.hud.gov/sites/dfiles/PIH/documents/DLL_Section_184_Skilled_Workers_Agreement.pdf,DLL_Section_184_Skilled_Workers_Agreement.pdf,hud.gov,,,—,pending,2026-03-12T16:57:39.944469+00:00,,,,,,,,,,,,,,,,,,,,,,,,,,,,
https://www.hud.gov/sites/dfiles/PIH/documents/Dear%20Lender%20Letter%20Cherokee%20Expansion%20-%20signed.pdf,Dear%20Lender%20Letter%20Cherokee%20Expansion%20-%20signed.pdf,hud.gov,,,—,pending,2026-03-12T16:57:39.945156+00:00,,,,,,,,,,,,,,,,,,,,,,,,,,,,
https://www.hud.gov/sites/dfiles/PIH/documents/Dear_Lender_Letter_2022-03.pdf,Dear_Lender_Letter_2022-03.pdf,hud.gov,,,—,pending,2026-03-12T16:57:39.945958+00:00,,,,,,,,,,,,,,,,,,,,,,,,,,,,
https://www.hud.gov/sites/dfiles/PIH/documents/Endorsement%20Package%20Final%204212020.pdf,Endorsement%20Package%20Final%204212020.pdf,hud.gov,,,—,pending,2026-03-12T16:57:39.957945+00:00,,,,,,,,,,,,,,,,,,,,,,,,,,,,
https://www.hud.gov/sites/dfiles/PIH/documents/Environmental_FAQ.pdf,Environmental_FAQ.pdf,hud.gov,,,—,pending,2026-03-12T16:57:39.958760+00:00,,,,,,,,,,,,,,,,,,,,,,,,,,,,
https://www.hud.gov/sites/dfiles/PIH/documents/Environmental_Review_Flow_Chart.pdf,Environmental_Review_Flow_Chart.pdf,hud.gov,,52073,50.9 KB,pending,2026-03-12T16:57:39.959458+00:00,,,,,,,,,,,,,,,,,,,,,,,,,,,,
https://www.hud.gov/sites/dfiles/PIH/documents/Extension%20Foreclosure%20and%20Loan%20Flexibilities%20Signed%201.21.21.pdf,Extension%20Foreclosure%20and%20Loan%20Flexibilities%20Signed%201.21.21.pdf,hud.gov,,,—,pending,2026-03-12T16:57:39.960148+00:00,,,,,,,,,,,,,,,,,,,,,,,,,,,,
https://www.hud.gov/sites/dfiles/ED/documents/FY191stQuarterHUDNoFear.pdf,FY191stQuarterHUDNoFear.pdf,hud.gov,,260094,254.0 KB,pending,2026-03-12T16:57:39.961173+00:00,,,,,,,,,,,,,,,,,,,,,,,,,,,,
https://www.hud.gov/sites/default/files/PIH/documents/FY26-184-A-Loan-Limits.pdf,FY26-184-A-Loan-Limits.pdf,hud.gov,,,—,pending,2026-03-12T16:57:39.961815+00:00,,,,,,,,,,,,,,,,,,,,,,,,,,,,
https://www.hud.gov/sites/default/files/PIH/documents/FY26-184-Loan-Limits.pdf,FY26-184-Loan-Limits.pdf,hud.gov,,,—,pending,2026-03-12T16:57:39.963263+00:00,,,,,,,,,,,,,,,,,,,,,,,,,,,,
https://www.hud.gov/sites/dfiles/PA/documents/FactSheet2HUD.pdf,FactSheet2HUD.pdf,hud.gov,,,—,pending,2026-03-12T16:57:39.963994+00:00,,,,,,,,,,,,,,,,,,,,,,,,,,,,
https://www.hud.gov/sites/dfiles/PIH/documents/HEROS_FAQs.pdf,HEROS_FAQs.pdf,hud.gov,,,—,pending,2026-03-12T16:57:39.964807+00:00,,,,,,,,,,,,,,,,,,,,,,,,,,,,
https://www.hud.gov/sites/dfiles/PIH/documents/HUD-50149-A_Rider_for_Sec_184-A_Mortgage_Leasehold_REVISED_3-31-2021.pdf,HUD-50149-A_Rider_for_Sec_184-A_Mortgage_Leasehold_REVISED_3-31-2021.pdf,hud.gov,,,—,pending,2026-03-12T16:57:39.965510+00:00,,,,,,,,,,,,,,,,,,,,,,,,,,,,
https://www.hud.gov/sites/dfiles/PIH/documents/Instructions_Limited_Scope_Environmental_Review_TPBRA_No_Rehab.pdf,Instructions_Limited_Scope_Environmental_Review_TPBRA_No_Rehab.pdf,hud.gov,,,—,pending,2026-03-12T16:57:39.966379+00:00,,,,,,,,,,,,,,,,,,,,,,,,,,,,
https://www.hud.gov/sites/dfiles/PIH/documents/LMA%20Submission%20Checklist%202-2021%20fillable.pdf,LMA%20Submission%20Checklist%202-2021%20fillable.pdf,hud.gov,,,—,pending,2026-03-12T16:57:39.967121+00:00,,,,,,,,,,,,,,,,,,,,,,,,,,,,
https://www.hud.gov/sites/dfiles/OCHCO/documents/LR-1992-01.pdf,LR-1992-01.pdf,hud.gov,,,—,pending,2026-03-12T16:57:39.967831+00:00,,,,,,,,,,,,,,,,,,,,,,,,,,,,
https://www.hud.gov/sites/dfiles/OCHCO/documents/LR-1992-02.pdf,LR-1992-02.pdf,hud.gov,,,—,pending,2026-03-12T16:57:39.968556+00:00,,,,,,,,,,,,,,,,,,,,,,,,,,,,
https://www.hud.gov/sites/dfiles/OCHCO/documents/LR-1992-03.pdf,LR-1992-03.pdf,hud.gov,,,—,pending,2026-03-12T16:57:39.969420+00:00,,,,,,,,,,,,,,,,,,,,,,,,,,,,
https://www.hud.gov/sites/dfiles/OCHCO/documents/LR-1993-01.pdf,LR-1993-01.pdf,hud.gov,,,—,pending,2026-03-12T16:57:39.970404+00:00,,,,,,,,,,,,,,,,,,,,,,,,,,,,
https://www.hud.gov/sites/dfiles/OCHCO/documents/LR-1995-01.pdf,LR-1995-01.pdf,hud.gov,,,—,pending,2026-03-12T16:57:39.971120+00:00,,,,,,,,,,,,,,,,,,,,,,,,,,,,
https://www.hud.gov/sites/dfiles/OCHCO/documents/LR-1996-01.pdf,LR-1996-01.pdf,hud.gov,,,—,pending,2026-03-12T16:57:39.971901+00:00,,,,,,,,,,,,,,,,,,,,,,,,,,,,
https://www.hud.gov/sites/dfiles/OCHCO/documents/LR-1996-02.pdf,LR-1996-02.pdf,hud.gov,,,—,pending,2026-03-12T16:57:39.972806+00:00,,,,,,,,,,,,,,,,,,,,,,,,,,,,
https://www.hud.gov/sites/dfiles/OCHCO/documents/LR-2004-01.pdf,LR-2004-01.pdf,hud.gov,,,—,pending,2026-03-12T16:57:39.973593+00:00,,,,,,,,,,,,,,,,,,,,,,,,,,,,
https://www.hud.gov/sites/dfiles/OCHCO/documents/LR-2004-02.pdf,LR-2004-02.pdf,hud.gov,,,—,pending,2026-03-12T16:57:39.974356+00:00,,,,,,,,,,,,,,,,,,,,,,,,,,,,
https://www.hud.gov/sites/dfiles/OCHCO/documents/LR-2006-01.pdf,LR-2006-01.pdf,hud.gov,,,—,pending,2026-03-12T16:57:39.975166+00:00,,,,,,,,,,,,,,,,,,,,,,,,,,,,
https://www.hud.gov/sites/dfiles/OCHCO/documents/LR-2006-02.pdf,LR-2006-02.pdf,hud.gov,,,—,pending,2026-03-12T16:57:39.976043+00:00,,,,,,,,,,,,,,,,,,,,,,,,,,,,
https://www.hud.gov/sites/dfiles/OCHCO/documents/LR-2006-03.pdf,LR-2006-03.pdf,hud.gov,,,—,pending,2026-03-12T16:57:39.976908+00:00,,,,,,,,,,,,,,,,,,,,,,,,,,,,
https://www.hud.gov/sites/dfiles/OCHCO/documents/LR-2009-01.pdf,LR-2009-01.pdf,hud.gov,,,—,pending,2026-03-12T16:57:39.977889+00:00,,,,,,,,,,,,,,,,,,,,,,,,,,,,
https://www.hud.gov/sites/dfiles/OCHCO/documents/LR-2018-01.pdf,LR-2018-01.pdf,hud.gov,,,—,pending,2026-03-12T16:57:39.978667+00:00,,,,,,,,,,,,,,,,,,,,,,,,,,,,
https://www.hud.gov/sites/dfiles/OCHCO/documents/LR-2018-02.pdf,LR-2018-02.pdf,hud.gov,,,—,pending,2026-03-12T16:57:39.979473+00:00,,,,,,,,,,,,,,,,,,,,,,,,,,,,
https://www.hud.gov/sites/dfiles/OCHCO/documents/LR-2023-03.pdf,LR-2023-03.pdf,hud.gov,,,—,pending,2026-03-12T16:57:39.982397+00:00,,,,,,,,,,,,,,,,,,,,,,,,,,,,
https://www.hud.gov/sites/dfiles/OCHCO/documents/LR_21-01.pdf,LR_21-01.pdf,hud.gov,,,—,pending,2026-03-12T16:57:39.984034+00:00,,,,,,,,,,,,,,,,,,,,,,,,,,,,
https://www.hud.gov/sites/dfiles/OCHCO/documents/LR_21-02.pdf,LR_21-02.pdf,hud.gov,,,—,pending,2026-03-12T16:57:39.984918+00:00,,,,,,,,,,,,,,,,,,,,,,,,,,,,
https://www.hud.gov/sites/dfiles/OCHCO/documents/LR_21-03.pdf,LR_21-03.pdf,hud.gov,,,—,pending,2026-03-12T16:57:39.987150+00:00,,,,,,,,,,,,,,,,,,,,,,,,,,,,
https://www.hud.gov/sites/dfiles/OCHCO/documents/LR_22-01.pdf,LR_22-01.pdf,hud.gov,,,—,pending,2026-03-12T16:57:39.989006+00:00,,,,,,,,,,,,,,,,,,,,,,,,,,,,
https://www.hud.gov/sites/dfiles/OCHCO/documents/LR_22-02.pdf,LR_22-02.pdf,hud.gov,,,—,pending,2026-03-12T16:57:39.989880+00:00,,,,,,,,,,,,,,,,,,,,,,,,,,,,
https://www.hud.gov/sites/dfiles/OCHCO/documents/LR_23-01.pdf,LR_23-01.pdf,hud.gov,,,—,pending,2026-03-12T16:57:39.992936+00:00,,,,,,,,,,,,,,,,,,,,,,,,,,,,
https://www.hud.gov/sites/dfiles/OCHCO/documents/LR_23-02.pdf,LR_23-02.pdf,hud.gov,,,—,pending,2026-03-12T16:57:40.001550+00:00,,,,,,,,,,,,,,,,,,,,,,,,,,,,
https://www.hud.gov/sites/dfiles/PIH/documents/Lender%20Application%20184%20updated10-28-19.pdf,Lender%20Application%20184%20updated10-28-19.pdf,hud.gov,,1339521,1.3 MB,pending,2026-03-12T16:57:40.004290+00:00,,,,,,,,,,,,,,,,,,,,,,,,,,,,
https://www.hud.gov/sites/dfiles/PIH/documents/LenderSubmissionCoverSheet.pdf,LenderSubmissionCoverSheet.pdf,hud.gov,,,—,pending,2026-03-12T16:57:40.005005+00:00,,,,,,,,,,,,,,,,,,,,,,,,,,,,
https://www.hud.gov/sites/dfiles/PIH/documents/Letter_%20Cash_Out_Refi_Tribes_TDHEs.pdf,Letter_%20Cash_Out_Refi_Tribes_TDHEs.pdf,hud.gov,,,—,pending,2026-03-12T16:57:40.005701+00:00,,,,,,,,,,,,,,,,,,,,,,,,,,,,
https://www.hud.gov/sites/dfiles/SFH/documents/MO_203k_CnsltBecome_FS.pdf,MO_203k_CnsltBecome_FS.pdf,hud.gov,,,—,pending,2026-03-12T16:57:40.006516+00:00,,,,,,,,,,,,,,,,,,,,,,,,,,,,
https://www.hud.gov/sites/dfiles/SFH/documents/MO_203k_CnsltRole_FS.pdf,MO_203k_CnsltRole_FS.pdf,hud.gov,,,—,pending,2026-03-12T16:57:40.007589+00:00,,,,,,,,,,,,,,,,,,,,,,,,,,,,
https://www.hud.gov/sites/dfiles/SFH/documents/MO_203k_Lender_FS.pdf,MO_203k_Lender_FS.pdf,hud.gov,,207922,203.0 KB,pending,2026-03-12T16:57:40.008538+00:00,,,,,,,,,,,,,,,,,,,,,,,,,,,,
https://www.hud.gov/sites/dfiles/SFH/documents/MO_203k_Program_Comparison_FS.pdf,MO_203k_Program_Comparison_FS.pdf,hud.gov,,452296,441.7 KB,pending,2026-03-12T16:57:40.009890+00:00,,,,,,,,,,,,,,,,,,,,,,,,,,,,
https://www.hud.gov/sites/dfiles/SFH/documents/MO_FS_203(k)_Consumer.pdf,MO_FS_203(k)_Consumer.pdf,hud.gov,,,—,pending,2026-03-12T16:57:40.010901+00:00,,,,,,,,,,,,,,,,,,,,,,,,,,,,
https://www.hud.gov/sites/dfiles/SFH/documents/Model_FA_Worksheet.pdf,Model_FA_Worksheet.pdf,hud.gov,,147012,143.6 KB,pending,2026-03-12T16:57:40.011739+00:00,,,,,,,,,,,,,,,,,,,,,,,,,,,,
https://www.hud.gov/sites/dfiles/PIH/documents/NTV_Lender_Portal_User_Guide.pdf,NTV_Lender_Portal_User_Guide.pdf,hud.gov,,869339,849.0 KB,pending,2026-03-12T16:57:40.013722+00:00,,,,,,,,,,,,,,,,,,,,,,,,,,,,
https://www.hud.gov/sites/dfiles/PIH/documents/Native_Advantage_Claims_Module_User_Guide.pdf,Native_Advantage_Claims_Module_User_Guide.pdf,hud.gov,,1501270,1.4 MB,pending,2026-03-12T16:57:40.016696+00:00,,,,,,,,,,,,,,,,,,,,,,,,,,,,
https://www.hud.gov/sites/dfiles/PIH/documents/Native_Advantage_FAQ.pdf,Native_Advantage_FAQ.pdf,hud.gov,,156621,153.0 KB,pending,2026-03-12T16:57:40.017577+00:00,,,,,,,,,,,,,,,,,,,,,,,,,,,,
https://www.hud.gov/sites/dfiles/PIH/documents/OLG_INFO_2021-22.pdf,OLG_INFO_2021-22.pdf,hud.gov,,301145,294.1 KB,pending,2026-03-12T16:57:40.018659+00:00,,,,,,,,,,,,,,,,,,,,,,,,,,,,
https://www.hud.gov/sites/dfiles/PIH/documents/OLG_INFO_2021-24.pdf,OLG_INFO_2021-24.pdf,hud.gov,,291761,284.9 KB,pending,2026-03-12T16:57:40.019730+00:00,,,,,,,,,,,,,,,,,,,,,,,,,,,,
https://www.hud.gov/sites/dfiles/PIH/documents/OLG_INFO_2022-09.pdf,OLG_INFO_2022-09.pdf,hud.gov,,,—,pending,2026-03-12T16:57:40.020737+00:00,,,,,,,,,,,,,,,,,,,,,,,,,,,,
https://www.hud.gov/sites/dfiles/PIH/documents/ONAP_NPCE_Memo.pdf,ONAP_NPCE_Memo.pdf,hud.gov,,,—,pending,2026-03-12T16:57:40.021689+00:00,,,,,,,,,,,,,,,,,,,,,,,,,,,,
https://www.hud.gov/sites/dfiles/PA/documents/OZ_One_Year_Report.pdf,OZ_One_Year_Report.pdf,hud.gov,,1122760,1.1 MB,pending,2026-03-12T16:57:40.024131+00:00,,,,,,,,,,,,,,,,,,,,,,,,,,,,
https://www.hud.gov/sites/dfiles/PIH/documents/PIH_DLL2025-05RevtoResidencyReq.pdf,PIH_DLL2025-05RevtoResidencyReq.pdf,hud.gov,,,—,pending,2026-03-12T16:57:40.025001+00:00,,,,,,,,,,,,,,,,,,,,,,,,,,,,
https://www.hud.gov/sites/dfiles/CPD/documents/Presidentially_Declared_Major_Disasters_Streamlined.pdf,Presidentially_Declared_Major_Disasters_Streamlined.pdf,hud.gov,,,—,pending,2026-03-12T16:57:40.029605+00:00,,,,,,,,,,,,,,,,,,,,,,,,,,,,
https://www.hud.gov/sites/dfiles/PIH/documents/SEC184LENDERMAY2020.pdf,SEC184LENDERMAY2020.pdf,hud.gov,,,—,pending,2026-03-12T16:57:40.030728+00:00,,,,,,,,,,,,,,,,,,,,,,,,,,,,
https://www.hud.gov/sites/dfiles/SFH/documents/SFH_POLI_HB_FRMWK.PDF,SFH_POLI_HB_FRMWK.PDF,hud.gov,,277097,270.6 KB,pending,2026-03-12T16:57:40.031818+00:00,,,,,,,,,,,,,,,,,,,,,,,,,,,,
https://www.hud.gov/sites/dfiles/PIH/documents/Section%20184%20DLL%202020-07.pdf,Section%20184%20DLL%202020-07.pdf,hud.gov,,,—,pending,2026-03-12T16:57:40.032584+00:00,,,,,,,,,,,,,,,,,,,,,,,,,,,,
https://www.hud.gov/sites/dfiles/PIH/documents/Section%20184%20Skilled%20Workers%20Demonstration%20Webinar%20to%20Lenders_033023FINAL.pdf,Section%20184%20Skilled%20Workers%20Demonstration%20Webinar%20to%20Lenders_033023FINAL.pdf,hud.gov,,,—,pending,2026-03-12T16:57:40.033701+00:00,,,,,,,,,,,,,,,,,,,,,,,,,,,,
https://www.hud.gov/sites/dfiles/PIH/documents/Section%20184%20Skilled%20Workers%20Demonstration%20Webinar%20to%20Tribes_040623.pdf,Section%20184%20Skilled%20Workers%20Demonstration%20Webinar%20to%20Tribes_040623.pdf,hud.gov,,552282,539.3 KB,pending,2026-03-12T16:57:40.035198+00:00,,,,,,,,,,,,,,,,,,,,,,,,,,,,
https://www.hud.gov/sites/dfiles/PIH/documents/Section184StateApprovals.pdf,Section184StateApprovals.pdf,hud.gov,,,—,pending,2026-03-12T16:57:40.035824+00:00,,,,,,,,,,,,,,,,,,,,,,,,,,,,
https://www.hud.gov/sites/dfiles/PIH/documents/Section_184_Approved_Tribes.pdf,Section_184_Approved_Tribes.pdf,hud.gov,,,—,pending,2026-03-12T16:57:40.037194+00:00,,,,,,,,,,,,,,,,,,,,,,,,,,,,
https://www.hud.gov/sites/dfiles/OCHCO/documents/TI-490.pdf,TI-490.pdf,hud.gov,,,—,pending,2026-03-12T16:57:40.038066+00:00,,,,,,,,,,,,,,,,,,,,,,,,,,,,
https://www.hud.gov/sites/dfiles/OCHCO/documents/TI488.pdf,TI488.pdf,hud.gov,,,—,pending,2026-03-12T16:57:40.038919+00:00,,,,,,,,,,,,,,,,,,,,,,,,,,,,
https://www.hud.gov/sites/dfiles/OCHCO/documents/TI489.pdf,TI489.pdf,hud.gov,,,—,pending,2026-03-12T16:57:40.039853+00:00,,,,,,,,,,,,,,,,,,,,,,,,,,,,
https://www.hud.gov/sites/dfiles/OCHCO/documents/Title487.pdf,Title487.pdf,hud.gov,,,—,pending,2026-03-12T16:57:40.040611+00:00,,,,,,,,,,,,,,,,,,,,,,,,,,,,
https://www.hud.gov/sites/dfiles/PIH/documents/Tribe-TDHE-Contact-List.pdf,Tribe-TDHE-Contact-List.pdf,hud.gov,,,—,pending,2026-03-12T16:57:40.041781+00:00,,,,,,,,,,,,,,,,,,,,,,,,,,,,
https://www.hud.gov/sites/dfiles/PIH/documents/Underwriting%20Compliance%20Reminder%20Memo%20Signed.pdf,Underwriting%20Compliance%20Reminder%20Memo%20Signed.pdf,hud.gov,,,—,pending,2026-03-12T16:57:40.042579+00:00,,,,,,,,,,,,,,,,,,,,,,,,,,,,
https://www.hud.gov/sites/dfiles/Main/documents/VAWA-Fact-Sheet.pdf,VAWA-Fact-Sheet.pdf,hud.gov,,,—,pending,2026-03-12T16:57:40.043321+00:00,,,,,,,,,,,,,,,,,,,,,,,,,,,,
https://www.hud.gov/sites/dfiles/Main/documents/WHFO.pdf,WHFO.pdf,hud.gov,,,—,pending,2026-03-12T16:57:40.044069+00:00,,,,,,,,,,,,,,,,,,,,,,,,,,,,
https://www.hud.gov/sites/documents/biacontactguidesept2016.pdf,biacontactguidesept2016.pdf,hud.gov,,,—,pending,2026-03-12T16:57:40.048293+00:00,,,,,,,,,,,,,,,,,,,,,,,,,,,,
https://www.hud.gov/sites/dfiles/SFH/documents/biennial_203_k_consultant_recert.pdf,biennial_203_k_consultant_recert.pdf,hud.gov,,222043,216.8 KB,pending,2026-03-12T16:57:40.049269+00:00,,,,,,,,,,,,,,,,,,,,,,,,,,,,
https://www.hud.gov/sites/dfiles/PIH/documents/checklisttdhe_triballoans.pdf,checklisttdhe_triballoans.pdf,hud.gov,,81232,79.3 KB,pending,2026-03-12T16:57:40.050014+00:00,,,,,,,,,,,,,,,,,,,,,,,,,,,,
https://www.hud.gov/sites/documents/dec16pih2014-22.pdf,dec16pih2014-22.pdf,hud.gov,,,—,pending,2026-03-12T16:57:40.050823+00:00,,,,,,,,,,,,,,,,,,,,,,,,,,,,
https://www.hud.gov/sites/documents/doc_11237.pdf,doc_11237.pdf,hud.gov,,16694,16.3 KB,pending,2026-03-12T16:57:40.051469+00:00,,,,,,,,,,,,,,,,,,,,,,,,,,,,
https://www.hud.gov/sites/documents/doc_11275.pdf,doc_11275.pdf,hud.gov,,17325,16.9 KB,pending,2026-03-12T16:57:40.052114+00:00,,,,,,,,,,,,,,,,,,,,,,,,,,,,
https://www.hud.gov/sites/documents/doc_11337.pdf,doc_11337.pdf,hud.gov,,12757,12.5 KB,pending,2026-03-12T16:57:40.052738+00:00,,,,,,,,,,,,,,,,,,,,,,,,,,,,
https://www.hud.gov/sites/documents/doc_12628.pdf,doc_12628.pdf,hud.gov,,,—,pending,2026-03-12T16:57:40.053641+00:00,,,,,,,,,,,,,,,,,,,,,,,,,,,,
https://www.hud.gov/sites/documents/doc_13757.pdf,doc_13757.pdf,hud.gov,,,—,pending,2026-03-12T16:57:40.054794+00:00,,,,,,,,,,,,,,,,,,,,,,,,,,,,
https://www.hud.gov/sites/documents/doc_16733.pdf,doc_16733.pdf,hud.gov,,,—,pending,2026-03-12T16:57:40.055495+00:00,,,,,,,,,,,,,,,,,,,,,,,,,,,,
https://www.hud.gov/sites/documents/doc_19737.pdf,doc_19737.pdf,hud.gov,,,—,pending,2026-03-12T16:57:40.056168+00:00,,,,,,,,,,,,,,,,,,,,,,,,,,,,
https://www.hud.gov/sites/documents/doc_19765.pdf,doc_19765.pdf,hud.gov,,,—,pending,2026-03-12T16:57:40.056989+00:00,,,,,,,,,,,,,,,,,,,,,,,,,,,,
https://www.hud.gov/sites/documents/doc_23119.pdf,doc_23119.pdf,hud.gov,,,—,pending,2026-03-12T16:57:40.057999+00:00,,,,,,,,,,,,,,,,,,,,,,,,,,,,
https://www.hud.gov/sites/documents/doc_23767.pdf,doc_23767.pdf,hud.gov,,,—,pending,2026-03-12T16:57:40.058634+00:00,,,,,,,,,,,,,,,,,,,,,,,,,,,,
https://www.hud.gov/sites/documents/doc_35367.pdf,doc_35367.pdf,hud.gov,,,—,pending,2026-03-12T16:57:40.059295+00:00,,,,,,,,,,,,,,,,,,,,,,,,,,,,
https://www.hud.gov/sites/documents/doc_35886.pdf,doc_35886.pdf,hud.gov,,,—,pending,2026-03-12T16:57:40.059979+00:00,,,,,,,,,,,,,,,,,,,,,,,,,,,,
https://www.hud.gov/sites/documents/doc_35919.pdf,doc_35919.pdf,hud.gov,,,—,pending,2026-03-12T16:57:40.060610+00:00,,,,,,,,,,,,,,,,,,,,,,,,,,,,
https://www.hud.gov/sites/documents/doc_36090.pdf,doc_36090.pdf,hud.gov,,,—,pending,2026-03-12T16:57:40.061316+00:00,,,,,,,,,,,,,,,,,,,,,,,,,,,,
https://www.hud.gov/sites/documents/doc_36197.pdf,doc_36197.pdf,hud.gov,,,—,pending,2026-03-12T16:57:40.062526+00:00,,,,,,,,,,,,,,,,,,,,,,,,,,,,
https://www.hud.gov/sites/documents/doc_36232.pdf,doc_36232.pdf,hud.gov,,,—,pending,2026-03-12T16:57:40.063556+00:00,,,,,,,,,,,,,,,,,,,,,,,,,,,,
https://www.hud.gov/sites/documents/doc_36265.pdf,doc_36265.pdf,hud.gov,,,—,pending,2026-03-12T16:57:40.065914+00:00,,,,,,,,,,,,,,,,,,,,,,,,,,,,
https://www.hud.gov/sites/documents/doc_36268.pdf,doc_36268.pdf,hud.gov,,,—,pending,2026-03-12T16:57:40.067067+00:00,,,,,,,,,,,,,,,,,,,,,,,,,,,,
https://www.hud.gov/sites/documents/doc_36274.pdf,doc_36274.pdf,hud.gov,,,—,pending,2026-03-12T16:57:40.069184+00:00,,,,,,,,,,,,,,,,,,,,,,,,,,,,
https://www.hud.gov/sites/documents/doc_36279.pdf,doc_36279.pdf,hud.gov,,,—,pending,2026-03-12T16:57:40.070009+00:00,,,,,,,,,,,,,,,,,,,,,,,,,,,,
https://www.hud.gov/sites/documents/doc_36281.pdf,doc_36281.pdf,hud.gov,,,—,pending,2026-03-12T16:57:40.070636+00:00,,,,,,,,,,,,,,,,,,,,,,,,,,,,
https://www.hud.gov/sites/documents/doc_36293.pdf,doc_36293.pdf,hud.gov,,,—,pending,2026-03-12T16:57:40.071326+00:00,,,,,,,,,,,,,,,,,,,,,,,,,,,,
https://www.hud.gov/sites/documents/doc_36295.pdf,doc_36295.pdf,hud.gov,,,—,pending,2026-03-12T16:57:40.072091+00:00,,,,,,,,,,,,,,,,,,,,,,,,,,,,
https://www.hud.gov/sites/documents/doc_36314.pdf,doc_36314.pdf,hud.gov,,,—,pending,2026-03-12T16:57:40.073087+00:00,,,,,,,,,,,,,,,,,,,,,,,,,,,,
https://www.hud.gov/sites/documents/doc_36318.pdf,doc_36318.pdf,hud.gov,,,—,pending,2026-03-12T16:57:40.073702+00:00,,,,,,,,,,,,,,,,,,,,,,,,,,,,
https://www.hud.gov/sites/documents/doc_36319.pdf,doc_36319.pdf,hud.gov,,,—,pending,2026-03-12T16:57:40.074758+00:00,,,,,,,,,,,,,,,,,,,,,,,,,,,,
https://www.hud.gov/sites/documents/doc_36336.pdf,doc_36336.pdf,hud.gov,,,—,pending,2026-03-12T16:57:40.075567+00:00,,,,,,,,,,,,,,,,,,,,,,,,,,,,
https://www.hud.gov/sites/documents/doc_8141.pdf,doc_8141.pdf,hud.gov,,496517,484.9 KB,pending,2026-03-12T16:57:40.077076+00:00,,,,,,,,,,,,,,,,,,,,,,,,,,,,
https://www.hud.gov/sites/documents/doc_8142.pdf,doc_8142.pdf,hud.gov,,25405,24.8 KB,pending,2026-03-12T16:57:40.077738+00:00,,,,,,,,,,,,,,,,,,,,,,,,,,,,
https://www.hud.gov/sites/documents/doc_8339.pdf,doc_8339.pdf,hud.gov,,18529,18.1 KB,pending,2026-03-12T16:57:40.078395+00:00,,,,,,,,,,,,,,,,,,,,,,,,,,,,
https://www.hud.gov/sites/documents/doc_8340.pdf,doc_8340.pdf,hud.gov,,42044,41.1 KB,pending,2026-03-12T16:57:40.079088+00:00,,,,,,,,,,,,,,,,,,,,,,,,,,,,
https://www.hud.gov/sites/documents/doc_8689.pdf,doc_8689.pdf,hud.gov,,49348,48.2 KB,pending,2026-03-12T16:57:40.079786+00:00,,,,,,,,,,,,,,,,,,,,,,,,,,,,
https://www.hud.gov/sites/documents/doc_8690.pdf,doc_8690.pdf,hud.gov,,8543,8.3 KB,pending,2026-03-12T16:57:40.080419+00:00,,,,,,,,,,,,,,,,,,,,,,,,,,,,
https://www.hud.gov/sites/documents/doc_8767.pdf,doc_8767.pdf,hud.gov,,76970,75.2 KB,pending,2026-03-12T16:57:40.081218+00:00,,,,,,,,,,,,,,,,,,,,,,,,,,,,
https://www.hud.gov/sites/documents/doc_8771.pdf,doc_8771.pdf,hud.gov,,,—,pending,2026-03-12T16:57:40.082134+00:00,,,,,,,,,,,,,,,,,,,,,,,,,,,,
https://www.hud.gov/sites/documents/doc_8838.pdf,doc_8838.pdf,hud.gov,,156864,153.2 KB,pending,2026-03-12T16:57:40.083024+00:00,,,,,,,,,,,,,,,,,,,,,,,,,,,,
https://www.hud.gov/sites/documents/doc_8839.pdf,doc_8839.pdf,hud.gov,,34153,33.4 KB,pending,2026-03-12T16:57:40.083691+00:00,,,,,,,,,,,,,,,,,,,,,,,,,,,,
https://www.hud.gov/sites/documents/doc_8840.pdf,doc_8840.pdf,hud.gov,,94348,92.1 KB,pending,2026-03-12T16:57:40.084480+00:00,,,,,,,,,,,,,,,,,,,,,,,,,,,,
https://www.hud.gov/sites/documents/doc_8841.pdf,doc_8841.pdf,hud.gov,,298407,291.4 KB,pending,2026-03-12T16:57:40.085640+00:00,,,,,,,,,,,,,,,,,,,,,,,,,,,,
https://www.hud.gov/sites/documents/doc_8842.pdf,doc_8842.pdf,hud.gov,,19357,18.9 KB,pending,2026-03-12T16:57:40.086310+00:00,,,,,,,,,,,,,,,,,,,,,,,,,,,,
https://www.hud.gov/sites/documents/doc_8843.pdf,doc_8843.pdf,hud.gov,,36257,35.4 KB,pending,2026-03-12T16:57:40.086998+00:00,,,,,,,,,,,,,,,,,,,,,,,,,,,,
https://www.hud.gov/sites/documents/doc_8845.pdf,doc_8845.pdf,hud.gov,,87377,85.3 KB,pending,2026-03-12T16:57:40.087757+00:00,,,,,,,,,,,,,,,,,,,,,,,,,,,,
https://www.hud.gov/sites/documents/doc_8846.pdf,doc_8846.pdf,hud.gov,,34464,33.7 KB,pending,2026-03-12T16:57:40.088505+00:00,,,,,,,,,,,,,,,,,,,,,,,,,,,,
https://www.hud.gov/sites/documents/doc_8847.pdf,doc_8847.pdf,hud.gov,,46311,45.2 KB,pending,2026-03-12T16:57:40.089226+00:00,,,,,,,,,,,,,,,,,,,,,,,,,,,,
https://www.hud.gov/sites/documents/doc_8848.pdf,doc_8848.pdf,hud.gov,,37252,36.4 KB,pending,2026-03-12T16:57:40.089918+00:00,,,,,,,,,,,,,,,,,,,,,,,,,,,,
https://www.hud.gov/sites/documents/doc_8849.pdf,doc_8849.pdf,hud.gov,,113267,110.6 KB,pending,2026-03-12T16:57:40.090718+00:00,,,,,,,,,,,,,,,,,,,,,,,,,,,,
https://www.hud.gov/sites/documents/doc_8850.pdf,doc_8850.pdf,hud.gov,,321605,314.1 KB,pending,2026-03-12T16:57:40.091906+00:00,,,,,,,,,,,,,,,,,,,,,,,,,,,,
https://www.hud.gov/sites/documents/doc_8851.pdf,doc_8851.pdf,hud.gov,,216965,211.9 KB,pending,2026-03-12T16:57:40.092930+00:00,,,,,,,,,,,,,,,,,,,,,,,,,,,,
https://www.hud.gov/sites/documents/doc_8852.pdf,doc_8852.pdf,hud.gov,,156985,153.3 KB,pending,2026-03-12T16:57:40.093821+00:00,,,,,,,,,,,,,,,,,,,,,,,,,,,,
https://www.hud.gov/sites/documents/doc_8853.pdf,doc_8853.pdf,hud.gov,,154921,151.3 KB,pending,2026-03-12T16:57:40.094718+00:00,,,,,,,,,,,,,,,,,,,,,,,,,,,,
https://www.hud.gov/sites/documents/doc_8854.pdf,doc_8854.pdf,hud.gov,,17017,16.6 KB,pending,2026-03-12T16:57:40.095378+00:00,,,,,,,,,,,,,,,,,,,,,,,,,,,,
https://www.hud.gov/sites/documents/doc_8855.pdf,doc_8855.pdf,hud.gov,,39948,39.0 KB,pending,2026-03-12T16:57:40.096069+00:00,,,,,,,,,,,,,,,,,,,,,,,,,,,,
https://www.hud.gov/sites/documents/doc_8856.pdf,doc_8856.pdf,hud.gov,,90786,88.7 KB,pending,2026-03-12T16:57:40.096848+00:00,,,,,,,,,,,,,,,,,,,,,,,,,,,,
https://www.hud.gov/sites/documents/doc_8857.pdf,doc_8857.pdf,hud.gov,,54637,53.4 KB,pending,2026-03-12T16:57:40.097590+00:00,,,,,,,,,,,,,,,,,,,,,,,,,,,,
https://www.hud.gov/sites/documents/doc_8858.pdf,doc_8858.pdf,hud.gov,,140040,136.8 KB,pending,2026-03-12T16:57:40.098450+00:00,,,,,,,,,,,,,,,,,,,,,,,,,,,,
https://www.hud.gov/sites/documents/doc_8859.pdf,doc_8859.pdf,hud.gov,,55544,54.2 KB,pending,2026-03-12T16:57:40.099178+00:00,,,,,,,,,,,,,,,,,,,,,,,,,,,,
https://www.hud.gov/sites/documents/doc_8860.pdf,doc_8860.pdf,hud.gov,,143374,140.0 KB,pending,2026-03-12T16:57:40.100055+00:00,,,,,,,,,,,,,,,,,,,,,,,,,,,,
https://www.hud.gov/sites/documents/doc_8861.pdf,doc_8861.pdf,hud.gov,,325921,318.3 KB,pending,2026-03-12T16:57:40.101243+00:00,,,,,,,,,,,,,,,,,,,,,,,,,,,,
https://www.hud.gov/sites/documents/doc_8862.pdf,doc_8862.pdf,hud.gov,,70185,68.5 KB,pending,2026-03-12T16:57:40.101990+00:00,,,,,,,,,,,,,,,,,,,,,,,,,,,,
https://www.hud.gov/sites/documents/doc_8863.pdf,doc_8863.pdf,hud.gov,,42950,41.9 KB,pending,2026-03-12T16:57:40.102673+00:00,,,,,,,,,,,,,,,,,,,,,,,,,,,,
https://www.hud.gov/sites/documents/doc_8864.pdf,doc_8864.pdf,hud.gov,,107715,105.2 KB,pending,2026-03-12T16:57:40.103476+00:00,,,,,,,,,,,,,,,,,,,,,,,,,,,,
https://www.hud.gov/sites/documents/doc_8865.pdf,doc_8865.pdf,hud.gov,,35065,34.2 KB,pending,2026-03-12T16:57:40.104154+00:00,,,,,,,,,,,,,,,,,,,,,,,,,,,,
https://www.hud.gov/sites/documents/doc_8866.pdf,doc_8866.pdf,hud.gov,,89281,87.2 KB,pending,2026-03-12T16:57:40.104928+00:00,,,,,,,,,,,,,,,,,,,,,,,,,,,,
https://www.hud.gov/sites/documents/doc_8867.pdf,doc_8867.pdf,hud.gov,,78563,76.7 KB,pending,2026-03-12T16:57:40.105673+00:00,,,,,,,,,,,,,,,,,,,,,,,,,,,,
https://www.hud.gov/sites/documents/doc_8868.pdf,doc_8868.pdf,hud.gov,,86470,84.4 KB,pending,2026-03-12T16:57:40.106443+00:00,,,,,,,,,,,,,,,,,,,,,,,,,,,,
https://www.hud.gov/sites/documents/doc_8869.pdf,doc_8869.pdf,hud.gov,,36857,36.0 KB,pending,2026-03-12T16:57:40.107129+00:00,,,,,,,,,,,,,,,,,,,,,,,,,,,,
https://www.hud.gov/sites/documents/doc_8870.pdf,doc_8870.pdf,hud.gov,,36115,35.3 KB,pending,2026-03-12T16:57:40.107797+00:00,,,,,,,,,,,,,,,,,,,,,,,,,,,,
https://www.hud.gov/sites/documents/doc_8871.pdf,doc_8871.pdf,hud.gov,,35759,34.9 KB,pending,2026-03-12T16:57:40.108496+00:00,,,,,,,,,,,,,,,,,,,,,,,,,,,,
https://www.hud.gov/sites/documents/doc_8872.pdf,doc_8872.pdf,hud.gov,,15373,15.0 KB,pending,2026-03-12T16:57:40.109141+00:00,,,,,,,,,,,,,,,,,,,,,,,,,,,,
https://www.hud.gov/sites/documents/doc_8873.pdf,doc_8873.pdf,hud.gov,,104958,102.5 KB,pending,2026-03-12T16:57:40.109941+00:00,,,,,,,,,,,,,,,,,,,,,,,,,,,,
https://www.hud.gov/sites/documents/doc_8874.pdf,doc_8874.pdf,hud.gov,,4135,4.0 KB,pending,2026-03-12T16:57:40.110554+00:00,,,,,,,,,,,,,,,,,,,,,,,,,,,,
https://www.hud.gov/sites/documents/doc_8875.pdf,doc_8875.pdf,hud.gov,,4131,4.0 KB,pending,2026-03-12T16:57:40.111177+00:00,,,,,,,,,,,,,,,,,,,,,,,,,,,,
https://www.hud.gov/sites/documents/doc_8876.pdf,doc_8876.pdf,hud.gov,,6068,5.9 KB,pending,2026-03-12T16:57:40.111793+00:00,,,,,,,,,,,,,,,,,,,,,,,,,,,,
https://www.hud.gov/sites/documents/doc_8877.pdf,doc_8877.pdf,hud.gov,,68273,66.7 KB,pending,2026-03-12T16:57:40.112575+00:00,,,,,,,,,,,,,,,,,,,,,,,,,,,,
https://www.hud.gov/sites/documents/doc_8878.pdf,doc_8878.pdf,hud.gov,,4619,4.5 KB,pending,2026-03-12T16:57:40.113202+00:00,,,,,,,,,,,,,,,,,,,,,,,,,,,,
https://www.hud.gov/sites/documents/doc_8879.pdf,doc_8879.pdf,hud.gov,,4714,4.6 KB,pending,2026-03-12T16:57:40.113828+00:00,,,,,,,,,,,,,,,,,,,,,,,,,,,,
https://www.hud.gov/sites/documents/doc_8880.pdf,doc_8880.pdf,hud.gov,,4609,4.5 KB,pending,2026-03-12T16:57:40.114456+00:00,,,,,,,,,,,,,,,,,,,,,,,,,,,,
https://www.hud.gov/sites/documents/doc_8881.pdf,doc_8881.pdf,hud.gov,,15418,15.1 KB,pending,2026-03-12T16:57:40.115104+00:00,,,,,,,,,,,,,,,,,,,,,,,,,,,,
https://www.hud.gov/sites/documents/doc_8882.pdf,doc_8882.pdf,hud.gov,,82132,80.2 KB,pending,2026-03-12T16:57:40.115858+00:00,,,,,,,,,,,,,,,,,,,,,,,,,,,,
https://www.hud.gov/sites/documents/doc_8883.pdf,doc_8883.pdf,hud.gov,,103744,101.3 KB,pending,2026-03-12T16:57:40.116658+00:00,,,,,,,,,,,,,,,,,,,,,,,,,,,,
https://www.hud.gov/sites/documents/doc_8884.pdf,doc_8884.pdf,hud.gov,,8906,8.7 KB,pending,2026-03-12T16:57:40.117295+00:00,,,,,,,,,,,,,,,,,,,,,,,,,,,,
https://www.hud.gov/sites/documents/doc_8885.pdf,doc_8885.pdf,hud.gov,,4465,4.4 KB,pending,2026-03-12T16:57:40.117922+00:00,,,,,,,,,,,,,,,,,,,,,,,,,,,,
https://www.hud.gov/sites/documents/doc_8886.pdf,doc_8886.pdf,hud.gov,,22940,22.4 KB,pending,2026-03-12T16:57:40.118570+00:00,,,,,,,,,,,,,,,,,,,,,,,,,,,,
https://www.hud.gov/sites/documents/doc_8887.pdf,doc_8887.pdf,hud.gov,,4045,4.0 KB,pending,2026-03-12T16:57:40.119193+00:00,,,,,,,,,,,,,,,,,,,,,,,,,,,,
https://www.hud.gov/sites/documents/doc_8888.pdf,doc_8888.pdf,hud.gov,,3516,3.4 KB,pending,2026-03-12T16:57:40.119802+00:00,,,,,,,,,,,,,,,,,,,,,,,,,,,,
https://www.hud.gov/sites/documents/doc_8889.pdf,doc_8889.pdf,hud.gov,,4045,4.0 KB,pending,2026-03-12T16:57:40.120426+00:00,,,,,,,,,,,,,,,,,,,,,,,,,,,,
https://www.hud.gov/sites/documents/doc_8890.pdf,doc_8890.pdf,hud.gov,,26128,25.5 KB,pending,2026-03-12T16:57:40.121090+00:00,,,,,,,,,,,,,,,,,,,,,,,,,,,,
https://www.hud.gov/sites/documents/doc_8891.pdf,doc_8891.pdf,hud.gov,,4054,4.0 KB,pending,2026-03-12T16:57:40.121700+00:00,,,,,,,,,,,,,,,,,,,,,,,,,,,,
https://www.hud.gov/sites/documents/doc_8892.pdf,doc_8892.pdf,hud.gov,,3562,3.5 KB,pending,2026-03-12T16:57:40.122323+00:00,,,,,,,,,,,,,,,,,,,,,,,,,,,,
https://www.hud.gov/sites/documents/doc_8893.pdf,doc_8893.pdf,hud.gov,,3915,3.8 KB,pending,2026-03-12T16:57:40.122947+00:00,,,,,,,,,,,,,,,,,,,,,,,,,,,,
https://www.hud.gov/sites/documents/doc_8894.pdf,doc_8894.pdf,hud.gov,,8602,8.4 KB,pending,2026-03-12T16:57:40.123567+00:00,,,,,,,,,,,,,,,,,,,,,,,,,,,,
https://www.hud.gov/sites/documents/doc_8895.pdf,doc_8895.pdf,hud.gov,,16337,16.0 KB,pending,2026-03-12T16:57:40.124213+00:00,,,,,,,,,,,,,,,,,,,,,,,,,,,,
https://www.hud.gov/sites/documents/doc_8896.pdf,doc_8896.pdf,hud.gov,,4182,4.1 KB,pending,2026-03-12T16:57:40.124826+00:00,,,,,,,,,,,,,,,,,,,,,,,,,,,,
https://www.hud.gov/sites/documents/doc_8897.pdf,doc_8897.pdf,hud.gov,,131148,128.1 KB,pending,2026-03-12T16:57:40.125669+00:00,,,,,,,,,,,,,,,,,,,,,,,,,,,,
https://www.hud.gov/sites/documents/doc_8898.pdf,doc_8898.pdf,hud.gov,,4595,4.5 KB,pending,2026-03-12T16:57:40.126294+00:00,,,,,,,,,,,,,,,,,,,,,,,,,,,,
https://www.hud.gov/sites/documents/doc_8899.pdf,doc_8899.pdf,hud.gov,,4449,4.3 KB,pending,2026-03-12T16:57:40.126922+00:00,,,,,,,,,,,,,,,,,,,,,,,,,,,,
https://www.hud.gov/sites/documents/doc_8900.pdf,doc_8900.pdf,hud.gov,,27976,27.3 KB,pending,2026-03-12T16:57:40.127569+00:00,,,,,,,,,,,,,,,,,,,,,,,,,,,,
https://www.hud.gov/sites/documents/faqs110216.pdf,faqs110216.pdf,hud.gov,,,—,pending,2026-03-12T16:57:40.128652+00:00,,,,,,,,,,,,,,,,,,,,,,,,,,,,
https://www.hud.gov/sites/documents/fhastudentloanrepayapr16.pdf,fhastudentloanrepayapr16.pdf,hud.gov,,,—,pending,2026-03-12T16:57:40.129500+00:00,,,,,,,,,,,,,,,,,,,,,,,,,,,,
https://www.hud.gov/sites/documents/fy00finalcasdata.pdf,fy00finalcasdata.pdf,hud.gov,,2323857,2.2 MB,pending,2026-03-12T16:57:40.133786+00:00,,,,,,,,,,,,,,,,,,,,,,,,,,,,
https://www.hud.gov/sites/documents/fy00finalformarea.pdf,fy00finalformarea.pdf,hud.gov,,444584,434.2 KB,pending,2026-03-12T16:57:40.135114+00:00,,,,,,,,,,,,,,,,,,,,,,,,,,,,
https://www.hud.gov/sites/documents/fy00finalsection8.pdf,fy00finalsection8.pdf,hud.gov,,108982,106.4 KB,pending,2026-03-12T16:57:40.135904+00:00,,,,,,,,,,,,,,,,,,,,,,,,,,,,
https://www.hud.gov/sites/documents/fy01fincas.pdf,fy01fincas.pdf,hud.gov,,2300318,2.2 MB,pending,2026-03-12T16:57:40.140145+00:00,,,,,,,,,,,,,,,,,,,,,,,,,,,,
https://www.hud.gov/sites/documents/fy01finformulaarea.pdf,fy01finformulaarea.pdf,hud.gov,,445668,435.2 KB,pending,2026-03-12T16:57:40.141460+00:00,,,,,,,,,,,,,,,,,,,,,,,,,,,,
https://www.hud.gov/sites/documents/fy01finsection8.pdf,fy01finsection8.pdf,hud.gov,,108210,105.7 KB,pending,2026-03-12T16:57:40.142247+00:00,,,,,,,,,,,,,,,,,,,,,,,,,,,,
https://www.hud.gov/sites/documents/fy99finalcasdev.pdf,fy99finalcasdev.pdf,hud.gov,,2335981,2.2 MB,pending,2026-03-12T16:57:40.146544+00:00,,,,,,,,,,,,,,,,,,,,,,,,,,,,
https://www.hud.gov/sites/documents/fy99finalformulaarea.pdf,fy99finalformulaarea.pdf,hud.gov,,462554,451.7 KB,pending,2026-03-12T16:57:40.147924+00:00,,,,,,,,,,,,,,,,,,,,,,,,,,,,
https://www.hud.gov/sites/documents/fy99finalsection8.pdf,fy99finalsection8.pdf,hud.gov,,109252,106.7 KB,pending,2026-03-12T16:57:40.148702+00:00,,,,,,,,,,,,,,,,,,,,,,,,,,,,
https://www.hud.gov/sites/documents/hudform50131.pdf,hudform50131.pdf,hud.gov,,,—,pending,2026-03-12T16:57:40.149535+00:00,,,,,,,,,,,,,,,,,,,,,,,,,,,,
https://www.hud.gov/sites/documents/hudform50143.pdf,hudform50143.pdf,hud.gov,,,—,pending,2026-03-12T16:57:40.150371+00:00,,,,,,,,,,,,,,,,,,,,,,,,,,,,
https://www.hud.gov/sites/documents/ml-2010-42.pdf,ml-2010-42.pdf,hud.gov,,,—,pending,2026-03-12T16:57:40.151098+00:00,,,,,,,,,,,,,,,,,,,,,,,,,,,,
https://www.hud.gov/sites/documents/ml13-27.pdf,ml13-27.pdf,hud.gov,,,—,pending,2026-03-12T16:57:40.151915+00:00,,,,,,,,,,,,,,,,,,,,,,,,,,,,
https://www.hud.gov/sites/documents/ml15_1notifannualfee11514.pdf,ml15_1notifannualfee11514.pdf,hud.gov,,,—,pending,2026-03-12T16:57:40.152893+00:00,,,,,,,,,,,,,,,,,,,,,,,,,,,,
https://www.hud.gov/sites/documents/ml_2013_29.pdf,ml_2013_29.pdf,hud.gov,,,—,pending,2026-03-12T16:57:40.153683+00:00,,,,,,,,,,,,,,,,,,,,,,,,,,,,
https://www.hud.gov/sites/documents/onappaygovinstrucannualfee.pdf,onappaygovinstrucannualfee.pdf,hud.gov,,,—,pending,2026-03-12T16:57:40.157230+00:00,,,,,,,,,,,,,,,,,,,,,,,,,,,,
https://www.hud.gov/sites/documents/pih2014-11.pdf,pih2014-11.pdf,hud.gov,,265123,258.9 KB,pending,2026-03-12T16:57:40.158265+00:00,,,,,,,,,,,,,,,,,,,,,,,,,,,,
https://www.hud.gov/sites/documents/pih201422undrwritguidelns.pdf,pih201422undrwritguidelns.pdf,hud.gov,,461854,451.0 KB,pending,2026-03-12T16:57:40.159617+00:00,,,,,,,,,,,,,,,,,,,,,,,,,,,,
https://www.hud.gov/sites/documents/pih2015-15.pdf,pih2015-15.pdf,hud.gov,,,—,pending,2026-03-12T16:57:40.160622+00:00,,,,,,,,,,,,,,,,,,,,,,,,,,,,
https://www.hud.gov/sites/documents/privacyincidentrprt011117.pdf,privacyincidentrprt011117.pdf,hud.gov,,1108696,1.1 MB,pending,2026-03-12T16:57:40.163049+00:00,,,,,,,,,,,,,,,,,,,,,,,,,,,,
https://www.hud.gov/sites/documents/prog_benefits_tribes.pdf,prog_benefits_tribes.pdf,hud.gov,,203175,198.4 KB,pending,2026-03-12T16:57:40.164002+00:00,,,,,,,,,,,,,,,,,,,,,,,,,,,,
https://www.hud.gov/sites/documents/programbenefits_lenders.pdf,programbenefits_lenders.pdf,hud.gov,,201419,196.7 KB,pending,2026-03-12T16:57:40.164943+00:00,,,,,,,,,,,,,,,,,,,,,,,,,,,,
https://www.hud.gov/sites/dfiles/OCIO/documents/s508103017.pdf,s508103017.pdf,hud.gov,,,—,pending,2026-03-12T16:57:40.165778+00:00,,,,,,,,,,,,,,,,,,,,,,,,,,,,
https://www.hud.gov/sites/dfiles/PIH/documents/sec184mcawdirectionsv4_1.pdf,sec184mcawdirectionsv4_1.pdf,hud.gov,,,—,pending,2026-03-12T16:57:40.166492+00:00,,,,,,,,,,,,,,,,,,,,,,,,,,,,
https://www.hud.gov/sites/documents/sect184lenderletter.pdf,sect184lenderletter.pdf,hud.gov,,,—,pending,2026-03-12T16:57:40.167185+00:00,,,,,,,,,,,,,,,,,,,,,,,,,,,,
https://www.hud.gov/sites/documents/sfh_203k_samp_complet.pdf,sfh_203k_samp_complet.pdf,hud.gov,,161531,157.7 KB,pending,2026-03-12T16:57:40.168077+00:00,,,,,,,,,,,,,,,,,,,,,,,,,,,,
https://www.hud.gov/sites/documents/sfh_203k_samp_continge.pdf,sfh_203k_samp_continge.pdf,hud.gov,,176166,172.0 KB,pending,2026-03-12T16:57:40.168978+00:00,,,,,,,,,,,,,,,,,,,,,,,,,,,,
https://www.hud.gov/sites/documents/sfh_203k_samp_finrelease.pdf,sfh_203k_samp_finrelease.pdf,hud.gov,,192135,187.6 KB,pending,2026-03-12T16:57:40.169928+00:00,,,,,,,,,,,,,,,,,,,,,,,,,,,,
https://www.hud.gov/sites/documents/sfh_203k_samp_selfhelp.pdf,sfh_203k_samp_selfhelp.pdf,hud.gov,,307580,300.4 KB,pending,2026-03-12T16:57:40.171093+00:00,,,,,,,,,,,,,,,,,,,,,,,,,,,,
https://www.hud.gov/sites/documents/sfh_fees_and_coverages.pdf,sfh_fees_and_coverages.pdf,hud.gov,,,—,pending,2026-03-12T16:57:40.172214+00:00,,,,,,,,,,,,,,,,,,,,,,,,,,,,
https://www.hud.gov/sites/documents/sfh_lend_init_cert.pdf,sfh_lend_init_cert.pdf,hud.gov,,,—,pending,2026-03-12T16:57:40.173080+00:00,,,,,,,,,,,,,,,,,,,,,,,,,,,,
https://www.hud.gov/sites/documents/ti-440s2.pdf,ti-440s2.pdf,hud.gov,,,—,pending,2026-03-12T16:57:40.173765+00:00,,,,,,,,,,,,,,,,,,,,,,,,,,,,
https://www.hud.gov/sites/documents/ti-481.pdf,ti-481.pdf,hud.gov,,,—,pending,2026-03-12T16:57:40.176753+00:00,,,,,,,,,,,,,,,,,,,,,,,,,,,,
https://www.hud.gov/sites/documents/ti-484.pdf,ti-484.pdf,hud.gov,,,—,pending,2026-03-12T16:57:40.177573+00:00,,,,,,,,,,,,,,,,,,,,,,,,,,,,
https://www.hud.gov/sites/documents/ti-485.pdf,ti-485.pdf,hud.gov,,,—,pending,2026-03-12T16:57:40.178422+00:00,,,,,,,,,,,,,,,,,,,,,,,,,,,,
https://www.hud.gov/sites/documents/ti-486.pdf,ti-486.pdf,hud.gov,,,—,pending,2026-03-12T16:57:40.179339+00:00,,,,,,,,,,,,,,,,,,,,,,,,,,,,
https://www.hud.gov/sites/documents/titlevi_fact_sheet_lenders.pdf,titlevi_fact_sheet_lenders.pdf,hud.gov,,219775,214.6 KB,pending,2026-03-12T16:57:40.180303+00:00,,,,,,,,,,,,,,,,,,,,,,,,,,,,
https://www.hud.gov/sites/documents/titlevi_fact_sheet_tribes.pdf,titlevi_fact_sheet_tribes.pdf,hud.gov,,224252,219.0 KB,pending,2026-03-12T16:57:40.181274+00:00,,,,,,,,,,,,,,,,,,,,,,,,,,,,
https://www.hud.gov/sites/documents/titlevi_leveraging_ex.pdf,titlevi_leveraging_ex.pdf,hud.gov,,213419,208.4 KB,pending,2026-03-12T16:57:40.182231+00:00,,,,,,,,,,,,,,,,,,,,,,,,,,,,
https://www.hud.gov/sites/documents/titlevi_payment_ex.pdf,titlevi_payment_ex.pdf,hud.gov,,226096,220.8 KB,pending,2026-03-12T16:57:40.183215+00:00,,,,,,,,,,,,,,,,,,,,,,,,,,,,
https://www.hud.gov/sites/documents/titleviloanguarapp-chklist.pdf,titleviloanguarapp-chklist.pdf,hud.gov,,267496,261.2 KB,pending,2026-03-12T16:57:40.184265+00:00,,,,,,,,,,,,,,,,,,,,,,,,,,,,
https://www.hud.gov/sites/documents/06usefullife2013.pdf,06usefullife2013.pdf,hud.gov,,427069,417.1 KB,pending,2026-03-13T12:24:12.696890+00:00,,,,,,,,,,,,,,,,,,,,,,,,,,,,
https://www.hud.gov/sites/documents/12-04incomelimits.pdf,12-04incomelimits.pdf,hud.gov,,29999,29.3 KB,pending,2026-03-13T12:24:12.699280+00:00,,,,,,,,,,,,,,,,,,,,,,,,,,,,
https://www.hud.gov/sites/documents/2000-011combineaudits.pdf,2000-011combineaudits.pdf,hud.gov,,89724,87.6 KB,pending,2026-03-13T12:24:12.729666+00:00,,,,,,,,,,,,,,,,,,,,,,,,,,,,
https://www.hud.gov/sites/documents/2002-12.pdf,2002-12.pdf,hud.gov,,831228,811.7 KB,pending,2026-03-13T12:24:12.753945+00:00,,,,,,,,,,,,,,,,,,,,,,,,,,,,
https://www.hud.gov/sites/documents/2002-14.pdf,2002-14.pdf,hud.gov,,853734,833.7 KB,pending,2026-03-13T12:24:12.756509+00:00,,,,,,,,,,,,,,,,,,,,,,,,,,,,
https://www.hud.gov/sites/documents/2003-01.pdf,2003-01.pdf,hud.gov,,825341,806.0 KB,pending,2026-03-13T12:24:12.759371+00:00,,,,,,,,,,,,,,,,,,,,,,,,,,,,
https://www.hud.gov/sites/documents/2003-02.pdf,2003-02.pdf,hud.gov,,820492,801.3 KB,pending,2026-03-13T12:24:12.761949+00:00,,,,,,,,,,,,,,,,,,,,,,,,,,,,
https://www.hud.gov/sites/documents/2003-03.pdf,2003-03.pdf,hud.gov,,813983,794.9 KB,pending,2026-03-13T12:24:12.764419+00:00,,,,,,,,,,,,,,,,,,,,,,,,,,,,
https://www.hud.gov/sites/documents/2003-05.pdf,2003-05.pdf,hud.gov,,814411,795.3 KB,pending,2026-03-13T12:24:12.766844+00:00,,,,,,,,,,,,,,,,,,,,,,,,,,,,
https://www.hud.gov/sites/documents/2003-06.pdf,2003-06.pdf,hud.gov,,820267,801.0 KB,pending,2026-03-13T12:24:12.769304+00:00,,,,,,,,,,,,,,,,,,,,,,,,,,,,
https://www.hud.gov/sites/documents/2003-07.pdf,2003-07.pdf,hud.gov,,929588,907.8 KB,pending,2026-03-13T12:24:12.771927+00:00,,,,,,,,,,,,,,,,,,,,,,,,,,,,
https://www.hud.gov/sites/documents/2011-01gensecguidance.pdf,2011-01gensecguidance.pdf,hud.gov,,90046,87.9 KB,pending,2026-03-13T12:24:12.773159+00:00,,,,,,,,,,,,,,,,,,,,,,,,,,,,
https://www.hud.gov/sites/documents/2011-02fy2011nofa.pdf,2011-02fy2011nofa.pdf,hud.gov,,63584,62.1 KB,pending,2026-03-13T12:24:12.774373+00:00,,,,,,,,,,,,,,,,,,,,,,,,,,,,
https://www.hud.gov/sites/documents/2011-03.pdf,2011-03.pdf,hud.gov,,55741,54.4 KB,pending,2026-03-13T12:24:12.775481+00:00,,,,,,,,,,,,,,,,,,,,,,,,,,,,
https://www.hud.gov/sites/documents/2011-03_attach.pdf,2011-03_attach.pdf,hud.gov,,220188,215.0 KB,pending,2026-03-13T12:24:12.776890+00:00,,,,,,,,,,,,,,,,,,,,,,,,,,,,
https://www.hud.gov/sites/documents/2011-04-income-limits.pdf,2011-04-income-limits.pdf,hud.gov,,30270,29.6 KB,pending,2026-03-13T12:24:12.777972+00:00,,,,,,,,,,,,,,,,,,,,,,,,,,,,
https://www.hud.gov/sites/documents/2011-05_gensection.pdf,2011-05_gensection.pdf,hud.gov,,124332,121.4 KB,pending,2026-03-13T12:24:12.779190+00:00,,,,,,,,,,,,,,,,,,,,,,,,,,,,
https://www.hud.gov/sites/documents/2011-06.pdf,2011-06.pdf,hud.gov,,143957,140.6 KB,pending,2026-03-13T12:24:12.780418+00:00,,,,,,,,,,,,,,,,,,,,,,,,,,,,
https://www.hud.gov/sites/documents/2011-07ihp-apr-attach.pdf,2011-07ihp-apr-attach.pdf,hud.gov,,379258,370.4 KB,pending,2026-03-13T12:24:12.782050+00:00,,,,,,,,,,,,,,,,,,,,,,,,,,,,
https://www.hud.gov/sites/documents/2011-07ihp-apr-rev.pdf,2011-07ihp-apr-rev.pdf,hud.gov,,97740,95.4 KB,pending,2026-03-13T12:24:12.783214+00:00,,,,,,,,,,,,,,,,,,,,,,,,,,,,
https://www.hud.gov/sites/documents/2012-01-sf425.pdf,2012-01-sf425.pdf,hud.gov,,162204,158.4 KB,pending,2026-03-13T12:24:12.784480+00:00,,,,,,,,,,,,,,,,,,,,,,,,,,,,
https://www.hud.gov/sites/documents/2012-02.pdf,2012-02.pdf,hud.gov,,157907,154.2 KB,pending,2026-03-13T12:24:12.785748+00:00,,,,,,,,,,,,,,,,,,,,,,,,,,,,
https://www.hud.gov/sites/documents/2012-05guidance.pdf,2012-05guidance.pdf,hud.gov,,121430,118.6 KB,pending,2026-03-13T12:24:12.786974+00:00,,,,,,,,,,,,,,,,,,,,,,,,,,,,
https://www.hud.gov/sites/documents/2013-01fy13nofa.pdf,2013-01fy13nofa.pdf,hud.gov,,157305,153.6 KB,pending,2026-03-13T12:24:12.788236+00:00,,,,,,,,,,,,,,,,,,,,,,,,,,,,
https://www.hud.gov/sites/documents/2013-02voluseeloccs.pdf,2013-02voluseeloccs.pdf,hud.gov,,290334,283.5 KB,pending,2026-03-13T12:24:12.789716+00:00,,,,,,,,,,,,,,,,,,,,,,,,,,,,
https://www.hud.gov/sites/documents/2013-03incomelimitsfy13.pdf,2013-03incomelimitsfy13.pdf,hud.gov,,203567,198.8 KB,pending,2026-03-13T12:24:12.791031+00:00,,,,,,,,,,,,,,,,,,,,,,,,,,,,
https://www.hud.gov/sites/documents/2013-04ihpaprattach.pdf,2013-04ihpaprattach.pdf,hud.gov,,2376393,2.3 MB,pending,2026-03-13T12:24:12.795825+00:00,,,,,,,,,,,,,,,,,,,,,,,,,,,,
https://www.hud.gov/sites/documents/2013-04ihpaprguidance.pdf,2013-04ihpaprguidance.pdf,hud.gov,,127017,124.0 KB,pending,2026-03-13T12:24:12.797546+00:00,,,,,,,,,,,,,,,,,,,,,,,,,,,,
https://www.hud.gov/sites/documents/2013-05calcannualincome.pdf,2013-05calcannualincome.pdf,hud.gov,,123049,120.2 KB,pending,2026-03-13T12:24:12.798998+00:00,,,,,,,,,,,,,,,,,,,,,,,,,,,,
https://www.hud.gov/sites/documents/2013-07indiantribalpref.pdf,2013-07indiantribalpref.pdf,hud.gov,,134616,131.5 KB,pending,2026-03-13T12:24:12.800339+00:00,,,,,,,,,,,,,,,,,,,,,,,,,,,,
https://www.hud.gov/sites/documents/2013-08criminalhistory.pdf,2013-08criminalhistory.pdf,hud.gov,,174276,170.2 KB,pending,2026-03-13T12:24:12.801647+00:00,,,,,,,,,,,,,,,,,,,,,,,,,,,,
https://www.hud.gov/sites/documents/2013-09modelactivities.pdf,2013-09modelactivities.pdf,hud.gov,,131531,128.4 KB,pending,2026-03-13T12:24:12.802859+00:00,,,,,,,,,,,,,,,,,,,,,,,,,,,,
https://www.hud.gov/sites/documents/2013-10fedsupplysources.pdf,2013-10fedsupplysources.pdf,hud.gov,,173406,169.3 KB,pending,2026-03-13T12:24:12.804161+00:00,,,,,,,,,,,,,,,,,,,,,,,,,,,,
https://www.hud.gov/sites/documents/2014-01incomelimits.pdf,2014-01incomelimits.pdf,hud.gov,,58666,57.3 KB,pending,2026-03-13T12:24:12.805295+00:00,,,,,,,,,,,,,,,,,,,,,,,,,,,,
https://www.hud.gov/sites/documents/2014-02prepsubmitgrantapps.pdf,2014-02prepsubmitgrantapps.pdf,hud.gov,,230061,224.7 KB,pending,2026-03-13T12:24:12.806658+00:00,,,,,,,,,,,,,,,,,,,,,,,,,,,,
https://www.hud.gov/sites/documents/2014-03insurancereq.pdf,2014-03insurancereq.pdf,hud.gov,,299147,292.1 KB,pending,2026-03-13T12:24:12.808171+00:00,,,,,,,,,,,,,,,,,,,,,,,,,,,,
https://www.hud.gov/sites/documents/2014-05piiprotection.pdf,2014-05piiprotection.pdf,hud.gov,,110951,108.4 KB,pending,2026-03-13T12:24:12.809368+00:00,,,,,,,,,,,,,,,,,,,,,,,,,,,,
https://www.hud.gov/sites/documents/2014-06nofa.pdf,2014-06nofa.pdf,hud.gov,,239015,233.4 KB,pending,2026-03-13T12:24:12.810756+00:00,,,,,,,,,,,,,,,,,,,,,,,,,,,,
https://www.hud.gov/sites/documents/2014-07sf425rpt.pdf,2014-07sf425rpt.pdf,hud.gov,,236721,231.2 KB,pending,2026-03-13T12:24:12.812153+00:00,,,,,,,,,,,,,,,,,,,,,,,,,,,,
https://www.hud.gov/sites/dfiles/PIH/documents/EHV_USDA_Branded.pdf,EHV_USDA_Branded.pdf,hud.gov,,150697,147.2 KB,pending,2026-03-13T12:24:12.946782+00:00,,,,,,,,,,,,,,,,,,,,,,,,,,,,
https://www.hud.gov/sites/dfiles/PIH/documents/Sample_Certification_for_Survivors_of_DV_SA_and_HT.pdf,Sample_Certification_for_Survivors_of_DV_SA_and_HT.pdf,hud.gov,,115319,112.6 KB,pending,2026-03-13T12:24:13.002260+00:00,,,,,,,,,,,,,,,,,,,,,,,,,,,,
https://www.hud.gov/sites/dfiles/PIH/documents/Sample_Homeless_Certification.pdf,Sample_Homeless_Certification.pdf,hud.gov,,145125,141.7 KB,pending,2026-03-13T12:24:13.003535+00:00,,,,,,,,,,,,,,,,,,,,,,,,,,,,
https://www.hud.gov/sites/dfiles/PIH/documents/Sample_Human_Trafficking_Certification.pdf,Sample_Human_Trafficking_Certification.pdf,hud.gov,,103027,100.6 KB,pending,2026-03-13T12:24:13.004685+00:00,,,,,,,,,,,,,,,,,,,,,,,,,,,,
https://www.hud.gov/sites/documents/calculatingattachment.pdf,calculatingattachment.pdf,hud.gov,,238780,233.2 KB,pending,2026-03-13T12:24:13.019584+00:00,,,,,,,,,,,,,,,,,,,,,,,,,,,,
https://www.hud.gov/sites/documents/doc_8149.pdf,doc_8149.pdf,hud.gov,,644230,629.1 KB,pending,2026-03-13T12:24:13.026139+00:00,,,,,,,,,,,,,,,,,,,,,,,,,,,,
https://www.hud.gov/sites/documents/doc_8150.pdf,doc_8150.pdf,hud.gov,,300292,293.3 KB,pending,2026-03-13T12:24:13.027620+00:00,,,,,,,,,,,,,,,,,,,,,,,,,,,,
https://www.hud.gov/sites/documents/doc_8151.pdf,doc_8151.pdf,hud.gov,,271594,265.2 KB,pending,2026-03-13T12:24:13.029038+00:00,,,,,,,,,,,,,,,,,,,,,,,,,,,,
https://www.hud.gov/sites/documents/doc_8152.pdf,doc_8152.pdf,hud.gov,,265903,259.7 KB,pending,2026-03-13T12:24:13.030430+00:00,,,,,,,,,,,,,,,,,,,,,,,,,,,,
https://www.hud.gov/sites/documents/doc_8153.pdf,doc_8153.pdf,hud.gov,,280674,274.1 KB,pending,2026-03-13T12:24:13.031876+00:00,,,,,,,,,,,,,,,,,,,,,,,,,,,,
https://www.hud.gov/sites/documents/doc_8154.pdf,doc_8154.pdf,hud.gov,,299128,292.1 KB,pending,2026-03-13T12:24:13.033336+00:00,,,,,,,,,,,,,,,,,,,,,,,,,,,,
https://www.hud.gov/sites/documents/doc_8155.pdf,doc_8155.pdf,hud.gov,,273838,267.4 KB,pending,2026-03-13T12:24:13.034782+00:00,,,,,,,,,,,,,,,,,,,,,,,,,,,,
https://www.hud.gov/sites/documents/doc_8156.pdf,doc_8156.pdf,hud.gov,,292332,285.5 KB,pending,2026-03-13T12:24:13.036235+00:00,,,,,,,,,,,,,,,,,,,,,,,,,,,,
https://www.hud.gov/sites/documents/doc_8157.pdf,doc_8157.pdf,hud.gov,,447229,436.7 KB,pending,2026-03-13T12:24:13.037921+00:00,,,,,,,,,,,,,,,,,,,,,,,,,,,,
https://www.hud.gov/sites/documents/doc_8158.pdf,doc_8158.pdf,hud.gov,,284699,278.0 KB,pending,2026-03-13T12:24:13.039361+00:00,,,,,,,,,,,,,,,,,,,,,,,,,,,,
https://www.hud.gov/sites/documents/doc_8159.pdf,doc_8159.pdf,hud.gov,,291483,284.7 KB,pending,2026-03-13T12:24:13.040822+00:00,,,,,,,,,,,,,,,,,,,,,,,,,,,,
https://www.hud.gov/sites/documents/doc_8160.pdf,doc_8160.pdf,hud.gov,,284864,278.2 KB,pending,2026-03-13T12:24:13.042259+00:00,,,,,,,,,,,,,,,,,,,,,,,,,,,,
https://www.hud.gov/sites/documents/doc_8161.pdf,doc_8161.pdf,hud.gov,,350876,342.7 KB,pending,2026-03-13T12:24:13.043802+00:00,,,,,,,,,,,,,,,,,,,,,,,,,,,,
https://www.hud.gov/sites/documents/doc_8162.pdf,doc_8162.pdf,hud.gov,,2555026,2.4 MB,pending,2026-03-13T12:24:13.048907+00:00,,,,,,,,,,,,,,,,,,,,,,,,,,,,
https://www.hud.gov/sites/documents/doc_8163.pdf,doc_8163.pdf,hud.gov,,273592,267.2 KB,pending,2026-03-13T12:24:13.050457+00:00,,,,,,,,,,,,,,,,,,,,,,,,,,,,
https://www.hud.gov/sites/documents/doc_8164.pdf,doc_8164.pdf,hud.gov,,287197,280.5 KB,pending,2026-03-13T12:24:13.051934+00:00,,,,,,,,,,,,,,,,,,,,,,,,,,,,
https://www.hud.gov/sites/documents/doc_8165.pdf,doc_8165.pdf,hud.gov,,290646,283.8 KB,pending,2026-03-13T12:24:13.053390+00:00,,,,,,,,,,,,,,,,,,,,,,,,,,,,
https://www.hud.gov/sites/documents/doc_8166.pdf,doc_8166.pdf,hud.gov,,286569,279.9 KB,pending,2026-03-13T12:24:13.054837+00:00,,,,,,,,,,,,,,,,,,,,,,,,,,,,
https://www.hud.gov/sites/documents/doc_8167.pdf,doc_8167.pdf,hud.gov,,274381,268.0 KB,pending,2026-03-13T12:24:13.056253+00:00,,,,,,,,,,,,,,,,,,,,,,,,,,,,
https://www.hud.gov/sites/documents/doc_8168.pdf,doc_8168.pdf,hud.gov,,293076,286.2 KB,pending,2026-03-13T12:24:13.057699+00:00,,,,,,,,,,,,,,,,,,,,,,,,,,,,
https://www.hud.gov/sites/documents/doc_8169.pdf,doc_8169.pdf,hud.gov,,331084,323.3 KB,pending,2026-03-13T12:24:13.059219+00:00,,,,,,,,,,,,,,,,,,,,,,,,,,,,
https://www.hud.gov/sites/documents/doc_8170.pdf,doc_8170.pdf,hud.gov,,286772,280.1 KB,pending,2026-03-13T12:24:13.060654+00:00,,,,,,,,,,,,,,,,,,,,,,,,,,,,
https://www.hud.gov/sites/documents/doc_8173.pdf,doc_8173.pdf,hud.gov,,274189,267.8 KB,pending,2026-03-13T12:24:13.062096+00:00,,,,,,,,,,,,,,,,,,,,,,,,,,,,
https://www.hud.gov/sites/documents/doc_8174.pdf,doc_8174.pdf,hud.gov,,295678,288.7 KB,pending,2026-03-13T12:24:13.063571+00:00,,,,,,,,,,,,,,,,,,,,,,,,,,,,
https://www.hud.gov/sites/documents/doc_8175.pdf,doc_8175.pdf,hud.gov,,332181,324.4 KB,pending,2026-03-13T12:24:13.065114+00:00,,,,,,,,,,,,,,,,,,,,,,,,,,,,
https://www.hud.gov/sites/documents/doc_8176.pdf,doc_8176.pdf,hud.gov,,293853,287.0 KB,pending,2026-03-13T12:24:13.066562+00:00,,,,,,,,,,,,,,,,,,,,,,,,,,,,
https://www.hud.gov/sites/documents/doc_8177.pdf,doc_8177.pdf,hud.gov,,409109,399.5 KB,pending,2026-03-13T12:24:13.068207+00:00,,,,,,,,,,,,,,,,,,,,,,,,,,,,
https://www.hud.gov/sites/documents/doc_8178.pdf,doc_8178.pdf,hud.gov,,404305,394.8 KB,pending,2026-03-13T12:24:13.069830+00:00,,,,,,,,,,,,,,,,,,,,,,,,,,,,
https://www.hud.gov/sites/documents/doc_8179.pdf,doc_8179.pdf,hud.gov,,276858,270.4 KB,pending,2026-03-13T12:24:13.071244+00:00,,,,,,,,,,,,,,,,,,,,,,,,,,,,
https://www.hud.gov/sites/documents/doc_8180.pdf,doc_8180.pdf,hud.gov,,705525,689.0 KB,pending,2026-03-13T12:24:13.073344+00:00,,,,,,,,,,,,,,,,,,,,,,,,,,,,
https://www.hud.gov/sites/documents/doc_8181.pdf,doc_8181.pdf,hud.gov,,274558,268.1 KB,pending,2026-03-13T12:24:13.074758+00:00,,,,,,,,,,,,,,,,,,,,,,,,,,,,
https://www.hud.gov/sites/documents/doc_8182.pdf,doc_8182.pdf,hud.gov,,291101,284.3 KB,pending,2026-03-13T12:24:13.076202+00:00,,,,,,,,,,,,,,,,,,,,,,,,,,,,
https://www.hud.gov/sites/documents/doc_8183.pdf,doc_8183.pdf,hud.gov,,140830,137.5 KB,pending,2026-03-13T12:24:13.077402+00:00,,,,,,,,,,,,,,,,,,,,,,,,,,,,
https://www.hud.gov/sites/documents/doc_8184.pdf,doc_8184.pdf,hud.gov,,1763672,1.7 MB,pending,2026-03-13T12:24:13.081177+00:00,,,,,,,,,,,,,,,,,,,,,,,,,,,,
https://www.hud.gov/sites/documents/doc_8185.pdf,doc_8185.pdf,hud.gov,,297271,290.3 KB,pending,2026-03-13T12:24:13.082669+00:00,,,,,,,,,,,,,,,,,,,,,,,,,,,,
https://www.hud.gov/sites/documents/doc_8186.pdf,doc_8186.pdf,hud.gov,,302404,295.3 KB,pending,2026-03-13T12:24:13.084143+00:00,,,,,,,,,,,,,,,,,,,,,,,,,,,,
https://www.hud.gov/sites/documents/doc_8187.pdf,doc_8187.pdf,hud.gov,,279531,273.0 KB,pending,2026-03-13T12:24:13.085584+00:00,,,,,,,,,,,,,,,,,,,,,,,,,,,,
https://www.hud.gov/sites/documents/doc_8188.pdf,doc_8188.pdf,hud.gov,,368840,360.2 KB,pending,2026-03-13T12:24:13.087161+00:00,,,,,,,,,,,,,,,,,,,,,,,,,,,,
https://www.hud.gov/sites/documents/doc_8189.pdf,doc_8189.pdf,hud.gov,,389930,380.8 KB,pending,2026-03-13T12:24:13.088755+00:00,,,,,,,,,,,,,,,,,,,,,,,,,,,,
https://www.hud.gov/sites/documents/doc_8190.pdf,doc_8190.pdf,hud.gov,,107688,105.2 KB,pending,2026-03-13T12:24:13.089914+00:00,,,,,,,,,,,,,,,,,,,,,,,,,,,,
https://www.hud.gov/sites/documents/doc_8191.pdf,doc_8191.pdf,hud.gov,,386129,377.1 KB,pending,2026-03-13T12:24:13.091493+00:00,,,,,,,,,,,,,,,,,,,,,,,,,,,,
https://www.hud.gov/sites/documents/doc_8192.pdf,doc_8192.pdf,hud.gov,,279541,273.0 KB,pending,2026-03-13T12:24:13.092920+00:00,,,,,,,,,,,,,,,,,,,,,,,,,,,,
https://www.hud.gov/sites/documents/doc_8193.pdf,doc_8193.pdf,hud.gov,,287810,281.1 KB,pending,2026-03-13T12:24:13.094359+00:00,,,,,,,,,,,,,,,,,,,,,,,,,,,,
https://www.hud.gov/sites/documents/doc_8194.pdf,doc_8194.pdf,hud.gov,,283173,276.5 KB,pending,2026-03-13T12:24:13.095790+00:00,,,,,,,,,,,,,,,,,,,,,,,,,,,,
https://www.hud.gov/sites/documents/doc_8195.pdf,doc_8195.pdf,hud.gov,,293155,286.3 KB,pending,2026-03-13T12:24:13.097240+00:00,,,,,,,,,,,,,,,,,,,,,,,,,,,,
https://www.hud.gov/sites/documents/doc_8196.pdf,doc_8196.pdf,hud.gov,,282840,276.2 KB,pending,2026-03-13T12:24:13.098660+00:00,,,,,,,,,,,,,,,,,,,,,,,,,,,,
https://www.hud.gov/sites/documents/doc_8197.pdf,doc_8197.pdf,hud.gov,,303421,296.3 KB,pending,2026-03-13T12:24:13.100122+00:00,,,,,,,,,,,,,,,,,,,,,,,,,,,,
https://www.hud.gov/sites/documents/doc_8198.pdf,doc_8198.pdf,hud.gov,,309317,302.1 KB,pending,2026-03-13T12:24:13.101585+00:00,,,,,,,,,,,,,,,,,,,,,,,,,,,,
https://www.hud.gov/sites/documents/doc_8199.pdf,doc_8199.pdf,hud.gov,,406318,396.8 KB,pending,2026-03-13T12:24:13.103212+00:00,,,,,,,,,,,,,,,,,,,,,,,,,,,,
https://www.hud.gov/sites/documents/doc_8200.pdf,doc_8200.pdf,hud.gov,,289946,283.2 KB,pending,2026-03-13T12:24:13.104647+00:00,,,,,,,,,,,,,,,,,,,,,,,,,,,,
https://www.hud.gov/sites/documents/doc_8201.pdf,doc_8201.pdf,hud.gov,,426386,416.4 KB,pending,2026-03-13T12:24:13.106326+00:00,,,,,,,,,,,,,,,,,,,,,,,,,,,,
https://www.hud.gov/sites/documents/doc_8202.pdf,doc_8202.pdf,hud.gov,,440390,430.1 KB,pending,2026-03-13T12:24:13.108015+00:00,,,,,,,,,,,,,,,,,,,,,,,,,,,,
https://www.hud.gov/sites/documents/doc_8203.pdf,doc_8203.pdf,hud.gov,,419644,409.8 KB,pending,2026-03-13T12:24:13.109664+00:00,,,,,,,,,,,,,,,,,,,,,,,,,,,,
https://www.hud.gov/sites/documents/doc_8204.pdf,doc_8204.pdf,hud.gov,,412370,402.7 KB,pending,2026-03-13T12:24:13.111307+00:00,,,,,,,,,,,,,,,,,,,,,,,,,,,,
https://www.hud.gov/sites/documents/doc_8205.pdf,doc_8205.pdf,hud.gov,,429528,419.5 KB,pending,2026-03-13T12:24:13.112985+00:00,,,,,,,,,,,,,,,,,,,,,,,,,,,,
https://www.hud.gov/sites/documents/doc_8206.pdf,doc_8206.pdf,hud.gov,,417059,407.3 KB,pending,2026-03-13T12:24:13.114642+00:00,,,,,,,,,,,,,,,,,,,,,,,,,,,,
https://www.hud.gov/sites/documents/doc_8207.pdf,doc_8207.pdf,hud.gov,,434928,424.7 KB,pending,2026-03-13T12:24:13.116319+00:00,,,,,,,,,,,,,,,,,,,,,,,,,,,,
https://www.hud.gov/sites/documents/doc_8208.pdf,doc_8208.pdf,hud.gov,,124423,121.5 KB,pending,2026-03-13T12:24:13.117491+00:00,,,,,,,,,,,,,,,,,,,,,,,,,,,,
https://www.hud.gov/sites/documents/doc_8209.pdf,doc_8209.pdf,hud.gov,,468644,457.7 KB,pending,2026-03-13T12:24:13.119225+00:00,,,,,,,,,,,,,,,,,,,,,,,,,,,,
https://www.hud.gov/sites/documents/doc_8210.pdf,doc_8210.pdf,hud.gov,,412598,402.9 KB,pending,2026-03-13T12:24:13.120860+00:00,,,,,,,,,,,,,,,,,,,,,,,,,,,,
https://www.hud.gov/sites/documents/doc_8211.pdf,doc_8211.pdf,hud.gov,,100356,98.0 KB,pending,2026-03-13T12:24:13.122005+00:00,,,,,,,,,,,,,,,,,,,,,,,,,,,,
https://www.hud.gov/sites/documents/doc_8212.pdf,doc_8212.pdf,hud.gov,,434207,424.0 KB,pending,2026-03-13T12:24:13.123665+00:00,,,,,,,,,,,,,,,,,,,,,,,,,,,,
https://www.hud.gov/sites/documents/doc_8213.pdf,doc_8213.pdf,hud.gov,,113235,110.6 KB,pending,2026-03-13T12:24:13.124840+00:00,,,,,,,,,,,,,,,,,,,,,,,,,,,,
https://www.hud.gov/sites/documents/doc_8214.pdf,doc_8214.pdf,hud.gov,,277500,271.0 KB,pending,2026-03-13T12:24:13.126271+00:00,,,,,,,,,,,,,,,,,,,,,,,,,,,,
https://www.hud.gov/sites/documents/doc_8215.pdf,doc_8215.pdf,hud.gov,,401096,391.7 KB,pending,2026-03-13T12:24:13.127949+00:00,,,,,,,,,,,,,,,,,,,,,,,,,,,,
https://www.hud.gov/sites/documents/doc_8216.pdf,doc_8216.pdf,hud.gov,,290335,283.5 KB,pending,2026-03-13T12:24:13.129400+00:00,,,,,,,,,,,,,,,,,,,,,,,,,,,,
https://www.hud.gov/sites/documents/doc_8217.pdf,doc_8217.pdf,hud.gov,,289250,282.5 KB,pending,2026-03-13T12:24:13.130846+00:00,,,,,,,,,,,,,,,,,,,,,,,,,,,,
https://www.hud.gov/sites/documents/doc_8221.pdf,doc_8221.pdf,hud.gov,,826243,806.9 KB,pending,2026-03-13T12:24:13.133133+00:00,,,,,,,,,,,,,,,,,,,,,,,,,,,,
https://www.hud.gov/sites/documents/doc_8224.pdf,doc_8224.pdf,hud.gov,,827311,807.9 KB,pending,2026-03-13T12:24:13.135427+00:00,,,,,,,,,,,,,,,,,,,,,,,,,,,,
https://www.hud.gov/sites/documents/doc_8225.pdf,doc_8225.pdf,hud.gov,,702200,685.7 KB,pending,2026-03-13T12:24:13.137532+00:00,,,,,,,,,,,,,,,,,,,,,,,,,,,,
https://www.hud.gov/sites/documents/doc_8226.pdf,doc_8226.pdf,hud.gov,,50486,49.3 KB,pending,2026-03-13T12:24:13.138603+00:00,,,,,,,,,,,,,,,,,,,,,,,,,,,,
https://www.hud.gov/sites/documents/doc_8227.pdf,doc_8227.pdf,hud.gov,,439771,429.5 KB,pending,2026-03-13T12:24:13.140293+00:00,,,,,,,,,,,,,,,,,,,,,,,,,,,,
https://www.hud.gov/sites/documents/doc_8228.pdf,doc_8228.pdf,hud.gov,,431663,421.5 KB,pending,2026-03-13T12:24:13.141971+00:00,,,,,,,,,,,,,,,,,,,,,,,,,,,,
https://www.hud.gov/sites/documents/doc_8229.pdf,doc_8229.pdf,hud.gov,,595998,582.0 KB,pending,2026-03-13T12:24:13.143914+00:00,,,,,,,,,,,,,,,,,,,,,,,,,,,,
https://www.hud.gov/sites/documents/doc_8230.pdf,doc_8230.pdf,hud.gov,,48944,47.8 KB,pending,2026-03-13T12:24:13.144973+00:00,,,,,,,,,,,,,,,,,,,,,,,,,,,,
https://www.hud.gov/sites/documents/doc_8231.pdf,doc_8231.pdf,hud.gov,,130774,127.7 KB,pending,2026-03-13T12:24:13.146159+00:00,,,,,,,,,,,,,,,,,,,,,,,,,,,,
https://www.hud.gov/sites/documents/doc_8232.pdf,doc_8232.pdf,hud.gov,,230244,224.8 KB,pending,2026-03-13T12:24:13.147755+00:00,,,,,,,,,,,,,,,,,,,,,,,,,,,,
https://www.hud.gov/sites/documents/doc_8233.pdf,doc_8233.pdf,hud.gov,,791292,772.7 KB,pending,2026-03-13T12:24:13.150068+00:00,,,,,,,,,,,,,,,,,,,,,,,,,,,,
https://www.hud.gov/sites/documents/doc_8234.pdf,doc_8234.pdf,hud.gov,,789611,771.1 KB,pending,2026-03-13T12:24:13.152353+00:00,,,,,,,,,,,,,,,,,,,,,,,,,,,,
https://www.hud.gov/sites/documents/doc_8235.pdf,doc_8235.pdf,hud.gov,,385531,376.5 KB,pending,2026-03-13T12:24:13.154005+00:00,,,,,,,,,,,,,,,,,,,,,,,,,,,,
https://www.hud.gov/sites/documents/doc_8236.pdf,doc_8236.pdf,hud.gov,,149759,146.2 KB,pending,2026-03-13T12:24:13.155233+00:00,,,,,,,,,,,,,,,,,,,,,,,,,,,,
https://www.hud.gov/sites/documents/doc_8237.pdf,doc_8237.pdf,hud.gov,,437909,427.6 KB,pending,2026-03-13T12:24:13.156912+00:00,,,,,,,,,,,,,,,,,,,,,,,,,,,,
https://www.hud.gov/sites/documents/doc_8238.pdf,doc_8238.pdf,hud.gov,,126559,123.6 KB,pending,2026-03-13T12:24:13.158103+00:00,,,,,,,,,,,,,,,,,,,,,,,,,,,,
https://www.hud.gov/sites/documents/doc_8239.pdf,doc_8239.pdf,hud.gov,,66861,65.3 KB,pending,2026-03-13T12:24:13.159205+00:00,,,,,,,,,,,,,,,,,,,,,,,,,,,,
https://www.hud.gov/sites/documents/doc_8240.pdf,doc_8240.pdf,hud.gov,,456169,445.5 KB,pending,2026-03-13T12:24:13.160911+00:00,,,,,,,,,,,,,,,,,,,,,,,,,,,,
https://www.hud.gov/sites/documents/doc_8242.pdf,doc_8242.pdf,hud.gov,,482469,471.2 KB,pending,2026-03-13T12:24:13.162674+00:00,,,,,,,,,,,,,,,,,,,,,,,,,,,,
https://www.hud.gov/sites/documents/doc_8244.pdf,doc_8244.pdf,hud.gov,,21082,20.6 KB,pending,2026-03-13T12:24:13.163705+00:00,,,,,,,,,,,,,,,,,,,,,,,,,,,,
https://www.hud.gov/sites/documents/doc_8245.pdf,doc_8245.pdf,hud.gov,,25354,24.8 KB,pending,2026-03-13T12:24:13.164730+00:00,,,,,,,,,,,,,,,,,,,,,,,,,,,,
https://www.hud.gov/sites/documents/doc_8246.pdf,doc_8246.pdf,hud.gov,,22196,21.7 KB,pending,2026-03-13T12:24:13.165749+00:00,,,,,,,,,,,,,,,,,,,,,,,,,,,,
https://www.hud.gov/sites/documents/doc_8247.pdf,doc_8247.pdf,hud.gov,,44846,43.8 KB,pending,2026-03-13T12:24:13.166798+00:00,,,,,,,,,,,,,,,,,,,,,,,,,,,,
https://www.hud.gov/sites/documents/doc_8248.pdf,doc_8248.pdf,hud.gov,,32063,31.3 KB,pending,2026-03-13T12:24:13.167837+00:00,,,,,,,,,,,,,,,,,,,,,,,,,,,,
https://www.hud.gov/sites/documents/doc_8249.pdf,doc_8249.pdf,hud.gov,,1763672,1.7 MB,pending,2026-03-13T12:24:13.171616+00:00,,,,,,,,,,,,,,,,,,,,,,,,,,,,
https://www.hud.gov/sites/documents/doc_8250.pdf,doc_8250.pdf,hud.gov,,27932,27.3 KB,pending,2026-03-13T12:24:13.172703+00:00,,,,,,,,,,,,,,,,,,,,,,,,,,,,
https://www.hud.gov/sites/documents/doc_8251.pdf,doc_8251.pdf,hud.gov,,11340,11.1 KB,pending,2026-03-13T12:24:13.173725+00:00,,,,,,,,,,,,,,,,,,,,,,,,,,,,
https://www.hud.gov/sites/documents/doc_8252.pdf,doc_8252.pdf,hud.gov,,11631,11.4 KB,pending,2026-03-13T12:24:13.174735+00:00,,,,,,,,,,,,,,,,,,,,,,,,,,,,
https://www.hud.gov/sites/documents/doc_8253.pdf,doc_8253.pdf,hud.gov,,45654,44.6 KB,pending,2026-03-13T12:24:13.175794+00:00,,,,,,,,,,,,,,,,,,,,,,,,,,,,
https://www.hud.gov/sites/documents/doc_8254.pdf,doc_8254.pdf,hud.gov,,204608,199.8 KB,pending,2026-03-13T12:24:13.177107+00:00,,,,,,,,,,,,,,,,,,,,,,,,,,,,
https://www.hud.gov/sites/documents/doc_8255.pdf,doc_8255.pdf,hud.gov,,49016,47.9 KB,pending,2026-03-13T12:24:13.178162+00:00,,,,,,,,,,,,,,,,,,,,,,,,,,,,
https://www.hud.gov/sites/documents/doc_8257.pdf,doc_8257.pdf,hud.gov,,10728,10.5 KB,pending,2026-03-13T12:24:13.179156+00:00,,,,,,,,,,,,,,,,,,,,,,,,,,,,
https://www.hud.gov/sites/documents/doc_8258.pdf,doc_8258.pdf,hud.gov,,47879,46.8 KB,pending,2026-03-13T12:24:13.180211+00:00,,,,,,,,,,,,,,,,,,,,,,,,,,,,
https://www.hud.gov/sites/documents/doc_8259.pdf,doc_8259.pdf,hud.gov,,39815,38.9 KB,pending,2026-03-13T12:24:13.181254+00:00,,,,,,,,,,,,,,,,,,,,,,,,,,,,
https://www.hud.gov/sites/documents/doc_8260.pdf,doc_8260.pdf,hud.gov,,45447,44.4 KB,pending,2026-03-13T12:24:13.182306+00:00,,,,,,,,,,,,,,,,,,,,,,,,,,,,
https://www.hud.gov/sites/documents/doc_8261.pdf,doc_8261.pdf,hud.gov,,47049,45.9 KB,pending,2026-03-13T12:24:13.183364+00:00,,,,,,,,,,,,,,,,,,,,,,,,,,,,
https://www.hud.gov/sites/documents/doc_8262.pdf,doc_8262.pdf,hud.gov,,141583,138.3 KB,pending,2026-03-13T12:24:13.184587+00:00,,,,,,,,,,,,,,,,,,,,,,,,,,,,
https://www.hud.gov/sites/documents/doc_8263.pdf,doc_8263.pdf,hud.gov,,37767,36.9 KB,pending,2026-03-13T12:24:13.185637+00:00,,,,,,,,,,,,,,,,,,,,,,,,,,,,
https://www.hud.gov/sites/documents/doc_8264.pdf,doc_8264.pdf,hud.gov,,48225,47.1 KB,pending,2026-03-13T12:24:13.186695+00:00,,,,,,,,,,,,,,,,,,,,,,,,,,,,
https://www.hud.gov/sites/documents/doc_8265.pdf,doc_8265.pdf,hud.gov,,42226,41.2 KB,pending,2026-03-13T12:24:13.187739+00:00,,,,,,,,,,,,,,,,,,,,,,,,,,,,
https://www.hud.gov/sites/documents/doc_8266.pdf,doc_8266.pdf,hud.gov,,100106,97.8 KB,pending,2026-03-13T12:24:13.188894+00:00,,,,,,,,,,,,,,,,,,,,,,,,,,,,
https://www.hud.gov/sites/documents/doc_8267.pdf,doc_8267.pdf,hud.gov,,84248,82.3 KB,pending,2026-03-13T12:24:13.190022+00:00,,,,,,,,,,,,,,,,,,,,,,,,,,,,
https://www.hud.gov/sites/documents/doc_8268.pdf,doc_8268.pdf,hud.gov,,73428,71.7 KB,pending,2026-03-13T12:24:13.191137+00:00,,,,,,,,,,,,,,,,,,,,,,,,,,,,
https://www.hud.gov/sites/documents/doc_8269.pdf,doc_8269.pdf,hud.gov,,72775,71.1 KB,pending,2026-03-13T12:24:13.192235+00:00,,,,,,,,,,,,,,,,,,,,,,,,,,,,
https://www.hud.gov/sites/documents/doc_8270.pdf,doc_8270.pdf,hud.gov,,59924,58.5 KB,pending,2026-03-13T12:24:13.193311+00:00,,,,,,,,,,,,,,,,,,,,,,,,,,,,
https://www.hud.gov/sites/documents/doc_8271.pdf,doc_8271.pdf,hud.gov,,78684,76.8 KB,pending,2026-03-13T12:24:13.194415+00:00,,,,,,,,,,,,,,,,,,,,,,,,,,,,
https://www.hud.gov/sites/documents/doc_8272.pdf,doc_8272.pdf,hud.gov,,50174,49.0 KB,pending,2026-03-13T12:24:13.195476+00:00,,,,,,,,,,,,,,,,,,,,,,,,,,,,
https://www.hud.gov/sites/documents/doc_8273.pdf,doc_8273.pdf,hud.gov,,55961,54.6 KB,pending,2026-03-13T12:24:13.196546+00:00,,,,,,,,,,,,,,,,,,,,,,,,,,,,
https://www.hud.gov/sites/documents/doc_8274.pdf,doc_8274.pdf,hud.gov,,39186,38.3 KB,pending,2026-03-13T12:24:13.197587+00:00,,,,,,,,,,,,,,,,,,,,,,,,,,,,
https://www.hud.gov/sites/documents/doc_8275.pdf,doc_8275.pdf,hud.gov,,52312,51.1 KB,pending,2026-03-13T12:24:13.198675+00:00,,,,,,,,,,,,,,,,,,,,,,,,,,,,
https://www.hud.gov/sites/documents/doc_8276.pdf,doc_8276.pdf,hud.gov,,42449,41.5 KB,pending,2026-03-13T12:24:13.199769+00:00,,,,,,,,,,,,,,,,,,,,,,,,,,,,
https://www.hud.gov/sites/documents/doc_8277.pdf,doc_8277.pdf,hud.gov,,44356,43.3 KB,pending,2026-03-13T12:24:13.200844+00:00,,,,,,,,,,,,,,,,,,,,,,,,,,,,
https://www.hud.gov/sites/documents/doc_8278.pdf,doc_8278.pdf,hud.gov,,44839,43.8 KB,pending,2026-03-13T12:24:13.201909+00:00,,,,,,,,,,,,,,,,,,,,,,,,,,,,
https://www.hud.gov/sites/documents/doc_8279.pdf,doc_8279.pdf,hud.gov,,105519,103.0 KB,pending,2026-03-13T12:24:13.203065+00:00,,,,,,,,,,,,,,,,,,,,,,,,,,,,
https://www.hud.gov/sites/documents/doc_8280.pdf,doc_8280.pdf,hud.gov,,52539,51.3 KB,pending,2026-03-13T12:24:13.204128+00:00,,,,,,,,,,,,,,,,,,,,,,,,,,,,
https://www.hud.gov/sites/documents/doc_8281.pdf,doc_8281.pdf,hud.gov,,50604,49.4 KB,pending,2026-03-13T12:24:13.205186+00:00,,,,,,,,,,,,,,,,,,,,,,,,,,,,
https://www.hud.gov/sites/documents/doc_8282.pdf,doc_8282.pdf,hud.gov,,38457,37.6 KB,pending,2026-03-13T12:24:13.206250+00:00,,,,,,,,,,,,,,,,,,,,,,,,,,,,
https://www.hud.gov/sites/documents/doc_8283.pdf,doc_8283.pdf,hud.gov,,74277,72.5 KB,pending,2026-03-13T12:24:13.207354+00:00,,,,,,,,,,,,,,,,,,,,,,,,,,,,
https://www.hud.gov/sites/documents/doc_8284.pdf,doc_8284.pdf,hud.gov,,62778,61.3 KB,pending,2026-03-13T12:24:13.208432+00:00,,,,,,,,,,,,,,,,,,,,,,,,,,,,
https://www.hud.gov/sites/documents/doc_8285.pdf,doc_8285.pdf,hud.gov,,52813,51.6 KB,pending,2026-03-13T12:24:13.209513+00:00,,,,,,,,,,,,,,,,,,,,,,,,,,,,
https://www.hud.gov/sites/documents/doc_8286.pdf,doc_8286.pdf,hud.gov,,50086,48.9 KB,pending,2026-03-13T12:24:13.210576+00:00,,,,,,,,,,,,,,,,,,,,,,,,,,,,
https://www.hud.gov/sites/documents/doc_8287.pdf,doc_8287.pdf,hud.gov,,121384,118.5 KB,pending,2026-03-13T12:24:13.211754+00:00,,,,,,,,,,,,,,,,,,,,,,,,,,,,
https://www.hud.gov/sites/documents/doc_8288.pdf,doc_8288.pdf,hud.gov,,43029,42.0 KB,pending,2026-03-13T12:24:13.212798+00:00,,,,,,,,,,,,,,,,,,,,,,,,,,,,
https://www.hud.gov/sites/documents/doc_8289.pdf,doc_8289.pdf,hud.gov,,52710,51.5 KB,pending,2026-03-13T12:24:13.213879+00:00,,,,,,,,,,,,,,,,,,,,,,,,,,,,
https://www.hud.gov/sites/documents/doc_8290.pdf,doc_8290.pdf,hud.gov,,67118,65.5 KB,pending,2026-03-13T12:24:13.214978+00:00,,,,,,,,,,,,,,,,,,,,,,,,,,,,
https://www.hud.gov/sites/documents/doc_8291.pdf,doc_8291.pdf,hud.gov,,43899,42.9 KB,pending,2026-03-13T12:24:13.216029+00:00,,,,,,,,,,,,,,,,,,,,,,,,,,,,
https://www.hud.gov/sites/documents/doc_8292.pdf,doc_8292.pdf,hud.gov,,47165,46.1 KB,pending,2026-03-13T12:24:13.217088+00:00,,,,,,,,,,,,,,,,,,,,,,,,,,,,
https://www.hud.gov/sites/documents/doc_8293.pdf,doc_8293.pdf,hud.gov,,53425,52.2 KB,pending,2026-03-13T12:24:13.218182+00:00,,,,,,,,,,,,,,,,,,,,,,,,,,,,
https://www.hud.gov/sites/documents/doc_8294.pdf,doc_8294.pdf,hud.gov,,56364,55.0 KB,pending,2026-03-13T12:24:13.219253+00:00,,,,,,,,,,,,,,,,,,,,,,,,,,,,
https://www.hud.gov/sites/documents/doc_8295.pdf,doc_8295.pdf,hud.gov,,57075,55.7 KB,pending,2026-03-13T12:24:13.220322+00:00,,,,,,,,,,,,,,,,,,,,,,,,,,,,
https://www.hud.gov/sites/documents/doc_8296.pdf,doc_8296.pdf,hud.gov,,68723,67.1 KB,pending,2026-03-13T12:24:13.221412+00:00,,,,,,,,,,,,,,,,,,,,,,,,,,,,
https://www.hud.gov/sites/documents/doc_8297.pdf,doc_8297.pdf,hud.gov,,70676,69.0 KB,pending,2026-03-13T12:24:13.222530+00:00,,,,,,,,,,,,,,,,,,,,,,,,,,,,
https://www.hud.gov/sites/documents/doc_8298.pdf,doc_8298.pdf,hud.gov,,59838,58.4 KB,pending,2026-03-13T12:24:13.223608+00:00,,,,,,,,,,,,,,,,,,,,,,,,,,,,
https://www.hud.gov/sites/documents/ffr-instructions.pdf,ffr-instructions.pdf,hud.gov,,53974,52.7 KB,pending,2026-03-13T12:24:13.226558+00:00,,,,,,,,,,,,,,,,,,,,,,,,,,,,
https://www.hud.gov/sites/documents/guidance2012-03.pdf,guidance2012-03.pdf,hud.gov,,87811,85.8 KB,pending,2026-03-13T12:24:13.244676+00:00,,,,,,,,,,,,,,,,,,,,,,,,,,,,
https://www.hud.gov/sites/documents/sf425-instructions.pdf,sf425-instructions.pdf,hud.gov,,62342,60.9 KB,pending,2026-03-13T12:24:13.263126+00:00,,,,,,,,,,,,,,,,,,,,,,,,,,,,
https://www.hud.gov/sites/documents/00-1cat.pdf,00-1cat.pdf,hud.gov,,541096,528.4 KB,pending,2026-07-10T14:12:37.969467+00:00,,,,,,,,,,,,,,,,,,,,,,,,,,,,
https://www.hud.gov/sites/documents/00-23pihnatt.pdf,00-23pihnatt.pdf,hud.gov,,10991,10.7 KB,pending,2026-07-10T14:12:37.974032+00:00,,,,,,,,,,,,,,,,,,,,,,,,,,,,
https://www.hud.gov/sites/documents/01-42pihn.pdf,01-42pihn.pdf,hud.gov,,103744,101.3 KB,pending,2026-07-10T14:12:37.978416+00:00,,,,,,,,,,,,,,,,,,,,,,,,,,,,
https://www.hud.gov/sites/documents/03-08pihnatt.pdf,03-08pihnatt.pdf,hud.gov,,581788,568.2 KB,pending,2026-07-10T14:12:37.981836+00:00,,,,,,,,,,,,,,,,,,,,,,,,,,,,
https://www.hud.gov/sites/documents/05-1pihn.pdf,05-1pihn.pdf,hud.gov,,153478,149.9 KB,pending,2026-07-10T14:12:37.984115+00:00,,,,,,,,,,,,,,,,,,,,,,,,,,,,
https://www.hud.gov/sites/documents/05-22pihn.pdf,05-22pihn.pdf,hud.gov,,181350,177.1 KB,pending,2026-07-10T14:12:37.986462+00:00,,,,,,,,,,,,,,,,,,,,,,,,,,,,
https://www.hud.gov/sites/documents/05-8pihn.pdf,05-8pihn.pdf,hud.gov,,33273,32.5 KB,pending,2026-07-10T14:12:37.988447+00:00,,,,,,,,,,,,,,,,,,,,,,,,,,,,
https://www.hud.gov/sites/documents/06-20pihn.pdf,06-20pihn.pdf,hud.gov,,43508,42.5 KB,pending,2026-07-10T14:12:37.990464+00:00,,,,,,,,,,,,,,,,,,,,,,,,,,,,
https://www.hud.gov/sites/default/files/hudclips/documents/06-21-1483-6-TX-Housers-Determination-Redacted.pdf,06-21-1483-6-TX-Housers-Determination-Redacted.pdf,hud.gov,,159454,155.7 KB,pending,2026-07-10T14:12:37.992738+00:00,,,,,,,,,,,,,,,,,,,,,,,,,,,,
https://www.hud.gov/sites/documents/08-1cion.pdf,08-1cion.pdf,hud.gov,,715040,698.3 KB,pending,2026-07-10T14:12:37.997984+00:00,,,,,,,,,,,,,,,,,,,,,,,,,,,,
https://www.hud.gov/sites/documents/08-6cion.pdf,08-6cion.pdf,hud.gov,,341621,333.6 KB,pending,2026-07-10T14:12:38.000677+00:00,,,,,,,,,,,,,,,,,,,,,,,,,,,,
https://www.hud.gov/sites/documents/09-02cion.pdf,09-02cion.pdf,hud.gov,,350632,342.4 KB,pending,2026-07-10T14:12:38.003412+00:00,,,,,,,,,,,,,,,,,,,,,,,,,,,,
https://www.hud.gov/sites/documents/09-17pihn.pdf,09-17pihn.pdf,hud.gov,,38860,37.9 KB,pending,2026-07-10T14:12:38.005414+00:00,,,,,,,,,,,,,,,,,,,,,,,,,,,,
https://www.hud.gov/sites/documents/11-13pihncapf.pdf,11-13pihncapf.pdf,hud.gov,,90036,87.9 KB,pending,2026-07-10T14:12:38.008564+00:00,,,,,,,,,,,,,,,,,,,,,,,,,,,,
https://www.hud.gov/sites/documents/11-13pihnfass.pdf,11-13pihnfass.pdf,hud.gov,,129064,126.0 KB,pending,2026-07-10T14:12:38.010780+00:00,,,,,,,,,,,,,,,,,,,,,,,,,,,,
https://www.hud.gov/sites/documents/11-13pihnmass.pdf,11-13pihnmass.pdf,hud.gov,,103113,100.7 KB,pending,2026-07-10T14:12:38.012920+00:00,,,,,,,,,,,,,,,,,,,,,,,,,,,,
https://www.hud.gov/sites/documents/11-13pihnpass.pdf,11-13pihnpass.pdf,hud.gov,,188377,184.0 KB,pending,2026-07-10T14:12:38.015256+00:00,,,,,,,,,,,,,,,,,,,,,,,,,,,,
https://www.hud.gov/sites/documents/11-13pihnphas.pdf,11-13pihnphas.pdf,hud.gov,,524202,511.9 KB,pending,2026-07-10T14:12:38.018375+00:00,,,,,,,,,,,,,,,,,,,,,,,,,,,,
https://www.hud.gov/sites/documents/11-21pihnatch1.pdf,11-21pihnatch1.pdf,hud.gov,,125488,122.5 KB,pending,2026-07-10T14:12:38.020571+00:00,,,,,,,,,,,,,,,,,,,,,,,,,,,,
https://www.hud.gov/sites/documents/11-21pihnatch2.pdf,11-21pihnatch2.pdf,hud.gov,,16829,16.4 KB,pending,2026-07-10T14:12:38.022545+00:00,,,,,,,,,,,,,,,,,,,,,,,,,,,,
https://www.hud.gov/sites/documents/11-21pihnatch3.pdf,11-21pihnatch3.pdf,hud.gov,,223915,218.7 KB,pending,2026-07-10T14:12:38.024965+00:00,,,,,,,,,,,,,,,,,,,,,,,,,,,,
https://www.hud.gov/sites/documents/11-21pihnatch5.pdf,11-21pihnatch5.pdf,hud.gov,,131443,128.4 KB,pending,2026-07-10T14:12:38.027187+00:00,,,,,,,,,,,,,,,,,,,,,,,,,,,,
https://www.hud.gov/sites/documents/11-21pihnatch6.pdf,11-21pihnatch6.pdf,hud.gov,,108146,105.6 KB,pending,2026-07-10T14:12:38.029351+00:00,,,,,,,,,,,,,,,,,,,,,,,,,,,,
https://www.hud.gov/sites/documents/11-21pihnatch7.pdf,11-21pihnatch7.pdf,hud.gov,,255091,249.1 KB,pending,2026-07-10T14:12:38.031848+00:00,,,,,,,,,,,,,,,,,,,,,,,,,,,,
https://www.hud.gov/sites/documents/11-21pihnatch8.pdf,11-21pihnatch8.pdf,hud.gov,,92383,90.2 KB,pending,2026-07-10T14:12:38.033959+00:00,,,,,,,,,,,,,,,,,,,,,,,,,,,,
https://www.hud.gov/sites/dfiles/documents/11-57pihn.pdf,11-57pihn.pdf,hud.gov,,230237,224.8 KB,pending,2026-07-10T14:12:38.036402+00:00,,,,,,,,,,,,,,,,,,,,,,,,,,,,
https://www.hud.gov/sites/documents/11882.pdf,11882.pdf,hud.gov,,311129,303.8 KB,pending,2026-07-10T14:12:38.039011+00:00,,,,,,,,,,,,,,,,,,,,,,,,,,,,
https://www.hud.gov/sites/documents/12-09hsgn12-22pihn.pdf,12-09hsgn12-22pihn.pdf,hud.gov,,122696,119.8 KB,pending,2026-07-10T14:12:38.042334+00:00,,,,,,,,,,,,,,,,,,,,,,,,,,,,
https://www.hud.gov/sites/documents/12-10pihn.pdf,12-10pihn.pdf,hud.gov,,319175,311.7 KB,pending,2026-07-10T14:12:38.045012+00:00,,,,,,,,,,,,,,,,,,,,,,,,,,,,
https://www.hud.gov/sites/documents/12-21pihn.pdf,12-21pihn.pdf,hud.gov,,64749,63.2 KB,pending,2026-07-10T14:12:38.047127+00:00,,,,,,,,,,,,,,,,,,,,,,,,,,,,
https://www.hud.gov/sites/documents/12-23pihn.pdf,12-23pihn.pdf,hud.gov,,52774,51.5 KB,pending,2026-07-10T14:12:38.049201+00:00,,,,,,,,,,,,,,,,,,,,,,,,,,,,
https://www.hud.gov/sites/documents/12-24pihn.pdf,12-24pihn.pdf,hud.gov,,29019,28.3 KB,pending,2026-07-10T14:12:38.051188+00:00,,,,,,,,,,,,,,,,,,,,,,,,,,,,
https://www.hud.gov/sites/documents/12-26pihn.pdf,12-26pihn.pdf,hud.gov,,18166,17.7 KB,pending,2026-07-10T14:12:38.053137+00:00,,,,,,,,,,,,,,,,,,,,,,,,,,,,
https://www.hud.gov/sites/documents/12-28pihn-atch.pdf,12-28pihn-atch.pdf,hud.gov,,578106,564.6 KB,pending,2026-07-10T14:12:38.056351+00:00,,,,,,,,,,,,,,,,,,,,,,,,,,,,
https://www.hud.gov/sites/documents/12-28pihn12-11hsgn.pdf,12-28pihn12-11hsgn.pdf,hud.gov,,700250,683.8 KB,pending,2026-07-10T14:12:38.059855+00:00,,,,,,,,,,,,,,,,,,,,,,,,,,,,
https://www.hud.gov/sites/documents/12-29pihn.pdf,12-29pihn.pdf,hud.gov,,14754,14.4 KB,pending,2026-07-10T14:12:38.061812+00:00,,,,,,,,,,,,,,,,,,,,,,,,,,,,
https://www.hud.gov/sites/documents/12-31pihn.pdf,12-31pihn.pdf,hud.gov,,31848,31.1 KB,pending,2026-07-10T14:12:38.063791+00:00,,,,,,,,,,,,,,,,,,,,,,,,,,,,
https://www.hud.gov/sites/documents/12-33pihn.pdf,12-33pihn.pdf,hud.gov,,13925,13.6 KB,pending,2026-07-10T14:12:38.065741+00:00,,,,,,,,,,,,,,,,,,,,,,,,,,,,
https://www.hud.gov/sites/documents/12-34pihn.pdf,12-34pihn.pdf,hud.gov,,38685,37.8 KB,pending,2026-07-10T14:12:38.067753+00:00,,,,,,,,,,,,,,,,,,,,,,,,,,,,
https://www.hud.gov/sites/documents/12-37pihn.pdf,12-37pihn.pdf,hud.gov,,11500,11.2 KB,pending,2026-07-10T14:12:38.069697+00:00,,,,,,,,,,,,,,,,,,,,,,,,,,,,
https://www.hud.gov/sites/documents/12-39pihn.pdf,12-39pihn.pdf,hud.gov,,323113,315.5 KB,pending,2026-07-10T14:12:38.072333+00:00,,,,,,,,,,,,,,,,,,,,,,,,,,,,
https://www.hud.gov/sites/documents/12-40pihn.pdf,12-40pihn.pdf,hud.gov,,19769,19.3 KB,pending,2026-07-10T14:12:38.074286+00:00,,,,,,,,,,,,,,,,,,,,,,,,,,,,
https://www.hud.gov/sites/documents/12-41pihn.pdf,12-41pihn.pdf,hud.gov,,47704,46.6 KB,pending,2026-07-10T14:12:38.076294+00:00,,,,,,,,,,,,,,,,,,,,,,,,,,,,
https://www.hud.gov/sites/documents/12-42pihn.pdf,12-42pihn.pdf,hud.gov,,87716,85.7 KB,pending,2026-07-10T14:12:38.078422+00:00,,,,,,,,,,,,,,,,,,,,,,,,,,,,
https://www.hud.gov/sites/documents/12-44pihn.pdf,12-44pihn.pdf,hud.gov,,109560,107.0 KB,pending,2026-07-10T14:12:38.080577+00:00,,,,,,,,,,,,,,,,,,,,,,,,,,,,
https://www.hud.gov/sites/documents/12-45pihn.pdf,12-45pihn.pdf,hud.gov,,29870,29.2 KB,pending,2026-07-10T14:12:38.082568+00:00,,,,,,,,,,,,,,,,,,,,,,,,,,,,
https://www.hud.gov/sites/documents/12-48pihn.pdf,12-48pihn.pdf,hud.gov,,40066,39.1 KB,pending,2026-07-10T14:12:38.084565+00:00,,,,,,,,,,,,,,,,,,,,,,,,,,,,
https://www.hud.gov/sites/documents/13-02pihn.pdf,13-02pihn.pdf,hud.gov,,112199,109.6 KB,pending,2026-07-10T14:12:38.086724+00:00,,,,,,,,,,,,,,,,,,,,,,,,,,,,
https://www.hud.gov/sites/documents/13-04pihn.pdf,13-04pihn.pdf,hud.gov,,25719,25.1 KB,pending,2026-07-10T14:12:38.088695+00:00,,,,,,,,,,,,,,,,,,,,,,,,,,,,
https://www.hud.gov/sites/documents/13-05pihn.pdf,13-05pihn.pdf,hud.gov,,13866,13.5 KB,pending,2026-07-10T14:12:38.090682+00:00,,,,,,,,,,,,,,,,,,,,,,,,,,,,
https://www.hud.gov/sites/documents/13-06pihn.pdf,13-06pihn.pdf,hud.gov,,75578,73.8 KB,pending,2026-07-10T14:12:38.092763+00:00,,,,,,,,,,,,,,,,,,,,,,,,,,,,
https://www.hud.gov/sites/documents/13-07pihn.pdf,13-07pihn.pdf,hud.gov,,273292,266.9 KB,pending,2026-07-10T14:12:38.095284+00:00,,,,,,,,,,,,,,,,,,,,,,,,,,,,
https://www.hud.gov/sites/documents/13-09pihn.pdf,13-09pihn.pdf,hud.gov,,13129,12.8 KB,pending,2026-07-10T14:12:38.097240+00:00,,,,,,,,,,,,,,,,,,,,,,,,,,,,
https://www.hud.gov/sites/documents/13-10pihn.pdf,13-10pihn.pdf,hud.gov,,30096,29.4 KB,pending,2026-07-10T14:12:38.099228+00:00,,,,,,,,,,,,,,,,,,,,,,,,,,,,
https://www.hud.gov/sites/documents/13-11pihn.pdf,13-11pihn.pdf,hud.gov,,221154,216.0 KB,pending,2026-07-10T14:12:38.101646+00:00,,,,,,,,,,,,,,,,,,,,,,,,,,,,
https://www.hud.gov/sites/documents/13-13pihn.pdf,13-13pihn.pdf,hud.gov,,16432,16.0 KB,pending,2026-07-10T14:12:38.103724+00:00,,,,,,,,,,,,,,,,,,,,,,,,,,,,
https://www.hud.gov/sites/documents/13-15pihn.pdf,13-15pihn.pdf,hud.gov,,275162,268.7 KB,pending,2026-07-10T14:12:38.106280+00:00,,,,,,,,,,,,,,,,,,,,,,,,,,,,
https://www.hud.gov/sites/documents/13-17pihn.pdf,13-17pihn.pdf,hud.gov,,39794,38.9 KB,pending,2026-07-10T14:12:38.108285+00:00,,,,,,,,,,,,,,,,,,,,,,,,,,,,
https://www.hud.gov/sites/documents/13-18pihn.pdf,13-18pihn.pdf,hud.gov,,23237,22.7 KB,pending,2026-07-10T14:12:38.110241+00:00,,,,,,,,,,,,,,,,,,,,,,,,,,,,
https://www.hud.gov/sites/documents/13-19pihn.pdf,13-19pihn.pdf,hud.gov,,78557,76.7 KB,pending,2026-07-10T14:12:38.112344+00:00,,,,,,,,,,,,,,,,,,,,,,,,,,,,
https://www.hud.gov/sites/documents/13-20pihn.pdf,13-20pihn.pdf,hud.gov,,18332,17.9 KB,pending,2026-07-10T14:12:38.114292+00:00,,,,,,,,,,,,,,,,,,,,,,,,,,,,
https://www.hud.gov/sites/documents/13-21pihn.pdf,13-21pihn.pdf,hud.gov,,38005,37.1 KB,pending,2026-07-10T14:12:38.116281+00:00,,,,,,,,,,,,,,,,,,,,,,,,,,,,
https://www.hud.gov/sites/documents/13-22pihn.pdf,13-22pihn.pdf,hud.gov,,14522,14.2 KB,pending,2026-07-10T14:12:38.118217+00:00,,,,,,,,,,,,,,,,,,,,,,,,,,,,
https://www.hud.gov/sites/documents/13-23pihn.pdf,13-23pihn.pdf,hud.gov,,95777,93.5 KB,pending,2026-07-10T14:12:38.120336+00:00,,,,,,,,,,,,,,,,,,,,,,,,,,,,
https://www.hud.gov/sites/documents/13-26pihn.pdf,13-26pihn.pdf,hud.gov,,14422,14.1 KB,pending,2026-07-10T14:12:38.122317+00:00,,,,,,,,,,,,,,,,,,,,,,,,,,,,
https://www.hud.gov/sites/documents/13-27pihn.pdf,13-27pihn.pdf,hud.gov,,39884,38.9 KB,pending,2026-07-10T14:12:38.124319+00:00,,,,,,,,,,,,,,,,,,,,,,,,,,,,
https://www.hud.gov/sites/documents/13-28pihn.pdf,13-28pihn.pdf,hud.gov,,47639,46.5 KB,pending,2026-07-10T14:12:38.126342+00:00,,,,,,,,,,,,,,,,,,,,,,,,,,,,
https://www.hud.gov/sites/documents/13-29pihn.pdf,13-29pihn.pdf,hud.gov,,12600,12.3 KB,pending,2026-07-10T14:12:38.128280+00:00,,,,,,,,,,,,,,,,,,,,,,,,,,,,
https://www.hud.gov/sites/documents/13-30pihn.pdf,13-30pihn.pdf,hud.gov,,46235,45.2 KB,pending,2026-07-10T14:12:38.130289+00:00,,,,,,,,,,,,,,,,,,,,,,,,,,,,
https://www.hud.gov/sites/documents/13251c1chch.pdf,13251c1chch.pdf,hud.gov,,30873,30.1 KB,pending,2026-07-10T14:12:38.132267+00:00,,,,,,,,,,,,,,,,,,,,,,,,,,,,
https://www.hud.gov/sites/documents/13251c2chch.pdf,13251c2chch.pdf,hud.gov,,23342,22.8 KB,pending,2026-07-10T14:12:38.134227+00:00,,,,,,,,,,,,,,,,,,,,,,,,,,,,
https://www.hud.gov/sites/documents/13251c3chch.pdf,13251c3chch.pdf,hud.gov,,85294,83.3 KB,pending,2026-07-10T14:12:38.136321+00:00,,,,,,,,,,,,,,,,,,,,,,,,,,,,
https://www.hud.gov/sites/documents/13251c4chch.pdf,13251c4chch.pdf,hud.gov,,62177,60.7 KB,pending,2026-07-10T14:12:38.138379+00:00,,,,,,,,,,,,,,,,,,,,,,,,,,,,
https://www.hud.gov/sites/documents/13251c5chch.pdf,13251c5chch.pdf,hud.gov,,35832,35.0 KB,pending,2026-07-10T14:12:38.140354+00:00,,,,,,,,,,,,,,,,,,,,,,,,,,,,
https://www.hud.gov/sites/documents/13251c6chch.pdf,13251c6chch.pdf,hud.gov,,25814,25.2 KB,pending,2026-07-10T14:12:38.142319+00:00,,,,,,,,,,,,,,,,,,,,,,,,,,,,
https://www.hud.gov/sites/documents/13251c7chch.pdf,13251c7chch.pdf,hud.gov,,18604,18.2 KB,pending,2026-07-10T14:12:38.144279+00:00,,,,,,,,,,,,,,,,,,,,,,,,,,,,
https://www.hud.gov/sites/documents/13251tocchch.pdf,13251tocchch.pdf,hud.gov,,16173,15.8 KB,pending,2026-07-10T14:12:38.146218+00:00,,,,,,,,,,,,,,,,,,,,,,,,,,,,
https://www.hud.gov/sites/documents/13251trnchch.pdf,13251trnchch.pdf,hud.gov,,27328,26.7 KB,pending,2026-07-10T14:12:38.148221+00:00,,,,,,,,,,,,,,,,,,,,,,,,,,,,
https://www.hud.gov/sites/documents/13251xachch.pdf,13251xachch.pdf,hud.gov,,9433,9.2 KB,pending,2026-07-10T14:12:38.150150+00:00,,,,,,,,,,,,,,,,,,,,,,,,,,,,
https://www.hud.gov/sites/documents/13251xbchch.pdf,13251xbchch.pdf,hud.gov,,36263,35.4 KB,pending,2026-07-10T14:12:38.152133+00:00,,,,,,,,,,,,,,,,,,,,,,,,,,,,
https://www.hud.gov/sites/documents/13251xcchch.pdf,13251xcchch.pdf,hud.gov,,103113,100.7 KB,pending,2026-07-10T14:12:38.154273+00:00,,,,,,,,,,,,,,,,,,,,,,,,,,,,
https://www.hud.gov/sites/documents/13251xdchch.pdf,13251xdchch.pdf,hud.gov,,26235,25.6 KB,pending,2026-07-10T14:12:38.156236+00:00,,,,,,,,,,,,,,,,,,,,,,,,,,,,
https://www.hud.gov/sites/documents/13251xechch.pdf,13251xechch.pdf,hud.gov,,20143,19.7 KB,pending,2026-07-10T14:12:38.158182+00:00,,,,,,,,,,,,,,,,,,,,,,,,,,,,
https://www.hud.gov/sites/documents/13251xfchch.pdf,13251xfchch.pdf,hud.gov,,11236,11.0 KB,pending,2026-07-10T14:12:38.160110+00:00,,,,,,,,,,,,,,,,,,,,,,,,,,,,
https://www.hud.gov/sites/documents/13251xhchch.pdf,13251xhchch.pdf,hud.gov,,73751,72.0 KB,pending,2026-07-10T14:12:38.162178+00:00,,,,,,,,,,,,,,,,,,,,,,,,,,,,
https://www.hud.gov/sites/documents/13251xichch.pdf,13251xichch.pdf,hud.gov,,8668,8.5 KB,pending,2026-07-10T14:12:38.164101+00:00,,,,,,,,,,,,,,,,,,,,,,,,,,,,
https://www.hud.gov/sites/documents/14-01pihn.pdf,14-01pihn.pdf,hud.gov,,28655,28.0 KB,pending,2026-07-10T14:12:38.166070+00:00,,,,,,,,,,,,,,,,,,,,,,,,,,,,
https://www.hud.gov/sites/documents/14-02pihn.pdf,14-02pihn.pdf,hud.gov,,44331,43.3 KB,pending,2026-07-10T14:12:38.168074+00:00,,,,,,,,,,,,,,,,,,,,,,,,,,,,
https://www.hud.gov/sites/documents/14-03pihn.pdf,14-03pihn.pdf,hud.gov,,173347,169.3 KB,pending,2026-07-10T14:12:38.170402+00:00,,,,,,,,,,,,,,,,,,,,,,,,,,,,
https://www.hud.gov/sites/documents/14-04pihn.pdf,14-04pihn.pdf,hud.gov,,328404,320.7 KB,pending,2026-07-10T14:12:38.173104+00:00,,,,,,,,,,,,,,,,,,,,,,,,,,,,
https://www.hud.gov/sites/documents/14-05pihn.pdf,14-05pihn.pdf,hud.gov,,263909,257.7 KB,pending,2026-07-10T14:12:38.175633+00:00,,,,,,,,,,,,,,,,,,,,,,,,,,,,
https://www.hud.gov/sites/documents/14-06pihn.pdf,14-06pihn.pdf,hud.gov,,183019,178.7 KB,pending,2026-07-10T14:12:38.177967+00:00,,,,,,,,,,,,,,,,,,,,,,,,,,,,
https://www.hud.gov/sites/documents/14-07pihn.pdf,14-07pihn.pdf,hud.gov,,49240,48.1 KB,pending,2026-07-10T14:12:38.179984+00:00,,,,,,,,,,,,,,,,,,,,,,,,,,,,
https://www.hud.gov/sites/documents/14-08pihn.pdf,14-08pihn.pdf,hud.gov,,47766,46.6 KB,pending,2026-07-10T14:12:38.181995+00:00,,,,,,,,,,,,,,,,,,,,,,,,,,,,
https://www.hud.gov/sites/documents/14-09hsgn_14-17pihn.pdf,14-09hsgn_14-17pihn.pdf,hud.gov,,735485,718.2 KB,pending,2026-07-10T14:12:38.185718+00:00,,,,,,,,,,,,,,,,,,,,,,,,,,,,
https://www.hud.gov/sites/documents/14-09pihn.pdf,14-09pihn.pdf,hud.gov,,173479,169.4 KB,pending,2026-07-10T14:12:38.188052+00:00,,,,,,,,,,,,,,,,,,,,,,,,,,,,
https://www.hud.gov/sites/documents/14-10pihn.pdf,14-10pihn.pdf,hud.gov,,64045,62.5 KB,pending,2026-07-10T14:12:38.190170+00:00,,,,,,,,,,,,,,,,,,,,,,,,,,,,
https://www.hud.gov/sites/documents/14-11pihn.pdf,14-11pihn.pdf,hud.gov,,135520,132.3 KB,pending,2026-07-10T14:12:38.192418+00:00,,,,,,,,,,,,,,,,,,,,,,,,,,,,
https://www.hud.gov/sites/documents/14-12pihn.pdf,14-12pihn.pdf,hud.gov,,106445,104.0 KB,pending,2026-07-10T14:12:38.194604+00:00,,,,,,,,,,,,,,,,,,,,,,,,,,,,
https://www.hud.gov/sites/documents/14-13pihn.pdf,14-13pihn.pdf,hud.gov,,321231,313.7 KB,pending,2026-07-10T14:12:38.197228+00:00,,,,,,,,,,,,,,,,,,,,,,,,,,,,
https://www.hud.gov/sites/documents/14-14pihn.pdf,14-14pihn.pdf,hud.gov,,81808,79.9 KB,pending,2026-07-10T14:12:38.199322+00:00,,,,,,,,,,,,,,,,,,,,,,,,,,,,
https://www.hud.gov/sites/documents/14-15pihn.pdf,14-15pihn.pdf,hud.gov,,226752,221.4 KB,pending,2026-07-10T14:12:38.201752+00:00,,,,,,,,,,,,,,,,,,,,,,,,,,,,
https://www.hud.gov/sites/documents/14-16pihn.pdf,14-16pihn.pdf,hud.gov,,12172,11.9 KB,pending,2026-07-10T14:12:38.203698+00:00,,,,,,,,,,,,,,,,,,,,,,,,,,,,
https://www.hud.gov/sites/documents/14-18pihn.pdf,14-18pihn.pdf,hud.gov,,135715,132.5 KB,pending,2026-07-10T14:12:38.205939+00:00,,,,,,,,,,,,,,,,,,,,,,,,,,,,
https://www.hud.gov/sites/documents/14-19pihn.pdf,14-19pihn.pdf,hud.gov,,63003,61.5 KB,pending,2026-07-10T14:12:38.207987+00:00,,,,,,,,,,,,,,,,,,,,,,,,,,,,
https://www.hud.gov/sites/documents/14-21pihn.pdf,14-21pihn.pdf,hud.gov,,183834,179.5 KB,pending,2026-07-10T14:12:38.210316+00:00,,,,,,,,,,,,,,,,,,,,,,,,,,,,
https://www.hud.gov/sites/documents/14-22pihn.pdf,14-22pihn.pdf,hud.gov,,175645,171.5 KB,pending,2026-07-10T14:12:38.212638+00:00,,,,,,,,,,,,,,,,,,,,,,,,,,,,
https://www.hud.gov/sites/documents/14-23pihn.pdf,14-23pihn.pdf,hud.gov,,15921,15.5 KB,pending,2026-07-10T14:12:38.214595+00:00,,,,,,,,,,,,,,,,,,,,,,,,,,,,
https://www.hud.gov/sites/documents/14-24pihn.pdf,14-24pihn.pdf,hud.gov,,140254,137.0 KB,pending,2026-07-10T14:12:38.216817+00:00,,,,,,,,,,,,,,,,,,,,,,,,,,,,
https://www.hud.gov/sites/documents/14-25pihn.pdf,14-25pihn.pdf,hud.gov,,174926,170.8 KB,pending,2026-07-10T14:12:38.219115+00:00,,,,,,,,,,,,,,,,,,,,,,,,,,,,
https://www.hud.gov/sites/documents/14-26pihn.pdf,14-26pihn.pdf,hud.gov,,140331,137.0 KB,pending,2026-07-10T14:12:38.221384+00:00,,,,,,,,,,,,,,,,,,,,,,,,,,,,
https://www.hud.gov/sites/documents/14604.pdf,14604.pdf,hud.gov,,122910,120.0 KB,pending,2026-07-10T14:12:38.223589+00:00,,,,,,,,,,,,,,,,,,,,,,,,,,,,
https://www.hud.gov/sites/documents/15-02pihn.pdf,15-02pihn.pdf,hud.gov,,13309,13.0 KB,pending,2026-07-10T14:12:38.226428+00:00,,,,,,,,,,,,,,,,,,,,,,,,,,,,
https://www.hud.gov/sites/documents/15-03pihn.pdf,15-03pihn.pdf,hud.gov,,206729,201.9 KB,pending,2026-07-10T14:12:38.228802+00:00,,,,,,,,,,,,,,,,,,,,,,,,,,,,
https://www.hud.gov/sites/documents/15-04pihn.pdf,15-04pihn.pdf,hud.gov,,8422,8.2 KB,pending,2026-07-10T14:12:38.230731+00:00,,,,,,,,,,,,,,,,,,,,,,,,,,,,
https://www.hud.gov/sites/documents/15-05fhen.pdf,15-05fhen.pdf,hud.gov,,463510,452.6 KB,pending,2026-07-10T14:12:38.233697+00:00,,,,,,,,,,,,,,,,,,,,,,,,,,,,
https://www.hud.gov/sites/documents/15-05pihn.pdf,15-05pihn.pdf,hud.gov,,686301,670.2 KB,pending,2026-07-10T14:12:38.237172+00:00,,,,,,,,,,,,,,,,,,,,,,,,,,,,
https://www.hud.gov/sites/documents/15-06pihn.pdf,15-06pihn.pdf,hud.gov,,203809,199.0 KB,pending,2026-07-10T14:12:38.239562+00:00,,,,,,,,,,,,,,,,,,,,,,,,,,,,
https://www.hud.gov/sites/documents/15-07pihn.pdf,15-07pihn.pdf,hud.gov,,1400645,1.3 MB,pending,2026-07-10T14:12:38.245628+00:00,,,,,,,,,,,,,,,,,,,,,,,,,,,,
https://www.hud.gov/sites/documents/15-08pihn.pdf,15-08pihn.pdf,hud.gov,,125878,122.9 KB,pending,2026-07-10T14:12:38.248836+00:00,,,,,,,,,,,,,,,,,,,,,,,,,,,,
https://www.hud.gov/sites/documents/15-09pihn.pdf,15-09pihn.pdf,hud.gov,,104666,102.2 KB,pending,2026-07-10T14:12:38.251165+00:00,,,,,,,,,,,,,,,,,,,,,,,,,,,,
https://www.hud.gov/sites/documents/15-11pihn.pdf,15-11pihn.pdf,hud.gov,,174578,170.5 KB,pending,2026-07-10T14:12:38.253510+00:00,,,,,,,,,,,,,,,,,,,,,,,,,,,,
https://www.hud.gov/sites/documents/15-12pihn.pdf,15-12pihn.pdf,hud.gov,,76932,75.1 KB,pending,2026-07-10T14:12:38.255602+00:00,,,,,,,,,,,,,,,,,,,,,,,,,,,,
https://www.hud.gov/sites/documents/15-13pihn.pdf,15-13pihn.pdf,hud.gov,,84520,82.5 KB,pending,2026-07-10T14:12:38.257705+00:00,,,,,,,,,,,,,,,,,,,,,,,,,,,,
https://www.hud.gov/sites/documents/15-14pihn.pdf,15-14pihn.pdf,hud.gov,,13967,13.6 KB,pending,2026-07-10T14:12:38.259647+00:00,,,,,,,,,,,,,,,,,,,,,,,,,,,,
https://www.hud.gov/sites/documents/15-16pihn.pdf,15-16pihn.pdf,hud.gov,,66239,64.7 KB,pending,2026-07-10T14:12:38.261709+00:00,,,,,,,,,,,,,,,,,,,,,,,,,,,,
https://www.hud.gov/sites/documents/15-17pihn.pdf,15-17pihn.pdf,hud.gov,,762562,744.7 KB,pending,2026-07-10T14:12:38.265374+00:00,,,,,,,,,,,,,,,,,,,,,,,,,,,,
https://www.hud.gov/sites/documents/15-18pihn.pdf,15-18pihn.pdf,hud.gov,,738715,721.4 KB,pending,2026-07-10T14:12:38.268962+00:00,,,,,,,,,,,,,,,,,,,,,,,,,,,,
https://www.hud.gov/sites/documents/15-20pihn.pdf,15-20pihn.pdf,hud.gov,,241816,236.1 KB,pending,2026-07-10T14:12:38.271436+00:00,,,,,,,,,,,,,,,,,,,,,,,,,,,,
https://www.hud.gov/sites/documents/15-21pihn.pdf,15-21pihn.pdf,hud.gov,,137125,133.9 KB,pending,2026-07-10T14:12:38.273666+00:00,,,,,,,,,,,,,,,,,,,,,,,,,,,,
https://www.hud.gov/sites/documents/15-22pihn.pdf,15-22pihn.pdf,hud.gov,,283881,277.2 KB,pending,2026-07-10T14:12:38.276218+00:00,,,,,,,,,,,,,,,,,,,,,,,,,,,,
https://www.hud.gov/sites/documents/16-01pihn.pdf,16-01pihn.pdf,hud.gov,,506323,494.5 KB,pending,2026-07-10T14:12:38.279274+00:00,,,,,,,,,,,,,,,,,,,,,,,,,,,,
https://www.hud.gov/sites/documents/16-02pihn.pdf,16-02pihn.pdf,hud.gov,,202538,197.8 KB,pending,2026-07-10T14:12:38.281656+00:00,,,,,,,,,,,,,,,,,,,,,,,,,,,,
https://www.hud.gov/sites/documents/16-03pihn.pdf,16-03pihn.pdf,hud.gov,,181315,177.1 KB,pending,2026-07-10T14:12:38.283985+00:00,,,,,,,,,,,,,,,,,,,,,,,,,,,,
https://www.hud.gov/sites/documents/16-04pihn.pdf,16-04pihn.pdf,hud.gov,,812821,793.8 KB,pending,2026-07-10T14:12:38.287739+00:00,,,,,,,,,,,,,,,,,,,,,,,,,,,,
https://www.hud.gov/sites/documents/16-05pihn.pdf,16-05pihn.pdf,hud.gov,,280471,273.9 KB,pending,2026-07-10T14:12:38.290300+00:00,,,,,,,,,,,,,,,,,,,,,,,,,,,,
https://www.hud.gov/sites/documents/16-06pihn.pdf,16-06pihn.pdf,hud.gov,,122647,119.8 KB,pending,2026-07-10T14:12:38.292506+00:00,,,,,,,,,,,,,,,,,,,,,,,,,,,,
https://www.hud.gov/sites/documents/16-07pihn.pdf,16-07pihn.pdf,hud.gov,,74732,73.0 KB,pending,2026-07-10T14:12:38.294587+00:00,,,,,,,,,,,,,,,,,,,,,,,,,,,,
https://www.hud.gov/sites/documents/16-08pihn.pdf,16-08pihn.pdf,hud.gov,,1481985,1.4 MB,pending,2026-07-10T14:12:38.299834+00:00,,,,,,,,,,,,,,,,,,,,,,,,,,,,
https://www.hud.gov/sites/documents/16-09pihn.pdf,16-09pihn.pdf,hud.gov,,685820,669.7 KB,pending,2026-07-10T14:12:38.303311+00:00,,,,,,,,,,,,,,,,,,,,,,,,,,,,
https://www.hud.gov/sites/documents/16-10pihn-rev1.pdf,16-10pihn-rev1.pdf,hud.gov,,370445,361.8 KB,pending,2026-07-10T14:12:38.306113+00:00,,,,,,,,,,,,,,,,,,,,,,,,,,,,
https://www.hud.gov/sites/documents/16-11pihn.pdf,16-11pihn.pdf,hud.gov,,305596,298.4 KB,pending,2026-07-10T14:12:38.308737+00:00,,,,,,,,,,,,,,,,,,,,,,,,,,,,
https://www.hud.gov/sites/documents/16-13pihn.pdf,16-13pihn.pdf,hud.gov,,230395,225.0 KB,pending,2026-07-10T14:12:38.314168+00:00,,,,,,,,,,,,,,,,,,,,,,,,,,,,
https://www.hud.gov/sites/documents/16-14pihn.pdf,16-14pihn.pdf,hud.gov,,112017,109.4 KB,pending,2026-07-10T14:12:38.316350+00:00,,,,,,,,,,,,,,,,,,,,,,,,,,,,
https://www.hud.gov/sites/documents/16-15pihn.pdf,16-15pihn.pdf,hud.gov,,74734,73.0 KB,pending,2026-07-10T14:12:38.318443+00:00,,,,,,,,,,,,,,,,,,,,,,,,,,,,
https://www.hud.gov/sites/documents/16-16pihn.pdf,16-16pihn.pdf,hud.gov,,102006,99.6 KB,pending,2026-07-10T14:12:38.320583+00:00,,,,,,,,,,,,,,,,,,,,,,,,,,,,
https://www.hud.gov/sites/documents/16-17hsgn_16-17pihn.pdf,16-17hsgn_16-17pihn.pdf,hud.gov,,874112,853.6 KB,pending,2026-07-10T14:12:38.324475+00:00,,,,,,,,,,,,,,,,,,,,,,,,,,,,
https://www.hud.gov/sites/documents/16-18pihn.pdf,16-18pihn.pdf,hud.gov,,123050,120.2 KB,pending,2026-07-10T14:12:38.326669+00:00,,,,,,,,,,,,,,,,,,,,,,,,,,,,
https://www.hud.gov/sites/documents/16-19pihn.pdf,16-19pihn.pdf,hud.gov,,365529,357.0 KB,pending,2026-07-10T14:12:38.329418+00:00,,,,,,,,,,,,,,,,,,,,,,,,,,,,
https://www.hud.gov/sites/dfiles/OCHCO/documents/16-20pihn.pdf,16-20pihn.pdf,hud.gov,,121677,118.8 KB,pending,2026-07-10T14:12:38.331620+00:00,,,,,,,,,,,,,,,,,,,,,,,,,,,,
https://www.hud.gov/sites/documents/16-21pihn.pdf,16-21pihn.pdf,hud.gov,,587788,574.0 KB,pending,2026-07-10T14:12:38.334878+00:00,,,,,,,,,,,,,,,,,,,,,,,,,,,,
https://www.hud.gov/sites/documents/16-22pihn.pdf,16-22pihn.pdf,hud.gov,,342423,334.4 KB,pending,2026-07-10T14:12:38.337598+00:00,,,,,,,,,,,,,,,,,,,,,,,,,,,,
https://www.hud.gov/sites/dfiles/OCHCO/documents/16-23pihn.pdf,16-23pihn.pdf,hud.gov,,116568,113.8 KB,pending,2026-07-10T14:12:38.339779+00:00,,,,,,,,,,,,,,,,,,,,,,,,,,,,
https://www.hud.gov/sites/documents/17-02pihn.pdf,17-02pihn.pdf,hud.gov,,174141,170.1 KB,pending,2026-07-10T14:12:38.342085+00:00,,,,,,,,,,,,,,,,,,,,,,,,,,,,
https://www.hud.gov/sites/documents/17-03pihn.pdf,17-03pihn.pdf,hud.gov,,263368,257.2 KB,pending,2026-07-10T14:12:38.344601+00:00,,,,,,,,,,,,,,,,,,,,,,,,,,,,
https://www.hud.gov/sites/documents/17-04pihn.pdf,17-04pihn.pdf,hud.gov,,193718,189.2 KB,pending,2026-07-10T14:12:38.346948+00:00,,,,,,,,,,,,,,,,,,,,,,,,,,,,
https://www.hud.gov/sites/documents/17-05pihn.pdf,17-05pihn.pdf,hud.gov,,86305,84.3 KB,pending,2026-07-10T14:12:38.349062+00:00,,,,,,,,,,,,,,,,,,,,,,,,,,,,
https://www.hud.gov/sites/documents/17-06pihn.pdf,17-06pihn.pdf,hud.gov,,349894,341.7 KB,pending,2026-07-10T14:12:38.351769+00:00,,,,,,,,,,,,,,,,,,,,,,,,,,,,
https://www.hud.gov/sites/documents/17-08pihn.pdf,17-08pihn.pdf,hud.gov,,1017608,993.8 KB,pending,2026-07-10T14:12:38.355981+00:00,,,,,,,,,,,,,,,,,,,,,,,,,,,,
https://www.hud.gov/sites/documents/17-09pihn.pdf,17-09pihn.pdf,hud.gov,,81530,79.6 KB,pending,2026-07-10T14:12:38.358078+00:00,,,,,,,,,,,,,,,,,,,,,,,,,,,,
https://www.hud.gov/sites/documents/17-10pihn.pdf,17-10pihn.pdf,hud.gov,,587617,573.8 KB,pending,2026-07-10T14:12:38.361321+00:00,,,,,,,,,,,,,,,,,,,,,,,,,,,,
https://www.hud.gov/sites/documents/17-11pihn.pdf,17-11pihn.pdf,hud.gov,,171498,167.5 KB,pending,2026-07-10T14:12:38.363636+00:00,,,,,,,,,,,,,,,,,,,,,,,,,,,,
https://www.hud.gov/sites/documents/17-12pihn.pdf,17-12pihn.pdf,hud.gov,,508809,496.9 KB,pending,2026-07-10T14:12:38.366725+00:00,,,,,,,,,,,,,,,,,,,,,,,,,,,,
https://www.hud.gov/sites/documents/17-13pihn_ohhlhc17-01.pdf,17-13pihn_ohhlhc17-01.pdf,hud.gov,,491896,480.4 KB,pending,2026-07-10T14:12:38.369753+00:00,,,,,,,,,,,,,,,,,,,,,,,,,,,,
https://www.hud.gov/sites/documents/17-14pihn.pdf,17-14pihn.pdf,hud.gov,,191143,186.7 KB,pending,2026-07-10T14:12:38.372096+00:00,,,,,,,,,,,,,,,,,,,,,,,,,,,,
https://www.hud.gov/sites/documents/17-15pihn.pdf,17-15pihn.pdf,hud.gov,,250148,244.3 KB,pending,2026-07-10T14:12:38.374584+00:00,,,,,,,,,,,,,,,,,,,,,,,,,,,,
https://www.hud.gov/sites/documents/17-16pihn.pdf,17-16pihn.pdf,hud.gov,,269324,263.0 KB,pending,2026-07-10T14:12:38.377103+00:00,,,,,,,,,,,,,,,,,,,,,,,,,,,,
https://www.hud.gov/sites/documents/17-18pihn.pdf,17-18pihn.pdf,hud.gov,,318009,310.6 KB,pending,2026-07-10T14:12:38.379766+00:00,,,,,,,,,,,,,,,,,,,,,,,,,,,,
https://www.hud.gov/sites/dfiles/OCHCO/documents/17-19pihn.pdf,17-19pihn.pdf,hud.gov,,213054,208.1 KB,pending,2026-07-10T14:12:38.382234+00:00,,,,,,,,,,,,,,,,,,,,,,,,,,,,
https://www.hud.gov/sites/dfiles/OCHCO/documents/17-20pihn.pdf,17-20pihn.pdf,hud.gov,,679625,663.7 KB,pending,2026-07-10T14:12:38.385704+00:00,,,,,,,,,,,,,,,,,,,,,,,,,,,,
https://www.hud.gov/sites/dfiles/OCHCO/documents/17-21pihn.pdf,17-21pihn.pdf,hud.gov,,1038918,1014.6 KB,pending,2026-07-10T14:12:38.389969+00:00,,,,,,,,,,,,,,,,,,,,,,,,,,,,
https://www.hud.gov/sites/dfiles/OCHCO/documents/17-22pihn.pdf,17-22pihn.pdf,hud.gov,,277485,271.0 KB,pending,2026-07-10T14:12:38.392529+00:00,,,,,,,,,,,,,,,,,,,,,,,,,,,,
https://www.hud.gov/sites/dfiles/OCHCO/documents/17-23pihn.pdf,17-23pihn.pdf,hud.gov,,313968,306.6 KB,pending,2026-07-10T14:12:38.395157+00:00,,,,,,,,,,,,,,,,,,,,,,,,,,,,
https://www.hud.gov/sites/dfiles/OCHCO/documents/17-24pihn.pdf,17-24pihn.pdf,hud.gov,,188843,184.4 KB,pending,2026-07-10T14:12:38.397516+00:00,,,,,,,,,,,,,,,,,,,,,,,,,,,,
https://www.hud.gov/sites/dfiles/OCHCO/documents/17-25pihn.pdf,17-25pihn.pdf,hud.gov,,98851,96.5 KB,pending,2026-07-10T14:12:38.399651+00:00,,,,,,,,,,,,,,,,,,,,,,,,,,,,
https://www.hud.gov/sites/dfiles/OCHCO/documents/17-27pihn.pdf,17-27pihn.pdf,hud.gov,,458838,448.1 KB,pending,2026-07-10T14:12:38.402610+00:00,,,,,,,,,,,,,,,,,,,,,,,,,,,,
https://www.hud.gov/sites/dfiles/OCHCO/documents/18-01cfo.pdf,18-01cfo.pdf,hud.gov,,738231,720.9 KB,pending,2026-07-10T14:12:38.406185+00:00,,,,,,,,,,,,,,,,,,,,,,,,,,,,
https://www.hud.gov/sites/dfiles/OCHCO/documents/18-01pihn.pdf,18-01pihn.pdf,hud.gov,,83517,81.6 KB,pending,2026-07-10T14:12:38.408284+00:00,,,,,,,,,,,,,,,,,,,,,,,,,,,,
https://www.hud.gov/sites/dfiles/OCHCO/documents/18-02pihn.pdf,18-02pihn.pdf,hud.gov,,207913,203.0 KB,pending,2026-07-10T14:12:38.410688+00:00,,,,,,,,,,,,,,,,,,,,,,,,,,,,
https://www.hud.gov/sites/dfiles/OCHCO/documents/18-03pihn.pdf,18-03pihn.pdf,hud.gov,,93201,91.0 KB,pending,2026-07-10T14:12:38.412808+00:00,,,,,,,,,,,,,,,,,,,,,,,,,,,,
https://www.hud.gov/sites/dfiles/OCHCO/documents/18-04pihn.pdf,18-04pihn.pdf,hud.gov,,67736,66.1 KB,pending,2026-07-10T14:12:38.414884+00:00,,,,,,,,,,,,,,,,,,,,,,,,,,,,
https://www.hud.gov/sites/dfiles/OCHCO/documents/18-05pihn.pdf,18-05pihn.pdf,hud.gov,,90250,88.1 KB,pending,2026-07-10T14:12:38.417001+00:00,,,,,,,,,,,,,,,,,,,,,,,,,,,,
https://www.hud.gov/sites/dfiles/OCHCO/documents/18-06pihn-a.pdf,18-06pihn-a.pdf,hud.gov,,564364,551.1 KB,pending,2026-07-10T14:12:38.420190+00:00,,,,,,,,,,,,,,,,,,,,,,,,,,,,
https://www.hud.gov/sites/dfiles/OCHCO/documents/18-06pihn-b.pdf,18-06pihn-b.pdf,hud.gov,,401153,391.8 KB,pending,2026-07-10T14:12:38.423022+00:00,,,,,,,,,,,,,,,,,,,,,,,,,,,,
https://www.hud.gov/sites/dfiles/OCHCO/documents/18-07pihn.pdf,18-07pihn.pdf,hud.gov,,46907,45.8 KB,pending,2026-07-10T14:12:38.425050+00:00,,,,,,,,,,,,,,,,,,,,,,,,,,,,
https://www.hud.gov/sites/dfiles/OCHCO/documents/18-08pihn.pdf,18-08pihn.pdf,hud.gov,,158661,154.9 KB,pending,2026-07-10T14:12:38.427358+00:00,,,,,,,,,,,,,,,,,,,,,,,,,,,,
https://www.hud.gov/sites/dfiles/OCHCO/documents/18-10pihn.pdf,18-10pihn.pdf,hud.gov,,44799,43.7 KB,pending,2026-07-10T14:12:38.429394+00:00,,,,,,,,,,,,,,,,,,,,,,,,,,,,
https://www.hud.gov/sites/dfiles/OCHCO/documents/18-11pihn.pdf,18-11pihn.pdf,hud.gov,,156306,152.6 KB,pending,2026-07-10T14:12:38.431662+00:00,,,,,,,,,,,,,,,,,,,,,,,,,,,,
https://www.hud.gov/sites/dfiles/OCHCO/documents/18-12-1pihn.pdf,18-12-1pihn.pdf,hud.gov,,154228,150.6 KB,pending,2026-07-10T14:12:38.433954+00:00,,,,,,,,,,,,,,,,,,,,,,,,,,,,
https://www.hud.gov/sites/dfiles/OCHCO/documents/18-12-2pihn.pdf,18-12-2pihn.pdf,hud.gov,,52233,51.0 KB,pending,2026-07-10T14:12:38.436000+00:00,,,,,,,,,,,,,,,,,,,,,,,,,,,,
https://www.hud.gov/sites/dfiles/OCHCO/documents/18-12pihn.pdf,18-12pihn.pdf,hud.gov,,38891,38.0 KB,pending,2026-07-10T14:12:38.438001+00:00,,,,,,,,,,,,,,,,,,,,,,,,,,,,
https://www.hud.gov/sites/dfiles/OCHCO/documents/18-13pihn.pdf,18-13pihn.pdf,hud.gov,,125821,122.9 KB,pending,2026-07-10T14:12:38.440195+00:00,,,,,,,,,,,,,,,,,,,,,,,,,,,,
https://www.hud.gov/sites/dfiles/OCHCO/documents/18-14pihn.pdf,18-14pihn.pdf,hud.gov,,55848,54.5 KB,pending,2026-07-10T14:12:38.442310+00:00,,,,,,,,,,,,,,,,,,,,,,,,,,,,
https://www.hud.gov/sites/dfiles/OCHCO/documents/18-15pihn.pdf,18-15pihn.pdf,hud.gov,,14235,13.9 KB,pending,2026-07-10T14:12:38.444266+00:00,,,,,,,,,,,,,,,,,,,,,,,,,,,,
https://www.hud.gov/sites/dfiles/OCHCO/documents/18-16pihn.pdf,18-16pihn.pdf,hud.gov,,15083,14.7 KB,pending,2026-07-10T14:12:38.446239+00:00,,,,,,,,,,,,,,,,,,,,,,,,,,,,
https://www.hud.gov/sites/dfiles/OCHCO/documents/18-17pihn.pdf,18-17pihn.pdf,hud.gov,,239549,233.9 KB,pending,2026-07-10T14:12:38.448714+00:00,,,,,,,,,,,,,,,,,,,,,,,,,,,,
https://www.hud.gov/sites/dfiles/OCHCO/documents/18-18pihn.pdf,18-18pihn.pdf,hud.gov,,108408,105.9 KB,pending,2026-07-10T14:12:38.450871+00:00,,,,,,,,,,,,,,,,,,,,,,,,,,,,
https://www.hud.gov/sites/dfiles/OCHCO/documents/18-22pihn.pdf,18-22pihn.pdf,hud.gov,,9924,9.7 KB,pending,2026-07-10T14:12:38.452801+00:00,,,,,,,,,,,,,,,,,,,,,,,,,,,,
https://www.hud.gov/sites/dfiles/OCHCO/documents/18-24pihn.pdf,18-24pihn.pdf,hud.gov,,281363,274.8 KB,pending,2026-07-10T14:12:38.455358+00:00,,,,,,,,,,,,,,,,,,,,,,,,,,,,
https://www.hud.gov/sites/dfiles/OCHCO/documents/19-01pihn.pdf,19-01pihn.pdf,hud.gov,,215185,210.1 KB,pending,2026-07-10T14:12:38.481248+00:00,,,,,,,,,,,,,,,,,,,,,,,,,,,,
https://www.hud.gov/sites/dfiles/OCHCO/documents/19-03pihn.pdf,19-03pihn.pdf,hud.gov,,15870,15.5 KB,pending,2026-07-10T14:12:38.483263+00:00,,,,,,,,,,,,,,,,,,,,,,,,,,,,
https://www.hud.gov/sites/dfiles/OCHCO/documents/19-04pihn.pdf,19-04pihn.pdf,hud.gov,,117279,114.5 KB,pending,2026-07-10T14:12:38.485466+00:00,,,,,,,,,,,,,,,,,,,,,,,,,,,,
https://www.hud.gov/sites/dfiles/OCHCO/documents/19-05pihn.pdf,19-05pihn.pdf,hud.gov,,96776,94.5 KB,pending,2026-07-10T14:12:38.487608+00:00,,,,,,,,,,,,,,,,,,,,,,,,,,,,
https://www.hud.gov/sites/dfiles/OCHCO/documents/19-06pihn.pdf,19-06pihn.pdf,hud.gov,,133132,130.0 KB,pending,2026-07-10T14:12:38.489882+00:00,,,,,,,,,,,,,,,,,,,,,,,,,,,,
https://www.hud.gov/sites/dfiles/OCHCO/documents/19-12pihn.pdf,19-12pihn.pdf,hud.gov,,65498,64.0 KB,pending,2026-07-10T14:12:38.491952+00:00,,,,,,,,,,,,,,,,,,,,,,,,,,,,
https://www.hud.gov/sites/dfiles/OCHCO/documents/19-14pihn.pdf,19-14pihn.pdf,hud.gov,,35806,35.0 KB,pending,2026-07-10T14:12:38.493963+00:00,,,,,,,,,,,,,,,,,,,,,,,,,,,,
https://www.hud.gov/sites/dfiles/OCHCO/documents/19-15pihn.pdf,19-15pihn.pdf,hud.gov,,41659,40.7 KB,pending,2026-07-10T14:12:38.495973+00:00,,,,,,,,,,,,,,,,,,,,,,,,,,,,
https://www.hud.gov/sites/dfiles/OCHCO/documents/19-18pihn.pdf,19-18pihn.pdf,hud.gov,,32369,31.6 KB,pending,2026-07-10T14:12:38.497983+00:00,,,,,,,,,,,,,,,,,,,,,,,,,,,,
https://www.hud.gov/sites/dfiles/OCHCO/documents/19-19pihn.pdf,19-19pihn.pdf,hud.gov,,23727,23.2 KB,pending,2026-07-10T14:12:38.499953+00:00,,,,,,,,,,,,,,,,,,,,,,,,,,,,
https://www.hud.gov/sites/dfiles/OCHCO/documents/19-20pihn.pdf,19-20pihn.pdf,hud.gov,,43311,42.3 KB,pending,2026-07-10T14:12:38.502011+00:00,,,,,,,,,,,,,,,,,,,,,,,,,,,,
https://www.hud.gov/sites/dfiles/OCHCO/documents/19-22pihn.pdf,19-22pihn.pdf,hud.gov,,538997,526.4 KB,pending,2026-07-10T14:12:38.505164+00:00,,,,,,,,,,,,,,,,,,,,,,,,,,,,
https://www.hud.gov/sites/dfiles/OCHCO/documents/19-24phin.pdf,19-24phin.pdf,hud.gov,,215924,210.9 KB,pending,2026-07-10T14:12:38.507587+00:00,,,,,,,,,,,,,,,,,,,,,,,,,,,,
https://www.hud.gov/sites/dfiles/OCHCO/documents/19-25pihn.pdf,19-25pihn.pdf,hud.gov,,58908,57.5 KB,pending,2026-07-10T14:12:38.509633+00:00,,,,,,,,,,,,,,,,,,,,,,,,,,,,
https://www.hud.gov/sites/dfiles/OCHCO/documents/19-26pihn.pdf,19-26pihn.pdf,hud.gov,,6339,6.2 KB,pending,2026-07-10T14:12:38.511555+00:00,,,,,,,,,,,,,,,,,,,,,,,,,,,,
https://www.hud.gov/sites/dfiles/OCHCO/documents/2.pdf,2.pdf,hud.gov,,477572,466.4 KB,pending,2026-07-10T14:12:38.514582+00:00,,,,,,,,,,,,,,,,,,,,,,,,,,,,
https://www.hud.gov/sites/documents/2003-01h.pdf,2003-01h.pdf,hud.gov,,47319,46.2 KB,pending,2026-07-10T14:12:38.524862+00:00,,,,,,,,,,,,,,,,,,,,,,,,,,,,
https://www.hud.gov/sites/documents/2014-08convertoeloccs.pdf,2014-08convertoeloccs.pdf,hud.gov,,139124,135.9 KB,pending,2026-07-10T14:12:38.581079+00:00,,,,,,,,,,,,,,,,,,,,,,,,,,,,
https://www.hud.gov/sites/documents/2014-09useful-life.pdf,2014-09useful-life.pdf,hud.gov,,447643,437.2 KB,pending,2026-07-10T14:12:38.584094+00:00,,,,,,,,,,,,,,,,,,,,,,,,,,,,
https://www.hud.gov/sites/documents/2014-10reserveaccts.pdf,2014-10reserveaccts.pdf,hud.gov,,108711,106.2 KB,pending,2026-07-10T14:12:38.586278+00:00,,,,,,,,,,,,,,,,,,,,,,,,,,,,
https://www.hud.gov/sites/documents/2014-12ombcircular.pdf,2014-12ombcircular.pdf,hud.gov,,104102,101.7 KB,pending,2026-07-10T14:12:38.588453+00:00,,,,,,,,,,,,,,,,,,,,,,,,,,,,
https://www.hud.gov/sites/documents/2014-14wordexcelihpapr.pdf,2014-14wordexcelihpapr.pdf,hud.gov,,123792,120.9 KB,pending,2026-07-10T14:12:38.590675+00:00,,,,,,,,,,,,,,,,,,,,,,,,,,,,
https://www.hud.gov/sites/documents/2015-01aihbgincomelimits.pdf,2015-01aihbgincomelimits.pdf,hud.gov,,293629,286.7 KB,pending,2026-07-10T14:12:38.593257+00:00,,,,,,,,,,,,,,,,,,,,,,,,,,,,
https://www.hud.gov/sites/documents/2015-01rihbgincomelimits.pdf,2015-01rihbgincomelimits.pdf,hud.gov,,235889,230.4 KB,pending,2026-07-10T14:12:38.595726+00:00,,,,,,,,,,,,,,,,,,,,,,,,,,,,
https://www.hud.gov/sites/documents/2015-02rmoldnofaguidance.pdf,2015-02rmoldnofaguidance.pdf,hud.gov,,238436,232.8 KB,pending,2026-07-10T14:12:38.598180+00:00,,,,,,,,,,,,,,,,,,,,,,,,,,,,
https://www.hud.gov/sites/documents/2015-04_sf_425guidance.pdf,2015-04_sf_425guidance.pdf,hud.gov,,226959,221.6 KB,pending,2026-07-10T14:12:38.600631+00:00,,,,,,,,,,,,,,,,,,,,,,,,,,,,
https://www.hud.gov/sites/documents/2015-05icdbg_nofa.pdf,2015-05icdbg_nofa.pdf,hud.gov,,313042,305.7 KB,pending,2026-07-10T14:12:38.603257+00:00,,,,,,,,,,,,,,,,,,,,,,,,,,,,
https://www.hud.gov/sites/documents/201502moldnofa.pdf,201502moldnofa.pdf,hud.gov,,238436,232.8 KB,pending,2026-07-10T14:12:38.605738+00:00,,,,,,,,,,,,,,,,,,,,,,,,,,,,
https://www.hud.gov/sites/documents/2015_apr_guidance.pdf,2015_apr_guidance.pdf,hud.gov,,29112,28.4 KB,pending,2026-07-10T14:12:38.607727+00:00,,,,,,,,,,,,,,,,,,,,,,,,,,,,
https://www.hud.gov/sites/documents/2016-02fy16incomelimits.pdf,2016-02fy16incomelimits.pdf,hud.gov,,257247,251.2 KB,pending,2026-07-10T14:12:38.610224+00:00,,,,,,,,,,,,,,,,,,,,,,,,,,,,
https://www.hud.gov/sites/documents/2016-03_fy16.pdf,2016-03_fy16.pdf,hud.gov,,250266,244.4 KB,pending,2026-07-10T14:12:38.612736+00:00,,,,,,,,,,,,,,,,,,,,,,,,,,,,
https://www.hud.gov/sites/documents/2016-04vashrapcontractreq.pdf,2016-04vashrapcontractreq.pdf,hud.gov,,200087,195.4 KB,pending,2026-07-10T14:12:38.615126+00:00,,,,,,,,,,,,,,,,,,,,,,,,,,,,
https://www.hud.gov/sites/documents/2016-05fy16_tribaloccp.pdf,2016-05fy16_tribaloccp.pdf,hud.gov,,127241,124.3 KB,pending,2026-07-10T14:12:38.617515+00:00,,,,,,,,,,,,,,,,,,,,,,,,,,,,
https://www.hud.gov/sites/documents/2016-06itg_tribes.pdf,2016-06itg_tribes.pdf,hud.gov,,215774,210.7 KB,pending,2026-07-10T14:12:38.619935+00:00,,,,,,,,,,,,,,,,,,,,,,,,,,,,
https://www.hud.gov/sites/documents/2017-01imminenttgt.pdf,2017-01imminenttgt.pdf,hud.gov,,217927,212.8 KB,pending,2026-07-10T14:12:38.622345+00:00,,,,,,,,,,,,,,,,,,,,,,,,,,,,
https://www.hud.gov/sites/documents/2017-02-2016ihbg_csa.pdf,2017-02-2016ihbg_csa.pdf,hud.gov,,69128,67.5 KB,pending,2026-07-10T14:12:38.624479+00:00,,,,,,,,,,,,,,,,,,,,,,,,,,,,
https://www.hud.gov/sites/documents/2017-04fy17ilg.pdf,2017-04fy17ilg.pdf,hud.gov,,236067,230.5 KB,pending,2026-07-10T14:12:38.627887+00:00,,,,,,,,,,,,,,,,,,,,,,,,,,,,
https://www.govinfo.gov/content/pkg/FR-2018-01-30/pdf/2018-01907.pdf,2018-01907.pdf,hud.gov,govinfo.gov,212807,207.8 KB,pending,2026-07-10T14:12:38.630291+00:00,,,,,,,,,,,,,,,,,,,,,,,,,,,,
https://www.hud.gov/sites/dfiles/PIH/documents/2018-01ihbgtribalguidance.PDF,2018-01ihbgtribalguidance.PDF,hud.gov,,88979,86.9 KB,pending,2026-07-10T14:12:38.632428+00:00,,,,,,,,,,,,,,,,,,,,,,,,,,,,
https://www.hud.gov/sites/dfiles/PIH/documents/2018-03aAmendedFY2018IncomeLimitsGuidance.pdf,2018-03aAmendedFY2018IncomeLimitsGuidance.pdf,hud.gov,,199219,194.5 KB,pending,2026-07-10T14:12:38.634827+00:00,,,,,,,,,,,,,,,,,,,,,,,,,,,,
https://www.hud.gov/sites/dfiles/PIH/documents/2018-05ONAPPG.pdf,2018-05ONAPPG.pdf,hud.gov,,214321,209.3 KB,pending,2026-07-10T14:12:38.637234+00:00,,,,,,,,,,,,,,,,,,,,,,,,,,,,
https://www.govinfo.gov/content/pkg/FR-2018-07-23/pdf/2018-15679.pdf,2018-15679.pdf,hud.gov,govinfo.gov,188559,184.1 KB,pending,2026-07-10T14:12:38.639652+00:00,,,,,,,,,,,,,,,,,,,,,,,,,,,,
https://www.hud.gov/sites/dfiles/OCHCO/documents/2018-19pihn.pdf,2018-19pihn.pdf,hud.gov,,70703,69.0 KB,pending,2026-07-10T14:12:38.641749+00:00,,,,,,,,,,,,,,,,,,,,,,,,,,,,
https://www.hud.gov/sites/dfiles/OCHCO/documents/2018-20pihn.pdf,2018-20pihn.pdf,hud.gov,,187708,183.3 KB,pending,2026-07-10T14:12:38.644145+00:00,,,,,,,,,,,,,,,,,,,,,,,,,,,,
https://www.hud.gov/sites/dfiles/OCHCO/documents/2018-21pihn.pdf,2018-21pihn.pdf,hud.gov,,79013,77.2 KB,pending,2026-07-10T14:12:38.646253+00:00,,,,,,,,,,,,,,,,,,,,,,,,,,,,
https://www.hud.gov/sites/dfiles/OCHCO/documents/2018-23pihn.pdf,2018-23pihn.pdf,hud.gov,,150648,147.1 KB,pending,2026-07-10T14:12:38.648535+00:00,,,,,,,,,,,,,,,,,,,,,,,,,,,,
https://www.hud.gov/sites/dfiles/OCHCO/documents/2019-002%20pihnAppendixD-AELCalculations.pdf,2019-002%20pihnAppendixD-AELCalculations.pdf,hud.gov,,28425,27.8 KB,pending,2026-07-10T14:12:38.650527+00:00,,,,,,,,,,,,,,,,,,,,,,,,,,,,
https://www.hud.gov/sites/dfiles/OCHCO/documents/2019-002pihnAppendixC-DCECalculations.pdf,2019-002pihnAppendixC-DCECalculations.pdf,hud.gov,,34376,33.6 KB,pending,2026-07-10T14:12:38.652571+00:00,,,,,,,,,,,,,,,,,,,,,,,,,,,,
https://www.hud.gov/sites/dfiles/OCHCO/documents/2019-02pihn.pdf,2019-02pihn.pdf,hud.gov,,60252,58.8 KB,pending,2026-07-10T14:12:38.654637+00:00,,,,,,,,,,,,,,,,,,,,,,,,,,,,
https://www.hud.gov/sites/dfiles/OCHCO/documents/2019-07pihn.pdf,2019-07pihn.pdf,hud.gov,,34715,33.9 KB,pending,2026-07-10T14:12:38.656668+00:00,,,,,,,,,,,,,,,,,,,,,,,,,,,,
https://www.hud.gov/sites/dfiles/OCHCO/documents/2019-08pihn.pdf,2019-08pihn.pdf,hud.gov,,555098,542.1 KB,pending,2026-07-10T14:12:38.659852+00:00,,,,,,,,,,,,,,,,,,,,,,,,,,,,
https://www.hud.gov/sites/dfiles/OCHCO/documents/2019-09pihn.pdf,2019-09pihn.pdf,hud.gov,,65686,64.1 KB,pending,2026-07-10T14:12:38.661928+00:00,,,,,,,,,,,,,,,,,,,,,,,,,,,,
https://www.hud.gov/sites/dfiles/OCHCO/documents/2019-10pihn.pdf,2019-10pihn.pdf,hud.gov,,55427,54.1 KB,pending,2026-07-10T14:12:38.663978+00:00,,,,,,,,,,,,,,,,,,,,,,,,,,,,
https://www.hud.gov/sites/dfiles/OCHCO/documents/2019-11pihn.pdf,2019-11pihn.pdf,hud.gov,,728633,711.6 KB,pending,2026-07-10T14:12:38.667562+00:00,,,,,,,,,,,,,,,,,,,,,,,,,,,,
https://www.hud.gov/sites/dfiles/OCHCO/documents/2019-13pihn.pdf,2019-13pihn.pdf,hud.gov,,76728,74.9 KB,pending,2026-07-10T14:12:38.669669+00:00,,,,,,,,,,,,,,,,,,,,,,,,,,,,
https://www.hud.gov/sites/dfiles/OCHCO/documents/2019-16pihn.pdf,2019-16pihn.pdf,hud.gov,,62332,60.9 KB,pending,2026-07-10T14:12:38.671766+00:00,,,,,,,,,,,,,,,,,,,,,,,,,,,,
https://www.hud.gov/sites/dfiles/OCHCO/documents/2019-17pihn.pdf,2019-17pihn.pdf,hud.gov,,74648,72.9 KB,pending,2026-07-10T14:12:38.673868+00:00,,,,,,,,,,,,,,,,,,,,,,,,,,,,
https://www.hud.gov/sites/dfiles/OCHCO/documents/2019-21pihn.pdf,2019-21pihn.pdf,hud.gov,,21430,20.9 KB,pending,2026-07-10T14:12:38.675840+00:00,,,,,,,,,,,,,,,,,,,,,,,,,,,,
https://www.hud.gov/sites/dfiles/OCHCO/documents/2019-23pihn.pdf,2019-23pihn.pdf,hud.gov,,1531273,1.5 MB,pending,2026-07-10T14:12:38.681211+00:00,,,,,,,,,,,,,,,,,,,,,,,,,,,,
https://www.hud.gov/sites/dfiles/PIH/documents/2020%20ONAP%20NAHASDA%20Useful%20Life%20Guidance%20signed%2009-09-20.pdf,2020%20ONAP%20NAHASDA%20Useful%20Life%20Guidance%20signed%2009-09-20.pdf,hud.gov,,147900,144.4 KB,pending,2026-07-10T14:12:38.683508+00:00,,,,,,,,,,,,,,,,,,,,,,,,,,,,
https://www.hud.gov/sites/dfiles/PIH/documents/2020-01_FY20_Income_Limits_Guidance.pdf,2020-01_FY20_Income_Limits_Guidance.pdf,hud.gov,,226381,221.1 KB,pending,2026-07-10T14:12:38.686029+00:00,,,,,,,,,,,,,,,,,,,,,,,,,,,,
https://www.govinfo.gov/content/pkg/FR-2020-02-27/pdf/2020-04004.pdf,2020-04004.pdf,hud.gov,govinfo.gov,230220,224.8 KB,pending,2026-07-10T14:12:38.688492+00:00,,,,,,,,,,,,,,,,,,,,,,,,,,,,
https://www.hud.gov/sites/dfiles/OCHCO/documents/2020-10pihn.pdf,2020-10pihn.pdf,hud.gov,,30849,30.1 KB,pending,2026-07-10T14:12:38.690490+00:00,,,,,,,,,,,,,,,,,,,,,,,,,,,,
https://www.hud.gov/sites/dfiles/OCHCO/documents/2020-15pihn2.pdf,2020-15pihn2.pdf,hud.gov,,527182,514.8 KB,pending,2026-07-10T14:12:38.693612+00:00,,,,,,,,,,,,,,,,,,,,,,,,,,,,
https://www.hud.gov/sites/dfiles/SFH/documents/2020_partial_condo_waiver_2_19_20.pdf,2020_partial_condo_waiver_2_19_20.pdf,hud.gov,,423022,413.1 KB,pending,2026-07-10T14:12:38.696506+00:00,,,,,,,,,,,,,,,,,,,,,,,,,,,,
https://www.hud.gov/sites/dfiles/PIH/documents/2021-01_Income_Limits.pdf,2021-01_Income_Limits.pdf,hud.gov,,155625,152.0 KB,pending,2026-07-10T14:12:38.698781+00:00,,,,,,,,,,,,,,,,,,,,,,,,,,,,
https://www.hud.gov/sites/dfiles/PIH/documents/2021-09pihn-Corrected.pdf,2021-09pihn-Corrected.pdf,hud.gov,,57673,56.3 KB,pending,2026-07-10T14:12:38.700828+00:00,,,,,,,,,,,,,,,,,,,,,,,,,,,,
https://www.hud.gov/sites/dfiles/OCHCO/documents/2021-11pihn.pdf,2021-11pihn.pdf,hud.gov,,151264,147.7 KB,pending,2026-07-10T14:12:38.703088+00:00,,,,,,,,,,,,,,,,,,,,,,,,,,,,
https://www.hud.gov/sites/dfiles/OCHCO/documents/2021-20pihn.pdf,2021-20pihn.pdf,hud.gov,,37018,36.2 KB,pending,2026-07-10T14:12:38.705106+00:00,,,,,,,,,,,,,,,,,,,,,,,,,,,,
https://www.hud.gov/sites/dfiles/OCHCO/documents/2021-28pihn.pdf,2021-28pihn.pdf,hud.gov,,46504,45.4 KB,pending,2026-07-10T14:12:38.707186+00:00,,,,,,,,,,,,,,,,,,,,,,,,,,,,
https://www.hud.gov/sites/dfiles/OCHCO/documents/2021-pihn13.pdf,2021-pihn13.pdf,hud.gov,,118832,116.0 KB,pending,2026-07-10T14:12:38.709395+00:00,,,,,,,,,,,,,,,,,,,,,,,,,,,,
https://www.hud.gov/sites/dfiles/SFH/documents/2021WaiverInsuranceCondo.pdf,2021WaiverInsuranceCondo.pdf,hud.gov,,546482,533.7 KB,pending,2026-07-10T14:12:38.712555+00:00,,,,,,,,,,,,,,,,,,,,,,,,,,,,
https://www.hud.gov/sites/dfiles/PIH/documents/2022-01_Income_Limits.pdf,2022-01_Income_Limits.pdf,hud.gov,,213608,208.6 KB,pending,2026-07-10T14:12:38.714968+00:00,,,,,,,,,,,,,,,,,,,,,,,,,,,,
https://www.hud.gov/sites/dfiles/OCHCO/documents/2022-01pihn.pdf,2022-01pihn.pdf,hud.gov,,313052,305.7 KB,pending,2026-07-10T14:12:38.717705+00:00,,,,,,,,,,,,,,,,,,,,,,,,,,,,
https://www.hud.gov/sites/dfiles/OCHCO/documents/2022-03pihn.pdf,2022-03pihn.pdf,hud.gov,,271289,264.9 KB,pending,2026-07-10T14:12:38.720261+00:00,,,,,,,,,,,,,,,,,,,,,,,,,,,,
https://www.hud.gov/sites/dfiles/OCHCO/documents/2022-08pihn.pdf,2022-08pihn.pdf,hud.gov,,222760,217.5 KB,pending,2026-07-10T14:12:38.722718+00:00,,,,,,,,,,,,,,,,,,,,,,,,,,,,
https://www.hud.gov/sites/dfiles/OCHCO/documents/2022-12pihn.pdf,2022-12pihn.pdf,hud.gov,,233040,227.6 KB,pending,2026-07-10T14:12:38.725173+00:00,,,,,,,,,,,,,,,,,,,,,,,,,,,,
https://www.hud.gov/sites/dfiles/PIH/documents/2022-15pihn.pdf,2022-15pihn.pdf,hud.gov,,511793,499.8 KB,pending,2026-07-10T14:12:38.728269+00:00,,,,,,,,,,,,,,,,,,,,,,,,,,,,
https://www.hud.gov/sites/dfiles/OCHCO/documents/2022-22pihn.pdf,2022-22pihn.pdf,hud.gov,,81239,79.3 KB,pending,2026-07-10T14:12:38.730394+00:00,,,,,,,,,,,,,,,,,,,,,,,,,,,,
https://www.hud.gov/sites/dfiles/PIH/documents/2023-01_FY_Income_Limits.pdf,2023-01_FY_Income_Limits.pdf,hud.gov,,163260,159.4 KB,pending,2026-07-10T14:12:38.732691+00:00,,,,,,,,,,,,,,,,,,,,,,,,,,,,
https://www.hud.gov/sites/dfiles/PIH/documents/2023-01_NHHBG_Income_Limits.pdf,2023-01_NHHBG_Income_Limits.pdf,hud.gov,,113690,111.0 KB,pending,2026-07-10T14:12:38.734871+00:00,,,,,,,,,,,,,,,,,,,,,,,,,,,,
https://www.govinfo.gov/content/pkg/FR-2023-05-11/pdf/2023-09693.pdf,2023-09693.pdf,hud.gov,govinfo.gov,498178,486.5 KB,pending,2026-07-10T14:12:38.737992+00:00,,,,,,,,,,,,,,,,,,,,,,,,,,,,
https://www.govinfo.gov/content/pkg/FR-2023-06-22/pdf/2023-13293.pdf,2023-13293.pdf,hud.gov,govinfo.gov,242877,237.2 KB,pending,2026-07-10T14:12:38.740497+00:00,,,,,,,,,,,,,,,,,,,,,,,,,,,,
https://www.govinfo.gov/content/pkg/FR-2023-07-07/pdf/2023-14362.pdf,2023-14362.pdf,hud.gov,govinfo.gov,285701,279.0 KB,pending,2026-07-10T14:12:38.743075+00:00,,,,,,,,,,,,,,,,,,,,,,,,,,,,
https://www.hud.gov/sites/dfiles/OCHCO/documents/2023-14pihn.pdf,2023-14pihn.pdf,hud.gov,,114906,112.2 KB,pending,2026-07-10T14:12:38.745264+00:00,,,,,,,,,,,,,,,,,,,,,,,,,,,,
https://www.hud.gov/sites/dfiles/OCHCO/documents/2023-16pihn.pdf,2023-16pihn.pdf,hud.gov,,174115,170.0 KB,pending,2026-07-10T14:12:38.747605+00:00,,,,,,,,,,,,,,,,,,,,,,,,,,,,
https://www.hud.gov/sites/dfiles/OCHCO/documents/2023-23pihn.pdf,2023-23pihn.pdf,hud.gov,,146066,142.6 KB,pending,2026-07-10T14:12:38.749862+00:00,,,,,,,,,,,,,,,,,,,,,,,,,,,,
https://www.hud.gov/sites/dfiles/OCHCO/documents/2023-26pihn.pdf,2023-26pihn.pdf,hud.gov,,48904,47.8 KB,pending,2026-07-10T14:12:38.751897+00:00,,,,,,,,,,,,,,,,,,,,,,,,,,,,
https://www.hud.gov/sites/dfiles/PIH/documents/2023PIH01.pdf,2023PIH01.pdf,hud.gov,,289312,282.5 KB,pending,2026-07-10T14:12:38.758007+00:00,,,,,,,,,,,,,,,,,,,,,,,,,,,,
https://www.hud.gov/sites/dfiles/PIH/documents/2023PIH02.pdf,2023PIH02.pdf,hud.gov,,264555,258.4 KB,pending,2026-07-10T14:12:38.761231+00:00,,,,,,,,,,,,,,,,,,,,,,,,,,,,
https://www.hud.gov/sites/dfiles/PIH/documents/2023_Units_TDC_Limits.pdf,2023_Units_TDC_Limits.pdf,hud.gov,,614316,599.9 KB,pending,2026-07-10T14:12:38.764924+00:00,,,,,,,,,,,,,,,,,,,,,,,,,,,,
https://www.hud.gov/sites/dfiles/PIH/documents/2024-01_FY24_IHBG_Income_Limits.pdf,2024-01_FY24_IHBG_Income_Limits.pdf,hud.gov,,165854,162.0 KB,pending,2026-07-10T14:12:38.767279+00:00,,,,,,,,,,,,,,,,,,,,,,,,,,,,
https://www.hud.gov/sites/dfiles/PIH/documents/2024-01_FY24_NHHBG_Income_Limits.pdf,2024-01_FY24_NHHBG_Income_Limits.pdf,hud.gov,,121364,118.5 KB,pending,2026-07-10T14:12:38.769542+00:00,,,,,,,,,,,,,,,,,,,,,,,,,,,,
https://www.govinfo.gov/content/pkg/FR-2024-06-14/pdf/2024-13124.pdf,2024-13124.pdf,hud.gov,govinfo.gov,209083,204.2 KB,pending,2026-07-10T14:12:38.771951+00:00,,,,,,,,,,,,,,,,,,,,,,,,,,,,
https://www.hud.gov/sites/dfiles/OCHCO/documents/2024-26pihn.pdf,2024-26pihn.pdf,hud.gov,,169518,165.5 KB,pending,2026-07-10T14:12:38.775139+00:00,,,,,,,,,,,,,,,,,,,,,,,,,,,,
https://www.hud.gov/sites/dfiles/OCHCO/documents/2024-28pihn.pdf,2024-28pihn.pdf,hud.gov,,488546,477.1 KB,pending,2026-07-10T14:12:38.778179+00:00,,,,,,,,,,,,,,,,,,,,,,,,,,,,
https://www.hud.gov/sites/dfiles/OCHCO/documents/2024-37pihn.pdf,2024-37pihn.pdf,hud.gov,,149165,145.7 KB,pending,2026-07-10T14:12:38.780535+00:00,,,,,,,,,,,,,,,,,,,,,,,,,,,,
https://www.hud.gov/sites/dfiles/OCHCO/documents/2024-FEVS-HEART-Report.pdf,2024-FEVS-HEART-Report.pdf,hud.gov,,2192239,2.1 MB,pending,2026-07-10T14:12:38.787472+00:00,,,,,,,,,,,,,,,,,,,,,,,,,,,,
https://www.hud.gov/sites/dfiles/PIH/documents/2024HIGHPERFORMERLISTFY24.pdf,2024HIGHPERFORMERLISTFY24.pdf,hud.gov,,858944,838.8 KB,pending,2026-07-10T14:12:38.791376+00:00,,,,,,,,,,,,,,,,,,,,,,,,,,,,
https://www.hud.gov/sites/dfiles/PIH/documents/2024_Units_TDC_Limits.pdf,2024_Units_TDC_Limits.pdf,hud.gov,,1166059,1.1 MB,pending,2026-07-10T14:12:38.795956+00:00,,,,,,,,,,,,,,,,,,,,,,,,,,,,
https://www.hud.gov/sites/dfiles/PIH/documents/2025-01_FY25_IHBG_Income_Limits.pdf,2025-01_FY25_IHBG_Income_Limits.pdf,hud.gov,,236552,231.0 KB,pending,2026-07-10T14:12:38.798471+00:00,,,,,,,,,,,,,,,,,,,,,,,,,,,,
https://www.hud.gov/sites/dfiles/OCHCO/documents/2025-01pihn.pdf,2025-01pihn.pdf,hud.gov,,239563,233.9 KB,pending,2026-07-10T14:12:38.800946+00:00,,,,,,,,,,,,,,,,,,,,,,,,,,,,
https://www.hud.gov/sites/dfiles/OCHCO/documents/2025-02pihn.pdf,2025-02pihn.pdf,hud.gov,,65653,64.1 KB,pending,2026-07-10T14:12:38.803026+00:00,,,,,,,,,,,,,,,,,,,,,,,,,,,,
https://www.hud.gov/sites/dfiles/OCHCO/documents/2025-04pihn.pdf,2025-04pihn.pdf,hud.gov,,343379,335.3 KB,pending,2026-07-10T14:12:38.805741+00:00,,,,,,,,,,,,,,,,,,,,,,,,,,,,
https://www.hud.gov/sites/dfiles/OCHCO/documents/2025-05pihn.pdf,2025-05pihn.pdf,hud.gov,,132585,129.5 KB,pending,2026-07-10T14:12:38.807968+00:00,,,,,,,,,,,,,,,,,,,,,,,,,,,,
https://www.hud.gov/sites/dfiles/OCHCO/documents/2025-06pihn.pdf,2025-06pihn.pdf,hud.gov,,254706,248.7 KB,pending,2026-07-10T14:12:38.810524+00:00,,,,,,,,,,,,,,,,,,,,,,,,,,,,
https://www.hud.gov/sites/dfiles/OCHCO/documents/27054E.pdf,27054E.pdf,hud.gov,,956612,934.2 KB,pending,2026-07-10T14:12:38.816728+00:00,,,,,,,,,,,,,,,,,,,,,,,,,,,,
https://www.hud.gov/sites/documents/27056.pdf,27056.pdf,hud.gov,,52969,51.7 KB,pending,2026-07-10T14:12:38.818784+00:00,,,,,,,,,,,,,,,,,,,,,,,,,,,,
https://www.hud.gov/sites/dfiles/OCHCO/documents/4000.1hsgh_20191024.pdf,4000.1hsgh_20191024.pdf,hud.gov,,6867902,6.5 MB,pending,2026-07-10T14:12:38.840005+00:00,,,,,,,,,,,,,,,,,,,,,,,,,,,,
https://www.hud.gov/sites/dfiles/OCHCO/documents/50058.PDF,50058.PDF,hud.gov,,803663,784.8 KB,pending,2026-07-10T14:12:38.868888+00:00,,,,,,,,,,,,,,,,,,,,,,,,,,,,
https://www.hud.gov/sites/dfiles/PIH/documents/50058SpecialProgramCodes.pdf,50058SpecialProgramCodes.pdf,hud.gov,,12012,11.7 KB,pending,2026-07-10T14:12:38.871053+00:00,,,,,,,,,,,,,,,,,,,,,,,,,,,,
https://www.hud.gov/sites/dfiles/PIH/documents/50058errorcodes.pdf,50058errorcodes.pdf,hud.gov,,367914,359.3 KB,pending,2026-07-10T14:12:38.873984+00:00,,,,,,,,,,,,,,,,,,,,,,,,,,,,
https://www.hud.gov/sites/documents/50058i.pdf,50058i.pdf,hud.gov,,390780,381.6 KB,pending,2026-07-10T14:12:38.876909+00:00,,,,,,,,,,,,,,,,,,,,,,,,,,,,
https://www.hud.gov/sites/dfiles/OCHCO/documents/50110-A%20pih.pdf,50110-A%20pih.pdf,hud.gov,,57178,55.8 KB,pending,2026-07-10T14:12:38.879040+00:00,,,,,,,,,,,,,,,,,,,,,,,,,,,,
https://www.hud.gov/sites/dfiles/OCHCO/documents/50111-A%20pih.pdf,50111-A%20pih.pdf,hud.gov,,84461,82.5 KB,pending,2026-07-10T14:12:38.881221+00:00,,,,,,,,,,,,,,,,,,,,,,,,,,,,
https://www.hud.gov/sites/dfiles/OCHCO/documents/50112-A%20pih.pdf,50112-A%20pih.pdf,hud.gov,,55368,54.1 KB,pending,2026-07-10T14:12:38.883272+00:00,,,,,,,,,,,,,,,,,,,,,,,,,,,,
https://www.hud.gov/sites/dfiles/OCHCO/documents/50118-A%20pih.pdf,50118-A%20pih.pdf,hud.gov,,114782,112.1 KB,pending,2026-07-10T14:12:38.885481+00:00,,,,,,,,,,,,,,,,,,,,,,,,,,,,
https://www.hud.gov/sites/dfiles/OCHCO/documents/50119-A%20pih.pdf,50119-A%20pih.pdf,hud.gov,,65788,64.2 KB,pending,2026-07-10T14:12:38.887561+00:00,,,,,,,,,,,,,,,,,,,,,,,,,,,,
https://www.hud.gov/sites/dfiles/OCHCO/documents/50124-A%20pih.pdf,50124-A%20pih.pdf,hud.gov,,41021,40.1 KB,pending,2026-07-10T14:12:38.889583+00:00,,,,,,,,,,,,,,,,,,,,,,,,,,,,
https://www.hud.gov/sites/dfiles/OCHCO/documents/50125-A%20pih.pdf,50125-A%20pih.pdf,hud.gov,,59042,57.7 KB,pending,2026-07-10T14:12:38.891639+00:00,,,,,,,,,,,,,,,,,,,,,,,,,,,,
https://www.hud.gov/sites/dfiles/OCHCO/documents/50127-A%20pih.pdf,50127-A%20pih.pdf,hud.gov,,83630,81.7 KB,pending,2026-07-10T14:12:38.893762+00:00,,,,,,,,,,,,,,,,,,,,,,,,,,,,
https://www.hud.gov/sites/dfiles/OCHCO/documents/50128-A%20pih.pdf,50128-A%20pih.pdf,hud.gov,,99825,97.5 KB,pending,2026-07-10T14:12:38.895914+00:00,,,,,,,,,,,,,,,,,,,,,,,,,,,,
https://www.hud.gov/sites/dfiles/OCHCO/documents/50131-A.pdf,50131-A.pdf,hud.gov,,46483,45.4 KB,pending,2026-07-10T14:12:38.897963+00:00,,,,,,,,,,,,,,,,,,,,,,,,,,,,
https://www.hud.gov/sites/dfiles/OCHCO/documents/50143-A%20pih.pdf,50143-A%20pih.pdf,hud.gov,,82459,80.5 KB,pending,2026-07-10T14:12:38.900137+00:00,,,,,,,,,,,,,,,,,,,,,,,,,,,,
https://www.hud.gov/sites/dfiles/OCHCO/documents/50149-A%20pih.pdf,50149-A%20pih.pdf,hud.gov,,57908,56.6 KB,pending,2026-07-10T14:12:38.902197+00:00,,,,,,,,,,,,,,,,,,,,,,,,,,,,
https://www.hud.gov/sites/dfiles/CFO/documents/90_Day_Suspension_Form_Rev_A.pdf,90_Day_Suspension_Form_Rev_A.pdf,hud.gov,,264526,258.3 KB,pending,2026-07-10T14:12:38.905883+00:00,,,,,,,,,,,,,,,,,,,,,,,,,,,,
https://www.hud.gov/sites/documents/97-24pihn.pdf,97-24pihn.pdf,hud.gov,,948599,926.4 KB,pending,2026-07-10T14:12:38.914873+00:00,,,,,,,,,,,,,,,,,,,,,,,,,,,,
https://www.hud.gov/sites/documents/97-31pihnatt.pdf,97-31pihnatt.pdf,hud.gov,,389417,380.3 KB,pending,2026-07-10T14:12:38.917711+00:00,,,,,,,,,,,,,,,,,,,,,,,,,,,,
https://www.hud.gov/sites/documents/97-8att.pdf,97-8att.pdf,hud.gov,,551619,538.7 KB,pending,2026-07-10T14:12:38.920908+00:00,,,,,,,,,,,,,,,,,,,,,,,,,,,,
https://www.hud.gov/sites/documents/98-10attpihn.pdf,98-10attpihn.pdf,hud.gov,,395479,386.2 KB,pending,2026-07-10T14:12:38.926491+00:00,,,,,,,,,,,,,,,,,,,,,,,,,,,,
https://www.hud.gov/sites/documents/98-11attpihn.pdf,98-11attpihn.pdf,hud.gov,,732153,715.0 KB,pending,2026-07-10T14:12:38.930100+00:00,,,,,,,,,,,,,,,,,,,,,,,,,,,,
https://www.hud.gov/sites/documents/98-11bttpihn.pdf,98-11bttpihn.pdf,hud.gov,,574078,560.6 KB,pending,2026-07-10T14:12:38.933349+00:00,,,,,,,,,,,,,,,,,,,,,,,,,,,,
https://www.hud.gov/sites/documents/98-13attpihn.pdf,98-13attpihn.pdf,hud.gov,,70914,69.3 KB,pending,2026-07-10T14:12:38.935461+00:00,,,,,,,,,,,,,,,,,,,,,,,,,,,,
https://www.hud.gov/sites/documents/98-14attpihn.pdf,98-14attpihn.pdf,hud.gov,,77771,75.9 KB,pending,2026-07-10T14:12:38.937585+00:00,,,,,,,,,,,,,,,,,,,,,,,,,,,,
https://www.hud.gov/sites/documents/98-23attapihn.pdf,98-23attapihn.pdf,hud.gov,,1975138,1.9 MB,pending,2026-07-10T14:12:38.943996+00:00,,,,,,,,,,,,,,,,,,,,,,,,,,,,
https://www.hud.gov/sites/documents/98-23attbpihn.pdf,98-23attbpihn.pdf,hud.gov,,1715388,1.6 MB,pending,2026-07-10T14:12:38.949817+00:00,,,,,,,,,,,,,,,,,,,,,,,,,,,,
https://www.hud.gov/sites/documents/98-29attpihn.pdf,98-29attpihn.pdf,hud.gov,,1484508,1.4 MB,pending,2026-07-10T14:12:38.955124+00:00,,,,,,,,,,,,,,,,,,,,,,,,,,,,
https://www.hud.gov/sites/documents/98-33attpihn.pdf,98-33attpihn.pdf,hud.gov,,283859,277.2 KB,pending,2026-07-10T14:12:38.957734+00:00,,,,,,,,,,,,,,,,,,,,,,,,,,,,
https://www.hud.gov/sites/documents/98-34attpihn.pdf,98-34attpihn.pdf,hud.gov,,271350,265.0 KB,pending,2026-07-10T14:12:38.960284+00:00,,,,,,,,,,,,,,,,,,,,,,,,,,,,
https://www.hud.gov/sites/documents/98-35attpihn.pdf,98-35attpihn.pdf,hud.gov,,306249,299.1 KB,pending,2026-07-10T14:12:38.962921+00:00,,,,,,,,,,,,,,,,,,,,,,,,,,,,
https://www.hud.gov/sites/documents/98-37pihn.pdf,98-37pihn.pdf,hud.gov,,302673,295.6 KB,pending,2026-07-10T14:12:38.965548+00:00,,,,,,,,,,,,,,,,,,,,,,,,,,,,
https://www.hud.gov/sites/documents/98-40bpihn.pdf,98-40bpihn.pdf,hud.gov,,7912,7.7 KB,pending,2026-07-10T14:12:38.967498+00:00,,,,,,,,,,,,,,,,,,,,,,,,,,,,
https://www.hud.gov/sites/documents/98-40cpihn.pdf,98-40cpihn.pdf,hud.gov,,8390,8.2 KB,pending,2026-07-10T14:12:38.969444+00:00,,,,,,,,,,,,,,,,,,,,,,,,,,,,
https://www.hud.gov/sites/documents/98-41attpihn.pdf,98-41attpihn.pdf,hud.gov,,314153,306.8 KB,pending,2026-07-10T14:12:38.972079+00:00,,,,,,,,,,,,,,,,,,,,,,,,,,,,
https://www.hud.gov/sites/documents/98-42attpihn.pdf,98-42attpihn.pdf,hud.gov,,1678845,1.6 MB,pending,2026-07-10T14:12:38.977808+00:00,,,,,,,,,,,,,,,,,,,,,,,,,,,,
https://www.hud.gov/sites/documents/98-43apppihn.pdf,98-43apppihn.pdf,hud.gov,,708177,691.6 KB,pending,2026-07-10T14:12:38.981341+00:00,,,,,,,,,,,,,,,,,,,,,,,,,,,,
https://www.hud.gov/sites/documents/98-53attpihn.pdf,98-53attpihn.pdf,hud.gov,,1369475,1.3 MB,pending,2026-07-10T14:12:38.986389+00:00,,,,,,,,,,,,,,,,,,,,,,,,,,,,
https://www.hud.gov/sites/documents/98-7pihnatt1.pdf,98-7pihnatt1.pdf,hud.gov,,128413,125.4 KB,pending,2026-07-10T14:12:38.988630+00:00,,,,,,,,,,,,,,,,,,,,,,,,,,,,
https://www.hud.gov/sites/documents/98-7pihnatt2.pdf,98-7pihnatt2.pdf,hud.gov,,3385,3.3 KB,pending,2026-07-10T14:12:38.990571+00:00,,,,,,,,,,,,,,,,,,,,,,,,,,,,
https://www.hud.gov/sites/documents/99-17attpihn.pdf,99-17attpihn.pdf,hud.gov,,5199316,5.0 MB,pending,2026-07-10T14:12:39.004280+00:00,,,,,,,,,,,,,,,,,,,,,,,,,,,,
https://www.hud.gov/sites/documents/99-19pihn.pdf,99-19pihn.pdf,hud.gov,,46568,45.5 KB,pending,2026-07-10T14:12:39.006561+00:00,,,,,,,,,,,,,,,,,,,,,,,,,,,,
https://www.hud.gov/sites/dfiles/FHEO/documents/AS-FHEO-1.pdf,AS-FHEO-1.pdf,hud.gov,,117340,114.6 KB,pending,2026-07-10T14:12:39.008813+00:00,,,,,,,,,,,,,,,,,,,,,,,,,,,,
https://www.hud.gov/sites/default/files/hudclips/documents/AS-Trainor's-DCL-on-Neighborhood-Crime-Data-and-School-Quality.pdf,AS-Trainor's-DCL-on-Neighborhood-Crime-Data-and-School-Quality.pdf,hud.gov,,162648,158.8 KB,pending,2026-07-10T14:12:39.011122+00:00,,,,,,,,,,,,,,,,,,,,,,,,,,,,
https://www.hud.gov/sites/default/files/hudclips/documents/AS-Trainor-Enforcement-Guidance-Assessing-Requests-for-the-use-of-an-animal-as-a-reasonable-accommodation-under-the-fair-housing-act.pdf,AS-Trainor-Enforcement-Guidance-Assessing-Requests-for-the-use-of-an-animal-as-a-reasonable-accommodation-under-the-fair-housing-act.pdf,hud.gov,,2640288,2.5 MB,pending,2026-07-10T14:12:39.019013+00:00,,,,,,,,,,,,,,,,,,,,,,,,,,,,
https://www.hud.gov/sites/dfiles/PIH/documents/ATT-APPENDIX-FINAL.pdf,ATT-APPENDIX-FINAL.pdf,hud.gov,,186514,182.1 KB,pending,2026-07-10T14:12:39.021399+00:00,,,,,,,,,,,,,,,,,,,,,,,,,,,,
https://www.hud.gov/sites/dfiles/PIH/documents/ATT-SECOND-WAIVER-NOTICE.pdf,ATT-SECOND-WAIVER-NOTICE.pdf,hud.gov,,647602,632.4 KB,pending,2026-07-10T14:12:39.024847+00:00,,,,,,,,,,,,,,,,,,,,,,,,,,,,
https://www.hud.gov/sites/dfiles/PIH/documents/AUP_v111920.pdf,AUP_v111920.pdf,hud.gov,,220119,215.0 KB,pending,2026-07-10T14:12:39.027310+00:00,,,,,,,,,,,,,,,,,,,,,,,,,,,,
https://www.hud.gov/sites/dfiles/PIH/documents/Abbreviated_NHHP-APR_Guidance_Post_OMB4-20-21.pdf,Abbreviated_NHHP-APR_Guidance_Post_OMB4-20-21.pdf,hud.gov,,287467,280.7 KB,pending,2026-07-10T14:12:39.029939+00:00,,,,,,,,,,,,,,,,,,,,,,,,,,,,
https://www.hud.gov/sites/dfiles/PIH/documents/Administrative_Requirements_for_Investing_IHBG_Funds10.25.2019.pdf,Administrative_Requirements_for_Investing_IHBG_Funds10.25.2019.pdf,hud.gov,,190803,186.3 KB,pending,2026-07-10T14:12:39.032306+00:00,,,,,,,,,,,,,,,,,,,,,,,,,,,,
https://www.hud.gov/sites/dfiles/PIH/documents/AppealProcess.pdf,AppealProcess.pdf,hud.gov,,90238,88.1 KB,pending,2026-07-10T14:12:39.034462+00:00,,,,,,,,,,,,,,,,,,,,,,,,,,,,
https://www.hud.gov/sites/dfiles/PIH/documents/Appeals%20Guidance%20for%20POAs%20and%20PHAs_Draft_update_30JUL24.pdf,Appeals%20Guidance%20for%20POAs%20and%20PHAs_Draft_update_30JUL24.pdf,hud.gov,,538837,526.2 KB,pending,2026-07-10T14:12:39.037613+00:00,,,,,,,,,,,,,,,,,,,,,,,,,,,,
https://www.hud.gov/sites/dfiles/OCHCO/documents/Appendix-A-2-28-19-ONAP.pdf,Appendix-A-2-28-19-ONAP.pdf,hud.gov,,61771,60.3 KB,pending,2026-07-10T14:12:39.039683+00:00,,,,,,,,,,,,,,,,,,,,,,,,,,,,
https://www.hud.gov/sites/dfiles/OCHCO/documents/Appendix-B-2-28-19-ONAP.pdf,Appendix-B-2-28-19-ONAP.pdf,hud.gov,,64982,63.5 KB,pending,2026-07-10T14:12:39.041761+00:00,,,,,,,,,,,,,,,,,,,,,,,,,,,,
https://www.hud.gov/sites/dfiles/PIH/documents/Are_Your_Ready_For_Homeownership.pdf,Are_Your_Ready_For_Homeownership.pdf,hud.gov,,230130,224.7 KB,pending,2026-07-10T14:12:39.044270+00:00,,,,,,,,,,,,,,,,,,,,,,,,,,,,
https://www.hud.gov/sites/default/files/FHEO/documents/Assistant-Secretary-Trainor's-Guidance-on-the-Fair-Housing-Act's-Application-to-Racially-Segregated-School-Housing.pdf,Assistant-Secretary-Trainor's-Guidance-on-the-Fair-Housing-Act's-Application-to-Racially-Segregated-School-Housing.pdf,hud.gov,,101099,98.7 KB,pending,2026-07-10T14:12:39.046521+00:00,,,,,,,,,,,,,,,,,,,,,,,,,,,,
https://www.hud.gov/sites/dfiles/SFH/documents/Borrower%20and%20NBS%20Certifications.pdf,Borrower%20and%20NBS%20Certifications.pdf,hud.gov,,173356,169.3 KB,pending,2026-07-10T14:12:39.048872+00:00,,,,,,,,,,,,,,,,,,,,,,,,,,,,
https://www.hud.gov/sites/dfiles/CFO/documents/CAO_or_27054E_Presentation.pdf,CAO_or_27054E_Presentation.pdf,hud.gov,,521262,509.0 KB,pending,2026-07-10T14:12:39.052036+00:00,,,,,,,,,,,,,,,,,,,,,,,,,,,,
https://www.hud.gov/sites/dfiles/PIH/documents/CARESAct_Reporting_Training_v12.10.20.pdf,CARESAct_Reporting_Training_v12.10.20.pdf,hud.gov,,483843,472.5 KB,pending,2026-07-10T14:12:39.055090+00:00,,,,,,,,,,,,,,,,,,,,,,,,,,,,
https://www.hud.gov/sites/dfiles/PIH/documents/CARESactFinancialReporting_v091520.pdf,CARESactFinancialReporting_v091520.pdf,hud.gov,,644746,629.6 KB,pending,2026-07-10T14:12:39.058524+00:00,,,,,,,,,,,,,,,,,,,,,,,,,,,,
https://www.hud.gov/sites/dfiles/PIH/documents/CHUSA%20Webinar%20Cap%20and%20Op%20FundHUDPIH-516391410-328.pdf,CHUSA%20Webinar%20Cap%20and%20Op%20FundHUDPIH-516391410-328.pdf,hud.gov,,2015946,1.9 MB,pending,2026-07-10T14:12:39.065037+00:00,,,,,,,,,,,,,,,,,,,,,,,,,,,,
https://www.hud.gov/sites/dfiles/PIH/documents/COVID19InspectionProtocolNotice2020-01.pdf,COVID19InspectionProtocolNotice2020-01.pdf,hud.gov,,151453,147.9 KB,pending,2026-07-10T14:12:39.067350+00:00,,,,,,,,,,,,,,,,,,,,,,,,,,,,
https://www.hud.gov/sites/dfiles/PIH/documents/COVID19InspectorProtocolNotice2021-01.pdf,COVID19InspectorProtocolNotice2021-01.pdf,hud.gov,,66719,65.2 KB,pending,2026-07-10T14:12:39.069462+00:00,,,,,,,,,,,,,,,,,,,,,,,,,,,,
https://www.hud.gov/sites/default/files/hudclips/documents/CPD-26-01.pdf,CPD-26-01.pdf,hud.gov,,48935,47.8 KB,pending,2026-07-10T14:12:39.071556+00:00,,,,,,,,,,,,,,,,,,,,,,,,,,,,
https://www.huduser.gov/portal/sites/default/files/pdf/Call-for-Exhibitors-2026.pdf,Call-for-Exhibitors-2026.pdf,hud.gov,huduser.gov,190375,185.9 KB,pending,2026-07-10T14:12:39.073921+00:00,,,,,,,,,,,,,,,,,,,,,,,,,,,,
https://www.hud.gov/sites/dfiles/PIH/documents/CapFund%20cert%20instructions%20FY%202022.pdf,CapFund%20cert%20instructions%20FY%202022.pdf,hud.gov,,335335,327.5 KB,pending,2026-07-10T14:12:39.076626+00:00,,,,,,,,,,,,,,,,,,,,,,,,,,,,
https://www.hud.gov/sites/dfiles/PIH/documents/CapFund%20cert%20instructions%20FY%202024.pdf,CapFund%20cert%20instructions%20FY%202024.pdf,hud.gov,,502076,490.3 KB,pending,2026-07-10T14:12:39.079718+00:00,,,,,,,,,,,,,,,,,,,,,,,,,,,,
https://www.hud.gov/sites/dfiles/PIH/documents/CapFundcertinstructionsFY2026.pdf,CapFundcertinstructionsFY2026.pdf,hud.gov,,529890,517.5 KB,pending,2026-07-10T14:12:39.082954+00:00,,,,,,,,,,,,,,,,,,,,,,,,,,,,
https://www.hud.gov/sites/dfiles/PIH/documents/CapFundcertinstructionsFY25.pdf,CapFundcertinstructionsFY25.pdf,hud.gov,,502613,490.8 KB,pending,2026-07-10T14:12:39.086082+00:00,,,,,,,,,,,,,,,,,,,,,,,,,,,,
https://www.hud.gov/sites/dfiles/PIH/documents/Capital%20Fund%20Guidebook%20CFFP%20(Chapter%209-11)%20DeveCFFP%20HUDPIH-516391410-322.pdf,Capital%20Fund%20Guidebook%20CFFP%20(Chapter%209-11)%20DeveCFFP%20HUDPIH-516391410-322.pdf,hud.gov,,1743878,1.7 MB,pending,2026-07-10T14:12:39.092003+00:00,,,,,,,,,,,,,,,,,,,,,,,,,,,,
https://www.hud.gov/sites/dfiles/PIH/documents/Capital%20Fund%20Guidebook%20Chapter%2010%20RAD%20%20MTW%20HUDPIH-516391410-321.pdf,Capital%20Fund%20Guidebook%20Chapter%2010%20RAD%20%20MTW%20HUDPIH-516391410-321.pdf,hud.gov,,704442,687.9 KB,pending,2026-07-10T14:12:39.095572+00:00,,,,,,,,,,,,,,,,,,,,,,,,,,,,
https://www.hud.gov/sites/dfiles/PIH/documents/Capital%20Fund%20Guidebook%20Chapter%203%20Planning%20HUDPIH-516391410-319.pdf,Capital%20Fund%20Guidebook%20Chapter%203%20Planning%20HUDPIH-516391410-319.pdf,hud.gov,,2902354,2.8 MB,pending,2026-07-10T14:12:39.104168+00:00,,,,,,,,,,,,,,,,,,,,,,,,,,,,
https://www.hud.gov/sites/dfiles/PIH/documents/Capital%20Fund%20Guidebook%20Chapter%207%20-HUDPIH-516391410-320.pdf,Capital%20Fund%20Guidebook%20Chapter%207%20-HUDPIH-516391410-320.pdf,hud.gov,,1078054,1.0 MB,pending,2026-07-10T14:12:39.108665+00:00,,,,,,,,,,,,,,,,,,,,,,,,,,,,
https://www.hud.gov/sites/dfiles/PIH/documents/Capital%20Fund%20Guidebook%20Chapter%208%20Emergency%20%20Disaster%20Grants%20HUDPIH-516391410-327.pdf,Capital%20Fund%20Guidebook%20Chapter%208%20Emergency%20%20Disaster%20Grants%20HUDPIH-516391410-327.pdf,hud.gov,,1179332,1.1 MB,pending,2026-07-10T14:12:39.113292+00:00,,,,,,,,,,,,,,,,,,,,,,,,,,,,
https://www.hud.gov/sites/dfiles/PIH/documents/Capital%20Fund%20Guidebook%20Eligible%20Activities%20(Chapter%202)%20HUDPIH-516391410-323.pdf,Capital%20Fund%20Guidebook%20Eligible%20Activities%20(Chapter%202)%20HUDPIH-516391410-323.pdf,hud.gov,,4043346,3.9 MB,pending,2026-07-10T14:12:39.124551+00:00,,,,,,,,,,,,,,,,,,,,,,,,,,,,
https://www.hud.gov/sites/dfiles/PIH/documents/Capital%20Fund%20Guidebook%20Formula%20Calculation%20HUDPIH-516391410-325.pdf,Capital%20Fund%20Guidebook%20Formula%20Calculation%20HUDPIH-516391410-325.pdf,hud.gov,,834480,814.9 KB,pending,2026-07-10T14:12:39.128551+00:00,,,,,,,,,,,,,,,,,,,,,,,,,,,,
https://www.hud.gov/sites/dfiles/PIH/documents/Capital%20Fund%20Guidebook%20Gen.%20Req.%20Sanctions%20%20Compliance%20HUDPIH-516391410-324.pdf,Capital%20Fund%20Guidebook%20Gen.%20Req.%20Sanctions%20%20Compliance%20HUDPIH-516391410-324.pdf,hud.gov,,978891,955.9 KB,pending,2026-07-10T14:12:39.132791+00:00,,,,,,,,,,,,,,,,,,,,,,,,,,,,
https://www.hud.gov/sites/dfiles/PIH/documents/Capital%20Fund%20Guidebook%20Overview%201HUDPIH-516391410-326.pdf,Capital%20Fund%20Guidebook%20Overview%201HUDPIH-516391410-326.pdf,hud.gov,,776166,758.0 KB,pending,2026-07-10T14:12:39.136526+00:00,,,,,,,,,,,,,,,,,,,,,,,,,,,,
https://www.hud.gov/sites/dfiles/CFO/documents/Change_of_Official_Form_Rev_G.pdf,Change_of_Official_Form_Rev_G.pdf,hud.gov,,253731,247.8 KB,pending,2026-07-10T14:12:39.139064+00:00,,,,,,,,,,,,,,,,,,,,,,,,,,,,
https://www.hud.gov/sites/dfiles/PIH/documents/Chap-V-Appendix-NNN-pay.gov-instructions.pdf,Chap-V-Appendix-NNN-pay.gov-instructions.pdf,hud.gov,,129402,126.4 KB,pending,2026-07-10T14:12:39.141296+00:00,,,,,,,,,,,,,,,,,,,,,,,,,,,,
https://www.hud.gov/sites/dfiles/PIH/documents/Chap-V-Appendix-NNN_Model-Change-in-Holder-of-Servicer-Letter.pdf,Chap-V-Appendix-NNN_Model-Change-in-Holder-of-Servicer-Letter.pdf,hud.gov,,104899,102.4 KB,pending,2026-07-10T14:12:39.143487+00:00,,,,,,,,,,,,,,,,,,,,,,,,,,,,
https://www.hud.gov/sites/dfiles/PIH/documents/Chap-V-Servicing-Performing-Loans-TOC.pdf,Chap-V-Servicing-Performing-Loans-TOC.pdf,hud.gov,,81482,79.6 KB,pending,2026-07-10T14:12:39.145608+00:00,,,,,,,,,,,,,,,,,,,,,,,,,,,,
https://www.hud.gov/sites/dfiles/PIH/documents/Chap-V-Servicing-Performing-Loans.pdf,Chap-V-Servicing-Performing-Loans.pdf,hud.gov,,342075,334.1 KB,pending,2026-07-10T14:12:39.148307+00:00,,,,,,,,,,,,,,,,,,,,,,,,,,,,
https://www.hud.gov/sites/dfiles/PIH/documents/Chapter_2_Section_A_Loan_Origination_and_Processing.pdf,Chapter_2_Section_A_Loan_Origination_and_Processing.pdf,hud.gov,,435016,424.8 KB,pending,2026-07-10T14:12:39.151243+00:00,,,,,,,,,,,,,,,,,,,,,,,,,,,,
https://www.hud.gov/sites/dfiles/PIH/documents/Chapter_2_Section_B-Loan_Thresholds_and_Parameters.pdf,Chapter_2_Section_B-Loan_Thresholds_and_Parameters.pdf,hud.gov,,278215,271.7 KB,pending,2026-07-10T14:12:39.153821+00:00,,,,,,,,,,,,,,,,,,,,,,,,,,,,
https://www.hud.gov/sites/dfiles/PIH/documents/Chapter_2_Section_C_Underwriting_the_Property.pdf,Chapter_2_Section_C_Underwriting_the_Property.pdf,hud.gov,,599544,585.5 KB,pending,2026-07-10T14:12:39.157111+00:00,,,,,,,,,,,,,,,,,,,,,,,,,,,,
https://www.hud.gov/sites/dfiles/PIH/documents/Chapter_2_Section_D_Manual_Underwriting_Borrower.pdf,Chapter_2_Section_D_Manual_Underwriting_Borrower.pdf,hud.gov,,1512854,1.4 MB,pending,2026-07-10T14:12:39.162478+00:00,,,,,,,,,,,,,,,,,,,,,,,,,,,,
https://www.hud.gov/sites/dfiles/PIH/documents/Chapter_2_Section_E_Appraisal.pdf,Chapter_2_Section_E_Appraisal.pdf,hud.gov,,249411,243.6 KB,pending,2026-07-10T14:12:39.164986+00:00,,,,,,,,,,,,,,,,,,,,,,,,,,,,
https://www.hud.gov/sites/dfiles/PIH/documents/Chapter_2_Section_F_Additional_Requirements.pdf,Chapter_2_Section_F_Additional_Requirements.pdf,hud.gov,,543073,530.3 KB,pending,2026-07-10T14:12:39.168161+00:00,,,,,,,,,,,,,,,,,,,,,,,,,,,,
https://www.hud.gov/sites/dfiles/SFH/documents/ClaimFilingTechnicalGuide01292026.pdf,ClaimFilingTechnicalGuide01292026.pdf,hud.gov,,650221,635.0 KB,pending,2026-07-10T14:12:39.172662+00:00,,,,,,,,,,,,,,,,,,,,,,,,,,,,
https://files.hudexchange.info/resources/documents/Completing-a-HEROS-Access-Form-Request-Quick-Guide.pdf,Completing-a-HEROS-Access-Form-Request-Quick-Guide.pdf,hud.gov,files.hudexchange.info,819959,800.7 KB,pending,2026-07-10T14:12:39.176467+00:00,,,,,,,,,,,,,,,,,,,,,,,,,,,,
https://content.govdelivery.com/attachments/USHUDPIH/2021/09/03/file_attachments/1925330/DLL%202021-09%20Claims%20Technical%20Correction%20final%209-3-21.pdf,DLL%202021-09%20Claims%20Technical%20Correction%20final%209-3-21.pdf,hud.gov,content.govdelivery.com,101067,98.7 KB,pending,2026-07-10T14:12:39.178633+00:00,,,,,,,,,,,,,,,,,,,,,,,,,,,,
https://content.govdelivery.com/attachments/USHUDPIH/2025/03/06/file_attachments/3185874/DLL%202024-03%20Section%20184-184A%202025%20Loan%20Limits%20%20FINAL.pdf,DLL%202024-03%20Section%20184-184A%202025%20Loan%20Limits%20%20FINAL.pdf,hud.gov,content.govdelivery.com,113404,110.7 KB,pending,2026-07-10T14:12:39.180818+00:00,,,,,,,,,,,,,,,,,,,,,,,,,,,,
https://content.govdelivery.com/attachments/USHUDPIH/2025/03/06/file_attachments/3185870/DLL%202025%20-02%20Transition%20Period%20QA%20%20FINAL.pdf,DLL%202025%20-02%20Transition%20Period%20QA%20%20FINAL.pdf,hud.gov,content.govdelivery.com,120382,117.6 KB,pending,2026-07-10T14:12:39.183015+00:00,,,,,,,,,,,,,,,,,,,,,,,,,,,,
https://content.govdelivery.com/attachments/USHUDPIH/2025/03/06/file_attachments/3185801/DLL%202025-01%20%20PDMDA%20Foreclosure%20Moratorium%20FINAL.pdf,DLL%202025-01%20%20PDMDA%20Foreclosure%20Moratorium%20FINAL.pdf,hud.gov,content.govdelivery.com,60235,58.8 KB,pending,2026-07-10T14:12:39.185080+00:00,,,,,,,,,,,,,,,,,,,,,,,,,,,,
https://content.govdelivery.com/attachments/USHUDPIH/2025/03/06/file_attachments/3185869/DLL%202025-02%20%20Extension%20of%20Section%20184%20Final%20Rule%20FINAL.pdf,DLL%202025-02%20%20Extension%20of%20Section%20184%20Final%20Rule%20FINAL.pdf,hud.gov,content.govdelivery.com,162896,159.1 KB,pending,2026-07-10T14:12:39.187388+00:00,,,,,,,,,,,,,,,,,,,,,,,,,,,,
https://content.govdelivery.com/attachments/USHUDPIH/2025/03/06/file_attachments/3185845/DLL%202025-04%20Loss%20Mitigation%20Extension%20FINAL%203-5-25.pdf,DLL%202025-04%20Loss%20Mitigation%20Extension%20FINAL%203-5-25.pdf,hud.gov,content.govdelivery.com,108337,105.8 KB,pending,2026-07-10T14:12:39.189563+00:00,,,,,,,,,,,,,,,,,,,,,,,,,,,,
https://www.hud.gov/sites/default/files/PIH/documents/DLL-2026-04-Section-184-Map.pdf,DLL-2026-04-Section-184-Map.pdf,hud.gov,,3391151,3.2 MB,pending,2026-07-10T14:12:39.199136+00:00,,,,,,,,,,,,,,,,,,,,,,,,,,,,
https://www.hud.gov/sites/dfiles/PIH/documents/DeleteFRSAssetIncomeRecord.pdf,DeleteFRSAssetIncomeRecord.pdf,hud.gov,,37110,36.2 KB,pending,2026-07-10T14:12:39.201190+00:00,,,,,,,,,,,,,,,,,,,,,,,,,,,,
https://www.hud.gov/sites/dfiles/PIH/documents/EHV-FAQ-v9-1-30-25.pdf,EHV-FAQ-v9-1-30-25.pdf,hud.gov,,1580093,1.5 MB,pending,2026-07-10T14:12:39.206727+00:00,,,,,,,,,,,,,,,,,,,,,,,,,,,,
https://www.hud.gov/sites/dfiles/PIH/documents/EHV_Dashboard_UserGuide_Data_Dictionary.pdf,EHV_Dashboard_UserGuide_Data_Dictionary.pdf,hud.gov,,1359467,1.3 MB,pending,2026-07-10T14:12:39.211821+00:00,,,,,,,,,,,,,,,,,,,,,,,,,,,,
https://www.hud.gov/sites/dfiles/PIH/documents/EHV_FAQ.pdf,EHV_FAQ.pdf,hud.gov,,686516,670.4 KB,pending,2026-07-10T14:12:39.215328+00:00,,,,,,,,,,,,,,,,,,,,,,,,,,,,
https://www.hud.gov/sites/dfiles/PIH/documents/EPICCFGuidebookTraining2022.pdf,EPICCFGuidebookTraining2022.pdf,hud.gov,,2209429,2.1 MB,pending,2026-07-10T14:12:39.223584+00:00,,,,,,,,,,,,,,,,,,,,,,,,,,,,
https://www.hud.gov/sites/dfiles/PIH/documents/Eligible_Activities_CF_Guidebook_Training2022.pdf,Eligible_Activities_CF_Guidebook_Training2022.pdf,hud.gov,,1532629,1.5 MB,pending,2026-07-10T14:12:39.229022+00:00,,,,,,,,,,,,,,,,,,,,,,,,,,,,
https://www.hud.gov/sites/dfiles/PIH/documents/Emergency-Disaster-Checklist.pdf,Emergency-Disaster-Checklist.pdf,hud.gov,,298212,291.2 KB,pending,2026-07-10T14:12:39.231665+00:00,,,,,,,,,,,,,,,,,,,,,,,,,,,,
https://www.hud.gov/sites/dfiles/PIH/images/ExcelUploadTool.pdf,ExcelUploadTool.pdf,hud.gov,,334087,326.3 KB,pending,2026-07-10T14:12:39.235147+00:00,,,,,,,,,,,,,,,,,,,,,,,,,,,,
https://www.hud.gov/sites/dfiles/PIH/documents/ExtendedDueDate4FYE_33120to63021_v40221.pdf,ExtendedDueDate4FYE_33120to63021_v40221.pdf,hud.gov,,146778,143.3 KB,pending,2026-07-10T14:12:39.237444+00:00,,,,,,,,,,,,,,,,,,,,,,,,,,,,
https://www.hud.gov/sites/dfiles/PIH/documents/ExtensionRequest.pdf,ExtensionRequest.pdf,hud.gov,,66185,64.6 KB,pending,2026-07-10T14:12:39.239535+00:00,,,,,,,,,,,,,,,,,,,,,,,,,,,,
https://www.hud.gov/sites/dfiles/PIH/documents/FASSFinancialTraning2024.pdf,FASSFinancialTraning2024.pdf,hud.gov,,119131,116.3 KB,pending,2026-07-10T14:12:39.241734+00:00,,,,,,,,,,,,,,,,,,,,,,,,,,,,
https://www.hud.gov/sites/dfiles/PIH/documents/FASSPHSystemRelease_v31921.pdf,FASSPHSystemRelease_v31921.pdf,hud.gov,,118143,115.4 KB,pending,2026-07-10T14:12:39.243946+00:00,,,,,,,,,,,,,,,,,,,,,,,,,,,,
https://www.hud.gov/sites/dfiles/PIH/documents/FASSPHSystemUpdate_v51421.pdf,FASSPHSystemUpdate_v51421.pdf,hud.gov,,113337,110.7 KB,pending,2026-07-10T14:12:39.246160+00:00,,,,,,,,,,,,,,,,,,,,,,,,,,,,
https://www.hud.gov/sites/dfiles/PIH/documents/FASSPHsystemUpdates_v112020.pdf,FASSPHsystemUpdates_v112020.pdf,hud.gov,,160029,156.3 KB,pending,2026-07-10T14:12:39.248472+00:00,,,,,,,,,,,,,,,,,,,,,,,,,,,,
https://www.hud.gov/sites/dfiles/PIH/documents/FBI%20Criminal%20History%20Guidance%20PG%202019-05.pdf,FBI%20Criminal%20History%20Guidance%20PG%202019-05.pdf,hud.gov,,302564,295.5 KB,pending,2026-07-10T14:12:39.251092+00:00,,,,,,,,,,,,,,,,,,,,,,,,,,,,
https://www.hud.gov/sites/dfiles/SFH/documents/FHA-Condo-Project-Approval-Required-Docs.pdf,FHA-Condo-Project-Approval-Required-Docs.pdf,hud.gov,,379593,370.7 KB,pending,2026-07-10T14:12:39.253899+00:00,,,,,,,,,,,,,,,,,,,,,,,,,,,,
https://www.hud.gov/sites/dfiles/SFH/documents/FHA-LL-Condo-Required-Docs.pdf,FHA-LL-Condo-Required-Docs.pdf,hud.gov,,254930,249.0 KB,pending,2026-07-10T14:12:39.256425+00:00,,,,,,,,,,,,,,,,,,,,,,,,,,,,
https://www.hud.gov/sites/dfiles/SFH/documents/FHA-SUA-Condo-Required-Docs.pdf,FHA-SUA-Condo-Required-Docs.pdf,hud.gov,,289994,283.2 KB,pending,2026-07-10T14:12:39.259032+00:00,,,,,,,,,,,,,,,,,,,,,,,,,,,,
https://www.hud.gov/sites/dfiles/SFH/documents/FHA_Nonprofit_Recertification_Checklist.pdf,FHA_Nonprofit_Recertification_Checklist.pdf,hud.gov,,473822,462.7 KB,pending,2026-07-10T14:12:39.262044+00:00,,,,,,,,,,,,,,,,,,,,,,,,,,,,
https://www.hud.gov/sites/dfiles/PIH/documents/FRS5InstallandSetup.pdf,FRS5InstallandSetup.pdf,hud.gov,,76107,74.3 KB,pending,2026-07-10T14:12:39.264158+00:00,,,,,,,,,,,,,,,,,,,,,,,,,,,,
https://www.hud.gov/sites/dfiles/PIH/documents/FRSPatchInstructions.pdf,FRSPatchInstructions.pdf,hud.gov,,219177,214.0 KB,pending,2026-07-10T14:12:39.266605+00:00,,,,,,,,,,,,,,,,,,,,,,,,,,,,
https://www.hud.gov/sites/dfiles/PIH/documents/FRSRemoveWin10Updates.pdf,FRSRemoveWin10Updates.pdf,hud.gov,,184310,180.0 KB,pending,2026-07-10T14:12:39.268969+00:00,,,,,,,,,,,,,,,,,,,,,,,,,,,,
https://www.hud.gov/sites/dfiles/PIH/documents/FRSUpdatePassbookRate.pdf,FRSUpdatePassbookRate.pdf,hud.gov,,163705,159.9 KB,pending,2026-07-10T14:12:39.271277+00:00,,,,,,,,,,,,,,,,,,,,,,,,,,,,
https://www.hud.gov/sites/dfiles/PIH/documents/FY%202019%20Income%20Limits.pdf,FY%202019%20Income%20Limits.pdf,hud.gov,,180147,175.9 KB,pending,2026-07-10T14:12:39.273656+00:00,,,,,,,,,,,,,,,,,,,,,,,,,,,,
https://www.hud.gov/sites/dfiles/PIH/documents/FY%202019-2020%20ICDBG%20Program%20Guidance%202019-04.pdf,FY%202019-2020%20ICDBG%20Program%20Guidance%202019-04.pdf,hud.gov,,179683,175.5 KB,pending,2026-07-10T14:12:39.275995+00:00,,,,,,,,,,,,,,,,,,,,,,,,,,,,
https://www.hud.gov/sites/dfiles/ED/documents/FY192ndQuarterHUDNoFear.pdf,FY192ndQuarterHUDNoFear.pdf,hud.gov,,261257,255.1 KB,pending,2026-07-10T14:12:39.279625+00:00,,,,,,,,,,,,,,,,,,,,,,,,,,,,
https://www.hud.gov/sites/dfiles/CPO/documents/FY20%20SCI%20Analysis%20and%20Plan.pdf,FY20%20SCI%20Analysis%20and%20Plan.pdf,hud.gov,,5378154,5.1 MB,pending,2026-07-10T14:12:39.293726+00:00,,,,,,,,,,,,,,,,,,,,,,,,,,,,
https://www.hud.gov/sites/dfiles/CPO/documents/FY2014_Summary_AttahmentA.pdf,FY2014_Summary_AttahmentA.pdf,hud.gov,,98054,95.8 KB,pending,2026-07-10T14:12:39.296018+00:00,,,,,,,,,,,,,,,,,,,,,,,,,,,,
https://www.hud.gov/sites/dfiles/CPO/documents/FY2015_OMB_Inventory.pdf,FY2015_OMB_Inventory.pdf,hud.gov,,4523526,4.3 MB,pending,2026-07-10T14:12:39.308244+00:00,,,,,,,,,,,,,,,,,,,,,,,,,,,,
https://www.hud.gov/sites/dfiles/CPO/documents/FY2015_Summary_AttachmentA.pdf,FY2015_Summary_AttachmentA.pdf,hud.gov,,100129,97.8 KB,pending,2026-07-10T14:12:39.310522+00:00,,,,,,,,,,,,,,,,,,,,,,,,,,,,
https://www.hud.gov/sites/dfiles/CPO/documents/FY2016_FAIRAct_Inventory.pdf,FY2016_FAIRAct_Inventory.pdf,hud.gov,,406341,396.8 KB,pending,2026-07-10T14:12:39.313416+00:00,,,,,,,,,,,,,,,,,,,,,,,,,,,,
https://www.hud.gov/sites/dfiles/CPO/documents/FY2017_FAIR_Act_Inventory.pdf,FY2017_FAIR_Act_Inventory.pdf,hud.gov,,5553257,5.3 MB,pending,2026-07-10T14:12:39.327944+00:00,,,,,,,,,,,,,,,,,,,,,,,,,,,,
https://www.hud.gov/sites/dfiles/CPO/documents/FY2018-Analysis-FY2019-Plan.pdf,FY2018-Analysis-FY2019-Plan.pdf,hud.gov,,543012,530.3 KB,pending,2026-07-10T14:12:39.331408+00:00,,,,,,,,,,,,,,,,,,,,,,,,,,,,
https://www.hud.gov/sites/dfiles/CPO/documents/FY21%20SCI%20Analysis%20and%20Plan.pdf,FY21%20SCI%20Analysis%20and%20Plan.pdf,hud.gov,,264065,257.9 KB,pending,2026-07-10T14:12:39.334023+00:00,,,,,,,,,,,,,,,,,,,,,,,,,,,,
https://www.hud.gov/sites/dfiles/PIH/documents/FY24LettertoExecutiveDirectors.pdf,FY24LettertoExecutiveDirectors.pdf,hud.gov,,104560,102.1 KB,pending,2026-07-10T14:12:39.336229+00:00,,,,,,,,,,,,,,,,,,,,,,,,,,,,
https://www.hud.gov/sites/dfiles/PIH/documents/FY24ProcessingGuidanceupdated_revised05132024.pdf,FY24ProcessingGuidanceupdated_revised05132024.pdf,hud.gov,,89293,87.2 KB,pending,2026-07-10T14:12:39.338446+00:00,,,,,,,,,,,,,,,,,,,,,,,,,,,,
https://www.hud.gov/sites/default/files/PIH/documents/FY25-ESSG-Awardees.pdf,FY25-ESSG-Awardees.pdf,hud.gov,,16267,15.9 KB,pending,2026-07-10T14:12:39.340429+00:00,,,,,,,,,,,,,,,,,,,,,,,,,,,,
https://www.hud.gov/sites/dfiles/PIH/documents/FY25_Capital_Fund_Formula_Award_ED_Letter.pdf,FY25_Capital_Fund_Formula_Award_ED_Letter.pdf,hud.gov,,57151,55.8 KB,pending,2026-07-10T14:12:39.342499+00:00,,,,,,,,,,,,,,,,,,,,,,,,,,,,
https://www.hud.gov/sites/dfiles/PIH/documents/FY25_Processing_Guidance.pdf,FY25_Processing_Guidance.pdf,hud.gov,,96694,94.4 KB,pending,2026-07-10T14:12:39.344680+00:00,,,,,,,,,,,,,,,,,,,,,,,,,,,,
https://www.hud.gov/sites/dfiles/CPO/documents/FY_2014_OMB_Inventory.pdf,FY_2014_OMB_Inventory.pdf,hud.gov,,4391219,4.2 MB,pending,2026-07-10T14:12:39.356575+00:00,,,,,,,,,,,,,,,,,,,,,,,,,,,,
https://www.hud.gov/sites/dfiles/Main/documents/Fair-Housing-Act-Enforcement-Prioritization-Resources.pdf,Fair-Housing-Act-Enforcement-Prioritization-Resources.pdf,hud.gov,,465183,454.3 KB,pending,2026-07-10T14:12:39.359648+00:00,,,,,,,,,,,,,,,,,,,,,,,,,,,,
https://www.hud.gov/sites/dfiles/CPO/documents/FairChallengesAppeals.pdf,FairChallengesAppeals.pdf,hud.gov,,81762,79.8 KB,pending,2026-07-10T14:12:39.361916+00:00,,,,,,,,,,,,,,,,,,,,,,,,,,,,
https://www.hud.gov/sites/dfiles/PIH/documents/FinReportingDueDates_v40221.pdf,FinReportingDueDates_v40221.pdf,hud.gov,,210344,205.4 KB,pending,2026-07-10T14:12:39.364361+00:00,,,,,,,,,,,,,,,,,,,,,,,,,,,,
https://www.hud.gov/sites/dfiles/PIH/documents/Final%20Micro%20Purchase%20Guidance%20%20PG%202019-03-A.pdf,Final%20Micro%20Purchase%20Guidance%20%20PG%202019-03-A.pdf,hud.gov,,106501,104.0 KB,pending,2026-07-10T14:12:39.366583+00:00,,,,,,,,,,,,,,,,,,,,,,,,,,,,
https://www.hud.gov/sites/dfiles/PIH/documents/Formula_DDTF_CF_Guidebook_Training2022.pdf,Formula_DDTF_CF_Guidebook_Training2022.pdf,hud.gov,,1366875,1.3 MB,pending,2026-07-10T14:12:39.372122+00:00,,,,,,,,,,,,,,,,,,,,,,,,,,,,
https://www.hud.gov/sites/dfiles/PIH/documents/GenReqSanctionsCFGuidebookTraining2022.pdf,GenReqSanctionsCFGuidebookTraining2022.pdf,hud.gov,,1403195,1.3 MB,pending,2026-07-10T14:12:39.377724+00:00,,,,,,,,,,,,,,,,,,,,,,,,,,,,
https://www.hud.gov/sites/dfiles/PIH/documents/Get%20Ready%20HCV%20NSPIRE%20071624.pdf,Get%20Ready%20HCV%20NSPIRE%20071624.pdf,hud.gov,,6180126,5.9 MB,pending,2026-07-10T14:12:39.393902+00:00,,,,,,,,,,,,,,,,,,,,,,,,,,,,
https://www.hud.gov/sites/default/files/hudclips/documents/Guidance-on-Scope-of-Complaint-Investigations.pdf,Guidance-on-Scope-of-Complaint-Investigations.pdf,hud.gov,,55099,53.8 KB,pending,2026-07-10T14:12:39.396192+00:00,,,,,,,,,,,,,,,,,,,,,,,,,,,,
https://www.hud.gov/sites/dfiles/PIH/documents/HCV-Landlord-Symposium-EHV-Focused-Presentation-.pdf,HCV-Landlord-Symposium-EHV-Focused-Presentation-.pdf,hud.gov,,1266645,1.2 MB,pending,2026-07-10T14:12:39.401070+00:00,,,,,,,,,,,,,,,,,,,,,,,,,,,,
https://www.hud.gov/sites/dfiles/PIH/documents/HCV_Funds_Received_MarchEnd2024.pdf,HCV_Funds_Received_MarchEnd2024.pdf,hud.gov,,252609,246.7 KB,pending,2026-07-10T14:12:39.403666+00:00,,,,,,,,,,,,,,,,,,,,,,,,,,,,
https://www.hud.gov/sites/dfiles/SFH/documents/HECM%20ARM%20Model%20Loan%20Agreement.pdf,HECM%20ARM%20Model%20Loan%20Agreement.pdf,hud.gov,,211741,206.8 KB,pending,2026-07-10T14:12:39.406983+00:00,,,,,,,,,,,,,,,,,,,,,,,,,,,,
https://www.hud.gov/sites/dfiles/SFH/documents/HECM%20ARM%20Model%20Mortgage.pdf,HECM%20ARM%20Model%20Mortgage.pdf,hud.gov,,169024,165.1 KB,pending,2026-07-10T14:12:39.409390+00:00,,,,,,,,,,,,,,,,,,,,,,,,,,,,
https://www.hud.gov/sites/dfiles/SFH/documents/HECM%20ARM%20Model%20Repair%20Rider.pdf,HECM%20ARM%20Model%20Repair%20Rider.pdf,hud.gov,,112518,109.9 KB,pending,2026-07-10T14:12:39.411619+00:00,,,,,,,,,,,,,,,,,,,,,,,,,,,,
https://www.hud.gov/sites/dfiles/SFH/documents/HECM%20ARM%20Model%20Second%20Mortgage.pdf,HECM%20ARM%20Model%20Second%20Mortgage.pdf,hud.gov,,167001,163.1 KB,pending,2026-07-10T14:12:39.413944+00:00,,,,,,,,,,,,,,,,,,,,,,,,,,,,
https://www.hud.gov/sites/dfiles/SFH/documents/HECM%20ARM%20Note.pdf,HECM%20ARM%20Note.pdf,hud.gov,,180850,176.6 KB,pending,2026-07-10T14:12:39.416284+00:00,,,,,,,,,,,,,,,,,,,,,,,,,,,,
https://www.hud.gov/sites/dfiles/SFH/documents/HECM%20ARM%20Second%20Note.pdf,HECM%20ARM%20Second%20Note.pdf,hud.gov,,180422,176.2 KB,pending,2026-07-10T14:12:39.418642+00:00,,,,,,,,,,,,,,,,,,,,,,,,,,,,
https://www.hud.gov/sites/dfiles/SFH/documents/HECM%20Fixed%20Rate%20Model%20Loan%20Agreement.pdf,HECM%20Fixed%20Rate%20Model%20Loan%20Agreement.pdf,hud.gov,,185303,181.0 KB,pending,2026-07-10T14:12:39.420988+00:00,,,,,,,,,,,,,,,,,,,,,,,,,,,,
https://www.hud.gov/sites/dfiles/SFH/documents/HECM%20Fixed%20Rate%20Model%20Mortgage.pdf,HECM%20Fixed%20Rate%20Model%20Mortgage.pdf,hud.gov,,165774,161.9 KB,pending,2026-07-10T14:12:39.423291+00:00,,,,,,,,,,,,,,,,,,,,,,,,,,,,
https://www.hud.gov/sites/dfiles/SFH/documents/HECM%20Fixed%20Rate%20Model%20Note.pdf,HECM%20Fixed%20Rate%20Model%20Note.pdf,hud.gov,,132708,129.6 KB,pending,2026-07-10T14:12:39.425561+00:00,,,,,,,,,,,,,,,,,,,,,,,,,,,,
https://www.hud.gov/sites/dfiles/SFH/documents/HECM%20Fixed%20Rate%20Model%20Repair%20Rider.pdf,HECM%20Fixed%20Rate%20Model%20Repair%20Rider.pdf,hud.gov,,112799,110.2 KB,pending,2026-07-10T14:12:39.427792+00:00,,,,,,,,,,,,,,,,,,,,,,,,,,,,
https://www.hud.gov/sites/dfiles/SFH/documents/HECM%20Notice%20to%20Borrower.pdf,HECM%20Notice%20to%20Borrower.pdf,hud.gov,,107118,104.6 KB,pending,2026-07-10T14:12:39.429970+00:00,,,,,,,,,,,,,,,,,,,,,,,,,,,,
https://www.hud.gov/sites/dfiles/SFH/documents/HECM_Adjustable_Rate_Payment_Plan.pdf,HECM_Adjustable_Rate_Payment_Plan.pdf,hud.gov,,166996,163.1 KB,pending,2026-07-10T14:12:39.432293+00:00,,,,,,,,,,,,,,,,,,,,,,,,,,,,
https://www.hud.gov/sites/dfiles/SFH/documents/HECM_Fixed_Rate_Payment_Plan.pdf,HECM_Fixed_Rate_Payment_Plan.pdf,hud.gov,,157109,153.4 KB,pending,2026-07-10T14:12:39.434618+00:00,,,,,,,,,,,,,,,,,,,,,,,,,,,,
https://www.hud.gov/sites/dfiles/SFH/documents/HECM_Schedule_of_Closing_Costs.pdf,HECM_Schedule_of_Closing_Costs.pdf,hud.gov,,214964,209.9 KB,pending,2026-07-10T14:12:39.437046+00:00,,,,,,,,,,,,,,,,,,,,,,,,,,,,
https://www.hud.gov/sites/dfiles/PIH/documents/HUD-5980_THUD-VASH_Leasing_Report_May2020.pdf,HUD-5980_THUD-VASH_Leasing_Report_May2020.pdf,hud.gov,,184496,180.2 KB,pending,2026-07-10T14:12:39.439407+00:00,,,,,,,,,,,,,,,,,,,,,,,,,,,,
https://www.hud.gov/sites/dfiles/CPD/documents/HUD-Section-108-Points-of-Contact.pdf?!,HUD-Section-108-Points-of-Contact.pdf,hud.gov,,198875,194.2 KB,pending,2026-07-10T14:12:39.441799+00:00,,,,,,,,,,,,,,,,,,,,,,,,,,,,
https://www.hud.gov/sites/dfiles/CFO/documents/HUD_Form_27054E_Business_Partner_Checklist.pdf,HUD_Form_27054E_Business_Partner_Checklist.pdf,hud.gov,,218199,213.1 KB,pending,2026-07-10T14:12:39.444240+00:00,,,,,,,,,,,,,,,,,,,,,,,,,,,,
https://www.hud.gov/sites/dfiles/CFO/documents/HUD_Form_27054E_Program_Staff_Checklist_Rev_A.pdf,HUD_Form_27054E_Program_Staff_Checklist_Rev_A.pdf,hud.gov,,258161,252.1 KB,pending,2026-07-10T14:12:39.446816+00:00,,,,,,,,,,,,,,,,,,,,,,,,,,,,
https://www.hud.gov/sites/dfiles/PIH/documents/HUD_Letter-to-PHAs_3.10.2021.pdf,HUD_Letter-to-PHAs_3.10.2021.pdf,hud.gov,,99493,97.2 KB,pending,2026-07-10T14:12:39.448980+00:00,,,,,,,,,,,,,,,,,,,,,,,,,,,,
https://www.hud.gov/sites/dfiles/PIH/documents/HandlingErrorMessgesinIMS-PIC.pdf,HandlingErrorMessgesinIMS-PIC.pdf,hud.gov,,188047,183.6 KB,pending,2026-07-10T14:12:39.451334+00:00,,,,,,,,,,,,,,,,,,,,,,,,,,,,
https://www.hud.gov/sites/dfiles/CPD/documents/Housing_Opportunities_Focus_FAQs.pdf,Housing_Opportunities_Focus_FAQs.pdf,hud.gov,,211361,206.4 KB,pending,2026-07-10T14:12:39.453776+00:00,,,,,,,,,,,,,,,,,,,,,,,,,,,,
https://www.hud.gov/sites/dfiles/PIH/documents/IHP-APR_IHBG-ARP_corrected.pdf,IHP-APR_IHBG-ARP_corrected.pdf,hud.gov,,783816,765.4 KB,pending,2026-07-10T14:12:39.457498+00:00,,,,,,,,,,,,,,,,,,,,,,,,,,,,
https://www.hud.gov/sites/dfiles/PIH/documents/IHPAPRProgramGuidance.pdf,IHPAPRProgramGuidance.pdf,hud.gov,,90201,88.1 KB,pending,2026-07-10T14:12:39.459646+00:00,,,,,,,,,,,,,,,,,,,,,,,,,,,,
https://www.hud.gov/sites/dfiles/PIH/documents/IMSPICrelease18000summary.pdf,IMSPICrelease18000summary.pdf,hud.gov,,355935,347.6 KB,pending,2026-07-10T14:12:39.462397+00:00,,,,,,,,,,,,,,,,,,,,,,,,,,,,
https://www.hud.gov/sites/default/files/hudclips/documents/Implementation-of-the-Reduced-Elevated-Blood-Lead-Level-Triggering-Response-CPD-26-02-Hsng-N-26-03-OLHCHH-2026-01-PIH-2026-03.pdf,Implementation-of-the-Reduced-Elevated-Blood-Lead-Level-Triggering-Response-CPD-26-02-Hsng-N-26-03-OLHCHH-2026-01-PIH-2026-03.pdf,hud.gov,,178402,174.2 KB,pending,2026-07-10T14:12:39.464733+00:00,,,,,,,,,,,,,,,,,,,,,,,,,,,,
https://www.hud.gov/sites/dfiles/PIH/documents/Joint%20HCV%20NSPIRE%20Policy%20Webinar.pdf,Joint%20HCV%20NSPIRE%20Policy%20Webinar.pdf,hud.gov,,6817778,6.5 MB,pending,2026-07-10T14:12:39.482179+00:00,,,,,,,,,,,,,,,,,,,,,,,,,,,,
https://www.hud.gov/sites/default/files/hudclips/documents/LEP-Enforcement-Memo.pdf,LEP-Enforcement-Memo.pdf,hud.gov,,258004,252.0 KB,pending,2026-07-10T14:12:39.485009+00:00,,,,,,,,,,,,,,,,,,,,,,,,,,,,
https://www.hud.gov/sites/default/files/Main/documents/Letter-FHEO-Fair-Housing-Act-Investigation.pdf,Letter-FHEO-Fair-Housing-Act-Investigation.pdf,hud.gov,,149471,146.0 KB,pending,2026-07-10T14:12:39.490198+00:00,,,,,,,,,,,,,,,,,,,,,,,,,,,,
https://www.hud.gov/sites/dfiles/FHEO/documents/Ltr-from-AsstSecTrainor-to-MayorFrey-Fair-Housing-Act-Investigation_Redacted.pdf,Ltr-from-AsstSecTrainor-to-MayorFrey-Fair-Housing-Act-Investigation_Redacted.pdf,hud.gov,,125859,122.9 KB,pending,2026-07-10T14:12:39.492442+00:00,,,,,,,,,,,,,,,,,,,,,,,,,,,,
https://www.hud.gov/sites/dfiles/SFH/documents/MODELDOC_EXCLUSIVE_ENT.pdf,MODELDOC_EXCLUSIVE_ENT.pdf,hud.gov,,67537,66.0 KB,pending,2026-07-10T14:12:39.494551+00:00,,,,,,,,,,,,,,,,,,,,,,,,,,,,
https://www.hud.gov/sites/dfiles/SFH/documents/MODELDOC_EXCLUSIVE_INDIV.pdf,MODELDOC_EXCLUSIVE_INDIV.pdf,hud.gov,,132266,129.2 KB,pending,2026-07-10T14:12:39.496789+00:00,,,,,,,,,,,,,,,,,,,,,,,,,,,,
https://www.hud.gov/sites/dfiles/SFH/documents/MODELINFORMEDCONSUMER.pdf,MODELINFORMEDCONSUMER.pdf,hud.gov,,165704,161.8 KB,pending,2026-07-10T14:12:39.499100+00:00,,,,,,,,,,,,,,,,,,,,,,,,,,,,
https://www.hud.gov/sites/dfiles/SFH/documents/MO_203h_Program_Consumer_FS.pdf,MO_203h_Program_Consumer_FS.pdf,hud.gov,,286831,280.1 KB,pending,2026-07-10T14:12:39.501695+00:00,,,,,,,,,,,,,,,,,,,,,,,,,,,,
https://www.hud.gov/sites/dfiles/SFH/documents/MO_Disaster_Loss_Mitigation_FS.pdf,MO_Disaster_Loss_Mitigation_FS.pdf,hud.gov,,229226,223.9 KB,pending,2026-07-10T14:12:39.506584+00:00,,,,,,,,,,,,,,,,,,,,,,,,,,,,
https://www.hud.gov/sites/dfiles/SFH/documents/MO_FldHzrdInsServ_FS.pdf,MO_FldHzrdInsServ_FS.pdf,hud.gov,,318478,311.0 KB,pending,2026-07-10T14:12:39.509240+00:00,,,,,,,,,,,,,,,,,,,,,,,,,,,,
https://www.hud.gov/sites/dfiles/PIH/documents/March2022ReleasePosting.pdf,March2022ReleasePosting.pdf,hud.gov,,607846,593.6 KB,pending,2026-07-10T14:12:39.512568+00:00,,,,,,,,,,,,,,,,,,,,,,,,,,,,
https://www.hud.gov/sites/dfiles/SFH/documents/ModelForwardMortgage9-2024.pdf,ModelForwardMortgage9-2024.pdf,hud.gov,,218474,213.4 KB,pending,2026-07-10T14:12:39.515003+00:00,,,,,,,,,,,,,,,,,,,,,,,,,,,,
https://www.hud.gov/sites/dfiles/PIH/documents/NSPIRE%20Field%20Office%20App%20User%20Guide.pdf,NSPIRE%20Field%20Office%20App%20User%20Guide.pdf,hud.gov,,11580698,11.0 MB,pending,2026-07-10T14:12:39.544213+00:00,,,,,,,,,,,,,,,,,,,,,,,,,,,,
https://www.hud.gov/sites/dfiles/PIH/documents/NSPIRE%20Toolkit%20-%20Field%20Office%20HS%20Closeout%20Using%20Salesforce_22AUG24.pdf,NSPIRE%20Toolkit%20-%20Field%20Office%20HS%20Closeout%20Using%20Salesforce_22AUG24.pdf,hud.gov,,424011,414.1 KB,pending,2026-07-10T14:12:39.547993+00:00,,,,,,,,,,,,,,,,,,,,,,,,,,,,
https://www.hud.gov/sites/dfiles/PIH/documents/NSPIRE%20Toolkit%20-%20PHA%20HS%20Closeout%20Using%20Salesforce_22AUG24.pdf,NSPIRE%20Toolkit%20-%20PHA%20HS%20Closeout%20Using%20Salesforce_22AUG24.pdf,hud.gov,,285706,279.0 KB,pending,2026-07-10T14:12:39.550926+00:00,,,,,,,,,,,,,,,,,,,,,,,,,,,,
https://www.hud.gov/sites/dfiles/PIH/documents/NSPIRE-HCV-Checklist.pdf,NSPIRE-HCV-Checklist.pdf,hud.gov,,194625,190.1 KB,pending,2026-07-10T14:12:39.553443+00:00,,,,,,,,,,,,,,,,,,,,,,,,,,,,
https://www.hud.gov/sites/dfiles/PIH/documents/NSPIRE-POC-Experience-App-User-Guide.pdf,NSPIRE-POC-Experience-App-User-Guide.pdf,hud.gov,,13103196,12.5 MB,pending,2026-07-10T14:12:39.585193+00:00,,,,,,,,,,,,,,,,,,,,,,,,,,,,
https://www.hud.gov/sites/dfiles/PIH/documents/NSPIRE-PRA-HCV-Fillable-Checklist.pdf,NSPIRE-PRA-HCV-Fillable-Checklist.pdf,hud.gov,,1000698,977.2 KB,pending,2026-07-10T14:12:39.590318+00:00,,,,,,,,,,,,,,,,,,,,,,,,,,,,
https://www.hud.gov/sites/dfiles/PIH/documents/NSPIREToolkitSubmitLBPReview.pdf,NSPIREToolkitSubmitLBPReview.pdf,hud.gov,,679778,663.8 KB,pending,2026-07-10T14:12:39.594104+00:00,,,,,,,,,,,,,,,,,,,,,,,,,,,,
https://www.hud.gov/sites/dfiles/PIH/documents/NSPIRE_Inspection_Protocol_Guide.pdf,NSPIRE_Inspection_Protocol_Guide.pdf,hud.gov,,343006,335.0 KB,pending,2026-07-10T14:12:39.596900+00:00,,,,,,,,,,,,,,,,,,,,,,,,,,,,
https://www.hud.gov/sites/dfiles/PIH/documents/NSPIRE_Toolkit-Property_Owner_1YearIn.pdf,NSPIRE_Toolkit-Property_Owner_1YearIn.pdf,hud.gov,,215586,210.5 KB,pending,2026-07-10T14:12:39.599339+00:00,,,,,,,,,,,,,,,,,,,,,,,,,,,,
https://www.hud.gov/sites/dfiles/PIH/documents/NSPIRE_Toolkit-Property_Owner_Journey%20Map.pdf,NSPIRE_Toolkit-Property_Owner_Journey%20Map.pdf,hud.gov,,314068,306.7 KB,pending,2026-07-10T14:12:39.602000+00:00,,,,,,,,,,,,,,,,,,,,,,,,,,,,
https://www.hud.gov/sites/dfiles/PIH/documents/NSPIRE_Toolkit-Updating_Field_Office_Staff.pdf,NSPIRE_Toolkit-Updating_Field_Office_Staff.pdf,hud.gov,,103563,101.1 KB,pending,2026-07-10T14:12:39.604174+00:00,,,,,,,,,,,,,,,,,,,,,,,,,,,,
https://www.hud.gov/sites/dfiles/Main/documents/Notice-of-Withdrawal-of-Guidance-Documents.pdf,Notice-of-Withdrawal-of-Guidance-Documents.pdf,hud.gov,,166734,162.8 KB,pending,2026-07-10T14:12:39.612540+00:00,,,,,,,,,,,,,,,,,,,,,,,,,,,,
https://www.hud.gov/sites/dfiles/PIH/documents/Notice_PIH_2017-05.pdf,Notice_PIH_2017-05.pdf,hud.gov,,86557,84.5 KB,pending,2026-07-10T14:12:39.614695+00:00,,,,,,,,,,,,,,,,,,,,,,,,,,,,
https://www.hud.gov/sites/dfiles/PIH/documents/OEDCFGuidebookTraining2022.pdf,OEDCFGuidebookTraining2022.pdf,hud.gov,,1801772,1.7 MB,pending,2026-07-10T14:12:39.620883+00:00,,,,,,,,,,,,,,,,,,,,,,,,,,,,
https://www.hud.gov/sites/default/files/hudclips/documents/OGC-Memo-on-Fair-Housing-Guidance-9-25-2025.pdf,OGC-Memo-on-Fair-Housing-Guidance-9-25-2025.pdf,hud.gov,,226026,220.7 KB,pending,2026-07-10T14:12:39.623354+00:00,,,,,,,,,,,,,,,,,,,,,,,,,,,,
https://content.govdelivery.com/attachments/USHUDPIH/2025/08/04/file_attachments/3345583/OLG%20Bootcamp%20Overview%20Agenda%202025.pdf,OLG%20Bootcamp%20Overview%20Agenda%202025.pdf,hud.gov,content.govdelivery.com,104996,102.5 KB,pending,2026-07-10T14:12:39.625559+00:00,,,,,,,,,,,,,,,,,,,,,,,,,,,,
https://www.hud.gov/sites/default/files/PIH/documents/ONAP-PG-2026-01-FY26-IHBG-Income-Limits.pdf,ONAP-PG-2026-01-FY26-IHBG-Income-Limits.pdf,hud.gov,,270233,263.9 KB,pending,2026-07-10T14:12:39.630422+00:00,,,,,,,,,,,,,,,,,,,,,,,,,,,,
https://www.hud.gov/sites/default/files/PIH/documents/ONAP-PG-2026-02-FY26-NHHBG-Income-Limits.pdf,ONAP-PG-2026-02-FY26-NHHBG-Income-Limits.pdf,hud.gov,,130913,127.8 KB,pending,2026-07-10T14:12:39.632686+00:00,,,,,,,,,,,,,,,,,,,,,,,,,,,,
https://www.hud.gov/sites/dfiles/CPD/documents/One_Pager_Section_108_Challenge.pdf,One_Pager_Section_108_Challenge.pdf,hud.gov,,433760,423.6 KB,pending,2026-07-10T14:12:39.643424+00:00,,,,,,,,,,,,,,,,,,,,,,,,,,,,
https://files.hudexchange.info/resources/documents/Overview-HUD-Section-108-Loan-Guarantee-Process-and-Typical-Associated-Timelines.pdf,Overview-HUD-Section-108-Loan-Guarantee-Process-and-Typical-Associated-Timelines.pdf,hud.gov,files.hudexchange.info,199664,195.0 KB,pending,2026-07-10T14:12:39.645886+00:00,,,,,,,,,,,,,,,,,,,,,,,,,,,,
https://www.hud.gov/sites/dfiles/CPD/documents/Overview_Webinar_Transcript-2024_08_29.pdf,Overview_Webinar_Transcript-2024_08_29.pdf,hud.gov,,113599,110.9 KB,pending,2026-07-10T14:12:39.648088+00:00,,,,,,,,,,,,,,,,,,,,,,,,,,,,
https://www.hud.gov/sites/dfiles/PIH/documents/PG18SEP27PNPG1011F.pdf,PG18SEP27PNPG1011F.pdf,hud.gov,,134967,131.8 KB,pending,2026-07-10T14:12:39.650346+00:00,,,,,,,,,,,,,,,,,,,,,,,,,,,,
https://files.hudexchange.info/resources/documents/PIC-Error-4006-PHA-Code-Does-Not-Match-Job-Aid.pdf,PIC-Error-4006-PHA-Code-Does-Not-Match-Job-Aid.pdf,hud.gov,files.hudexchange.info,416559,406.8 KB,pending,2026-07-10T14:12:39.653234+00:00,,,,,,,,,,,,,,,,,,,,,,,,,,,,
https://files.hudexchange.info/resources/documents/PIC-Error-4080-Later-Effective-Date-Job-Aid.pdf,PIC-Error-4080-Later-Effective-Date-Job-Aid.pdf,hud.gov,files.hudexchange.info,375752,366.9 KB,pending,2026-07-10T14:12:39.656150+00:00,,,,,,,,,,,,,,,,,,,,,,,,,,,,
https://files.hudexchange.info/resources/documents/PIC-Error-4174-New-Tenant-Job-Aid.pdf,PIC-Error-4174-New-Tenant-Job-Aid.pdf,hud.gov,files.hudexchange.info,388627,379.5 KB,pending,2026-07-10T14:12:39.659022+00:00,,,,,,,,,,,,,,,,,,,,,,,,,,,,
https://files.hudexchange.info/resources/documents/PIC-Error-4182-Tenant-Already-Exists-Job-Aid.pdf,PIC-Error-4182-Tenant-Already-Exists-Job-Aid.pdf,hud.gov,files.hudexchange.info,509512,497.6 KB,pending,2026-07-10T14:12:39.662173+00:00,,,,,,,,,,,,,,,,,,,,,,,,,,,,
https://files.hudexchange.info/resources/documents/PIC-Error-5280-Voucher-Record-Does-Not-Exist-Job-Aid.pdf,PIC-Error-5280-Voucher-Record-Does-Not-Exist-Job-Aid.pdf,hud.gov,files.hudexchange.info,556560,543.5 KB,pending,2026-07-10T14:12:39.665414+00:00,,,,,,,,,,,,,,,,,,,,,,,,,,,,
https://files.hudexchange.info/resources/documents/PIC-Error-Removal-Form-Job-Aid.pdf,PIC-Error-Removal-Form-Job-Aid.pdf,hud.gov,files.hudexchange.info,301891,294.8 KB,pending,2026-07-10T14:12:39.668058+00:00,,,,,,,,,,,,,,,,,,,,,,,,,,,,
https://www.hud.gov/sites/dfiles/PIH/documents/PIH%202020-33_rev%2012.14.pdf,PIH%202020-33_rev%2012.14.pdf,hud.gov,,387523,378.4 KB,pending,2026-07-10T14:12:39.670890+00:00,,,,,,,,,,,,,,,,,,,,,,,,,,,,
https://www.hud.gov/sites/dfiles/PIH/documents/PIH%202022-16%20TDC%20for%20NAHASDA.pdf,PIH%202022-16%20TDC%20for%20NAHASDA.pdf,hud.gov,,430831,420.7 KB,pending,2026-07-10T14:12:39.673837+00:00,,,,,,,,,,,,,,,,,,,,,,,,,,,,
https://www.hud.gov/sites/dfiles/PIH/documents/PIH%202024-06%20DHHL%20HOTMA%20Implementation%20Notice.pdf,PIH%202024-06%20DHHL%20HOTMA%20Implementation%20Notice.pdf,hud.gov,,46745,45.6 KB,pending,2026-07-10T14:12:39.675888+00:00,,,,,,,,,,,,,,,,,,,,,,,,,,,,
https://www.hud.gov/sites/dfiles/PIH/documents/PIH%202024-07.pdf,PIH%202024-07.pdf,hud.gov,,257412,251.4 KB,pending,2026-07-10T14:12:39.678422+00:00,,,,,,,,,,,,,,,,,,,,,,,,,,,,
https://www.hud.gov/sites/dfiles/PIH/documents/PIH%202024-08.pdf,PIH%202024-08.pdf,hud.gov,,149591,146.1 KB,pending,2026-07-10T14:12:39.680700+00:00,,,,,,,,,,,,,,,,,,,,,,,,,,,,
https://www.hud.gov/sites/dfiles/PIH/documents/PIH%202024-20.pdf,PIH%202024-20.pdf,hud.gov,,196128,191.5 KB,pending,2026-07-10T14:12:39.683080+00:00,,,,,,,,,,,,,,,,,,,,,,,,,,,,
https://www.hud.gov/sites/dfiles/PIH/documents/PIH-2018-15.pdf,PIH-2018-15.pdf,hud.gov,,79486,77.6 KB,pending,2026-07-10T14:12:39.685197+00:00,,,,,,,,,,,,,,,,,,,,,,,,,,,,
https://www.hud.gov/sites/dfiles/PIH/documents/PIH-2018-16.pdf,PIH-2018-16.pdf,hud.gov,,99451,97.1 KB,pending,2026-07-10T14:12:39.687524+00:00,,,,,,,,,,,,,,,,,,,,,,,,,,,,
https://www.hud.gov/sites/dfiles/PIH/documents/PIH-2019-07_AppendixA.pdf,PIH-2019-07_AppendixA.pdf,hud.gov,,116098,113.4 KB,pending,2026-07-10T14:12:39.689728+00:00,,,,,,,,,,,,,,,,,,,,,,,,,,,,
https://www.hud.gov/sites/dfiles/PIH/documents/PIH-2019-07_AppendixB.pdf,PIH-2019-07_AppendixB.pdf,hud.gov,,117795,115.0 KB,pending,2026-07-10T14:12:39.691951+00:00,,,,,,,,,,,,,,,,,,,,,,,,,,,,
https://www.hud.gov/sites/dfiles/PIH/documents/PIH-2019-07_AppendixC.pdf,PIH-2019-07_AppendixC.pdf,hud.gov,,34384,33.6 KB,pending,2026-07-10T14:12:39.693972+00:00,,,,,,,,,,,,,,,,,,,,,,,,,,,,
https://www.hud.gov/sites/dfiles/PIH/documents/PIH-2019-07_AppendixD.pdf,PIH-2019-07_AppendixD.pdf,hud.gov,,28425,27.8 KB,pending,2026-07-10T14:12:39.695991+00:00,,,,,,,,,,,,,,,,,,,,,,,,,,,,
https://www.hud.gov/sites/dfiles/PIH/documents/PIH-2019-17.pdf,PIH-2019-17.pdf,hud.gov,,78067,76.2 KB,pending,2026-07-10T14:12:39.698106+00:00,,,,,,,,,,,,,,,,,,,,,,,,,,,,
https://www.hud.gov/sites/dfiles/PIH/documents/PIH-2019-19.pdf,PIH-2019-19.pdf,hud.gov,,33054,32.3 KB,pending,2026-07-10T14:12:39.700117+00:00,,,,,,,,,,,,,,,,,,,,,,,,,,,,
https://www.hud.gov/sites/dfiles/PIH/documents/PIH-2020-31.pdf,PIH-2020-31.pdf,hud.gov,,103362,100.9 KB,pending,2026-07-10T14:12:39.702297+00:00,,,,,,,,,,,,,,,,,,,,,,,,,,,,
https://www.hud.gov/sites/dfiles/PIH/documents/PIH-2020-34%202020%20Loan%20Limits%20adding%20Arkansas%20counties%20final.pdf,PIH-2020-34%202020%20Loan%20Limits%20adding%20Arkansas%20counties%20final.pdf,hud.gov,,49043,47.9 KB,pending,2026-07-10T14:12:39.704342+00:00,,,,,,,,,,,,,,,,,,,,,,,,,,,,
https://www.hud.gov/sites/dfiles/OCHCO/documents/PIH-2025-09.pdf,PIH-2025-09.pdf,hud.gov,,201577,196.9 KB,pending,2026-07-10T14:12:39.706759+00:00,,,,,,,,,,,,,,,,,,,,,,,,,,,,
https://www.hud.gov/sites/dfiles/OCHCO/documents/PIH-2025-10.pdf,PIH-2025-10.pdf,hud.gov,,174454,170.4 KB,pending,2026-07-10T14:12:39.709087+00:00,,,,,,,,,,,,,,,,,,,,,,,,,,,,
https://www.hud.gov/sites/dfiles/OCHCO/documents/PIH-2025-27.pdf,PIH-2025-27.pdf,hud.gov,,535066,522.5 KB,pending,2026-07-10T14:12:39.712240+00:00,,,,,,,,,,,,,,,,,,,,,,,,,,,,
https://www.hud.gov/sites/default/files/hudclips/documents/PIH-2026-08.pdf,PIH-2026-08.pdf,hud.gov,,71982,70.3 KB,pending,2026-07-10T14:12:39.714343+00:00,,,,,,,,,,,,,,,,,,,,,,,,,,,,
https://www.hud.gov/sites/default/files/hudclips/documents/PIH-2026-11.pdf,PIH-2026-11.pdf,hud.gov,,104435,102.0 KB,pending,2026-07-10T14:12:39.716532+00:00,,,,,,,,,,,,,,,,,,,,,,,,,,,,
https://files.hudexchange.info/resources/documents/PIH-HCV-Landlord-Fact-Sheet.pdf,PIH-HCV-Landlord-Fact-Sheet.pdf,hud.gov,files.hudexchange.info,94114,91.9 KB,pending,2026-07-10T14:12:39.718682+00:00,,,,,,,,,,,,,,,,,,,,,,,,,,,,
https://files.hudexchange.info/resources/documents/PIH-HCV-Landlord-HQS-Biennial-Inspection-Flowchart.pdf,PIH-HCV-Landlord-HQS-Biennial-Inspection-Flowchart.pdf,hud.gov,files.hudexchange.info,911928,890.6 KB,pending,2026-07-10T14:12:39.722696+00:00,,,,,,,,,,,,,,,,,,,,,,,,,,,,
https://files.hudexchange.info/resources/documents/PIH-HCV-Landlord-HQS-Initial-Inspection-Flowchart.pdf,PIH-HCV-Landlord-HQS-Initial-Inspection-Flowchart.pdf,hud.gov,files.hudexchange.info,641106,626.1 KB,pending,2026-07-10T14:12:39.726108+00:00,,,,,,,,,,,,,,,,,,,,,,,,,,,,
https://files.hudexchange.info/resources/documents/PIH-HCV-Landlord-Interested-In-Becoming-a-HCV-Landlord-Handout.pdf,PIH-HCV-Landlord-Interested-In-Becoming-a-HCV-Landlord-Handout.pdf,hud.gov,files.hudexchange.info,91472,89.3 KB,pending,2026-07-10T14:12:39.728260+00:00,,,,,,,,,,,,,,,,,,,,,,,,,,,,
https://www.hud.gov/sites/dfiles/PIH/documents/PIH2015-15.pdf,PIH2015-15.pdf,hud.gov,,245183,239.4 KB,pending,2026-07-10T14:12:39.730768+00:00,,,,,,,,,,,,,,,,,,,,,,,,,,,,
https://www.hud.gov/sites/dfiles/PIH/documents/PIH2018-06.pdf,PIH2018-06.pdf,hud.gov,,110841,108.2 KB,pending,2026-07-10T14:12:39.732958+00:00,,,,,,,,,,,,,,,,,,,,,,,,,,,,
https://www.hud.gov/sites/dfiles/PIH/documents/PIH2018-14.pdf,PIH2018-14.pdf,hud.gov,,54895,53.6 KB,pending,2026-07-10T14:12:39.735024+00:00,,,,,,,,,,,,,,,,,,,,,,,,,,,,
https://www.hud.gov/sites/dfiles/PIH/documents/PIH2019-07.pdf,PIH2019-07.pdf,hud.gov,,130603,127.5 KB,pending,2026-07-10T14:12:39.737254+00:00,,,,,,,,,,,,,,,,,,,,,,,,,,,,
https://www.hud.gov/sites/dfiles/PIH/documents/PIH2020-05.pdf,PIH2020-05.pdf,hud.gov,,424975,415.0 KB,pending,2026-07-10T14:12:39.740160+00:00,,,,,,,,,,,,,,,,,,,,,,,,,,,,
https://www.hud.gov/sites/dfiles/PIH/documents/PIH2020-11.pdf,PIH2020-11.pdf,hud.gov,,181001,176.8 KB,pending,2026-07-10T14:12:39.742524+00:00,,,,,,,,,,,,,,,,,,,,,,,,,,,,
https://www.hud.gov/sites/dfiles/PIH/documents/PIH2020-12.pdf,PIH2020-12.pdf,hud.gov,,24990,24.4 KB,pending,2026-07-10T14:12:39.744518+00:00,,,,,,,,,,,,,,,,,,,,,,,,,,,,
https://www.hud.gov/sites/dfiles/PIH/documents/PIH2021-14.pdf,PIH2021-14.pdf,hud.gov,,459189,448.4 KB,pending,2026-07-10T14:12:39.747549+00:00,,,,,,,,,,,,,,,,,,,,,,,,,,,,
https://www.hud.gov/sites/dfiles/PIH/documents/PIH2021-14_attachment.pdf,PIH2021-14_attachment.pdf,hud.gov,,208224,203.3 KB,pending,2026-07-10T14:12:39.749973+00:00,,,,,,,,,,,,,,,,,,,,,,,,,,,,
https://www.hud.gov/sites/dfiles/PIH/documents/PIH2021-15.pdf,PIH2021-15.pdf,hud.gov,,503074,491.3 KB,pending,2026-07-10T14:12:39.753064+00:00,,,,,,,,,,,,,,,,,,,,,,,,,,,,
https://www.hud.gov/sites/dfiles/PIH/documents/PIH2021-22.pdf,PIH2021-22.pdf,hud.gov,,382816,373.8 KB,pending,2026-07-10T14:12:39.755905+00:00,,,,,,,,,,,,,,,,,,,,,,,,,,,,
https://www.hud.gov/sites/dfiles/PIH/documents/PIH2021-25.pdf,PIH2021-25.pdf,hud.gov,,357449,349.1 KB,pending,2026-07-10T14:12:39.758681+00:00,,,,,,,,,,,,,,,,,,,,,,,,,,,,
https://www.hud.gov/sites/dfiles/PIH/documents/PIH2021-35.pdf,PIH2021-35.pdf,hud.gov,,359061,350.6 KB,pending,2026-07-10T14:12:39.761455+00:00,,,,,,,,,,,,,,,,,,,,,,,,,,,,
https://www.hud.gov/sites/dfiles/PIH/documents/PIH2022-02.pdf,PIH2022-02.pdf,hud.gov,,235361,229.8 KB,pending,2026-07-10T14:12:39.763944+00:00,,,,,,,,,,,,,,,,,,,,,,,,,,,,
https://www.hud.gov/sites/dfiles/PIH/documents/PIH2022-06.pdf,PIH2022-06.pdf,hud.gov,,293181,286.3 KB,pending,2026-07-10T14:12:39.766568+00:00,,,,,,,,,,,,,,,,,,,,,,,,,,,,
https://www.hud.gov/sites/dfiles/PIH/documents/PIH2022-13.pdf,PIH2022-13.pdf,hud.gov,,185029,180.7 KB,pending,2026-07-10T14:12:39.768924+00:00,,,,,,,,,,,,,,,,,,,,,,,,,,,,
https://www.hud.gov/sites/dfiles/PIH/documents/PIH2022-28.pdf,PIH2022-28.pdf,hud.gov,,827172,807.8 KB,pending,2026-07-10T14:12:39.772763+00:00,,,,,,,,,,,,,,,,,,,,,,,,,,,,
https://www.hud.gov/sites/dfiles/PIH/documents/PIH2023-23HA.pdf,PIH2023-23HA.pdf,hud.gov,,146066,142.6 KB,pending,2026-07-10T14:12:39.775038+00:00,,,,,,,,,,,,,,,,,,,,,,,,,,,,
https://www.hud.gov/sites/dfiles/PIH/documents/PIH2023-28.pdf,PIH2023-28.pdf,hud.gov,,94336,92.1 KB,pending,2026-07-10T14:12:39.777195+00:00,,,,,,,,,,,,,,,,,,,,,,,,,,,,
https://www.hud.gov/sites/dfiles/PIH/documents/PIH2023-30.pdf,PIH2023-30.pdf,hud.gov,,91635,89.5 KB,pending,2026-07-10T14:12:39.779349+00:00,,,,,,,,,,,,,,,,,,,,,,,,,,,,
https://www.hud.gov/sites/dfiles/PIH/documents/PIH_2023-31pihn.pdf,PIH_2023-31pihn.pdf,hud.gov,,111076,108.5 KB,pending,2026-07-10T14:12:39.781554+00:00,,,,,,,,,,,,,,,,,,,,,,,,,,,,
https://www.hud.gov/sites/dfiles/PIH/documents/PIH_2024-13pihn_Tribal_HUD-VASH.pdf,PIH_2024-13pihn_Tribal_HUD-VASH.pdf,hud.gov,,145952,142.5 KB,pending,2026-07-10T14:12:39.783831+00:00,,,,,,,,,,,,,,,,,,,,,,,,,,,,
https://www.hud.gov/sites/dfiles/PIH/documents/PIH_2024-24.pdf,PIH_2024-24.pdf,hud.gov,,145621,142.2 KB,pending,2026-07-10T14:12:39.786098+00:00,,,,,,,,,,,,,,,,,,,,,,,,,,,,
https://www.hud.gov/sites/dfiles/PIH/documents/PIH_2024-35.pdf,PIH_2024-35.pdf,hud.gov,,313179,305.8 KB,pending,2026-07-10T14:12:39.788763+00:00,,,,,,,,,,,,,,,,,,,,,,,,,,,,
https://www.hud.gov/sites/dfiles/PIH/documents/PIH_2024-39.pdf,PIH_2024-39.pdf,hud.gov,,147938,144.5 KB,pending,2026-07-10T14:12:39.791046+00:00,,,,,,,,,,,,,,,,,,,,,,,,,,,,
https://www.hud.gov/sites/dfiles/OCHCO/documents/PIH_2025-11.pdf,PIH_2025-11.pdf,hud.gov,,85024,83.0 KB,pending,2026-07-10T14:12:39.793177+00:00,,,,,,,,,,,,,,,,,,,,,,,,,,,,
https://www.hud.gov/sites/dfiles/PIH/documents/PlanningCFGuidebookTraining2022.pdf,PlanningCFGuidebookTraining2022.pdf,hud.gov,,1424884,1.4 MB,pending,2026-07-10T14:12:39.798343+00:00,,,,,,,,,,,,,,,,,,,,,,,,,,,,
https://www.hud.gov/sites/dfiles/PIH/documents/RVI_Webnair_Dec32020.pdf,RVI_Webnair_Dec32020.pdf,hud.gov,,7658899,7.3 MB,pending,2026-07-10T14:12:39.817775+00:00,,,,,,,,,,,,,,,,,,,,,,,,,,,,
https://www.hud.gov/sites/dfiles/State/documents/Region2_NY_NJ_Resource_Directory_%20English.pdf,Region2_NY_NJ_Resource_Directory_%20English.pdf,hud.gov,,256090,250.1 KB,pending,2026-07-10T14:12:39.820639+00:00,,,,,,,,,,,,,,,,,,,,,,,,,,,,
https://www.hud.gov/sites/dfiles/PIH/documents/Repayment_Guidance_PG_2019-01.pdf,Repayment_Guidance_PG_2019-01.pdf,hud.gov,,361647,353.2 KB,pending,2026-07-10T14:12:39.823467+00:00,,,,,,,,,,,,,,,,,,,,,,,,,,,,
https://www.hud.gov/sites/dfiles/PIH/documents/SD-2017-01.pdf,SD-2017-01.pdf,hud.gov,,272561,266.2 KB,pending,2026-07-10T14:12:39.826041+00:00,,,,,,,,,,,,,,,,,,,,,,,,,,,,
https://www.hud.gov/sites/dfiles/SFH/documents/SETTLEMENT_CERTIFICATION.pdf,SETTLEMENT_CERTIFICATION.pdf,hud.gov,,123181,120.3 KB,pending,2026-07-10T14:12:39.828259+00:00,,,,,,,,,,,,,,,,,,,,,,,,,,,,
https://www.hud.gov/sites/dfiles/SFH/documents/SFDMSCodes04282025.pdf,SFDMSCodes04282025.pdf,hud.gov,,298364,291.4 KB,pending,2026-07-10T14:12:39.830880+00:00,,,,,,,,,,,,,,,,,,,,,,,,,,,,
https://www.hud.gov/sites/dfiles/SFH/documents/SFDMSCodes05202024.pdf,SFDMSCodes05202024.pdf,hud.gov,,298880,291.9 KB,pending,2026-07-10T14:12:39.833516+00:00,,,,,,,,,,,,,,,,,,,,,,,,,,,,
https://www.hud.gov/sites/dfiles/SFH/documents/SFDMS_Codes.pdf,SFDMS_Codes.pdf,hud.gov,,278602,272.1 KB,pending,2026-07-10T14:12:39.836096+00:00,,,,,,,,,,,,,,,,,,,,,,,,,,,,
https://www.hud.gov/sites/dfiles/SFH/documents/SFH_POLI_APPR_RPT_FIN.pdf,SFH_POLI_APPR_RPT_FIN.pdf,hud.gov,,1475682,1.4 MB,pending,2026-07-10T14:12:39.841390+00:00,,,,,,,,,,,,,,,,,,,,,,,,,,,,
https://www.hud.gov/sites/dfiles/SFH/documents/SFH_POLI_TERMITE.pdf,SFH_POLI_TERMITE.pdf,hud.gov,,489392,477.9 KB,pending,2026-07-10T14:12:39.845608+00:00,,,,,,,,,,,,,,,,,,,,,,,,,,,,
https://www.hud.gov/sites/dfiles/SFH/documents/SFH_POLI_WATERPURIF.pdf,SFH_POLI_WATERPURIF.pdf,hud.gov,,274397,268.0 KB,pending,2026-07-10T14:12:39.848207+00:00,,,,,,,,,,,,,,,,,,,,,,,,,,,,
https://www.hud.gov/sites/dfiles/CPO/documents/SIGNED%20FY%202016%20Analysis_FY%202017%20Plan.pdf,SIGNED%20FY%202016%20Analysis_FY%202017%20Plan.pdf,hud.gov,,451209,440.6 KB,pending,2026-07-10T14:12:39.851215+00:00,,,,,,,,,,,,,,,,,,,,,,,,,,,,
https://www.hud.gov/sites/dfiles/PIH/documents/Sample%20MOU%20Template.pdf,Sample%20MOU%20Template.pdf,hud.gov,,83167,81.2 KB,pending,2026-07-10T14:12:39.853348+00:00,,,,,,,,,,,,,,,,,,,,,,,,,,,,
https://www.hud.gov/sites/default/files/FHEO/documents/Secretary-Initiated-Investigation-of-the-Multnomah-County-Homeless-Services-Department.pdf,Secretary-Initiated-Investigation-of-the-Multnomah-County-Homeless-Services-Department.pdf,hud.gov,,115986,113.3 KB,pending,2026-07-10T14:12:39.859244+00:00,,,,,,,,,,,,,,,,,,,,,,,,,,,,
https://content.govdelivery.com/attachments/USHUDPIH/2025/03/06/file_attachments/3185841/Section%20184%202025%20Loan%20Limits%20Table.pdf,Section%20184%202025%20Loan%20Limits%20Table.pdf,hud.gov,content.govdelivery.com,954729,932.4 KB,pending,2026-07-10T14:12:39.863413+00:00,,,,,,,,,,,,,,,,,,,,,,,,,,,,
https://content.govdelivery.com/attachments/USHUDPIH/2025/03/06/file_attachments/3185842/Section%20184A%202025%20Loan%20Limits%20Table.pdf,Section%20184A%202025%20Loan%20Limits%20Table.pdf,hud.gov,content.govdelivery.com,44324,43.3 KB,pending,2026-07-10T14:12:39.867019+00:00,,,,,,,,,,,,,,,,,,,,,,,,,,,,
https://www.hud.gov/sites/default/files/PIH/documents/Section-184-Approved-Lenders.pdf,Section-184-Approved-Lenders.pdf,hud.gov,,305458,298.3 KB,pending,2026-07-10T14:12:39.869663+00:00,,,,,,,,,,,,,,,,,,,,,,,,,,,,
https://www.hud.gov/sites/dfiles/PIH/documents/Section-184A-Loan-Limits-Table.pdf,Section-184A-Loan-Limits-Table.pdf,hud.gov,,44324,43.3 KB,pending,2026-07-10T14:12:39.871700+00:00,,,,,,,,,,,,,,,,,,,,,,,,,,,,
https://www.hud.gov/sites/dfiles/CPD/documents/Section_108_Challenge_Slides-8_29_24.pdf,Section_108_Challenge_Slides-8_29_24.pdf,hud.gov,,3776771,3.6 MB,pending,2026-07-10T14:12:39.882178+00:00,,,,,,,,,,,,,,,,,,,,,,,,,,,,
https://www.hud.gov/sites/dfiles/PIH/documents/Section_184_Loan_Limits.pdf,Section_184_Loan_Limits.pdf,hud.gov,,492460,480.9 KB,pending,2026-07-10T14:12:39.885332+00:00,,,,,,,,,,,,,,,,,,,,,,,,,,,,
https://www.hud.gov/sites/dfiles/CPO/documents/Signed%20FY%202017%20Analysis_FY%202018%20Plan.pdf,Signed%20FY%202017%20Analysis_FY%202018%20Plan.pdf,hud.gov,,506123,494.3 KB,pending,2026-07-10T14:12:39.888467+00:00,,,,,,,,,,,,,,,,,,,,,,,,,,,,
https://www.hud.gov/sites/dfiles/PIH/documents/SystemsUserInstruction.pdf,SystemsUserInstruction.pdf,hud.gov,,103390,101.0 KB,pending,2026-07-10T14:12:39.890664+00:00,,,,,,,,,,,,,,,,,,,,,,,,,,,,
https://www.hud.gov/sites/dfiles/PIH/documents/TDC.pdf,TDC.pdf,hud.gov,,622500,607.9 KB,pending,2026-07-10T14:12:39.894015+00:00,,,,,,,,,,,,,,,,,,,,,,,,,,,,
https://www.hud.gov/sites/dfiles/PIH/documents/TDCs_2019_Final.pdf,TDCs_2019_Final.pdf,hud.gov,,611911,597.6 KB,pending,2026-07-10T14:12:39.897344+00:00,,,,,,,,,,,,,,,,,,,,,,,,,,,,
https://www.hud.gov/sites/dfiles/PIH/documents/TDCs_2020.pdf,TDCs_2020.pdf,hud.gov,,624596,610.0 KB,pending,2026-07-10T14:12:39.900718+00:00,,,,,,,,,,,,,,,,,,,,,,,,,,,,
https://www.hud.gov/sites/dfiles/PIH/documents/TDCs_2021.pdf,TDCs_2021.pdf,hud.gov,,630341,615.6 KB,pending,2026-07-10T14:12:39.904090+00:00,,,,,,,,,,,,,,,,,,,,,,,,,,,,
https://www.hud.gov/sites/dfiles/PIH/documents/TDCs_2022.pdf,TDCs_2022.pdf,hud.gov,,636747,621.8 KB,pending,2026-07-10T14:12:39.907488+00:00,,,,,,,,,,,,,,,,,,,,,,,,,,,,
https://www.hud.gov/sites/dfiles/PIH/documents/THUD-VASH_LPR_Instructions.pdf,THUD-VASH_LPR_Instructions.pdf,hud.gov,,48144,47.0 KB,pending,2026-07-10T14:12:39.909553+00:00,,,,,,,,,,,,,,,,,,,,,,,,,,,,
https://www.hud.gov/sites/dfiles/SFH/documents/TI_MH_ALLOWLOAN_Mar_2024.pdf,TI_MH_ALLOWLOAN_Mar_2024.pdf,hud.gov,,48027,46.9 KB,pending,2026-07-10T14:12:39.911654+00:00,,,,,,,,,,,,,,,,,,,,,,,,,,,,
https://www.hud.gov/sites/dfiles/PIH/documents/Unique%20Identifier%203_3_22.pdf,Unique%20Identifier%203_3_22.pdf,hud.gov,,91156,89.0 KB,pending,2026-07-10T14:12:39.914220+00:00,,,,,,,,,,,,,,,,,,,,,,,,,,,,
https://www.hud.gov/sites/default/files/PA/documents/WSHFC-letter.pdf,WSHFC-letter.pdf,hud.gov,,135004,131.8 KB,pending,2026-07-10T14:12:39.917198+00:00,,,,,,,,,,,,,,,,,,,,,,,,,,,,
https://www.hud.gov/sites/dfiles/PIH/documents/Waiver%20UDFF%20for%20Covid%20Notice%20FINAL.pdf,Waiver%20UDFF%20for%20Covid%20Notice%20FINAL.pdf,hud.gov,,93006,90.8 KB,pending,2026-07-10T14:12:39.920169+00:00,,,,,,,,,,,,,,,,,,,,,,,,,,,,
https://www.hud.gov/sites/dfiles/PIH/documents/about_eiv_updated.pdf,about_eiv_updated.pdf,hud.gov,,347503,339.4 KB,pending,2026-07-10T14:12:39.923315+00:00,,,,,,,,,,,,,,,,,,,,,,,,,,,,
https://www.hud.gov/sites/documents/adm99-1a.pdf,adm99-1a.pdf,hud.gov,,275146,268.7 KB,pending,2026-07-10T14:12:39.925938+00:00,,,,,,,,,,,,,,,,,,,,,,,,,,,,
https://www.hud.gov/sites/dfiles/SFH/documents/amendatory_clause_model_document.pdf,amendatory_clause_model_document.pdf,hud.gov,,84991,83.0 KB,pending,2026-07-10T14:12:39.928092+00:00,,,,,,,,,,,,,,,,,,,,,,,,,,,,
https://www.hud.gov/sites/dfiles/SFH/documents/annual_pmnt_supplement_disclosure.pdf,annual_pmnt_supplement_disclosure.pdf,hud.gov,,200794,196.1 KB,pending,2026-07-10T14:12:39.930523+00:00,,,,,,,,,,,,,,,,,,,,,,,,,,,,
https://www.hud.gov/sites/documents/attachment1.pdf,attachment1.pdf,hud.gov,,136545,133.3 KB,pending,2026-07-10T14:12:39.932771+00:00,,,,,,,,,,,,,,,,,,,,,,,,,,,,
https://www.hud.gov/sites/documents/attachment2.pdf,attachment2.pdf,hud.gov,,27973,27.3 KB,pending,2026-07-10T14:12:39.934779+00:00,,,,,,,,,,,,,,,,,,,,,,,,,,,,
https://www.hud.gov/sites/documents/attachment3.pdf,attachment3.pdf,hud.gov,,220132,215.0 KB,pending,2026-07-10T14:12:39.937212+00:00,,,,,,,,,,,,,,,,,,,,,,,,,,,,
https://www.hud.gov/sites/documents/attachment7.pdf,attachment7.pdf,hud.gov,,259470,253.4 KB,pending,2026-07-10T14:12:39.939754+00:00,,,,,,,,,,,,,,,,,,,,,,,,,,,,
https://www.hud.gov/sites/documents/attachment8.pdf,attachment8.pdf,hud.gov,,101253,98.9 KB,pending,2026-07-10T14:12:39.941936+00:00,,,,,,,,,,,,,,,,,,,,,,,,,,,,
https://www.hud.gov/sites/documents/attachmentvisf-1199a.pdf,attachmentvisf-1199a.pdf,hud.gov,,125124,122.2 KB,pending,2026-07-10T14:12:39.944159+00:00,,,,,,,,,,,,,,,,,,,,,,,,,,,,
https://apps.hud.gov/pub/chums/aus-developers-guide-SOAP-MISMO.pdf,aus-developers-guide-SOAP-MISMO.pdf,hud.gov,,1199867,1.1 MB,pending,2026-07-10T14:12:39.948815+00:00,,,,,,,,,,,,,,,,,,,,,,,,,,,,
https://www.hud.gov/sites/documents/autoextens.pdf,autoextens.pdf,hud.gov,,6309,6.2 KB,pending,2026-07-10T14:12:39.950788+00:00,,,,,,,,,,,,,,,,,,,,,,,,,,,,
https://www.hud.gov/sites/dfiles/PIH/documents/backingup_frs5.pdf,backingup_frs5.pdf,hud.gov,,30724,30.0 KB,pending,2026-07-10T14:12:39.952796+00:00,,,,,,,,,,,,,,,,,,,,,,,,,,,,
https://www.hud.gov/sites/documents/broadbandguidance.pdf,broadbandguidance.pdf,hud.gov,,197719,193.1 KB,pending,2026-07-10T14:12:39.956231+00:00,,,,,,,,,,,,,,,,,,,,,,,,,,,,
https://www.hud.gov/sites/documents/budget-related-dec06.pdf,budget-related-dec06.pdf,hud.gov,,95920,93.7 KB,pending,2026-07-10T14:12:39.958425+00:00,,,,,,,,,,,,,,,,,,,,,,,,,,,,
https://www.hud.gov/sites/documents/capfund-scoring.pdf,capfund-scoring.pdf,hud.gov,,53499,52.2 KB,pending,2026-07-10T14:12:39.961904+00:00,,,,,,,,,,,,,,,,,,,,,,,,,,,,
https://www.hud.gov/sites/documents/capfundfinalrule2013-23230.pdf,capfundfinalrule2013-23230.pdf,hud.gov,,582208,568.6 KB,pending,2026-07-10T14:12:39.965165+00:00,,,,,,,,,,,,,,,,,,,,,,,,,,,,
https://www.hud.gov/sites/documents/capitalfund.pdf,capitalfund.pdf,hud.gov,,3912888,3.7 MB,pending,2026-07-10T14:12:39.975948+00:00,,,,,,,,,,,,,,,,,,,,,,,,,,,,
https://www.hud.gov/sites/documents/capitalfundguidebookfinal.pdf,capitalfundguidebookfinal.pdf,hud.gov,,1715440,1.6 MB,pending,2026-07-10T14:12:39.981889+00:00,,,,,,,,,,,,,,,,,,,,,,,,,,,,
https://www.hud.gov/sites/documents/clarifcapfundtpd.pdf,clarifcapfundtpd.pdf,hud.gov,,186084,181.7 KB,pending,2026-07-10T14:12:39.985157+00:00,,,,,,,,,,,,,,,,,,,,,,,,,,,,
https://www.hud.gov/sites/documents/consortia_faqs.pdf,consortia_faqs.pdf,hud.gov,,90459,88.3 KB,pending,2026-07-10T14:12:39.987322+00:00,,,,,,,,,,,,,,,,,,,,,,,,,,,,
https://www.hud.gov/sites/dfiles/PIH/documents/data-conversion.pdf,data-conversion.pdf,hud.gov,,317690,310.2 KB,pending,2026-07-10T14:12:39.990002+00:00,,,,,,,,,,,,,,,,,,,,,,,,,,,,
https://www.hud.gov/sites/documents/deconcentration-dec06.pdf,deconcentration-dec06.pdf,hud.gov,,134345,131.2 KB,pending,2026-07-10T14:12:39.992259+00:00,,,,,,,,,,,,,,,,,,,,,,,,,,,,
https://www.hud.gov/sites/documents/doc_11427.pdf,doc_11427.pdf,hud.gov,,110937,108.3 KB,pending,2026-07-10T14:12:39.996591+00:00,,,,,,,,,,,,,,,,,,,,,,,,,,,,
https://www.hud.gov/sites/documents/doc_11429.pdf,doc_11429.pdf,hud.gov,,983264,960.2 KB,pending,2026-07-10T14:12:40.000756+00:00,,,,,,,,,,,,,,,,,,,,,,,,,,,,
https://www.hud.gov/sites/documents/doc_11450.pdf,doc_11450.pdf,hud.gov,,183091,178.8 KB,pending,2026-07-10T14:12:40.003113+00:00,,,,,,,,,,,,,,,,,,,,,,,,,,,,
https://www.hud.gov/sites/documents/doc_11451.pdf,doc_11451.pdf,hud.gov,,181399,177.1 KB,pending,2026-07-10T14:12:40.005480+00:00,,,,,,,,,,,,,,,,,,,,,,,,,,,,
https://www.hud.gov/sites/documents/doc_11452.pdf,doc_11452.pdf,hud.gov,,73680,72.0 KB,pending,2026-07-10T14:12:40.007586+00:00,,,,,,,,,,,,,,,,,,,,,,,,,,,,
https://www.hud.gov/sites/documents/doc_11453.pdf,doc_11453.pdf,hud.gov,,28417,27.8 KB,pending,2026-07-10T14:12:40.009590+00:00,,,,,,,,,,,,,,,,,,,,,,,,,,,,
https://www.hud.gov/sites/documents/doc_11454.pdf,doc_11454.pdf,hud.gov,,69503,67.9 KB,pending,2026-07-10T14:12:40.011680+00:00,,,,,,,,,,,,,,,,,,,,,,,,,,,,
https://www.hud.gov/sites/documents/doc_11455.pdf,doc_11455.pdf,hud.gov,,208000,203.1 KB,pending,2026-07-10T14:12:40.014090+00:00,,,,,,,,,,,,,,,,,,,,,,,,,,,,
https://www.hud.gov/sites/documents/doc_11651.pdf,doc_11651.pdf,hud.gov,,274234,267.8 KB,pending,2026-07-10T14:12:40.016660+00:00,,,,,,,,,,,,,,,,,,,,,,,,,,,,
https://www.hud.gov/sites/documents/doc_11652.pdf,doc_11652.pdf,hud.gov,,4077706,3.9 MB,pending,2026-07-10T14:12:40.027861+00:00,,,,,,,,,,,,,,,,,,,,,,,,,,,,
https://www.hud.gov/sites/documents/doc_11653.pdf,doc_11653.pdf,hud.gov,,274274,267.8 KB,pending,2026-07-10T14:12:40.030622+00:00,,,,,,,,,,,,,,,,,,,,,,,,,,,,
https://www.hud.gov/sites/documents/doc_11654.pdf,doc_11654.pdf,hud.gov,,3936936,3.8 MB,pending,2026-07-10T14:12:40.041540+00:00,,,,,,,,,,,,,,,,,,,,,,,,,,,,
https://www.hud.gov/sites/documents/doc_11655.pdf,doc_11655.pdf,hud.gov,,1255166,1.2 MB,pending,2026-07-10T14:12:40.046436+00:00,,,,,,,,,,,,,,,,,,,,,,,,,,,,
https://www.hud.gov/sites/documents/doc_11656.pdf,doc_11656.pdf,hud.gov,,1720570,1.6 MB,pending,2026-07-10T14:12:40.052410+00:00,,,,,,,,,,,,,,,,,,,,,,,,,,,,
https://www.hud.gov/sites/documents/doc_11657.pdf,doc_11657.pdf,hud.gov,,896878,875.9 KB,pending,2026-07-10T14:12:40.056489+00:00,,,,,,,,,,,,,,,,,,,,,,,,,,,,
https://www.hud.gov/sites/documents/doc_11658.pdf,doc_11658.pdf,hud.gov,,1735400,1.7 MB,pending,2026-07-10T14:12:40.062392+00:00,,,,,,,,,,,,,,,,,,,,,,,,,,,,
https://www.hud.gov/sites/documents/doc_11659.pdf,doc_11659.pdf,hud.gov,,3794265,3.6 MB,pending,2026-07-10T14:12:40.072923+00:00,,,,,,,,,,,,,,,,,,,,,,,,,,,,
https://www.hud.gov/sites/documents/doc_11660.pdf,doc_11660.pdf,hud.gov,,3968578,3.8 MB,pending,2026-07-10T14:12:40.083892+00:00,,,,,,,,,,,,,,,,,,,,,,,,,,,,
https://www.hud.gov/sites/documents/doc_11661.pdf,doc_11661.pdf,hud.gov,,1508334,1.4 MB,pending,2026-07-10T14:12:40.089354+00:00,,,,,,,,,,,,,,,,,,,,,,,,,,,,
https://www.hud.gov/sites/documents/doc_11662.pdf,doc_11662.pdf,hud.gov,,2740026,2.6 MB,pending,2026-07-10T14:12:40.097536+00:00,,,,,,,,,,,,,,,,,,,,,,,,,,,,
https://www.hud.gov/sites/documents/doc_11663.pdf,doc_11663.pdf,hud.gov,,1757522,1.7 MB,pending,2026-07-10T14:12:40.103489+00:00,,,,,,,,,,,,,,,,,,,,,,,,,,,,
https://www.hud.gov/sites/documents/doc_11665.pdf,doc_11665.pdf,hud.gov,,734313,717.1 KB,pending,2026-07-10T14:12:40.107310+00:00,,,,,,,,,,,,,,,,,,,,,,,,,,,,
https://www.hud.gov/sites/documents/doc_11666.pdf,doc_11666.pdf,hud.gov,,729117,712.0 KB,pending,2026-07-10T14:12:40.110943+00:00,,,,,,,,,,,,,,,,,,,,,,,,,,,,
https://www.hud.gov/sites/documents/doc_11667.pdf,doc_11667.pdf,hud.gov,,1545157,1.5 MB,pending,2026-07-10T14:12:40.116412+00:00,,,,,,,,,,,,,,,,,,,,,,,,,,,,
https://www.hud.gov/sites/documents/doc_11668.pdf,doc_11668.pdf,hud.gov,,2176172,2.1 MB,pending,2026-07-10T14:12:40.123497+00:00,,,,,,,,,,,,,,,,,,,,,,,,,,,,
https://www.hud.gov/sites/documents/doc_11669.pdf,doc_11669.pdf,hud.gov,,5780149,5.5 MB,pending,2026-07-10T14:12:40.138566+00:00,,,,,,,,,,,,,,,,,,,,,,,,,,,,
https://www.hud.gov/sites/documents/doc_11670.pdf,doc_11670.pdf,hud.gov,,967232,944.6 KB,pending,2026-07-10T14:12:40.142928+00:00,,,,,,,,,,,,,,,,,,,,,,,,,,,,
https://www.hud.gov/sites/documents/doc_11671.pdf,doc_11671.pdf,hud.gov,,1528301,1.5 MB,pending,2026-07-10T14:12:40.148426+00:00,,,,,,,,,,,,,,,,,,,,,,,,,,,,
https://www.hud.gov/sites/documents/doc_11672.pdf,doc_11672.pdf,hud.gov,,2359186,2.2 MB,pending,2026-07-10T14:12:40.155742+00:00,,,,,,,,,,,,,,,,,,,,,,,,,,,,
https://www.hud.gov/sites/documents/doc_11673.pdf,doc_11673.pdf,hud.gov,,5782858,5.5 MB,pending,2026-07-10T14:12:40.170859+00:00,,,,,,,,,,,,,,,,,,,,,,,,,,,,
https://www.hud.gov/sites/documents/doc_11674.pdf,doc_11674.pdf,hud.gov,,968211,945.5 KB,pending,2026-07-10T14:12:40.175187+00:00,,,,,,,,,,,,,,,,,,,,,,,,,,,,
https://www.hud.gov/sites/documents/doc_11675.pdf,doc_11675.pdf,hud.gov,,439809,429.5 KB,pending,2026-07-10T14:12:40.178224+00:00,,,,,,,,,,,,,,,,,,,,,,,,,,,,
https://www.hud.gov/sites/documents/doc_11676.pdf,doc_11676.pdf,hud.gov,,355330,347.0 KB,pending,2026-07-10T14:12:40.181003+00:00,,,,,,,,,,,,,,,,,,,,,,,,,,,,
https://www.hud.gov/sites/documents/doc_11677.pdf,doc_11677.pdf,hud.gov,,151562,148.0 KB,pending,2026-07-10T14:12:40.183303+00:00,,,,,,,,,,,,,,,,,,,,,,,,,,,,
https://www.hud.gov/sites/documents/doc_11678.pdf,doc_11678.pdf,hud.gov,,400252,390.9 KB,pending,2026-07-10T14:12:40.186178+00:00,,,,,,,,,,,,,,,,,,,,,,,,,,,,
https://www.hud.gov/sites/documents/doc_11679.pdf,doc_11679.pdf,hud.gov,,455026,444.4 KB,pending,2026-07-10T14:12:40.189241+00:00,,,,,,,,,,,,,,,,,,,,,,,,,,,,
https://www.hud.gov/sites/documents/doc_11680.pdf,doc_11680.pdf,hud.gov,,151913,148.4 KB,pending,2026-07-10T14:12:40.191549+00:00,,,,,,,,,,,,,,,,,,,,,,,,,,,,
https://www.hud.gov/sites/documents/doc_11681.pdf,doc_11681.pdf,hud.gov,,389388,380.3 KB,pending,2026-07-10T14:12:40.194386+00:00,,,,,,,,,,,,,,,,,,,,,,,,,,,,
https://www.hud.gov/sites/documents/doc_11682.pdf,doc_11682.pdf,hud.gov,,390305,381.2 KB,pending,2026-07-10T14:12:40.197213+00:00,,,,,,,,,,,,,,,,,,,,,,,,,,,,
https://www.hud.gov/sites/documents/doc_11683.pdf,doc_11683.pdf,hud.gov,,491110,479.6 KB,pending,2026-07-10T14:12:40.200271+00:00,,,,,,,,,,,,,,,,,,,,,,,,,,,,
https://www.hud.gov/sites/documents/doc_11684.pdf,doc_11684.pdf,hud.gov,,659072,643.6 KB,pending,2026-07-10T14:12:40.203715+00:00,,,,,,,,,,,,,,,,,,,,,,,,,,,,
https://www.hud.gov/sites/documents/doc_11685.pdf,doc_11685.pdf,hud.gov,,212396,207.4 KB,pending,2026-07-10T14:12:40.206144+00:00,,,,,,,,,,,,,,,,,,,,,,,,,,,,
https://www.hud.gov/sites/documents/doc_11686.pdf,doc_11686.pdf,hud.gov,,491630,480.1 KB,pending,2026-07-10T14:12:40.209233+00:00,,,,,,,,,,,,,,,,,,,,,,,,,,,,
https://www.hud.gov/sites/documents/doc_11687.pdf,doc_11687.pdf,hud.gov,,657240,641.8 KB,pending,2026-07-10T14:12:40.212676+00:00,,,,,,,,,,,,,,,,,,,,,,,,,,,,
https://www.hud.gov/sites/documents/doc_11688.pdf,doc_11688.pdf,hud.gov,,212751,207.8 KB,pending,2026-07-10T14:12:40.215100+00:00,,,,,,,,,,,,,,,,,,,,,,,,,,,,
https://www.hud.gov/sites/documents/doc_11729.pdf,doc_11729.pdf,hud.gov,,16581,16.2 KB,pending,2026-07-10T14:12:40.217123+00:00,,,,,,,,,,,,,,,,,,,,,,,,,,,,
https://www.hud.gov/sites/documents/doc_11730.pdf,doc_11730.pdf,hud.gov,,17445,17.0 KB,pending,2026-07-10T14:12:40.219105+00:00,,,,,,,,,,,,,,,,,,,,,,,,,,,,
https://www.hud.gov/sites/documents/doc_11875.pdf,doc_11875.pdf,hud.gov,,340254,332.3 KB,pending,2026-07-10T14:12:40.221849+00:00,,,,,,,,,,,,,,,,,,,,,,,,,,,,
https://www.hud.gov/sites/documents/doc_11878.pdf,doc_11878.pdf,hud.gov,,3928063,3.7 MB,pending,2026-07-10T14:12:40.232692+00:00,,,,,,,,,,,,,,,,,,,,,,,,,,,,
https://www.hud.gov/sites/documents/doc_11880.pdf,doc_11880.pdf,hud.gov,,1883294,1.8 MB,pending,2026-07-10T14:12:40.238954+00:00,,,,,,,,,,,,,,,,,,,,,,,,,,,,
https://www.hud.gov/sites/documents/doc_11881.pdf,doc_11881.pdf,hud.gov,,329241,321.5 KB,pending,2026-07-10T14:12:40.241697+00:00,,,,,,,,,,,,,,,,,,,,,,,,,,,,
https://www.hud.gov/sites/documents/doc_11882.pdf,doc_11882.pdf,hud.gov,,184317,180.0 KB,pending,2026-07-10T14:12:40.244071+00:00,,,,,,,,,,,,,,,,,,,,,,,,,,,,
https://www.hud.gov/sites/documents/doc_12143.pdf,doc_12143.pdf,hud.gov,,58884,57.5 KB,pending,2026-07-10T14:12:40.246156+00:00,,,,,,,,,,,,,,,,,,,,,,,,,,,,
https://www.hud.gov/sites/documents/doc_14630.pdf,doc_14630.pdf,hud.gov,,166993,163.1 KB,pending,2026-07-10T14:12:40.248546+00:00,,,,,,,,,,,,,,,,,,,,,,,,,,,,
https://www.hud.gov/sites/documents/doc_16512.pdf,doc_16512.pdf,hud.gov,,111477,108.9 KB,pending,2026-07-10T14:12:40.250741+00:00,,,,,,,,,,,,,,,,,,,,,,,,,,,,
https://www.hud.gov/sites/documents/doc_17082.pdf,doc_17082.pdf,hud.gov,,883112,862.4 KB,pending,2026-07-10T14:12:40.254690+00:00,,,,,,,,,,,,,,,,,,,,,,,,,,,,
https://www.hud.gov/sites/documents/doc_17083.pdf,doc_17083.pdf,hud.gov,,292,292 B,pending,2026-07-10T14:12:40.256654+00:00,,,,,,,,,,,,,,,,,,,,,,,,,,,,
https://www.hud.gov/sites/documents/doc_17084.pdf,doc_17084.pdf,hud.gov,,292,292 B,pending,2026-07-10T14:12:40.258601+00:00,,,,,,,,,,,,,,,,,,,,,,,,,,,,
https://www.hud.gov/sites/documents/doc_17085.pdf,doc_17085.pdf,hud.gov,,292,292 B,pending,2026-07-10T14:12:40.260540+00:00,,,,,,,,,,,,,,,,,,,,,,,,,,,,
https://www.hud.gov/sites/documents/doc_23971.pdf,doc_23971.pdf,hud.gov,,1633027,1.6 MB,pending,2026-07-10T14:12:40.266174+00:00,,,,,,,,,,,,,,,,,,,,,,,,,,,,
https://www.hud.gov/sites/documents/doc_24905.pdf,doc_24905.pdf,hud.gov,,24015,23.5 KB,pending,2026-07-10T14:12:40.268178+00:00,,,,,,,,,,,,,,,,,,,,,,,,,,,,
https://www.hud.gov/sites/documents/doc_24906.pdf,doc_24906.pdf,hud.gov,,22228,21.7 KB,pending,2026-07-10T14:12:40.270173+00:00,,,,,,,,,,,,,,,,,,,,,,,,,,,,
https://www.hud.gov/sites/documents/doc_24907.pdf,doc_24907.pdf,hud.gov,,24057,23.5 KB,pending,2026-07-10T14:12:40.272168+00:00,,,,,,,,,,,,,,,,,,,,,,,,,,,,
https://www.hud.gov/sites/documents/doc_24908.pdf,doc_24908.pdf,hud.gov,,20810,20.3 KB,pending,2026-07-10T14:12:40.274160+00:00,,,,,,,,,,,,,,,,,,,,,,,,,,,,
https://www.hud.gov/sites/documents/doc_24909.pdf,doc_24909.pdf,hud.gov,,15516,15.2 KB,pending,2026-07-10T14:12:40.276143+00:00,,,,,,,,,,,,,,,,,,,,,,,,,,,,
https://www.hud.gov/sites/documents/doc_24910.pdf,doc_24910.pdf,hud.gov,,571268,557.9 KB,pending,2026-07-10T14:12:40.279387+00:00,,,,,,,,,,,,,,,,,,,,,,,,,,,,
https://www.hud.gov/sites/documents/doc_24911.pdf,doc_24911.pdf,hud.gov,,264636,258.4 KB,pending,2026-07-10T14:12:40.281925+00:00,,,,,,,,,,,,,,,,,,,,,,,,,,,,
https://www.hud.gov/sites/documents/doc_24912.pdf,doc_24912.pdf,hud.gov,,30776,30.1 KB,pending,2026-07-10T14:12:40.283941+00:00,,,,,,,,,,,,,,,,,,,,,,,,,,,,
https://www.hud.gov/sites/documents/doc_24913.pdf,doc_24913.pdf,hud.gov,,510213,498.3 KB,pending,2026-07-10T14:12:40.287035+00:00,,,,,,,,,,,,,,,,,,,,,,,,,,,,
https://www.hud.gov/sites/documents/doc_24914.pdf,doc_24914.pdf,hud.gov,,4424910,4.2 MB,pending,2026-07-10T14:12:40.298991+00:00,,,,,,,,,,,,,,,,,,,,,,,,,,,,
https://www.hud.gov/sites/documents/doc_24915.pdf,doc_24915.pdf,hud.gov,,28121,27.5 KB,pending,2026-07-10T14:12:40.301108+00:00,,,,,,,,,,,,,,,,,,,,,,,,,,,,
https://www.hud.gov/sites/documents/doc_24916.pdf,doc_24916.pdf,hud.gov,,69579,67.9 KB,pending,2026-07-10T14:12:40.303246+00:00,,,,,,,,,,,,,,,,,,,,,,,,,,,,
https://www.hud.gov/sites/documents/doc_24917.pdf,doc_24917.pdf,hud.gov,,5245045,5.0 MB,pending,2026-07-10T14:12:40.317072+00:00,,,,,,,,,,,,,,,,,,,,,,,,,,,,
https://www.hud.gov/sites/documents/doc_25278.pdf,doc_25278.pdf,hud.gov,,8993,8.8 KB,pending,2026-07-10T14:12:40.319138+00:00,,,,,,,,,,,,,,,,,,,,,,,,,,,,
https://www.hud.gov/sites/documents/doc_26347.pdf,doc_26347.pdf,hud.gov,,120477,117.7 KB,pending,2026-07-10T14:12:40.321408+00:00,,,,,,,,,,,,,,,,,,,,,,,,,,,,
https://www.hud.gov/sites/documents/doc_8326.pdf,doc_8326.pdf,hud.gov,,13096,12.8 KB,pending,2026-07-10T14:12:40.533454+00:00,,,,,,,,,,,,,,,,,,,,,,,,,,,,
https://www.hud.gov/sites/documents/doc_8327.pdf,doc_8327.pdf,hud.gov,,116851,114.1 KB,pending,2026-07-10T14:12:40.535767+00:00,,,,,,,,,,,,,,,,,,,,,,,,,,,,
https://www.hud.gov/sites/documents/doc_8328.pdf,doc_8328.pdf,hud.gov,,26409,25.8 KB,pending,2026-07-10T14:12:40.537942+00:00,,,,,,,,,,,,,,,,,,,,,,,,,,,,
https://www.hud.gov/sites/documents/doc_8677.pdf,doc_8677.pdf,hud.gov,,165382,161.5 KB,pending,2026-07-10T14:12:40.541811+00:00,,,,,,,,,,,,,,,,,,,,,,,,,,,,
https://www.hud.gov/sites/documents/doc_8678.pdf,doc_8678.pdf,hud.gov,,58997,57.6 KB,pending,2026-07-10T14:12:40.543945+00:00,,,,,,,,,,,,,,,,,,,,,,,,,,,,
https://www.hud.gov/sites/documents/doc_8679.pdf,doc_8679.pdf,hud.gov,,317094,309.7 KB,pending,2026-07-10T14:12:40.546674+00:00,,,,,,,,,,,,,,,,,,,,,,,,,,,,
https://www.hud.gov/sites/documents/doc_8680.pdf,doc_8680.pdf,hud.gov,,77731,75.9 KB,pending,2026-07-10T14:12:40.548829+00:00,,,,,,,,,,,,,,,,,,,,,,,,,,,,
https://www.hud.gov/sites/documents/doc_8681.pdf,doc_8681.pdf,hud.gov,,114836,112.1 KB,pending,2026-07-10T14:12:40.551061+00:00,,,,,,,,,,,,,,,,,,,,,,,,,,,,
https://www.hud.gov/sites/documents/doc_8682.pdf,doc_8682.pdf,hud.gov,,14261,13.9 KB,pending,2026-07-10T14:12:40.553123+00:00,,,,,,,,,,,,,,,,,,,,,,,,,,,,
https://www.hud.gov/sites/documents/doc_8683.pdf,doc_8683.pdf,hud.gov,,135463,132.3 KB,pending,2026-07-10T14:12:40.555427+00:00,,,,,,,,,,,,,,,,,,,,,,,,,,,,
https://www.hud.gov/sites/documents/doc_8684.pdf,doc_8684.pdf,hud.gov,,81629,79.7 KB,pending,2026-07-10T14:12:40.557563+00:00,,,,,,,,,,,,,,,,,,,,,,,,,,,,
https://www.hud.gov/sites/documents/doc_8685.pdf,doc_8685.pdf,hud.gov,,207620,202.8 KB,pending,2026-07-10T14:12:40.559976+00:00,,,,,,,,,,,,,,,,,,,,,,,,,,,,
https://www.hud.gov/sites/documents/doc_8686.pdf,doc_8686.pdf,hud.gov,,13846,13.5 KB,pending,2026-07-10T14:12:40.561947+00:00,,,,,,,,,,,,,,,,,,,,,,,,,,,,
https://www.hud.gov/sites/documents/doc_8687.pdf,doc_8687.pdf,hud.gov,,132308,129.2 KB,pending,2026-07-10T14:12:40.564216+00:00,,,,,,,,,,,,,,,,,,,,,,,,,,,,
https://www.hud.gov/sites/documents/doc_8688.pdf,doc_8688.pdf,hud.gov,,79790,77.9 KB,pending,2026-07-10T14:12:40.566359+00:00,,,,,,,,,,,,,,,,,,,,,,,,,,,,
https://www.hud.gov/sites/documents/doc_8809.pdf,doc_8809.pdf,hud.gov,,19886,19.4 KB,pending,2026-07-10T14:12:40.570609+00:00,,,,,,,,,,,,,,,,,,,,,,,,,,,,
https://www.hud.gov/sites/documents/doc_8810.pdf,doc_8810.pdf,hud.gov,,39145,38.2 KB,pending,2026-07-10T14:12:40.572634+00:00,,,,,,,,,,,,,,,,,,,,,,,,,,,,
https://www.hud.gov/sites/documents/doc_8811.pdf,doc_8811.pdf,hud.gov,,19796,19.3 KB,pending,2026-07-10T14:12:40.574640+00:00,,,,,,,,,,,,,,,,,,,,,,,,,,,,
https://www.hud.gov/sites/documents/doc_8812.pdf,doc_8812.pdf,hud.gov,,14530,14.2 KB,pending,2026-07-10T14:12:40.576613+00:00,,,,,,,,,,,,,,,,,,,,,,,,,,,,
https://www.hud.gov/sites/documents/doc_8813.pdf,doc_8813.pdf,hud.gov,,9816,9.6 KB,pending,2026-07-10T14:12:40.578599+00:00,,,,,,,,,,,,,,,,,,,,,,,,,,,,
https://www.hud.gov/sites/documents/doc_8814.pdf,doc_8814.pdf,hud.gov,,24063,23.5 KB,pending,2026-07-10T14:12:40.580595+00:00,,,,,,,,,,,,,,,,,,,,,,,,,,,,
https://www.hud.gov/sites/documents/doc_8815.pdf,doc_8815.pdf,hud.gov,,34591,33.8 KB,pending,2026-07-10T14:12:40.582610+00:00,,,,,,,,,,,,,,,,,,,,,,,,,,,,
https://www.hud.gov/sites/documents/doc_8816.pdf,doc_8816.pdf,hud.gov,,130045,127.0 KB,pending,2026-07-10T14:12:40.584847+00:00,,,,,,,,,,,,,,,,,,,,,,,,,,,,
https://www.hud.gov/sites/documents/doc_8817.pdf,doc_8817.pdf,hud.gov,,44075,43.0 KB,pending,2026-07-10T14:12:40.586966+00:00,,,,,,,,,,,,,,,,,,,,,,,,,,,,
https://www.hud.gov/sites/documents/doc_8818.pdf,doc_8818.pdf,hud.gov,,156807,153.1 KB,pending,2026-07-10T14:12:40.589272+00:00,,,,,,,,,,,,,,,,,,,,,,,,,,,,
https://www.hud.gov/sites/documents/doc_8819.pdf,doc_8819.pdf,hud.gov,,15313,15.0 KB,pending,2026-07-10T14:12:40.591246+00:00,,,,,,,,,,,,,,,,,,,,,,,,,,,,
https://www.hud.gov/sites/documents/doc_8820.pdf,doc_8820.pdf,hud.gov,,9591,9.4 KB,pending,2026-07-10T14:12:40.593216+00:00,,,,,,,,,,,,,,,,,,,,,,,,,,,,
https://www.hud.gov/sites/documents/doc_8821.pdf,doc_8821.pdf,hud.gov,,38136,37.2 KB,pending,2026-07-10T14:12:40.595249+00:00,,,,,,,,,,,,,,,,,,,,,,,,,,,,
https://www.hud.gov/sites/documents/doc_8822.pdf,doc_8822.pdf,hud.gov,,120470,117.6 KB,pending,2026-07-10T14:12:40.597477+00:00,,,,,,,,,,,,,,,,,,,,,,,,,,,,
https://www.hud.gov/sites/documents/doc_8823.pdf,doc_8823.pdf,hud.gov,,11208,10.9 KB,pending,2026-07-10T14:12:40.599445+00:00,,,,,,,,,,,,,,,,,,,,,,,,,,,,
https://www.hud.gov/sites/documents/doc_8824.pdf,doc_8824.pdf,hud.gov,,124649,121.7 KB,pending,2026-07-10T14:12:40.601670+00:00,,,,,,,,,,,,,,,,,,,,,,,,,,,,
https://www.hud.gov/sites/documents/doc_8825.pdf,doc_8825.pdf,hud.gov,,82111,80.2 KB,pending,2026-07-10T14:12:40.603807+00:00,,,,,,,,,,,,,,,,,,,,,,,,,,,,
https://www.hud.gov/sites/documents/doc_8826.pdf,doc_8826.pdf,hud.gov,,100200,97.9 KB,pending,2026-07-10T14:12:40.605992+00:00,,,,,,,,,,,,,,,,,,,,,,,,,,,,
https://www.hud.gov/sites/documents/doc_8827.pdf,doc_8827.pdf,hud.gov,,71625,69.9 KB,pending,2026-07-10T14:12:40.608108+00:00,,,,,,,,,,,,,,,,,,,,,,,,,,,,
https://www.hud.gov/sites/documents/doc_8828.pdf,doc_8828.pdf,hud.gov,,105412,102.9 KB,pending,2026-07-10T14:12:40.610287+00:00,,,,,,,,,,,,,,,,,,,,,,,,,,,,
https://www.hud.gov/sites/documents/doc_8829.pdf,doc_8829.pdf,hud.gov,,70471,68.8 KB,pending,2026-07-10T14:12:40.612403+00:00,,,,,,,,,,,,,,,,,,,,,,,,,,,,
https://www.hud.gov/sites/documents/doc_8830.pdf,doc_8830.pdf,hud.gov,,89957,87.8 KB,pending,2026-07-10T14:12:40.614571+00:00,,,,,,,,,,,,,,,,,,,,,,,,,,,,
https://www.hud.gov/sites/documents/doc_8831.pdf,doc_8831.pdf,hud.gov,,29948,29.2 KB,pending,2026-07-10T14:12:40.616583+00:00,,,,,,,,,,,,,,,,,,,,,,,,,,,,
https://www.hud.gov/sites/documents/doc_8832.pdf,doc_8832.pdf,hud.gov,,78281,76.4 KB,pending,2026-07-10T14:12:40.618739+00:00,,,,,,,,,,,,,,,,,,,,,,,,,,,,
https://www.hud.gov/sites/documents/doc_8833.pdf,doc_8833.pdf,hud.gov,,84919,82.9 KB,pending,2026-07-10T14:12:40.621031+00:00,,,,,,,,,,,,,,,,,,,,,,,,,,,,
https://www.hud.gov/sites/documents/doc_8834.pdf,doc_8834.pdf,hud.gov,,179883,175.7 KB,pending,2026-07-10T14:12:40.623401+00:00,,,,,,,,,,,,,,,,,,,,,,,,,,,,
https://www.hud.gov/sites/documents/doc_8835.pdf,doc_8835.pdf,hud.gov,,125322,122.4 KB,pending,2026-07-10T14:12:40.625646+00:00,,,,,,,,,,,,,,,,,,,,,,,,,,,,
https://www.hud.gov/sites/documents/doc_8836.pdf,doc_8836.pdf,hud.gov,,68533,66.9 KB,pending,2026-07-10T14:12:40.627748+00:00,,,,,,,,,,,,,,,,,,,,,,,,,,,,
https://www.hud.gov/sites/documents/doc_8837.pdf,doc_8837.pdf,hud.gov,,100651,98.3 KB,pending,2026-07-10T14:12:40.629920+00:00,,,,,,,,,,,,,,,,,,,,,,,,,,,,
https://www.hud.gov/sites/documents/doc_8920.pdf,doc_8920.pdf,hud.gov,,159432,155.7 KB,pending,2026-07-10T14:12:40.680965+00:00,,,,,,,,,,,,,,,,,,,,,,,,,,,,
https://www.hud.gov/sites/documents/doc_9770.pdf,doc_9770.pdf,hud.gov,,133755,130.6 KB,pending,2026-07-10T14:12:40.683236+00:00,,,,,,,,,,,,,,,,,,,,,,,,,,,,
https://www.hud.gov/sites/dfiles/CFO/documents/eLOCCS_Approving_Official_Recertification_Guide.pdf,eLOCCS_Approving_Official_Recertification_Guide.pdf,hud.gov,,3281961,3.1 MB,pending,2026-07-10T14:12:40.692710+00:00,,,,,,,,,,,,,,,,,,,,,,,,,,,,
https://www.hud.gov/sites/dfiles/CFO/documents/eLOCCS_FAQ.pdf,eLOCCS_FAQ.pdf,hud.gov,,171748,167.7 KB,pending,2026-07-10T14:12:40.695053+00:00,,,,,,,,,,,,,,,,,,,,,,,,,,,,
https://www.hud.gov/sites/dfiles/CFO/documents/eLOCCS_Getting_Started_Guide.pdf,eLOCCS_Getting_Started_Guide.pdf,hud.gov,,12049782,11.5 MB,pending,2026-07-10T14:12:40.724442+00:00,,,,,,,,,,,,,,,,,,,,,,,,,,,,
https://www.hud.gov/sites/dfiles/CFO/documents/eLOCCS_Registration_Guide.pdf,eLOCCS_Registration_Guide.pdf,hud.gov,,2355266,2.2 MB,pending,2026-07-10T14:12:40.731789+00:00,,,,,,,,,,,,,,,,,,,,,,,,,,,,
https://www.hud.gov/sites/dfiles/OA/documents/encryptionmemo.pdf,encryptionmemo.pdf,hud.gov,,99782,97.4 KB,pending,2026-07-10T14:12:40.733995+00:00,,,,,,,,,,,,,,,,,,,,,,,,,,,,
https://www.hud.gov/sites/documents/eng_priv_response_11-8.pdf,eng_priv_response_11-8.pdf,hud.gov,,27251,26.6 KB,pending,2026-07-10T14:12:40.736012+00:00,,,,,,,,,,,,,,,,,,,,,,,,,,,,
https://www.hud.gov/sites/documents/eop-dec06.pdf,eop-dec06.pdf,hud.gov,,150374,146.8 KB,pending,2026-07-10T14:12:40.738307+00:00,,,,,,,,,,,,,,,,,,,,,,,,,,,,
https://www.hud.gov/sites/documents/essentialspha.pdf,essentialspha.pdf,hud.gov,,236409,230.9 KB,pending,2026-07-10T14:12:40.740794+00:00,,,,,,,,,,,,,,,,,,,,,,,,,,,,
https://www.hud.gov/sites/documents/fass-scoring.pdf,fass-scoring.pdf,hud.gov,,63784,62.3 KB,pending,2026-07-10T14:12:40.742884+00:00,,,,,,,,,,,,,,,,,,,,,,,,,,,,
https://www.hud.gov/sites/documents/fass-training.pdf,fass-training.pdf,hud.gov,,5050706,4.8 MB,pending,2026-07-10T14:12:40.756233+00:00,,,,,,,,,,,,,,,,,,,,,,,,,,,,
https://www.hud.gov/sites/dfiles/SFH/documents/final_pmnt_supplement_disclosure.pdf,final_pmnt_supplement_disclosure.pdf,hud.gov,,201964,197.2 KB,pending,2026-07-10T14:12:40.759914+00:00,,,,,,,,,,,,,,,,,,,,,,,,,,,,
https://fiscal.treasury.gov/resources/forms,forms.pdf,hud.gov,fiscal.treasury.gov,114885,112.2 KB,pending,2026-07-10T14:12:40.762142+00:00,,,,,,,,,,,,,,,,,,,,,,,,,,,,
https://www.hud.gov/sites/documents/frs50_issues_fixed.pdf,frs50_issues_fixed.pdf,hud.gov,,36300,35.4 KB,pending,2026-07-10T14:12:40.764174+00:00,,,,,,,,,,,,,,,,,,,,,,,,,,,,
https://www.hud.gov/sites/documents/fss-rpt-guide.pdf,fss-rpt-guide.pdf,hud.gov,,119439,116.6 KB,pending,2026-07-10T14:12:40.766399+00:00,,,,,,,,,,,,,,,,,,,,,,,,,,,,
https://www.hud.gov/sites/dfiles/PIH/documents/func-modifications.pdf,func-modifications.pdf,hud.gov,,14178,13.8 KB,pending,2026-07-10T14:12:40.768380+00:00,,,,,,,,,,,,,,,,,,,,,,,,,,,,
https://www.hud.gov/sites/documents/fy13scianalysis.pdf,fy13scianalysis.pdf,hud.gov,,148083,144.6 KB,pending,2026-07-10T14:12:40.784519+00:00,,,,,,,,,,,,,,,,,,,,,,,,,,,,
https://www.hud.gov/sites/documents/fy14scianalysis.pdf,fy14scianalysis.pdf,hud.gov,,154468,150.8 KB,pending,2026-07-10T14:12:40.786879+00:00,,,,,,,,,,,,,,,,,,,,,,,,,,,,
https://www.hud.gov/sites/documents/fy16_plan-fy15_analysis.pdf,fy16_plan-fy15_analysis.pdf,hud.gov,,487701,476.3 KB,pending,2026-07-10T14:12:40.789966+00:00,,,,,,,,,,,,,,,,,,,,,,,,,,,,
https://www.hud.gov/sites/documents/fy17icdbg_nofa_guid.pdf,fy17icdbg_nofa_guid.pdf,hud.gov,,225193,219.9 KB,pending,2026-07-10T14:12:40.792460+00:00,,,,,,,,,,,,,,,,,,,,,,,,,,,,
https://www.hud.gov/sites/documents/fy2011_sci.pdf,fy2011_sci.pdf,hud.gov,,21464,21.0 KB,pending,2026-07-10T14:12:40.794505+00:00,,,,,,,,,,,,,,,,,,,,,,,,,,,,
https://www.hud.gov/sites/documents/fy2012_sci.pdf,fy2012_sci.pdf,hud.gov,,123101,120.2 KB,pending,2026-07-10T14:12:40.796731+00:00,,,,,,,,,,,,,,,,,,,,,,,,,,,,
https://www.hud.gov/sites/documents/fy2015sci-plan.pdf,fy2015sci-plan.pdf,hud.gov,,121411,118.6 KB,pending,2026-07-10T14:12:40.798952+00:00,,,,,,,,,,,,,,,,,,,,,,,,,,,,
https://www.hud.gov/sites/documents/gnnd_note_2nd_mtg.pdf,gnnd_note_2nd_mtg.pdf,hud.gov,,169335,165.4 KB,pending,2026-07-10T14:12:40.807996+00:00,,,,,,,,,,,,,,,,,,,,,,,,,,,,
https://www.hud.gov/sites/documents/gnndsubs.pdf,gnndsubs.pdf,hud.gov,,326758,319.1 KB,pending,2026-07-10T14:12:40.810712+00:00,,,,,,,,,,,,,,,,,,,,,,,,,,,,
https://www.hud.gov/sites/documents/hudtipsheeta4.pdf,hudtipsheeta4.pdf,hud.gov,,543541,530.8 KB,pending,2026-07-10T14:12:40.815136+00:00,,,,,,,,,,,,,,,,,,,,,,,,,,,,
https://www.hud.gov/sites/dfiles/PIH/documents/imspic_upgrade_notice_03262020.pdf,imspic_upgrade_notice_03262020.pdf,hud.gov,,156582,152.9 KB,pending,2026-07-10T14:12:40.817461+00:00,,,,,,,,,,,,,,,,,,,,,,,,,,,,
https://www.hud.gov/sites/dfiles/PIH/documents/imspic_upgrade_notice_2020.pdf,imspic_upgrade_notice_2020.pdf,hud.gov,,263095,256.9 KB,pending,2026-07-10T14:12:40.820003+00:00,,,,,,,,,,,,,,,,,,,,,,,,,,,,
https://www.hud.gov/sites/documents/income-report-dec06.pdf,income-report-dec06.pdf,hud.gov,,189531,185.1 KB,pending,2026-07-10T14:12:40.822391+00:00,,,,,,,,,,,,,,,,,,,,,,,,,,,,
https://www.hud.gov/sites/dfiles/PIH/documents/instructionspiccssr.pdf,instructionspiccssr.pdf,hud.gov,,101422,99.0 KB,pending,2026-07-10T14:12:40.824579+00:00,,,,,,,,,,,,,,,,,,,,,,,,,,,,
https://www.hud.gov/sites/documents/kmi_buss_rules.pdf,kmi_buss_rules.pdf,hud.gov,,596874,582.9 KB,pending,2026-07-10T14:12:40.827878+00:00,,,,,,,,,,,,,,,,,,,,,,,,,,,,
https://www.hud.gov/sites/documents/lpf_notice2.pdf,lpf_notice2.pdf,hud.gov,,45875,44.8 KB,pending,2026-07-10T14:12:40.829933+00:00,,,,,,,,,,,,,,,,,,,,,,,,,,,,
https://www.hud.gov/sites/documents/lura8-2015.pdf,lura8-2015.pdf,hud.gov,,61601,60.2 KB,pending,2026-07-10T14:12:40.832018+00:00,,,,,,,,,,,,,,,,,,,,,,,,,,,,
https://www.hud.gov/sites/documents/maintenancenotice.pdf,maintenancenotice.pdf,hud.gov,,90332,88.2 KB,pending,2026-07-10T14:12:40.834175+00:00,,,,,,,,,,,,,,,,,,,,,,,,,,,,
https://www.hud.gov/sites/documents/mass-scoring-update.pdf,mass-scoring-update.pdf,hud.gov,,52899,51.7 KB,pending,2026-07-10T14:12:40.836237+00:00,,,,,,,,,,,,,,,,,,,,,,,,,,,,
https://www.hud.gov/sites/documents/mass-scoring.pdf,mass-scoring.pdf,hud.gov,,63593,62.1 KB,pending,2026-07-10T14:12:40.838327+00:00,,,,,,,,,,,,,,,,,,,,,,,,,,,,
https://www.hud.gov/sites/documents/mass-training.pdf,mass-training.pdf,hud.gov,,3969866,3.8 MB,pending,2026-07-10T14:12:40.849259+00:00,,,,,,,,,,,,,,,,,,,,,,,,,,,,
https://www.hud.gov/sites/documents/mobilitie-port-dec06.pdf,mobilitie-port-dec06.pdf,hud.gov,,70671,69.0 KB,pending,2026-07-10T14:12:40.851514+00:00,,,,,,,,,,,,,,,,,,,,,,,,,,,,
https://www.hud.gov/sites/documents/model_248_resid_lease.pdf,model_248_resid_lease.pdf,hud.gov,,27111,26.5 KB,pending,2026-07-10T14:12:40.853566+00:00,,,,,,,,,,,,,,,,,,,,,,,,,,,,
https://www.hud.gov/sites/documents/model_arm_note_1-10-15.pdf,model_arm_note_1-10-15.pdf,hud.gov,,163071,159.2 KB,pending,2026-07-10T14:12:40.855893+00:00,,,,,,,,,,,,,,,,,,,,,,,,,,,,
https://www.hud.gov/sites/documents/model_condo_rider_9-2014.pdf,model_condo_rider_9-2014.pdf,hud.gov,,169006,165.0 KB,pending,2026-07-10T14:12:40.858250+00:00,,,,,,,,,,,,,,,,,,,,,,,,,,,,
https://www.hud.gov/sites/documents/model_nopa_eff_11.15.pdf,model_nopa_eff_11.15.pdf,hud.gov,,185751,181.4 KB,pending,2026-07-10T14:12:40.860645+00:00,,,,,,,,,,,,,,,,,,,,,,,,,,,,
https://www.hud.gov/sites/documents/model_note_forward_1-21-15.pdf,model_note_forward_1-21-15.pdf,hud.gov,,153722,150.1 KB,pending,2026-07-10T14:12:40.862941+00:00,,,,,,,,,,,,,,,,,,,,,,,,,,,,
https://www.hud.gov/sites/documents/model_pud_rider_9-2014.pdf,model_pud_rider_9-2014.pdf,hud.gov,,11033,10.8 KB,pending,2026-07-10T14:12:40.864934+00:00,,,,,,,,,,,,,,,,,,,,,,,,,,,,
https://www.hud.gov/sites/documents/modelconstructrider9-2014.pdf,modelconstructrider9-2014.pdf,hud.gov,,101629,99.2 KB,pending,2026-07-10T14:12:40.867110+00:00,,,,,,,,,,,,,,,,,,,,,,,,,,,,
https://www.hud.gov/sites/documents/modeldoc_earnestmoney.pdf,modeldoc_earnestmoney.pdf,hud.gov,,246340,240.6 KB,pending,2026-07-10T14:12:40.869623+00:00,,,,,,,,,,,,,,,,,,,,,,,,,,,,
https://www.hud.gov/sites/dfiles/SFH/documents/modelfwd_mtg_2001.pdf,modelfwd_mtg_2001.pdf,hud.gov,,189446,185.0 KB,pending,2026-07-10T14:12:40.871994+00:00,,,,,,,,,,,,,,,,,,,,,,,,,,,,
https://www.hud.gov/sites/dfiles/SFH/documents/modelfwd_mtg_2023.pdf,modelfwd_mtg_2023.pdf,hud.gov,,261782,255.6 KB,pending,2026-07-10T14:12:40.874605+00:00,,,,,,,,,,,,,,,,,,,,,,,,,,,,
https://www.hud.gov/sites/dfiles/SFH/documents/modelfwd_notes_2001.pdf,modelfwd_notes_2001.pdf,hud.gov,,182669,178.4 KB,pending,2026-07-10T14:12:40.876973+00:00,,,,,,,,,,,,,,,,,,,,,,,,,,,,
https://www.hud.gov/sites/dfiles/SFH/documents/modelfwd_notes_2023.pdf,modelfwd_notes_2023.pdf,hud.gov,,227951,222.6 KB,pending,2026-07-10T14:12:40.879454+00:00,,,,,,,,,,,,,,,,,,,,,,,,,,,,
https://www.hud.gov/sites/documents/modelnonowneroccupan9-2014.pdf,modelnonowneroccupan9-2014.pdf,hud.gov,,10572,10.3 KB,pending,2026-07-10T14:12:40.881434+00:00,,,,,,,,,,,,,,,,,,,,,,,,,,,,
https://www.hud.gov/sites/documents/modelrehabloanrider9-2014.pdf,modelrehabloanrider9-2014.pdf,hud.gov,,8825,8.6 KB,pending,2026-07-10T14:12:40.883409+00:00,,,,,,,,,,,,,,,,,,,,,,,,,,,,
https://www.hud.gov/sites/documents/modelsection247rider9-2014.pdf,modelsection247rider9-2014.pdf,hud.gov,,167084,163.2 KB,pending,2026-07-10T14:12:40.885743+00:00,,,,,,,,,,,,,,,,,,,,,,,,,,,,
https://www.hud.gov/sites/documents/modelsection248rider9-2014.pdf,modelsection248rider9-2014.pdf,hud.gov,,10337,10.1 KB,pending,2026-07-10T14:12:40.887717+00:00,,,,,,,,,,,,,,,,,,,,,,,,,,,,
https://www.hud.gov/sites/documents/modeltaxexemfinrider.pdf,modeltaxexemfinrider.pdf,hud.gov,,9981,9.7 KB,pending,2026-07-10T14:12:40.889731+00:00,,,,,,,,,,,,,,,,,,,,,,,,,,,,
https://www.hud.gov/sites/documents/modelwaterpurifrider9-2014.pdf,modelwaterpurifrider9-2014.pdf,hud.gov,,10280,10.0 KB,pending,2026-07-10T14:12:40.891697+00:00,,,,,,,,,,,,,,,,,,,,,,,,,,,,
https://entp.hud.gov/pdf/mp_csh_flw_act.pdf,mp_csh_flw_act.pdf,hud.gov,,1313070,1.3 MB,pending,2026-07-10T14:12:40.896622+00:00,,,,,,,,,,,,,,,,,,,,,,,,,,,,
https://entp.hud.gov/pdf/mp_gs2_reguser.pdf,mp_gs2_reguser.pdf,hud.gov,,714716,698.0 KB,pending,2026-07-10T14:12:40.900198+00:00,,,,,,,,,,,,,,,,,,,,,,,,,,,,
https://www.irs.gov/pub/irs-drop/n-25-50.pdf,n-25-50.pdf,hud.gov,irs.gov,1262110,1.2 MB,pending,2026-07-10T14:12:40.905016+00:00,,,,,,,,,,,,,,,,,,,,,,,,,,,,
https://archives.hud.gov/offices/pih/codetalk/nahasda10298.pdf,nahasda10298.pdf,hud.gov,,18879,18.4 KB,pending,2026-07-10T14:12:40.907028+00:00,,,,,,,,,,,,,,,,,,,,,,,,,,,,
https://archives.hud.gov/offices/pih/codetalk/nahasda12797.pdf,nahasda12797.pdf,hud.gov,,47822,46.7 KB,pending,2026-07-10T14:12:40.909092+00:00,,,,,,,,,,,,,,,,,,,,,,,,,,,,
https://archives.hud.gov/offices/pih/codetalk/nahasda12798.pdf,nahasda12798.pdf,hud.gov,,85849,83.8 KB,pending,2026-07-10T14:12:40.911243+00:00,,,,,,,,,,,,,,,,,,,,,,,,,,,,
https://archives.hud.gov/offices/pih/codetalk/nahasda22497.pdf,nahasda22497.pdf,hud.gov,,12187,11.9 KB,pending,2026-07-10T14:12:40.913218+00:00,,,,,,,,,,,,,,,,,,,,,,,,,,,,
https://archives.hud.gov/offices/pih/codetalk/nahasda41598.pdf,nahasda41598.pdf,hud.gov,,37642,36.8 KB,pending,2026-07-10T14:12:40.915253+00:00,,,,,,,,,,,,,,,,,,,,,,,,,,,,
https://archives.hud.gov/offices/pih/codetalk/nahasda4199.pdf,nahasda4199.pdf,hud.gov,,19671,19.2 KB,pending,2026-07-10T14:12:40.917244+00:00,,,,,,,,,,,,,,,,,,,,,,,,,,,,
https://www.hud.gov/sites/documents/nass-training.pdf,nass-training.pdf,hud.gov,,4771801,4.6 MB,pending,2026-07-10T14:12:40.929987+00:00,,,,,,,,,,,,,,,,,,,,,,,,,,,,
https://www.hud.gov/sites/documents/nassuserguidefouser.pdf,nassuserguidefouser.pdf,hud.gov,,4559544,4.3 MB,pending,2026-07-10T14:12:40.942386+00:00,,,,,,,,,,,,,,,,,,,,,,,,,,,,
https://www.hud.gov/sites/documents/nassuserguidephauser.pdf,nassuserguidephauser.pdf,hud.gov,,4181952,4.0 MB,pending,2026-07-10T14:12:40.953912+00:00,,,,,,,,,,,,,,,,,,,,,,,,,,,,
https://www.hud.gov/sites/documents/new-admis-report-dec06.pdf,new-admis-report-dec06.pdf,hud.gov,,185816,181.5 KB,pending,2026-07-10T14:12:40.956424+00:00,,,,,,,,,,,,,,,,,,,,,,,,,,,,
https://www.hud.gov/sites/documents/notice_pih_2009-41.pdf,notice_pih_2009-41.pdf,hud.gov,,22834,22.3 KB,pending,2026-07-10T14:12:40.958489+00:00,,,,,,,,,,,,,,,,,,,,,,,,,,,,
https://www.hud.gov/sites/documents/notice_pih_2013-20.pdf,notice_pih_2013-20.pdf,hud.gov,,98287,96.0 KB,pending,2026-07-10T14:12:40.960669+00:00,,,,,,,,,,,,,,,,,,,,,,,,,,,,
https://www.hud.gov/sites/documents/pass-scoring.pdf,pass-scoring.pdf,hud.gov,,82165,80.2 KB,pending,2026-07-10T14:12:40.962806+00:00,,,,,,,,,,,,,,,,,,,,,,,,,,,,
https://www.hud.gov/sites/documents/pass02182011.pdf,pass02182011.pdf,hud.gov,,3647407,3.5 MB,pending,2026-07-10T14:12:40.973000+00:00,,,,,,,,,,,,,,,,,,,,,,,,,,,,
https://www.hud.gov/sites/documents/pgi-2017-04.pdf,pgi-2017-04.pdf,hud.gov,,230479,225.1 KB,pending,2026-07-10T14:12:40.975547+00:00,,,,,,,,,,,,,,,,,,,,,,,,,,,,
https://www.hud.gov/sites/documents/pha-occupancy-calc.pdf,pha-occupancy-calc.pdf,hud.gov,,194864,190.3 KB,pending,2026-07-10T14:12:40.977959+00:00,,,,,,,,,,,,,,,,,,,,,,,,,,,,
https://www.hud.gov/sites/documents/phas-interimrule.pdf,phas-interimrule.pdf,hud.gov,,280223,273.7 KB,pending,2026-07-10T14:12:40.980552+00:00,,,,,,,,,,,,,,,,,,,,,,,,,,,,
https://www.hud.gov/sites/documents/pih-notice_2015_ihbg_funds.pdf,pih-notice_2015_ihbg_funds.pdf,hud.gov,,119356,116.6 KB,pending,2026-07-10T14:12:40.982785+00:00,,,,,,,,,,,,,,,,,,,,,,,,,,,,
https://www.hud.gov/sites/documents/pih2004-14app1.pdf,pih2004-14app1.pdf,hud.gov,,98717,96.4 KB,pending,2026-07-10T14:12:40.984968+00:00,,,,,,,,,,,,,,,,,,,,,,,,,,,,
https://www.hud.gov/sites/documents/pih2004-14app2.pdf,pih2004-14app2.pdf,hud.gov,,133582,130.5 KB,pending,2026-07-10T14:12:40.987237+00:00,,,,,,,,,,,,,,,,,,,,,,,,,,,,
https://www.hud.gov/sites/documents/pih2004-14app3.pdf,pih2004-14app3.pdf,hud.gov,,71908,70.2 KB,pending,2026-07-10T14:12:40.989350+00:00,,,,,,,,,,,,,,,,,,,,,,,,,,,,
https://www.hud.gov/sites/documents/pih2004-14app4.pdf,pih2004-14app4.pdf,hud.gov,,77904,76.1 KB,pending,2026-07-10T14:12:40.991494+00:00,,,,,,,,,,,,,,,,,,,,,,,,,,,,
https://www.hud.gov/sites/documents/pih2011-13.pdf,pih2011-13.pdf,hud.gov,,25832,25.2 KB,pending,2026-07-10T14:12:40.993510+00:00,,,,,,,,,,,,,,,,,,,,,,,,,,,,
https://www.hud.gov/sites/documents/pih2011-15.pdf,pih2011-15.pdf,hud.gov,,52136,50.9 KB,pending,2026-07-10T14:12:40.995591+00:00,,,,,,,,,,,,,,,,,,,,,,,,,,,,
https://www.hud.gov/sites/documents/pih2011-23.pdf,pih2011-23.pdf,hud.gov,,41052,40.1 KB,pending,2026-07-10T14:12:40.997632+00:00,,,,,,,,,,,,,,,,,,,,,,,,,,,,
https://www.hud.gov/sites/documents/pih2011-24.pdf,pih2011-24.pdf,hud.gov,,64142,62.6 KB,pending,2026-07-10T14:12:40.999719+00:00,,,,,,,,,,,,,,,,,,,,,,,,,,,,
https://www.hud.gov/sites/documents/pih2011-26.pdf,pih2011-26.pdf,hud.gov,,55859,54.5 KB,pending,2026-07-10T14:12:41.001788+00:00,,,,,,,,,,,,,,,,,,,,,,,,,,,,
https://www.hud.gov/sites/documents/pih2011-39.pdf,pih2011-39.pdf,hud.gov,,19831,19.4 KB,pending,2026-07-10T14:12:41.003861+00:00,,,,,,,,,,,,,,,,,,,,,,,,,,,,
https://www.hud.gov/sites/documents/pih2011-40.pdf,pih2011-40.pdf,hud.gov,,37707,36.8 KB,pending,2026-07-10T14:12:41.005910+00:00,,,,,,,,,,,,,,,,,,,,,,,,,,,,
https://www.hud.gov/sites/documents/pih2011-41.pdf,pih2011-41.pdf,hud.gov,,36758,35.9 KB,pending,2026-07-10T14:12:41.007941+00:00,,,,,,,,,,,,,,,,,,,,,,,,,,,,
https://www.hud.gov/sites/documents/pih2011-42.pdf,pih2011-42.pdf,hud.gov,,19913,19.4 KB,pending,2026-07-10T14:12:41.009950+00:00,,,,,,,,,,,,,,,,,,,,,,,,,,,,
https://www.hud.gov/sites/documents/pih2011-43.pdf,pih2011-43.pdf,hud.gov,,38273,37.4 KB,pending,2026-07-10T14:12:41.011983+00:00,,,,,,,,,,,,,,,,,,,,,,,,,,,,
https://www.hud.gov/sites/documents/pih2011-49.pdf,pih2011-49.pdf,hud.gov,,28724,28.1 KB,pending,2026-07-10T14:12:41.013994+00:00,,,,,,,,,,,,,,,,,,,,,,,,,,,,
https://www.hud.gov/sites/documents/pih2011-6.pdf,pih2011-6.pdf,hud.gov,,20248,19.8 KB,pending,2026-07-10T14:12:41.015986+00:00,,,,,,,,,,,,,,,,,,,,,,,,,,,,
https://www.hud.gov/sites/documents/pih2011-63-tdc.pdf,pih2011-63-tdc.pdf,hud.gov,,96099,93.8 KB,pending,2026-07-10T14:12:41.018148+00:00,,,,,,,,,,,,,,,,,,,,,,,,,,,,
https://www.hud.gov/sites/documents/pih2011-63.pdf,pih2011-63.pdf,hud.gov,,12645,12.3 KB,pending,2026-07-10T14:12:41.020127+00:00,,,,,,,,,,,,,,,,,,,,,,,,,,,,
https://www.hud.gov/sites/documents/pih2011-64.pdf,pih2011-64.pdf,hud.gov,,23967,23.4 KB,pending,2026-07-10T14:12:41.022121+00:00,,,,,,,,,,,,,,,,,,,,,,,,,,,,
https://www.hud.gov/sites/documents/pih2011-69.pdf,pih2011-69.pdf,hud.gov,,25505,24.9 KB,pending,2026-07-10T14:12:41.024125+00:00,,,,,,,,,,,,,,,,,,,,,,,,,,,,
https://www.hud.gov/sites/documents/pih2011-9.pdf,pih2011-9.pdf,hud.gov,,22268,21.7 KB,pending,2026-07-10T14:12:41.026178+00:00,,,,,,,,,,,,,,,,,,,,,,,,,,,,
https://www.hud.gov/sites/documents/pih2012-12.pdf,pih2012-12.pdf,hud.gov,,12624,12.3 KB,pending,2026-07-10T14:12:41.028183+00:00,,,,,,,,,,,,,,,,,,,,,,,,,,,,
https://www.hud.gov/sites/documents/pih2012-23-attach1.pdf,pih2012-23-attach1.pdf,hud.gov,,27973,27.3 KB,pending,2026-07-10T14:12:41.030194+00:00,,,,,,,,,,,,,,,,,,,,,,,,,,,,
https://www.hud.gov/sites/documents/pih2012-23-attach2.pdf,pih2012-23-attach2.pdf,hud.gov,,259470,253.4 KB,pending,2026-07-10T14:12:41.032752+00:00,,,,,,,,,,,,,,,,,,,,,,,,,,,,
https://www.hud.gov/sites/documents/pih2012-23-attach3.pdf,pih2012-23-attach3.pdf,hud.gov,,101253,98.9 KB,pending,2026-07-10T14:12:41.034951+00:00,,,,,,,,,,,,,,,,,,,,,,,,,,,,
https://www.hud.gov/sites/documents/pih2012-23.pdf,pih2012-23.pdf,hud.gov,,130211,127.2 KB,pending,2026-07-10T14:12:41.037207+00:00,,,,,,,,,,,,,,,,,,,,,,,,,,,,
https://www.hud.gov/sites/documents/pih2012-37.pdf,pih2012-37.pdf,hud.gov,,28171,27.5 KB,pending,2026-07-10T14:12:41.039219+00:00,,,,,,,,,,,,,,,,,,,,,,,,,,,,
https://www.hud.gov/sites/documents/pih2012-41.pdf,pih2012-41.pdf,hud.gov,,125780,122.8 KB,pending,2026-07-10T14:12:41.041460+00:00,,,,,,,,,,,,,,,,,,,,,,,,,,,,
https://www.hud.gov/sites/documents/pih2012-45.pdf,pih2012-45.pdf,hud.gov,,31594,30.9 KB,pending,2026-07-10T14:12:41.043480+00:00,,,,,,,,,,,,,,,,,,,,,,,,,,,,
https://www.hud.gov/sites/documents/pih2012-49.pdf,pih2012-49.pdf,hud.gov,,18956,18.5 KB,pending,2026-07-10T14:12:41.045485+00:00,,,,,,,,,,,,,,,,,,,,,,,,,,,,
https://www.hud.gov/sites/documents/pih2012-5.pdf,pih2012-5.pdf,hud.gov,,12432,12.1 KB,pending,2026-07-10T14:12:41.047504+00:00,,,,,,,,,,,,,,,,,,,,,,,,,,,,
https://www.hud.gov/sites/documents/pih2012-6.pdf,pih2012-6.pdf,hud.gov,,12470,12.2 KB,pending,2026-07-10T14:12:41.049594+00:00,,,,,,,,,,,,,,,,,,,,,,,,,,,,
https://www.hud.gov/sites/documents/pih2013-05.pdf,pih2013-05.pdf,hud.gov,,13952,13.6 KB,pending,2026-07-10T14:12:41.051584+00:00,,,,,,,,,,,,,,,,,,,,,,,,,,,,
https://www.hud.gov/sites/documents/pih2013-22.pdf,pih2013-22.pdf,hud.gov,,141964,138.6 KB,pending,2026-07-10T14:12:41.053907+00:00,,,,,,,,,,,,,,,,,,,,,,,,,,,,
https://www.hud.gov/sites/documents/pih2013-29.pdf,pih2013-29.pdf,hud.gov,,93501,91.3 KB,pending,2026-07-10T14:12:41.056084+00:00,,,,,,,,,,,,,,,,,,,,,,,,,,,,
https://www.hud.gov/sites/documents/pih2013-30.pdf,pih2013-30.pdf,hud.gov,,242261,236.6 KB,pending,2026-07-10T14:12:41.058598+00:00,,,,,,,,,,,,,,,,,,,,,,,,,,,,
https://www.hud.gov/sites/documents/pih2014-02.pdf,pih2014-02.pdf,hud.gov,,152796,149.2 KB,pending,2026-07-10T14:12:41.060912+00:00,,,,,,,,,,,,,,,,,,,,,,,,,,,,
https://www.hud.gov/sites/documents/pih2014-06.pdf,pih2014-06.pdf,hud.gov,,182727,178.4 KB,pending,2026-07-10T14:12:41.063268+00:00,,,,,,,,,,,,,,,,,,,,,,,,,,,,
https://www.hud.gov/sites/documents/pih2014-08.pdf,pih2014-08.pdf,hud.gov,,144156,140.8 KB,pending,2026-07-10T14:12:41.065560+00:00,,,,,,,,,,,,,,,,,,,,,,,,,,,,
https://www.hud.gov/sites/documents/pih2014-15noticeape.pdf,pih2014-15noticeape.pdf,hud.gov,,207441,202.6 KB,pending,2026-07-10T14:12:41.069109+00:00,,,,,,,,,,,,,,,,,,,,,,,,,,,,
https://www.hud.gov/sites/documents/pih2014-16.pdf,pih2014-16.pdf,hud.gov,,88627,86.5 KB,pending,2026-07-10T14:12:41.071269+00:00,,,,,,,,,,,,,,,,,,,,,,,,,,,,
https://www.hud.gov/sites/documents/pih2014-21.pdf,pih2014-21.pdf,hud.gov,,154214,150.6 KB,pending,2026-07-10T14:12:41.073583+00:00,,,,,,,,,,,,,,,,,,,,,,,,,,,,
https://www.hud.gov/sites/documents/pih2015-01.pdf,pih2015-01.pdf,hud.gov,,81661,79.7 KB,pending,2026-07-10T14:12:41.077202+00:00,,,,,,,,,,,,,,,,,,,,,,,,,,,,
https://www.hud.gov/sites/documents/pih2015-09.pdf,pih2015-09.pdf,hud.gov,,89266,87.2 KB,pending,2026-07-10T14:12:41.079517+00:00,,,,,,,,,,,,,,,,,,,,,,,,,,,,
https://www.hud.gov/sites/documents/pih2016-07.pdf,pih2016-07.pdf,hud.gov,,76571,74.8 KB,pending,2026-07-10T14:12:41.081687+00:00,,,,,,,,,,,,,,,,,,,,,,,,,,,,
https://www.hud.gov/sites/documents/pih2017-14.pdf,pih2017-14.pdf,hud.gov,,191320,186.8 KB,pending,2026-07-10T14:12:41.084114+00:00,,,,,,,,,,,,,,,,,,,,,,,,,,,,
https://www.hud.gov/sites/documents/pih2017-15.pdf,pih2017-15.pdf,hud.gov,,250589,244.7 KB,pending,2026-07-10T14:12:41.086671+00:00,,,,,,,,,,,,,,,,,,,,,,,,,,,,
https://www.hud.gov/sites/documents/pih2017-16.pdf,pih2017-16.pdf,hud.gov,,269526,263.2 KB,pending,2026-07-10T14:12:41.089233+00:00,,,,,,,,,,,,,,,,,,,,,,,,,,,,
https://www.hud.gov/sites/dfiles/PIH/documents/pih2018-06attachmt.pdf,pih2018-06attachmt.pdf,hud.gov,,564377,551.1 KB,pending,2026-07-10T14:12:41.092482+00:00,,,,,,,,,,,,,,,,,,,,,,,,,,,,
https://www.hud.gov/sites/dfiles/PIH/documents/pih2018-10.pdf,pih2018-10.pdf,hud.gov,,149154,145.7 KB,pending,2026-07-10T14:12:41.094782+00:00,,,,,,,,,,,,,,,,,,,,,,,,,,,,
https://www.hud.gov/sites/dfiles/PIH/documents/pih2019-18.pdf,pih2019-18.pdf,hud.gov,,73576,71.9 KB,pending,2026-07-10T14:12:41.096903+00:00,,,,,,,,,,,,,,,,,,,,,,,,,,,,
https://www.hud.gov/sites/dfiles/PIH/documents/pih2020-06.pdf,pih2020-06.pdf,hud.gov,,109580,107.0 KB,pending,2026-07-10T14:12:41.099096+00:00,,,,,,,,,,,,,,,,,,,,,,,,,,,,
https://www.hud.gov/sites/dfiles/PIH/documents/pih2020-06_guidance_IHBG-CARES.pdf,pih2020-06_guidance_IHBG-CARES.pdf,hud.gov,,354150,345.8 KB,pending,2026-07-10T14:12:41.101852+00:00,,,,,,,,,,,,,,,,,,,,,,,,,,,,
https://www.hud.gov/sites/dfiles/PIH/documents/pih2020-15.pdf,pih2020-15.pdf,hud.gov,,31055,30.3 KB,pending,2026-07-10T14:12:41.103869+00:00,,,,,,,,,,,,,,,,,,,,,,,,,,,,
https://www.hud.gov/sites/dfiles/PIH/documents/pih2021-06.pdf,pih2021-06.pdf,hud.gov,,117583,114.8 KB,pending,2026-07-10T14:12:41.106296+00:00,,,,,,,,,,,,,,,,,,,,,,,,,,,,
https://www.hud.gov/sites/dfiles/PIH/documents/pih2022-27.pdf,pih2022-27.pdf,hud.gov,,199289,194.6 KB,pending,2026-07-10T14:12:41.108755+00:00,,,,,,,,,,,,,,,,,,,,,,,,,,,,
https://www.hud.gov/sites/dfiles/PIH/documents/pih2023-11.pdf,pih2023-11.pdf,hud.gov,,130885,127.8 KB,pending,2026-07-10T14:12:41.111030+00:00,,,,,,,,,,,,,,,,,,,,,,,,,,,,
https://www.hud.gov/sites/dfiles/PIH/documents/pih_inspection_resumption_flyer.pdf,pih_inspection_resumption_flyer.pdf,hud.gov,,145298,141.9 KB,pending,2026-07-10T14:12:41.113310+00:00,,,,,,,,,,,,,,,,,,,,,,,,,,,,
https://www.hud.gov/sites/documents/pihnot16-22.pdf,pihnot16-22.pdf,hud.gov,,363742,355.2 KB,pending,2026-07-10T14:12:41.116094+00:00,,,,,,,,,,,,,,,,,,,,,,,,,,,,
https://www.hud.gov/sites/documents/planned-analysis-fy14-sci.pdf,planned-analysis-fy14-sci.pdf,hud.gov,,118906,116.1 KB,pending,2026-07-10T14:12:41.118316+00:00,,,,,,,,,,,,,,,,,,,,,,,,,,,,
https://www.hud.gov/sites/dfiles/SFH/documents/pmnt_supplement_agreement_rider.pdf,pmnt_supplement_agreement_rider.pdf,hud.gov,,753702,736.0 KB,pending,2026-07-10T14:12:41.122077+00:00,,,,,,,,,,,,,,,,,,,,,,,,,,,,
https://www.hud.gov/sites/dfiles/SFH/documents/pmnt_supplement_note_security_instrument_forms.pdf,pmnt_supplement_note_security_instrument_forms.pdf,hud.gov,,301113,294.1 KB,pending,2026-07-10T14:12:41.124743+00:00,,,,,,,,,,,,,,,,,,,,,,,,,,,,
https://www.hud.gov/sites/documents/quick-start.pdf,quick-start.pdf,hud.gov,,2637144,2.5 MB,pending,2026-07-10T14:12:41.137135+00:00,,,,,,,,,,,,,,,,,,,,,,,,,,,,
https://www.hud.gov/sites/documents/reject_wp2004_1117.pdf,reject_wp2004_1117.pdf,hud.gov,,58884,57.5 KB,pending,2026-07-10T14:12:41.139262+00:00,,,,,,,,,,,,,,,,,,,,,,,,,,,,
https://www.hud.gov/sites/documents/revlpptimeline.pdf,revlpptimeline.pdf,hud.gov,,427050,417.0 KB,pending,2026-07-10T14:12:41.142202+00:00,,,,,,,,,,,,,,,,,,,,,,,,,,,,
https://www.hud.gov/sites/documents/rssnewyorkrecovers09132013.pdf,rssnewyorkrecovers09132013.pdf,hud.gov,,6212976,5.9 MB,pending,2026-07-10T14:12:41.158213+00:00,,,,,,,,,,,,,,,,,,,,,,,,,,,,
https://www.hud.gov/sites/dfiles/SFH/documents/sfh_borconsvolterm.pdf,sfh_borconsvolterm.pdf,hud.gov,,92504,90.3 KB,pending,2026-07-10T14:12:41.165915+00:00,,,,,,,,,,,,,,,,,,,,,,,,,,,,
https://www.hud.gov/sites/documents/sfh_fha-hampparclaimsubmgt.pdf,sfh_fha-hampparclaimsubmgt.pdf,hud.gov,,156767,153.1 KB,pending,2026-07-10T14:12:41.168267+00:00,,,,,,,,,,,,,,,,,,,,,,,,,,,,
https://www.hud.gov/sites/documents/sfh_lnoteaffihihomelandmgt.pdf,sfh_lnoteaffihihomelandmgt.pdf,hud.gov,,11691,11.4 KB,pending,2026-07-10T14:12:41.170251+00:00,,,,,,,,,,,,,,,,,,,,,,,,,,,,
https://www.hud.gov/sites/documents/sfh_modldoc_rehblnagmt8215.pdf,sfh_modldoc_rehblnagmt8215.pdf,hud.gov,,260249,254.1 KB,pending,2026-07-10T14:12:41.172826+00:00,,,,,,,,,,,,,,,,,,,,,,,,,,,,
https://www.hud.gov/sites/documents/sfhhorelperliabassum.pdf,sfhhorelperliabassum.pdf,hud.gov,,95852,93.6 KB,pending,2026-07-10T14:12:41.175005+00:00,,,,,,,,,,,,,,,,,,,,,,,,,,,,
https://www.hud.gov/sites/documents/sfpayoffprocdisc.pdf,sfpayoffprocdisc.pdf,hud.gov,,8197,8.0 KB,pending,2026-07-10T14:12:41.177011+00:00,,,,,,,,,,,,,,,,,,,,,,,,,,,,
https://www.hud.gov/sites/documents/sfpre-forsaleadden.pdf,sfpre-forsaleadden.pdf,hud.gov,,145344,141.9 KB,pending,2026-07-10T14:12:41.179309+00:00,,,,,,,,,,,,,,,,,,,,,,,,,,,,
https://www.hud.gov/sites/documents/sfprepaydiscsta.pdf,sfprepaydiscsta.pdf,hud.gov,,13810,13.5 KB,pending,2026-07-10T14:12:41.181307+00:00,,,,,,,,,,,,,,,,,,,,,,,,,,,,
https://www.hud.gov/sites/documents/solar-wind.pdf,solar-wind.pdf,hud.gov,,171587,167.6 KB,pending,2026-07-10T14:12:41.183681+00:00,,,,,,,,,,,,,,,,,,,,,,,,,,,,
https://www.hud.gov/sites/documents/sourcedocs.pdf,sourcedocs.pdf,hud.gov,,259128,253.1 KB,pending,2026-07-10T14:12:41.186243+00:00,,,,,,,,,,,,,,,,,,,,,,,,,,,,
https://www.hud.gov/sites/documents/tenant-rent-cal-jul04.pdf,tenant-rent-cal-jul04.pdf,hud.gov,,67134,65.6 KB,pending,2026-07-10T14:12:41.188389+00:00,,,,,,,,,,,,,,,,,,,,,,,,,,,,
https://www.hud.gov/sites/documents/transitionnotice22715.pdf,transitionnotice22715.pdf,hud.gov,,550662,537.8 KB,pending,2026-07-10T14:12:41.196931+00:00,,,,,,,,,,,,,,,,,,,,,,,,,,,,
https://www.hud.gov/sites/documents/ushousingact.pdf,ushousingact.pdf,hud.gov,,171329,167.3 KB,pending,2026-07-10T14:12:41.199278+00:00,,,,,,,,,,,,,,,,,,,,,,,,,,,,
https://www.hud.gov/sites/documents/vms-pmcsubmission.pdf,vms-pmcsubmission.pdf,hud.gov,,88263,86.2 KB,pending,2026-07-10T14:12:41.201455+00:00,,,,,,,,,,,,,,,,,,,,,,,,,,,,
https://www.hud.gov/sites/dfiles/PIH/documents/waiverrequest_audited_fin_sub.pdf,waiverrequest_audited_fin_sub.pdf,hud.gov,,87970,85.9 KB,pending,2026-07-10T14:12:41.203627+00:00,,,,,,,,,,,,,,,,,,,,,,,,,,,,
