url,filename,site,external_domain,file_size_bytes,file_size_human,status,crawled_at,published_date,doc_title,author,subject,keywords,description,accessible,totally_inaccessible,broken,tagged,empty_text,protected,title,language,bookmarks,tagged_content,forms,tagged_form_fields,tagged_annotations,figures_alt_text,headings,lists,tables,exempt,pages,words,images,errors
https://www.pa.gov/content/dam/copapwp-pagov/en/dgs/documents/documents/appropriations-budgetary-submissions/15-dgs-fy-2023-budget-hearing-request.pdf,15-dgs-fy-2023-budget-hearing-request.pdf,pa.gov,,,—,analysed,2026-03-16T16:41:14.310337+00:00,2023-03-24 19:44:08+00:00,,,,,,False,False,False,Fail,Pass,Pass,Fail,Fail,Pass,,,,,,,,,False,61,9884,3,"title, tagged, lang, "
https://www.pa.gov/content/dam/copapwp-pagov/en/revenue/documents/aboutus/documents/2016-20_dor_strategic_plan.pdf,2016-20_dor_strategic_plan.pdf,pa.gov,,,—,analysed,2026-03-16T16:41:14.330990+00:00,2017-07-26 13:27:22+00:00,,,,,,False,False,False,Fail,Pass,Pass,Fail,Fail,Fail,,,,,,,,,True,28,4872,56,"title, tagged, lang, no bookmarks and more than 20 pages, "
https://www.pa.gov/content/dam/copapwp-pagov/en/revenue/documents/aboutus/documents/2016-20_dor_strategic_plan_update.pdf,2016-20_dor_strategic_plan_update.pdf,pa.gov,,,—,analysed,2026-03-16T16:41:14.338311+00:00,2019-03-19 18:18:27+00:00,,,,,,True,False,False,Pass,Pass,Pass,Pass,Pass,Pass,,,,,,,,,False,15,2655,65,
https://www.pa.gov/content/dam/copapwp-pagov/en/psp/documents/bips-annual-reports/2017%20BIPS%20Annual%20Report.pdf,2017%20BIPS%20Annual%20Report.pdf,pa.gov,,13820650,13.2 MB,analysed,2026-03-16T16:41:14.361535+00:00,2018-06-19 08:48:17-05:00,,,,,,False,True,False,Fail,Fail,Pass,Fail,Fail,Pass,,,,,,,,,True,18,0,18,"title, tagged, lang, "
https://www.pa.gov/content/dam/copapwp-pagov/en/psp/documents/bips-annual-reports/2018%20BIPS%20Annual%20Report.pdf,2018%20BIPS%20Annual%20Report.pdf,pa.gov,,733583,716.4 KB,analysed,2026-03-16T16:41:14.363856+00:00,2019-07-29 12:03:54+00:00,,,,,,False,False,False,Pass,Pass,Pass,Fail,Pass,Pass,,,,,,,,,False,17,2829,0,"title, "
https://www.pa.gov/content/dam/copapwp-pagov/en/revenue/documents/aboutus/documents/2021-25_dor_strategic_keystone.pdf,2021-25_dor_strategic_keystone.pdf,pa.gov,,,—,analysed,2026-03-16T16:41:14.369498+00:00,2021-11-01 12:52:15+00:00,,,,,,False,False,False,Pass,Pass,Pass,Fail,Pass,Pass,,,,,,,,,False,1,142,1,"title, "
https://www.pa.gov/content/dam/copapwp-pagov/en/revenue/documents/aboutus/documents/2021-25_dor_strategic_plan.pdf,2021-25_dor_strategic_plan.pdf,pa.gov,,,—,analysed,2026-03-16T16:41:14.374233+00:00,2023-10-16 17:36:37+00:00,,,,,,True,False,False,Pass,Pass,Pass,Pass,Pass,Pass,,,,,,,,,False,19,1842,17,
https://www.pa.gov/content/dam/copapwp-pagov/en/revenue/documents/aboutus/documents/2021-25_dor_strategic_plan_achievements.pdf,2021-25_dor_strategic_plan_achievements.pdf,pa.gov,,,—,analysed,2026-03-16T16:41:14.376957+00:00,2023-05-02 17:09:00+00:00,,,,,,False,False,False,Pass,Pass,Pass,Fail,Pass,Pass,,,,,,,,,False,11,1551,6,"title, "
https://www.pa.gov/content/dam/copapwp-pagov/en/dhs/documents/services/disabilities-aging/documents/acap/2024-my-2023-odp-annual-technical-report.pdf,2024-my-2023-odp-annual-technical-report.pdf,pa.gov,,,—,analysed,2026-03-16T16:41:14.381277+00:00,2025-04-29 18:43:15+00:00,,,,,,False,False,False,Pass,Pass,Pass,Fail,Pass,Pass,,,,,,,,,False,38,16357,36,"title, "
https://www.pa.gov/content/dam/copapwp-pagov/en/psp/documents/eio/2024_utilization_report.pdf,2024_utilization_report.pdf,pa.gov,,488201,476.8 KB,analysed,2026-03-16T16:41:14.383117+00:00,2024-12-30 15:56:12+00:00,,,,,,True,False,False,Pass,Pass,Pass,Pass,Pass,Pass,,,,,,,,,False,17,5308,0,
https://www.pa.gov/content/dam/copapwp-pagov/en/ready/documents/drap/2025%20drap%20guidelines.pdf,2025%20drap%20guidelines.pdf,pa.gov,,480867,469.6 KB,analysed,2026-03-16T16:41:14.384937+00:00,2025-06-03 13:41:58+00:00,,,,,,False,False,False,Pass,Pass,Pass,Fail,Pass,Pass,,,,,,,,,False,12,3848,3,"title, "
https://www.pa.gov/content/dam/copapwp-pagov/en/penndot/documents/travelinpa/winter/documents/2025-26-penndot-winter-fact-sheet.pdf,2025-26-penndot-winter-fact-sheet.pdf,pa.gov,,,—,analysed,2026-03-16T16:41:14.386326+00:00,2025-10-15 14:46:05+00:00,,,,,,False,False,False,Pass,Pass,Pass,Fail,Pass,Pass,,,,,,,,,False,2,434,2,"title, "
https://www.pa.gov/content/dam/copapwp-pagov/en/revenue/documents/formsandpublications/formsforindividuals/ptrr/documents/2025_pa-1000_inst_span.pdf,2025_pa-1000_inst_span.pdf,pa.gov,,,—,analysed,2026-03-16T16:41:14.392876+00:00,2026-01-15 14:23:47+00:00,,,,,,False,False,False,Fail,Pass,Pass,Pass,Pass,Fail,,,,,,,,,False,31,23223,9,"tagged, no bookmarks and more than 20 pages, "
https://www.pa.gov/content/dam/copapwp-pagov/en/revenue/documents/formsandpublications/formsforindividuals/ptrr/documents/2025_pa-1000_span.pdf,2025_pa-1000_span.pdf,pa.gov,,,—,analysed,2026-03-16T16:41:14.394691+00:00,2026-01-15 13:35:24+00:00,,,,,,False,False,False,Fail,Pass,Pass,Pass,Fail,Pass,,,,,,,,,False,2,1947,0,"tagged, lang, "
https://www.pa.gov/content/dam/copapwp-pagov/en/revenue/documents/formsandpublications/formsforindividuals/ptrr/documents/2025_pa-1000a_span.pdf,2025_pa-1000a_span.pdf,pa.gov,,,—,analysed,2026-03-16T16:41:14.396149+00:00,2026-01-13 19:31:21+00:00,,,,,,False,False,False,Fail,Pass,Pass,Pass,Fail,Pass,,,,,,,,,False,1,979,0,"tagged, lang, "
https://www.pa.gov/content/dam/copapwp-pagov/en/revenue/documents/formsandpublications/formsforindividuals/ptrr/documents/2025_pa-1000b-d-e_span.pdf,2025_pa-1000b-d-e_span.pdf,pa.gov,,,—,analysed,2026-03-16T16:41:14.397549+00:00,2026-01-13 19:32:26+00:00,,,,,,False,False,False,Fail,Pass,Pass,Pass,Fail,Pass,,,,,,,,,False,1,916,0,"tagged, lang, "
https://www.pa.gov/content/dam/copapwp-pagov/en/revenue/documents/formsandpublications/formsforindividuals/ptrr/documents/2025_pa-1000f-g_span.pdf,2025_pa-1000f-g_span.pdf,pa.gov,,,—,analysed,2026-03-16T16:41:14.399047+00:00,2026-01-13 19:33:38+00:00,,,,,,False,False,False,Fail,Pass,Pass,Pass,Fail,Pass,,,,,,,,,False,1,721,0,"tagged, lang, "
https://www.pa.gov/content/dam/copapwp-pagov/en/revenue/documents/formsandpublications/formsforindividuals/ptrr/documents/2025_pa-1000ps_span.pdf,2025_pa-1000ps_span.pdf,pa.gov,,,—,analysed,2026-03-16T16:41:14.400414+00:00,2026-01-13 19:34:42+00:00,,,,,,False,False,False,Fail,Pass,Pass,Pass,Fail,Pass,,,,,,,,,False,1,333,0,"tagged, lang, "
https://www.pa.gov/content/dam/copapwp-pagov/en/revenue/documents/formsandpublications/formsforindividuals/ptrr/documents/2025_pa-1000rc_span.pdf,2025_pa-1000rc_span.pdf,pa.gov,,,—,analysed,2026-03-16T16:41:14.403278+00:00,2026-01-13 19:28:53+00:00,,,,,,False,False,False,Fail,Pass,Pass,Pass,Fail,Pass,,,,,,,,,False,1,856,0,"tagged, lang, "
https://www.pa.gov/content/dam/copapwp-pagov/en/dhs/documents/contact/dhs-offices/documents/oltl/oltl-waivers/2026-chc-waiver/2026-obra-waiver-/2026-01-28-obra-appendix-i.pdf,2026-01-28-obra-appendix-i.pdf,pa.gov,,,—,analysed,2026-03-16T16:41:14.405012+00:00,2026-01-20 19:57:14+00:00,,,,,,False,False,False,Pass,Pass,Pass,Fail,Pass,Pass,,,,,,,,,False,20,7055,1,"title, "
https://www.pa.gov/content/dam/copapwp-pagov/en/dhs/documents/contact/dhs-offices/documents/oltl/oltl-waivers/2026-chc-waiver/2026-obra-waiver-/2026-01-28-obra-appendix-j.pdf,2026-01-28-obra-appendix-j.pdf,pa.gov,,,—,analysed,2026-03-16T16:41:14.408769+00:00,2026-01-26 20:21:31+00:00,,,,,,True,False,False,Pass,Pass,Pass,Pass,Pass,Pass,,,,,,,,,False,20,5319,0,
https://www.pa.gov/content/dam/copapwp-pagov/en/dhs/documents/contact/dhs-offices/documents/oltl/oltl-waivers/2026-chc-waiver/2026-obra-waiver-/2026-01-28-obra-performance-measures.pdf,2026-01-28-obra-performance-measures.pdf,pa.gov,,,—,analysed,2026-03-16T16:41:14.411489+00:00,2026-01-26 20:13:50+00:00,,,,,,False,False,False,Pass,Pass,Pass,Fail,Pass,Fail,,,,,,,,,False,61,16773,0,"title, no bookmarks and more than 20 pages, "
https://www.pa.gov/content/dam/copapwp-pagov/en/revenue/documents/aboutus/documents/2026-30_dor_strategic_plan.pdf,2026-30_dor_strategic_plan.pdf,pa.gov,,,—,analysed,2026-03-16T16:41:14.427124+00:00,2026-03-12 17:20:03+00:00,,,,,,True,False,False,Pass,Pass,Pass,Pass,Pass,Pass,,,,,,,,,False,16,1766,13,
https://www.pa.gov/content/dam/copapwp-pagov/en/homelandsecurity/documents/events26/2026_pride_workshop.pdf,2026_pride_workshop.pdf,pa.gov,,,—,analysed,2026-03-16T16:41:14.429126+00:00,2026-01-22 17:25:51+00:00,,,,,,True,False,False,Pass,Pass,Pass,Pass,Pass,Pass,,,,,,,,,False,1,184,1,
https://www.pa.gov/content/dam/copapwp-pagov/en/dgs/documents/about/documents/205_24.pdf,205_24.pdf,pa.gov,,,—,analysed,2026-03-16T16:41:14.430366+00:00,2011-10-12 18:28:18+00:00,,,,,,False,False,False,Pass,Pass,Pass,Fail,Fail,Pass,,,,,,,,,True,3,928,19,"title, lang, "
https://www.pa.gov/content/dam/copapwp-pagov/en/oa/documents/policies/md/200/210_1.pdf,210_1.pdf,pa.gov,,246345,240.6 KB,analysed,2026-03-16T16:41:14.431804+00:00,2023-07-10 15:34:01+00:00,,,,,,True,False,False,Pass,Pass,Pass,Pass,Pass,Pass,,,,,,,,,False,10,3166,2,
https://www.pa.gov/content/dam/copapwp-pagov/en/dli/documents/uc/uc-forms/44fr_explanation.pdf,44fr_explanation.pdf,pa.gov,,,—,analysed,2026-03-16T16:41:14.432944+00:00,2022-02-18 17:48:07+00:00,,,,,,False,False,False,Pass,Pass,Pass,Fail,Pass,Pass,,,,,,,,,False,1,442,0,"title, "
https://www.pa.gov/content/dam/copapwp-pagov/en/health/documents/topics/documents/certificates-and-records/Advocate%20Letter%20Template.pdf,Advocate%20Letter%20Template.pdf,pa.gov,,,—,analysed,2026-03-16T16:41:14.434264+00:00,2023-02-02 19:05:02+00:00,,,,,,True,False,False,Pass,Pass,Pass,Pass,Pass,Pass,,,,,,,,,False,1,221,0,
https://www.pa.gov/content/dam/copapwp-pagov/en/phrc/documents/Ambassador%20Program%20Application%20Fillable%20PDF.pdf,Ambassador%20Program%20Application%20Fillable%20PDF.pdf,pa.gov,,1471401,1.4 MB,analysed,2026-03-16T16:41:14.437634+00:00,2023-05-10 00:49:09+00:00,,,,,,True,False,False,Pass,Pass,Pass,Pass,Pass,Pass,,,,,,,,,False,2,307,1,
https://www.pa.gov/content/dam/copapwp-pagov/en/psp/documents/cvsd/CVSD_Safety_Presentation_Request.pdf,CVSD_Safety_Presentation_Request.pdf,pa.gov,,,—,analysed,2026-03-16T16:41:14.439078+00:00,2024-01-18 17:10:22+00:00,,,,,,True,False,False,Pass,Pass,Pass,Pass,Pass,Pass,,,,,,,,,False,1,415,2,
https://www.pa.gov/content/dam/copapwp-pagov/en/dhs/documents/services/disabilities-aging/documents/community-living-waiver/Community%20Living%20Waiver%207.9.2020.pdf,Community%20Living%20Waiver%207.9.2020.pdf,pa.gov,,,—,analysed,2026-03-16T16:41:14.456208+00:00,2020-07-20 14:40:52+00:00,,,,,,True,False,False,Pass,Pass,Pass,Pass,Pass,Pass,,,,,,,,,False,400,141408,0,
"https://www.pa.gov/content/dam/copapwp-pagov/en/dhs/documents/services/disabilities-aging/documents/community-living-waiver/Community%20Living%20Waiver%20Amendment%20Effective%20January%201,%202019%20(c_285798).pdf","Community%20Living%20Waiver%20Amendment%20Effective%20January%201,%202019%20(c_285798).pdf",pa.gov,,,—,analysed,2026-03-16T16:41:14.462738+00:00,2019-01-31 18:05:31+00:00,,,,,,True,False,False,Pass,Pass,Pass,Pass,Pass,Pass,,,,,,,,,False,263,130705,10,
"https://www.pa.gov/content/dam/copapwp-pagov/en/dhs/documents/services/disabilities-aging/documents/community-living-waiver/Community%20Living%20Waiver%20Amendment%20Effective%20November%201,%202018%20(c_282391).pdf","Community%20Living%20Waiver%20Amendment%20Effective%20November%201,%202018%20(c_282391).pdf",pa.gov,,,—,analysed,2026-03-16T16:41:14.482979+00:00,2018-11-06 20:41:15+00:00,,,,,,True,False,False,Pass,Pass,Pass,Pass,Pass,Pass,,,,,,,,,False,293,131561,0,
"https://www.pa.gov/content/dam/copapwp-pagov/en/dhs/documents/services/disabilities-aging/documents/community-living-waiver/Community%20Living%20Waiver%20Amendment%20Effective%20October%201,%202019%20(c_291816).pdf","Community%20Living%20Waiver%20Amendment%20Effective%20October%201,%202019%20(c_291816).pdf",pa.gov,,,—,analysed,2026-03-16T16:41:14.502700+00:00,2019-09-30 16:59:31+00:00,,,,,,True,False,False,Pass,Pass,Pass,Pass,Pass,Pass,,,,,,,,,False,405,145422,0,
"https://www.pa.gov/content/dam/copapwp-pagov/en/dhs/documents/services/disabilities-aging/documents/community-living-waiver/Community%20Living%20Waiver,%20Effective%20January%201,%202018%20(c_268684).pdf","Community%20Living%20Waiver,%20Effective%20January%201,%202018%20(c_268684).pdf",pa.gov,,,—,analysed,2026-03-16T16:41:14.529312+00:00,2017-12-26 14:45:21+00:00,,,,,,True,False,False,Pass,Pass,Pass,Pass,Pass,Pass,,,,,,,,,True,317,134855,0,
https://www.pa.gov/content/dam/copapwp-pagov/en/phrc/documents/public-accommodations/Disability%20Info%20Release%20for%20Public%20Accommodations.pdf,Disability%20Info%20Release%20for%20Public%20Accommodations.pdf,pa.gov,,62275,60.8 KB,analysed,2026-03-16T16:41:14.532340+00:00,2010-06-02 19:54:44+00:00,,,,,,False,False,False,Fail,Pass,Pass,Fail,Fail,Pass,,,,,,,,,True,1,319,0,"title, tagged, lang, "
https://www.pa.gov/content/dam/copapwp-pagov/en/dhs/documents/services/disabilities-aging/documents/autism-services/Executive%20Summary%20of%20the%20Final%20Report%20of%20the%20Autism%20Task%20Force.pdf,Executive%20Summary%20of%20the%20Final%20Report%20of%20the%20Autism%20Task%20Force.pdf,pa.gov,,,—,analysed,2026-03-16T16:41:14.534218+00:00,2014-02-04 21:08:59+00:00,,,,,,False,False,False,Pass,Pass,Pass,Fail,Fail,Pass,,,,,,,,,False,13,5388,0,"title, lang, "
https://www.pa.gov/content/dam/copapwp-pagov/en/psp/documents/lce/Explanation%20of%20SGOC%20Schedules.pdf,Explanation%20of%20SGOC%20Schedules.pdf,pa.gov,,85366,83.4 KB,analysed,2026-03-16T16:41:14.535509+00:00,2014-11-20 14:12:34-05:00,,,,,,False,False,False,Pass,Pass,Pass,Fail,Pass,Pass,,,,,,,,,True,3,1118,1,"title, "
https://www.pa.gov/content/dam/copapwp-pagov/en/psp/documents/lce/Explanation%20of%20Tavern%20Gaming%20Schedules.pdf,Explanation%20of%20Tavern%20Gaming%20Schedules.pdf,pa.gov,,91469,89.3 KB,analysed,2026-03-16T16:41:14.536756+00:00,2014-12-18 16:30:31-05:00,,,,,,False,False,False,Pass,Pass,Pass,Fail,Pass,Pass,,,,,,,,,True,1,459,1,"title, "
https://www.pa.gov/content/dam/copapwp-pagov/en/vote/resources/documents-and-forms/HAVA-Violations-Title-III-Complaint-Form-English.pdf,HAVA-Violations-Title-III-Complaint-Form-English.pdf,pa.gov,,,—,analysed,2026-03-16T16:41:14.538164+00:00,2026-02-11 14:49:57+00:00,,,,,,True,False,False,Pass,Pass,Pass,Pass,Pass,Pass,,,,,,,,,False,3,904,1,
https://www.pa.gov/content/dam/copapwp-pagov/en/psp/documents/employment/LEOT%20Essential%20Job%20Functions.pdf,LEOT%20Essential%20Job%20Functions.pdf,pa.gov,,23284,22.7 KB,analysed,2026-03-16T16:41:14.539238+00:00,2011-07-19 12:43:49+00:00,,,,,,False,False,False,Pass,Pass,Pass,Fail,Pass,Pass,,,,,,,,,True,2,462,2,"title, "
https://www.pa.gov/content/dam/copapwp-pagov/en/psp/documents/employment/LEOT%20Medical%20Information%2020210305.pdf,LEOT%20Medical%20Information%2020210305.pdf,pa.gov,,151970,148.4 KB,analysed,2026-03-16T16:41:14.540518+00:00,2021-03-17 16:27:16+00:00,,,,,,False,False,False,Pass,Pass,Pass,Fail,Pass,Pass,,,,,,,,,False,1,448,1,"title, "
https://www.pa.gov/content/dam/copapwp-pagov/en/psp/documents/employment/LEOT%20Personal%20Appearance.pdf,LEOT%20Personal%20Appearance.pdf,pa.gov,,163799,160.0 KB,analysed,2026-03-16T16:41:14.541838+00:00,2020-04-30 20:09:12+00:00,,,,,,False,False,False,Pass,Pass,Pass,Fail,Pass,Pass,,,,,,,,,False,2,783,1,"title, "
https://www.pa.gov/content/dam/copapwp-pagov/en/phrc/images/no-hate-in-our-state/2024/No%20Hate%20in%20Our%20State%20Townhall%20Flyer.pdf,No%20Hate%20in%20Our%20State%20Townhall%20Flyer.pdf,pa.gov,,,—,analysed,2026-03-16T16:41:14.543963+00:00,2024-01-25 20:30:21+00:00,,,,,,True,False,False,Pass,Pass,Pass,Pass,Pass,Pass,,,,,,,,,False,1,211,9,
https://www.pa.gov/content/dam/copapwp-pagov/en/dhs/documents/services/assistance/documents/benefits-applications/PA-600-L-S-AS-5-20-Final.pdf,PA-600-L-S-AS-5-20-Final.pdf,pa.gov,,,—,analysed,2026-03-16T16:41:14.546169+00:00,2020-05-11 19:26:46+00:00,,,,,,False,False,False,Fail,Pass,Pass,Fail,Pass,Pass,,,,,,,,,False,12,7854,4,"title, tagged, "
https://www.pa.gov/content/dam/copapwp-pagov/en/psp/documents/employment/PSP%20Cadet%20and%20LEOT%20Written%20Examination%20Prep%20Guide.pdf,PSP%20Cadet%20and%20LEOT%20Written%20Examination%20Prep%20Guide.pdf,pa.gov,,275688,269.2 KB,analysed,2026-03-16T16:41:14.547753+00:00,2016-12-09 17:34:29+00:00,,,,,,False,False,False,Fail,Pass,Pass,Fail,Fail,Fail,,,,,,,,,True,40,17500,3,"title, tagged, lang, no bookmarks and more than 20 pages, "
https://www.pa.gov/content/dam/copapwp-pagov/en/dhs/documents/services/disabilities-aging/documents/autism-services/Pennsylvania%20Autism%20Census%20Project%20Final%20Report.pdf,Pennsylvania%20Autism%20Census%20Project%20Final%20Report.pdf,pa.gov,,,—,analysed,2026-03-16T16:41:14.549401+00:00,2011-10-27 13:12:59+00:00,,,,,,False,False,False,Pass,Pass,Pass,Fail,Pass,Pass,,,,,,,,,True,19,4749,4,"title, "
https://www.pa.gov/content/dam/copapwp-pagov/en/psp/documents/employment/Pennsylvania_State_Police_LEOT_Training.pdf,Pennsylvania_State_Police_LEOT_Training.pdf,pa.gov,,177572,173.4 KB,analysed,2026-03-16T16:41:14.550826+00:00,2020-05-01 14:04:19+00:00,,,,,,False,False,False,Pass,Pass,Pass,Fail,Pass,Pass,,,,,,,,,False,2,497,1,"title, "
https://www.pa.gov/content/dam/copapwp-pagov/en/dhs/documents/services/disabilities-aging/documents/community-living-waiver/Record%20of%20Change%20Approved%20IDA%20Waivers%20Effective%20November%202021.pdf,Record%20of%20Change%20Approved%20IDA%20Waivers%20Effective%20November%202021.pdf,pa.gov,,,—,analysed,2026-03-16T16:41:14.552528+00:00,2021-11-23 15:25:46+00:00,,,,,,False,False,False,Pass,Pass,Pass,Fail,Pass,Pass,,,,,,,,,False,20,7316,0,"title, "
https://www.pa.gov/content/dam/copapwp-pagov/en/psp/documents/lce/SGOC%20-%20Public%20-%20Tavern%20Games-bars%201.pdf,SGOC%20-%20Public%20-%20Tavern%20Games-bars%201.pdf,pa.gov,,840268,820.6 KB,analysed,2026-03-16T16:41:14.554967+00:00,2014-06-03 13:27:22-04:00,,,,,,False,False,False,Pass,Pass,Pass,Fail,Pass,Fail,,,,,,,,,True,40,1797,25,"title, no bookmarks and more than 20 pages, "
https://www.pa.gov/content/dam/copapwp-pagov/en/psp/documents/lce/SGOC%20-%20Public-%20Eligable%20Organizations-clubs.pdf,SGOC%20-%20Public-%20Eligable%20Organizations-clubs.pdf,pa.gov,,2794938,2.7 MB,analysed,2026-03-16T16:41:14.560576+00:00,2021-03-17 15:22:58+00:00,,,,,,False,False,False,Pass,Pass,Pass,Fail,Pass,Fail,,,,,,,,,False,148,7391,86,"title, no bookmarks and more than 20 pages, "
https://www.pa.gov/content/dam/copapwp-pagov/en/psp/documents/lce/Schedule%201%20-%20SGOC%20Annual%20Operating%20Record.pdf,Schedule%201%20-%20SGOC%20Annual%20Operating%20Record.pdf,pa.gov,,65482,63.9 KB,analysed,2026-03-16T16:41:14.561954+00:00,2014-11-20 14:05:19-05:00,,,,,,False,False,False,Pass,Pass,Pass,Fail,Pass,Pass,,,,,,,,,True,1,89,1,"title, "
https://www.pa.gov/content/dam/copapwp-pagov/en/psp/documents/lce/Schedule%202%20-%20SGOC%20Weekly%20Operating%20Record.pdf,Schedule%202%20-%20SGOC%20Weekly%20Operating%20Record.pdf,pa.gov,,112840,110.2 KB,analysed,2026-03-16T16:41:14.563274+00:00,2014-11-20 14:06:06-05:00,,,,,,False,False,False,Pass,Pass,Pass,Fail,Pass,Pass,,,,,,,,,True,1,96,1,"title, "
https://www.pa.gov/content/dam/copapwp-pagov/en/psp/documents/lce/Schedule%202A%20-%20Pull-Tab%20and%20Punchboard%20Weekly%20Operating%20Record.pdf,Schedule%202A%20-%20Pull-Tab%20and%20Punchboard%20Weekly%20Operating%20Record.pdf,pa.gov,,112689,110.0 KB,analysed,2026-03-16T16:41:14.564526+00:00,2015-01-26 11:42:48-05:00,,,,,,False,False,False,Pass,Pass,Pass,Fail,Pass,Pass,,,,,,,,,True,1,77,1,"title, "
https://www.pa.gov/content/dam/copapwp-pagov/en/psp/documents/lce/Schedule%202B%20-%20Regular%20Raffle-Special%20Raffle.pdf,Schedule%202B%20-%20Regular%20Raffle-Special%20Raffle.pdf,pa.gov,,90644,88.5 KB,analysed,2026-03-16T16:41:14.565730+00:00,2014-11-20 14:06:50-05:00,,,,,,False,False,False,Pass,Pass,Pass,Fail,Pass,Pass,,,,,,,,,True,1,123,1,"title, "
https://www.pa.gov/content/dam/copapwp-pagov/en/psp/documents/lce/Schedule%202C%20-%20Daily-Weekly%20Drawings.pdf,Schedule%202C%20-%20Daily-Weekly%20Drawings.pdf,pa.gov,,31408,30.7 KB,analysed,2026-03-16T16:41:14.566836+00:00,2014-11-20 14:07:27-05:00,,,,,,False,False,False,Pass,Pass,Pass,Fail,Pass,Pass,,,,,,,,,True,1,108,1,"title, "
https://www.pa.gov/content/dam/copapwp-pagov/en/psp/documents/lce/Schedule%202D%20%2050-50%20Drawing%20Weekly%20Operating%20Record.pdf,Schedule%202D%20%2050-50%20Drawing%20Weekly%20Operating%20Record.pdf,pa.gov,,111767,109.1 KB,analysed,2026-03-16T16:41:14.568086+00:00,2014-11-20 14:08:15-05:00,,,,,,False,False,False,Pass,Pass,Pass,Fail,Pass,Pass,,,,,,,,,True,1,73,1,"title, "
https://www.pa.gov/content/dam/copapwp-pagov/en/psp/documents/lce/Schedule%202E%20-%20Pool%20Weekly%20Operating%20Record.pdf,Schedule%202E%20-%20Pool%20Weekly%20Operating%20Record.pdf,pa.gov,,20049,19.6 KB,analysed,2026-03-16T16:41:14.569180+00:00,2014-11-20 14:08:52-05:00,,,,,,False,False,False,Pass,Pass,Pass,Fail,Pass,Pass,,,,,,,,,True,1,50,1,"title, "
https://www.pa.gov/content/dam/copapwp-pagov/en/psp/documents/lce/Schedule%203%20-%20%20Record%20of%20Prizes%20Awarded%20in%20Excess%20of%20$600.pdf,Schedule%203%20-%20%20Record%20of%20Prizes%20Awarded%20in%20Excess%20of%20$600.pdf,pa.gov,,20762,20.3 KB,analysed,2026-03-16T16:41:14.570276+00:00,2014-11-20 14:09:29-05:00,,,,,,False,False,False,Pass,Pass,Pass,Fail,Pass,Pass,,,,,,,,,True,1,51,1,"title, "
https://www.pa.gov/content/dam/copapwp-pagov/en/psp/documents/lce/Schedule%204%20-%20SGOC%20Use%20of%20Proceeds-60%20Percent.pdf,Schedule%204%20-%20SGOC%20Use%20of%20Proceeds-60%20Percent.pdf,pa.gov,,22055,21.5 KB,analysed,2026-03-16T16:41:14.571368+00:00,2014-11-20 14:10:12-05:00,,,,,,False,False,False,Pass,Pass,Pass,Fail,Pass,Pass,,,,,,,,,True,1,56,1,"title, "
https://www.pa.gov/content/dam/copapwp-pagov/en/psp/documents/lce/Schedule%204A%20-%20SGOC%20Use%20of%20Proceeds-40%20Percent.pdf,Schedule%204A%20-%20SGOC%20Use%20of%20Proceeds-40%20Percent.pdf,pa.gov,,22201,21.7 KB,analysed,2026-03-16T16:41:14.572461+00:00,2014-11-20 14:10:46-05:00,,,,,,False,False,False,Pass,Pass,Pass,Fail,Pass,Pass,,,,,,,,,True,1,76,1,"title, "
https://www.pa.gov/content/dam/copapwp-pagov/en/psp/documents/lce/Schedule%205%20-%20Pull-Tab%20and%20Punchboard%20Games%20Worksheet.pdf,Schedule%205%20-%20Pull-Tab%20and%20Punchboard%20Games%20Worksheet.pdf,pa.gov,,71373,69.7 KB,analysed,2026-03-16T16:41:14.573636+00:00,2014-11-20 14:11:19-05:00,,,,,,False,False,False,Pass,Pass,Pass,Fail,Pass,Pass,,,,,,,,,True,1,109,1,"title, "
https://www.pa.gov/content/dam/copapwp-pagov/en/psp/documents/lce/Schedule%206%20%2050-50%20Drawings.pdf,Schedule%206%20%2050-50%20Drawings.pdf,pa.gov,,119188,116.4 KB,analysed,2026-03-16T16:41:14.574886+00:00,2014-11-20 14:11:50-05:00,,,,,,False,False,False,Pass,Pass,Pass,Fail,Pass,Pass,,,,,,,,,True,1,71,1,"title, "
https://www.pa.gov/content/dam/copapwp-pagov/en/psp/documents/lce/Schedule%207%20-%20Pools.pdf,Schedule%207%20-%20Pools.pdf,pa.gov,,57914,56.6 KB,analysed,2026-03-16T16:41:14.576034+00:00,2014-11-20 14:13:11-05:00,,,,,,False,False,False,Pass,Pass,Pass,Fail,Pass,Pass,,,,,,,,,True,1,57,1,"title, "
https://www.pa.gov/content/dam/copapwp-pagov/en/psp/documents/lce/Schedule%208%20-%20Race%20Night%20Record.pdf,Schedule%208%20-%20Race%20Night%20Record.pdf,pa.gov,,63846,62.3 KB,analysed,2026-03-16T16:41:14.577179+00:00,2014-11-20 14:13:44-05:00,,,,,,False,False,False,Pass,Pass,Pass,Fail,Pass,Pass,,,,,,,,,True,1,114,1,"title, "
https://www.pa.gov/content/dam/copapwp-pagov/en/psp/documents/lce/Schedule%20T1%20-%20Tavern%20Gaming%20Annual%20Operating%20Record.pdf,Schedule%20T1%20-%20Tavern%20Gaming%20Annual%20Operating%20Record.pdf,pa.gov,,21983,21.5 KB,analysed,2026-03-16T16:41:14.578261+00:00,2014-11-20 13:56:50-05:00,,,,,,False,False,False,Pass,Pass,Pass,Fail,Pass,Pass,,,,,,,,,True,1,82,1,"title, "
https://www.pa.gov/content/dam/copapwp-pagov/en/psp/documents/lce/Schedule%20T1-A%20-%20Tavern%20Gaming%20Quarterly%20Return%20Worksheet.pdf,Schedule%20T1-A%20-%20Tavern%20Gaming%20Quarterly%20Return%20Worksheet.pdf,pa.gov,,100073,97.7 KB,analysed,2026-03-16T16:41:14.579462+00:00,2014-12-18 16:25:40-05:00,,,,,,False,False,False,Pass,Pass,Pass,Fail,Pass,Pass,,,,,,,,,True,1,86,1,"title, "
https://www.pa.gov/content/dam/copapwp-pagov/en/psp/documents/lce/Schedule%20T2%20-%20Tavern%20Gaming%20Weekly%20Operating%20Record.pdf,Schedule%20T2%20-%20Tavern%20Gaming%20Weekly%20Operating%20Record.pdf,pa.gov,,37707,36.8 KB,analysed,2026-03-16T16:41:14.580562+00:00,2014-11-20 13:58:49-05:00,,,,,,False,False,False,Pass,Pass,Pass,Fail,Pass,Pass,,,,,,,,,True,1,144,1,"title, "
https://www.pa.gov/content/dam/copapwp-pagov/en/psp/documents/lce/Schedule%20T3%20-%20Tavern%20Gaming%20Daily%20Drawings.pdf,Schedule%20T3%20-%20Tavern%20Gaming%20Daily%20Drawings.pdf,pa.gov,,78504,76.7 KB,analysed,2026-03-16T16:41:14.581729+00:00,2014-11-20 13:59:31-05:00,,,,,,False,False,False,Pass,Pass,Pass,Fail,Pass,Pass,,,,,,,,,True,1,96,1,"title, "
https://www.pa.gov/content/dam/copapwp-pagov/en/psp/documents/lce/Schedule%20T4%20-%20Tavern%20Gaming%20Pull-Tab%20Weekly%20Operating%20Record.pdf,Schedule%20T4%20-%20Tavern%20Gaming%20Pull-Tab%20Weekly%20Operating%20Record.pdf,pa.gov,,20192,19.7 KB,analysed,2026-03-16T16:41:14.582803+00:00,2014-11-20 14:00:05-05:00,,,,,,False,False,False,Pass,Pass,Pass,Fail,Pass,Pass,,,,,,,,,True,1,61,1,"title, "
https://www.pa.gov/content/dam/copapwp-pagov/en/psp/documents/lce/Schedule%20T4-A%20%20Tavern%20Gaming%20Pull-Tab%20Worksheet.pdf,Schedule%20T4-A%20%20Tavern%20Gaming%20Pull-Tab%20Worksheet.pdf,pa.gov,,81082,79.2 KB,analysed,2026-03-16T16:41:14.583995+00:00,2014-11-20 14:00:40-05:00,,,,,,False,False,False,Pass,Pass,Pass,Fail,Pass,Pass,,,,,,,,,True,1,70,1,"title, "
https://www.pa.gov/content/dam/copapwp-pagov/en/psp/documents/lce/Schedule%20T5%20-%20Tavern%20Raffles.pdf,Schedule%20T5%20-%20Tavern%20Raffles.pdf,pa.gov,,122314,119.4 KB,analysed,2026-03-16T16:41:14.585255+00:00,2014-11-20 14:01:16-05:00,,,,,,False,False,False,Pass,Pass,Pass,Fail,Pass,Pass,,,,,,,,,True,1,176,1,"title, "
https://www.pa.gov/content/dam/copapwp-pagov/en/psp/documents/lce/Schedule%20T6%20-%20%20Tavern%20Gaming%20Record%20of%20Prizes%20Awarded%20in%20Excess%20of%20$600.pdf,Schedule%20T6%20-%20%20Tavern%20Gaming%20Record%20of%20Prizes%20Awarded%20in%20Excess%20of%20$600.pdf,pa.gov,,20915,20.4 KB,analysed,2026-03-16T16:41:14.586338+00:00,2014-11-20 14:01:56-05:00,,,,,,False,False,False,Pass,Pass,Pass,Fail,Pass,Pass,,,,,,,,,True,1,59,1,"title, "
https://www.pa.gov/content/dam/copapwp-pagov/en/phrc/images/other/2023/Sexual%20Harassment%20Symposium%20Flyer%20with%20keynote%20.pdf,Sexual%20Harassment%20Symposium%20Flyer%20with%20keynote%20.pdf,pa.gov,,,—,analysed,2026-03-16T16:41:14.591108+00:00,2023-10-20 19:21:11+00:00,,,,,,True,False,False,Pass,Pass,Pass,Pass,Pass,Pass,,,,,,,,,False,1,57,5,
https://www.pa.gov/content/dam/copapwp-pagov/en/dhs/documents/services/disabilities-aging/documents/community-living-waiver/Side-By-Side%20of%20Substantive%20Changes%20Made%20to%20the%20waivers%20(c_291277).pdf,Side-By-Side%20of%20Substantive%20Changes%20Made%20to%20the%20waivers%20(c_291277).pdf,pa.gov,,,—,analysed,2026-03-16T16:41:14.592914+00:00,2019-08-02 14:39:12+00:00,,,,,,True,False,False,Pass,Pass,Pass,Pass,Pass,Pass,,,,,,,,,False,25,12682,0,
https://www.pa.gov/content/dam/copapwp-pagov/en/psp/documents/eio/ada_grievance_procedure.pdf,ada_grievance_procedure.pdf,pa.gov,,116603,113.9 KB,analysed,2026-03-16T16:41:14.594192+00:00,2024-12-23 20:57:14+00:00,,,,,,True,False,False,Pass,Pass,Pass,Pass,Pass,Pass,,,,,,,,,False,2,765,1,
https://www.pa.gov/content/dam/copapwp-pagov/en/revenue/documents/contactus/documents/address_directory.pdf,address_directory.pdf,pa.gov,,,—,analysed,2026-03-16T16:41:14.595345+00:00,2020-01-17 19:30:50+00:00,,,,,,False,False,False,Pass,Pass,Pass,Fail,Pass,Pass,,,,,,,,,False,1,605,1,"title, "
https://www.pa.gov/content/dam/copapwp-pagov/en/ready/resources/guides/after-the-disaster.pdf,after-the-disaster.pdf,pa.gov,,4256837,4.1 MB,analysed,2026-03-16T16:41:14.603528+00:00,2018-08-02 19:43:04+00:00,,,,,,False,False,False,Pass,Pass,Pass,Fail,Pass,Pass,,,,,,,,,True,20,1122,38,"title, "
https://www.pa.gov/content/dam/copapwp-pagov/en/dli/documents/uc/uc-benmod/appeal-process-user-guide.pdf,appeal-process-user-guide.pdf,pa.gov,,,—,analysed,2026-03-16T16:41:14.608480+00:00,2022-01-25 21:42:58+00:00,,,,,,False,False,False,Pass,Pass,Pass,Fail,Pass,Fail,,,,,,,,,False,21,939,30,"title, no bookmarks and more than 20 pages, "
https://www.pa.gov/content/dam/copapwp-pagov/en/pema/documents/response/auxiliary-communications/auxiliary-volunteer-application.pdf,auxiliary-volunteer-application.pdf,pa.gov,,208312,203.4 KB,analysed,2026-03-16T16:41:14.609871+00:00,2013-11-12 20:16:00+00:00,,,,,,False,False,False,Pass,Pass,Pass,Fail,Pass,Pass,,,,,,,,,False,3,520,2,"title, "
https://www.pa.gov/content/dam/copapwp-pagov/en/phrc/images/no-hate-in-our-state/2024/blair%20county%20town%20hall%20flyer.pdf,blair%20county%20town%20hall%20flyer.pdf,pa.gov,,,—,analysed,2026-03-16T16:41:14.613883+00:00,2024-09-25 13:19:16+00:00,,,,,,True,False,False,Pass,Pass,Pass,Pass,Pass,Pass,,,,,,,,,False,1,157,10,
https://www.pa.gov/content/dam/copapwp-pagov/en/dhs/documents/docs/documents/odp/c_237996.pdf,c_237996.pdf,pa.gov,,,—,analysed,2026-03-16T16:41:14.615339+00:00,2019-08-22 18:45:13+00:00,,,,,,False,False,False,Pass,Pass,Pass,Fail,Pass,Pass,,,,,,,,,False,10,3259,0,"title, "
https://www.pa.gov/content/dam/copapwp-pagov/en/phrc/images/no-hate-in-our-state/2026/carlisle%20nhios%20town%20hall%20flyer%20(1).pdf,carlisle%20nhios%20town%20hall%20flyer%20(1).pdf,pa.gov,,,—,analysed,2026-03-16T16:41:14.622886+00:00,2026-03-10 13:55:57+00:00,,,,,,False,False,False,Pass,Pass,Pass,Fail,Pass,Pass,,,,,,,,,False,1,156,14,"title, "
https://www.pa.gov/content/dam/copapwp-pagov/en/phrc/phrc-outreach/english/civil%20rights%20division%20brochure.pdf,civil%20rights%20division%20brochure.pdf,pa.gov,,,—,analysed,2026-03-16T16:41:14.625320+00:00,2025-12-23 20:34:25+00:00,,,,,,True,False,False,Pass,Pass,Pass,Pass,Pass,Pass,,,,,,,,,False,2,546,13,
https://www.pa.gov/content/dam/copapwp-pagov/en/dgs/documents/insurance/line-of-duty-death-benefits/documents/claim%20for%20death%20benefits.pdf,claim%20for%20death%20benefits.pdf,pa.gov,,,—,analysed,2026-03-16T16:41:14.626715+00:00,2015-06-16 15:31:59+00:00,,,,,,False,False,False,Fail,Pass,Pass,Fail,Fail,Pass,,,,,,,,,False,2,547,0,"title, tagged, lang, "
https://www.pa.gov/content/dam/copapwp-pagov/en/penndot/documents/travelinpa/winter/documents/cmv-restriction-terminology.pdf,cmv-restriction-terminology.pdf,pa.gov,,,—,analysed,2026-03-16T16:41:14.628262+00:00,2023-10-18 16:10:35+00:00,,,,,,False,False,False,Pass,Pass,Pass,Fail,Pass,Pass,,,,,,,,,False,1,113,0,"title, "
https://www.pa.gov/content/dam/copapwp-pagov/en/penndot/documents/travelinpa/winter/documents/cmv-restriction-tier-information-sign.pdf,cmv-restriction-tier-information-sign.pdf,pa.gov,,,—,analysed,2026-03-16T16:41:14.630115+00:00,2023-10-16 23:04:26+00:00,,,,,,False,False,False,Pass,Pass,Pass,Fail,Pass,Pass,,,,,,,,,False,1,65,0,"title, "
https://www.pa.gov/content/dam/copapwp-pagov/en/dhs/documents/services/children/documents/child-care-early-learning/cy-868s-application-for-subsidized-child-care-05-2023.pdf,cy-868s-application-for-subsidized-child-care-05-2023.pdf,pa.gov,,,—,analysed,2026-03-16T16:41:14.632650+00:00,2025-07-08 15:07:48+00:00,,,,,,True,False,False,Pass,Pass,Pass,Pass,Pass,Pass,,,,,,,,,False,12,5349,20,
https://www.pa.gov/content/dam/copapwp-pagov/en/revenue/documents/formsandpublications/otherforms/documents/deo-118.pdf,deo-118.pdf,pa.gov,,,—,analysed,2026-03-16T16:41:14.634009+00:00,2022-10-17 16:13:33+00:00,,,,,,False,False,False,Pass,Pass,Pass,Fail,Pass,Pass,,,,,,,,,False,1,180,1,"title, "
https://www.pa.gov/content/dam/copapwp-pagov/en/dgs/documents/documents/appropriations-budgetary-submissions/dgs-contracts-2023.pdf,dgs-contracts-2023.pdf,pa.gov,,,—,analysed,2026-03-16T16:41:14.641280+00:00,2023-03-24 20:20:21+00:00,,,,,,False,False,False,Fail,Pass,Pass,Fail,Fail,Pass,,,,,,,,,False,12,8077,1,"title, tagged, lang, "
https://www.pa.gov/content/dam/copapwp-pagov/en/pema/documents/recovery/disaster-help/documents/disaster%20recovery%20application%20walkthrough.pdf,disaster%20recovery%20application%20walkthrough.pdf,pa.gov,,322853,315.3 KB,analysed,2026-03-16T16:41:14.642917+00:00,2024-12-19 13:28:45+00:00,,,,,,False,False,False,Pass,Pass,Pass,Fail,Pass,Pass,,,,,,,,,False,3,730,45,"title, "
https://www.pa.gov/content/dam/copapwp-pagov/en/revenue/documents/getassistance/legislativeaffairs/documents/dor_legislative_guide.pdf,dor_legislative_guide.pdf,pa.gov,,,—,analysed,2026-03-16T16:41:14.654074+00:00,2026-01-13 18:51:26+00:00,,,,,,False,False,False,Fail,Pass,Pass,Pass,Fail,Pass,,,,,,,,,False,66,17991,120,"tagged, lang, "
https://www.pa.gov/content/dam/copapwp-pagov/en/revenue/documents/formsandpublications/otherforms/documents/dpo-85.pdf,dpo-85.pdf,pa.gov,,,—,analysed,2026-03-16T16:41:14.655381+00:00,2025-06-17 12:48:43+00:00,,,,,,True,False,False,Pass,Pass,Pass,Pass,Pass,Pass,,,,,,,,,False,1,156,0,
https://www.pa.gov/content/dam/copapwp-pagov/en/ready/documents/drap/resources/drap%20activation%20notice%20for%20hotel%20hampton%20fire.pdf,drap%20activation%20notice%20for%20hotel%20hampton%20fire.pdf,pa.gov,,,—,analysed,2026-03-16T16:41:14.656859+00:00,2026-03-06 18:03:14+00:00,,,,,,False,False,False,Pass,Pass,Pass,Fail,Pass,Pass,,,,,,,,,False,2,347,1,"title, "
https://www.pa.gov/content/dam/copapwp-pagov/en/ready/documents/drap/resources/drap%20what%20to%20do%20next%20hotel%20hampton%20fire.pdf,drap%20what%20to%20do%20next%20hotel%20hampton%20fire.pdf,pa.gov,,,—,analysed,2026-03-16T16:41:14.658568+00:00,2026-03-06 17:36:38+00:00,,,,,,True,False,False,Pass,Pass,Pass,Pass,Pass,Pass,,,,,,,,,False,2,459,19,
https://www.pa.gov/content/dam/copapwp-pagov/en/psp/documents/eio/eeo_titlevi_discrimination_complaint.pdf,eeo_titlevi_discrimination_complaint.pdf,pa.gov,,851976,832.0 KB,analysed,2026-03-16T16:41:14.660964+00:00,2025-05-13 16:05:59+00:00,,,,,,True,False,False,Pass,Pass,Pass,Pass,Pass,Pass,,,,,,,,,False,2,216,1,
https://www.pa.gov/content/dam/copapwp-pagov/en/pema/documents/county-emc/emc%20website%20list.pdf,emc%20website%20list.pdf,pa.gov,,235328,229.8 KB,analysed,2026-07-10T13:49:32.858027+00:00,2026-06-17 17:55:53+00:00,,"Sale, Viviana",,,,False,False,False,Pass,Pass,Pass,Fail,Pass,Pass,Pass,NotApplicable,NotApplicable,Pass,Pass,Warn,NotApplicable,NotApplicable,False,6,1516,6,"title, headings-none, "
https://www.pa.gov/content/dam/copapwp-pagov/en/penndot/documents/travelinpa/winter/documents/emergency%20kit%20list.pdf,emergency%20kit%20list.pdf,pa.gov,,,—,analysed,2026-03-16T16:41:14.663650+00:00,2019-07-09 14:12:43+00:00,,,,,,False,False,False,Fail,Pass,Pass,Pass,Pass,Pass,,,,,,,,,False,1,113,1,"tagged, "
https://www.pa.gov/content/dam/copapwp-pagov/en/phrc/images/no-hate-in-our-state/2025/erie%20nhios%20town%20hall%20flyer.pdf,erie%20nhios%20town%20hall%20flyer.pdf,pa.gov,,,—,analysed,2026-03-16T16:41:14.669044+00:00,2025-11-03 16:55:13+00:00,,,,,,True,False,False,Pass,Pass,Pass,Pass,Pass,Pass,,,,,,,,,False,1,128,10,
https://www.pa.gov/content/dam/copapwp-pagov/en/phrc/documents/external%20event%20attendance%20form%20-%20september%202025%20fillable.pdf,external%20event%20attendance%20form%20-%20september%202025%20fillable.pdf,pa.gov,,135937,132.8 KB,analysed,2026-03-16T16:41:14.670314+00:00,2025-09-29 19:07:13+00:00,,,,,,False,False,False,Pass,Pass,Pass,Fail,Pass,Pass,,,,,,,,,False,2,157,1,"title, "
https://www.pa.gov/content/dam/copapwp-pagov/en/psp/documents/contact-us/ffy%202026%20title%20vi%20plan.pdf.pdf,ffy%202026%20title%20vi%20plan.pdf.pdf,pa.gov,,407834,398.3 KB,analysed,2026-03-16T16:41:14.672003+00:00,2025-07-18 11:55:23+00:00,,,,,,True,False,False,Pass,Pass,Pass,Pass,Pass,Pass,,,,,,,,,False,33,6188,8,
https://www.pa.gov/content/dam/copapwp-pagov/en/dgs/documents/about/documents/flag%20program%20flying%20request%20form.pdf,flag%20program%20flying%20request%20form.pdf,pa.gov,,,—,analysed,2026-03-16T16:41:14.673247+00:00,2024-09-04 16:09:22+00:00,,,,,,False,False,False,Pass,Pass,Pass,Fail,Pass,Pass,,,,,,,,,False,1,131,0,"title, "
https://www.pa.gov/content/dam/copapwp-pagov/en/phrc/images/no-hate-in-our-state/2025/hanover%20nhios%20town%20hall%20flyer-%20new%20date.pdf,hanover%20nhios%20town%20hall%20flyer-%20new%20date.pdf,pa.gov,,,—,analysed,2026-03-16T16:41:14.678413+00:00,2025-10-02 19:04:43+00:00,,,,,,True,False,False,Pass,Pass,Pass,Pass,Pass,Pass,,,,,,,,,False,1,142,11,
https://www.pa.gov/content/dam/copapwp-pagov/en/phrc/images/no-hate-in-our-state/2026/immigration%20nhios%20town%20hall%20flyer%20(3).pdf,immigration%20nhios%20town%20hall%20flyer%20(3).pdf,pa.gov,,,—,analysed,2026-03-16T16:41:14.686930+00:00,2026-02-09 15:49:17+00:00,,,,,,True,False,False,Pass,Pass,Pass,Pass,Pass,Pass,,,,,,,,,False,1,148,14,
https://www.pa.gov/content/dam/copapwp-pagov/en/oa/documents/programs/information-technology/documents/it-policy-crosswalk.pdf,it-policy-crosswalk.pdf,pa.gov,,308753,301.5 KB,analysed,2026-07-10T13:49:32.998799+00:00,2026-06-17 14:45:57+00:00,,"Grim, Christopher",,,,False,False,False,Pass,Pass,Pass,Fail,Pass,Pass,Pass,NotApplicable,NotApplicable,Pass,Fail,Warn,NotApplicable,Pass,False,15,2514,1,"title, figures missing alt text (count=1), headings-none, "
https://www.pa.gov/content/dam/copapwp-pagov/en/psp/documents/employment/lce_pe_readiness_tests.pdf,lce_pe_readiness_tests.pdf,pa.gov,,131372,128.3 KB,analysed,2026-03-16T16:41:14.689874+00:00,2025-11-25 17:42:11+00:00,,,,,,True,False,False,Pass,Pass,Pass,Pass,Pass,Pass,,,,,,,,,False,2,577,1,
https://www.pa.gov/content/dam/copapwp-pagov/en/revenue/documents/getassistance/legislativeaffairs/documents/legislative_inquiries_submission_update.pdf,legislative_inquiries_submission_update.pdf,pa.gov,,,—,analysed,2026-03-16T16:41:14.691601+00:00,2025-02-24 13:56:45+00:00,,,,,,True,False,False,Pass,Pass,Pass,Pass,Pass,Pass,,,,,,,,,False,5,709,27,
https://www.pa.gov/content/dam/copapwp-pagov/en/dli/documents/individuals/disability-services/odhh/odhh-resources/documents/library%20collection.pdf,library%20collection.pdf,pa.gov,,50152,49.0 KB,analysed,2026-03-16T16:41:14.692748+00:00,2015-04-16 18:39:18+00:00,,,,,,False,False,False,Fail,Pass,Pass,Fail,Fail,Pass,,,,,,,,,True,1,200,0,"title, tagged, lang, "
https://www.pa.gov/content/dam/copapwp-pagov/en/phrc/images/no-hate-in-our-state/2025/mechanicsburg%20nhios%20town%20hall%20flyer.pdf,mechanicsburg%20nhios%20town%20hall%20flyer.pdf,pa.gov,,,—,analysed,2026-03-16T16:41:14.698263+00:00,2025-10-24 20:31:48+00:00,,,,,,True,False,False,Pass,Pass,Pass,Pass,Pass,Pass,,,,,,,,,False,1,135,10,
https://www.pa.gov/content/dam/copapwp-pagov/en/penndot/documents/public/dvspubsforms/bmv/bmv-forms/mv-13st.pdf,mv-13st.pdf,pa.gov,,,—,analysed,2026-03-16T16:41:14.699615+00:00,2025-02-26 13:24:18+00:00,,,,,,False,False,False,Fail,Pass,Pass,Fail,Fail,Pass,,,,,,,,,False,2,840,0,"title, tagged, lang, "
https://www.pa.gov/content/dam/copapwp-pagov/en/penndot/documents/public/dvspubsforms/bmv/bmv-forms/mv-3.pdf,mv-3.pdf,pa.gov,,,—,analysed,2026-03-16T16:41:14.701160+00:00,2025-04-10 18:11:19+00:00,,,,,,False,False,False,Fail,Pass,Pass,Pass,Fail,Pass,,,,,,,,,False,3,1707,1,"tagged, lang, "
https://www.pa.gov/content/dam/copapwp-pagov/en/penndot/documents/public/dvspubsforms/bmv/bmv-forms/mv-371dv.pdf,mv-371dv.pdf,pa.gov,,,—,analysed,2026-03-16T16:41:14.702463+00:00,2025-03-31 19:24:56+00:00,,,,,,False,False,False,Fail,Pass,Pass,Pass,Fail,Pass,,,,,,,,,False,2,1195,0,"tagged, lang, "
https://www.pa.gov/content/dam/copapwp-pagov/en/dli/documents/individuals/disability-services/odhh/documents/odhh-12esp.pdf,odhh-12esp.pdf,pa.gov,,3484548,3.3 MB,analysed,2026-03-16T16:41:14.709284+00:00,2022-10-20 12:12:57+00:00,,,,,,False,False,False,Pass,Pass,Pass,Fail,Pass,Pass,,,,,,,,,False,16,4083,45,"title, "
https://www.pa.gov/content/dam/copapwp-pagov/en/penndot/documents/public/pubsforms/forms/os-105.pdf,os-105.pdf,pa.gov,,,—,analysed,2026-03-16T16:41:14.710844+00:00,2025-02-21 21:08:22+00:00,,,,,,False,False,False,Pass,Pass,Pass,Fail,Pass,Pass,,,,,,,,,False,2,840,6,"title, "
https://www.pa.gov/content/dam/copapwp-pagov/en/penndot/documents/public/pubsforms/forms/os-12.pdf,os-12.pdf,pa.gov,,,—,analysed,2026-03-16T16:41:14.712297+00:00,2025-10-21 20:31:00+00:00,,,,,,False,False,False,Fail,Pass,Pass,Pass,Fail,Pass,,,,,,,,,False,3,818,0,"tagged, lang, "
https://www.pa.gov/content/dam/copapwp-pagov/en/dli/documents/individuals/disability-services/documents/ovr-808.pdf,ovr-808.pdf,pa.gov,,,—,analysed,2026-03-16T16:41:14.713532+00:00,2007-05-04 18:46:44+00:00,,,,,,False,False,False,Fail,Pass,Pass,Fail,Fail,Pass,,,,,,,,,True,6,1531,1,"title, tagged, lang, "
https://www.pa.gov/content/dam/copapwp-pagov/en/dli/documents/individuals/disability-services/odhh/odhh-resources/documents/pa%20demographics%20how%20many%20pennsylvanians%20are%20deaf%20or%20hard%20of%20hearing.pdf,pa%20demographics%20how%20many%20pennsylvanians%20are%20deaf%20or%20hard%20of%20hearing.pdf,pa.gov,,105505,103.0 KB,analysed,2026-03-16T16:41:14.714811+00:00,2015-04-30 14:54:13-04:00,,,,,,False,False,False,Pass,Pass,Pass,Fail,Pass,Pass,,,,,,,,,True,1,416,1,"title, "
https://www.pa.gov/content/dam/copapwp-pagov/en/dhs/documents/services/assistance/documents/benefits-applications/pa-600-l.pdf,pa-600-l.pdf,pa.gov,,,—,analysed,2026-03-16T16:41:14.717009+00:00,2020-05-11 13:59:04+00:00,,,,,,False,False,False,Fail,Pass,Pass,Fail,Pass,Pass,,,,,,,,,False,12,6965,4,"title, tagged, "
https://www.pa.gov/content/dam/copapwp-pagov/en/revenue/documents/getassistance/idtheftprotectionandvictimassistance/documents/pa_email_phishing_poster.pdf,pa_email_phishing_poster.pdf,pa.gov,,,—,analysed,2026-03-16T16:41:14.718591+00:00,2017-04-07 14:20:14+00:00,,,,,,False,False,False,Fail,Pass,Pass,Fail,Fail,Pass,,,,,,,,,True,1,297,1,"title, tagged, lang, "
https://www.pa.gov/content/dam/copapwp-pagov/en/pema/documents/private-sector-integration/pabeoc-membership-agreement.pdf,pabeoc-membership-agreement.pdf,pa.gov,,,—,analysed,2026-03-16T16:41:14.719852+00:00,2019-12-10 16:52:03+00:00,,,,,,False,False,False,Pass,Pass,Pass,Fail,Pass,Pass,,,,,,,,,False,2,799,0,"title, "
https://www.pa.gov/content/dam/copapwp-pagov/en/dli/documents/uc/pat-questions.pdf,pat-questions.pdf,pa.gov,,,—,analysed,2026-03-16T16:41:14.721106+00:00,2023-03-15 17:27:21+00:00,,,,,,False,False,False,Pass,Pass,Pass,Fail,Pass,Pass,,,,,,,,,False,2,894,0,"title, "
https://www.pa.gov/content/dam/copapwp-pagov/en/pema/documents/response/mission-request/pema-request-form-addendum-equipment-transportation-supplement.pdf,pema-request-form-addendum-equipment-transportation-supplement.pdf,pa.gov,,,—,analysed,2026-03-16T16:41:14.722284+00:00,2019-04-15 14:14:58+00:00,,,,,,False,False,False,Pass,Pass,Pass,Fail,Pass,Pass,,,,,,,,,False,1,224,0,"title, "
https://www.pa.gov/content/dam/copapwp-pagov/en/pema/documents/response/mission-request/pema-request-form-addendum-es13-law-enforcement.pdf,pema-request-form-addendum-es13-law-enforcement.pdf,pa.gov,,,—,analysed,2026-03-16T16:41:14.723571+00:00,2022-11-10 18:13:30+00:00,,,,,,False,False,False,Pass,Pass,Pass,Fail,Pass,Pass,,,,,,,,,False,2,468,0,"title, "
https://www.pa.gov/content/dam/copapwp-pagov/en/pema/documents/response/mission-request/pema-request-form-addendum-generators.pdf,pema-request-form-addendum-generators.pdf,pa.gov,,,—,analysed,2026-03-16T16:41:14.725171+00:00,2022-11-10 15:45:54+00:00,,,,,,False,False,False,Pass,Pass,Pass,Fail,Pass,Pass,,,,,,,,,False,1,293,0,"title, "
https://www.pa.gov/content/dam/copapwp-pagov/en/pema/documents/response/mission-request/pema-request-form-addendum-penndot-salt.pdf,pema-request-form-addendum-penndot-salt.pdf,pa.gov,,,—,analysed,2026-03-16T16:41:14.727477+00:00,2022-11-02 16:45:19+00:00,,,,,,False,False,False,Pass,Pass,Pass,Fail,Pass,Pass,,,,,,,,,False,2,538,1,"title, "
https://www.pa.gov/content/dam/copapwp-pagov/en/pema/documents/response/mission-request/pema-request-form-addendum-state-managed-sheltering.pdf,pema-request-form-addendum-state-managed-sheltering.pdf,pa.gov,,,—,analysed,2026-03-16T16:41:14.729317+00:00,2022-11-23 17:34:54+00:00,,,,,,False,False,False,Pass,Pass,Pass,Fail,Pass,Pass,,,,,,,,,False,6,1649,0,"title, "
https://www.pa.gov/content/dam/copapwp-pagov/en/pema/documents/response/mission-request/pema-request-form-addendum-water.pdf,pema-request-form-addendum-water.pdf,pa.gov,,,—,analysed,2026-03-16T16:41:14.730829+00:00,2022-11-09 17:00:22+00:00,,,,,,False,False,False,Pass,Pass,Pass,Fail,Pass,Pass,,,,,,,,,False,1,275,0,"title, "
https://www.pa.gov/content/dam/copapwp-pagov/en/phrc/images/other/2023/philadelphia%20bench-bar%20cle%20flyer%20update.pdf,philadelphia%20bench-bar%20cle%20flyer%20update.pdf,pa.gov,,,—,analysed,2026-03-16T16:41:14.733971+00:00,2023-08-30 18:36:52+00:00,,,,,,True,False,False,Pass,Pass,Pass,Pass,Pass,Pass,,,,,,,,,False,1,103,8,
https://www.pa.gov/content/dam/copapwp-pagov/en/phrc/images/no-hate-in-our-state/2025/philadelphia%20nhios%20town%20hall%20flyer%20(2).pdf,philadelphia%20nhios%20town%20hall%20flyer%20(2).pdf,pa.gov,,,—,analysed,2026-03-16T16:41:14.739207+00:00,2025-12-08 14:40:19+00:00,,,,,,False,False,False,Pass,Pass,Pass,Fail,Pass,Pass,,,,,,,,,False,1,149,14,"title, "
https://www.pa.gov/content/dam/copapwp-pagov/en/revenue/documents/onlineservices/personalincometaxe-services/efile/documents/pit_mef_software_vendors.pdf,pit_mef_software_vendors.pdf,pa.gov,,,—,analysed,2026-03-16T16:41:14.740735+00:00,2026-01-29 13:27:06+00:00,,,,,,False,False,False,Fail,Pass,Pass,Pass,Fail,Pass,,,,,,,,,False,4,1591,0,"tagged, lang, "
https://www.pa.gov/content/dam/copapwp-pagov/en/pema/documents/private-sector-integration/private-sector-integration-fact-sheet.pdf,private-sector-integration-fact-sheet.pdf,pa.gov,,364551,356.0 KB,analysed,2026-03-16T16:41:14.742531+00:00,2019-12-10 18:01:32+00:00,,,,,,False,False,False,Pass,Pass,Pass,Fail,Pass,Pass,,,,,,,,,False,2,417,3,"title, "
https://www.pa.gov/content/dam/copapwp-pagov/en/dgs/documents/insurance/line-of-duty-death-benefits/documents/processing%20an%20act%20101%20and%20act%2051%20claim.pdf,processing%20an%20act%20101%20and%20act%2051%20claim.pdf,pa.gov,,,—,analysed,2026-03-16T16:41:14.744210+00:00,2020-03-10 18:59:34+00:00,,,,,,False,False,False,Pass,Pass,Pass,Fail,Pass,Pass,,,,,,,,,False,1,313,0,"title, "
https://www.pa.gov/content/dam/copapwp-pagov/en/psp/documents/employment/psp%20cadet%20and%20leot%20written%20examination%20prep%20guide.pdf,psp%20cadet%20and%20leot%20written%20examination%20prep%20guide.pdf,pa.gov,,1563420,1.5 MB,analysed,2026-03-16T16:41:14.748558+00:00,2025-07-03 13:33:19+00:00,,,,,,False,False,False,Pass,Pass,Pass,Fail,Pass,Pass,,,,,,,,,False,41,13504,15,"title, "
https://www.pa.gov/content/dam/copapwp-pagov/en/psp/documents/eio/psp_form_3-394%20.pdf,psp_form_3-394%20.pdf,pa.gov,,870968,850.6 KB,analysed,2026-03-16T16:41:14.751777+00:00,2024-12-27 15:39:15+00:00,,,,,,True,False,False,Pass,Pass,Pass,Pass,Pass,Pass,,,,,,,,,False,2,207,1,
https://www.pa.gov/content/dam/copapwp-pagov/en/psp/documents/safety/psp_most_wanted_current.pdf,psp_most_wanted_current.pdf,pa.gov,,631376,616.6 KB,analysed,2026-07-10T13:49:33.786700+00:00,2026-06-23 16:38:21+00:00,psp_most_wanted_current,,,,,False,False,False,Fail,Pass,Pass,Fail,Fail,Pass,Fail,NotApplicable,NotApplicable,NotApplicable,NotApplicable,NotApplicable,NotApplicable,NotApplicable,False,1,333,10,"title, tagged, lang, "
https://www.pa.gov/content/dam/copapwp-pagov/en/revenue/documents/getassistance/legislativeaffairs/documents/ptrr_proof_doc_checklist.pdf,ptrr_proof_doc_checklist.pdf,pa.gov,,,—,analysed,2026-03-16T16:41:14.758909+00:00,2026-01-21 14:33:48+00:00,,,,,,True,False,False,Pass,Pass,Pass,Pass,Pass,Pass,,,,,,,,,False,3,1484,4,
https://www.pa.gov/content/dam/copapwp-pagov/en/revenue/documents/getassistance/legislativeaffairs/documents/ptrr_proof_doc_checklist_span.pdf,ptrr_proof_doc_checklist_span.pdf,pa.gov,,,—,analysed,2026-03-16T16:41:14.760803+00:00,2026-01-21 14:35:35+00:00,,,,,,True,False,False,Pass,Pass,Pass,Pass,Pass,Pass,,,,,,,,,False,3,1635,4,
https://www.pa.gov/content/dam/copapwp-pagov/en/revenue/documents/getassistance/legislativeaffairs/documents/ptrr_quick_tips.pdf,ptrr_quick_tips.pdf,pa.gov,,,—,analysed,2026-03-16T16:41:14.762604+00:00,2026-01-08 20:08:21+00:00,,,,,,True,False,False,Pass,Pass,Pass,Pass,Pass,Pass,,,,,,,,,False,2,1392,2,
https://www.pa.gov/content/dam/copapwp-pagov/en/revenue/documents/getassistance/legislativeaffairs/documents/ptrr_training.pdf,ptrr_training.pdf,pa.gov,,,—,analysed,2026-03-16T16:41:14.773140+00:00,2025-02-24 13:41:09+00:00,,,,,,False,False,False,Fail,Pass,Pass,Pass,Fail,Fail,,,,,,,,,False,50,2382,264,"tagged, lang, no bookmarks and more than 20 pages, "
https://www.pa.gov/content/dam/copapwp-pagov/en/penndot/documents/public/pubsforms/publications/pub%20370g.pdf,pub%20370g.pdf,pa.gov,,,—,analysed,2026-03-16T16:41:14.774809+00:00,2023-05-04 18:22:37+00:00,,,,,,False,False,False,Fail,Pass,Pass,Fail,Fail,Pass,,,,,,,,,False,2,453,5,"title, tagged, lang, "
https://www.pa.gov/content/dam/copapwp-pagov/en/penndot/documents/public/pubsforms/publications/pub%20628.pdf,pub%20628.pdf,pa.gov,,,—,analysed,2026-03-16T16:41:14.784159+00:00,2025-10-15 14:52:32+00:00,,,,,,False,False,False,Fail,Pass,Pass,Pass,Fail,Fail,,,,,,,,,False,32,7863,3,"tagged, lang, no bookmarks and more than 20 pages, "
https://www.pa.gov/content/dam/copapwp-pagov/en/penndot/documents/public/pubsforms/publications/pub%20650.pdf,pub%20650.pdf,pa.gov,,,—,analysed,2026-03-16T16:41:14.791431+00:00,2022-10-26 18:19:00+00:00,,,,,,False,False,False,Fail,Pass,Pass,Fail,Fail,Pass,,,,,,,,,False,2,772,8,"title, tagged, lang, "
https://www.pa.gov/content/dam/copapwp-pagov/en/penndot/documents/travelinpa/winter/documents/pub%20650_10-22_web.pdf,pub%20650_10-22_web.pdf,pa.gov,,,—,analysed,2026-03-16T16:41:14.798630+00:00,2022-10-21 13:26:46+00:00,,,,,,False,False,False,Fail,Pass,Pass,Fail,Fail,Pass,,,,,,,,,False,2,772,8,"title, tagged, lang, "
https://www.pa.gov/content/dam/copapwp-pagov/en/penndot/documents/public/dvspubsforms/bdl/bdl-publications/pub%20753.pdf,pub%20753.pdf,pa.gov,,36174,35.3 KB,analysed,2026-03-16T16:41:14.800044+00:00,2015-10-06 20:17:21+00:00,,,,,,False,False,False,Fail,Pass,Pass,Fail,Fail,Pass,,,,,,,,,True,1,321,1,"title, tagged, lang, "
https://www.pa.gov/content/dam/copapwp-pagov/en/dgs/documents/insurance/line-of-duty-death-benefits/documents/report%20of%20death%20form.pdf,report%20of%20death%20form.pdf,pa.gov,,,—,analysed,2026-03-16T16:41:14.801468+00:00,2015-06-15 14:54:15+00:00,,,,,,False,False,False,Fail,Pass,Pass,Fail,Fail,Pass,,,,,,,,,False,2,559,0,"title, tagged, lang, "
https://www.pa.gov/content/dam/copapwp-pagov/en/revenue/documents/formsandpublications/otherforms/documents/rev-181.pdf,rev-181.pdf,pa.gov,,,—,analysed,2026-03-16T16:41:14.804075+00:00,2025-08-05 18:26:27+00:00,,,,,,False,False,False,Fail,Pass,Pass,Pass,Fail,Pass,,,,,,,,,False,4,1769,0,"tagged, lang, "
https://www.pa.gov/content/dam/copapwp-pagov/en/revenue/documents/formsandpublications/formsforbusinesses/sut/documents/rev-227.pdf,rev-227.pdf,pa.gov,,,—,analysed,2026-03-16T16:41:14.805361+00:00,2025-10-09 14:18:28+00:00,,,,,,True,False,False,Pass,Pass,Pass,Pass,Pass,Pass,,,,,,,,,False,2,735,0,
https://www.pa.gov/content/dam/copapwp-pagov/en/revenue/documents/formsandpublications/otherforms/documents/rev-467.pdf,rev-467.pdf,pa.gov,,,—,analysed,2026-03-16T16:41:14.807590+00:00,2025-08-05 14:22:48+00:00,,,,,,True,False,False,Pass,Pass,Pass,Pass,Pass,Pass,,,,,,,,,False,3,1413,0,
https://www.pa.gov/content/dam/copapwp-pagov/en/revenue/documents/formsandpublications/formsforbusinesses/sut/documents/rev-717.pdf,rev-717.pdf,pa.gov,,,—,analysed,2026-03-16T16:41:14.814712+00:00,2026-03-09 14:08:39+00:00,,,,,,False,False,False,Pass,Pass,Pass,Pass,Pass,Fail,,,,,,,,,False,26,16493,1,"no bookmarks and more than 20 pages, "
https://www.pa.gov/content/dam/copapwp-pagov/en/revenue/documents/formsandpublications/formsforbusinesses/sut/documents/rev-935.pdf,rev-935.pdf,pa.gov,,,—,analysed,2026-03-16T16:41:14.816407+00:00,2023-03-13 13:56:40+00:00,,,,,,False,False,False,Pass,Pass,Pass,Fail,Pass,Pass,,,,,,,,,False,2,1074,0,"title, "
https://www.pa.gov/content/dam/copapwp-pagov/en/penndot/documents/public/dvspubsforms/orm_forms/orm_forms/rmo-1dl.pdf,rmo-1dl.pdf,pa.gov,,,—,analysed,2026-03-16T16:41:14.817828+00:00,2012-08-29 14:51:17+00:00,,,,,,False,False,False,Fail,Pass,Pass,Fail,Fail,Pass,,,,,,,,,False,2,389,1,"title, tagged, lang, "
https://www.pa.gov/content/dam/copapwp-pagov/en/penndot/documents/public/dvspubsforms/orm_forms/orm_forms/rmo-1vr.pdf,rmo-1vr.pdf,pa.gov,,,—,analysed,2026-03-16T16:41:14.819131+00:00,2012-10-11 14:57:18+00:00,,,,,,False,False,False,Fail,Pass,Pass,Fail,Fail,Pass,,,,,,,,,False,1,169,1,"title, tagged, lang, "
https://www.pa.gov/content/dam/copapwp-pagov/en/phrc/images/no-hate-in-our-state/2026/roxborough%20nhios%20town%20hall%20flyer%20(1).pdf,roxborough%20nhios%20town%20hall%20flyer%20(1).pdf,pa.gov,,,—,analysed,2026-03-16T16:41:14.829303+00:00,2026-02-02 19:31:31+00:00,,,,,,False,False,False,Pass,Pass,Pass,Fail,Pass,Pass,,,,,,,,,False,1,151,13,"title, "
https://www.pa.gov/content/dam/copapwp-pagov/en/psp/documents/rvat/rvat_commissioners_report_2025.pdf,rvat_commissioners_report_2025.pdf,pa.gov,,665808,650.2 KB,analysed,2026-03-16T16:41:14.831689+00:00,2025-07-15 15:04:07+00:00,,,,,,True,False,False,Pass,Pass,Pass,Pass,Pass,Pass,,,,,,,,,False,3,680,5,
https://www.pa.gov/content/dam/copapwp-pagov/en/phrc/phrc-outreach/english/social%20justice%20community%20involvement.pdf,social%20justice%20community%20involvement.pdf,pa.gov,,1006651,983.1 KB,analysed,2026-03-16T16:41:14.834536+00:00,2025-12-23 18:04:34+00:00,,,,,,False,False,False,Pass,Pass,Pass,Fail,Pass,Pass,,,,,,,,,False,2,546,18,"title, "
https://www.pa.gov/content/dam/copapwp-pagov/en/revenue/documents/taxlawpoliciesbulletinsnotices/taxbulletins/sut/documents/st_bulletin_2019-01.pdf,st_bulletin_2019-01.pdf,pa.gov,,,—,analysed,2026-03-16T16:41:14.835993+00:00,2020-09-29 17:32:02+00:00,,,,,,False,False,False,Pass,Pass,Pass,Fail,Pass,Pass,,,,,,,,,False,3,1061,1,"title, "
https://www.pa.gov/content/dam/copapwp-pagov/en/revenue/documents/taxlawpoliciesbulletinsnotices/taxbulletins/sut/documents/st_bulletin_2019-02.pdf,st_bulletin_2019-02.pdf,pa.gov,,,—,analysed,2026-03-16T16:41:14.838059+00:00,2019-11-27 15:49:30+00:00,,,,,,False,False,False,Pass,Pass,Pass,Fail,Pass,Pass,,,,,,,,,False,4,1458,4,"title, "
https://www.pa.gov/content/dam/copapwp-pagov/en/dli/documents/individuals/disability-services/documents/staff-highlights/staff-highlight-stacie-andrews.pdf,staff-highlight-stacie-andrews.pdf,pa.gov,,189970,185.5 KB,analysed,2026-03-16T16:41:14.839527+00:00,2024-10-31 13:03:02+00:00,,,,,,True,False,False,Pass,Pass,Pass,Pass,Pass,Pass,,,,,,,,,False,1,452,1,
https://www.pa.gov/content/dam/copapwp-pagov/en/governor/documents/state%20employee%20recognition%20day%202024%20pdf.pdf,state%20employee%20recognition%20day%202024%20pdf.pdf,pa.gov,,836914,817.3 KB,analysed,2026-03-16T16:41:14.842009+00:00,2024-04-11 18:13:29+00:00,,,,,,False,False,False,Pass,Pass,Pass,Fail,Pass,Pass,,,,,,,,,False,1,0,66,"title, "
https://www.pa.gov/content/dam/copapwp-pagov/en/psp/documents/contact-us/std-486c-discrimination-complaint-form.pdf,std-486c-discrimination-complaint-form.pdf,pa.gov,,69573,67.9 KB,analysed,2026-03-16T16:41:14.843310+00:00,2012-11-07 20:05:14+00:00,,,,,,False,False,False,Pass,Pass,Pass,Fail,Fail,Pass,,,,,,,,,False,2,153,0,"title, lang, "
https://www.pa.gov/content/dam/copapwp-pagov/en/penndot/documents/travelinpa/winter/documents/storm%20tactic%20fact%20sheet.pdf,storm%20tactic%20fact%20sheet.pdf,pa.gov,,,—,analysed,2026-03-16T16:41:14.844787+00:00,2015-01-29 18:21:35+00:00,,,,,,False,False,False,Pass,Pass,Pass,Fail,Fail,Pass,,,,,,,,,True,1,644,1,"title, lang, "
https://www.pa.gov/content/dam/copapwp-pagov/en/dli/documents/uc/uc-forms/uc-181.pdf,uc-181.pdf,pa.gov,,,—,analysed,2026-03-16T16:41:14.846318+00:00,2021-05-26 13:26:57+00:00,,,,,,False,False,False,Pass,Pass,Pass,Fail,Pass,Pass,,,,,,,,,False,1,214,0,"title, "
https://www.pa.gov/content/dam/copapwp-pagov/en/dli/documents/uc/ucts/uc-2010%20(13).pdf,uc-2010%20(13).pdf,pa.gov,,,—,analysed,2026-03-16T16:41:14.848529+00:00,2024-09-27 17:52:00+00:00,,,,,,False,False,False,Pass,Pass,Pass,Fail,Pass,Fail,,,,,,,,,False,41,10811,0,"title, no bookmarks and more than 20 pages, "
https://www.pa.gov/content/dam/copapwp-pagov/en/dli/documents/uc/uc-forms/uc-229-ara.pdf,uc-229-ara.pdf,pa.gov,,,—,analysed,2026-03-16T16:41:14.857679+00:00,2023-08-29 12:17:40+00:00,,,,,,False,False,False,Pass,Pass,Pass,Fail,Pass,Pass,,,,,,,,,False,1,33,4,"title, "
https://www.pa.gov/content/dam/copapwp-pagov/en/dli/documents/uc/uc-forms/uc-229-khm.pdf,uc-229-khm.pdf,pa.gov,,,—,analysed,2026-03-16T16:41:14.867704+00:00,2023-08-29 12:16:46+00:00,,,,,,False,False,False,Pass,Pass,Pass,Fail,Pass,Pass,,,,,,,,,False,1,33,5,"title, "
https://www.pa.gov/content/dam/copapwp-pagov/en/dli/documents/uc/uc-forms/uc-23.pdf,uc-23.pdf,pa.gov,,,—,analysed,2026-03-16T16:41:14.871494+00:00,2015-10-02 18:09:31+00:00,,,,,,False,False,False,Pass,Pass,Pass,Fail,Fail,Pass,,,,,,,,,True,1,578,0,"title, lang, "
https://www.pa.gov/content/dam/copapwp-pagov/en/dli/documents/uc/uc-forms/uc-304(esp).pdf,uc-304(esp).pdf,pa.gov,,,—,analysed,2026-03-16T16:41:14.875003+00:00,2022-10-18 17:47:11+00:00,,,,,,True,False,False,Pass,Pass,Pass,Pass,Pass,Pass,,,,,,,,,False,1,397,0,
https://www.pa.gov/content/dam/copapwp-pagov/en/dli/documents/uc/uc-forms/uc-310%20rev%2011-15.pdf,uc-310%20rev%2011-15.pdf,pa.gov,,,—,analysed,2026-03-16T16:41:14.878323+00:00,2015-11-04 18:07:48+00:00,,,,,,False,False,False,Pass,Pass,Pass,Fail,Fail,Pass,,,,,,,,,True,2,3419,0,"title, lang, "
https://www.pa.gov/content/dam/copapwp-pagov/en/dli/documents/uc/uc-forms/uc-318.pdf,uc-318.pdf,pa.gov,,,—,analysed,2026-03-16T16:41:14.881428+00:00,2024-05-31 18:33:28+00:00,,,,,,True,False,False,Pass,Pass,Pass,Pass,Pass,Pass,,,,,,,,,False,1,426,0,
https://www.pa.gov/content/dam/copapwp-pagov/en/dli/documents/uc/employer/uc-tax-rates/uc-748%20rev%2008-18.pdf,uc-748%20rev%2008-18.pdf,pa.gov,,,—,analysed,2026-03-16T16:41:14.885186+00:00,2018-08-28 13:45:06+00:00,,,,,,False,False,False,Pass,Pass,Pass,Fail,Pass,Pass,,,,,,,,,True,2,1287,0,"title, "
https://www.pa.gov/content/dam/copapwp-pagov/en/dli/documents/uc/employer/uc-tax-rates/uc-748%20rev%2008-20.pdf,uc-748%20rev%2008-20.pdf,pa.gov,,,—,analysed,2026-03-16T16:41:14.888231+00:00,2020-08-17 18:48:37+00:00,,,,,,False,False,False,Pass,Pass,Pass,Fail,Pass,Pass,,,,,,,,,False,2,1287,0,"title, "
https://www.pa.gov/content/dam/copapwp-pagov/en/dli/documents/uc/employer/uc-tax-rates/uc-748%20rev%2009-25.pdf,uc-748%20rev%2009-25.pdf,pa.gov,,,—,analysed,2026-03-16T16:41:14.890979+00:00,2025-09-17 17:25:03+00:00,,,,,,False,False,False,Pass,Pass,Pass,Fail,Pass,Pass,,,,,,,,,False,2,1303,0,"title, "
https://www.pa.gov/content/dam/copapwp-pagov/en/dli/documents/uc/employer/uc-tax-rates/uc-748%20rev%2010-24.pdf,uc-748%20rev%2010-24.pdf,pa.gov,,,—,analysed,2026-03-16T16:41:14.893602+00:00,2024-10-07 16:07:40+00:00,,,,,,False,False,False,Pass,Pass,Pass,Fail,Pass,Pass,,,,,,,,,False,2,1303,0,"title, "
https://www.pa.gov/content/dam/copapwp-pagov/en/dli/documents/uc/employer/uc-tax-rates/uc-748%20rev%2011-19.pdf,uc-748%20rev%2011-19.pdf,pa.gov,,,—,analysed,2026-03-16T16:41:14.895930+00:00,2019-11-08 18:23:25+00:00,,,,,,False,False,False,Pass,Pass,Pass,Fail,Pass,Pass,,,,,,,,,False,2,1287,0,"title, "
https://www.pa.gov/content/dam/copapwp-pagov/en/dli/documents/uc/employer/uc-tax-rates/uc-748%20rev%209-17.pdf,uc-748%20rev%209-17.pdf,pa.gov,,,—,analysed,2026-03-16T16:41:14.898050+00:00,2017-12-14 20:56:40+00:00,,,,,,False,False,False,Pass,Pass,Pass,Fail,Pass,Pass,,,,,,,,,True,2,1287,0,"title, "
https://www.pa.gov/content/dam/copapwp-pagov/en/dli/documents/uc/employer/uc-tax-rates/uc-748-rev-08-21.pdf,uc-748-rev-08-21.pdf,pa.gov,,,—,analysed,2026-03-16T16:41:14.899968+00:00,2021-09-07 19:38:25+00:00,,,,,,False,False,False,Pass,Pass,Pass,Fail,Pass,Pass,,,,,,,,,False,2,1287,0,"title, "
https://www.pa.gov/content/dam/copapwp-pagov/en/dli/documents/uc/employer/uc-tax-rates/uc-748-rev-11-22.pdf,uc-748-rev-11-22.pdf,pa.gov,,,—,analysed,2026-03-16T16:41:14.901974+00:00,2022-11-21 18:24:51+00:00,,,,,,False,False,False,Pass,Pass,Pass,Fail,Pass,Pass,,,,,,,,,False,2,1303,0,"title, "
https://www.pa.gov/content/dam/copapwp-pagov/en/dli/documents/uc/employer/uc-tax-rates/uc-748-rev-11-23.pdf,uc-748-rev-11-23.pdf,pa.gov,,,—,analysed,2026-03-16T16:41:14.903810+00:00,2023-10-27 12:40:52+00:00,,,,,,False,False,False,Pass,Pass,Pass,Fail,Pass,Pass,,,,,,,,,False,2,1303,0,"title, "
https://www.pa.gov/content/dam/copapwp-pagov/en/dli/documents/uc/employer/uc-tax-rates/uc-749%20rev%2008-18.pdf,uc-749%20rev%2008-18.pdf,pa.gov,,,—,analysed,2026-03-16T16:41:14.905356+00:00,2018-08-28 13:45:26+00:00,,,,,,False,False,False,Pass,Pass,Pass,Fail,Pass,Pass,,,,,,,,,True,2,3754,0,"title, "
https://www.pa.gov/content/dam/copapwp-pagov/en/dli/documents/uc/employer/uc-tax-rates/uc-749%20rev%2009-20.pdf,uc-749%20rev%2009-20.pdf,pa.gov,,,—,analysed,2026-03-16T16:41:14.906884+00:00,2020-09-04 14:51:43+00:00,,,,,,False,False,False,Pass,Pass,Pass,Fail,Pass,Pass,,,,,,,,,False,2,4523,0,"title, "
https://www.pa.gov/content/dam/copapwp-pagov/en/dli/documents/uc/employer/uc-tax-rates/uc-749%20rev%2009-25.pdf,uc-749%20rev%2009-25.pdf,pa.gov,,,—,analysed,2026-03-16T16:41:14.908421+00:00,2025-09-22 12:24:15+00:00,,,,,,False,False,False,Pass,Pass,Pass,Fail,Pass,Pass,,,,,,,,,False,2,1206,0,"title, "
https://www.pa.gov/content/dam/copapwp-pagov/en/dli/documents/uc/employer/uc-tax-rates/uc-749%20rev%2010-24.pdf,uc-749%20rev%2010-24.pdf,pa.gov,,,—,analysed,2026-03-16T16:41:14.909916+00:00,2024-10-08 16:13:15+00:00,,,,,,False,False,False,Pass,Pass,Pass,Fail,Pass,Pass,,,,,,,,,False,2,1205,0,"title, "
https://www.pa.gov/content/dam/copapwp-pagov/en/dli/documents/uc/employer/uc-tax-rates/uc-749%20rev%2012-19.pdf,uc-749%20rev%2012-19.pdf,pa.gov,,,—,analysed,2026-03-16T16:41:14.911298+00:00,2019-12-12 14:40:04+00:00,,,,,,False,False,False,Pass,Pass,Pass,Fail,Pass,Pass,,,,,,,,,False,2,1231,0,"title, "
https://www.pa.gov/content/dam/copapwp-pagov/en/dli/documents/uc/employer/uc-tax-rates/uc-749%20rev%209-17.pdf,uc-749%20rev%209-17.pdf,pa.gov,,,—,analysed,2026-03-16T16:41:14.912617+00:00,2017-12-14 21:03:38+00:00,,,,,,False,False,False,Pass,Fail,Pass,Fail,Fail,Pass,,,,,,,,,True,2,0,2,"title, lang, "
https://www.pa.gov/content/dam/copapwp-pagov/en/dli/documents/uc/employer/uc-tax-rates/uc-749-rev-08-21.pdf,uc-749-rev-08-21.pdf,pa.gov,,,—,analysed,2026-03-16T16:41:14.913963+00:00,2021-09-07 19:42:23+00:00,,,,,,False,False,False,Pass,Pass,Pass,Fail,Pass,Pass,,,,,,,,,False,2,3744,0,"title, "
https://www.pa.gov/content/dam/copapwp-pagov/en/dli/documents/uc/employer/uc-tax-rates/uc-749-rev-10-23.pdf,uc-749-rev-10-23.pdf,pa.gov,,,—,analysed,2026-03-16T16:41:14.915379+00:00,2023-10-25 17:02:39+00:00,,,,,,False,False,False,Pass,Pass,Pass,Fail,Pass,Pass,,,,,,,,,False,2,1222,0,"title, "
https://www.pa.gov/content/dam/copapwp-pagov/en/dli/documents/uc/employer/uc-tax-rates/uc-749-rev-11-22.pdf,uc-749-rev-11-22.pdf,pa.gov,,,—,analysed,2026-03-16T16:41:14.916770+00:00,2022-11-29 12:23:47+00:00,,,,,,False,False,False,Pass,Pass,Pass,Fail,Pass,Pass,,,,,,,,,False,2,1231,0,"title, "
https://www.pa.gov/content/dam/copapwp-pagov/en/dli/documents/uc/uc-forms/uc-810(i).pdf,uc-810(i).pdf,pa.gov,,,—,analysed,2026-03-16T16:41:14.918376+00:00,2015-06-02 18:45:47+00:00,,,,,,False,False,False,Pass,Pass,Pass,Fail,Fail,Pass,,,,,,,,,True,2,407,1,"title, lang, "
https://www.pa.gov/content/dam/copapwp-pagov/en/dli/documents/uc/employer/uc-tax-rates/uc-820%20rev%2008-18.pdf,uc-820%20rev%2008-18.pdf,pa.gov,,,—,analysed,2026-03-16T16:41:14.919620+00:00,2018-08-28 13:45:43+00:00,,,,,,False,False,False,Pass,Pass,Pass,Fail,Pass,Pass,,,,,,,,,True,1,626,0,"title, "
https://www.pa.gov/content/dam/copapwp-pagov/en/dli/documents/uc/employer/uc-tax-rates/uc-820%20rev%2009-20.pdf,uc-820%20rev%2009-20.pdf,pa.gov,,,—,analysed,2026-03-16T16:41:14.920925+00:00,2020-08-28 14:15:43+00:00,,,,,,False,False,False,Pass,Pass,Pass,Fail,Pass,Pass,,,,,,,,,False,1,615,0,"title, "
https://www.pa.gov/content/dam/copapwp-pagov/en/dli/documents/uc/employer/uc-tax-rates/uc-820%20rev%2009-25.pdf,uc-820%20rev%2009-25.pdf,pa.gov,,,—,analysed,2026-03-16T16:41:14.922201+00:00,2025-09-22 12:37:05+00:00,,,,,,False,False,False,Pass,Pass,Pass,Fail,Pass,Pass,,,,,,,,,False,1,615,0,"title, "
https://www.pa.gov/content/dam/copapwp-pagov/en/dli/documents/uc/employer/uc-tax-rates/uc-820%20rev%2010-24.pdf,uc-820%20rev%2010-24.pdf,pa.gov,,,—,analysed,2026-03-16T16:41:14.923461+00:00,2024-10-07 19:28:22+00:00,,,,,,False,False,False,Pass,Pass,Pass,Fail,Pass,Pass,,,,,,,,,False,1,617,0,"title, "
https://www.pa.gov/content/dam/copapwp-pagov/en/dli/documents/uc/employer/uc-tax-rates/uc-820%20rev%2011-19.pdf,uc-820%20rev%2011-19.pdf,pa.gov,,,—,analysed,2026-03-16T16:41:14.924758+00:00,2019-11-08 16:10:42+00:00,,,,,,False,False,False,Pass,Pass,Pass,Fail,Pass,Pass,,,,,,,,,False,1,615,0,"title, "
https://www.pa.gov/content/dam/copapwp-pagov/en/dli/documents/uc/employer/uc-tax-rates/uc-820%20rev%209-17.pdf,uc-820%20rev%209-17.pdf,pa.gov,,,—,analysed,2026-03-16T16:41:14.925969+00:00,2017-12-14 21:00:07+00:00,,,,,,False,False,False,Pass,Pass,Pass,Fail,Pass,Pass,,,,,,,,,True,1,626,0,"title, "
https://www.pa.gov/content/dam/copapwp-pagov/en/dli/documents/uc/employer/uc-tax-rates/uc-820-rev-08-21.pdf,uc-820-rev-08-21.pdf,pa.gov,,,—,analysed,2026-03-16T16:41:14.927285+00:00,2021-09-07 19:41:01+00:00,,,,,,False,False,False,Pass,Pass,Pass,Fail,Pass,Pass,,,,,,,,,False,1,615,0,"title, "
https://www.pa.gov/content/dam/copapwp-pagov/en/dli/documents/uc/employer/uc-tax-rates/uc-820-rev-10-23.pdf,uc-820-rev-10-23.pdf,pa.gov,,,—,analysed,2026-03-16T16:41:14.928638+00:00,2023-10-25 14:26:49+00:00,,,,,,False,False,False,Pass,Pass,Pass,Fail,Pass,Pass,,,,,,,,,False,1,615,0,"title, "
https://www.pa.gov/content/dam/copapwp-pagov/en/dli/documents/uc/employer/uc-tax-rates/uc-820-rev-11-22.pdf,uc-820-rev-11-22.pdf,pa.gov,,,—,analysed,2026-03-16T16:41:14.929934+00:00,2022-11-28 18:32:30+00:00,,,,,,False,False,False,Pass,Pass,Pass,Fail,Pass,Pass,,,,,,,,,False,1,615,0,"title, "
https://www.pa.gov/content/dam/copapwp-pagov/en/dli/documents/uc/uc-forms/uc-855.pdf,uc-855.pdf,pa.gov,,,—,analysed,2026-03-16T16:41:14.931154+00:00,2024-12-23 16:18:17+00:00,,,,,,True,False,False,Pass,Pass,Pass,Pass,Pass,Pass,,,,,,,,,False,1,219,0,
https://www.pa.gov/content/dam/copapwp-pagov/en/dli/documents/uc/uc-employer-quick-guide.pdf,uc-employer-quick-guide.pdf,pa.gov,,,—,analysed,2026-03-16T16:41:14.932444+00:00,2024-06-10 14:27:40+00:00,,,,,,True,False,False,Pass,Pass,Pass,Pass,Pass,Pass,,,,,,,,,False,2,607,16,
https://www.pa.gov/content/dam/copapwp-pagov/en/dli/documents/uc/ucms%20-%20how%20to%20register%20online%20tpa.pdf,ucms%20-%20how%20to%20register%20online%20tpa.pdf,pa.gov,,,—,analysed,2026-03-16T16:41:14.935361+00:00,2025-03-11 19:05:15+00:00,,,,,,False,False,False,Pass,Pass,Pass,Fail,Pass,Pass,,,,,,,,,False,16,651,23,"title, "
https://www.pa.gov/content/dam/copapwp-pagov/en/dli/documents/uc/ucms%20-%20how%20to%20register%20online%20user.pdf,ucms%20-%20how%20to%20register%20online%20user.pdf,pa.gov,,,—,error,2026-03-16T16:41:14.938161+00:00,,,,,,,,,,,,,,,,,,,,,,,,,,,,"File not found: crawled_files/pa.gov/ucms%20-%20how%20to%20register%20online%20user.pdf (crawled 0.2 day(s) ago at 2026-03-16T16:41:14.938161+00:00). Possible causes: failed download, incomplete artifact transfer, or stale manifest entry from a previous run."
https://www.pa.gov/content/dam/copapwp-pagov/en/dli/documents/uc/ucts/ucms%20how%20to%20file%20a%20quarterly%20report%20online%20(2).pdf,ucms%20how%20to%20file%20a%20quarterly%20report%20online%20(2).pdf,pa.gov,,,—,error,2026-03-16T16:41:14.940934+00:00,,,,,,,,,,,,,,,,,,,,,,,,,,,,"File not found: crawled_files/pa.gov/ucms%20how%20to%20file%20a%20quarterly%20report%20online%20(2).pdf (crawled 0.2 day(s) ago at 2026-03-16T16:41:14.940934+00:00). Possible causes: failed download, incomplete artifact transfer, or stale manifest entry from a previous run."
https://www.pa.gov/content/dam/copapwp-pagov/en/dli/documents/uc/ucts/ucms-associating-tpa-representative-for-employer-account.pdf,ucms-associating-tpa-representative-for-employer-account.pdf,pa.gov,,,—,error,2026-03-16T16:41:14.943436+00:00,,,,,,,,,,,,,,,,,,,,,,,,,,,,"File not found: crawled_files/pa.gov/ucms-associating-tpa-representative-for-employer-account.pdf (crawled 0.2 day(s) ago at 2026-03-16T16:41:14.943436+00:00). Possible causes: failed download, incomplete artifact transfer, or stale manifest entry from a previous run."
https://www.pa.gov/content/dam/copapwp-pagov/en/dli/documents/uc/ucp-forms/ucp-1083.pdf,ucp-1083.pdf,pa.gov,,,—,error,2026-03-16T16:41:14.944976+00:00,,,,,,,,,,,,,,,,,,,,,,,,,,,,"File not found: crawled_files/pa.gov/ucp-1083.pdf (crawled 0.2 day(s) ago at 2026-03-16T16:41:14.944976+00:00). Possible causes: failed download, incomplete artifact transfer, or stale manifest entry from a previous run."
https://www.pa.gov/content/dam/copapwp-pagov/en/dli/documents/uc/ucp-forms/ucp-35.pdf,ucp-35.pdf,pa.gov,,,—,error,2026-03-16T16:41:14.946273+00:00,,,,,,,,,,,,,,,,,,,,,,,,,,,,"File not found: crawled_files/pa.gov/ucp-35.pdf (crawled 0.2 day(s) ago at 2026-03-16T16:41:14.946273+00:00). Possible causes: failed download, incomplete artifact transfer, or stale manifest entry from a previous run."
https://www.pa.gov/content/dam/copapwp-pagov/en/revenue/documents/taxtypes/sut/usetax/documents/use_tax_pa40_instructions.pdf,use_tax_pa40_instructions.pdf,pa.gov,,,—,error,2026-03-16T16:41:14.947366+00:00,,,,,,,,,,,,,,,,,,,,,,,,,,,,"File not found: crawled_files/pa.gov/use_tax_pa40_instructions.pdf (crawled 0.2 day(s) ago at 2026-03-16T16:41:14.947366+00:00). Possible causes: failed download, incomplete artifact transfer, or stale manifest entry from a previous run."
https://www.pa.gov/content/dam/copapwp-pagov/en/phrc/images/no-hate-in-our-state/2026/virtual%20nhios%20town%20hall%20flyer.pdf,virtual%20nhios%20town%20hall%20flyer.pdf,pa.gov,,,—,error,2026-03-16T16:41:14.959393+00:00,,,,,,,,,,,,,,,,,,,,,,,,,,,,"File not found: crawled_files/pa.gov/virtual%20nhios%20town%20hall%20flyer.pdf (crawled 0.2 day(s) ago at 2026-03-16T16:41:14.959393+00:00). Possible causes: failed download, incomplete artifact transfer, or stale manifest entry from a previous run."
https://www.pa.gov/content/dam/copapwp-pagov/en/revenue/documents/getassistance/legislativeaffairs/documents/waiver_of_confidentiality_form.pdf,waiver_of_confidentiality_form.pdf,pa.gov,,,—,error,2026-03-16T16:41:14.961757+00:00,,,,,,,,,,,,,,,,,,,,,,,,,,,,"File not found: crawled_files/pa.gov/waiver_of_confidentiality_form.pdf (crawled 0.2 day(s) ago at 2026-03-16T16:41:14.961757+00:00). Possible causes: failed download, incomplete artifact transfer, or stale manifest entry from a previous run."
https://www.pa.gov/content/dam/copapwp-pagov/en/phrc/images/no-hate-in-our-state/2026/washington%20county%20nhios%20town%20hall%20flyer%20(1).pdf,washington%20county%20nhios%20town%20hall%20flyer%20(1).pdf,pa.gov,,,—,error,2026-03-16T16:41:14.967767+00:00,,,,,,,,,,,,,,,,,,,,,,,,,,,,"File not found: crawled_files/pa.gov/washington%20county%20nhios%20town%20hall%20flyer%20(1).pdf (crawled 0.2 day(s) ago at 2026-03-16T16:41:14.967767+00:00). Possible causes: failed download, incomplete artifact transfer, or stale manifest entry from a previous run."
https://www.pa.gov/content/dam/copapwp-pagov/en/phrc/images/no-hate-in-our-state/2024/washington%20county%20town%20hall%20flyer.pdf,washington%20county%20town%20hall%20flyer.pdf,pa.gov,,,—,error,2026-03-16T16:41:14.972194+00:00,,,,,,,,,,,,,,,,,,,,,,,,,,,,"File not found: crawled_files/pa.gov/washington%20county%20town%20hall%20flyer.pdf (crawled 0.2 day(s) ago at 2026-03-16T16:41:14.972194+00:00). Possible causes: failed download, incomplete artifact transfer, or stale manifest entry from a previous run."
https://www.pa.gov/content/dam/copapwp-pagov/en/governor/documents/wawa%2060th%20anniversary%20pdf.pdf,wawa%2060th%20anniversary%20pdf.pdf,pa.gov,,306967,299.8 KB,analysed,2026-03-16T16:41:14.973956+00:00,2024-04-15 15:33:48+00:00,,mrdowning,,,,False,False,False,Pass,Pass,Pass,Fail,Pass,Pass,Pass,NotApplicable,NotApplicable,NotApplicable,Fail,Warn,NotApplicable,NotApplicable,False,1,0,114,"title, figures missing alt text (count=2), headings-none, "
https://www.pa.gov/content/dam/copapwp-pagov/en/phrc/images/no-hate-in-our-state/2025/york%20nhios%20town%20hall%20flyer.pdf,york%20nhios%20town%20hall%20flyer.pdf,pa.gov,,,—,error,2026-03-16T16:41:14.978353+00:00,,,,,,,,,,,,,,,,,,,,,,,,,,,,"File not found: crawled_files/pa.gov/york%20nhios%20town%20hall%20flyer.pdf (crawled 0.2 day(s) ago at 2026-03-16T16:41:14.978353+00:00). Possible causes: failed download, incomplete artifact transfer, or stale manifest entry from a previous run."
https://www.legis.state.pa.us/WU01/LI/LI/US/PDF/1992/0/0129..PDF,0129..PDF,pa.gov,legis.state.pa.us,89353,87.3 KB,analysed,2026-07-10T13:49:30.972101+00:00,2011-11-03 10:59:18+00:00,Untitled,Unknown,,,,False,False,False,Fail,Pass,Pass,Fail,Fail,Pass,Fail,NotApplicable,NotApplicable,NotApplicable,NotApplicable,NotApplicable,NotApplicable,NotApplicable,True,3,1114,0,"title, tagged, lang, "
https://www.legis.state.pa.us/WU01/LI/LI/US/PDF/2014/0/0139..PDF,0139..PDF,pa.gov,legis.state.pa.us,139334,136.1 KB,analysed,2026-07-10T13:49:30.975261+00:00,2014-11-25 18:24:10+00:00,Untitled,Unknown,,,,False,False,False,Fail,Pass,Pass,Fail,Fail,Pass,Fail,NotApplicable,NotApplicable,NotApplicable,NotApplicable,NotApplicable,NotApplicable,NotApplicable,True,4,1579,0,"title, tagged, lang, "
https://www.pa.gov/content/dam/copapwp-pagov/en/ddap/documents/documents/policy-bulletins/17-01%20--%20historical%20teds%20data%20entry%20into%20pa%20wits.pdf,17-01%20--%20historical%20teds%20data%20entry%20into%20pa%20wits.pdf,pa.gov,,378905,370.0 KB,analysed,2026-07-10T13:49:30.978462+00:00,2017-05-17 14:25:20+00:00,,DOHUSER,,,,False,False,False,Pass,Pass,Pass,Fail,Pass,Pass,Fail,NotApplicable,NotApplicable,NotApplicable,Fail,Pass,Pass,NotApplicable,True,2,486,2,"title, tagged-content-fail, figures missing alt text (count=1), "
https://www.pa.gov/content/dam/copapwp-pagov/en/ddap/documents/asam-facilities/2.5-asam-aligned-facilities.pdf,2.5-asam-aligned-facilities.pdf,pa.gov,,342215,334.2 KB,analysed,2026-07-10T13:49:30.981557+00:00,2026-06-08 13:09:10+00:00,,,,,,False,False,False,Pass,Pass,Pass,Fail,Pass,Pass,Pass,NotApplicable,NotApplicable,Pass,Pass,Pass,NotApplicable,Warn,False,6,1471,6,"title, tables-warn, "
https://www.pa.gov/content/dam/copapwp-pagov/en/psp/documents/bips-annual-reports/2019%20BIPS%20Annual%20Report.pdf,2019%20BIPS%20Annual%20Report.pdf,pa.gov,,764005,746.1 KB,analysed,2026-07-10T13:49:31.015649+00:00,2020-06-08 18:49:26+00:00,BIPS 2019 Annual Report,"Masteller, Steven L",,,,False,False,False,Fail,Pass,Pass,Pass,Pass,Pass,Fail,NotApplicable,NotApplicable,NotApplicable,NotApplicable,NotApplicable,NotApplicable,NotApplicable,False,19,3239,1,"tagged, "
https://www.pa.gov/content/dam/copapwp-pagov/en/psp/documents/bips-annual-reports/2020%20BIPS%20Annual%20Report.pdf,2020%20BIPS%20Annual%20Report.pdf,pa.gov,,687221,671.1 KB,analysed,2026-07-10T13:49:31.019782+00:00,2021-06-08 13:15:05+00:00,BIPS 2020 Annual Report,"Luthra, Raman",,,,False,False,False,Pass,Pass,Pass,Fail,Pass,Pass,Pass,NotApplicable,NotApplicable,NotApplicable,Fail,Warn,NotApplicable,Fail,False,17,3018,1,"title, figures missing alt text (count=18), headings-none, tables-fail, "
https://www.pa.gov/content/dam/copapwp-pagov/en/dli/documents/individuals/disability-services/employment-first/documents/2020_02%20ef%20cabinet%20annual%20report.pdf,2020_02%20ef%20cabinet%20annual%20report.pdf,pa.gov,,2327319,2.2 MB,analysed,2026-07-10T13:49:31.028113+00:00,2020-09-24 20:20:51+00:00,Microsoft Word - 2020_02 EF Cabinet Annual Report.docx,,,,,False,False,False,Fail,Pass,Pass,Fail,Fail,Fail,Fail,NotApplicable,NotApplicable,NotApplicable,NotApplicable,NotApplicable,NotApplicable,NotApplicable,False,68,16892,1,"title, tagged, lang, no bookmarks and more than 20 pages, "
https://www.pa.gov/content/dam/copapwp-pagov/en/psp/documents/bips-annual-reports/2021%20BIPS%20Annual%20Report.pdf,2021%20BIPS%20Annual%20Report.pdf,pa.gov,,3306716,3.2 MB,analysed,2026-07-10T13:49:31.042686+00:00,,Scanned Document,,,,,False,False,False,Pass,Fail,Pass,Fail,Fail,Pass,Fail,NotApplicable,NotApplicable,NotApplicable,Pass,Warn,NotApplicable,NotApplicable,False,19,0,19,"no date found, title, tagged-content-fail, lang, headings-none, "
https://www.pa.gov/content/dam/copapwp-pagov/en/dli/documents/individuals/disability-services/employment-first/documents/2021%20ef%20annual%20report.pdf,2021%20ef%20annual%20report.pdf,pa.gov,,1216387,1.2 MB,analysed,2026-07-10T13:49:31.051456+00:00,2021-01-25 21:44:03+00:00,,"Miller-Smith, Alexa",,,,False,False,False,Pass,Pass,Pass,Fail,Pass,Pass,Pass,NotApplicable,NotApplicable,Pass,Fail,Pass,Pass,Warn,False,120,23248,3,"title, figures missing alt text (count=1), tables-warn, "
https://www.pa.gov/content/dam/copapwp-pagov/en/ddap/documents/professionals/documents/2021-22%20provider%20xyz%20training.pdf,2021-22%20provider%20xyz%20training.pdf,pa.gov,,545819,533.0 KB,analysed,2026-07-10T13:49:31.056333+00:00,2021-01-29 20:45:45+00:00,PowerPoint Presentation,"Ross, Steven",,,,True,False,False,Pass,Pass,Pass,Pass,Pass,Pass,Pass,NotApplicable,NotApplicable,Pass,Pass,Pass,Pass,NotApplicable,False,22,1430,44,
https://www.pa.gov/content/dam/copapwp-pagov/en/psp/documents/bips-annual-reports/2022%20BIPS%20Annual%20Report.pdf,2022%20BIPS%20Annual%20Report.pdf,pa.gov,,14342533,13.7 MB,analysed,2026-07-10T13:49:31.095905+00:00,2023-06-06 09:43:12-05:00,,,,,,False,False,False,Fail,Pass,Pass,Fail,Fail,Fail,Fail,NotApplicable,NotApplicable,NotApplicable,NotApplicable,NotApplicable,NotApplicable,NotApplicable,False,22,3366,22,"title, tagged, lang, no bookmarks and more than 20 pages, "
https://www.pa.gov/content/dam/copapwp-pagov/en/dli/documents/individuals/disability-services/employment-first/documents/2022%20employment%20first%20annual%20report%202.3.2022.pdf,2022%20employment%20first%20annual%20report%202.3.2022.pdf,pa.gov,,609173,594.9 KB,analysed,2026-07-10T13:49:31.103553+00:00,2022-02-03 17:41:26+00:00,2022 Employment First Annual Report,"Miller-Smith, Alexa",,,,False,False,False,Fail,Pass,Pass,Pass,Pass,Pass,Fail,NotApplicable,NotApplicable,Fail,NotApplicable,NotApplicable,NotApplicable,NotApplicable,False,22,5998,9,"tagged, annotations-untagged, "
https://www.pa.gov/content/dam/copapwp-pagov/en/dli/documents/individuals/disability-services/employment-first/documents/2022-%20pa%20employment%20first%20oversight%20commission%20report.pdf,2022-%20pa%20employment%20first%20oversight%20commission%20report.pdf,pa.gov,,2402587,2.3 MB,analysed,2026-07-10T13:49:31.115728+00:00,2022-10-03 17:08:15+00:00,EMPLOYMENT,Stephen Suroviec,,,,False,False,False,Pass,Pass,Pass,Pass,Pass,Pass,Fail,NotApplicable,NotApplicable,Fail,Fail,Pass,Warn,Fail,False,79,28152,9,"tagged-content-fail, figures missing alt text (count=2), lists-warn, tables-fail, annotations-tagging-fail, "
https://www.pa.gov/content/dam/copapwp-pagov/en/ddap/documents/professionals/technical-assistance-webinars/2022.october.operating%20individualized%20care.pdf,2022.october.operating%20individualized%20care.pdf,pa.gov,,606193,592.0 KB,analysed,2026-07-10T13:49:31.123471+00:00,2022-10-03 15:35:43+00:00,PowerPoint Presentation,"Hoagland, Kathleen",,,,False,False,False,Pass,Pass,Pass,Fail,Pass,Pass,Pass,NotApplicable,NotApplicable,Pass,Fail,Warn,Pass,Warn,False,23,2339,20,"title, figures missing alt text (count=19), headings-warn, tables-warn, "
https://www.pa.gov/content/dam/copapwp-pagov/en/dli/documents/individuals/disability-services/employment-first/documents/2023%20employment%20first%20annual%20report%20with%20future%20framework.pdf,2023%20employment%20first%20annual%20report%20with%20future%20framework.pdf,pa.gov,,1106082,1.1 MB,analysed,2026-07-10T13:49:31.132225+00:00,2023-01-12 18:44:38+00:00,2023 Employment First Annual Report with Future Framework,"Miller-Smith, Alexa",,,,True,False,False,Pass,Pass,Pass,Pass,Pass,Pass,Pass,NotApplicable,NotApplicable,Pass,Pass,Pass,Pass,Warn,False,38,10389,7,"tables-warn, "
https://www.pa.gov/content/dam/copapwp-pagov/en/ddap/documents/documents/warmhandoff/2023%20who%20survey%20fast%20facts.pdf,2023%20who%20survey%20fast%20facts.pdf,pa.gov,,149172,145.7 KB,analysed,2026-07-10T13:49:31.137961+00:00,2023-07-17 15:40:08+00:00,My project,,,,,False,False,False,Fail,Pass,Pass,Fail,Fail,Pass,Fail,NotApplicable,NotApplicable,NotApplicable,NotApplicable,NotApplicable,NotApplicable,NotApplicable,False,2,401,0,"title, tagged, lang, "
https://www.pa.gov/content/dam/copapwp-pagov/en/dli/documents/individuals/disability-services/employment-first/documents/2023-efoc-annual-report.pdf,2023-efoc-annual-report.pdf,pa.gov,,3329494,3.2 MB,error,2026-07-10T13:49:31.151559+00:00,,,,,,,,,,,,,,,,,,,,,,,,,,,,"File not found: crawled_files/pa.gov/2023-efoc-annual-report.pdf (crawled 0.0 day(s) ago at 2026-07-10T13:49:31.151559+00:00). Possible causes: failed download, incomplete artifact transfer, or stale manifest entry from a previous run."
"https://www.pa.gov/content/dam/copapwp-pagov/en/ddap/documents/professionals/technical-assistance-webinars/2023.april.comparing%20levels%201,%202.1,%202.5,%20and%20otp%20services.pdf","2023.april.comparing%20levels%201,%202.1,%202.5,%20and%20otp%20services.pdf",pa.gov,,752256,734.6 KB,analysed,2026-07-10T13:49:31.158215+00:00,2025-02-28 20:55:19+00:00,PowerPoint Presentation,"Hoagland, Kathleen",,,,False,False,False,Pass,Pass,Pass,Pass,Pass,Pass,Pass,NotApplicable,NotApplicable,Pass,Fail,Pass,Pass,NotApplicable,False,29,1389,40,"figures missing alt text (count=32), "
https://www.pa.gov/content/dam/copapwp-pagov/en/ddap/documents/professionals/technical-assistance-webinars/2023.february.guiding%20principles%20of%20the%20asam%20criteria.pdf,2023.february.guiding%20principles%20of%20the%20asam%20criteria.pdf,pa.gov,,410011,400.4 KB,analysed,2026-07-10T13:49:31.163193+00:00,2023-02-10 19:05:43+00:00,PowerPoint Presentation,"Hoagland, Kathleen",,,,False,False,False,Pass,Pass,Pass,Pass,Pass,Fail,Pass,NotApplicable,NotApplicable,Pass,Fail,Warn,Pass,NotApplicable,False,28,1406,40,"no bookmarks and more than 20 pages, figures missing alt text (count=39), headings-warn, "
https://www.pa.gov/content/dam/copapwp-pagov/en/ddap/documents/professionals/technical-assistance-webinars/2023.march.comparing%20level%203%20residential%20services%20and%20recovery%20house%20information.pdf,2023.march.comparing%20level%203%20residential%20services%20and%20recovery%20house%20information.pdf,pa.gov,,333870,326.0 KB,analysed,2026-07-10T13:49:31.167566+00:00,2023-03-13 16:37:24+00:00,PowerPoint Presentation,"Hoagland, Kathleen",,,,False,False,False,Pass,Pass,Pass,Pass,Pass,Fail,Pass,NotApplicable,NotApplicable,Pass,Fail,Warn,Pass,NotApplicable,False,26,1567,26,"no bookmarks and more than 20 pages, figures missing alt text (count=26), headings-warn, "
https://www.pa.gov/content/dam/copapwp-pagov/en/ddap/documents/professionals/technical-assistance-webinars/2023.may.family%20involvement%20through%20the%20continuum.pdf,2023.may.family%20involvement%20through%20the%20continuum.pdf,pa.gov,,1480267,1.4 MB,analysed,2026-07-10T13:49:31.174414+00:00,2023-05-01 15:39:03+00:00,Integrating Family Services,Molly Stanton,,,,False,False,False,Pass,Pass,Pass,Pass,Pass,Pass,Pass,NotApplicable,NotApplicable,Pass,Fail,Warn,Pass,NotApplicable,False,20,1265,52,"figures missing alt text (count=25), headings-warn, "
https://www.pa.gov/content/dam/copapwp-pagov/en/psp/documents/bips-annual-reports/2023_bips_annual_report.pdf,2023_bips_annual_report.pdf,pa.gov,,4230399,4.0 MB,analysed,2026-07-10T13:49:31.188260+00:00,2025-02-10 17:08:42+00:00,2023 BIPS Annual Report,,,,,True,False,False,Pass,Pass,Pass,Pass,Pass,Pass,Pass,NotApplicable,NotApplicable,NotApplicable,Pass,Warn,NotApplicable,Warn,False,18,2870,1,"headings-warn, tables-warn, "
https://www.pa.gov/content/dam/copapwp-pagov/en/dli/documents/individuals/disability-services/cti-hgac/documents/2024%20annual%20security%20-%20fire%20report.pdf,2024%20annual%20security%20-%20fire%20report.pdf,pa.gov,,697606,681.3 KB,analysed,2026-07-10T13:49:31.193310+00:00,2024-09-20 15:15:41+00:00,,,,,,False,False,False,Fail,Pass,Pass,Fail,Fail,Fail,Fail,NotApplicable,NotApplicable,Fail,NotApplicable,NotApplicable,NotApplicable,NotApplicable,False,46,22065,5,"title, tagged, lang, no bookmarks and more than 20 pages, annotations-untagged, "
https://www.pa.gov/content/dam/copapwp-pagov/en/ddap/documents/professionals/documents/asam-page/asam-update/2024-02%20alignment%20review%20expectation%20qa.pdf,2024-02%20alignment%20review%20expectation%20qa.pdf,pa.gov,,151164,147.6 KB,analysed,2026-07-10T13:49:31.196122+00:00,2024-02-27 15:25:31+00:00,,"Martarano, Kristi",,,,False,False,False,Pass,Pass,Pass,Fail,Pass,Pass,Pass,NotApplicable,NotApplicable,Pass,Pass,Warn,NotApplicable,NotApplicable,False,1,286,0,"title, headings-none, "
https://www.pa.gov/content/dam/copapwp-pagov/en/dhs/documents/keepkidssafe/resources/documents/2024-06-14-cy-1001-national-sex-offender-registry-nsor-application-english.pdf,2024-06-14-cy-1001-national-sex-offender-registry-nsor-application-english.pdf,pa.gov,,132046,129.0 KB,analysed,2026-07-10T13:49:31.198532+00:00,2025-03-27 16:33:41+00:00,National Sex Offender Registry (NSOR) Verification Applicaiton,,,,,False,False,False,Pass,Pass,Pass,Pass,Pass,Pass,Pass,Fail,Pass,NotApplicable,Pass,Warn,NotApplicable,Pass,False,1,414,0,"forms-fail, headings-none, "
https://www.pa.gov/content/dam/copapwp-pagov/en/dhs/documents/keepkidssafe/resources/documents/2024-07-03-cy-1001-s-national-sex-offender-registry-nsor-application-spanish.pdf,2024-07-03-cy-1001-s-national-sex-offender-registry-nsor-application-spanish.pdf,pa.gov,,151409,147.9 KB,analysed,2026-07-10T13:49:31.200968+00:00,2025-03-27 16:35:13+00:00,Verificacion del Registro Nacional de Delincuentes Sexual,,,,,False,False,False,Pass,Pass,Pass,Pass,Pass,Pass,Pass,Fail,Pass,NotApplicable,Pass,Warn,NotApplicable,Pass,False,1,512,0,"forms-fail, headings-none, "
https://www.pa.gov/content/dam/copapwp-pagov/en/dli/documents/individuals/disability-services/employment-first/documents/2024-efoc-annual%20report.pdf,2024-efoc-annual%20report.pdf,pa.gov,,576457,562.9 KB,analysed,2026-07-10T13:49:31.204631+00:00,2024-10-01 17:50:03+00:00,,Josie Badger,,,,False,False,False,Pass,Pass,Pass,Fail,Pass,Pass,Pass,NotApplicable,NotApplicable,Pass,Fail,Fail,Pass,Fail,False,73,20188,2,"title, figures missing alt text (count=1), headings-skip, tables-fail, "
https://www.pa.gov/content/dam/copapwp-pagov/en/dli/documents/individuals/disability-services/employment-first/documents/2024-employment-first-cabinet-report.pdf,2024-employment-first-cabinet-report.pdf,pa.gov,,891155,870.3 KB,analysed,2026-07-10T13:49:31.209013+00:00,2024-02-01 19:47:40+00:00,2024 Employment First Annual Report with Future Framework,"Miller-Smith, Alexa",,,,False,False,False,Pass,Pass,Pass,Pass,Pass,Fail,Fail,NotApplicable,NotApplicable,Pass,Pass,Pass,Pass,Warn,False,28,7664,51,"tagged-content-fail, no bookmarks and more than 20 pages, tables-warn, "
https://www.pa.gov/content/dam/copapwp-pagov/en/ddap/documents/ddapfunding/documents/2024.12.20%20v.1%20gifa%2024-09%20integrated%20health%20solutions_final.pdf,2024.12.20%20v.1%20gifa%2024-09%20integrated%20health%20solutions_final.pdf,pa.gov,,289218,282.4 KB,analysed,2026-07-10T13:49:31.212014+00:00,2024-12-20 13:34:26+00:00,,"Rounce, Robert G",,,,False,False,False,Pass,Pass,Pass,Fail,Pass,Pass,Pass,NotApplicable,NotApplicable,Pass,Pass,Pass,Pass,Warn,False,18,5311,1,"title, tables-warn, "
https://www.pa.gov/content/dam/copapwp-pagov/en/ddap/documents/professionals/documents/asam-page/asam-update/2024.3%20individualized%20services%20qanda.pdf,2024.3%20individualized%20services%20qanda.pdf,pa.gov,,109518,107.0 KB,analysed,2026-07-10T13:49:31.214419+00:00,2024-03-07 14:54:55+00:00,,"Martarano, Kristi",,,,False,False,False,Pass,Pass,Pass,Fail,Pass,Pass,Pass,NotApplicable,NotApplicable,NotApplicable,Pass,Warn,NotApplicable,NotApplicable,False,1,286,0,"title, headings-none, "
https://www.pa.gov/content/dam/copapwp-pagov/en/ddap/documents/professionals/documents/asam-page/asam-update/2024.7%20conversationwithscottboyles%20qa.pdf,2024.7%20conversationwithscottboyles%20qa.pdf,pa.gov,,118116,115.3 KB,analysed,2026-07-10T13:49:31.216739+00:00,2024-07-31 18:27:46+00:00,,"Martarano, Kristi",,,,False,False,False,Pass,Pass,Pass,Fail,Pass,Pass,Pass,NotApplicable,NotApplicable,Pass,Pass,Warn,NotApplicable,NotApplicable,False,2,602,0,"title, headings-none, "
https://www.pa.gov/content/dam/copapwp-pagov/en/ddap/documents/professionals/documents/asam-page/asam-update/2024.8%20conversationwithscottboyles%20qanda.pdf,2024.8%20conversationwithscottboyles%20qanda.pdf,pa.gov,,241515,235.9 KB,analysed,2026-07-10T13:49:31.219403+00:00,2024-09-06 14:07:20+00:00,,"Martarano, Kristi",,,,False,False,False,Pass,Pass,Pass,Fail,Pass,Pass,Pass,NotApplicable,NotApplicable,Pass,Pass,Warn,Pass,NotApplicable,False,1,134,0,"title, headings-none, "
https://www.pa.gov/content/dam/copapwp-pagov/en/phrc/documents/education/2024_Haywood_ENOUGH_Report_012222024.pdf,2024_Haywood_ENOUGH_Report_012222024.pdf,pa.gov,,2773990,2.6 MB,analysed,2026-07-10T13:49:31.228595+00:00,2024-01-24 14:50:30+00:00,,,,,,False,False,False,Pass,Pass,Pass,Fail,Pass,Fail,Pass,NotApplicable,NotApplicable,NotApplicable,Fail,Warn,NotApplicable,Fail,False,28,9259,12,"title, no bookmarks and more than 20 pages, figures missing alt text (count=12), headings-none, tables-fail, "
https://www.pa.gov/content/dam/copapwp-pagov/en/psp/documents/rvat/2024_RVAT_Commissioners_Report.pdf,2024_RVAT_Commissioners_Report.pdf,pa.gov,,721031,704.1 KB,analysed,2026-07-10T13:49:31.232960+00:00,2024-07-15 17:20:41+00:00,Risk and Vulnerability Assessment Team Commissioner's Report 2024,"Manning, Lindsay H",,,,True,False,False,Pass,Pass,Pass,Pass,Pass,Pass,Pass,NotApplicable,NotApplicable,NotApplicable,Pass,Warn,NotApplicable,Warn,False,3,578,5,"headings-none, tables-warn, "
https://www.pa.gov/content/dam/copapwp-pagov/en/psp/documents/bips-annual-reports/2024_bips_ar.pdf,2024_bips_ar.pdf,pa.gov,,1083972,1.0 MB,analysed,2026-07-10T13:49:31.237935+00:00,2026-01-23 19:06:20+00:00,Bureau of Integrity and Professional Standards 2024 Annual Report,,,,,True,False,False,Pass,Pass,Pass,Pass,Pass,Pass,Pass,NotApplicable,NotApplicable,Pass,Pass,Pass,Pass,Warn,False,19,3073,1,"tables-warn, "
https://www.pa.gov/content/dam/copapwp-pagov/en/dhs/documents/scams/2025-05-pa-1995-english.pdf,2025-05-pa-1995-english.pdf,pa.gov,,279411,272.9 KB,analysed,2026-07-10T13:49:31.245053+00:00,2025-05-14 18:49:06+00:00,PA 1995 English,,EBT Card Lock Flyer,,EBT Card Lock Flyer,False,False,False,Pass,Pass,Pass,Pass,Pass,Pass,Pass,NotApplicable,NotApplicable,NotApplicable,Fail,Warn,NotApplicable,NotApplicable,False,1,112,4,"figures missing alt text (count=5), headings-none, "
https://www.pa.gov/content/dam/copapwp-pagov/en/dhs/documents/scams/2025-05-pa-1995-spanish.pdf,2025-05-pa-1995-spanish.pdf,pa.gov,,393520,384.3 KB,analysed,2026-07-10T13:49:31.248209+00:00,2025-05-14 18:49:58+00:00,PA 1995 S,,EBT Card Lock Flyer Spanish,,EBT Card Lock Flyer Spanish,False,False,False,Pass,Pass,Pass,Pass,Pass,Pass,Pass,NotApplicable,NotApplicable,NotApplicable,Fail,Warn,NotApplicable,NotApplicable,False,1,141,4,"figures missing alt text (count=5), headings-none, "
https://www.pa.gov/content/dam/copapwp-pagov/en/dli/documents/individuals/disability-services/employment-first/documents/2025-employment-first-cabinet-annual-report.pdf,2025-employment-first-cabinet-annual-report.pdf,pa.gov,,1237307,1.2 MB,analysed,2026-07-10T13:49:31.253488+00:00,2025-03-06 18:15:08+00:00,Employment First Cabinet Report 2025,"Merritt, Katie",,,,True,False,False,Pass,Pass,Pass,Pass,Pass,Pass,Pass,NotApplicable,NotApplicable,Pass,Pass,Pass,Pass,NotApplicable,False,43,10722,18,
https://www.pa.gov/content/dam/copapwp-pagov/en/ddap/documents/ddapfunding/documents/2025.01.17%20gifa%2024-09_integrated%20health%20solutions%20questions%20and%20answers_final.pdf,2025.01.17%20gifa%2024-09_integrated%20health%20solutions%20questions%20and%20answers_final.pdf,pa.gov,,200410,195.7 KB,analysed,2026-07-10T13:49:31.256250+00:00,2025-01-17 13:36:57+00:00,1,Andrew Hall,,,,False,False,False,Pass,Pass,Pass,Pass,Pass,Pass,Pass,NotApplicable,NotApplicable,Fail,Pass,Warn,Pass,Pass,False,7,2039,7,"headings-none, annotations-tagging-fail, "
https://www.pa.gov/content/dam/copapwp-pagov/en/ddap/documents/professionals/technical-assistance-webinars/2025.march.ddap%20monthly%20technical%20assistance%20series%2042%20cfr%20part%208%20final%20ruling%20practical%20applications.pdf,2025.march.ddap%20monthly%20technical%20assistance%20series%2042%20cfr%20part%208%20final%20ruling%20practical%20applications.pdf,pa.gov,,333548,325.7 KB,analysed,2026-07-10T13:49:31.259185+00:00,2025-03-03 16:22:39+00:00,The ASAM Criteria  4th Edition:,Microsoft Office User,,,,False,False,False,Pass,Pass,Pass,Pass,Pass,Pass,Pass,NotApplicable,NotApplicable,Pass,Fail,Pass,Pass,NotApplicable,False,21,569,23,"figures missing alt text (count=23), "
https://www.pa.gov/content/dam/copapwp-pagov/en/psp/documents/bips-annual-reports/2025_bips_ar.pdf,2025_bips_ar.pdf,pa.gov,,1718824,1.6 MB,analysed,2026-07-10T13:49:31.265706+00:00,2026-07-02 19:40:50+00:00,2025 BIPS Annual Report,"Masteller, Steven L",,,,False,False,False,Pass,Pass,Pass,Pass,Pass,Pass,Pass,NotApplicable,NotApplicable,Pass,Fail,Fail,NotApplicable,Fail,False,19,3369,1,"figures missing alt text (count=6), headings-skip, tables-fail, "
https://www.pa.gov/content/dam/copapwp-pagov/en/dhs/documents/keepkidssafe/clearances/documents/2026-06-03-nsor-faq-2026.pdf,2026-06-03-nsor-faq-2026.pdf,pa.gov,,359349,350.9 KB,analysed,2026-07-10T13:49:31.268915+00:00,2026-06-02 13:26:43+00:00,TEACHER-QUALITY_9_2014v2-with-disclaimer,"Wise, Deborah",,,,False,False,False,Pass,Pass,Pass,Pass,Pass,Pass,Pass,NotApplicable,NotApplicable,Pass,Fail,Warn,Pass,NotApplicable,False,7,2223,0,"figures missing alt text (count=4), headings-warn, "
https://www.pa.gov/content/dam/copapwp-pagov/en/dli/documents/individuals/disability-services/employment-first/documents/2026-employment-first-cabinet-annual-report.pdf,2026-employment-first-cabinet-annual-report.pdf,pa.gov,,2659183,2.5 MB,analysed,2026-07-10T13:49:31.277929+00:00,2026-01-29 17:01:14+00:00,,"Merritt, Katie",,,,False,False,False,Pass,Pass,Pass,Fail,Pass,Pass,Pass,NotApplicable,NotApplicable,Pass,Fail,Fail,Pass,NotApplicable,False,58,13649,25,"title, figures missing alt text (count=24), headings-skip, "
https://www.pa.gov/content/dam/copapwp-pagov/en/dhs/documents/services/mental-health-in-pa/documents/2026-pa-path-grant-application.pdf,2026-pa-path-grant-application.pdf,pa.gov,,37915065,36.2 MB,error,2026-07-10T13:49:31.378262+00:00,,,,,,,,,,,,,,,,,,,,,,,,,,,,"File not found: crawled_files/pa.gov/2026-pa-path-grant-application.pdf (crawled 0.0 day(s) ago at 2026-07-10T13:49:31.378262+00:00). Possible causes: failed download, incomplete artifact transfer, or stale manifest entry from a previous run."
https://www.pa.gov/content/dam/copapwp-pagov/en/ddap/documents/professionals/technical-assistance-webinars/25.12.01%20ddap%20ta%20webinar%20-%20screening.pdf,25.12.01%20ddap%20ta%20webinar%20-%20screening.pdf,pa.gov,,2175150,2.1 MB,analysed,2026-07-10T13:49:31.392931+00:00,2025-12-02 20:58:01+00:00,Slide 1,CVH,,,,False,False,False,Pass,Pass,Pass,Pass,Pass,Pass,Pass,NotApplicable,NotApplicable,Pass,Fail,Pass,Pass,NotApplicable,False,44,1533,31,"figures missing alt text (count=77), "
https://www.pa.gov/content/dam/copapwp-pagov/en/ddap/documents/asam-facilities/3.7-asam-aligned-facilities.pdf,3.7-asam-aligned-facilities.pdf,pa.gov,,296147,289.2 KB,analysed,2026-07-10T13:49:31.398610+00:00,2026-06-08 13:07:54+00:00,,,,,,False,False,False,Pass,Pass,Pass,Fail,Pass,Pass,Pass,NotApplicable,NotApplicable,Pass,Pass,Pass,NotApplicable,Warn,False,4,750,5,"title, tables-warn, "
https://www.familyandcaregivertoolkit.org/_files/ugd/49bf42_92ed3a2340d1468194863ac6dc0d7016.pdf,49bf42_92ed3a2340d1468194863ac6dc0d7016.pdf,pa.gov,familyandcaregivertoolkit.org,91476,89.3 KB,analysed,2026-07-10T13:49:31.403226+00:00,2023-05-15 14:20:19+00:00,49bf42_616c5b13368a491d93dbed35b84c4b4a.pdf,Angela Barkett,,"DAFitmb1mrY,BAClGvtqRlU",,False,False,False,Pass,Pass,Pass,Pass,Fail,Pass,Pass,NotApplicable,NotApplicable,Pass,Fail,Warn,NotApplicable,NotApplicable,False,1,218,1,"lang, figures missing alt text (count=1), headings-none, "
https://54817af5-b764-42ff-a7e2-97d6e4449c1a.usrfiles.com/ugd/54817a_6df3d51d6d624af384539494e59bbb57.pdf,54817a_6df3d51d6d624af384539494e59bbb57.pdf,pa.gov,54817af5-b764-42ff-a7e2-97d6e4449c1a.usrfiles.com,15058818,14.4 MB,analysed,2026-07-10T13:49:31.447353+00:00,,,,,,,False,False,False,Fail,Pass,Pass,Fail,Fail,Pass,Fail,NotApplicable,NotApplicable,NotApplicable,NotApplicable,NotApplicable,NotApplicable,NotApplicable,False,11,2227,15,"no date found, title, tagged, lang, "
https://www.pa.gov/content/dam/copapwp-pagov/en/ddap/documents/professionals/documents/asam-page/asam-update/9.12.2022%20asam%20monthly%20ta%20wm.pdf,9.12.2022%20asam%20monthly%20ta%20wm.pdf,pa.gov,,1166102,1.1 MB,analysed,2026-07-10T13:49:31.456331+00:00,2022-09-12 17:34:20+00:00,PowerPoint Presentation,"Hoagland, Kathleen",,,,False,False,False,Pass,Pass,Pass,Fail,Pass,Pass,Pass,NotApplicable,NotApplicable,Pass,Fail,Warn,Pass,Pass,False,24,1598,20,"title, figures missing alt text (count=15), headings-warn, "
https://www.pa.gov/content/dam/copapwp-pagov/en/psp/documents/clean/ACT_106_OF_1990-Vital_Statistics-06-12-2008.pdf,ACT_106_OF_1990-Vital_Statistics-06-12-2008.pdf,pa.gov,,14713,14.4 KB,analysed,2026-07-10T13:49:31.462398+00:00,2001-04-13 20:56:44+00:00,VitalStatistics,Unknown,,,,False,False,False,Fail,Pass,Pass,Fail,Fail,Pass,Fail,NotApplicable,NotApplicable,NotApplicable,NotApplicable,NotApplicable,NotApplicable,NotApplicable,True,7,1454,0,"title, tagged, lang, "
https://www.pa.gov/content/dam/copapwp-pagov/en/dhs/documents/healthchoices/documents/ASAM-Provider-Rates.pdf,ASAM-Provider-Rates.pdf,pa.gov,,55509,54.2 KB,analysed,2026-07-10T13:49:31.468632+00:00,2023-12-08 17:22:11+00:00,"ASAM Provider Rates Effective January 1, 2024.xlsx",kbutsch,,,,False,False,False,Fail,Pass,Pass,Fail,Fail,Pass,Fail,NotApplicable,NotApplicable,NotApplicable,NotApplicable,NotApplicable,NotApplicable,NotApplicable,False,1,48,0,"title, tagged, lang, "
https://www.pa.gov/content/dam/copapwp-pagov/en/psp/documents/clean/Act%2079_PFAD_FFL%20and%20Third%20Party%20Training.pdf,Act%2079_PFAD_FFL%20and%20Third%20Party%20Training.pdf,pa.gov,,1802401,1.7 MB,analysed,2026-07-10T13:49:31.479395+00:00,2019-08-07 15:04:40+00:00,PowerPoint Presentation,Pennsylvania,,,,False,False,False,Pass,Pass,Pass,Pass,Pass,Fail,Pass,NotApplicable,NotApplicable,Pass,Fail,Warn,Pass,NotApplicable,False,37,1393,126,"no bookmarks and more than 20 pages, figures missing alt text (count=124), headings-none, "
https://www.pa.gov/content/dam/copapwp-pagov/en/psp/documents/clean/Act%2079_PFAD_Prothonotary_Court%20Training.pdf,Act%2079_PFAD_Prothonotary_Court%20Training.pdf,pa.gov,,3438163,3.3 MB,analysed,2026-07-10T13:49:31.494447+00:00,2021-06-04 15:32:14+00:00,PowerPoint Presentation,Pennsylvania,,,,False,False,False,Pass,Pass,Pass,Pass,Pass,Fail,Pass,NotApplicable,NotApplicable,Pass,Fail,Warn,Pass,NotApplicable,False,45,2509,121,"no bookmarks and more than 20 pages, figures missing alt text (count=155), headings-none, "
https://www.pa.gov/content/dam/copapwp-pagov/en/psp/documents/clean/Act%2079_PFAD_Sheriffs%20Office%20Training.pdf,Act%2079_PFAD_Sheriffs%20Office%20Training.pdf,pa.gov,,4577872,4.4 MB,analysed,2026-07-10T13:49:31.512356+00:00,2022-02-16 12:38:42+00:00,PowerPoint Presentation,Pennsylvania,,,,False,False,False,Pass,Pass,Pass,Pass,Pass,Fail,Pass,NotApplicable,NotApplicable,Pass,Fail,Warn,Pass,NotApplicable,False,63,3390,199,"no bookmarks and more than 20 pages, figures missing alt text (count=273), headings-none, "
https://www.pa.gov/content/dam/copapwp-pagov/en/psp/documents/records/Act_No_2008-3-SB_No-1.pdf,Act_No_2008-3-SB_No-1.pdf,pa.gov,,144771,141.4 KB,analysed,2026-07-10T13:49:31.518668+00:00,2008-12-30 11:58:26+00:00,PENNSYLVANIA 2008 LEGISLATIVE SERVICE,8.5.2.1.V2,,,,False,False,False,Pass,Pass,Pass,Fail,Fail,Fail,Pass,NotApplicable,NotApplicable,NotApplicable,Pass,Warn,NotApplicable,NotApplicable,True,32,12025,0,"title, lang, no bookmarks and more than 20 pages, headings-none, "
https://www.pa.gov/content/dam/copapwp-pagov/en/psp/documents/records/AgencyPolicyRTKLAgencyPolicy11292011_PSP4.pdf,AgencyPolicyRTKLAgencyPolicy11292011_PSP4.pdf,pa.gov,,50368,49.2 KB,analysed,2026-07-10T13:49:31.524369+00:00,2011-11-29 15:33:22+00:00,[AGENCY NAME],Andrea Bowman,,,,False,False,False,Pass,Pass,Pass,Fail,Fail,Pass,Pass,NotApplicable,NotApplicable,Pass,Pass,Warn,Warn,NotApplicable,True,8,2569,0,"title, lang, headings-none, lists-warn, "
https://www.openrecords.pa.gov/Documents/Appeals/Appeal_Form.pdf,Appeal_Form.pdf,pa.gov,,286408,279.7 KB,analysed,2026-07-10T13:49:31.536076+00:00,2026-04-20 11:50:43+00:00,Agency Head or Freedom of Information Act Appeal Officer,Rolando Corpus,,,,False,False,False,Pass,Pass,Pass,Pass,Pass,Pass,Pass,Pass,Fail,Pass,Pass,Pass,NotApplicable,NotApplicable,False,1,309,1,"forms-tagging-fail, "
https://www.pa.gov/content/dam/copapwp-pagov/en/psp/documents/safety/Application%20for%20Scrap%20Processors.pdf,Application%20for%20Scrap%20Processors.pdf,pa.gov,,808595,789.6 KB,analysed,2026-07-10T13:49:31.543186+00:00,2021-10-14 17:40:32+00:00,Scrap Processor Registration BASE,,,,,False,False,False,Fail,Pass,Pass,Fail,Fail,Pass,Fail,Fail,Fail,NotApplicable,NotApplicable,NotApplicable,NotApplicable,NotApplicable,False,1,284,0,"title, tagged, lang, forms-fail, forms-untagged, "
https://www.pacareerlink.pa.gov/jponline/Apprenticeships?PWT5iYuNKqtAg58UeCdrB_RSirkMMj3@VLMZptl9RUZr3ImdLP5y9dtWdQXEl7ARE5LIjTOU4oGBVAhVl6XL1X9RHlL_03xRmKeoizu_BzbLGfAmBXYO07i6_XNsg6Z01eImEHG7Ie5Hs@hNMgKQMQ--g@gMKgJpxJnncJVXt0gSk0BORftegQqoOF5Rpxzv@jYDGhV8MOKS,Apprenticeships-0.pdf,pa.gov,,263969,257.8 KB,analysed,2026-07-10T13:49:31.548780+00:00,2023-05-11 16:15:10+00:00,,John Paul,,,,False,False,False,Pass,Pass,Pass,Fail,Pass,Pass,Pass,NotApplicable,NotApplicable,Pass,Fail,Warn,Pass,NotApplicable,False,2,438,5,"title, figures missing alt text (count=6), headings-none, "
https://www.pacareerlink.pa.gov/jponline/Apprenticeships?YDpC8xllFPKb8fqAopEtl6XAv5mv3ac8UdBIN0hQdEkQ0Zjw@NK2Te@6IcUC94bU6AqahgSVGMam7ne3aVK7wazmjaEM1rJLdlZ9XDLcFdKuQV0LiFImVo49J64mZ_qsN1GpKfSNqoLJGCNzIrQRyQ--mMN297DyenlW8BGwlDI4rozA3I3mhPASlzDEcKN4DC4i5Lsc2A94,Apprenticeships-1.pdf,pa.gov,,282636,276.0 KB,analysed,2026-07-10T13:49:31.554101+00:00,2023-06-09 17:02:25+00:00,,John Paul,,,,False,False,False,Pass,Pass,Pass,Fail,Pass,Pass,Pass,NotApplicable,NotApplicable,Fail,Fail,Warn,NotApplicable,NotApplicable,False,3,1374,5,"title, figures missing alt text (count=7), headings-none, annotations-tagging-fail, "
https://www.pacareerlink.pa.gov/jponline/Apprenticeships?Uox4BQtQEo@jLY_m_I4gUsq5yqxCQJY2EwJSQNkDhkmJ_IOxG8bZbcq226Ou6lcr3__P5jZAmnfojnjl4YE_jDZTRIjfyLXKT5KSvV2ZlyPauVA7Y@x0zoxteQIGh5Y7iE07sqy4SEd_1Tn7vfzdaw--BF@k45CtIPBAtjJ3eJBLEw4m@uI9TyMpedvSkV2c3VVygSxIkm4L,Apprenticeships-2.pdf,pa.gov,,1115772,1.1 MB,analysed,2026-07-10T13:49:31.561321+00:00,2023-05-12 14:30:36+00:00,,Stuart Bass,,,,False,False,False,Pass,Pass,Pass,Fail,Pass,Pass,Fail,Fail,Fail,NotApplicable,Fail,Warn,Pass,Warn,False,6,685,2,"title, tagged-content-fail, forms-fail, forms-tagging-fail, figures missing alt text (count=34), headings-none, tables-warn, "
https://www.pacareerlink.pa.gov/jponline/Apprenticeships?jhfB9hbo7jmAB1zTLQqZsWBWJYcqoL7_BkH9ZCH0RUz3IGzosYOtQcPGxR63lg2cBpx06_6WffDy6WCprEEPSbnoZ7kdbL@tbrq2gU7N99YT0Y_4pkZv7UArFvNgYjqRyIS96oFCjpKg0lNZxPBTAA--0bpJkP5dyOfG4_3zyETZ1XQU38V_mRNFPWOPDMTkja99QojWJUkZ,Apprenticeships-3.pdf,pa.gov,,269382,263.1 KB,analysed,2026-07-10T13:49:31.566757+00:00,2023-05-11 16:36:22+00:00,,"Loew, Tara",,,,False,False,False,Pass,Pass,Pass,Fail,Pass,Pass,Pass,NotApplicable,NotApplicable,NotApplicable,Fail,Warn,Pass,NotApplicable,False,2,523,5,"title, figures missing alt text (count=23), headings-none, "
https://www.pacareerlink.pa.gov/jponline/Apprenticeships?hbJLRq27D38M8HasZUPLLWf3dMdiuJje5YuTYHzebeflOqbn@sZseOYaRyiqNG8G2xVAvAS6CothoV0ymoaGmUJXPw6OdX9Tk8C_vLZv4kEgTJeJCmoGJS5vO57c_2oYjTxllwyh7pZKId1wMVeEHMyWOw49nUA8moWDIMXF8@S2R3Pdnk3GcZmHmxrBhEWHRtLv2jzOBX6JfuZUdjhV9x2LRqT_1KjVSYTh3RwK2YA4wFcQvL2V,Apprenticeships-4.pdf,pa.gov,,345903,337.8 KB,analysed,2026-07-10T13:49:31.572387+00:00,2023-04-04 12:34:58+00:00,,John Paul,,,,False,False,False,Pass,Pass,Pass,Fail,Pass,Pass,Pass,NotApplicable,NotApplicable,Pass,Fail,Warn,Pass,NotApplicable,False,11,3213,1,"title, figures missing alt text (count=15), headings-warn, "
https://www.pacareerlink.pa.gov/jponline/Apprenticeships?Vggf57Go@bu6F5KxQqUJJD9NfWsOXVdyTUBwMWn2GdzpDvWxu395EFw1RHA0Ej9hRGGaCv@X@FG0nhJuYpbXIC_q7lCA3hfQpQfpWo@rS4fBFvmyzJldQq6iIopNGcjKL3K_BAJAC1sbZ8IxWLGEGEyIKKrHWudcUmEZ9M9IiFM-k8XVMdfcRQBLU62Rz1O3IzTMk@y_10hGovJV5lYmMeWJkchDVMM3,Apprenticeships.pdf,pa.gov,,372754,364.0 KB,analysed,2026-07-10T13:49:31.577981+00:00,2023-05-11 16:10:51+00:00,,John Paul,,,,False,False,False,Pass,Pass,Pass,Fail,Pass,Pass,Pass,NotApplicable,NotApplicable,Pass,Fail,Warn,Pass,NotApplicable,False,2,744,15,"title, figures missing alt text (count=13), headings-none, "
https://www.pa.gov/content/dam/copapwp-pagov/en/psp/documents/clean/Attachment%20A%20final.pdf,Attachment%20A%20final.pdf,pa.gov,,112946,110.3 KB,analysed,2026-07-10T13:49:31.582938+00:00,2019-03-18 11:45:17+00:00,,,,,,False,False,False,Fail,Pass,Pass,Fail,Fail,Pass,Fail,NotApplicable,NotApplicable,NotApplicable,NotApplicable,NotApplicable,NotApplicable,NotApplicable,False,1,86,0,"title, tagged, lang, "
https://www.pa.gov/content/dam/copapwp-pagov/en/psp/documents/clean/Attachment%20A%20temp.pdf,Attachment%20A%20temp.pdf,pa.gov,,115011,112.3 KB,analysed,2026-07-10T13:49:31.588276+00:00,2019-03-18 11:41:44+00:00,,,,,,False,False,False,Fail,Pass,Pass,Fail,Fail,Pass,Fail,NotApplicable,NotApplicable,NotApplicable,NotApplicable,NotApplicable,NotApplicable,NotApplicable,False,1,83,0,"title, tagged, lang, "
https://www.pa.gov/content/dam/copapwp-pagov/en/psp/documents/clean/Attachment%20A%20to%20petition.pdf,Attachment%20A%20to%20petition.pdf,pa.gov,,117183,114.4 KB,analysed,2026-07-10T13:49:31.593362+00:00,2019-03-18 11:39:45+00:00,,,,,,False,False,False,Fail,Pass,Pass,Fail,Fail,Pass,Fail,NotApplicable,NotApplicable,NotApplicable,NotApplicable,NotApplicable,NotApplicable,NotApplicable,False,2,187,0,"title, tagged, lang, "
https://www.pa.gov/content/dam/copapwp-pagov/en/psp/documents/safety/Autism_card_4up_S.pdf,Autism_card_4up_S.pdf,pa.gov,,847569,827.7 KB,analysed,2026-07-10T13:49:31.600063+00:00,2024-07-17 19:05:41+00:00,Autism_card_4up_S,,,,,True,False,False,Pass,Pass,Pass,Pass,Pass,Pass,Pass,NotApplicable,NotApplicable,NotApplicable,Pass,Pass,NotApplicable,NotApplicable,False,1,272,0,
https://www.pa.gov/content/dam/copapwp-pagov/en/psp/documents/safety/Autism_card_gray_S.pdf,Autism_card_gray_S.pdf,pa.gov,,300103,293.1 KB,analysed,2026-07-10T13:49:31.605838+00:00,2024-07-17 19:02:28+00:00,Autism_card_gray_S,,,,,True,False,False,Pass,Pass,Pass,Pass,Pass,Pass,Pass,NotApplicable,NotApplicable,NotApplicable,Pass,Warn,NotApplicable,NotApplicable,False,1,138,0,"headings-none, "
https://www.pa.gov/content/dam/copapwp-pagov/en/psp/documents/cvsd/CDL%20Flowchart%205.29.14.pdf,CDL%20Flowchart%205.29.14.pdf,pa.gov,,290007,283.2 KB,analysed,2026-07-10T13:49:31.611811+00:00,2014-05-29 09:37:49-05:00,,,,,,False,True,False,Fail,Fail,Pass,Fail,Fail,Pass,Fail,NotApplicable,NotApplicable,NotApplicable,NotApplicable,NotApplicable,NotApplicable,NotApplicable,True,1,0,1,"title, tagged, lang, "
https://www.pa.gov/content/dam/copapwp-pagov/en/psp/documents/cdr/CDR_2021.pdf,CDR_2021.pdf,pa.gov,,1382301,1.3 MB,analysed,2026-07-10T13:49:31.620217+00:00,2022-10-16 23:37:30-04:00,Microsoft Word - PSP Year 1 Report Jan-Dec 2021 FINAL reissued 10172022,jennm,,,,False,False,False,Fail,Pass,Pass,Fail,Fail,Fail,Fail,NotApplicable,NotApplicable,NotApplicable,NotApplicable,NotApplicable,NotApplicable,NotApplicable,False,27,10289,4,"title, tagged, lang, no bookmarks and more than 20 pages, "
https://www.pa.gov/content/dam/copapwp-pagov/en/psp/documents/cdr/CDR_2022.pdf,CDR_2022.pdf,pa.gov,,2832291,2.7 MB,analysed,2026-07-10T13:49:31.632043+00:00,2023-05-23 13:11:24+00:00,Pennsylvania State Police Traffic Stop Study: 2022 Annual Report,Jennifer Cherkauskas,,,,False,False,False,Pass,Pass,Pass,Pass,Pass,Pass,Pass,NotApplicable,NotApplicable,Fail,Fail,Fail,Pass,Fail,False,169,54965,2,"figures missing alt text (count=16), headings-skip, tables-fail, annotations-tagging-fail, "
https://www.pa.gov/content/dam/copapwp-pagov/en/psp/documents/cdr/CDR_2022_1st.pdf,CDR_2022_1st.pdf,pa.gov,,2709223,2.6 MB,analysed,2026-07-10T13:49:31.643600+00:00,2022-10-06 09:10:10-04:00,Microsoft Word - PSP Year 2 1st Quarterly Report FINAL,jennm,,,,False,False,False,Fail,Pass,Pass,Fail,Fail,Fail,Fail,NotApplicable,NotApplicable,NotApplicable,NotApplicable,NotApplicable,NotApplicable,NotApplicable,False,56,17301,4,"title, tagged, lang, no bookmarks and more than 20 pages, "
https://www.pa.gov/content/dam/copapwp-pagov/en/psp/documents/cdr/CDR_2022_2nd.pdf,CDR_2022_2nd.pdf,pa.gov,,2700902,2.6 MB,error,2026-07-10T13:49:31.654451+00:00,,,,,,,,,,,,,,,,,,,,,,,,,,,,"File not found: crawled_files/pa.gov/CDR_2022_2nd.pdf (crawled 0.0 day(s) ago at 2026-07-10T13:49:31.654451+00:00). Possible causes: failed download, incomplete artifact transfer, or stale manifest entry from a previous run."
https://www.pa.gov/content/dam/copapwp-pagov/en/psp/documents/cdr/CDR_2022_3rd.pdf,CDR_2022_3rd.pdf,pa.gov,,1543687,1.5 MB,error,2026-07-10T13:49:31.662125+00:00,,,,,,,,,,,,,,,,,,,,,,,,,,,,"File not found: crawled_files/pa.gov/CDR_2022_3rd.pdf (crawled 0.0 day(s) ago at 2026-07-10T13:49:31.662125+00:00). Possible causes: failed download, incomplete artifact transfer, or stale manifest entry from a previous run."
https://www.pa.gov/content/dam/copapwp-pagov/en/psp/documents/cvsd/CVSD%20-%20Publication.Rev.09-2015.pdf,CVSD%20-%20Publication.Rev.09-2015.pdf,pa.gov,,1146896,1.1 MB,error,2026-07-10T13:49:31.668690+00:00,,,,,,,,,,,,,,,,,,,,,,,,,,,,"File not found: crawled_files/pa.gov/CVSD%20-%20Publication.Rev.09-2015.pdf (crawled 0.0 day(s) ago at 2026-07-10T13:49:31.668690+00:00). Possible causes: failed download, incomplete artifact transfer, or stale manifest entry from a previous run."
https://www.pa.gov/content/dam/copapwp-pagov/en/psp/documents/cvsd/CVSD%20Cargo%20Securement%20Brochure%20-%20Rev.%2012-26-2015.pdf,CVSD%20Cargo%20Securement%20Brochure%20-%20Rev.%2012-26-2015.pdf,pa.gov,,732533,715.4 KB,error,2026-07-10T13:49:31.674141+00:00,,,,,,,,,,,,,,,,,,,,,,,,,,,,"File not found: crawled_files/pa.gov/CVSD%20Cargo%20Securement%20Brochure%20-%20Rev.%2012-26-2015.pdf (crawled 0.0 day(s) ago at 2026-07-10T13:49:31.674141+00:00). Possible causes: failed download, incomplete artifact transfer, or stale manifest entry from a previous run."
https://www.pa.gov/content/dam/copapwp-pagov/en/psp/documents/cvsd/CVSD%20Intrastate%20USDOT.Rev.09-2015.pdf,CVSD%20Intrastate%20USDOT.Rev.09-2015.pdf,pa.gov,,1076965,1.0 MB,error,2026-07-10T13:49:31.680266+00:00,,,,,,,,,,,,,,,,,,,,,,,,,,,,"File not found: crawled_files/pa.gov/CVSD%20Intrastate%20USDOT.Rev.09-2015.pdf (crawled 0.0 day(s) ago at 2026-07-10T13:49:31.680266+00:00). Possible causes: failed download, incomplete artifact transfer, or stale manifest entry from a previous run."
https://www.pa.gov/content/dam/copapwp-pagov/en/dhs/documents/keepkidssafe/clearances/documents/CY%20999%20-Consent%20Release%20of%20Information.pdf,CY%20999%20-Consent%20Release%20of%20Information.pdf,pa.gov,,389465,380.3 KB,error,2026-07-10T13:49:31.684456+00:00,,,,,,,,,,,,,,,,,,,,,,,,,,,,"File not found: crawled_files/pa.gov/CY%20999%20-Consent%20Release%20of%20Information.pdf (crawled 0.0 day(s) ago at 2026-07-10T13:49:31.684456+00:00). Possible causes: failed download, incomplete artifact transfer, or stale manifest entry from a previous run."
https://www.pa.gov/content/dam/copapwp-pagov/en/dhs/documents/keepkidssafe/clearances/documents/CY113%20form%20-%20Spanish.pdf,CY113%20form%20-%20Spanish.pdf,pa.gov,,243320,237.6 KB,error,2026-07-10T13:49:31.687953+00:00,,,,,,,,,,,,,,,,,,,,,,,,,,,,"File not found: crawled_files/pa.gov/CY113%20form%20-%20Spanish.pdf (crawled 0.0 day(s) ago at 2026-07-10T13:49:31.687953+00:00). Possible causes: failed download, incomplete artifact transfer, or stale manifest entry from a previous run."
https://www.pa.gov/content/dam/copapwp-pagov/en/dhs/documents/keepkidssafe/clearances/documents/CY113%20form-Spanish-Accessible.pdf,CY113%20form-Spanish-Accessible.pdf,pa.gov,,243320,237.6 KB,error,2026-07-10T13:49:31.691269+00:00,,,,,,,,,,,,,,,,,,,,,,,,,,,,"File not found: crawled_files/pa.gov/CY113%20form-Spanish-Accessible.pdf (crawled 0.0 day(s) ago at 2026-07-10T13:49:31.691269+00:00). Possible causes: failed download, incomplete artifact transfer, or stale manifest entry from a previous run."
https://www.pa.gov/content/dam/copapwp-pagov/en/dhs/documents/docs/for-providers/documents/child-care-forms/CY999%20-%20Consent%20Release%20of%20Information%20Authorization%20Form.pdf,CY999%20-%20Consent%20Release%20of%20Information%20Authorization%20Form.pdf,pa.gov,,389465,380.3 KB,error,2026-07-10T13:49:31.695015+00:00,,,,,,,,,,,,,,,,,,,,,,,,,,,,"File not found: crawled_files/pa.gov/CY999%20-%20Consent%20Release%20of%20Information%20Authorization%20Form.pdf (crawled 0.0 day(s) ago at 2026-07-10T13:49:31.695015+00:00). Possible causes: failed download, incomplete artifact transfer, or stale manifest entry from a previous run."
https://www.pa.gov/content/dam/copapwp-pagov/en/psp/documents/employment/Cadet%20Essential%20Job%20Functions.pdf,Cadet%20Essential%20Job%20Functions.pdf,pa.gov,,31685,30.9 KB,error,2026-07-10T13:49:31.697917+00:00,,,,,,,,,,,,,,,,,,,,,,,,,,,,"File not found: crawled_files/pa.gov/Cadet%20Essential%20Job%20Functions.pdf (crawled 0.0 day(s) ago at 2026-07-10T13:49:31.697917+00:00). Possible causes: failed download, incomplete artifact transfer, or stale manifest entry from a previous run."
https://www.pa.gov/content/dam/copapwp-pagov/en/psp/documents/employment/Cadet%20Medical%20Information%2020210305.pdf,Cadet%20Medical%20Information%2020210305.pdf,pa.gov,,102302,99.9 KB,error,2026-07-10T13:49:31.700696+00:00,,,,,,,,,,,,,,,,,,,,,,,,,,,,"File not found: crawled_files/pa.gov/Cadet%20Medical%20Information%2020210305.pdf (crawled 0.0 day(s) ago at 2026-07-10T13:49:31.700696+00:00). Possible causes: failed download, incomplete artifact transfer, or stale manifest entry from a previous run."
https://www.pa.gov/content/dam/copapwp-pagov/en/psp/documents/employment/Cadet%20Oral%20Interview%20Candidate%20Preparation%20Guide.pdf,Cadet%20Oral%20Interview%20Candidate%20Preparation%20Guide.pdf,pa.gov,,213093,208.1 KB,error,2026-07-10T13:49:31.703655+00:00,,,,,,,,,,,,,,,,,,,,,,,,,,,,"File not found: crawled_files/pa.gov/Cadet%20Oral%20Interview%20Candidate%20Preparation%20Guide.pdf (crawled 0.0 day(s) ago at 2026-07-10T13:49:31.703655+00:00). Possible causes: failed download, incomplete artifact transfer, or stale manifest entry from a previous run."
https://www.pa.gov/content/dam/copapwp-pagov/en/psp/documents/employment/Cadet%20Personal%20Appearance.pdf,Cadet%20Personal%20Appearance.pdf,pa.gov,,109428,106.9 KB,error,2026-07-10T13:49:31.706446+00:00,,,,,,,,,,,,,,,,,,,,,,,,,,,,"File not found: crawled_files/pa.gov/Cadet%20Personal%20Appearance.pdf (crawled 0.0 day(s) ago at 2026-07-10T13:49:31.706446+00:00). Possible causes: failed download, incomplete artifact transfer, or stale manifest entry from a previous run."
https://www.pa.gov/content/dam/copapwp-pagov/en/psp/documents/employment/Cadet%20Physical%20Readiness%20Tests.pdf,Cadet%20Physical%20Readiness%20Tests.pdf,pa.gov,,52799,51.6 KB,error,2026-07-10T13:49:31.709017+00:00,,,,,,,,,,,,,,,,,,,,,,,,,,,,"File not found: crawled_files/pa.gov/Cadet%20Physical%20Readiness%20Tests.pdf (crawled 0.0 day(s) ago at 2026-07-10T13:49:31.709017+00:00). Possible causes: failed download, incomplete artifact transfer, or stale manifest entry from a previous run."
https://www.pa.gov/content/dam/copapwp-pagov/en/psp/documents/employment/Cadet%20Training%2020170221.pdf,Cadet%20Training%2020170221.pdf,pa.gov,,35878,35.0 KB,error,2026-07-10T13:49:31.711422+00:00,,,,,,,,,,,,,,,,,,,,,,,,,,,,"File not found: crawled_files/pa.gov/Cadet%20Training%2020170221.pdf (crawled 0.0 day(s) ago at 2026-07-10T13:49:31.711422+00:00). Possible causes: failed download, incomplete artifact transfer, or stale manifest entry from a previous run."
https://www.pa.gov/content/dam/copapwp-pagov/en/psp/documents/cvsd/Challenge_report.pdf,Challenge_report.pdf,pa.gov,,213149,208.2 KB,error,2026-07-10T13:49:31.714155+00:00,,,,,,,,,,,,,,,,,,,,,,,,,,,,"File not found: crawled_files/pa.gov/Challenge_report.pdf (crawled 0.0 day(s) ago at 2026-07-10T13:49:31.714155+00:00). Possible causes: failed download, incomplete artifact transfer, or stale manifest entry from a previous run."
https://www.pa.gov/content/dam/copapwp-pagov/en/psp/documents/records/Commonwealth_of_Pennsylvania_Management_Directive_205.36_Amended.pdf,Commonwealth_of_Pennsylvania_Management_Directive_205.36_Amended.pdf,pa.gov,,232194,226.8 KB,error,2026-07-10T13:49:31.716992+00:00,,,,,,,,,,,,,,,,,,,,,,,,,,,,"File not found: crawled_files/pa.gov/Commonwealth_of_Pennsylvania_Management_Directive_205.36_Amended.pdf (crawled 0.0 day(s) ago at 2026-07-10T13:49:31.716992+00:00). Possible causes: failed download, incomplete artifact transfer, or stale manifest entry from a previous run."
https://www.compass.dhs.pa.gov/assets/documents/pdf/CompassCPOnlineSelf-RegQRG.pdf,CompassCPOnlineSelf-RegQRG.pdf,pa.gov,,625626,611.0 KB,error,2026-07-10T13:49:31.720873+00:00,,,,,,,,,,,,,,,,,,,,,,,,,,,,"File not found: crawled_files/pa.gov/CompassCPOnlineSelf-RegQRG.pdf (crawled 0.0 day(s) ago at 2026-07-10T13:49:31.720873+00:00). Possible causes: failed download, incomplete artifact transfer, or stale manifest entry from a previous run."
https://www.pa.gov/content/dam/copapwp-pagov/en/phrc/documents/housing/Cuestionario%20de%20admisi%C3%B3n%20a%20la%20vivienda.pdf,Cuestionario%20de%20admisi%C3%B3n%20a%20la%20vivienda.pdf,pa.gov,,982324,959.3 KB,error,2026-07-10T13:49:31.725792+00:00,,,,,,,,,,,,,,,,,,,,,,,,,,,,"File not found: crawled_files/pa.gov/Cuestionario%20de%20admisi%C3%B3n%20a%20la%20vivienda.pdf (crawled 0.0 day(s) ago at 2026-07-10T13:49:31.725792+00:00). Possible causes: failed download, incomplete artifact transfer, or stale manifest entry from a previous run."
https://www.pa.gov/content/dam/copapwp-pagov/en/phrc/documents/public-accommodations/Cuestionario%20de%20admisi%C3%B3n%20de%20alojamiento%20p%C3%BAblico.pdf,Cuestionario%20de%20admisi%C3%B3n%20de%20alojamiento%20p%C3%BAblico.pdf,pa.gov,,495313,483.7 KB,error,2026-07-10T13:49:31.729719+00:00,,,,,,,,,,,,,,,,,,,,,,,,,,,,"File not found: crawled_files/pa.gov/Cuestionario%20de%20admisi%C3%B3n%20de%20alojamiento%20p%C3%BAblico.pdf (crawled 0.0 day(s) ago at 2026-07-10T13:49:31.729719+00:00). Possible causes: failed download, incomplete artifact transfer, or stale manifest entry from a previous run."
https://www.pa.gov/content/dam/copapwp-pagov/en/phrc/documents/employment/Cuestionario%20de%20admisi%C3%B3n%20de%20empleo.pdf,Cuestionario%20de%20admisi%C3%B3n%20de%20empleo.pdf,pa.gov,,692504,676.3 KB,error,2026-07-10T13:49:31.733970+00:00,,,,,,,,,,,,,,,,,,,,,,,,,,,,"File not found: crawled_files/pa.gov/Cuestionario%20de%20admisi%C3%B3n%20de%20empleo.pdf (crawled 0.0 day(s) ago at 2026-07-10T13:49:31.733970+00:00). Possible causes: failed download, incomplete artifact transfer, or stale manifest entry from a previous run."
https://www.pa.gov/content/dam/copapwp-pagov/en/phrc/documents/education/Cuestionario%20de%20admisi%C3%B3n%20educativa.pdf,Cuestionario%20de%20admisi%C3%B3n%20educativa.pdf,pa.gov,,594207,580.3 KB,error,2026-07-10T13:49:31.738103+00:00,,,,,,,,,,,,,,,,,,,,,,,,,,,,"File not found: crawled_files/pa.gov/Cuestionario%20de%20admisi%C3%B3n%20educativa.pdf (crawled 0.0 day(s) ago at 2026-07-10T13:49:31.738103+00:00). Possible causes: failed download, incomplete artifact transfer, or stale manifest entry from a previous run."
https://www.identogo.com/uploads/general/Digital_Fingerprint_Agencies-Reason_For_Print_Final.pdf,Digital_Fingerprint_Agencies-Reason_For_Print_Final.pdf,pa.gov,identogo.com,47039,45.9 KB,error,2026-07-10T13:49:31.740939+00:00,,,,,,,,,,,,,,,,,,,,,,,,,,,,"File not found: crawled_files/pa.gov/Digital_Fingerprint_Agencies-Reason_For_Print_Final.pdf (crawled 0.0 day(s) ago at 2026-07-10T13:49:31.740939+00:00). Possible causes: failed download, incomplete artifact transfer, or stale manifest entry from a previous run."
https://www.pa.gov/content/dam/copapwp-pagov/en/phrc/documents/education/Disability%20Info%20Release%20for%20Education.pdf,Disability%20Info%20Release%20for%20Education.pdf,pa.gov,,71359,69.7 KB,error,2026-07-10T13:49:31.743786+00:00,,,,,,,,,,,,,,,,,,,,,,,,,,,,"File not found: crawled_files/pa.gov/Disability%20Info%20Release%20for%20Education.pdf (crawled 0.0 day(s) ago at 2026-07-10T13:49:31.743786+00:00). Possible causes: failed download, incomplete artifact transfer, or stale manifest entry from a previous run."
https://www.pa.gov/content/dam/copapwp-pagov/en/phrc/documents/employment/Disability%20Info%20Release%20for%20Employment.pdf,Disability%20Info%20Release%20for%20Employment.pdf,pa.gov,,58817,57.4 KB,error,2026-07-10T13:49:31.746577+00:00,,,,,,,,,,,,,,,,,,,,,,,,,,,,"File not found: crawled_files/pa.gov/Disability%20Info%20Release%20for%20Employment.pdf (crawled 0.0 day(s) ago at 2026-07-10T13:49:31.746577+00:00). Possible causes: failed download, incomplete artifact transfer, or stale manifest entry from a previous run."
https://www.pa.gov/content/dam/copapwp-pagov/en/phrc/documents/housing/Disability%20Info%20Release%20for%20Housing.pdf,Disability%20Info%20Release%20for%20Housing.pdf,pa.gov,,66757,65.2 KB,error,2026-07-10T13:49:31.749333+00:00,,,,,,,,,,,,,,,,,,,,,,,,,,,,"File not found: crawled_files/pa.gov/Disability%20Info%20Release%20for%20Housing.pdf (crawled 0.0 day(s) ago at 2026-07-10T13:49:31.749333+00:00). Possible causes: failed download, incomplete artifact transfer, or stale manifest entry from a previous run."
https://www.pa.gov/content/dam/copapwp-pagov/en/phrc/documents/education/Education%20Intake%20Questionnaire.pdf,Education%20Intake%20Questionnaire.pdf,pa.gov,,317387,309.9 KB,error,2026-07-10T13:49:31.754191+00:00,,,,,,,,,,,,,,,,,,,,,,,,,,,,"File not found: crawled_files/pa.gov/Education%20Intake%20Questionnaire.pdf (crawled 0.0 day(s) ago at 2026-07-10T13:49:31.754191+00:00). Possible causes: failed download, incomplete artifact transfer, or stale manifest entry from a previous run."
https://www.pa.gov/content/dam/copapwp-pagov/en/phrc/documents/employment/Employment%20Intake%20Questionnaire.pdf,Employment%20Intake%20Questionnaire.pdf,pa.gov,,719588,702.7 KB,error,2026-07-10T13:49:31.758575+00:00,,,,,,,,,,,,,,,,,,,,,,,,,,,,"File not found: crawled_files/pa.gov/Employment%20Intake%20Questionnaire.pdf (crawled 0.0 day(s) ago at 2026-07-10T13:49:31.758575+00:00). Possible causes: failed download, incomplete artifact transfer, or stale manifest entry from a previous run."
https://responsibleplay.pa.gov/wp-content/uploads/EnrollmentInstructions.pdf,EnrollmentInstructions.pdf,pa.gov,,1116597,1.1 MB,error,2026-07-10T13:49:31.764064+00:00,,,,,,,,,,,,,,,,,,,,,,,,,,,,"File not found: crawled_files/pa.gov/EnrollmentInstructions.pdf (crawled 0.0 day(s) ago at 2026-07-10T13:49:31.764064+00:00). Possible causes: failed download, incomplete artifact transfer, or stale manifest entry from a previous run."
https://www.pa.gov/content/dam/copapwp-pagov/en/psp/documents/safety/FAQ%20CellSiteSimulators%202015%20revision3.pdf,FAQ%20CellSiteSimulators%202015%20revision3.pdf,pa.gov,,36647,35.8 KB,error,2026-07-10T13:49:31.771925+00:00,,,,,,,,,,,,,,,,,,,,,,,,,,,,"File not found: crawled_files/pa.gov/FAQ%20CellSiteSimulators%202015%20revision3.pdf (crawled 0.0 day(s) ago at 2026-07-10T13:49:31.771925+00:00). Possible causes: failed download, incomplete artifact transfer, or stale manifest entry from a previous run."
https://www.pa.gov/content/dam/copapwp-pagov/en/dhs/documents/keepkidssafe/clearances/documents/FBI_Minor%20Fingerprinting%20Waiver.pdf,FBI_Minor%20Fingerprinting%20Waiver.pdf,pa.gov,,355083,346.8 KB,error,2026-07-10T13:49:31.776445+00:00,,,,,,,,,,,,,,,,,,,,,,,,,,,,"File not found: crawled_files/pa.gov/FBI_Minor%20Fingerprinting%20Waiver.pdf (crawled 0.0 day(s) ago at 2026-07-10T13:49:31.776445+00:00). Possible causes: failed download, incomplete artifact transfer, or stale manifest entry from a previous run."
https://www.pa.gov/content/dam/copapwp-pagov/en/pda/documents/food/food_assistance/commodity-supplemental-food-program/documents/FD-118%20policy%20memo%20Automatic%20Revocation%20of%20Tax%20Exempt%20Status.pdf,FD-118%20policy%20memo%20Automatic%20Revocation%20of%20Tax%20Exempt%20Status.pdf,pa.gov,,201006,196.3 KB,error,2026-07-10T13:49:31.779934+00:00,,,,,,,,,,,,,,,,,,,,,,,,,,,,"File not found: crawled_files/pa.gov/FD-118%20policy%20memo%20Automatic%20Revocation%20of%20Tax%20Exempt%20Status.pdf (crawled 0.0 day(s) ago at 2026-07-10T13:49:31.779934+00:00). Possible causes: failed download, incomplete artifact transfer, or stale manifest entry from a previous run."
https://www.pa.gov/content/dam/copapwp-pagov/en/phrc/phrc-outreach/spanish-translations/Fair%20Housing%20Is%20Your%20Right%20Brochure%20(Spanish)2.pdf,Fair%20Housing%20Is%20Your%20Right%20Brochure%20(Spanish)2.pdf,pa.gov,,1481802,1.4 MB,error,2026-07-10T13:49:31.786731+00:00,,,,,,,,,,,,,,,,,,,,,,,,,,,,"File not found: crawled_files/pa.gov/Fair%20Housing%20Is%20Your%20Right%20Brochure%20(Spanish)2.pdf (crawled 0.0 day(s) ago at 2026-07-10T13:49:31.786731+00:00). Possible causes: failed download, incomplete artifact transfer, or stale manifest entry from a previous run."
https://www.pa.gov/content/dam/copapwp-pagov/en/phrc/old-files--do-not-use/Fair%20Housing%20Is%20Your%20Right%20Brochure-nocrops.pdf,Fair%20Housing%20Is%20Your%20Right%20Brochure-nocrops.pdf,pa.gov,,1489263,1.4 MB,error,2026-07-10T13:49:31.793698+00:00,,,,,,,,,,,,,,,,,,,,,,,,,,,,"File not found: crawled_files/pa.gov/Fair%20Housing%20Is%20Your%20Right%20Brochure-nocrops.pdf (crawled 0.0 day(s) ago at 2026-07-10T13:49:31.793698+00:00). Possible causes: failed download, incomplete artifact transfer, or stale manifest entry from a previous run."
https://www.pa.gov/content/dam/copapwp-pagov/en/health/documents/topics/documents/opioids/First%20Responders%20Naloxone%20Standing%20Order.pdf,First%20Responders%20Naloxone%20Standing%20Order.pdf,pa.gov,,240522,234.9 KB,error,2026-07-10T13:49:31.797804+00:00,,,,,,,,,,,,,,,,,,,,,,,,,,,,"File not found: crawled_files/pa.gov/First%20Responders%20Naloxone%20Standing%20Order.pdf (crawled 0.0 day(s) ago at 2026-07-10T13:49:31.797804+00:00). Possible causes: failed download, incomplete artifact transfer, or stale manifest entry from a previous run."
https://www.pa.gov/content/dam/copapwp-pagov/en/health/documents/topics/documents/opioids/General%20Public%20Standing%20Order.pdf,General%20Public%20Standing%20Order.pdf,pa.gov,,239463,233.9 KB,error,2026-07-10T13:49:31.801889+00:00,,,,,,,,,,,,,,,,,,,,,,,,,,,,"File not found: crawled_files/pa.gov/General%20Public%20Standing%20Order.pdf (crawled 0.0 day(s) ago at 2026-07-10T13:49:31.801889+00:00). Possible causes: failed download, incomplete artifact transfer, or stale manifest entry from a previous run."
https://www.pa.gov/content/dam/copapwp-pagov/en/psp/documents/clean/Group_Filing.pdf,Group_Filing.pdf,pa.gov,,182315,178.0 KB,error,2026-07-10T13:49:31.805758+00:00,,,,,,,,,,,,,,,,,,,,,,,,,,,,"File not found: crawled_files/pa.gov/Group_Filing.pdf (crawled 0.0 day(s) ago at 2026-07-10T13:49:31.805758+00:00). Possible causes: failed download, incomplete artifact transfer, or stale manifest entry from a previous run."
https://www.pa.gov/content/dam/copapwp-pagov/en/ddap/documents/professionals/technical-assistance-webinars/Medetomidine-and-Clinical-Considerations-for-Treatment-Providers.pdf,Medetomidine-and-Clinical-Considerations-for-Treatment-Providers.pdf,pa.gov,,2500269,2.4 MB,error,2026-07-10T13:49:31.821511+00:00,,,,,,,,,,,,,,,,,,,,,,,,,,,,"File not found: crawled_files/pa.gov/Medetomidine-and-Clinical-Considerations-for-Treatment-Providers.pdf (crawled 0.0 day(s) ago at 2026-07-10T13:49:31.821511+00:00). Possible causes: failed download, incomplete artifact transfer, or stale manifest entry from a previous run."
https://www.pa.gov/content/dam/copapwp-pagov/en/psp/documents/clean/ORI_Correction_Form.pdf,ORI_Correction_Form.pdf,pa.gov,,41135,40.2 KB,error,2026-07-10T13:49:31.825884+00:00,,,,,,,,,,,,,,,,,,,,,,,,,,,,"File not found: crawled_files/pa.gov/ORI_Correction_Form.pdf (crawled 0.0 day(s) ago at 2026-07-10T13:49:31.825884+00:00). Possible causes: failed download, incomplete artifact transfer, or stale manifest entry from a previous run."
https://www.pa.gov/content/dam/copapwp-pagov/en/health/documents/topics/documents/opioids/Overdose%20Poster%20-%20Statewide.pdf,Overdose%20Poster%20-%20Statewide.pdf,pa.gov,,635092,620.2 KB,error,2026-07-10T13:49:31.831695+00:00,,,,,,,,,,,,,,,,,,,,,,,,,,,,"File not found: crawled_files/pa.gov/Overdose%20Poster%20-%20Statewide.pdf (crawled 0.0 day(s) ago at 2026-07-10T13:49:31.831695+00:00). Possible causes: failed download, incomplete artifact transfer, or stale manifest entry from a previous run."
https://www.pa.gov/content/dam/copapwp-pagov/en/phrc/documents/housing/PAVE%20report.pdf,PAVE%20report.pdf,pa.gov,,5526644,5.3 MB,error,2026-07-10T13:49:31.850196+00:00,,,,,,,,,,,,,,,,,,,,,,,,,,,,"File not found: crawled_files/pa.gov/PAVE%20report.pdf (crawled 0.0 day(s) ago at 2026-07-10T13:49:31.850196+00:00). Possible causes: failed download, incomplete artifact transfer, or stale manifest entry from a previous run."
https://www.pa.gov/content/dam/copapwp-pagov/en/psp/documents/clean/PFA%20Final.pdf,PFA%20Final.pdf,pa.gov,,243866,238.2 KB,error,2026-07-10T13:49:31.855926+00:00,,,,,,,,,,,,,,,,,,,,,,,,,,,,"File not found: crawled_files/pa.gov/PFA%20Final.pdf (crawled 0.0 day(s) ago at 2026-07-10T13:49:31.855926+00:00). Possible causes: failed download, incomplete artifact transfer, or stale manifest entry from a previous run."
https://www.pa.gov/content/dam/copapwp-pagov/en/psp/documents/clean/PFA%20Notice%20of%20Hearing%20and%20Petition.pdf,PFA%20Notice%20of%20Hearing%20and%20Petition.pdf,pa.gov,,248843,243.0 KB,error,2026-07-10T13:49:31.861443+00:00,,,,,,,,,,,,,,,,,,,,,,,,,,,,"File not found: crawled_files/pa.gov/PFA%20Notice%20of%20Hearing%20and%20Petition.pdf (crawled 0.0 day(s) ago at 2026-07-10T13:49:31.861443+00:00). Possible causes: failed download, incomplete artifact transfer, or stale manifest entry from a previous run."
https://www.pa.gov/content/dam/copapwp-pagov/en/psp/documents/clean/PFA%20Temp.pdf,PFA%20Temp.pdf,pa.gov,,232848,227.4 KB,error,2026-07-10T13:49:31.867053+00:00,,,,,,,,,,,,,,,,,,,,,,,,,,,,"File not found: crawled_files/pa.gov/PFA%20Temp.pdf (crawled 0.0 day(s) ago at 2026-07-10T13:49:31.867053+00:00). Possible causes: failed download, incomplete artifact transfer, or stale manifest entry from a previous run."
https://www.pa.gov/content/dam/copapwp-pagov/en/phrc/documents/housing/PHRC%20Coloring%20Book%20(Single%20Page).pdf,PHRC%20Coloring%20Book%20(Single%20Page).pdf,pa.gov,,9202781,8.8 MB,error,2026-07-10T13:49:31.895531+00:00,,,,,,,,,,,,,,,,,,,,,,,,,,,,"File not found: crawled_files/pa.gov/PHRC%20Coloring%20Book%20(Single%20Page).pdf (crawled 0.0 day(s) ago at 2026-07-10T13:49:31.895531+00:00). Possible causes: failed download, incomplete artifact transfer, or stale manifest entry from a previous run."
https://www.govinfo.gov/content/pkg/PLAW-111publ296/pdf/PLAW-111publ296.pdf,PLAW-111publ296.pdf,pa.gov,govinfo.gov,328961,321.3 KB,error,2026-07-10T13:49:31.901748+00:00,,,,,,,,,,,,,,,,,,,,,,,,,,,,"File not found: crawled_files/pa.gov/PLAW-111publ296.pdf (crawled 0.0 day(s) ago at 2026-07-10T13:49:31.901748+00:00). Possible causes: failed download, incomplete artifact transfer, or stale manifest entry from a previous run."
https://www.pa.gov/content/dam/copapwp-pagov/en/psp/documents/employment/PearsonVUE-PSP-Candidate-Handbook.pdf,PearsonVUE-PSP-Candidate-Handbook.pdf,pa.gov,,304397,297.3 KB,error,2026-07-10T13:49:31.910645+00:00,,,,,,,,,,,,,,,,,,,,,,,,,,,,"File not found: crawled_files/pa.gov/PearsonVUE-PSP-Candidate-Handbook.pdf (crawled 0.0 day(s) ago at 2026-07-10T13:49:31.910645+00:00). Possible causes: failed download, incomplete artifact transfer, or stale manifest entry from a previous run."
https://www.pa.gov/content/dam/copapwp-pagov/en/phrc/documents/public-accommodations/Pub%20Accomm%20Intake%20Questionnaire.pdf,Pub%20Accomm%20Intake%20Questionnaire.pdf,pa.gov,,126273,123.3 KB,error,2026-07-10T13:49:31.917949+00:00,,,,,,,,,,,,,,,,,,,,,,,,,,,,"File not found: crawled_files/pa.gov/Pub%20Accomm%20Intake%20Questionnaire.pdf (crawled 0.0 day(s) ago at 2026-07-10T13:49:31.917949+00:00). Possible causes: failed download, incomplete artifact transfer, or stale manifest entry from a previous run."
https://www.openrecords.pa.gov/Documents/RTKL/RTKRequestForm.pdf,RTKRequestForm.pdf,pa.gov,,212831,207.8 KB,error,2026-07-10T13:49:31.922479+00:00,,,,,,,,,,,,,,,,,,,,,,,,,,,,"File not found: crawled_files/pa.gov/RTKRequestForm.pdf (crawled 0.0 day(s) ago at 2026-07-10T13:49:31.922479+00:00). Possible causes: failed download, incomplete artifact transfer, or stale manifest entry from a previous run."
https://www.pa.gov/content/dam/copapwp-pagov/en/psp/documents/records/RTK_Request_Form.pdf,RTK_Request_Form.pdf,pa.gov,,49778,48.6 KB,error,2026-07-10T13:49:31.926590+00:00,,,,,,,,,,,,,,,,,,,,,,,,,,,,"File not found: crawled_files/pa.gov/RTK_Request_Form.pdf (crawled 0.0 day(s) ago at 2026-07-10T13:49:31.926590+00:00). Possible causes: failed download, incomplete artifact transfer, or stale manifest entry from a previous run."
https://responsibleplay.pa.gov/wp-content/uploads/RemovalInstructions.pdf,RemovalInstructions.pdf,pa.gov,,826125,806.8 KB,error,2026-07-10T13:49:31.932092+00:00,,,,,,,,,,,,,,,,,,,,,,,,,,,,"File not found: crawled_files/pa.gov/RemovalInstructions.pdf (crawled 0.0 day(s) ago at 2026-07-10T13:49:31.932092+00:00). Possible causes: failed download, incomplete artifact transfer, or stale manifest entry from a previous run."
https://www.pa.gov/content/dam/copapwp-pagov/en/psp/documents/clean/SP%204-382%202018-02-22%20Affidavit%20for%20Safekeeping%20by%20Third%20Party%20for%20Relinquishment%20of%20Firearms.pdf,SP%204-382%202018-02-22%20Affidavit%20for%20Safekeeping%20by%20Third%20Party%20for%20Relinquishment%20of%20Firearms.pdf,pa.gov,,298332,291.3 KB,error,2026-07-10T13:49:31.946410+00:00,,,,,,,,,,,,,,,,,,,,,,,,,,,,"File not found: crawled_files/pa.gov/SP%204-382%202018-02-22%20Affidavit%20for%20Safekeeping%20by%20Third%20Party%20for%20Relinquishment%20of%20Firearms.pdf (crawled 0.0 day(s) ago at 2026-07-10T13:49:31.946410+00:00). Possible causes: failed download, incomplete artifact transfer, or stale manifest entry from a previous run."
https://www.pa.gov/content/dam/copapwp-pagov/en/psp/documents/clean/SP%204-383B%202019-02-22%20Affidavit%20Relinquishment%20of%20Firearms%20to%20Dealer%20Pursuant%20toProtection%20from%20Abuse%20Order.pdf,SP%204-383B%202019-02-22%20Affidavit%20Relinquishment%20of%20Firearms%20to%20Dealer%20Pursuant%20toProtection%20from%20Abuse%20Order.pdf,pa.gov,,228570,223.2 KB,error,2026-07-10T13:49:31.950437+00:00,,,,,,,,,,,,,,,,,,,,,,,,,,,,"File not found: crawled_files/pa.gov/SP%204-383B%202019-02-22%20Affidavit%20Relinquishment%20of%20Firearms%20to%20Dealer%20Pursuant%20toProtection%20from%20Abuse%20Order.pdf (crawled 0.0 day(s) ago at 2026-07-10T13:49:31.950437+00:00). Possible causes: failed download, incomplete artifact transfer, or stale manifest entry from a previous run."
https://www.pa.gov/content/dam/copapwp-pagov/en/psp/documents/clean/SP%204-410%20Firearm%20Release%20Request.pdf,SP%204-410%20Firearm%20Release%20Request.pdf,pa.gov,,595578,581.6 KB,error,2026-07-10T13:49:31.955339+00:00,,,,,,,,,,,,,,,,,,,,,,,,,,,,"File not found: crawled_files/pa.gov/SP%204-410%20Firearm%20Release%20Request.pdf (crawled 0.0 day(s) ago at 2026-07-10T13:49:31.955339+00:00). Possible causes: failed download, incomplete artifact transfer, or stale manifest entry from a previous run."
https://www.pa.gov/content/dam/copapwp-pagov/en/psp/documents/clean/SP%204-411%20Relinquishment%20of%20Firearms%20Receipt.pdf,SP%204-411%20Relinquishment%20of%20Firearms%20Receipt.pdf,pa.gov,,350992,342.8 KB,error,2026-07-10T13:49:31.959490+00:00,,,,,,,,,,,,,,,,,,,,,,,,,,,,"File not found: crawled_files/pa.gov/SP%204-411%20Relinquishment%20of%20Firearms%20Receipt.pdf (crawled 0.0 day(s) ago at 2026-07-10T13:49:31.959490+00:00). Possible causes: failed download, incomplete artifact transfer, or stale manifest entry from a previous run."
https://www.pa.gov/content/dam/copapwp-pagov/en/psp/documents/clean/SP%204-411A%20Relinquishment%20of%20Firearms%20Receipt%20(Continuation%20Page).pdf,SP%204-411A%20Relinquishment%20of%20Firearms%20Receipt%20(Continuation%20Page).pdf,pa.gov,,325771,318.1 KB,error,2026-07-10T13:49:31.963165+00:00,,,,,,,,,,,,,,,,,,,,,,,,,,,,"File not found: crawled_files/pa.gov/SP%204-411A%20Relinquishment%20of%20Firearms%20Receipt%20(Continuation%20Page).pdf (crawled 0.0 day(s) ago at 2026-07-10T13:49:31.963165+00:00). Possible causes: failed download, incomplete artifact transfer, or stale manifest entry from a previous run."
https://www.pa.gov/content/dam/copapwp-pagov/en/psp/documents/contact-us/SP1-108S.pdf,SP1-108S.pdf,pa.gov,,18338,17.9 KB,error,2026-07-10T13:49:31.965897+00:00,,,,,,,,,,,,,,,,,,,,,,,,,,,,"File not found: crawled_files/pa.gov/SP1-108S.pdf (crawled 0.0 day(s) ago at 2026-07-10T13:49:31.965897+00:00). Possible causes: failed download, incomplete artifact transfer, or stale manifest entry from a previous run."
https://www.pa.gov/content/dam/copapwp-pagov/en/psp/documents/contact-us/SP1-108_6.14.pdf,SP1-108_6.14.pdf,pa.gov,,138963,135.7 KB,error,2026-07-10T13:49:31.968736+00:00,,,,,,,,,,,,,,,,,,,,,,,,,,,,"File not found: crawled_files/pa.gov/SP1-108_6.14.pdf (crawled 0.0 day(s) ago at 2026-07-10T13:49:31.968736+00:00). Possible causes: failed download, incomplete artifact transfer, or stale manifest entry from a previous run."
https://www.pa.gov/content/dam/copapwp-pagov/en/psp/documents/crimhist/SP4-164.pdf,SP4-164.pdf,pa.gov,,149142,145.6 KB,error,2026-07-10T13:49:31.971505+00:00,,,,,,,,,,,,,,,,,,,,,,,,,,,,"File not found: crawled_files/pa.gov/SP4-164.pdf (crawled 0.0 day(s) ago at 2026-07-10T13:49:31.971505+00:00). Possible causes: failed download, incomplete artifact transfer, or stale manifest entry from a previous run."
https://www.pa.gov/content/dam/copapwp-pagov/en/psp/documents/crimhist/SP4-164A.pdf,SP4-164A.pdf,pa.gov,,110277,107.7 KB,error,2026-07-10T13:49:31.974186+00:00,,,,,,,,,,,,,,,,,,,,,,,,,,,,"File not found: crawled_files/pa.gov/SP4-164A.pdf (crawled 0.0 day(s) ago at 2026-07-10T13:49:31.974186+00:00). Possible causes: failed download, incomplete artifact transfer, or stale manifest entry from a previous run."
https://www.pa.gov/content/dam/copapwp-pagov/en/psp/documents/crimhist/SP4-170.pdf,SP4-170.pdf,pa.gov,,109501,106.9 KB,error,2026-07-10T13:49:31.977082+00:00,,,,,,,,,,,,,,,,,,,,,,,,,,,,"File not found: crawled_files/pa.gov/SP4-170.pdf (crawled 0.0 day(s) ago at 2026-07-10T13:49:31.977082+00:00). Possible causes: failed download, incomplete artifact transfer, or stale manifest entry from a previous run."
https://www.pa.gov/content/dam/copapwp-pagov/en/psp/documents/records/SP_7-0015.pdf,SP_7-0015.pdf,pa.gov,,295551,288.6 KB,error,2026-07-10T13:49:31.980533+00:00,,,,,,,,,,,,,,,,,,,,,,,,,,,,"File not found: crawled_files/pa.gov/SP_7-0015.pdf (crawled 0.0 day(s) ago at 2026-07-10T13:49:31.980533+00:00). Possible causes: failed download, incomplete artifact transfer, or stale manifest entry from a previous run."
https://responsibleplay.pa.gov/wp-content/uploads/Self_Exclusion_Brochure.pdf,Self_Exclusion_Brochure.pdf,pa.gov,,605675,591.5 KB,error,2026-07-10T13:49:32.017079+00:00,,,,,,,,,,,,,,,,,,,,,,,,,,,,"File not found: crawled_files/pa.gov/Self_Exclusion_Brochure.pdf (crawled 0.0 day(s) ago at 2026-07-10T13:49:32.017079+00:00). Possible causes: failed download, incomplete artifact transfer, or stale manifest entry from a previous run."
https://responsibleplay.pa.gov/wp-content/uploads/Self_Exclusion_Fantasy_Gaming.pdf,Self_Exclusion_Fantasy_Gaming.pdf,pa.gov,,528428,516.0 KB,error,2026-07-10T13:49:32.022537+00:00,,,,,,,,,,,,,,,,,,,,,,,,,,,,"File not found: crawled_files/pa.gov/Self_Exclusion_Fantasy_Gaming.pdf (crawled 0.0 day(s) ago at 2026-07-10T13:49:32.022537+00:00). Possible causes: failed download, incomplete artifact transfer, or stale manifest entry from a previous run."
https://responsibleplay.pa.gov/wp-content/uploads/Self_Exclusion_Interactive_Gaming.pdf,Self_Exclusion_Interactive_Gaming.pdf,pa.gov,,109192,106.6 KB,error,2026-07-10T13:49:32.026524+00:00,,,,,,,,,,,,,,,,,,,,,,,,,,,,"File not found: crawled_files/pa.gov/Self_Exclusion_Interactive_Gaming.pdf (crawled 0.0 day(s) ago at 2026-07-10T13:49:32.026524+00:00). Possible causes: failed download, incomplete artifact transfer, or stale manifest entry from a previous run."
https://responsibleplay.pa.gov/wp-content/uploads/Self_Exclusion_VGT.pdf,Self_Exclusion_VGT.pdf,pa.gov,,564776,551.5 KB,error,2026-07-10T13:49:32.031222+00:00,,,,,,,,,,,,,,,,,,,,,,,,,,,,"File not found: crawled_files/pa.gov/Self_Exclusion_VGT.pdf (crawled 0.0 day(s) ago at 2026-07-10T13:49:32.031222+00:00). Possible causes: failed download, incomplete artifact transfer, or stale manifest entry from a previous run."
https://responsibleplay.pa.gov/wp-content/uploads/Self_Imposed_Interactive_Gaming.pdf,Self_Imposed_Interactive_Gaming.pdf,pa.gov,,523150,510.9 KB,error,2026-07-10T13:49:32.035709+00:00,,,,,,,,,,,,,,,,,,,,,,,,,,,,"File not found: crawled_files/pa.gov/Self_Imposed_Interactive_Gaming.pdf (crawled 0.0 day(s) ago at 2026-07-10T13:49:32.035709+00:00). Possible causes: failed download, incomplete artifact transfer, or stale manifest entry from a previous run."
https://www.pa.gov/content/dam/copapwp-pagov/en/dhs/documents/services/assistance/documents/from-old-site/mental-health-services/Victim%20Notification%20Program%20Enrollment%20Form.pdf,Victim%20Notification%20Program%20Enrollment%20Form.pdf,pa.gov,,15400,15.0 KB,error,2026-07-10T13:49:32.038928+00:00,,,,,,,,,,,,,,,,,,,,,,,,,,,,"File not found: crawled_files/pa.gov/Victim%20Notification%20Program%20Enrollment%20Form.pdf (crawled 0.0 day(s) ago at 2026-07-10T13:49:32.038928+00:00). Possible causes: failed download, incomplete artifact transfer, or stale manifest entry from a previous run."
https://www.pa.gov/content/dam/copapwp-pagov/en/health/documents/topics/documents/opioids/Xylazine%20Public%20Info.pdf,Xylazine%20Public%20Info.pdf,pa.gov,,134942,131.8 KB,error,2026-07-10T13:49:32.042163+00:00,,,,,,,,,,,,,,,,,,,,,,,,,,,,"File not found: crawled_files/pa.gov/Xylazine%20Public%20Info.pdf (crawled 0.0 day(s) ago at 2026-07-10T13:49:32.042163+00:00). Possible causes: failed download, incomplete artifact transfer, or stale manifest entry from a previous run."
https://www.pa.gov/content/dam/copapwp-pagov/en/ddap/documents/professionals/documents/sca-manuals-and-incorporated-documents/a%20-%20standard%20general%20terms%20and%20conditions%20rev.%2011-21.pdf,a%20-%20standard%20general%20terms%20and%20conditions%20rev.%2011-21.pdf,pa.gov,,233109,227.6 KB,error,2026-07-10T13:49:32.045867+00:00,,,,,,,,,,,,,,,,,,,,,,,,,,,,"File not found: crawled_files/pa.gov/a%20-%20standard%20general%20terms%20and%20conditions%20rev.%2011-21.pdf (crawled 0.0 day(s) ago at 2026-07-10T13:49:32.045867+00:00). Possible causes: failed download, incomplete artifact transfer, or stale manifest entry from a previous run."
https://www.pa.gov/content/dam/copapwp-pagov/en/ddap/documents/professionals/documents/procurement/a%20-%20standard%20general%20terms%20and%20conditions.pdf,a%20-%20standard%20general%20terms%20and%20conditions.pdf,pa.gov,,233109,227.6 KB,error,2026-07-10T13:49:32.049614+00:00,,,,,,,,,,,,,,,,,,,,,,,,,,,,"File not found: crawled_files/pa.gov/a%20-%20standard%20general%20terms%20and%20conditions.pdf (crawled 0.0 day(s) ago at 2026-07-10T13:49:32.049614+00:00). Possible causes: failed download, incomplete artifact transfer, or stale manifest entry from a previous run."
https://www.pa.gov/content/dam/copapwp-pagov/en/ddap/documents/documents/sca-agreement---incorporated-documents/a-%20standard%20general%20terms%20and%20conditions%20rev%207-15.pdf,a-%20standard%20general%20terms%20and%20conditions%20rev%207-15.pdf,pa.gov,,242211,236.5 KB,error,2026-07-10T13:49:32.053748+00:00,,,,,,,,,,,,,,,,,,,,,,,,,,,,"File not found: crawled_files/pa.gov/a-%20standard%20general%20terms%20and%20conditions%20rev%207-15.pdf (crawled 0.0 day(s) ago at 2026-07-10T13:49:32.053748+00:00). Possible causes: failed download, incomplete artifact transfer, or stale manifest entry from a previous run."
https://www.pa.gov/content/dam/copapwp-pagov/en/ddap/documents/licensing/documents/licensing-alerts/alert%202022-02.pdf,alert%202022-02.pdf,pa.gov,,230828,225.4 KB,error,2026-07-10T13:49:32.069795+00:00,,,,,,,,,,,,,,,,,,,,,,,,,,,,"File not found: crawled_files/pa.gov/alert%202022-02.pdf (crawled 0.0 day(s) ago at 2026-07-10T13:49:32.069795+00:00). Possible causes: failed download, incomplete artifact transfer, or stale manifest entry from a previous run."
https://www.pa.gov/content/dam/copapwp-pagov/en/ddap/documents/licensing/documents/licensing-alerts/alert%202022-03.pdf,alert%202022-03.pdf,pa.gov,,279754,273.2 KB,error,2026-07-10T13:49:32.074398+00:00,,,,,,,,,,,,,,,,,,,,,,,,,,,,"File not found: crawled_files/pa.gov/alert%202022-03.pdf (crawled 0.0 day(s) ago at 2026-07-10T13:49:32.074398+00:00). Possible causes: failed download, incomplete artifact transfer, or stale manifest entry from a previous run."
https://www.pa.gov/content/dam/copapwp-pagov/en/dli/documents/individuals/labor-management-relations/llc/minimum-wage/documents/application%20for%20license_llc-18%20rev%2007-22.pdf,application%20for%20license_llc-18%20rev%2007-22.pdf,pa.gov,,201501,196.8 KB,error,2026-07-10T13:49:32.078761+00:00,,,,,,,,,,,,,,,,,,,,,,,,,,,,"File not found: crawled_files/pa.gov/application%20for%20license_llc-18%20rev%2007-22.pdf (crawled 0.0 day(s) ago at 2026-07-10T13:49:32.078761+00:00). Possible causes: failed download, incomplete artifact transfer, or stale manifest entry from a previous run."
https://www.pa.gov/content/dam/copapwp-pagov/en/dli/documents/individuals/labor-management-relations/llc/minimum-wage/documents/application%20for%20special%20certificate%20for%20the%20employment%20of%20learners_llc-4%20rev%2006-22.pdf,application%20for%20special%20certificate%20for%20the%20employment%20of%20learners_llc-4%20rev%2006-22.pdf,pa.gov,,205566,200.7 KB,error,2026-07-10T13:49:32.083136+00:00,,,,,,,,,,,,,,,,,,,,,,,,,,,,"File not found: crawled_files/pa.gov/application%20for%20special%20certificate%20for%20the%20employment%20of%20learners_llc-4%20rev%2006-22.pdf (crawled 0.0 day(s) ago at 2026-07-10T13:49:32.083136+00:00). Possible causes: failed download, incomplete artifact transfer, or stale manifest entry from a previous run."
https://www.pa.gov/content/dam/copapwp-pagov/en/education/documents/resources/codes-and-regulations/application%20for%20work%20permit.pdf,application%20for%20work%20permit.pdf,pa.gov,,323011,315.4 KB,error,2026-07-10T13:49:32.087676+00:00,,,,,,,,,,,,,,,,,,,,,,,,,,,,"File not found: crawled_files/pa.gov/application%20for%20work%20permit.pdf (crawled 0.0 day(s) ago at 2026-07-10T13:49:32.087676+00:00). Possible causes: failed download, incomplete artifact transfer, or stale manifest entry from a previous run."
https://www.pa.gov/content/dam/copapwp-pagov/en/ddap/documents/documents/agency-forms/licensure/application%20request%20form_rev%2002.2025.pdf,application%20request%20form_rev%2002.2025.pdf,pa.gov,,110504,107.9 KB,error,2026-07-10T13:49:32.091698+00:00,,,,,,,,,,,,,,,,,,,,,,,,,,,,"File not found: crawled_files/pa.gov/application%20request%20form_rev%2002.2025.pdf (crawled 0.0 day(s) ago at 2026-07-10T13:49:32.091698+00:00). Possible causes: failed download, incomplete artifact transfer, or stale manifest entry from a previous run."
https://www.pa.gov/content/dam/copapwp-pagov/en/ddap/documents/documents/agency-forms/licensure/application%20request%20form_rev_08.2024.pdf,application%20request%20form_rev_08.2024.pdf,pa.gov,,340302,332.3 KB,error,2026-07-10T13:49:32.096526+00:00,,,,,,,,,,,,,,,,,,,,,,,,,,,,"File not found: crawled_files/pa.gov/application%20request%20form_rev_08.2024.pdf (crawled 0.0 day(s) ago at 2026-07-10T13:49:32.096526+00:00). Possible causes: failed download, incomplete artifact transfer, or stale manifest entry from a previous run."
https://www.pa.gov/content/dam/copapwp-pagov/en/ddap/documents/professionals/technical-assistance-webinars/april%202025%20ddap%20monthly%20technical%20assistance%20series%20harm%20reduction.pdf,april%202025%20ddap%20monthly%20technical%20assistance%20series%20harm%20reduction.pdf,pa.gov,,1728877,1.6 MB,error,2026-07-10T13:49:32.105096+00:00,,,,,,,,,,,,,,,,,,,,,,,,,,,,"File not found: crawled_files/pa.gov/april%202025%20ddap%20monthly%20technical%20assistance%20series%20harm%20reduction.pdf (crawled 0.0 day(s) ago at 2026-07-10T13:49:32.105096+00:00). Possible causes: failed download, incomplete artifact transfer, or stale manifest entry from a previous run."
https://www.pa.gov/content/dam/copapwp-pagov/en/ddap/documents/documents/asam/asam%20alignment%20infographic.pdf,asam%20alignment%20infographic.pdf,pa.gov,,3386142,3.2 MB,error,2026-07-10T13:49:32.118103+00:00,,,,,,,,,,,,,,,,,,,,,,,,,,,,"File not found: crawled_files/pa.gov/asam%20alignment%20infographic.pdf (crawled 0.0 day(s) ago at 2026-07-10T13:49:32.118103+00:00). Possible causes: failed download, incomplete artifact transfer, or stale manifest entry from a previous run."
https://www.pa.gov/content/dam/copapwp-pagov/en/ddap/documents/professionals/documents/asam-page/asam-update/asam%20explanation%20and%20status_05072018.pdf,asam%20explanation%20and%20status_05072018.pdf,pa.gov,,466011,455.1 KB,error,2026-07-10T13:49:32.124243+00:00,,,,,,,,,,,,,,,,,,,,,,,,,,,,"File not found: crawled_files/pa.gov/asam%20explanation%20and%20status_05072018.pdf (crawled 0.0 day(s) ago at 2026-07-10T13:49:32.124243+00:00). Possible causes: failed download, incomplete artifact transfer, or stale manifest entry from a previous run."
https://www.pa.gov/content/dam/copapwp-pagov/en/ddap/documents/professionals/documents/asam-page/asam-update/asam%20listening%20sessions%20presentation.pdf,asam%20listening%20sessions%20presentation.pdf,pa.gov,,511505,499.5 KB,error,2026-07-10T13:49:32.130303+00:00,,,,,,,,,,,,,,,,,,,,,,,,,,,,"File not found: crawled_files/pa.gov/asam%20listening%20sessions%20presentation.pdf (crawled 0.0 day(s) ago at 2026-07-10T13:49:32.130303+00:00). Possible causes: failed download, incomplete artifact transfer, or stale manifest entry from a previous run."
https://www.pa.gov/content/dam/copapwp-pagov/en/ddap/documents/professionals/documents/asam-page/asam-update/asam%20monthly%20ta%20webinar.august.2023.pdf,asam%20monthly%20ta%20webinar.august.2023.pdf,pa.gov,,768295,750.3 KB,error,2026-07-10T13:49:32.136999+00:00,,,,,,,,,,,,,,,,,,,,,,,,,,,,"File not found: crawled_files/pa.gov/asam%20monthly%20ta%20webinar.august.2023.pdf (crawled 0.0 day(s) ago at 2026-07-10T13:49:32.136999+00:00). Possible causes: failed download, incomplete artifact transfer, or stale manifest entry from a previous run."
https://www.pa.gov/content/dam/copapwp-pagov/en/ddap/documents/professionals/documents/asam-page/asam-update/asam%20ta%20call%20april%202024_%20provider%20alignment%20reviews.pdf,asam%20ta%20call%20april%202024_%20provider%20alignment%20reviews.pdf,pa.gov,,375168,366.4 KB,error,2026-07-10T13:49:32.142672+00:00,,,,,,,,,,,,,,,,,,,,,,,,,,,,"File not found: crawled_files/pa.gov/asam%20ta%20call%20april%202024_%20provider%20alignment%20reviews.pdf (crawled 0.0 day(s) ago at 2026-07-10T13:49:32.142672+00:00). Possible causes: failed download, incomplete artifact transfer, or stale manifest entry from a previous run."
https://www.pa.gov/content/dam/copapwp-pagov/en/ddap/documents/professionals/documents/asam-page/asam-update/asam%20ta%20webinar.june2023.pdf,asam%20ta%20webinar.june2023.pdf,pa.gov,,2053203,2.0 MB,pending,2026-07-10T13:49:32.152695+00:00,,,,,,,,,,,,,,,,,,,,,,,,,,,,
https://www.pa.gov/content/dam/copapwp-pagov/en/ddap/documents/professionals/documents/asam-page/asam-update/asam%20ta_12.06.pdf,asam%20ta_12.06.pdf,pa.gov,,2259311,2.2 MB,pending,2026-07-10T13:49:32.163476+00:00,,,,,,,,,,,,,,,,,,,,,,,,,,,,
https://www.pa.gov/content/dam/copapwp-pagov/en/ddap/documents/professionals/documents/asam-page/asam-update/asam-alignment-faq.pdf,asam-alignment-faq.pdf,pa.gov,,297584,290.6 KB,pending,2026-07-10T13:49:32.169455+00:00,,,,,,,,,,,,,,,,,,,,,,,,,,,,
https://www.pa.gov/content/dam/copapwp-pagov/en/ddap/documents/professionals/documents/asam-page/asam-update/asam_criteria_training_options_2025.pdf,asam_criteria_training_options_2025.pdf,pa.gov,,322843,315.3 KB,pending,2026-07-10T13:49:32.175039+00:00,,,,,,,,,,,,,,,,,,,,,,,,,,,,
https://www.pa.gov/content/dam/copapwp-pagov/en/ddap/documents/professionals/documents/asam-page/asam-update/asam_monthly_ta_june2022%20.pdf,asam_monthly_ta_june2022%20.pdf,pa.gov,,298920,291.9 KB,pending,2026-07-10T13:49:32.180248+00:00,,,,,,,,,,,,,,,,,,,,,,,,,,,,
https://www.pa.gov/content/dam/copapwp-pagov/en/ddap/documents/professionals/documents/asam-page/asam-update/asam_ta_%20qa_jan2022.pdf,asam_ta_%20qa_jan2022.pdf,pa.gov,,130614,127.6 KB,pending,2026-07-10T13:49:32.184799+00:00,,,,,,,,,,,,,,,,,,,,,,,,,,,,
https://www.pa.gov/content/dam/copapwp-pagov/en/ddap/documents/professionals/technical-assistance-webinars/august%202025%20the%20asam%20criteria%20infrastructure%20readiness.pdf,august%202025%20the%20asam%20criteria%20infrastructure%20readiness.pdf,pa.gov,,1041052,1016.7 KB,pending,2026-07-10T13:49:32.191499+00:00,,,,,,,,,,,,,,,,,,,,,,,,,,,,
https://www.pa.gov/content/dam/copapwp-pagov/en/ddap/documents/professionals/documents/asam-page/asam-update/august%20asam%20ta%20call%20record%20review%208.1.22.pdf,august%20asam%20ta%20call%20record%20review%208.1.22.pdf,pa.gov,,1236652,1.2 MB,pending,2026-07-10T13:49:32.198714+00:00,,,,,,,,,,,,,,,,,,,,,,,,,,,,
https://www.pa.gov/content/dam/copapwp-pagov/en/ddap/documents/professionals/documents/sca-manuals-and-incorporated-documents/b%20-%20audit%20requirements%20rev.%2007-20.pdf,b%20-%20audit%20requirements%20rev.%2007-20-0.pdf,pa.gov,,180193,176.0 KB,pending,2026-07-10T13:49:32.205739+00:00,,,,,,,,,,,,,,,,,,,,,,,,,,,,
https://www.pa.gov/content/dam/copapwp-pagov/en/ddap/documents/professionals/documents/procurement/b%20-%20audit%20requirements%20rev.%2007-20.pdf,b%20-%20audit%20requirements%20rev.%2007-20.pdf,pa.gov,,168073,164.1 KB,pending,2026-07-10T13:49:32.209269+00:00,,,,,,,,,,,,,,,,,,,,,,,,,,,,
https://www.pa.gov/content/dam/copapwp-pagov/en/ddap/documents/documents/sca-agreement---incorporated-documents/b-%20audit%20requirements%20rev%2007-15.pdf,b-%20audit%20requirements%20rev%2007-15.pdf,pa.gov,,207517,202.7 KB,pending,2026-07-10T13:49:32.212286+00:00,,,,,,,,,,,,,,,,,,,,,,,,,,,,
https://www.pa.gov/content/dam/copapwp-pagov/en/ddap/documents/documents/data-system/baa.qsoa%20pa%20ddap.pdf,baa.qsoa%20pa%20ddap.pdf,pa.gov,,201696,197.0 KB,pending,2026-07-10T13:49:32.215173+00:00,,,,,,,,,,,,,,,,,,,,,,,,,,,,
https://www.pa.gov/content/dam/copapwp-pagov/en/ddap/documents/professionals/documents/asam-page/asam-update/bridge%20service%20programs.pdf,bridge%20service%20programs.pdf,pa.gov,,84461,82.5 KB,pending,2026-07-10T13:49:32.217730+00:00,,,,,,,,,,,,,,,,,,,,,,,,,,,,
https://www.pa.gov/content/dam/copapwp-pagov/en/ddap/documents/professionals/documents/procurement/c%20-%20commonwealth%20travel%20and%20subsistance%20rates%20rev.%2007-20.pdf,c%20-%20commonwealth%20travel%20and%20subsistance%20rates%20rev.%2007-20.pdf,pa.gov,,76478,74.7 KB,pending,2026-07-10T13:49:32.220244+00:00,,,,,,,,,,,,,,,,,,,,,,,,,,,,
https://www.pa.gov/content/dam/copapwp-pagov/en/ddap/documents/documents/sca-agreement---incorporated-documents/c-%20commonwealth%20travel%20and%20subsistance%20rates%20rev%2007-15.pdf,c-%20commonwealth%20travel%20and%20subsistance%20rates%20rev%2007-15.pdf,pa.gov,,87585,85.5 KB,pending,2026-07-10T13:49:32.222688+00:00,,,,,,,,,,,,,,,,,,,,,,,,,,,,
https://www.pa.gov/content/dam/copapwp-pagov/en/dhs/documents/docs/documents/odp/c_286660.pdf,c_286660.pdf,pa.gov,,312381,305.1 KB,pending,2026-07-10T13:49:32.225769+00:00,,,,,,,,,,,,,,,,,,,,,,,,,,,,
https://www.pa.gov/content/dam/copapwp-pagov/en/psp/documents/cdr/cdr_2023.pdf,cdr_2023.pdf,pa.gov,,2227331,2.1 MB,pending,2026-07-10T13:49:32.233782+00:00,,,,,,,,,,,,,,,,,,,,,,,,,,,,
https://www.pa.gov/content/dam/copapwp-pagov/en/psp/documents/cdr/cdr_2024.pdf,cdr_2024.pdf,pa.gov,,3084974,2.9 MB,pending,2026-07-10T13:49:32.244976+00:00,,,,,,,,,,,,,,,,,,,,,,,,,,,,
https://www.pa.gov/content/dam/copapwp-pagov/en/ddap/documents/documents/agency-publications/overdose/clinicalpathwaysroadposter.pdf,clinicalpathwaysroadposter.pdf,pa.gov,,3932583,3.8 MB,pending,2026-07-10T13:49:32.258909+00:00,,,,,,,,,,,,,,,,,,,,,,,,,,,,
https://www.pa.gov/content/dam/copapwp-pagov/en/ddap/documents/professionals/documents/sca-manuals-and-incorporated-documents/cmcs-manual-2026-2030.pdf,cmcs-manual-2026-2030.pdf,pa.gov,,1112871,1.1 MB,pending,2026-07-10T13:49:32.266448+00:00,,,,,,,,,,,,,,,,,,,,,,,,,,,,
https://www.cms.gov/Regulations-and-Guidance/Legislation/DeficitReductionAct/Downloads/cmip2014.pdf,cmip2014.pdf,pa.gov,cms.gov,217392,212.3 KB,pending,2026-07-10T13:49:32.271067+00:00,,,,,,,,,,,,,,,,,,,,,,,,,,,,
https://www.pa.gov/content/dam/copapwp-pagov/en/education/documents/schools/food-and-nutrition/fsmc/combined-instructions-registration-renewal.pdf,combined-instructions-registration-renewal.pdf,pa.gov,,1082398,1.0 MB,pending,2026-07-10T13:49:32.277214+00:00,,,,,,,,,,,,,,,,,,,,,,,,,,,,
https://www.pa.gov/content/dam/copapwp-pagov/en/phrc/phrc-outreach/english/commercial%20property%20discrimination%20(1).pdf,commercial%20property%20discrimination%20(1).pdf,pa.gov,,221770,216.6 KB,pending,2026-07-10T13:49:32.281792+00:00,,,,,,,,,,,,,,,,,,,,,,,,,,,,
https://www.pa.gov/content/dam/copapwp-pagov/en/phrc/phrc-outreach/spanish-translations/commercial%20property%20discrimination%20spanish.pdf,commercial%20property%20discrimination%20spanish.pdf,pa.gov,,524769,512.5 KB,pending,2026-07-10T13:49:32.287068+00:00,,,,,,,,,,,,,,,,,,,,,,,,,,,,
https://www.pa.gov/content/dam/copapwp-pagov/en/dli/documents/individuals/disability-services/odhh/odhh-resources/documents/community%20and%20culture.pdf,community%20and%20culture.pdf,pa.gov,,242798,237.1 KB,pending,2026-07-10T13:49:32.291960+00:00,,,,,,,,,,,,,,,,,,,,,,,,,,,,
https://www.pa.gov/content/dam/copapwp-pagov/en/ddap/documents/documents/training/confidentiality%20faq.pdf,confidentiality%20faq.pdf,pa.gov,,679173,663.3 KB,pending,2026-07-10T13:49:32.297964+00:00,,,,,,,,,,,,,,,,,,,,,,,,,,,,
https://www.pa.gov/content/dam/copapwp-pagov/en/ddap/documents/professionals/technical-assistance-webinars/confidentiality%20webinar%202.pdf,confidentiality%20webinar%202.pdf,pa.gov,,311810,304.5 KB,pending,2026-07-10T13:49:32.303069+00:00,,,,,,,,,,,,,,,,,,,,,,,,,,,,
https://www.pa.gov/content/dam/copapwp-pagov/en/ddap/documents/documents/agency-publications/confidentiality_federal_state_regulations_guide.pdf,confidentiality_federal_state_regulations_guide.pdf,pa.gov,,2176335,2.1 MB,pending,2026-07-10T13:49:32.314329+00:00,,,,,,,,,,,,,,,,,,,,,,,,,,,,
https://www.pa.gov/content/dam/copapwp-pagov/en/ddap/documents/licensing/documents/recovery-house-licensing/consent%20to%20residency%20form.pdf,consent%20to%20residency%20form.pdf,pa.gov,,79186,77.3 KB,pending,2026-07-10T13:49:32.319246+00:00,,,,,,,,,,,,,,,,,,,,,,,,,,,,
https://www.pa.gov/content/dam/copapwp-pagov/en/ddap/documents/professionals/documents/asam-page/asam-update/conversations%20with%20scott%20boyles%20iv.pdf,conversations%20with%20scott%20boyles%20iv.pdf,pa.gov,,642203,627.2 KB,pending,2026-07-10T13:49:32.325248+00:00,,,,,,,,,,,,,,,,,,,,,,,,,,,,
https://www.pa.gov/content/dam/copapwp-pagov/en/ddap/documents/professionals/documents/asam-page/asam-update/conversations%20with%20scott%20boyles%20part%20iii.pdf,conversations%20with%20scott%20boyles%20part%20iii.pdf,pa.gov,,664684,649.1 KB,pending,2026-07-10T13:49:32.331354+00:00,,,,,,,,,,,,,,,,,,,,,,,,,,,,
https://www.pa.gov/content/dam/copapwp-pagov/en/dli/documents/individuals/disability-services/odhh/documents/covid19_odhh_callcenterguide.pdf,covid19_odhh_callcenterguide.pdf,pa.gov,,160704,156.9 KB,pending,2026-07-10T13:49:32.336170+00:00,,,,,,,,,,,,,,,,,,,,,,,,,,,,
https://www.pa.gov/content/dam/copapwp-pagov/en/dli/documents/individuals/disability-services/odhh/documents/covid19_odhh_commcard_final.pdf,covid19_odhh_commcard_final.pdf,pa.gov,,255138,249.2 KB,pending,2026-07-10T13:49:32.341157+00:00,,,,,,,,,,,,,,,,,,,,,,,,,,,,
https://www.pa.gov/content/dam/copapwp-pagov/en/ddap/documents/documents/agency-publications/overdose/cpathwaysposterafterod.pdf,cpathwaysposterafterod.pdf,pa.gov,,6887107,6.6 MB,pending,2026-07-10T13:49:32.363672+00:00,,,,,,,,,,,,,,,,,,,,,,,,,,,,
https://www.pa.gov/content/dam/copapwp-pagov/en/dli/documents/individuals/disability-services/cti-hgac/documents/cti-hgac-request-transcript-form.pdf,cti-hgac-request-transcript-form.pdf,pa.gov,,276241,269.8 KB,pending,2026-07-10T13:49:32.370493+00:00,,,,,,,,,,,,,,,,,,,,,,,,,,,,
https://www.pa.gov/content/dam/copapwp-pagov/en/psp/documents/cvsd/cvsd_safety_presentation_request.pdf,cvsd_safety_presentation_request.pdf,pa.gov,,826851,807.5 KB,pending,2026-07-10T13:49:32.378508+00:00,,,,,,,,,,,,,,,,,,,,,,,,,,,,
https://www.pa.gov/content/dam/copapwp-pagov/en/dhs/documents/providers/documents/early-learning/certification/child-care-forms/cy113-form-english-accessible.pdf,cy113-form-english-accessible.pdf,pa.gov,,814991,795.9 KB,pending,2026-07-10T13:49:32.386279+00:00,,,,,,,,,,,,,,,,,,,,,,,,,,,,
https://www.pa.gov/content/dam/copapwp-pagov/en/ddap/documents/professionals/documents/procurement/d%20-%20federal%20lobbying%20certification%20and%20disclosure%20rev%2012-05.pdf,d%20-%20federal%20lobbying%20certification%20and%20disclosure%20rev%2012-05.pdf,pa.gov,,143486,140.1 KB,pending,2026-07-10T13:49:32.391981+00:00,,,,,,,,,,,,,,,,,,,,,,,,,,,,
https://www.pa.gov/content/dam/copapwp-pagov/en/ddap/documents/professionals/documents/sca-manuals-and-incorporated-documents/d%20-%20federal_lobbying_certanddisclosure_rev12-05.pdf,d%20-%20federal_lobbying_certanddisclosure_rev12-05.pdf,pa.gov,,126278,123.3 KB,pending,2026-07-10T13:49:32.397182+00:00,,,,,,,,,,,,,,,,,,,,,,,,,,,,
https://www.pa.gov/content/dam/copapwp-pagov/en/ddap/documents/documents/sca-agreement---incorporated-documents/d-%20federal%20lobbying%20certification%20and%20disclosure%20rev%2012-05.pdf,d-%20federal%20lobbying%20certification%20and%20disclosure%20rev%2012-05.pdf,pa.gov,,143486,140.1 KB,pending,2026-07-10T13:49:32.402116+00:00,,,,,,,,,,,,,,,,,,,,,,,,,,,,
https://www.pa.gov/content/dam/copapwp-pagov/en/ddap/documents/professionals/documents/asam-page/ddap%20clinical%20credentials.pdf,ddap%20clinical%20credentials.pdf,pa.gov,,35759,34.9 KB,pending,2026-07-10T13:49:32.406441+00:00,,,,,,,,,,,,,,,,,,,,,,,,,,,,
https://www.pa.gov/content/dam/copapwp-pagov/en/ddap/documents/professionals/documents/asam-page/asam-update/ddap%20monthly%20asam%20technical%20assistance-%20july%20conversations%20with%20scott%20boyles.pdf,ddap%20monthly%20asam%20technical%20assistance-%20july%20conversations%20with%20scott%20boyles.pdf,pa.gov,,653406,638.1 KB,pending,2026-07-10T13:49:32.411231+00:00,,,,,,,,,,,,,,,,,,,,,,,,,,,,
https://www.pa.gov/content/dam/copapwp-pagov/en/ddap/documents/professionals/technical-assistance-webinars/ddap%20monthly%20technical%20assistance%20series%20behavioral%20interventions%20a%20providers%20response.pdf,ddap%20monthly%20technical%20assistance%20series%20behavioral%20interventions%20a%20providers%20response.pdf,pa.gov,,748154,730.6 KB,pending,2026-07-10T13:49:32.415878+00:00,,,,,,,,,,,,,,,,,,,,,,,,,,,,
https://www.pa.gov/content/dam/copapwp-pagov/en/ddap/documents/documents/data-system/ddap%20policy%20bulletin%2017-01.pdf,ddap%20policy%20bulletin%2017-01.pdf,pa.gov,,517495,505.4 KB,pending,2026-07-10T13:49:32.419794+00:00,,,,,,,,,,,,,,,,,,,,,,,,,,,,
https://www.pa.gov/content/dam/copapwp-pagov/en/ddap/documents/professionals/gambling-providers/ddap-efm-1300-problem-gambling-services-agency-application.pdf,ddap-efm-1300-problem-gambling-services-agency-application.pdf,pa.gov,,1157706,1.1 MB,pending,2026-07-10T13:49:32.425458+00:00,,,,,,,,,,,,,,,,,,,,,,,,,,,,
https://www.pa.gov/content/dam/copapwp-pagov/en/ddap/documents/professionals/gambling-providers/ddap-efm-1301-problem-gambling-services-sole-practitioner-application.pdf,ddap-efm-1301-problem-gambling-services-sole-practitioner-application.pdf,pa.gov,,259437,253.4 KB,pending,2026-07-10T13:49:32.428979+00:00,,,,,,,,,,,,,,,,,,,,,,,,,,,,
https://www.pa.gov/content/dam/copapwp-pagov/en/ddap/documents/professionals/gambling-providers/ddap-efm-1302-behavioral-health-screen-form.pdf,ddap-efm-1302-behavioral-health-screen-form.pdf,pa.gov,,2347969,2.2 MB,pending,2026-07-10T13:49:32.437587+00:00,,,,,,,,,,,,,,,,,,,,,,,,,,,,
https://www.pa.gov/content/dam/copapwp-pagov/en/ddap/documents/professionals/gambling-providers/ddap-efm-1303%20-%20request%20for%20liability%20reduction%20or%20elimination%20form.pdf,ddap-efm-1303%20-%20request%20for%20liability%20reduction%20or%20elimination%20form.pdf,pa.gov,,1840709,1.8 MB,pending,2026-07-10T13:49:32.445839+00:00,,,,,,,,,,,,,,,,,,,,,,,,,,,,
https://www.pa.gov/content/dam/copapwp-pagov/en/ddap/documents/professionals/gambling-providers/ddap-efm-1304-gambling-outpatient-admission-form.pdf,ddap-efm-1304-gambling-outpatient-admission-form.pdf,pa.gov,,4478525,4.3 MB,pending,2026-07-10T13:49:32.461784+00:00,,,,,,,,,,,,,,,,,,,,,,,,,,,,
https://www.pa.gov/content/dam/copapwp-pagov/en/ddap/documents/professionals/gambling-providers/ddap-efm-1305-gambling-outpatient-discharge-treatment-form.pdf,ddap-efm-1305-gambling-outpatient-discharge-treatment-form.pdf,pa.gov,,1896453,1.8 MB,pending,2026-07-10T13:49:32.472646+00:00,,,,,,,,,,,,,,,,,,,,,,,,,,,,
https://www.pa.gov/content/dam/copapwp-pagov/en/ddap/documents/professionals/gambling-providers/ddap-efm-1307-outpatient-agency-staff-change-request.pdf,ddap-efm-1307-outpatient-agency-staff-change-request.pdf,pa.gov,,1779328,1.7 MB,pending,2026-07-10T13:49:32.482976+00:00,,,,,,,,,,,,,,,,,,,,,,,,,,,,
https://www.pa.gov/content/dam/copapwp-pagov/en/ddap/documents/professionals/gambling-providers/ddap-efm-1320-request-for-outpatient-client-authorization.pdf,ddap-efm-1320-request-for-outpatient-client-authorization.pdf,pa.gov,,1743588,1.7 MB,pending,2026-07-10T13:49:32.493053+00:00,,,,,,,,,,,,,,,,,,,,,,,,,,,,
https://www.pa.gov/content/dam/copapwp-pagov/en/ddap/documents/professionals/gambling-providers/ddap-efm-1322-gambling-cm-admission-form.pdf,ddap-efm-1322-gambling-cm-admission-form.pdf,pa.gov,,3051795,2.9 MB,pending,2026-07-10T13:49:32.506454+00:00,,,,,,,,,,,,,,,,,,,,,,,,,,,,
https://www.pa.gov/content/dam/copapwp-pagov/en/ddap/documents/professionals/gambling-providers/ddap-efm-1323-pg-cm-assessment-form.pdf,ddap-efm-1323-pg-cm-assessment-form.pdf,pa.gov,,13465012,12.8 MB,pending,2026-07-10T13:49:32.547140+00:00,,,,,,,,,,,,,,,,,,,,,,,,,,,,
https://www.pa.gov/content/dam/copapwp-pagov/en/ddap/documents/professionals/gambling-providers/ddap-efm-1324-pg-cm-service-plan.pdf,ddap-efm-1324-pg-cm-service-plan.pdf,pa.gov,,2118949,2.0 MB,pending,2026-07-10T13:49:32.558855+00:00,,,,,,,,,,,,,,,,,,,,,,,,,,,,
https://www.pa.gov/content/dam/copapwp-pagov/en/ddap/documents/professionals/gambling-providers/ddap-efm-1325-pg-cm-discharge-form.pdf,ddap-efm-1325-pg-cm-discharge-form.pdf,pa.gov,,2035898,1.9 MB,pending,2026-07-10T13:49:32.570164+00:00,,,,,,,,,,,,,,,,,,,,,,,,,,,,
https://www.pa.gov/content/dam/copapwp-pagov/en/ddap/documents/professionals/gambling-providers/ddap-efm-1326-pg-outpatient-and-cm-discharge-plan-and-summary.pdf,ddap-efm-1326-pg-outpatient-and-cm-discharge-plan-and-summary.pdf,pa.gov,,1312392,1.3 MB,pending,2026-07-10T13:49:32.579621+00:00,,,,,,,,,,,,,,,,,,,,,,,,,,,,
https://www.pa.gov/content/dam/copapwp-pagov/en/ddap/documents/professionals/gambling-providers/ddap-efm-1327-pg-outpatient-assessment-form.pdf,ddap-efm-1327-pg-outpatient-assessment-form.pdf,pa.gov,,2826926,2.7 MB,pending,2026-07-10T13:49:32.592851+00:00,,,,,,,,,,,,,,,,,,,,,,,,,,,,
https://www.pa.gov/content/dam/copapwp-pagov/en/ddap/documents/professionals/gambling-providers/ddap-efm-1328-cm-client-authorization-form.pdf,ddap-efm-1328-cm-client-authorization-form.pdf,pa.gov,,1929993,1.8 MB,pending,2026-07-10T13:49:32.603376+00:00,,,,,,,,,,,,,,,,,,,,,,,,,,,,
https://www.pa.gov/content/dam/copapwp-pagov/en/ddap/documents/professionals/gambling-providers/ddap-efm-1329-pg-budget-assessment-tool.pdf,ddap-efm-1329-pg-budget-assessment-tool.pdf,pa.gov,,739830,722.5 KB,pending,2026-07-10T13:49:32.610481+00:00,,,,,,,,,,,,,,,,,,,,,,,,,,,,
https://www.pa.gov/content/dam/copapwp-pagov/en/ddap/documents/professionals/gambling-providers/ddap-efm-1330-cm-agency-staff-change-request.pdf,ddap-efm-1330-cm-agency-staff-change-request.pdf,pa.gov,,1390690,1.3 MB,pending,2026-07-10T13:49:32.618722+00:00,,,,,,,,,,,,,,,,,,,,,,,,,,,,
https://www.pa.gov/content/dam/copapwp-pagov/en/ddap/documents/professionals/gambling-providers/ddap-efm-1331-pg-grievance-appeal-reporting-form.pdf,ddap-efm-1331-pg-grievance-appeal-reporting-form.pdf,pa.gov,,168260,164.3 KB,pending,2026-07-10T13:49:32.624074+00:00,,,,,,,,,,,,,,,,,,,,,,,,,,,,
https://www.pa.gov/content/dam/copapwp-pagov/en/ddap/documents/documents/symposium/ddap-emerging-drug-trends-symposium-agenda-2026.pdf,ddap-emerging-drug-trends-symposium-agenda-2026.pdf,pa.gov,,291345,284.5 KB,pending,2026-07-10T13:49:32.629993+00:00,,,,,,,,,,,,,,,,,,,,,,,,,,,,
https://www.pa.gov/content/dam/copapwp-pagov/en/ddap/documents/documents/data-system/ddap-prevention-coding-guide.pdf,ddap-prevention-coding-guide.pdf,pa.gov,,612333,598.0 KB,pending,2026-07-10T13:49:32.637046+00:00,,,,,,,,,,,,,,,,,,,,,,,,,,,,
https://www.pa.gov/content/dam/copapwp-pagov/en/ddap/documents/documents/data-system/ddap-prevention-program-listing.pdf,ddap-prevention-program-listing.pdf,pa.gov,,786459,768.0 KB,pending,2026-07-10T13:49:32.645028+00:00,,,,,,,,,,,,,,,,,,,,,,,,,,,,
https://www.pa.gov/content/dam/copapwp-pagov/en/ddap/documents/documents/agency-reports/state-plan-and-annual-reports/ddap-state-plan-sept-2025.pdf,ddap-state-plan-sept-2025.pdf,pa.gov,,16000927,15.3 MB,pending,2026-07-10T13:49:32.692810+00:00,,,,,,,,,,,,,,,,,,,,,,,,,,,,
https://www.pa.gov/content/dam/copapwp-pagov/en/ddap/documents/documents/agency-reports/ddap-sudconfidentialityreport-final.pdf,ddap-sudconfidentialityreport-final.pdf,pa.gov,,978791,955.9 KB,pending,2026-07-10T13:49:32.701520+00:00,,,,,,,,,,,,,,,,,,,,,,,,,,,,
https://www.pa.gov/content/dam/copapwp-pagov/en/ddap/documents/overdose/documents/ddap-test-strip-webinar.pdf,ddap-test-strip-webinar.pdf,pa.gov,,7670042,7.3 MB,pending,2026-07-10T13:49:32.727692+00:00,,,,,,,,,,,,,,,,,,,,,,,,,,,,
https://www.pa.gov/content/dam/copapwp-pagov/en/dli/documents/individuals/disability-services/odhh/odhh-resources/documents/deaf%20and%20hard%20of%20hearing%20people.pdf,deaf%20and%20hard%20of%20hearing%20people.pdf,pa.gov,,214771,209.7 KB,pending,2026-07-10T13:49:32.734323+00:00,,,,,,,,,,,,,,,,,,,,,,,,,,,,
https://www.pa.gov/content/dam/copapwp-pagov/en/ddap/documents/professionals/documents/asam-page/asam-update/december%202023%20asam%20ta%20webinar.pdf,december%202023%20asam%20ta%20webinar.pdf,pa.gov,,423658,413.7 KB,pending,2026-07-10T13:49:32.740876+00:00,,,,,,,,,,,,,,,,,,,,,,,,,,,,
https://www.pa.gov/content/dam/copapwp-pagov/en/ddap/documents/professionals/documents/asam-page/asam-update/defining%20types%20of%20on-site%20reviews.pdf,defining%20types%20of%20on-site%20reviews.pdf,pa.gov,,541565,528.9 KB,pending,2026-07-10T13:49:32.747189+00:00,,,,,,,,,,,,,,,,,,,,,,,,,,,,
https://www.pa.gov/content/dam/copapwp-pagov/en/dli/documents/individuals/labor-management-relations/llc/prevailing-wage/documents/definition%20for%2022%20county%20building%20construction%20operators.pdf,definition%20for%2022%20county%20building%20construction%20operators.pdf,pa.gov,,388142,379.0 KB,pending,2026-07-10T13:49:32.752901+00:00,,,,,,,,,,,,,,,,,,,,,,,,,,,,
https://www.pa.gov/content/dam/copapwp-pagov/en/dli/documents/individuals/labor-management-relations/llc/prevailing-wage/documents/definition%20for%2029%20county%20heavy%20equipment%20operators.pdf,definition%20for%2029%20county%20heavy%20equipment%20operators.pdf,pa.gov,,388356,379.3 KB,pending,2026-07-10T13:49:32.758331+00:00,,,,,,,,,,,,,,,,,,,,,,,,,,,,
https://www.pa.gov/content/dam/copapwp-pagov/en/dli/documents/individuals/labor-management-relations/llc/prevailing-wage/documents/definitions%20for%2029%20county%20heavy.pdf,definitions%20for%2029%20county%20heavy.pdf,pa.gov,,345304,337.2 KB,pending,2026-07-10T13:49:32.762631+00:00,,,,,,,,,,,,,,,,,,,,,,,,,,,,
https://www.pa.gov/content/dam/copapwp-pagov/en/dli/documents/individuals/labor-management-relations/llc/prevailing-wage/documents/definitions%20for%2029%20county%20highway%20construction%20operators.pdf,definitions%20for%2029%20county%20highway%20construction%20operators.pdf,pa.gov,,268109,261.8 KB,pending,2026-07-10T13:49:32.765638+00:00,,,,,,,,,,,,,,,,,,,,,,,,,,,,
https://www.pa.gov/content/dam/copapwp-pagov/en/dli/documents/individuals/labor-management-relations/llc/prevailing-wage/documents/definitions%20for%20building%20operators%20in%20the%2033%20county%20area.pdf,definitions%20for%20building%20operators%20in%20the%2033%20county%20area.pdf,pa.gov,,354777,346.5 KB,pending,2026-07-10T13:49:32.768718+00:00,,,,,,,,,,,,,,,,,,,,,,,,,,,,
https://www.pa.gov/content/dam/copapwp-pagov/en/dli/documents/individuals/labor-management-relations/llc/prevailing-wage/documents/definitions%20for%20heavy%20and%20highway%20operators%20in%20the%2033%20county%20area.pdf,definitions%20for%20heavy%20and%20highway%20operators%20in%20the%2033%20county%20area.pdf,pa.gov,,123549,120.7 KB,pending,2026-07-10T13:49:32.772231+00:00,,,,,,,,,,,,,,,,,,,,,,,,,,,,
https://www.pa.gov/content/dam/copapwp-pagov/en/ddap/documents/professionals/documents/asam-page/asam-update/dhs%20ddap%20mh%20sud%20co-occurring%20disorder%20bulletin%20omhsas-23-03_4.6.2023_final.pdf,dhs%20ddap%20mh%20sud%20co-occurring%20disorder%20bulletin%20omhsas-23-03_4.6.2023_final.pdf,pa.gov,,269253,262.9 KB,pending,2026-07-10T13:49:32.776135+00:00,,,,,,,,,,,,,,,,,,,,,,,,,,,,
https://www.pa.gov/content/dam/copapwp-pagov/en/ready/documents/drap/activations/drap%20oak%20forest%20apartment%20complex%20fire%20activation%20notice.pdf,drap%20oak%20forest%20apartment%20complex%20fire%20activation%20notice.pdf,pa.gov,,200706,196.0 KB,pending,2026-07-10T13:49:32.782314+00:00,,,,,,,,,,,,,,,,,,,,,,,,,,,,
https://www.pa.gov/content/dam/copapwp-pagov/en/ready/documents/drap/resources/drap%20oak%20forest%20apartment%20complex%20fire%20what%20comes%20next%20(002).pdf,drap%20oak%20forest%20apartment%20complex%20fire%20what%20comes%20next%20(002).pdf,pa.gov,,227793,222.5 KB,pending,2026-07-10T13:49:32.785502+00:00,,,,,,,,,,,,,,,,,,,,,,,,,,,,
https://www.pa.gov/content/dam/copapwp-pagov/en/ddap/documents/professionals/documents/sca-manuals-and-incorporated-documents/e%20-%20minimum%20personal%20computer%20requirements%20rev.%2010-2019.pdf,e%20-%20minimum%20personal%20computer%20requirements%20rev.%2010-2019-0.pdf,pa.gov,,74978,73.2 KB,pending,2026-07-10T13:49:32.788054+00:00,,,,,,,,,,,,,,,,,,,,,,,,,,,,
https://www.pa.gov/content/dam/copapwp-pagov/en/ddap/documents/professionals/documents/procurement/e%20-%20minimum%20personal%20computer%20requirements%20rev.%2010-2019.pdf,e%20-%20minimum%20personal%20computer%20requirements%20rev.%2010-2019.pdf,pa.gov,,74978,73.2 KB,pending,2026-07-10T13:49:32.790457+00:00,,,,,,,,,,,,,,,,,,,,,,,,,,,,
https://www.pa.gov/content/dam/copapwp-pagov/en/ddap/documents/documents/sca-agreement---incorporated-documents/e-%20minimum%20personal%20computer%20hardware%20software%20and%20peripherals%20requirements%20rev%2007-15.pdf,e-%20minimum%20personal%20computer%20hardware%20software%20and%20peripherals%20requirements%20rev%2007-15.pdf,pa.gov,,79902,78.0 KB,pending,2026-07-10T13:49:32.792791+00:00,,,,,,,,,,,,,,,,,,,,,,,,,,,,
https://www.pa.gov/content/dam/copapwp-pagov/en/dli/documents/individuals/labor-management-relations/llc/construction-employee-e-verify/resources/documents/e-verify%20in%2030.pdf,e-verify%20in%2030.pdf,pa.gov,,2176653,2.1 MB,pending,2026-07-10T13:49:32.800650+00:00,,,,,,,,,,,,,,,,,,,,,,,,,,,,
https://www.pa.gov/content/dam/copapwp-pagov/en/phrc/phrc-outreach/portuguese-translations/education%20division%20civil%20rights%20protections%20for%20students-%20print%204-23-25%20pt.pdf,education%20division%20civil%20rights%20protections%20for%20students-%20print%204-23-25%20pt.pdf,pa.gov,,2429355,2.3 MB,pending,2026-07-10T13:49:32.809851+00:00,,,,,,,,,,,,,,,,,,,,,,,,,,,,
https://www.pa.gov/content/dam/copapwp-pagov/en/phrc/phrc-outreach/vietnamese-translations/education%20division%20civil%20rights%20protections%20for%20students-%20print%204-23-25%20vt.pdf,education%20division%20civil%20rights%20protections%20for%20students-%20print%204-23-25%20vt.pdf,pa.gov,,2476380,2.4 MB,pending,2026-07-10T13:49:32.819423+00:00,,,,,,,,,,,,,,,,,,,,,,,,,,,,
https://www.pa.gov/content/dam/copapwp-pagov/en/phrc/phrc-outreach/english/education%20division%20civil%20rights%20protections%20for%20students.pdf,education%20division%20civil%20rights%20protections%20for%20students.pdf,pa.gov,,962563,940.0 KB,pending,2026-07-10T13:49:32.825027+00:00,,,,,,,,,,,,,,,,,,,,,,,,,,,,
https://www.pa.gov/content/dam/copapwp-pagov/en/phrc/phrc-outreach/spanish-translations/education%20protections%20ft-es-us.pdf,education%20protections%20ft-es-us.pdf,pa.gov,,1541756,1.5 MB,pending,2026-07-10T13:49:32.831987+00:00,,,,,,,,,,,,,,,,,,,,,,,,,,,,
https://www.pa.gov/content/dam/copapwp-pagov/en/phrc/phrc-outreach/english/education%20protections.pdf,education%20protections.pdf,pa.gov,,1281870,1.2 MB,pending,2026-07-10T13:49:32.838113+00:00,,,,,,,,,,,,,,,,,,,,,,,,,,,,
https://www.pa.gov/content/dam/copapwp-pagov/en/dli/documents/individuals/disability-services/employment-first/documents/efoc-2021-annual-report.pdf,efoc-2021-annual-report.pdf,pa.gov,,1383196,1.3 MB,pending,2026-07-10T13:49:32.847514+00:00,,,,,,,,,,,,,,,,,,,,,,,,,,,,
https://www.pa.gov/content/dam/copapwp-pagov/en/dli/documents/individuals/disability-services/employment-first/documents/efoc-annual-report-2025.pdf,efoc-annual-report-2025.pdf,pa.gov,,1133272,1.1 MB,pending,2026-07-10T13:49:32.852970+00:00,,,,,,,,,,,,,,,,,,,,,,,,,,,,
https://www.pa.gov/content/dam/copapwp-pagov/en/ddap/documents/licensing/documents/email%20registration%20request%20for%20facility%20directors%20form%20fillable.pdf,email%20registration%20request%20for%20facility%20directors%20form%20fillable.pdf,pa.gov,,77745,75.9 KB,pending,2026-07-10T13:49:32.855674+00:00,,,,,,,,,,,,,,,,,,,,,,,,,,,,
https://www.pa.gov/content/dam/copapwp-pagov/en/dli/documents/individuals/disability-services/employment-first/documents/employment%20first%20oversight%20commission%20report-2-.pdf,employment%20first%20oversight%20commission%20report-2-.pdf,pa.gov,,1812093,1.7 MB,pending,2026-07-10T13:49:32.864999+00:00,,,,,,,,,,,,,,,,,,,,,,,,,,,,
https://www.pa.gov/content/dam/copapwp-pagov/en/dli/documents/individuals/disability-services/documents/employment-first-act-three-year-plan.pdf,employment-first-act-three-year-plan.pdf,pa.gov,,1794605,1.7 MB,pending,2026-07-10T13:49:32.872360+00:00,,,,,,,,,,,,,,,,,,,,,,,,,,,,
https://www.pa.gov/content/dam/copapwp-pagov/en/ddap/documents/professionals/documents/sca-manuals-and-incorporated-documents/f%20-%20pro-children%20act%20of%201994%20rev.%2012-05.pdf,f%20-%20pro-children%20act%20of%201994%20rev.%2012-05-0.pdf,pa.gov,,10044,9.8 KB,pending,2026-07-10T13:49:32.876622+00:00,,,,,,,,,,,,,,,,,,,,,,,,,,,,
https://www.pa.gov/content/dam/copapwp-pagov/en/ddap/documents/professionals/documents/procurement/f%20-%20pro-children%20act%20of%201994%20rev.%2012-05.pdf,f%20-%20pro-children%20act%20of%201994%20rev.%2012-05.pdf,pa.gov,,68113,66.5 KB,pending,2026-07-10T13:49:32.878994+00:00,,,,,,,,,,,,,,,,,,,,,,,,,,,,
https://www.pa.gov/content/dam/copapwp-pagov/en/ddap/documents/documents/sca-agreement---incorporated-documents/f-%20pro-children%20act%20of%201994.pdf,f-%20pro-children%20act%20of%201994.pdf,pa.gov,,68113,66.5 KB,pending,2026-07-10T13:49:32.881281+00:00,,,,,,,,,,,,,,,,,,,,,,,,,,,,
https://www.pa.gov/content/dam/copapwp-pagov/en/phrc/phrc-outreach/english/fair%20housing%20is%20your%20right.pdf,fair%20housing%20is%20your%20right.pdf,pa.gov,,1613113,1.5 MB,pending,2026-07-10T13:49:32.887562+00:00,,,,,,,,,,,,,,,,,,,,,,,,,,,,
https://www.pa.gov/content/dam/copapwp-pagov/en/ddap/documents/training/family-learning-series/family-learning-series-flyer.pdf,family-learning-series-flyer.pdf,pa.gov,,431175,421.1 KB,pending,2026-07-10T13:49:32.891181+00:00,,,,,,,,,,,,,,,,,,,,,,,,,,,,
https://www.pa.gov/content/dam/copapwp-pagov/en/ddap/documents/training/family-learning-series/family-learning-series-prevention-survey-flyer.pdf,family-learning-series-prevention-survey-flyer.pdf,pa.gov,,281867,275.3 KB,pending,2026-07-10T13:49:32.894395+00:00,,,,,,,,,,,,,,,,,,,,,,,,,,,,
https://www.pa.gov/content/dam/copapwp-pagov/en/ddap/documents/training/family-learning-series/family-learning-series-problem-gambling-survey-flyer.pdf,family-learning-series-problem-gambling-survey-flyer.pdf,pa.gov,,333492,325.7 KB,pending,2026-07-10T13:49:32.897521+00:00,,,,,,,,,,,,,,,,,,,,,,,,,,,,
https://www.pa.gov/content/dam/copapwp-pagov/en/ddap/documents/professionals/documents/asam-page/asam-update/feb%202022%20asam%20monthly%20ta%20call%20qa.pdf,feb%202022%20asam%20monthly%20ta%20call%20qa.pdf,pa.gov,,586303,572.6 KB,pending,2026-07-10T13:49:32.901323+00:00,,,,,,,,,,,,,,,,,,,,,,,,,,,,
https://www.pa.gov/content/dam/copapwp-pagov/en/ddap/documents/professionals/documents/sca-manuals-and-incorporated-documents/fiscal-manual-2026-2030.pdf,fiscal-manual-2026-2030.pdf,pa.gov,,1268392,1.2 MB,pending,2026-07-10T13:49:32.909003+00:00,,,,,,,,,,,,,,,,,,,,,,,,,,,,
https://www.pa.gov/content/dam/copapwp-pagov/en/psp/documents/employment/formal%20application%20for%20employment%20-%20sp%203-312e%202018-02.pdf,formal%20application%20for%20employment%20-%20sp%203-312e%202018-02.pdf,pa.gov,,2692797,2.6 MB,pending,2026-07-10T13:49:32.918551+00:00,,,,,,,,,,,,,,,,,,,,,,,,,,,,
https://www.pa.gov/content/dam/copapwp-pagov/en/ddap/documents/professionals/documents/procurement/g%20-%20saptbg%20provisions%20rev.%2011-21.pdf,g%20-%20saptbg%20provisions%20rev.%2011-21.pdf,pa.gov,,82522,80.6 KB,pending,2026-07-10T13:49:32.921773+00:00,,,,,,,,,,,,,,,,,,,,,,,,,,,,
https://www.pa.gov/content/dam/copapwp-pagov/en/ddap/documents/professionals/documents/sca-manuals-and-incorporated-documents/g%20-%20saptbg%20provisions%20rev.%207-23.pdf,g%20-%20saptbg%20provisions%20rev.%207-23.pdf,pa.gov,,129926,126.9 KB,pending,2026-07-10T13:49:32.924895+00:00,,,,,,,,,,,,,,,,,,,,,,,,,,,,
https://www.pa.gov/content/dam/copapwp-pagov/en/ddap/documents/documents/sca-agreement---incorporated-documents/g-%20saptbg%20provisions%20rev%2007-15.pdf,g-%20saptbg%20provisions%20rev%2007-15.pdf,pa.gov,,95242,93.0 KB,pending,2026-07-10T13:49:32.927875+00:00,,,,,,,,,,,,,,,,,,,,,,,,,,,,
https://www.pa.gov/content/dam/copapwp-pagov/en/ddap/documents/professionals/gambling-providers/gambling-treatment-itq-sow-05.13.26.pdf,gambling-treatment-itq-sow-05.13.26.pdf,pa.gov,,214596,209.6 KB,pending,2026-07-10T13:49:32.930984+00:00,,,,,,,,,,,,,,,,,,,,,,,,,,,,
https://www.pa.gov/content/dam/copapwp-pagov/en/ddap/documents/get-help-now/get-help-now-toolkit-2025.pdf,get-help-now-toolkit-2025.pdf,pa.gov,,1060856,1.0 MB,pending,2026-07-10T13:49:32.936235+00:00,,,,,,,,,,,,,,,,,,,,,,,,,,,,
https://www.pa.gov/content/dam/copapwp-pagov/en/ddap/documents/professionals/documents/asam-page/asam-update/guidance%20for%20the%20application%20of%20asam%20wm%20in%20pa%20sud%20tx%20system%20for%20adults.pdf,guidance%20for%20the%20application%20of%20asam%20wm%20in%20pa%20sud%20tx%20system%20for%20adults.pdf,pa.gov,,750988,733.4 KB,pending,2026-07-10T13:49:32.940778+00:00,,,,,,,,,,,,,,,,,,,,,,,,,,,,
https://www.pa.gov/content/dam/copapwp-pagov/en/ddap/documents/professionals/documents/sca-manuals-and-incorporated-documents/h%20-%20right%20to%20know%20law%20rev.%2002-10.pdf,h%20-%20right%20to%20know%20law%20rev.%2002-10-0.pdf,pa.gov,,110097,107.5 KB,pending,2026-07-10T13:49:32.943682+00:00,,,,,,,,,,,,,,,,,,,,,,,,,,,,
https://www.pa.gov/content/dam/copapwp-pagov/en/ddap/documents/professionals/documents/procurement/h%20-%20right%20to%20know%20law%20rev.%2002-10.pdf,h%20-%20right%20to%20know%20law%20rev.%2002-10.pdf,pa.gov,,110097,107.5 KB,pending,2026-07-10T13:49:32.946456+00:00,,,,,,,,,,,,,,,,,,,,,,,,,,,,
https://www.pa.gov/content/dam/copapwp-pagov/en/ddap/documents/documents/sca-agreement---incorporated-documents/h-%20right%20to%20know%20law.pdf,h-%20right%20to%20know%20law.pdf,pa.gov,,145749,142.3 KB,pending,2026-07-10T13:49:32.949223+00:00,,,,,,,,,,,,,,,,,,,,,,,,,,,,
https://www.pa.gov/content/dam/copapwp-pagov/en/dli/documents/individuals/disability-services/odhh/documents/hearing%20aids%20and%20assistive%20devices%20what%20you%20need%20to%20know.pdf,hearing%20aids%20and%20assistive%20devices%20what%20you%20need%20to%20know.pdf,pa.gov,,3749108,3.6 MB,pending,2026-07-10T13:49:32.961329+00:00,,,,,,,,,,,,,,,,,,,,,,,,,,,,
https://www.pa.gov/content/dam/copapwp-pagov/en/psp/documents/programs/hill_impact_application.pdf,hill_impact_application.pdf,pa.gov,,2404328,2.3 MB,pending,2026-07-10T13:49:32.970718+00:00,,,,,,,,,,,,,,,,,,,,,,,,,,,,
https://www.pa.gov/content/dam/copapwp-pagov/en/ddap/documents/licensing/documents/recovery-house-licensing/house%20manager%20form.pdf,house%20manager%20form.pdf,pa.gov,,84444,82.5 KB,pending,2026-07-10T13:49:32.974324+00:00,,,,,,,,,,,,,,,,,,,,,,,,,,,,
https://www.pa.gov/content/dam/copapwp-pagov/en/phrc/documents/housing/housing%20intake%20questionnaire.pdf,housing%20intake%20questionnaire.pdf,pa.gov,,584219,570.5 KB,pending,2026-07-10T13:49:32.978983+00:00,,,,,,,,,,,,,,,,,,,,,,,,,,,,
https://www.pa.gov/content/dam/copapwp-pagov/en/ddap/documents/licensing/documents/recovery-house-licensing/how%20to%20apply%20for%20recovery%20house%20licensure.pdf,how%20to%20apply%20for%20recovery%20house%20licensure.pdf,pa.gov,,253057,247.1 KB,pending,2026-07-10T13:49:32.982696+00:00,,,,,,,,,,,,,,,,,,,,,,,,,,,,
https://www.pa.gov/content/dam/copapwp-pagov/en/ddap/documents/professionals/documents/sca-manuals-and-incorporated-documents/i%20-%20enhanced%20minimum%20wage%20provisions%20rev.%2007-18.pdf,i%20-%20enhanced%20minimum%20wage%20provisions%20rev.%2007-18-0.pdf,pa.gov,,20913,20.4 KB,pending,2026-07-10T13:49:32.985626+00:00,,,,,,,,,,,,,,,,,,,,,,,,,,,,
https://www.pa.gov/content/dam/copapwp-pagov/en/ddap/documents/professionals/documents/procurement/i%20-%20enhanced%20minimum%20wage%20provisions%20rev.%2007-18.pdf,i%20-%20enhanced%20minimum%20wage%20provisions%20rev.%2007-18.pdf,pa.gov,,20913,20.4 KB,pending,2026-07-10T13:49:32.988378+00:00,,,,,,,,,,,,,,,,,,,,,,,,,,,,
https://www.pa.gov/content/dam/copapwp-pagov/en/ddap/documents/documents/information-bulletins/ib%2002-22.pdf,ib%2002-22.pdf,pa.gov,,194478,189.9 KB,pending,2026-07-10T13:49:32.991435+00:00,,,,,,,,,,,,,,,,,,,,,,,,,,,,
https://www.pa.gov/content/dam/copapwp-pagov/en/ddap/documents/documents/client-liability-tables/iop-partial%20client%20liability%20table%20sfy%202023-24%20effective%205-24%20ddap.pdf,iop-partial%20client%20liability%20table%20sfy%202023-24%20effective%205-24%20ddap.pdf,pa.gov,,133682,130.5 KB,pending,2026-07-10T13:49:32.995326+00:00,,,,,,,,,,,,,,,,,,,,,,,,,,,,
https://www.pa.gov/content/dam/copapwp-pagov/en/ddap/documents/professionals/gambling-providers/itq-569-ts-and-cs-ddap-gambling.pdf,itq-569-ts-and-cs-ddap-gambling.pdf,pa.gov,,99627,97.3 KB,pending,2026-07-10T13:49:33.002215+00:00,,,,,,,,,,,,,,,,,,,,,,,,,,,,
https://www.pa.gov/content/dam/copapwp-pagov/en/ddap/documents/professionals/documents/procurement/j%20-%20hipaa%20business%20associate%20agreement%20and%20attachment%201%205-13.pdf,j%20-%20hipaa%20business%20associate%20agreement%20and%20attachment%201%205-13.pdf,pa.gov,,184789,180.5 KB,pending,2026-07-10T13:49:33.005340+00:00,,,,,,,,,,,,,,,,,,,,,,,,,,,,
https://www.pa.gov/content/dam/copapwp-pagov/en/ddap/documents/professionals/technical-assistance-webinars/july%202025%20asam%20ambulatory%20level%20of%20care%20alignment%20review.pdf,july%202025%20asam%20ambulatory%20level%20of%20care%20alignment%20review.pdf,pa.gov,,394873,385.6 KB,pending,2026-07-10T13:49:33.008894+00:00,,,,,,,,,,,,,,,,,,,,,,,,,,,,
https://www.pa.gov/content/dam/copapwp-pagov/en/ddap/documents/professionals/technical-assistance-webinars/july%202025%20ddap%20ta%20qa.pdf,july%202025%20ddap%20ta%20qa.pdf,pa.gov,,157581,153.9 KB,pending,2026-07-10T13:49:33.011892+00:00,,,,,,,,,,,,,,,,,,,,,,,,,,,,
https://www.pa.gov/content/dam/copapwp-pagov/en/ddap/documents/professionals/documents/asam-page/asam-update/july%20asam%20ta%20call.pdf,july%20asam%20ta%20call.pdf,pa.gov,,1374363,1.3 MB,pending,2026-07-10T13:49:33.017907+00:00,,,,,,,,,,,,,,,,,,,,,,,,,,,,
https://www.pa.gov/content/dam/copapwp-pagov/en/ddap/documents/professionals/documents/asam-page/asam-update/june%202024%20ta%20call%20conversations%20with%20scott%20boyles.pdf,june%202024%20ta%20call%20conversations%20with%20scott%20boyles.pdf,pa.gov,,885694,864.9 KB,pending,2026-07-10T13:49:33.022880+00:00,,,,,,,,,,,,,,,,,,,,,,,,,,,,
https://www.pa.gov/content/dam/copapwp-pagov/en/ddap/documents/professionals/documents/procurement/k%20-%20executive%20order%202021-06%20worker%20protection%20and%20investment.pdf,k%20-%20executive%20order%202021-06%20worker%20protection%20and%20investment.pdf,pa.gov,,24274,23.7 KB,pending,2026-07-10T13:49:33.025632+00:00,,,,,,,,,,,,,,,,,,,,,,,,,,,,
https://www.pa.gov/content/dam/copapwp-pagov/en/psp/documents/programs/law_and_leadership_application.pdf,law_and_leadership_application.pdf,pa.gov,,2492672,2.4 MB,pending,2026-07-10T13:49:33.034617+00:00,,,,,,,,,,,,,,,,,,,,,,,,,,,,
https://www.pa.gov/content/dam/copapwp-pagov/en/ddap/documents/documents/asam/level%201%20by%20service%20characteristics.pdf,level%201%20by%20service%20characteristics.pdf,pa.gov,,1313790,1.3 MB,pending,2026-07-10T13:49:33.042737+00:00,,,,,,,,,,,,,,,,,,,,,,,,,,,,
https://www.pa.gov/content/dam/copapwp-pagov/en/ddap/documents/professionals/documents/asam-page/asam-update/level%201%20co-occurring%20by%20service%20characteristics%203.23.pdf,level%201%20co-occurring%20by%20service%20characteristics%203.23.pdf,pa.gov,,152448,148.9 KB,pending,2026-07-10T13:49:33.045971+00:00,,,,,,,,,,,,,,,,,,,,,,,,,,,,
https://www.pa.gov/content/dam/copapwp-pagov/en/ddap/documents/documents/asam/level%201%20self%20assessment.pdf,level%201%20self%20assessment.pdf,pa.gov,,2157073,2.1 MB,pending,2026-07-10T13:49:33.054328+00:00,,,,,,,,,,,,,,,,,,,,,,,,,,,,
https://www.pa.gov/content/dam/copapwp-pagov/en/ddap/documents/documents/asam/level%202.1%20by%20service%20characteristics.pdf,level%202.1%20by%20service%20characteristics.pdf,pa.gov,,1181555,1.1 MB,pending,2026-07-10T13:49:33.060482+00:00,,,,,,,,,,,,,,,,,,,,,,,,,,,,
https://www.pa.gov/content/dam/copapwp-pagov/en/ddap/documents/professionals/documents/asam-page/asam-update/level%202.1%20co-occurring%20by%20service%20characteristics%203.23.pdf,level%202.1%20co-occurring%20by%20service%20characteristics%203.23.pdf,pa.gov,,151278,147.7 KB,pending,2026-07-10T13:49:33.063969+00:00,,,,,,,,,,,,,,,,,,,,,,,,,,,,
https://www.pa.gov/content/dam/copapwp-pagov/en/ddap/documents/documents/asam/level%202.1%20self%20assessments.pdf,level%202.1%20self%20assessments.pdf,pa.gov,,1506310,1.4 MB,pending,2026-07-10T13:49:33.070848+00:00,,,,,,,,,,,,,,,,,,,,,,,,,,,,
https://www.pa.gov/content/dam/copapwp-pagov/en/ddap/documents/documents/asam/level%202.5%20by%20service%20characteristics.pdf,level%202.5%20by%20service%20characteristics.pdf,pa.gov,,1170999,1.1 MB,pending,2026-07-10T13:49:33.076925+00:00,,,,,,,,,,,,,,,,,,,,,,,,,,,,
https://www.pa.gov/content/dam/copapwp-pagov/en/ddap/documents/professionals/documents/asam-page/asam-update/level%202.5%20co-occurring%20by%20service%20characteristics%203.23.pdf,level%202.5%20co-occurring%20by%20service%20characteristics%203.23.pdf,pa.gov,,138258,135.0 KB,pending,2026-07-10T13:49:33.080317+00:00,,,,,,,,,,,,,,,,,,,,,,,,,,,,
https://www.pa.gov/content/dam/copapwp-pagov/en/ddap/documents/documents/asam/level%202.5%20self%20assessment.pdf,level%202.5%20self%20assessment.pdf,pa.gov,,1470965,1.4 MB,pending,2026-07-10T13:49:33.087017+00:00,,,,,,,,,,,,,,,,,,,,,,,,,,,,
https://www.pa.gov/content/dam/copapwp-pagov/en/ddap/documents/documents/asam/level%203.1%20by%20service%20characteristics.pdf,level%203.1%20by%20service%20characteristics.pdf,pa.gov,,1175774,1.1 MB,pending,2026-07-10T13:49:33.093116+00:00,,,,,,,,,,,,,,,,,,,,,,,,,,,,
https://www.pa.gov/content/dam/copapwp-pagov/en/ddap/documents/professionals/documents/asam-page/asam-update/level%203.1%20co-occurring%20byservice%20description%203.23.pdf,level%203.1%20co-occurring%20byservice%20description%203.23.pdf,pa.gov,,154996,151.4 KB,pending,2026-07-10T13:49:33.096626+00:00,,,,,,,,,,,,,,,,,,,,,,,,,,,,
https://www.pa.gov/content/dam/copapwp-pagov/en/ddap/documents/documents/asam/level%203.1%20self%20assessment.pdf,level%203.1%20self%20assessment.pdf,pa.gov,,2049950,2.0 MB,pending,2026-07-10T13:49:33.104770+00:00,,,,,,,,,,,,,,,,,,,,,,,,,,,,
https://www.pa.gov/content/dam/copapwp-pagov/en/ddap/documents/documents/asam/level%203.5%20by%20service%20characteristics.pdf,level%203.5%20by%20service%20characteristics.pdf,pa.gov,,1340594,1.3 MB,pending,2026-07-10T13:49:33.111308+00:00,,,,,,,,,,,,,,,,,,,,,,,,,,,,
https://www.pa.gov/content/dam/copapwp-pagov/en/ddap/documents/professionals/documents/asam-page/asam-update/level%203.5%20co-occurring%20by%20service%20characteristics%203.23.pdf,level%203.5%20co-occurring%20by%20service%20characteristics%203.23.pdf,pa.gov,,157430,153.7 KB,pending,2026-07-10T13:49:33.114797+00:00,,,,,,,,,,,,,,,,,,,,,,,,,,,,
https://www.pa.gov/content/dam/copapwp-pagov/en/ddap/documents/documents/asam/level%203.5%20self%20assessment.pdf,level%203.5%20self%20assessment.pdf,pa.gov,,2800061,2.7 MB,pending,2026-07-10T13:49:33.125100+00:00,,,,,,,,,,,,,,,,,,,,,,,,,,,,
https://www.pa.gov/content/dam/copapwp-pagov/en/ddap/documents/documents/asam/level%203.7%20by%20service%20characteristics.pdf,level%203.7%20by%20service%20characteristics.pdf,pa.gov,,1477160,1.4 MB,pending,2026-07-10T13:49:33.132371+00:00,,,,,,,,,,,,,,,,,,,,,,,,,,,,
https://www.pa.gov/content/dam/copapwp-pagov/en/ddap/documents/professionals/documents/asam-page/asam-update/level%203.7%20co-occurring%20by%20service%20characteristics%203.23.pdf,level%203.7%20co-occurring%20by%20service%20characteristics%203.23.pdf,pa.gov,,160769,157.0 KB,pending,2026-07-10T13:49:33.137756+00:00,,,,,,,,,,,,,,,,,,,,,,,,,,,,
https://www.pa.gov/content/dam/copapwp-pagov/en/ddap/documents/documents/asam/level%203.7%20self%20assessment.pdf,level%203.7%20self%20assessment.pdf,pa.gov,,2137449,2.0 MB,pending,2026-07-10T13:49:33.148179+00:00,,,,,,,,,,,,,,,,,,,,,,,,,,,,
https://www.pa.gov/content/dam/copapwp-pagov/en/ddap/documents/documents/asam/level%204%20by%20service%20characteristics.pdf,level%204%20by%20service%20characteristics.pdf,pa.gov,,1151201,1.1 MB,pending,2026-07-10T13:49:33.155997+00:00,,,,,,,,,,,,,,,,,,,,,,,,,,,,
https://www.pa.gov/content/dam/copapwp-pagov/en/ddap/documents/professionals/documents/asam-page/asam-update/level%204%20co-occurring%20by%20service%20characteristics%203.23.pdf,level%204%20co-occurring%20by%20service%20characteristics%203.23.pdf,pa.gov,,147704,144.2 KB,pending,2026-07-10T13:49:33.160906+00:00,,,,,,,,,,,,,,,,,,,,,,,,,,,,
https://www.pa.gov/content/dam/copapwp-pagov/en/ddap/documents/documents/asam/level%204%20self%20assessment.pdf,level%204%20self%20assessment.pdf,pa.gov,,1162164,1.1 MB,pending,2026-07-10T13:49:33.168057+00:00,,,,,,,,,,,,,,,,,,,,,,,,,,,,
https://www.pa.gov/content/dam/copapwp-pagov/en/dli/documents/businesses/compensation/wc/safety/rtk/documents/libc-253.pdf,libc-253.pdf,pa.gov,,157435,153.7 KB,pending,2026-07-10T13:49:33.172167+00:00,,,,,,,,,,,,,,,,,,,,,,,,,,,,
https://www.pa.gov/content/dam/copapwp-pagov/en/dli/documents/businesses/compensation/wc/claims/wcais/documents/wcais-forms/libc-362%20int.pdf,libc-362%20int.pdf,pa.gov,,461791,451.0 KB,pending,2026-07-10T13:49:33.175990+00:00,,,,,,,,,,,,,,,,,,,,,,,,,,,,
https://www.pa.gov/content/dam/copapwp-pagov/en/dli/documents/businesses/compensation/wc/claims/wcais/documents/wcais-forms/libc-380%20int.pdf,libc-380%20int.pdf,pa.gov,,399397,390.0 KB,pending,2026-07-10T13:49:33.179420+00:00,,,,,,,,,,,,,,,,,,,,,,,,,,,,
https://www.pa.gov/content/dam/copapwp-pagov/en/dli/documents/businesses/compensation/wc/claims/wcais/documents/wcais-forms/libc-494a%20int.pdf,libc-494a%20int.pdf,pa.gov,,349499,341.3 KB,pending,2026-07-10T13:49:33.182585+00:00,,,,,,,,,,,,,,,,,,,,,,,,,,,,
https://www.pa.gov/content/dam/copapwp-pagov/en/dli/documents/businesses/compensation/wc/claims/wcais/documents/wcais-forms/libc-751%20int.pdf,libc-751%20int.pdf,pa.gov,,521066,508.9 KB,pending,2026-07-10T13:49:33.186300+00:00,,,,,,,,,,,,,,,,,,,,,,,,,,,,
https://www.pa.gov/content/dam/copapwp-pagov/en/dli/documents/businesses/compensation/wc/claims/wcais/documents/wcais-forms/libc-764%20int.pdf,libc-764%20int.pdf,pa.gov,,390874,381.7 KB,pending,2026-07-10T13:49:33.189608+00:00,,,,,,,,,,,,,,,,,,,,,,,,,,,,
https://www.pa.gov/content/dam/copapwp-pagov/en/dli/documents/individuals/labor-management-relations/bois/documents/libi/libi-28.pdf,libi-28.pdf,pa.gov,,153905,150.3 KB,pending,2026-07-10T13:49:33.192234+00:00,,,,,,,,,,,,,,,,,,,,,,,,,,,,
https://www.pa.gov/content/dam/copapwp-pagov/en/dli/documents/individuals/labor-management-relations/bois/documents/libi/libi-304.pdf,libi-304.pdf,pa.gov,,352683,344.4 KB,pending,2026-07-10T13:49:33.195349+00:00,,,,,,,,,,,,,,,,,,,,,,,,,,,,
https://www.pa.gov/content/dam/copapwp-pagov/en/dli/documents/individuals/labor-management-relations/bois/documents/libi/libi-306.pdf,libi-306.pdf,pa.gov,,24609,24.0 KB,pending,2026-07-10T13:49:33.197766+00:00,,,,,,,,,,,,,,,,,,,,,,,,,,,,
https://www.pa.gov/content/dam/copapwp-pagov/en/dli/documents/individuals/labor-management-relations/bois/documents/libi/libi-700.pdf,libi-700.pdf,pa.gov,,314614,307.2 KB,pending,2026-07-10T13:49:33.200923+00:00,,,,,,,,,,,,,,,,,,,,,,,,,,,,
https://www.pa.gov/content/dam/copapwp-pagov/en/dli/documents/individuals/labor-management-relations/bois/documents/libi/libi-703.pdf,libi-703.pdf,pa.gov,,384577,375.6 KB,pending,2026-07-10T13:49:33.204280+00:00,,,,,,,,,,,,,,,,,,,,,,,,,,,,
https://www.pa.gov/content/dam/copapwp-pagov/en/dli/documents/individuals/labor-management-relations/bois/documents/libi/libi-706.pdf,libi-706.pdf,pa.gov,,25982,25.4 KB,pending,2026-07-10T13:49:33.206840+00:00,,,,,,,,,,,,,,,,,,,,,,,,,,,,
https://www.pa.gov/content/dam/copapwp-pagov/en/dli/documents/individuals/labor-management-relations/bois/documents/libi/libi-707.pdf,libi-707.pdf,pa.gov,,26124,25.5 KB,pending,2026-07-10T13:49:33.209188+00:00,,,,,,,,,,,,,,,,,,,,,,,,,,,,
https://www.pa.gov/content/dam/copapwp-pagov/en/dli/documents/individuals/labor-management-relations/bois/documents/libi/libi-708.pdf,libi-708.pdf,pa.gov,,521945,509.7 KB,pending,2026-07-10T13:49:33.212765+00:00,,,,,,,,,,,,,,,,,,,,,,,,,,,,
https://www.pa.gov/content/dam/copapwp-pagov/en/dli/documents/individuals/labor-management-relations/bois/documents/libi/libi-804.pdf,libi-804.pdf,pa.gov,,451940,441.3 KB,pending,2026-07-10T13:49:33.216227+00:00,,,,,,,,,,,,,,,,,,,,,,,,,,,,
https://www.pa.gov/content/dam/copapwp-pagov/en/ddap/documents/licensing/documents/licensing-alerts/licensing-alert-08-2024-telehealth-only-license.pdf,licensing-alert-08-2024-telehealth-only-license.pdf,pa.gov,,200067,195.4 KB,pending,2026-07-10T13:49:33.220509+00:00,,,,,,,,,,,,,,,,,,,,,,,,,,,,
https://www.pa.gov/content/dam/copapwp-pagov/en/dli/documents/individuals/labor-management-relations/bois/documents/liib/liib-112.pdf,liib-112.pdf,pa.gov,,332683,324.9 KB,pending,2026-07-10T13:49:33.223675+00:00,,,,,,,,,,,,,,,,,,,,,,,,,,,,
https://www.pa.gov/content/dam/copapwp-pagov/en/dli/documents/individuals/labor-management-relations/bois/documents/liib/liib-117.pdf,liib-117.pdf,pa.gov,,360843,352.4 KB,pending,2026-07-10T13:49:33.226937+00:00,,,,,,,,,,,,,,,,,,,,,,,,,,,,
https://www.pa.gov/content/dam/copapwp-pagov/en/dli/documents/individuals/labor-management-relations/bois/documents/liib/liib-121.pdf,liib-121.pdf,pa.gov,,511300,499.3 KB,pending,2026-07-10T13:49:33.230636+00:00,,,,,,,,,,,,,,,,,,,,,,,,,,,,
https://www.pa.gov/content/dam/copapwp-pagov/en/dli/documents/individuals/labor-management-relations/bois/documents/liib/liib-303.pdf,liib-303.pdf,pa.gov,,351005,342.8 KB,pending,2026-07-10T13:49:33.233858+00:00,,,,,,,,,,,,,,,,,,,,,,,,,,,,
https://www.pa.gov/content/dam/copapwp-pagov/en/dli/documents/individuals/labor-management-relations/bois/documents/liib/liib-304.pdf,liib-304.pdf,pa.gov,,349118,340.9 KB,pending,2026-07-10T13:49:33.236971+00:00,,,,,,,,,,,,,,,,,,,,,,,,,,,,
https://www.pa.gov/content/dam/copapwp-pagov/en/dli/documents/individuals/labor-management-relations/bois/documents/liib/liib-305.pdf,liib-305.pdf,pa.gov,,353808,345.5 KB,pending,2026-07-10T13:49:33.240296+00:00,,,,,,,,,,,,,,,,,,,,,,,,,,,,
https://www.pa.gov/content/dam/copapwp-pagov/en/dli/documents/individuals/labor-management-relations/llc/documents/llc-12.pdf,llc-12.pdf,pa.gov,,549759,536.9 KB,pending,2026-07-10T13:49:33.244055+00:00,,,,,,,,,,,,,,,,,,,,,,,,,,,,
https://www.pa.gov/content/dam/copapwp-pagov/en/dli/documents/individuals/labor-management-relations/documents/llc-21.pdf,llc-21.pdf,pa.gov,,182338,178.1 KB,pending,2026-07-10T13:49:33.246843+00:00,,,,,,,,,,,,,,,,,,,,,,,,,,,,
https://www.pa.gov/content/dam/copapwp-pagov/en/dli/documents/individuals/labor-management-relations/documents/llc-22.pdf,llc-22.pdf,pa.gov,,143805,140.4 KB,pending,2026-07-10T13:49:33.249538+00:00,,,,,,,,,,,,,,,,,,,,,,,,,,,,
https://www.pa.gov/content/dam/copapwp-pagov/en/dli/documents/individuals/labor-management-relations/llc/documents/llc-36.pdf,llc-36.pdf,pa.gov,,359665,351.2 KB,pending,2026-07-10T13:49:33.252686+00:00,,,,,,,,,,,,,,,,,,,,,,,,,,,,
https://www.pa.gov/content/dam/copapwp-pagov/en/dli/documents/individuals/labor-management-relations/llc/documents/llc-5.pdf,llc-5.pdf,pa.gov,,217757,212.7 KB,pending,2026-07-10T13:49:33.255472+00:00,,,,,,,,,,,,,,,,,,,,,,,,,,,,
https://www.pa.gov/content/dam/copapwp-pagov/en/dli/documents/individuals/labor-management-relations/llc/construction-employee-e-verify/documents/llc-66_verification_act_complaint_form.pdf,llc-66_verification_act_complaint_form.pdf,pa.gov,,226516,221.2 KB,pending,2026-07-10T13:49:33.258357+00:00,,,,,,,,,,,,,,,,,,,,,,,,,,,,
https://www.pa.gov/content/dam/copapwp-pagov/en/dli/documents/businesses/swif/documents/llc-72.pdf,llc-72.pdf,pa.gov,,215213,210.2 KB,pending,2026-07-10T13:49:33.261151+00:00,,,,,,,,,,,,,,,,,,,,,,,,,,,,
https://www.pa.gov/content/dam/copapwp-pagov/en/dli/documents/individuals/labor-management-relations/documents/llc-9.pdf,llc-9.pdf,pa.gov,,214217,209.2 KB,pending,2026-07-10T13:49:33.264016+00:00,,,,,,,,,,,,,,,,,,,,,,,,,,,,
https://www.pa.gov/content/dam/copapwp-pagov/en/dli/documents/individuals/labor-management-relations/documents/llc-9s.pdf,llc-9s.pdf,pa.gov,,368530,359.9 KB,pending,2026-07-10T13:49:33.267294+00:00,,,,,,,,,,,,,,,,,,,,,,,,,,,,
https://www.pa.gov/content/dam/copapwp-pagov/en/ddap/documents/documents/gpra/loc%20assessment%20and%20wits%20cm%20requirements.pdf,loc%20assessment%20and%20wits%20cm%20requirements.pdf,pa.gov,,125847,122.9 KB,pending,2026-07-10T13:49:33.269871+00:00,,,,,,,,,,,,,,,,,,,,,,,,,,,,
https://www.phila.gov/departments/managing-directors-office/,managing-directors-office.pdf,pa.gov,phila.gov,67202,65.6 KB,pending,2026-07-10T13:49:33.272339+00:00,,,,,,,,,,,,,,,,,,,,,,,,,,,,
https://www.pa.gov/content/dam/copapwp-pagov/en/ddap/documents/professionals/documents/asam-page/asam-update/march_asamta_pp.pdf,march_asamta_pp.pdf,pa.gov,,564722,551.5 KB,pending,2026-07-10T13:49:33.276009+00:00,,,,,,,,,,,,,,,,,,,,,,,,,,,,
https://www.pa.gov/content/dam/copapwp-pagov/en/ddap/documents/professionals/documents/asam-page/asam-update/may%202022_asam_monthly_ta.pdf,may%202022_asam_monthly_ta.pdf,pa.gov,,617416,602.9 KB,pending,2026-07-10T13:49:33.279881+00:00,,,,,,,,,,,,,,,,,,,,,,,,,,,,
https://www.pa.gov/content/dam/copapwp-pagov/en/ddap/documents/documents/agency-forms/overdose-reporting/mdair%20reporting%20form%20general%20public%20guide%20and%20helpful%20definitions.pdf,mdair%20reporting%20form%20general%20public%20guide%20and%20helpful%20definitions.pdf,pa.gov,,133179,130.1 KB,pending,2026-07-10T13:49:33.282792+00:00,,,,,,,,,,,,,,,,,,,,,,,,,,,,
https://www.pa.gov/content/dam/copapwp-pagov/en/ddap/documents/documents/agency-forms/overdose-reporting/mdair-coroner-fillable-form.pdf,mdair-coroner-fillable-form.pdf,pa.gov,,371765,363.1 KB,pending,2026-07-10T13:49:33.286162+00:00,,,,,,,,,,,,,,,,,,,,,,,,,,,,
https://www.pa.gov/content/dam/copapwp-pagov/en/ddap/documents/professionals/documents/asam-page/asam-update/moud%20bridge%20services%20presentation%20sept%202023.pdf,moud%20bridge%20services%20presentation%20sept%202023.pdf,pa.gov,,1234405,1.2 MB,pending,2026-07-10T13:49:33.291787+00:00,,,,,,,,,,,,,,,,,,,,,,,,,,,,
https://www.pa.gov/content/dam/copapwp-pagov/en/dmv/documents/driver-services/pamsp/msp%20map%20locations.pdf,msp%20map%20locations.pdf,pa.gov,,1359856,1.3 MB,pending,2026-07-10T13:49:33.298011+00:00,,,,,,,,,,,,,,,,,,,,,,,,,,,,
https://www.pa.gov/content/dam/copapwp-pagov/en/psp/documents/cvsd/nas_level_i_training.pdf,nas_level_i_training.pdf,pa.gov,,855000,835.0 KB,pending,2026-07-10T13:49:33.303072+00:00,,,,,,,,,,,,,,,,,,,,,,,,,,,,
https://www.pa.gov/content/dam/copapwp-pagov/en/phrc/phrc-outreach/spanish-translations/navigating%20rental%20housing%20with%20a%20criminal%20background%20(spanish).pdf,navigating%20rental%20housing%20with%20a%20criminal%20background%20(spanish).pdf,pa.gov,,120064,117.2 KB,pending,2026-07-10T13:49:33.306143+00:00,,,,,,,,,,,,,,,,,,,,,,,,,,,,
https://www.pa.gov/content/dam/copapwp-pagov/en/phrc/phrc-outreach/arabic-translations/navigating%20rental%20housing%20with%20a%20criminal%20background.%20no%20croppdf%20(1)-ar.pdf,navigating%20rental%20housing%20with%20a%20criminal%20background.%20no%20croppdf%20(1)-ar.pdf,pa.gov,,341708,333.7 KB,pending,2026-07-10T13:49:33.309492+00:00,,,,,,,,,,,,,,,,,,,,,,,,,,,,
https://www.pa.gov/content/dam/copapwp-pagov/en/phrc/phrc-outreach/bengali-translations/navigating%20rental%20housing%20with%20a%20criminal%20background.%20no%20croppdf%20(1)-bn.pdf,navigating%20rental%20housing%20with%20a%20criminal%20background.%20no%20croppdf%20(1)-bn.pdf,pa.gov,,866644,846.3 KB,pending,2026-07-10T13:49:33.314036+00:00,,,,,,,,,,,,,,,,,,,,,,,,,,,,
https://www.pa.gov/content/dam/copapwp-pagov/en/phrc/phrc-outreach/hindi-translations/navigating%20rental%20housing%20with%20a%20criminal%20background.%20no%20croppdf%20(1)-hi.pdf,navigating%20rental%20housing%20with%20a%20criminal%20background.%20no%20croppdf%20(1)-hi.pdf,pa.gov,,716370,699.6 KB,pending,2026-07-10T13:49:33.318653+00:00,,,,,,,,,,,,,,,,,,,,,,,,,,,,
https://www.pa.gov/content/dam/copapwp-pagov/en/phrc/phrc-outreach/cambodian-translations/navigating%20rental%20housing%20with%20a%20criminal%20background.%20no%20croppdf%20(1)-km.pdf,navigating%20rental%20housing%20with%20a%20criminal%20background.%20no%20croppdf%20(1)-km.pdf,pa.gov,,437530,427.3 KB,pending,2026-07-10T13:49:33.323259+00:00,,,,,,,,,,,,,,,,,,,,,,,,,,,,
https://www.pa.gov/content/dam/copapwp-pagov/en/phrc/phrc-outreach/korean-translations/navigating%20rental%20housing%20with%20a%20criminal%20background.%20no%20croppdf%20(1)-ko.pdf,navigating%20rental%20housing%20with%20a%20criminal%20background.%20no%20croppdf%20(1)-ko.pdf,pa.gov,,413413,403.7 KB,pending,2026-07-10T13:49:33.327143+00:00,,,,,,,,,,,,,,,,,,,,,,,,,,,,
https://www.pa.gov/content/dam/copapwp-pagov/en/phrc/phrc-outreach/vietnamese-translations/navigating%20rental%20housing%20with%20a%20criminal%20background.%20no%20croppdf%20(1)-vi.pdf,navigating%20rental%20housing%20with%20a%20criminal%20background.%20no%20croppdf%20(1)-vi.pdf,pa.gov,,724501,707.5 KB,pending,2026-07-10T13:49:33.331938+00:00,,,,,,,,,,,,,,,,,,,,,,,,,,,,
https://www.pa.gov/content/dam/copapwp-pagov/en/phrc/phrc-outreach/chinese-translations/navigating%20rental%20housing%20with%20a%20criminal%20background.%20no%20croppdf%20(1)-zh-tw.pdf,navigating%20rental%20housing%20with%20a%20criminal%20background.%20no%20croppdf%20(1)-zh-tw.pdf,pa.gov,,466214,455.3 KB,pending,2026-07-10T13:49:33.335962+00:00,,,,,,,,,,,,,,,,,,,,,,,,,,,,
https://www.pa.gov/content/dam/copapwp-pagov/en/phrc/phrc-outreach/english/navigating%20rental%20housing%20with%20a%20criminal%20background.pdf,navigating%20rental%20housing%20with%20a%20criminal%20background.pdf,pa.gov,,598465,584.4 KB,pending,2026-07-10T13:49:33.340100+00:00,,,,,,,,,,,,,,,,,,,,,,,,,,,,
https://www.pa.gov/content/dam/copapwp-pagov/en/dli/documents/individuals/labor-management-relations/llc/prevailing-wage/documents/notes%20for%2020%20county%20building%20common%20journeyperson%20laborer.pdf,notes%20for%2020%20county%20building%20common%20journeyperson%20laborer.pdf,pa.gov,,114439,111.8 KB,pending,2026-07-10T13:49:33.342892+00:00,,,,,,,,,,,,,,,,,,,,,,,,,,,,
https://www.pa.gov/content/dam/copapwp-pagov/en/dli/documents/individuals/labor-management-relations/llc/prevailing-wage/documents/notes%20for%2029%20county%20building%20common%20journeyperson%20laborer.pdf,notes%20for%2029%20county%20building%20common%20journeyperson%20laborer.pdf,pa.gov,,378307,369.4 KB,pending,2026-07-10T13:49:33.346213+00:00,,,,,,,,,,,,,,,,,,,,,,,,,,,,
https://www.pa.gov/content/dam/copapwp-pagov/en/dli/documents/individuals/labor-management-relations/llc/prevailing-wage/documents/notes%20for%2033%20county%20heavy%20and%20highway%20laborers.pdf,notes%20for%2033%20county%20heavy%20and%20highway%20laborers.pdf,pa.gov,,362222,353.7 KB,pending,2026-07-10T13:49:33.349641+00:00,,,,,,,,,,,,,,,,,,,,,,,,,,,,
https://www.pa.gov/content/dam/copapwp-pagov/en/dli/documents/individuals/labor-management-relations/llc/prevailing-wage/documents/notes-for-33-county-building-common-journeyperson-laborer.pdf,notes-for-33-county-building-common-journeyperson-laborer.pdf,pa.gov,,1529274,1.5 MB,pending,2026-07-10T13:49:33.356023+00:00,,,,,,,,,,,,,,,,,,,,,,,,,,,,
https://www.pa.gov/content/dam/copapwp-pagov/en/ddap/documents/professionals/technical-assistance-webinars/november%202024%20ddap%20monthly%20technical%20assistance%20series%20ddap%20updates%20and%20individualized%20care.pdf,november%202024%20ddap%20monthly%20technical%20assistance%20series%20ddap%20updates%20and%20individualized%20care.pdf,pa.gov,,358876,350.5 KB,pending,2026-07-10T13:49:33.360534+00:00,,,,,,,,,,,,,,,,,,,,,,,,,,,,
https://www.pa.gov/content/dam/copapwp-pagov/en/ddap/documents/licensing/documents/recovery-house-licensing/occupancy%20requirements.pdf,occupancy%20requirements.pdf,pa.gov,,130616,127.6 KB,pending,2026-07-10T13:49:33.363792+00:00,,,,,,,,,,,,,,,,,,,,,,,,,,,,
https://www.pa.gov/content/dam/copapwp-pagov/en/ddap/documents/professionals/technical-assistance-webinars/october%202025%20ddap%20monthly%20technical%20assistance%20series-%20trauma%20informed%20care%20principles%20for%20everyday%20practice.pdf,october%202025%20ddap%20monthly%20technical%20assistance%20series-%20trauma%20informed%20care%20principles%20for%20everyday%20practice.pdf,pa.gov,,1886745,1.8 MB,pending,2026-07-10T13:49:33.371488+00:00,,,,,,,,,,,,,,,,,,,,,,,,,,,,
https://www.pa.gov/content/dam/copapwp-pagov/en/ddap/documents/professionals/technical-assistance-webinars/october%20ddap%20monthly%20asam%20technical%20assistance%20series%20ddap%20updates.pdf,october%20ddap%20monthly%20asam%20technical%20assistance%20series%20ddap%20updates.pdf,pa.gov,,827307,807.9 KB,pending,2026-07-10T13:49:33.376629+00:00,,,,,,,,,,,,,,,,,,,,,,,,,,,,
https://www.pa.gov/content/dam/copapwp-pagov/en/dli/documents/individuals/disability-services/odhh/odhh-resources/documents/odhh%20directory%20of%20resources%20and%20services.pdf,odhh%20directory%20of%20resources%20and%20services.pdf,pa.gov,,42823,41.8 KB,pending,2026-07-10T13:49:33.379705+00:00,,,,,,,,,,,,,,,,,,,,,,,,,,,,
https://www.pa.gov/content/dam/copapwp-pagov/en/dli/documents/individuals/disability-services/odhh/council/documents/odhh-13.pdf,odhh-13.pdf,pa.gov,,331624,323.9 KB,pending,2026-07-10T13:49:33.392256+00:00,,,,,,,,,,,,,,,,,,,,,,,,,,,,
https://www.pa.gov/content/dam/copapwp-pagov/en/dli/documents/individuals/disability-services/odhh/odhh-resources/documents/odhh_new_resource_ext.pdf,odhh_new_resource_ext.pdf,pa.gov,,2260222,2.2 MB,pending,2026-07-10T13:49:33.402193+00:00,,,,,,,,,,,,,,,,,,,,,,,,,,,,
https://www.pa.gov/content/dam/copapwp-pagov/en/dli/documents/individuals/disability-services/odhh/odhh-resources/documents/odhh_update_resource_ext.pdf,odhh_update_resource_ext.pdf,pa.gov,,2261039,2.2 MB,pending,2026-07-10T13:49:33.413490+00:00,,,,,,,,,,,,,,,,,,,,,,,,,,,,
https://www.pa.gov/content/dam/copapwp-pagov/en/ddap/documents/program-data/suprt/oe-spars-suprt-a-faq.pdf,oe-spars-suprt-a-faq.pdf,pa.gov,,174362,170.3 KB,pending,2026-07-10T13:49:33.419395+00:00,,,,,,,,,,,,,,,,,,,,,,,,,,,,
https://www.pa.gov/content/dam/copapwp-pagov/en/ddap/documents/program-data/suprt/oe-spars-suprt-a-qxq.pdf,oe-spars-suprt-a-qxq.pdf,pa.gov,,274737,268.3 KB,pending,2026-07-10T13:49:33.425318+00:00,,,,,,,,,,,,,,,,,,,,,,,,,,,,
https://www.pa.gov/content/dam/copapwp-pagov/en/ddap/documents/program-data/suprt/oe-spars-suprt-a-tool-spanish.pdf,oe-spars-suprt-a-tool-spanish.pdf,pa.gov,,282948,276.3 KB,pending,2026-07-10T13:49:33.430840+00:00,,,,,,,,,,,,,,,,,,,,,,,,,,,,
https://www.pa.gov/content/dam/copapwp-pagov/en/ddap/documents/program-data/suprt/oe-spars-suprt-a-tool.pdf,oe-spars-suprt-a-tool.pdf,pa.gov,,308197,301.0 KB,pending,2026-07-10T13:49:33.436013+00:00,,,,,,,,,,,,,,,,,,,,,,,,,,,,
https://www.pa.gov/content/dam/copapwp-pagov/en/ddap/documents/program-data/suprt/oe-spars-suprt-c-adult-annual-tool.pdf,oe-spars-suprt-c-adult-annual-tool.pdf,pa.gov,,209142,204.2 KB,pending,2026-07-10T13:49:33.440298+00:00,,,,,,,,,,,,,,,,,,,,,,,,,,,,
https://www.pa.gov/content/dam/copapwp-pagov/en/ddap/documents/program-data/suprt/oe-spars-suprt-c-adult-baseline-spanishtool.pdf,oe-spars-suprt-c-adult-baseline-spanishtool.pdf,pa.gov,,274267,267.8 KB,pending,2026-07-10T13:49:33.444544+00:00,,,,,,,,,,,,,,,,,,,,,,,,,,,,
https://www.pa.gov/content/dam/copapwp-pagov/en/ddap/documents/program-data/suprt/oe-spars-suprt-c-adult-baseline-tool.pdf,oe-spars-suprt-c-adult-baseline-tool.pdf,pa.gov,,236127,230.6 KB,pending,2026-07-10T13:49:33.448539+00:00,,,,,,,,,,,,,,,,,,,,,,,,,,,,
https://www.pa.gov/content/dam/copapwp-pagov/en/ddap/documents/program-data/suprt/oe-spars-suprt-c-adult-reassessment-spanishtool.pdf,oe-spars-suprt-c-adult-reassessment-spanishtool.pdf,pa.gov,,341142,333.1 KB,pending,2026-07-10T13:49:33.452764+00:00,,,,,,,,,,,,,,,,,,,,,,,,,,,,
https://www.pa.gov/content/dam/copapwp-pagov/en/ddap/documents/program-data/suprt/oe-spars-suprt-c-adult-reassessment-tool.pdf,oe-spars-suprt-c-adult-reassessment-tool.pdf,pa.gov,,219638,214.5 KB,pending,2026-07-10T13:49:33.456835+00:00,,,,,,,,,,,,,,,,,,,,,,,,,,,,
https://www.pa.gov/content/dam/copapwp-pagov/en/ddap/documents/program-data/suprt/oe-spars-suprt-c-child-caregiver-baseline-tool.pdf,oe-spars-suprt-c-child-caregiver-baseline-tool.pdf,pa.gov,,223210,218.0 KB,pending,2026-07-10T13:49:33.460968+00:00,,,,,,,,,,,,,,,,,,,,,,,,,,,,
https://www.pa.gov/content/dam/copapwp-pagov/en/ddap/documents/program-data/suprt/oe-spars-suprt-c-child-caregiver-reassessment-spanish.pdf,oe-spars-suprt-c-child-caregiver-reassessment-spanish.pdf,pa.gov,,134404,131.3 KB,pending,2026-07-10T13:49:33.464944+00:00,,,,,,,,,,,,,,,,,,,,,,,,,,,,
https://www.pa.gov/content/dam/copapwp-pagov/en/ddap/documents/program-data/suprt/oe-spars-suprt-c-child-caregiver-reassessment-tool.pdf,oe-spars-suprt-c-child-caregiver-reassessment-tool.pdf,pa.gov,,190833,186.4 KB,pending,2026-07-10T13:49:33.468884+00:00,,,,,,,,,,,,,,,,,,,,,,,,,,,,
https://www.pa.gov/content/dam/copapwp-pagov/en/ddap/documents/program-data/suprt/oe-spars-suprt-c-faq-by-clients-spanish_508.pdf,oe-spars-suprt-c-faq-by-clients-spanish_508.pdf,pa.gov,,295237,288.3 KB,pending,2026-07-10T13:49:33.473140+00:00,,,,,,,,,,,,,,,,,,,,,,,,,,,,
https://www.pa.gov/content/dam/copapwp-pagov/en/ddap/documents/program-data/suprt/oe-spars-suprt-c-faq.pdf,oe-spars-suprt-c-faq.pdf,pa.gov,,181965,177.7 KB,pending,2026-07-10T13:49:33.477052+00:00,,,,,,,,,,,,,,,,,,,,,,,,,,,,
https://www.pa.gov/content/dam/copapwp-pagov/en/ddap/documents/program-data/suprt/oe-spars-suprt-c-qxq.pdf,oe-spars-suprt-c-qxq.pdf,pa.gov,,423927,414.0 KB,pending,2026-07-10T13:49:33.481571+00:00,,,,,,,,,,,,,,,,,,,,,,,,,,,,
https://www.pa.gov/content/dam/copapwp-pagov/en/ddap/documents/program-data/suprt/oe-spars-suprt-c-young-child-caregiver-baseline-spanish.pdf,oe-spars-suprt-c-young-child-caregiver-baseline-spanish.pdf,pa.gov,,159430,155.7 KB,pending,2026-07-10T13:49:33.485535+00:00,,,,,,,,,,,,,,,,,,,,,,,,,,,,
https://www.pa.gov/content/dam/copapwp-pagov/en/ddap/documents/program-data/suprt/oe-spars-suprt-c-young-child-caregiver-baseline-tool.pdf,oe-spars-suprt-c-young-child-caregiver-baseline-tool.pdf,pa.gov,,214322,209.3 KB,pending,2026-07-10T13:49:33.489583+00:00,,,,,,,,,,,,,,,,,,,,,,,,,,,,
https://www.pa.gov/content/dam/copapwp-pagov/en/ddap/documents/program-data/suprt/oe-spars-suprt-c-young-child-caregiver-reassessment-spanish.pdf,oe-spars-suprt-c-young-child-caregiver-reassessment-spanish.pdf,pa.gov,,339896,331.9 KB,pending,2026-07-10T13:49:33.493824+00:00,,,,,,,,,,,,,,,,,,,,,,,,,,,,
https://www.pa.gov/content/dam/copapwp-pagov/en/ddap/documents/program-data/suprt/oe-spars-suprt-c-young-child-caregiver-reassessment-tool.pdf,oe-spars-suprt-c-young-child-caregiver-reassessment-tool.pdf,pa.gov,,189559,185.1 KB,pending,2026-07-10T13:49:33.497590+00:00,,,,,,,,,,,,,,,,,,,,,,,,,,,,
https://www.pa.gov/content/dam/copapwp-pagov/en/ddap/documents/program-data/suprt/oe-spars-suprt-c-youth-baseline-spanishtool.pdf,oe-spars-suprt-c-youth-baseline-spanishtool.pdf,pa.gov,,277459,271.0 KB,pending,2026-07-10T13:49:33.501547+00:00,,,,,,,,,,,,,,,,,,,,,,,,,,,,
https://www.pa.gov/content/dam/copapwp-pagov/en/ddap/documents/program-data/suprt/oe-spars-suprt-c-youth-baseline-tool.pdf,oe-spars-suprt-c-youth-baseline-tool.pdf,pa.gov,,229529,224.1 KB,pending,2026-07-10T13:49:33.505319+00:00,,,,,,,,,,,,,,,,,,,,,,,,,,,,
https://www.pa.gov/content/dam/copapwp-pagov/en/ddap/documents/program-data/suprt/oe-spars-suprt-c-youth-reassessment-spanish.pdf,oe-spars-suprt-c-youth-reassessment-spanish.pdf,pa.gov,,359385,351.0 KB,pending,2026-07-10T13:49:33.509337+00:00,,,,,,,,,,,,,,,,,,,,,,,,,,,,
https://www.pa.gov/content/dam/copapwp-pagov/en/ddap/documents/program-data/suprt/oe-spars-suprt-c-youth-reassessment-tool.pdf,oe-spars-suprt-c-youth-reassessment-tool.pdf,pa.gov,,190147,185.7 KB,pending,2026-07-10T13:49:33.512828+00:00,,,,,,,,,,,,,,,,,,,,,,,,,,,,
https://www.pa.gov/content/dam/copapwp-pagov/en/ddap/documents/professionals/documents/asam-page/asam-update/onsite%20review%20expectations%20feb%202024.pdf,onsite%20review%20expectations%20feb%202024.pdf,pa.gov,,872346,851.9 KB,pending,2026-07-10T13:49:33.517581+00:00,,,,,,,,,,,,,,,,,,,,,,,,,,,,
https://www.pa.gov/content/dam/copapwp-pagov/en/ddap/documents/professionals/documents/asam-page/asam-update/operationalizing-asam-3rd-edition-in-pennsylvania-a-guide-for-providers.pdf,operationalizing-asam-3rd-edition-in-pennsylvania-a-guide-for-providers.pdf,pa.gov,,425798,415.8 KB,pending,2026-07-10T13:49:33.521068+00:00,,,,,,,,,,,,,,,,,,,,,,,,,,,,
https://www.pa.gov/content/dam/copapwp-pagov/en/ddap/documents/professionals/documents/sca-manuals-and-incorporated-documents/operations-manual-2026-2030.pdf,operations-manual-2026-2030.pdf,pa.gov,,847389,827.5 KB,pending,2026-07-10T13:49:33.525496+00:00,,,,,,,,,,,,,,,,,,,,,,,,,,,,
https://www.pa.gov/content/dam/copapwp-pagov/en/dhs/documents/keepkidssafe/clearances/documents/out-of-state-clearances-table.pdf,out-of-state-clearances-table.pdf,pa.gov,,607437,593.2 KB,pending,2026-07-10T13:49:33.529449+00:00,,,,,,,,,,,,,,,,,,,,,,,,,,,,
https://www.pa.gov/content/dam/copapwp-pagov/en/ddap/documents/documents/client-liability-tables/outpatient%20df%20client%20liability%20table%20sfy%202023-24%20effective%205-24%20ddap.pdf,outpatient%20df%20client%20liability%20table%20sfy%202023-24%20effective%205-24%20ddap.pdf,pa.gov,,152978,149.4 KB,pending,2026-07-10T13:49:33.532229+00:00,,,,,,,,,,,,,,,,,,,,,,,,,,,,
https://www.pa.gov/content/dam/copapwp-pagov/en/ddap/documents/professionals/gambling-providers/outpatient-gambling-treatment-df-client-liability-table.pdf,outpatient-gambling-treatment-df-client-liability-table.pdf,pa.gov,,817921,798.8 KB,pending,2026-07-10T13:49:33.536661+00:00,,,,,,,,,,,,,,,,,,,,,,,,,,,,
https://www.pa.gov/content/dam/copapwp-pagov/en/ddap/documents/overdose/documents/overdose%20prevention%20program%20guidelines%2025-26.pdf,overdose%20prevention%20program%20guidelines%2025-26.pdf,pa.gov,,1593961,1.5 MB,pending,2026-07-10T13:49:33.543278+00:00,,,,,,,,,,,,,,,,,,,,,,,,,,,,
https://www.pa.gov/content/dam/copapwp-pagov/en/ddap/documents/documents/agency-reports/overdose-prevention-program-annual-reports/overdose-prevention-program-annual-report-ffy-2024-25.pdf,overdose-prevention-program-annual-report-ffy-2024-25.pdf,pa.gov,,1266521,1.2 MB,pending,2026-07-10T13:49:33.549402+00:00,,,,,,,,,,,,,,,,,,,,,,,,,,,,
https://www.pa.gov/content/dam/copapwp-pagov/en/ddap/documents/professionals/technical-assistance-webinars/overview%E2%80%93of%E2%80%93the%E2%80%932026%E2%80%932030%E2%80%93case%E2%80%93management%E2%80%93clinical%E2%80%93services%E2%80%93manual%E2%80%93technical%E2%80%93assistance%E2%80%93webinar.pdf,overview%E2%80%93of%E2%80%93the%E2%80%932026%E2%80%932030%E2%80%93case%E2%80%93management%E2%80%93clinical%E2%80%93services%E2%80%93manual%E2%80%93technical%E2%80%93assistance%E2%80%93webinar.pdf,pa.gov,,1094297,1.0 MB,pending,2026-07-10T13:49:33.555108+00:00,,,,,,,,,,,,,,,,,,,,,,,,,,,,
https://www.pa.gov/content/dam/copapwp-pagov/en/dli/documents/individuals/disability-services/ovr/documents/ovr-802.pdf,ovr-802-0.pdf,pa.gov,,160196,156.4 KB,pending,2026-07-10T13:49:33.558297+00:00,,,,,,,,,,,,,,,,,,,,,,,,,,,,
https://www.pa.gov/content/dam/copapwp-pagov/en/dli/documents/individuals/disability-services/documents/ovr-802.pdf,ovr-802.pdf,pa.gov,,160196,156.4 KB,pending,2026-07-10T13:49:33.561057+00:00,,,,,,,,,,,,,,,,,,,,,,,,,,,,
https://www.pa.gov/content/dam/copapwp-pagov/en/ddap/documents/licensing/documents/recovery-house-licensing/ownership%20business%20mgmt__recovery%20house.pdf,ownership%20business%20mgmt__recovery%20house.pdf,pa.gov,,291468,284.6 KB,pending,2026-07-10T13:49:33.564135+00:00,,,,,,,,,,,,,,,,,,,,,,,,,,,,
https://www.pa.gov/content/dam/copapwp-pagov/en/dli/documents/individuals/labor-management-relations/llc/construction-employee-e-verify/resources/documents/pa%20e-verify%20presentation.pdf,pa%20e-verify%20presentation.pdf,pa.gov,,705565,689.0 KB,pending,2026-07-10T13:49:33.569762+00:00,,,,,,,,,,,,,,,,,,,,,,,,,,,,
https://www.pa.gov/content/dam/copapwp-pagov/en/ddap/documents/documents/data-system/pa%20wits%20additional%20treatment%20facility%20set%20up%20request%20-%20ddap-efm-7101.pdf,pa%20wits%20additional%20treatment%20facility%20set%20up%20request%20-%20ddap-efm-7101.pdf,pa.gov,,109566,107.0 KB,pending,2026-07-10T13:49:33.572364+00:00,,,,,,,,,,,,,,,,,,,,,,,,,,,,
https://www.pa.gov/content/dam/copapwp-pagov/en/ddap/documents/documents/data-system/pa%20wits%20authorized%20program%20addition%20request%20-%20ddap-efm-7102.pdf,pa%20wits%20authorized%20program%20addition%20request%20-%20ddap-efm-7102.pdf,pa.gov,,125908,123.0 KB,pending,2026-07-10T13:49:33.574856+00:00,,,,,,,,,,,,,,,,,,,,,,,,,,,,
https://www.pa.gov/content/dam/copapwp-pagov/en/ddap/documents/documents/data-system/pa%20wits%20basics%20user%20guide%202023.pdf,pa%20wits%20basics%20user%20guide%202023.pdf,pa.gov,,2781176,2.7 MB,pending,2026-07-10T13:49:33.584323+00:00,,,,,,,,,,,,,,,,,,,,,,,,,,,,
https://www.pa.gov/content/dam/copapwp-pagov/en/ddap/documents/documents/data-system/pa%20wits%20new%20treatment%20agency%20request%20-%20ddap-efm-7100.pdf,pa%20wits%20new%20treatment%20agency%20request%20-%20ddap-efm-7100.pdf,pa.gov,,112516,109.9 KB,pending,2026-07-10T13:49:33.590759+00:00,,,,,,,,,,,,,,,,,,,,,,,,,,,,
https://www.pa.gov/content/dam/copapwp-pagov/en/ddap/documents/documents/data-system/pa%20wits%20prevention%20agency%20administrator%20webinar.pdf,pa%20wits%20prevention%20agency%20administrator%20webinar.pdf,pa.gov,,358675,350.3 KB,pending,2026-07-10T13:49:33.596704+00:00,,,,,,,,,,,,,,,,,,,,,,,,,,,,
https://www.pa.gov/content/dam/copapwp-pagov/en/ddap/documents/documents/data-system/pa%20wits%20prevention%20service%20entry%20user%20guide%202023.pdf,pa%20wits%20prevention%20service%20entry%20user%20guide%202023.pdf,pa.gov,,1692085,1.6 MB,pending,2026-07-10T13:49:33.606034+00:00,,,,,,,,,,,,,,,,,,,,,,,,,,,,
https://www.pa.gov/content/dam/copapwp-pagov/en/ddap/documents/documents/data-system/pa%20wits%20prevention%20staff%20administrator%20guide.pdf,pa%20wits%20prevention%20staff%20administrator%20guide.pdf,pa.gov,,3203461,3.1 MB,pending,2026-07-10T13:49:33.619232+00:00,,,,,,,,,,,,,,,,,,,,,,,,,,,,
https://www.pa.gov/content/dam/copapwp-pagov/en/ddap/documents/documents/data-system/pa%20wits%20sca%20prevention%20plan%20submission%20user%20guide.pdf,pa%20wits%20sca%20prevention%20plan%20submission%20user%20guide.pdf,pa.gov,,1085584,1.0 MB,pending,2026-07-10T13:49:33.627213+00:00,,,,,,,,,,,,,,,,,,,,,,,,,,,,
https://www.pa.gov/content/dam/copapwp-pagov/en/ddap/documents/documents/data-system/pa%20wits%20sca%20prevention%20planning%20webinar_4-16-18.pdf,pa%20wits%20sca%20prevention%20planning%20webinar_4-16-18.pdf,pa.gov,,941425,919.4 KB,pending,2026-07-10T13:49:33.636096+00:00,,,,,,,,,,,,,,,,,,,,,,,,,,,,
https://www.pa.gov/content/dam/copapwp-pagov/en/ddap/documents/documents/data-system/pa%20wits%20treatment%20staff%20administrator%20guide.pdf,pa%20wits%20treatment%20staff%20administrator%20guide.pdf,pa.gov,,2678655,2.6 MB,pending,2026-07-10T13:49:33.648891+00:00,,,,,,,,,,,,,,,,,,,,,,,,,,,,
https://www.pa.gov/content/dam/copapwp-pagov/en/ddap/documents/halfway-houses/pa-halfway-houses.pdf,pa-halfway-houses.pdf,pa.gov,,460413,449.6 KB,pending,2026-07-10T13:49:33.655901+00:00,,,,,,,,,,,,,,,,,,,,,,,,,,,,
https://www.pa.gov/content/dam/copapwp-pagov/en/ddap/documents/documents/data-system/pa-wits-sca-prevention-plan-tips-and-special-instructions.pdf,pa-wits-sca-prevention-plan-tips-and-special-instructions.pdf,pa.gov,,260277,254.2 KB,pending,2026-07-10T13:49:33.662081+00:00,,,,,,,,,,,,,,,,,,,,,,,,,,,,
https://www.pa.gov/content/dam/copapwp-pagov/en/ddap/documents/documents/data-system/pa-wits-tx-administrator-webinar-final.pdf,pa-wits-tx-administrator-webinar-final.pdf,pa.gov,,757724,740.0 KB,pending,2026-07-10T13:49:33.669245+00:00,,,,,,,,,,,,,,,,,,,,,,,,,,,,
https://www.pa.gov/content/dam/copapwp-pagov/en/psp/documents/about/pacic_privacy_policy.pdf,pacic_privacy_policy.pdf,pa.gov,,343404,335.4 KB,pending,2026-07-10T13:49:33.675082+00:00,,,,,,,,,,,,,,,,,,,,,,,,,,,,
https://www.pa.gov/content/dam/copapwp-pagov/en/ddap/documents/licensing/documents/password%20security%20agreement%20for%20facility%20directors%20form%20fillable.pdf,password%20security%20agreement%20for%20facility%20directors%20form%20fillable.pdf,pa.gov,,118110,115.3 KB,pending,2026-07-10T13:49:33.680047+00:00,,,,,,,,,,,,,,,,,,,,,,,,,,,,
