url,filename,site,external_domain,file_size_bytes,file_size_human,status,crawled_at,published_date,doc_title,author,subject,keywords,description,accessible,totally_inaccessible,broken,tagged,empty_text,protected,title,language,bookmarks,tagged_content,forms,tagged_form_fields,tagged_annotations,figures_alt_text,headings,lists,tables,exempt,pages,words,images,errors
https://www.luton.gov.uk/sites/default/files/2025-12/0-agenda.pdf,0-agenda.pdf,luton.gov.uk,,157633,153.9 KB,analysed,2026-10-01T10:45:06.050984+00:00,2024-09-27 13:03:53+00:00,LLAF meeting 1 agenda,Nova.Constable@luton.gov.uk,,,,True,False,False,Pass,Pass,Pass,Pass,Pass,Pass,Pass,NotApplicable,NotApplicable,NotApplicable,Pass,Pass,Pass,NotApplicable,False,2,224,1,
https://assets.publishing.service.gov.uk/media/5a756b9ee5274a3edd9a4c79/2127793.pdf,2127793.pdf,luton.gov.uk,assets.publishing.service.gov.uk,93569,91.4 KB,analysed,2026-10-01T10:45:06.056967+00:00,2013-09-23 15:27:53+00:00,Protected trees: A guide to tree preservation procedures,DCLG,"{'TPOs', 'tree preservation order', 'tree preservation orders', 'trees', 'TPO'}","trees, tree preservation order, tree preservation orders, TPO, TPOs,",guide to tree preservation procedures,False,False,False,Pass,Pass,Pass,Fail,Pass,Pass,Pass,NotApplicable,NotApplicable,Fail,Pass,Warn,Warn,NotApplicable,True,9,2249,3,"title, headings-none, lists-warn, annotations-tagging-fail, "
https://www.luton.gov.uk/sites/default/files/2025-12/3-tor.pdf,3-tor.pdf,luton.gov.uk,,171593,167.6 KB,analysed,2026-10-01T10:45:06.061872+00:00,2024-09-13 11:29:26+00:00,LLAF Terms of Reference,Nova.Constable@luton.gov.uk,,,,True,False,False,Pass,Pass,Pass,Pass,Pass,Pass,Pass,NotApplicable,NotApplicable,Pass,Pass,Pass,Pass,NotApplicable,False,4,1331,1,
https://www.luton.gov.uk/sites/default/files/2025-12/4-rowip-paper.pdf,4-rowip-paper.pdf,luton.gov.uk,,166923,163.0 KB,analysed,2026-10-01T10:45:06.066009+00:00,2024-09-13 11:29:01+00:00,LAFF rights of way improvement plan,Nova.Constable@luton.gov.uk,,,,True,False,False,Pass,Pass,Pass,Pass,Pass,Pass,Pass,NotApplicable,NotApplicable,Pass,Pass,Pass,Pass,NotApplicable,False,3,560,1,
https://www.luton.gov.uk/sites/default/files/2025-12/5-1-public-path-diversion-order-north-newlands-road.pdf,5-1-public-path-diversion-order-north-newlands-road.pdf,luton.gov.uk,,2452884,2.3 MB,analysed,2026-10-01T10:45:06.075483+00:00,2024-09-13 11:28:13+00:00,Public path diversion order number 1/2024,,,,,True,False,False,Pass,Pass,Pass,Pass,Pass,Pass,Pass,NotApplicable,NotApplicable,NotApplicable,Pass,Pass,Pass,NotApplicable,False,3,537,3,
https://www.luton.gov.uk/sites/default/files/2025-12/5-public-path-diversion-order-paper.pdf,5-public-path-diversion-order-paper.pdf,luton.gov.uk,,123767,120.9 KB,analysed,2026-10-01T10:45:06.079447+00:00,2024-09-13 11:27:52+00:00,LLAF: Public path diversion order,Nova.Constable@luton.gov.uk,,,,True,False,False,Pass,Pass,Pass,Pass,Pass,Pass,Pass,NotApplicable,NotApplicable,Pass,Pass,Pass,NotApplicable,NotApplicable,False,2,430,1,
https://www.luton.gov.uk/sites/default/files/2025-12/6-definitive-map-modification-order-paper.pdf,6-definitive-map-modification-order-paper.pdf,luton.gov.uk,,129676,126.6 KB,analysed,2026-10-01T10:45:06.082875+00:00,2024-09-13 11:27:26+00:00,LLAF definitive map modification orders,Sarah Smart,,,,True,False,False,Pass,Pass,Pass,Pass,Pass,Pass,Pass,NotApplicable,NotApplicable,Pass,Pass,Pass,Pass,NotApplicable,False,2,536,1,
https://www.luton.gov.uk/sites/default/files/2025-12/7-landowner-register-paper.pdf,7-landowner-register-paper.pdf,luton.gov.uk,,970417,947.7 KB,analysed,2026-10-01T10:45:06.088220+00:00,2024-09-13 11:27:05+00:00,LLAF landowner register,Sarah Smart,,,,True,False,False,Pass,Pass,Pass,Pass,Pass,Pass,Pass,NotApplicable,NotApplicable,Pass,Pass,Pass,NotApplicable,NotApplicable,False,4,719,4,
https://www.luton.gov.uk/sites/default/files/2025-12/8-forward-work-programme-draft.pdf,8-forward-work-programme-draft.pdf,luton.gov.uk,,140899,137.6 KB,analysed,2026-10-01T10:45:06.091382+00:00,2024-09-13 11:26:30+00:00,LLAF forward work programme,Sarah Smart,,,,True,False,False,Pass,Pass,Pass,Pass,Pass,Pass,Pass,NotApplicable,NotApplicable,Pass,Pass,Pass,Pass,NotApplicable,False,3,444,1,
https://www.luton.gov.uk/sites/default/files/2026-01/Abigail%20Close%20path%20%28L180%29.pdf,Abigail%20Close%20path%20%28L180%29.pdf,luton.gov.uk,,681369,665.4 KB,analysed,2026-10-01T10:45:06.095805+00:00,2025-07-02 09:31:10+00:00,A3 - DC111,,,,,True,False,False,Pass,Pass,Pass,Pass,Pass,Pass,Pass,NotApplicable,NotApplicable,NotApplicable,Pass,Pass,NotApplicable,Pass,False,1,145,2,
https://www.luton.gov.uk/system/files/file-visibility/migrated/Health_and_social_care/Lists/LutonDocuments/PDF/Adopt-east-peer-support-line.pdf,Adopt-east-peer-support-line.pdf,luton.gov.uk,,201993,197.3 KB,analysed,2026-10-01T10:45:06.099123+00:00,2025-10-08 10:54:33+00:00,,,,,,False,True,False,Fail,Fail,Pass,Fail,Fail,Pass,Fail,NotApplicable,NotApplicable,NotApplicable,NotApplicable,NotApplicable,NotApplicable,NotApplicable,False,1,0,1,"title, tagged, lang, "
https://www.luton.gov.uk/sites/default/files/2025-12/Advice-on-planning-bute-street.pdf,Advice-on-planning-bute-street.pdf,luton.gov.uk,,126661,123.7 KB,analysed,2026-10-01T10:45:06.102114+00:00,2025-07-30 10:21:06+00:00,Luton Local Access Forum letter of advice re 24/01415/AMEND - The Stage NMA Planning Changes,Mamnunur Khan (XCF8 R),,,,True,False,False,Pass,Pass,Pass,Pass,Pass,Pass,Pass,NotApplicable,NotApplicable,NotApplicable,Pass,Warn,Pass,NotApplicable,False,2,489,0,"headings-none, "
https://www.luton.gov.uk/sites/default/files/2025-12/Advice-on-planning-power-court.pdf,Advice-on-planning-power-court.pdf,luton.gov.uk,,128336,125.3 KB,analysed,2026-10-01T10:45:06.105087+00:00,2025-07-30 10:20:34+00:00,Luton Local Access Forum letter of advice re Power Court Stadium Ddevelopment Proposal - Application 24/0105/HYBEIA,Mamnunur Khan (XCF8 R),,,,True,False,False,Pass,Pass,Pass,Pass,Pass,Pass,Pass,NotApplicable,NotApplicable,NotApplicable,Pass,Warn,Pass,NotApplicable,False,3,776,0,"headings-none, "
https://www.luton.gov.uk/sites/default/files/2026-03/Agreed%20Academic%20Calendar%202026-27.pdf,Agreed%20Academic%20Calendar%202026-27.pdf,luton.gov.uk,,140156,136.9 KB,analysed,2026-10-01T10:45:06.107994+00:00,2025-06-18 13:33:04+00:00,EDUCATION ACADEMIC CALENDAR,SmithDe,,,,False,False,False,Pass,Pass,Pass,Pass,Pass,Pass,Pass,NotApplicable,NotApplicable,NotApplicable,Pass,Warn,NotApplicable,Fail,False,1,507,1,"headings-none, tables-fail, "
https://www.luton.gov.uk/sites/default/files/2026-02/Allotment-tenancy-agreement_0_0.pdf,Allotment-tenancy-agreement_0_0.pdf,luton.gov.uk,,163491,159.7 KB,analysed,2026-10-01T10:45:06.110889+00:00,2024-10-04 14:41:11+00:00,Accessing planning information online,Nova.Constable@luton.gov.uk,,,,True,False,False,Pass,Pass,Pass,Pass,Pass,Pass,Pass,NotApplicable,NotApplicable,NotApplicable,Pass,Pass,Pass,NotApplicable,False,9,2631,3,
https://www.luton.gov.uk/sites/default/files/2026-02/Application-for-Hedgerow-Removal-Notice-guidance_0.pdf,Application-for-Hedgerow-Removal-Notice-guidance_0.pdf,luton.gov.uk,,27528,26.9 KB,analysed,2026-10-01T10:45:06.113492+00:00,2011-02-18 10:50:46+00:00,Application for Hedgerow Removal Notice,Content Team,,,,False,False,False,Pass,Pass,Pass,Fail,Fail,Pass,Pass,NotApplicable,NotApplicable,NotApplicable,Pass,Warn,Warn,NotApplicable,True,2,956,0,"title, lang, headings-none, lists-warn, "
https://www.luton.gov.uk/sites/default/files/migrated/Council_government_and_democracy/Lists/LutonDocuments/PDF/Voting%20and%20elections/Election-2023/Barnfield-count.pdf,Barnfield-count.pdf,luton.gov.uk,,86273,84.3 KB,analysed,2026-10-01T10:45:06.116177+00:00,2023-05-05 15:01:44+00:00,Barnfield Ward count,,,,,True,False,False,Pass,Pass,Pass,Pass,Pass,Pass,Pass,NotApplicable,NotApplicable,NotApplicable,Pass,Warn,NotApplicable,Warn,False,1,218,0,"headings-none, tables-warn, "
https://www.luton.gov.uk/sites/default/files/2026-01/Bath%20Road%20%28L181%29.pdf,Bath%20Road%20%28L181%29.pdf,luton.gov.uk,,812523,793.5 KB,analysed,2026-10-01T10:45:06.120790+00:00,2025-07-02 09:32:45+00:00,A3 - DC112,,,,,True,False,False,Pass,Pass,Pass,Pass,Pass,Pass,Pass,NotApplicable,NotApplicable,NotApplicable,Pass,Pass,NotApplicable,Pass,False,1,151,5,
https://www.luton.gov.uk/sites/default/files/2026-01/Beech%20Hill%20ward%20-%20proposed%20routes%20%28L103%29.pdf,Beech%20Hill%20ward%20-%20proposed%20routes%20%28L103%29.pdf,luton.gov.uk,,767193,749.2 KB,analysed,2026-10-01T10:45:06.125456+00:00,2025-07-08 14:10:52+00:00,L103 Beech Hill path,,,,,True,False,False,Pass,Pass,Pass,Pass,Pass,Pass,Pass,NotApplicable,NotApplicable,NotApplicable,Pass,Warn,NotApplicable,Pass,False,1,102,2,"headings-none, "
https://www.luton.gov.uk/sites/default/files/2026-01/Beech%20Hill%20ward%20-%20proposed%20routes.pdf,Beech%20Hill%20ward%20-%20proposed%20routes.pdf,luton.gov.uk,,3875038,3.7 MB,error,2026-10-01T10:45:06.138174+00:00,,,,,,,,,,,,,,,,,,,,,,,,,,,,Analysis exceeded 120s per-file limit
https://www.luton.gov.uk/system/files/file-visibility/migrated/Council_government_and_democracy/Lists/LutonDocuments/PDF/Voting%20and%20elections/Election-2023/Beech-hill-count.pdf,Beech-hill-count.pdf,luton.gov.uk,,83647,81.7 KB,analysed,2026-10-01T10:45:06.142103+00:00,2023-05-05 15:02:43+00:00,Beech Hill ward,Littler,,,,True,False,False,Pass,Pass,Pass,Pass,Pass,Pass,Pass,NotApplicable,NotApplicable,NotApplicable,Pass,Warn,NotApplicable,Warn,False,1,198,0,"headings-none, tables-warn, "
https://www.luton.gov.uk/sites/default/files/2026-01/Biscot%20ward%20proposed%20routes.pdf,Biscot%20ward%20proposed%20routes.pdf,luton.gov.uk,,2583222,2.5 MB,analysed,2026-10-01T10:45:06.153511+00:00,2025-07-08 12:02:20+00:00,Biscot ward proposed routes,,,,,True,False,False,Pass,Pass,Pass,Pass,Pass,Pass,Pass,NotApplicable,NotApplicable,NotApplicable,Pass,Pass,NotApplicable,NotApplicable,False,1,192,2,
https://www.luton.gov.uk/system/files/file-visibility/migrated/Council_government_and_democracy/Lists/LutonDocuments/PDF/Voting%20and%20elections/Election-2023/Biscot-count.pdf,Biscot-count.pdf,luton.gov.uk,,82038,80.1 KB,analysed,2026-10-01T10:45:06.158723+00:00,2023-05-05 15:04:23+00:00,Biscot ward,Littler,,,,True,False,False,Pass,Pass,Pass,Pass,Pass,Pass,Pass,NotApplicable,NotApplicable,NotApplicable,Pass,Warn,NotApplicable,Warn,False,1,185,0,"headings-none, tables-warn, "
https://www.luton.gov.uk/system/files/file-visibility/migrated/Council_government_and_democracy/Lists/LutonDocuments/PDF/Voting%20and%20elections/Election-2023/Bramingham-count.pdf,Bramingham-count.pdf,luton.gov.uk,,83145,81.2 KB,analysed,2026-10-01T10:45:06.162914+00:00,2023-05-05 15:05:57+00:00,Bramingham ward,Littler,,,,True,False,False,Pass,Pass,Pass,Pass,Pass,Pass,Pass,NotApplicable,NotApplicable,NotApplicable,Pass,Warn,NotApplicable,Warn,False,1,203,0,"headings-none, tables-warn, "
https://www.luton.gov.uk/system/files/file-visibility/migrated/Council_government_and_democracy/Lists/LutonDocuments/PDF/Voting%20and%20elections/Election-2023/Central-count.pdf,Central-count.pdf,luton.gov.uk,,81955,80.0 KB,analysed,2026-10-01T10:45:06.166354+00:00,2023-05-05 15:07:15+00:00,Central ward,Littler,,,,True,False,False,Pass,Pass,Pass,Pass,Pass,Pass,Pass,NotApplicable,NotApplicable,NotApplicable,Pass,Warn,NotApplicable,Warn,False,1,187,0,"headings-none, tables-warn, "
https://www.luton.gov.uk/system/files/file-visibility/migrated/Council_government_and_democracy/Lists/LutonDocuments/PDF/Voting%20and%20elections/Election-2023/Challney-count.pdf,Challney-count.pdf,luton.gov.uk,,83634,81.7 KB,analysed,2026-10-01T10:45:06.169309+00:00,2023-05-05 15:08:38+00:00,Challney ward,Littler,,,,True,False,False,Pass,Pass,Pass,Pass,Pass,Pass,Pass,NotApplicable,NotApplicable,NotApplicable,Pass,Warn,NotApplicable,Warn,False,1,193,0,"headings-none, tables-warn, "
https://www.luton.gov.uk/sites/default/files/2026-04/Charging%20policy%20for%20non%20residential%20services%202026-27_0.pdf,Charging%20policy%20for%20non%20residential%20services%202026-27_0.pdf,luton.gov.uk,,208723,203.8 KB,analysed,2026-10-01T10:45:06.172303+00:00,2026-04-29 16:00:24+00:00,Charging policy for non-residential services,"Constable, Nova",,,,False,False,False,Pass,Pass,Pass,Pass,Pass,Pass,Pass,NotApplicable,NotApplicable,Pass,Pass,Fail,Pass,Pass,False,15,4680,1,"headings-skip, "
https://www.luton.gov.uk/sites/default/files/2026-01/Chiltern%20Green%20CA16%20application%20form-%20redacted.pdf,Chiltern%20Green%20CA16%20application%20form-%20redacted.pdf,luton.gov.uk,,7999750,7.6 MB,analysed,2026-10-01T10:45:06.195435+00:00,2018-05-09 11:34:53+00:00,,,,,,False,True,False,Fail,Fail,Pass,Fail,Fail,Pass,Fail,NotApplicable,NotApplicable,NotApplicable,NotApplicable,NotApplicable,NotApplicable,NotApplicable,True,8,0,8,"title, tagged, lang, "
https://www.luton.gov.uk/sites/default/files/migrated/Environment/Lists/LutonDocuments/PDF/Planning/Development%20Control/Conservation-areas-planning-advice-and-guidance-leaflet.pdf,Conservation-areas-planning-advice-and-guidance-leaflet.pdf,luton.gov.uk,,1029636,1005.5 KB,analysed,2026-10-01T10:45:06.203100+00:00,2020-09-03 11:05:41+00:00,conservation areas - planning advice and guidance,Emma Raindle,planning; conservation areas,conservation area;conservation areas;planning,planning; conservation areas,False,False,False,Pass,Pass,Pass,Pass,Pass,Pass,Pass,NotApplicable,NotApplicable,Fail,Pass,Pass,Pass,NotApplicable,False,5,1362,3,"annotations-tagging-fail, "
https://www.luton.gov.uk/sites/default/files/2026-01/Copt%20Hall%20and%20Someries%20Farm%20%28TL122203%29.pdf,Copt%20Hall%20and%20Someries%20Farm%20%28TL122203%29.pdf,luton.gov.uk,,309742,302.5 KB,analysed,2026-10-01T10:45:06.208215+00:00,2024-08-01 09:06:37+01:00,7. CA16 Statement.pdf,Sarah Smart,,,,False,True,False,Fail,Fail,Pass,Fail,Fail,Pass,Fail,NotApplicable,NotApplicable,NotApplicable,NotApplicable,NotApplicable,NotApplicable,NotApplicable,False,1,0,23,"title, tagged, lang, "
https://www.luton.gov.uk/sites/default/files/2026-06/Council%20Tax%20Exceptional%20Hardship%20scheme%202026%20to%202027.pdf,Council%20Tax%20Exceptional%20Hardship%20scheme%202026%20to%202027.pdf,luton.gov.uk,,408442,398.9 KB,analysed,2026-10-01T10:45:06.212638+00:00,2026-06-03 06:21:39+00:00,Council Tax Exceptional Hardship Scheme 2026 2027   April 2026,Emma Raindle,,council-tax,,True,False,False,Pass,Pass,Pass,Pass,Pass,Pass,Pass,NotApplicable,NotApplicable,Pass,Pass,Pass,Pass,Pass,False,14,4452,1,
https://www.luton.gov.uk/sites/default/files/2025-12/CycleMap.pdf,CycleMap.pdf,luton.gov.uk,,3728691,3.6 MB,analysed,2026-10-01T10:45:06.225418+00:00,2020-09-21 14:32:03+00:00,Hounslow_Civic_Centre_Leaflet,MAC029,,,,True,False,False,Pass,Pass,Pass,Pass,Pass,Pass,Pass,NotApplicable,NotApplicable,Pass,Pass,Pass,NotApplicable,NotApplicable,False,1,1184,0,
https://www.luton.gov.uk/system/files/file-visibility/migrated/Council_government_and_democracy/Lists/LutonDocuments/PDF/Voting%20and%20elections/Election-2023/Dallow-count.pdf,Dallow-count.pdf,luton.gov.uk,,80970,79.1 KB,analysed,2026-10-01T10:45:06.229405+00:00,2023-05-05 15:09:52+00:00,Dallow ward,Littler,,,,True,False,False,Pass,Pass,Pass,Pass,Pass,Pass,Pass,NotApplicable,NotApplicable,NotApplicable,Pass,Warn,NotApplicable,Warn,False,1,177,0,"headings-none, tables-warn, "
https://www.luton.gov.uk/sites/default/files/migrated/Health_and_social_care/Lists/LutonDocuments/PDF/Deferred-payment-policy-2025-26.pdf,Deferred-payment-policy-2025-26.pdf,luton.gov.uk,,128819,125.8 KB,analysed,2026-10-01T10:45:06.232774+00:00,2025-10-31 10:36:09+00:00,Defred Payment Policy 2025-2026,Nova.Constable@luton.gov.uk,,,,True,False,False,Pass,Pass,Pass,Pass,Pass,Pass,Pass,NotApplicable,NotApplicable,Pass,Pass,Pass,Pass,NotApplicable,False,5,2215,2,
https://www.luton.gov.uk/sites/default/files/2026-01/Disciplinary-procedure.pdf,Disciplinary-procedure.pdf,luton.gov.uk,,269884,263.6 KB,analysed,2026-10-01T10:45:06.236183+00:00,2022-11-17 10:20:41+00:00,Disciplinary procedure,Emma Raindle,{'Accessibility'},Accessibility,,True,False,False,Pass,Pass,Pass,Pass,Pass,Pass,Pass,NotApplicable,NotApplicable,Pass,Pass,Pass,Pass,Warn,False,11,4463,1,"tables-warn, "
https://www.luton.gov.uk/sites/default/files/2026-01/Dorrington%20Close%20Area%20%28L274%20to%20L279%29.pdf,Dorrington%20Close%20Area%20%28L274%20to%20L279%29.pdf,luton.gov.uk,,1028237,1004.1 KB,analysed,2026-10-01T10:45:06.241407+00:00,2025-07-02 09:13:53+00:00,Biscot ward proposed routes A2 - DC109,,,,,True,False,False,Pass,Pass,Pass,Pass,Pass,Pass,Pass,NotApplicable,NotApplicable,NotApplicable,Pass,Pass,NotApplicable,NotApplicable,False,1,162,2,
https://www.luton.gov.uk/sites/default/files/2026-01/Dunstable%20Close%20path%20%E2%80%93%20proposed%20routes%20%28DC107%29.pdf,Dunstable%20Close%20path%20%E2%80%93%20proposed%20routes%20%28DC107%29.pdf,luton.gov.uk,,770410,752.4 KB,analysed,2026-10-01T10:45:06.246269+00:00,2025-07-02 08:09:08+00:00,A4 - DC107 DWG,,,,,True,False,False,Pass,Pass,Pass,Pass,Pass,Pass,Pass,NotApplicable,NotApplicable,NotApplicable,Pass,Pass,NotApplicable,Pass,False,1,128,0,
https://www.luton.gov.uk/system/files/file-visibility/2026-03/Effective%20Relationship%20and%20Health%20Education%20%28RHE%29%20Consultation.pdf,Effective%20Relationship%20and%20Health%20Education%20%28RHE%29%20Consultation.pdf,luton.gov.uk,,503483,491.7 KB,analysed,2026-10-01T10:45:06.252809+00:00,2021-10-14 09:56:36+00:00,Effective Relationship and Health Education Consultation,,,,,True,False,False,Pass,Pass,Pass,Pass,Pass,Pass,Pass,NotApplicable,NotApplicable,Pass,Pass,Pass,Pass,Warn,False,6,1228,2,"tables-warn, "
https://www.luton.gov.uk/sites/default/files/2026-03/FIS-provider-agreement-appendix-2.pdf,FIS-provider-agreement-appendix-2.pdf,luton.gov.uk,,157640,153.9 KB,analysed,2026-10-01T10:45:06.257838+00:00,2026-01-29 14:52:55+00:00,Luton Council Provider Agreement January 2026,"Ralevic, Beverley",,,,True,False,False,Pass,Pass,Pass,Pass,Pass,Pass,Pass,NotApplicable,NotApplicable,NotApplicable,Pass,Pass,Pass,NotApplicable,False,4,980,2,
https://www.luton.gov.uk/sites/default/files/2026-06/Fostering%20training%20brochure%202026-2027.pdf,Fostering%20training%20brochure%202026-2027.pdf,luton.gov.uk,,357993,349.6 KB,analysed,2026-10-01T10:45:06.262383+00:00,2026-06-25 10:09:40+00:00,Fostering training brochure 2036 to 2027,Nova.Constable@luton.gov.uk,,,,True,False,False,Pass,Pass,Pass,Pass,Pass,Pass,Pass,NotApplicable,NotApplicable,Pass,Pass,Pass,Pass,Pass,False,31,7604,5,
https://www.luton.gov.uk/system/files/file-visibility/2026-03/Funded%20childcare%20providers%20Offering%202%20year%20funding%2C%203%20and%204%20year%20funding%2C%2030%20hours%20or%20Tax%20Free%20Childcare.pdf,Funded%20childcare%20providers%20Offering%202%20year%20funding%2C%203%20and%204%20year%20funding%2C%2030%20hours%20or%20Tax%20Free%20Childcare.pdf,luton.gov.uk,,554222,541.2 KB,analysed,2026-10-01T10:45:06.266737+00:00,2022-01-27 16:09:22+00:00,Funded Providers,Nova.Constable@luton.gov.uk,,,,True,False,False,Pass,Pass,Pass,Pass,Pass,Pass,Pass,NotApplicable,NotApplicable,Pass,Pass,Pass,NotApplicable,NotApplicable,False,24,2496,2,
https://www.luton.gov.uk/sites/default/files/2026-01/Grievance-resolution-procedure.pdf,Grievance-resolution-procedure.pdf,luton.gov.uk,,214332,209.3 KB,analysed,2026-10-01T10:45:06.270140+00:00,2022-11-17 10:27:35+00:00,Grievance resolution procedure,Nova.Constable@luton.gov.uk,,,,True,False,False,Pass,Pass,Pass,Pass,Pass,Pass,Pass,NotApplicable,NotApplicable,Pass,Pass,Pass,Pass,Warn,False,5,1267,1,"tables-warn, "
https://www.luton.gov.uk/sites/default/files/migrated/Environment/Lists/LutonDocuments/PDF/Planning/Development%20Control/High-town-conservation-area.pdf,High-town-conservation-area.pdf,luton.gov.uk,,959766,937.3 KB,analysed,2026-10-01T10:45:06.275172+00:00,2021-11-23 15:48:18+00:00,High Town,,,,,False,False,False,Pass,Pass,Pass,Pass,Pass,Pass,Pass,NotApplicable,NotApplicable,NotApplicable,Fail,Warn,NotApplicable,NotApplicable,False,1,330,1,"figures missing alt text (count=1), headings-none, "
https://www.luton.gov.uk/system/files/file-visibility/migrated/Council_government_and_democracy/Lists/LutonDocuments/PDF/Voting%20and%20elections/Election-2023/High-town-count.pdf,High-town-count.pdf,luton.gov.uk,,81421,79.5 KB,analysed,2026-10-01T10:45:06.278170+00:00,2023-05-05 15:11:37+00:00,Hightown ward,Littler,,,,True,False,False,Pass,Pass,Pass,Pass,Pass,Pass,Pass,NotApplicable,NotApplicable,NotApplicable,Pass,Warn,NotApplicable,Warn,False,1,182,0,"headings-none, tables-warn, "
https://www.luton.gov.uk/sites/default/files/2025-11/Housing%20Benefit%20War%20Pension%20Disregard%20Policy%20%28Modified%20Scheme%29.pdf,Housing%20Benefit%20War%20Pension%20Disregard%20Policy%20%28Modified%20Scheme%29.pdf,luton.gov.uk,,530138,517.7 KB,analysed,2026-10-01T10:45:06.282131+00:00,2023-02-09 09:09:18+00:00,Accessing planning information online,Nova.Constable@luton.gov.uk,,,,True,False,False,Pass,Pass,Pass,Pass,Pass,Pass,Pass,NotApplicable,NotApplicable,Pass,Pass,Pass,Pass,NotApplicable,False,4,1235,1,
https://www.luton.gov.uk/sites/default/files/2026-03/In%20App%20Advice%20Fees%20%20-%20New%202025.pdf,In%20App%20Advice%20Fees%20%20-%20New%202025.pdf,luton.gov.uk,,144688,141.3 KB,analysed,2026-10-01T10:45:06.285179+00:00,2026-03-27 10:09:50+00:00,Pre-application fees,Emma Raindle,,"Pre-application fees, Planning",,True,False,False,Pass,Pass,Pass,Pass,Pass,Pass,Pass,NotApplicable,NotApplicable,Pass,Pass,Pass,NotApplicable,Warn,False,3,304,1,"tables-warn, "
https://www.luton.gov.uk/system/files/file-visibility/migrated/Health_and_social_care/Lists/LutonDocuments/PDF/Children%20and%20Families/Independent-visitors.pdf,Independent-visitors.pdf,luton.gov.uk,,62263,60.8 KB,analysed,2026-10-01T10:45:06.287831+00:00,2021-08-20 09:32:19+00:00,Volunteer Independent Visitors,Rebecca Garner,,,,True,False,False,Pass,Pass,Pass,Pass,Pass,Pass,Pass,NotApplicable,NotApplicable,Pass,Pass,Warn,NotApplicable,NotApplicable,False,1,271,1,"headings-none, "
https://www.luton.gov.uk/sites/default/files/2026-05/JSNA%20overview%20health%20social%20care%20needs%202024_1.pdf,JSNA%20overview%20health%20social%20care%20needs%202024_1.pdf,luton.gov.uk,,10429733,9.9 MB,error,2026-10-01T10:45:06.317181+00:00,,,,,,,,,,,,,,,,,,,,,,,,,,,,Analysis exceeded 120s per-file limit
https://www.luton.gov.uk/sites/default/files/2026-02/Joint%20Special%20Educational%20Needs%20and%20Disabilities%20Strategy%202022%20to%202025.pdf,Joint%20Special%20Educational%20Needs%20and%20Disabilities%20Strategy%202022%20to%202025.pdf,luton.gov.uk,,1480872,1.4 MB,analysed,2026-10-01T10:45:06.326529+00:00,2023-05-18 14:20:53+00:00,"Joint Special Educational Needs and Disabilities Strategy
 Joint Special Educational Needs and Disabilities Strategy",{'Luton Council'},{'Joint Special Educational Needs and Disabilities Strategy'},Joint Special Educational Needs and Disabilities Strategy,Joint Special Educational Needs and Disabilities Strategy,True,False,False,Pass,Pass,Pass,Pass,Pass,Pass,Pass,NotApplicable,NotApplicable,Pass,Pass,Warn,Pass,NotApplicable,False,36,11409,30,"headings-none, "
https://www.luton.gov.uk/sites/default/files/2026-01/Kingsway%20Park%20area%20%28L167%20to%20L271%29.pdf,Kingsway%20Park%20area%20%28L167%20to%20L271%29.pdf,luton.gov.uk,,966940,944.3 KB,analysed,2026-10-01T10:45:06.334061+00:00,2025-07-02 08:06:31+00:00,A2 - DC105 DWG,,,,,True,False,False,Pass,Pass,Pass,Pass,Pass,Pass,Pass,NotApplicable,NotApplicable,NotApplicable,Pass,Warn,NotApplicable,NotApplicable,False,1,157,0,"headings-none, "
https://www.luton.gov.uk/sites/default/files/migrated/Health_and_social_care/Lists/LutonDocuments/PDF/Fostering/Kinship-carer-leaflet.pdf,Kinship-carer-leaflet.pdf,luton.gov.uk,,355475,347.1 KB,analysed,2026-10-01T10:45:06.339380+00:00,2025-09-19 07:37:40+00:00,,Sarah Maffre,,,,False,False,False,Pass,Pass,Pass,Fail,Pass,Pass,Pass,NotApplicable,NotApplicable,NotApplicable,Pass,Warn,NotApplicable,NotApplicable,False,1,0,1,"title, headings-none, "
https://www.luton.gov.uk/sites/default/files/2026-01/Land%20North%20of%20Chiltern%20Green%20Map%20accompanying%20a%20notice%20of%20landowner%20deposit%20%28TL%20133208%29.pdf,Land%20North%20of%20Chiltern%20Green%20Map%20accompanying%20a%20notice%20of%20landowner%20deposit%20%28TL%20133208%29.pdf,luton.gov.uk,,124693,121.8 KB,analysed,2026-10-01T10:45:06.343592+00:00,2018-05-09 11:35:12+00:00,Print Template Wizard,katechiam,,,,False,False,False,Fail,Pass,Pass,Fail,Fail,Pass,Fail,NotApplicable,NotApplicable,NotApplicable,NotApplicable,NotApplicable,NotApplicable,NotApplicable,True,1,61,1,"title, tagged, lang, "
https://www.luton.gov.uk/sites/default/files/2026-01/Land%20off%20Weybourne%20Drive%20CA16%20application.pdf,Land%20off%20Weybourne%20Drive%20CA16%20application.pdf,luton.gov.uk,,309112,301.9 KB,analysed,2026-10-01T10:45:06.347706+00:00,2024-08-23 10:40:19+00:00,,,,,,False,False,False,Fail,Pass,Pass,Fail,Fail,Pass,Fail,NotApplicable,NotApplicable,NotApplicable,NotApplicable,NotApplicable,NotApplicable,NotApplicable,False,4,1427,1,"title, tagged, lang, "
https://www.luton.gov.uk/sites/default/files/2026-01/Land%20off%20Weybourne%20Drive%20CA17%20notice%20-%20redacted.pdf,Land%20off%20Weybourne%20Drive%20CA17%20notice%20-%20redacted.pdf,luton.gov.uk,,388994,379.9 KB,analysed,2026-10-01T10:45:06.352028+00:00,,,,,,,False,False,False,Fail,Pass,Pass,Fail,Fail,Pass,Fail,NotApplicable,NotApplicable,NotApplicable,NotApplicable,NotApplicable,NotApplicable,NotApplicable,False,2,6,5,"no date found, title, tagged, lang, "
https://www.luton.gov.uk/sites/default/files/2026-01/Land%20off%20Weybourne%20Drive%20declaration%20of%20footpath%20%28TL086025511%29.pdf,Land%20off%20Weybourne%20Drive%20declaration%20of%20footpath%20%28TL086025511%29.pdf,luton.gov.uk,,465118,454.2 KB,analysed,2026-10-01T10:45:06.358150+00:00,2023-03-14 15:48:48+00:00,Land off Weybourne Drive declaration of footpath,,,,,False,False,False,Pass,Pass,Pass,Pass,Pass,Pass,Pass,NotApplicable,NotApplicable,NotApplicable,Fail,Warn,NotApplicable,NotApplicable,False,1,138,1,"figures missing alt text (count=1), headings-none, "
https://www.luton.gov.uk/sites/default/files/2026-01/Land%20off%20Weybourne%20Drive%20land%20not%20dedicated%20as%20common%20land%20%28TL08602551%29.pdf,Land%20off%20Weybourne%20Drive%20land%20not%20dedicated%20as%20common%20land%20%28TL08602551%29.pdf,luton.gov.uk,,346513,338.4 KB,analysed,2026-10-01T10:45:06.362769+00:00,2023-03-14 15:51:30+00:00,Land off Weybourne Drive land not dedicated as common land,,,,,True,False,False,Pass,Pass,Pass,Pass,Pass,Pass,Pass,NotApplicable,NotApplicable,NotApplicable,Pass,Warn,NotApplicable,NotApplicable,False,1,151,1,"headings-none, "
https://www.luton.gov.uk/sites/default/files/2026-01/Langley%20Place%20explanatory%20statement.pdf,Langley%20Place%20explanatory%20statement.pdf,luton.gov.uk,,275071,268.6 KB,analysed,2026-10-01T10:45:06.366912+00:00,2022-03-14 14:53:12+00:00,Langley Place explanatory statement,"Dove, Keith",,Langley Place explanatory statement,,True,False,False,Pass,Pass,Pass,Pass,Pass,Pass,Pass,NotApplicable,NotApplicable,Pass,Pass,Warn,NotApplicable,NotApplicable,False,2,909,1,"headings-none, "
https://www.luton.gov.uk/sites/default/files/2026-01/Langley%20Place%20footpath%20certified%20confirmed%20order.pdf,Langley%20Place%20footpath%20certified%20confirmed%20order.pdf,luton.gov.uk,,128592,125.6 KB,analysed,2026-10-01T10:45:06.370764+00:00,2021-11-16 09:45:27+00:00,certified confirmed Order.pdf,ConstableN,,,,True,False,False,Pass,Pass,Pass,Pass,Pass,Pass,Pass,NotApplicable,NotApplicable,NotApplicable,Pass,Warn,Pass,NotApplicable,False,1,309,2,"headings-none, "
https://www.luton.gov.uk/sites/default/files/2026-01/Langley%20Place%20footpath%20notice%20of%20order.pdf,Langley%20Place%20footpath%20notice%20of%20order.pdf,luton.gov.uk,,577482,563.9 KB,analysed,2026-10-01T10:45:06.375507+00:00,2021-03-02 09:43:29+00:00,The Planning Inspectorate,test,,,,False,False,False,Pass,Pass,Pass,Fail,Pass,Pass,Pass,NotApplicable,NotApplicable,Pass,Pass,Warn,NotApplicable,NotApplicable,False,2,789,0,"title, headings-none, "
https://www.luton.gov.uk/sites/default/files/2026-01/Langley%20Place%20order%20signed%20and%20sealed.pdf,Langley%20Place%20order%20signed%20and%20sealed.pdf,luton.gov.uk,,884592,863.9 KB,analysed,2026-10-01T10:45:06.380852+00:00,2022-03-14 14:58:01+00:00,Order footpath no 159,"Brocklehurst, Shane",,Order footpath no 159,,True,False,False,Pass,Pass,Pass,Pass,Pass,Pass,Pass,NotApplicable,NotApplicable,NotApplicable,Pass,Pass,Pass,NotApplicable,False,3,547,4,
https://www.luton.gov.uk/sites/default/files/2026-01/Langley%20Place%20site%20notice.pdf,Langley%20Place%20site%20notice.pdf,luton.gov.uk,,207545,202.7 KB,analysed,2026-10-01T10:45:06.384190+00:00,2022-03-14 14:56:23+00:00,Langley Place sign notice,"Dove, Keith",,Langley Place sign notice,,True,False,False,Pass,Pass,Pass,Pass,Pass,Pass,Pass,NotApplicable,NotApplicable,Pass,Pass,Warn,NotApplicable,NotApplicable,False,1,546,0,"headings-none, "
https://www.luton.gov.uk/system/files/file-visibility/migrated/Council_government_and_democracy/Lists/LutonDocuments/PDF/Voting%20and%20elections/Election-2023/Leagrave-count.pdf,Leagrave-count.pdf,luton.gov.uk,,82275,80.3 KB,analysed,2026-10-01T10:45:06.387028+00:00,2023-05-05 15:12:56+00:00,Leagrave ward,Littler,,,,True,False,False,Pass,Pass,Pass,Pass,Pass,Pass,Pass,NotApplicable,NotApplicable,NotApplicable,Pass,Warn,NotApplicable,Warn,False,1,183,0,"headings-none, tables-warn, "
https://www.luton.gov.uk/system/files/file-visibility/migrated/Health_and_social_care/Lists/LutonDocuments/PDF/Leaving-care-financial-policy-and-guidance.pdf,Leaving-care-financial-policy-and-guidance.pdf,luton.gov.uk,,729173,712.1 KB,analysed,2026-10-01T10:45:06.391303+00:00,2022-07-12 11:25:01+00:00,Leaving Care Financial Policy and Guidance 2022,"O'Sullivan, Sheila",,,,False,False,False,Pass,Pass,Pass,Pass,Pass,Pass,Pass,NotApplicable,NotApplicable,Pass,Pass,Pass,Pass,Fail,False,41,11431,3,"tables-fail, "
https://www.luton.gov.uk/system/files/file-visibility/migrated/Council_government_and_democracy/Lists/LutonDocuments/PDF/Voting%20and%20elections/Election-2023/Lewsey-count.pdf,Lewsey-count.pdf,luton.gov.uk,,81279,79.4 KB,analysed,2026-10-01T10:45:06.394084+00:00,2023-05-05 15:14:11+00:00,Lewsey ward,Littler,,,,True,False,False,Pass,Pass,Pass,Pass,Pass,Pass,Pass,NotApplicable,NotApplicable,NotApplicable,Pass,Warn,NotApplicable,Warn,False,1,174,0,"headings-none, tables-warn, "
https://www.luton.gov.uk/sites/default/files/2026-05/Local%20Plan%20Notice%20of%20Commencement%20with%20map.pdf,Local%20Plan%20Notice%20of%20Commencement%20with%20map.pdf,luton.gov.uk,,350156,341.9 KB,analysed,2026-10-01T10:45:06.397364+00:00,2026-05-27 06:35:08+00:00,Luton Local Plan Review Notice of Intention to Commence Local Plan preparation May 2026,"Thom, Chris",,,,False,False,False,Pass,Pass,Pass,Pass,Pass,Pass,Pass,NotApplicable,NotApplicable,Pass,Fail,Warn,NotApplicable,NotApplicable,False,1,100,1,"figures missing alt text (count=1), headings-none, "
https://www.luton.gov.uk/sites/default/files/2025-11/Local%20Welfare%20Assistance%20Scheme.pdf,Local%20Welfare%20Assistance%20Scheme.pdf,luton.gov.uk,,188622,184.2 KB,analysed,2026-10-01T10:45:06.400189+00:00,2023-08-16 12:33:01+00:00,Local Welfare Assistance Scheme,lcss@luton.gov.uk,{'Local Welfare Assistance Scheme policy'},,Local Welfare Assistance Scheme policy,True,False,False,Pass,Pass,Pass,Pass,Pass,Pass,Pass,NotApplicable,NotApplicable,Pass,Pass,Pass,Pass,NotApplicable,False,9,3320,1,
https://www.luton.gov.uk/sites/default/files/2026-05/Local%20plan%20timetable_0.pdf,Local%20plan%20timetable_0.pdf,luton.gov.uk,,134285,131.1 KB,analysed,2026-10-01T10:45:06.402792+00:00,2026-05-28 08:33:59+00:00,Local Plan Timetable - May 2026,"Thom, Chris",,,,True,False,False,Pass,Pass,Pass,Pass,Pass,Pass,Pass,NotApplicable,NotApplicable,NotApplicable,Pass,Pass,Pass,Warn,False,5,1133,0,"tables-warn, "
https://www.luton.gov.uk/system/files/file-visibility/2026-03/Looked-after-children-pledge-11-to-14-years.PDF,Looked-after-children-pledge-11-to-14-years.PDF,luton.gov.uk,,341858,333.8 KB,analysed,2026-10-01T10:45:06.405923+00:00,2021-12-30 09:14:42+00:00,11-14 year olds,,,,,True,False,False,Pass,Pass,Pass,Pass,Pass,Pass,Pass,NotApplicable,NotApplicable,NotApplicable,Pass,Warn,NotApplicable,NotApplicable,False,2,273,2,"headings-none, "
https://www.luton.gov.uk/system/files/file-visibility/2026-03/Looked-after-children-pledge-15-to-18-years.PDF,Looked-after-children-pledge-15-to-18-years.PDF,luton.gov.uk,,308474,301.2 KB,analysed,2026-10-01T10:45:06.409195+00:00,2021-12-30 09:18:36+00:00,15 18 year olds,,,,,True,False,False,Pass,Pass,Pass,Pass,Pass,Pass,Pass,NotApplicable,NotApplicable,NotApplicable,Pass,Pass,NotApplicable,NotApplicable,False,2,292,2,
https://www.luton.gov.uk/system/files/file-visibility/2026-03/Looked-after-children-pledge-disabilities.PDF,Looked-after-children-pledge-disabilities.PDF,luton.gov.uk,,385572,376.5 KB,pending,2026-10-01T10:45:06.412717+00:00,,,,,,,,,,,,,,,,,,,,,,,,,,,,
https://www.luton.gov.uk/system/files/file-visibility/2026-03/Looked-after-children-pledge-under-10s.PDF,Looked-after-children-pledge-under-10s.PDF,luton.gov.uk,,146053,142.6 KB,pending,2026-10-01T10:45:06.415539+00:00,,,,,,,,,,,,,,,,,,,,,,,,,,,,
https://www.luton.gov.uk/sites/default/files/2026-03/Luton%20LAF%20Advice%20-%20SUO9407152%20-%20Wandon%20Park%20Paths%20-%2020%20January%202026.pdf,Luton%20LAF%20Advice%20-%20SUO9407152%20-%20Wandon%20Park%20Paths%20-%2020%20January%202026.pdf,luton.gov.uk,,240032,234.4 KB,pending,2026-10-01T10:45:06.418549+00:00,,,,,,,,,,,,,,,,,,,,,,,,,,,,
https://www.luton.gov.uk/sites/default/files/2026-03/Luton%20LAF%20Comments%20on%20Open%20Space%20Strategy%20and%20Green%20Blue%20Infrastructure%20Studies%20-%2010%20February%202026.pdf,Luton%20LAF%20Comments%20on%20Open%20Space%20Strategy%20and%20Green%20Blue%20Infrastructure%20Studies%20-%2010%20February%202026.pdf,luton.gov.uk,,328150,320.5 KB,pending,2026-10-01T10:45:06.421731+00:00,,,,,,,,,,,,,,,,,,,,,,,,,,,,
https://www.luton.gov.uk/sites/default/files/2026-03/Luton%20LAF%20Feedback%20on%20Draft%20LTP5%20-%203%20March%202026.pdf,Luton%20LAF%20Feedback%20on%20Draft%20LTP5%20-%203%20March%202026.pdf,luton.gov.uk,,321446,313.9 KB,pending,2026-10-01T10:45:06.424856+00:00,,,,,,,,,,,,,,,,,,,,,,,,,,,,
https://www.luton.gov.uk/sites/default/files/2026-03/Luton%20LAF%20Feedback%20on%20Local%20Transport%20Plan%20%28LTP5%29%20-%2012%20March%202025.pdf,Luton%20LAF%20Feedback%20on%20Local%20Transport%20Plan%20%28LTP5%29%20-%2012%20March%202025.pdf,luton.gov.uk,,80499,78.6 KB,pending,2026-10-01T10:45:06.427438+00:00,,,,,,,,,,,,,,,,,,,,,,,,,,,,
https://www.luton.gov.uk/sites/default/files/2026-03/Luton%20LAF%20Feedback%20on%20Luton%20Local%20Plan%20%28LLP%29%20-%2012%20March%202025.pdf,Luton%20LAF%20Feedback%20on%20Luton%20Local%20Plan%20%28LLP%29%20-%2012%20March%202025.pdf,luton.gov.uk,,185971,181.6 KB,pending,2026-10-01T10:45:06.430265+00:00,,,,,,,,,,,,,,,,,,,,,,,,,,,,
https://www.luton.gov.uk/sites/default/files/2026-03/Luton%20Local%20Access%20Forum%20Agenda%20meeting%207.pdf,Luton%20Local%20Access%20Forum%20Agenda%20meeting%207.pdf,luton.gov.uk,,240549,234.9 KB,pending,2026-10-01T10:45:06.433302+00:00,,,,,,,,,,,,,,,,,,,,,,,,,,,,
https://www.luton.gov.uk/sites/default/files/2026-03/Luton%20Local%20Access%20Forum%20Meeting%206%2C%20minutes.pdf,Luton%20Local%20Access%20Forum%20Meeting%206%2C%20minutes.pdf,luton.gov.uk,,187469,183.1 KB,pending,2026-10-01T10:45:06.436300+00:00,,,,,,,,,,,,,,,,,,,,,,,,,,,,
https://www.luton.gov.uk/system/files/file-visibility/2026-03/Luton%20primary%20RHE%20resources%20quality%20assurance.pdf,Luton%20primary%20RHE%20resources%20quality%20assurance.pdf,luton.gov.uk,,310034,302.8 KB,pending,2026-10-01T10:45:06.439560+00:00,,,,,,,,,,,,,,,,,,,,,,,,,,,,
https://www.luton.gov.uk/sites/default/files/2025-12/Luton-Bus-Map.PDF,Luton-Bus-Map.PDF,luton.gov.uk,,2861607,2.7 MB,pending,2026-10-01T10:45:06.449413+00:00,,,,,,,,,,,,,,,,,,,,,,,,,,,,
https://www.luton.gov.uk/sites/default/files/2026-01/Luton-Enhanced-Partnership-Scheme.pdf,Luton-Enhanced-Partnership-Scheme.pdf,luton.gov.uk,,2571408,2.5 MB,pending,2026-10-01T10:45:06.459830+00:00,,,,,,,,,,,,,,,,,,,,,,,,,,,,
https://www.luton.gov.uk/sites/default/files/migrated/Environment/Lists/LutonDocuments/PDF/Planning/Development%20Control/Luton-south-conservation-area.pdf,Luton-south-conservation-area.pdf,luton.gov.uk,,750349,732.8 KB,pending,2026-10-01T10:45:06.467827+00:00,,,,,,,,,,,,,,,,,,,,,,,,,,,,
https://www.luton.gov.uk/system/files/file-visibility/migrated/Health_and_social_care/Lists/LutonDocuments/PDF/Luton-transition-to-adulthood-for-independence.pdf,Luton-transition-to-adulthood-for-independence.pdf,luton.gov.uk,,786931,768.5 KB,pending,2026-10-01T10:45:06.474661+00:00,,,,,,,,,,,,,,,,,,,,,,,,,,,,
https://www.luton.gov.uk/sites/default/files/2026-01/Lynwood%20Avenue%20CA16%20application%20form.pdf,Lynwood%20Avenue%20CA16%20application%20form.pdf,luton.gov.uk,,7731180,7.4 MB,pending,2026-10-01T10:45:06.498604+00:00,,,,,,,,,,,,,,,,,,,,,,,,,,,,
https://www.luton.gov.uk/sites/default/files/2026-01/Lynwood%20Avenue%20Plan%20%28TL0923%20and%20TL1023%29.pdf,Lynwood%20Avenue%20Plan%20%28TL0923%20and%20TL1023%29.pdf,luton.gov.uk,,920726,899.1 KB,pending,2026-10-01T10:45:06.506295+00:00,,,,,,,,,,,,,,,,,,,,,,,,,,,,
https://www.luton.gov.uk/sites/default/files/2026-01/Marlborough%20Path%20%28L112%29.pdf,Marlborough%20Path%20%28L112%29.pdf,luton.gov.uk,,739991,722.6 KB,pending,2026-10-01T10:45:06.512540+00:00,,,,,,,,,,,,,,,,,,,,,,,,,,,,
https://www.luton.gov.uk/sites/default/files/2026-05/Members%20Allowances%202024-2025_2.pdf,Members%20Allowances%202024-2025_2.pdf,luton.gov.uk,,121954,119.1 KB,pending,2026-10-01T10:45:06.516273+00:00,,,,,,,,,,,,,,,,,,,,,,,,,,,,
https://www.luton.gov.uk/sites/default/files/2026-05/Members%20Allowances%20Statement%2025-26_0.pdf,Members%20Allowances%20Statement%2025-26_0.pdf,luton.gov.uk,,107372,104.9 KB,pending,2026-10-01T10:45:06.519329+00:00,,,,,,,,,,,,,,,,,,,,,,,,,,,,
https://www.luton.gov.uk/sites/default/files/2026-01/Members_expenses_2023_2024.pdf,Members_expenses_2023_2024.pdf,luton.gov.uk,,142527,139.2 KB,pending,2026-10-01T10:45:06.522133+00:00,,,,,,,,,,,,,,,,,,,,,,,,,,,,
https://www.luton.gov.uk/sites/default/files/2026-01/Montrose%20Path%20%28L182%29.pdf,Montrose%20Path%20%28L182%29.pdf,luton.gov.uk,,696671,680.3 KB,pending,2026-10-01T10:45:06.526192+00:00,,,,,,,,,,,,,,,,,,,,,,,,,,,,
https://www.luton.gov.uk/sites/default/files/2026-01/Newark%20road%20path%20%28L111%29.pdf,Newark%20road%20path%20%28L111%29.pdf,luton.gov.uk,,991658,968.4 KB,pending,2026-10-01T10:45:06.531137+00:00,,,,,,,,,,,,,,,,,,,,,,,,,,,,
https://www.luton.gov.uk/sites/default/files/2026-02/Noise-control-at-outdoor-events-with-music.pdf,Noise-control-at-outdoor-events-with-music.pdf,luton.gov.uk,,122092,119.2 KB,pending,2026-10-01T10:45:06.533999+00:00,,,,,,,,,,,,,,,,,,,,,,,,,,,,
https://www.luton.gov.uk/sites/default/files/2026-02/Noise-control-at-outdoor-events_0.pdf,Noise-control-at-outdoor-events_0.pdf,luton.gov.uk,,104135,101.7 KB,pending,2026-10-01T10:45:06.536632+00:00,,,,,,,,,,,,,,,,,,,,,,,,,,,,
https://www.luton.gov.uk/system/files/file-visibility/migrated/Council_government_and_democracy/Lists/LutonDocuments/PDF/Voting%20and%20elections/Election-2023/Northwell-count.pdf,Northwell-count.pdf,luton.gov.uk,,83030,81.1 KB,pending,2026-10-01T10:45:06.539003+00:00,,,,,,,,,,,,,,,,,,,,,,,,,,,,
https://www.luton.gov.uk/system/files/file-visibility/migrated/Council_government_and_democracy/Lists/LutonDocuments/PDF/Voting%20and%20elections/PCC-2024/PARO-Bedfordshire-result.pdf,PARO-Bedfordshire-result.pdf,luton.gov.uk,,135879,132.7 KB,pending,2026-10-01T10:45:06.541441+00:00,,,,,,,,,,,,,,,,,,,,,,,,,,,,
https://www.luton.gov.uk/sites/default/files/2026-02/Parent-governor-representatives-election-notification.pdf,Parent-governor-representatives-election-notification.pdf,luton.gov.uk,,122602,119.7 KB,pending,2026-10-01T10:45:06.543883+00:00,,,,,,,,,,,,,,,,,,,,,,,,,,,,
https://www.luton.gov.uk/sites/default/files/2026-06/Part%204A%20-%20Code%20of%20Conduct%20for%20Members.pdf,Part%204A%20-%20Code%20of%20Conduct%20for%20Members.pdf,luton.gov.uk,,511913,499.9 KB,pending,2026-10-01T10:45:06.547371+00:00,,,,,,,,,,,,,,,,,,,,,,,,,,,,
https://www.luton.gov.uk/sites/default/files/2026-06/Part%204B%20-%20Scheme%20of%20Members%20Allowances.pdf,Part%204B%20-%20Scheme%20of%20Members%20Allowances.pdf,luton.gov.uk,,257546,251.5 KB,pending,2026-10-01T10:45:06.550515+00:00,,,,,,,,,,,,,,,,,,,,,,,,,,,,
https://www.luton.gov.uk/sites/default/files/2026-01/Part-1-introduction.pdf,Part-1-introduction.pdf,luton.gov.uk,,186726,182.3 KB,pending,2026-10-01T10:45:06.553347+00:00,,,,,,,,,,,,,,,,,,,,,,,,,,,,
https://www.luton.gov.uk/sites/default/files/2026-01/Part-2-A-articles-of-the-constitution.pdf,Part-2-A-articles-of-the-constitution.pdf,luton.gov.uk,,317683,310.2 KB,pending,2026-10-01T10:45:06.556414+00:00,,,,,,,,,,,,,,,,,,,,,,,,,,,,
https://www.luton.gov.uk/sites/default/files/2026-01/Part-2-B-responsibility-for-functions.pdf,Part-2-B-responsibility-for-functions.pdf,luton.gov.uk,,353593,345.3 KB,pending,2026-10-01T10:45:06.559631+00:00,,,,,,,,,,,,,,,,,,,,,,,,,,,,
https://www.luton.gov.uk/sites/default/files/2026-01/Part-3-B-banking-and-cash-handling-procedures.pdf,Part-3-B-banking-and-cash-handling-procedures.pdf,luton.gov.uk,,239881,234.3 KB,pending,2026-10-01T10:45:06.562551+00:00,,,,,,,,,,,,,,,,,,,,,,,,,,,,
https://www.luton.gov.uk/sites/default/files/2026-01/Part-3-B-financial-management-and-planning.pdf,Part-3-B-financial-management-and-planning.pdf,luton.gov.uk,,165354,161.5 KB,pending,2026-10-01T10:45:06.565274+00:00,,,,,,,,,,,,,,,,,,,,,,,,,,,,
https://www.luton.gov.uk/sites/default/files/2026-01/Part-3-B-financial-regulations.pdf,Part-3-B-financial-regulations.pdf,luton.gov.uk,,332274,324.5 KB,pending,2026-10-01T10:45:06.570401+00:00,,,,,,,,,,,,,,,,,,,,,,,,,,,,
https://www.luton.gov.uk/sites/default/files/2026-01/Part-3-B-financial-systems-and-procedures.pdf,Part-3-B-financial-systems-and-procedures.pdf,luton.gov.uk,,331671,323.9 KB,pending,2026-10-01T10:45:06.574985+00:00,,,,,,,,,,,,,,,,,,,,,,,,,,,,
https://www.luton.gov.uk/sites/default/files/2026-01/Part-3-B-partnerships-and-external-arrangements.pdf,Part-3-B-partnerships-and-external-arrangements.pdf,luton.gov.uk,,109941,107.4 KB,pending,2026-10-01T10:45:06.578216+00:00,,,,,,,,,,,,,,,,,,,,,,,,,,,,
https://www.luton.gov.uk/sites/default/files/2026-01/Part-3-B-risk-management-and-controls.pdf,Part-3-B-risk-management-and-controls.pdf,luton.gov.uk,,189367,184.9 KB,pending,2026-10-01T10:45:06.581203+00:00,,,,,,,,,,,,,,,,,,,,,,,,,,,,
https://www.luton.gov.uk/sites/default/files/2026-01/Part-3a-standing-orders.pdf,Part-3a-standing-orders.pdf,luton.gov.uk,,671564,655.8 KB,pending,2026-10-01T10:45:06.585240+00:00,,,,,,,,,,,,,,,,,,,,,,,,,,,,
https://www.luton.gov.uk/sites/default/files/2026-01/Part-4-C-protocol-for-member-and-officer-relations.pdf,Part-4-C-protocol-for-member-and-officer-relations.pdf,luton.gov.uk,,268560,262.3 KB,pending,2026-10-01T10:45:06.588337+00:00,,,,,,,,,,,,,,,,,,,,,,,,,,,,
https://www.luton.gov.uk/sites/default/files/2026-01/Part-5-A-statutory-and-proper-officers.pdf,Part-5-A-statutory-and-proper-officers.pdf,luton.gov.uk,,341280,333.3 KB,pending,2026-10-01T10:45:06.591503+00:00,,,,,,,,,,,,,,,,,,,,,,,,,,,,
https://www.luton.gov.uk/sites/default/files/2026-01/Part-5-B-scheme-of-delegation-to-officers.pdf,Part-5-B-scheme-of-delegation-to-officers.pdf,luton.gov.uk,,731163,714.0 KB,pending,2026-10-01T10:45:06.595683+00:00,,,,,,,,,,,,,,,,,,,,,,,,,,,,
https://www.luton.gov.uk/sites/default/files/2026-01/Part-6-A-protocols-and-conventions.pdf,Part-6-A-protocols-and-conventions.pdf,luton.gov.uk,,330182,322.4 KB,pending,2026-10-01T10:45:06.599014+00:00,,,,,,,,,,,,,,,,,,,,,,,,,,,,
https://www.luton.gov.uk/sites/default/files/2026-01/Part-6-B-code-of-conduct-for-employees.pdf,Part-6-B-code-of-conduct-for-employees.pdf,luton.gov.uk,,232182,226.7 KB,pending,2026-10-01T10:45:06.602033+00:00,,,,,,,,,,,,,,,,,,,,,,,,,,,,
https://www.luton.gov.uk/sites/default/files/2026-01/Part-6-C-whistle-blowing-policy.pdf,Part-6-C-whistle-blowing-policy.pdf,luton.gov.uk,,228196,222.8 KB,pending,2026-10-01T10:45:06.604957+00:00,,,,,,,,,,,,,,,,,,,,,,,,,,,,
https://www.luton.gov.uk/sites/default/files/migrated/Environment/Lists/LutonDocuments/PDF/Planning/Development%20Control/Plaiters-Lea-The-Hat-District-boundary.pdf,Plaiters-Lea-The-Hat-District-boundary.pdf,luton.gov.uk,,336419,328.5 KB,pending,2026-10-01T10:45:06.608281+00:00,,,,,,,,,,,,,,,,,,,,,,,,,,,,
https://www.luton.gov.uk/sites/default/files/migrated/Environment/Lists/LutonDocuments/PDF/Planning/Development%20Control/Plaiters-lea-conservation-area.pdf,Plaiters-lea-conservation-area.pdf,luton.gov.uk,,871391,851.0 KB,pending,2026-10-01T10:45:06.612988+00:00,,,,,,,,,,,,,,,,,,,,,,,,,,,,
https://www.luton.gov.uk/sites/default/files/2026-02/Planning%20and%20noise%20guide_0_0.pdf,Planning%20and%20noise%20guide_0_0.pdf,luton.gov.uk,,184676,180.3 KB,pending,2026-10-01T10:45:06.616143+00:00,,,,,,,,,,,,,,,,,,,,,,,,,,,,
https://www.luton.gov.uk/system/files/file-visibility/migrated/Council_government_and_democracy/Lists/LutonDocuments/PDF/Voting%20and%20elections/Election-2023/Poets-count.pdf,Poets-count.pdf,luton.gov.uk,,81491,79.6 KB,pending,2026-10-01T10:45:06.618814+00:00,,,,,,,,,,,,,,,,,,,,,,,,,,,,
https://www.luton.gov.uk/sites/default/files/2026-09/Possible-vacancies-year-10_2.pdf,Possible-vacancies-year-10_2.pdf,luton.gov.uk,,168637,164.7 KB,pending,2026-10-01T10:45:06.621539+00:00,,,,,,,,,,,,,,,,,,,,,,,,,,,,
https://www.luton.gov.uk/sites/default/files/2026-09/Possible-vacancies-year-11_2.pdf,Possible-vacancies-year-11_2.pdf,luton.gov.uk,,164775,160.9 KB,pending,2026-10-01T10:45:06.624199+00:00,,,,,,,,,,,,,,,,,,,,,,,,,,,,
https://www.luton.gov.uk/sites/default/files/2026-09/Possible-vacancies-year-1_2.pdf,Possible-vacancies-year-1_2.pdf,luton.gov.uk,,149965,146.5 KB,pending,2026-10-01T10:45:06.626778+00:00,,,,,,,,,,,,,,,,,,,,,,,,,,,,
https://www.luton.gov.uk/sites/default/files/2026-09/Possible-vacancies-year-2_3.pdf,Possible-vacancies-year-2_3.pdf,luton.gov.uk,,152354,148.8 KB,pending,2026-10-01T10:45:06.629340+00:00,,,,,,,,,,,,,,,,,,,,,,,,,,,,
https://www.luton.gov.uk/sites/default/files/2026-09/Possible-vacancies-year-3_2.pdf,Possible-vacancies-year-3_2.pdf,luton.gov.uk,,125800,122.9 KB,pending,2026-10-01T10:45:06.633029+00:00,,,,,,,,,,,,,,,,,,,,,,,,,,,,
https://www.luton.gov.uk/sites/default/files/2026-09/Possible-vacancies-year-4_2.pdf,Possible-vacancies-year-4_2.pdf,luton.gov.uk,,178339,174.2 KB,pending,2026-10-01T10:45:06.636163+00:00,,,,,,,,,,,,,,,,,,,,,,,,,,,,
https://www.luton.gov.uk/sites/default/files/2026-09/Possible-vacancies-year-5_2.pdf,Possible-vacancies-year-5_2.pdf,luton.gov.uk,,193789,189.2 KB,pending,2026-10-01T10:45:06.639183+00:00,,,,,,,,,,,,,,,,,,,,,,,,,,,,
https://www.luton.gov.uk/sites/default/files/2026-09/Possible-vacancies-year-6_2.pdf,Possible-vacancies-year-6_2.pdf,luton.gov.uk,,210472,205.5 KB,pending,2026-10-01T10:45:06.642086+00:00,,,,,,,,,,,,,,,,,,,,,,,,,,,,
https://www.luton.gov.uk/sites/default/files/2026-09/Possible-vacancies-year-7_2.pdf,Possible-vacancies-year-7_2.pdf,luton.gov.uk,,158029,154.3 KB,pending,2026-10-01T10:45:06.644862+00:00,,,,,,,,,,,,,,,,,,,,,,,,,,,,
https://www.luton.gov.uk/sites/default/files/2026-09/Possible-vacancies-year-8_2.pdf,Possible-vacancies-year-8_2.pdf,luton.gov.uk,,164578,160.7 KB,pending,2026-10-01T10:45:06.647576+00:00,,,,,,,,,,,,,,,,,,,,,,,,,,,,
https://www.luton.gov.uk/sites/default/files/2026-09/Possible-vacancies-year-9_2.pdf,Possible-vacancies-year-9_2.pdf,luton.gov.uk,,164695,160.8 KB,pending,2026-10-01T10:45:06.650232+00:00,,,,,,,,,,,,,,,,,,,,,,,,,,,,
https://www.luton.gov.uk/sites/default/files/2026-09/Possible-vacancies-year-R_2.pdf,Possible-vacancies-year-R_2.pdf,luton.gov.uk,,148260,144.8 KB,pending,2026-10-01T10:45:06.652791+00:00,,,,,,,,,,,,,,,,,,,,,,,,,,,,
https://www.luton.gov.uk/sites/default/files/2026-03/Proposed%20resourced%20provision%20at%20Wigmore%20Primary%20School.pdf,Proposed%20resourced%20provision%20at%20Wigmore%20Primary%20School.pdf,luton.gov.uk,,454232,443.6 KB,pending,2026-10-01T10:45:06.656151+00:00,,,,,,,,,,,,,,,,,,,,,,,,,,,,
https://www.luton.gov.uk/sites/default/files/migrated/Environment/Lists/LutonDocuments/PDF/Public-notice-Luton-indoor-bowls-club.pdf,Public-notice-Luton-indoor-bowls-club.pdf,luton.gov.uk,,110119,107.5 KB,pending,2026-10-01T10:45:06.658756+00:00,,,,,,,,,,,,,,,,,,,,,,,,,,,,
https://www.luton.gov.uk/system/files/file-visibility/2026-03/RHE%20primary%20schools%20guide%20for%20parents.pdf,RHE%20primary%20schools%20guide%20for%20parents.pdf,luton.gov.uk,,464661,453.8 KB,pending,2026-10-01T10:45:06.662193+00:00,,,,,,,,,,,,,,,,,,,,,,,,,,,,
https://www.luton.gov.uk/system/files/file-visibility/2026-03/RSHE%20secondary%20schools%20guide%20for%20parents.pdf,RSHE%20secondary%20schools%20guide%20for%20parents.pdf,luton.gov.uk,,363301,354.8 KB,pending,2026-10-01T10:45:06.665400+00:00,,,,,,,,,,,,,,,,,,,,,,,,,,,,
https://www.luton.gov.uk/sites/default/files/2026-03/Relationships%20and%20health%20education%20query%20flowchart%20.pdf,Relationships%20and%20health%20education%20query%20flowchart%20.pdf,luton.gov.uk,,597033,583.0 KB,pending,2026-10-01T10:45:06.669252+00:00,,,,,,,,,,,,,,,,,,,,,,,,,,,,
https://www.luton.gov.uk/system/files/file-visibility/2026-03/Relationships%2C%20Sex%20and%20Health%20Education%20%28RSHE%29%20Luton%20Primary%20Schools.pdf,Relationships%2C%20Sex%20and%20Health%20Education%20%28RSHE%29%20Luton%20Primary%20Schools.pdf,luton.gov.uk,,518546,506.4 KB,pending,2026-10-01T10:45:06.673062+00:00,,,,,,,,,,,,,,,,,,,,,,,,,,,,
https://www.luton.gov.uk/sites/default/files/migrated/Environment/Lists/LutonDocuments/PDF/Planning/Development%20Control/Rothesay-road-conservation-area.pdf,Rothesay-road-conservation-area.pdf,luton.gov.uk,,315668,308.3 KB,pending,2026-10-01T10:45:06.676425+00:00,,,,,,,,,,,,,,,,,,,,,,,,,,,,
https://www.luton.gov.uk/system/files/file-visibility/migrated/Council_government_and_democracy/Lists/LutonDocuments/PDF/Voting%20and%20elections/Election-2023/Round-green-count.pdf,Round-green-count.pdf,luton.gov.uk,,83844,81.9 KB,pending,2026-10-01T10:45:06.680460+00:00,,,,,,,,,,,,,,,,,,,,,,,,,,,,
https://www.luton.gov.uk/sites/default/files/2025-12/SCA-Dunstable-Road-Beresford-Road-safety-camera-accident-data-form-2018.pdf,SCA-Dunstable-Road-Beresford-Road-safety-camera-accident-data-form-2018.pdf,luton.gov.uk,,456246,445.6 KB,pending,2026-10-01T10:45:06.685726+00:00,,,,,,,,,,,,,,,,,,,,,,,,,,,,
https://www.luton.gov.uk/sites/default/files/2025-12/SCA-Farley-Hill-safety-camera-accident-data-form-2018.pdf,SCA-Farley-Hill-safety-camera-accident-data-form-2018.pdf,luton.gov.uk,,715384,698.6 KB,pending,2026-10-01T10:45:06.690747+00:00,,,,,,,,,,,,,,,,,,,,,,,,,,,,
https://www.luton.gov.uk/sites/default/files/2025-12/SCA-Hitchin-Road-safety-camera-accident-data-form-2018.pdf,SCA-Hitchin-Road-safety-camera-accident-data-form-2018.pdf,luton.gov.uk,,517898,505.8 KB,pending,2026-10-01T10:45:06.694946+00:00,,,,,,,,,,,,,,,,,,,,,,,,,,,,
https://www.luton.gov.uk/sites/default/files/2025-12/SCA-Stuart-Street-15-safety-camera-accident-data-form-2018.pdf,SCA-Stuart-Street-15-safety-camera-accident-data-form-2018.pdf,luton.gov.uk,,373902,365.1 KB,pending,2026-10-01T10:45:06.698419+00:00,,,,,,,,,,,,,,,,,,,,,,,,,,,,
https://www.luton.gov.uk/sites/default/files/2025-12/SCA-Sundon-Park-Road-safety-camera-accident-data-form-2018.pdf,SCA-Sundon-Park-Road-safety-camera-accident-data-form-2018.pdf,luton.gov.uk,,301222,294.2 KB,pending,2026-10-01T10:45:06.701542+00:00,,,,,,,,,,,,,,,,,,,,,,,,,,,,
https://www.luton.gov.uk/sites/default/files/2025-12/SCA-Toddington-Road-safety-camera-accident-data-form-2018.pdf,SCA-Toddington-Road-safety-camera-accident-data-form-2018.pdf,luton.gov.uk,,244717,239.0 KB,pending,2026-10-01T10:45:06.704444+00:00,,,,,,,,,,,,,,,,,,,,,,,,,,,,
https://www.luton.gov.uk/sites/default/files/2026-03/Safety-Certificate.pdf,Safety-Certificate.pdf,luton.gov.uk,,799309,780.6 KB,pending,2026-10-01T10:45:06.708790+00:00,,,,,,,,,,,,,,,,,,,,,,,,,,,,
https://www.luton.gov.uk/system/files/file-visibility/migrated/Council_government_and_democracy/Lists/LutonDocuments/PDF/Voting%20and%20elections/Election-2023/Saints-count.pdf,Saints-count.pdf,luton.gov.uk,,82668,80.7 KB,pending,2026-10-01T10:45:06.711397+00:00,,,,,,,,,,,,,,,,,,,,,,,,,,,,
https://www.luton.gov.uk/sites/default/files/2026-03/Salt%20Bin%20Schedule.pdf,Salt%20Bin%20Schedule.pdf,luton.gov.uk,,81664,79.8 KB,pending,2026-10-01T10:45:06.713819+00:00,,,,,,,,,,,,,,,,,,,,,,,,,,,,
https://www.luton.gov.uk/sites/default/files/2025-11/Self-employed%20earnings%20for%20Council%20Tax%20Reduction.pdf,Self-employed%20earnings%20for%20Council%20Tax%20Reduction.pdf,luton.gov.uk,,112598,110.0 KB,pending,2026-10-01T10:45:06.716227+00:00,,,,,,,,,,,,,,,,,,,,,,,,,,,,
https://www.luton.gov.uk/system/files/file-visibility/migrated/Health_and_social_care/Lists/LutonDocuments/PDF/Children%20and%20Families/Sessional-advocate.pdf,Sessional-advocate.pdf,luton.gov.uk,,123091,120.2 KB,pending,2026-10-01T10:45:06.718816+00:00,,,,,,,,,,,,,,,,,,,,,,,,,,,,
https://www.luton.gov.uk/sites/default/files/migrated/Council_government_and_democracy/Lists/LutonDocuments/PDF/Corporate%20Finance/Payments/Social%20care%20services%20DD%20form.pdf,Social%20care%20services%20DD%20form.pdf,luton.gov.uk,,38987,38.1 KB,pending,2026-10-01T10:45:06.721175+00:00,,,,,,,,,,,,,,,,,,,,,,,,,,,,
https://www.luton.gov.uk/system/files/file-visibility/migrated/Council_government_and_democracy/Lists/LutonDocuments/PDF/Voting%20and%20elections/Election-2023/South-count.pdf,South-count.pdf,luton.gov.uk,,82356,80.4 KB,pending,2026-10-01T10:45:06.723564+00:00,,,,,,,,,,,,,,,,,,,,,,,,,,,,
https://www.luton.gov.uk/sites/default/files/2026-01/Stanmore%20Crescen%20and%20Icknield%20Road%20Section%2053.pdf,Stanmore%20Crescen%20and%20Icknield%20Road%20Section%2053.pdf,luton.gov.uk,,204831,200.0 KB,pending,2026-10-01T10:45:06.726271+00:00,,,,,,,,,,,,,,,,,,,,,,,,,,,,
https://www.luton.gov.uk/sites/default/files/2026-01/Stanmore%20Crescent%20ad%20Icknield%20Road%20statement%20of%20reasons.pdf,Stanmore%20Crescent%20ad%20Icknield%20Road%20statement%20of%20reasons.pdf,luton.gov.uk,,243784,238.1 KB,pending,2026-10-01T10:45:06.729143+00:00,,,,,,,,,,,,,,,,,,,,,,,,,,,,
https://www.luton.gov.uk/sites/default/files/2026-01/Stanmore%20Crescent%20and%20Icknield%20Road%20certified%20confirmed%20order.pdf,Stanmore%20Crescent%20and%20Icknield%20Road%20certified%20confirmed%20order.pdf,luton.gov.uk,,735691,718.4 KB,pending,2026-10-01T10:45:06.733376+00:00,,,,,,,,,,,,,,,,,,,,,,,,,,,,
https://www.luton.gov.uk/sites/default/files/2026-01/Stanmore%20Crescent%20and%20Icknield%20Road%20map.pdf,Stanmore%20Crescent%20and%20Icknield%20Road%20map.pdf,luton.gov.uk,,1075244,1.0 MB,pending,2026-10-01T10:45:06.738807+00:00,,,,,,,,,,,,,,,,,,,,,,,,,,,,
https://www.luton.gov.uk/sites/default/files/2026-01/Stanmore%20Crescent%20and%20Icknield%20Road%20planning%20inspectorate%20order%20decision.pdf,Stanmore%20Crescent%20and%20Icknield%20Road%20planning%20inspectorate%20order%20decision.pdf,luton.gov.uk,,520321,508.1 KB,pending,2026-10-01T10:45:06.743207+00:00,,,,,,,,,,,,,,,,,,,,,,,,,,,,
https://assets.publishing.service.gov.uk/government/uploads/system/uploads/attachment_data/file/208528/Statutory_guidance_on_children_who_run_away_or_go_missing_from_home_or_care_consultation_-_final.pdf,Statutory_guidance_on_children_who_run_away_or_go_missing_from_home_or_care_consultation_-_final.pdf,luton.gov.uk,assets.publishing.service.gov.uk,304218,297.1 KB,pending,2026-10-01T10:45:06.746917+00:00,,,,,,,,,,,,,,,,,,,,,,,,,,,,
https://www.luton.gov.uk/system/files/file-visibility/migrated/Council_government_and_democracy/Lists/LutonDocuments/PDF/Voting%20and%20elections/Election-2023/Stopsley-count.pdf,Stopsley-count.pdf,luton.gov.uk,,83685,81.7 KB,pending,2026-10-01T10:45:06.749740+00:00,,,,,,,,,,,,,,,,,,,,,,,,,,,,
https://www.luton.gov.uk/sites/default/files/2026-01/Streatley%20and%20Luton%20definitive%20map%20modification%20order.pdf,Streatley%20and%20Luton%20definitive%20map%20modification%20order.pdf,luton.gov.uk,,339681,331.7 KB,pending,2026-10-01T10:45:06.753083+00:00,,,,,,,,,,,,,,,,,,,,,,,,,,,,
https://www.luton.gov.uk/system/files/file-visibility/migrated/Council_government_and_democracy/Lists/LutonDocuments/PDF/Voting%20and%20elections/Election-2023/Sundon-park-count.pdf,Sundon-park-count.pdf,luton.gov.uk,,81908,80.0 KB,pending,2026-10-01T10:45:06.755667+00:00,,,,,,,,,,,,,,,,,,,,,,,,,,,,
https://static.luton.gov.uk/Environment/Lists/LutonDocuments/PDF/TPO/TPO_E107001%20Lime%20Avenue%201960_Order.pdf,TPO_E107001%20Lime%20Avenue%201960_Order.pdf,luton.gov.uk,,536849,524.3 KB,pending,2026-10-01T10:45:06.759396+00:00,,,,,,,,,,,,,,,,,,,,,,,,,,,,
https://static.luton.gov.uk/Environment/Lists/LutonDocuments/PDF/TPO/TPO_E107001%20Lime%20Avenue%201960_Plan.PDF,TPO_E107001%20Lime%20Avenue%201960_Plan.PDF,luton.gov.uk,,238219,232.6 KB,pending,2026-10-01T10:45:06.762426+00:00,,,,,,,,,,,,,,,,,,,,,,,,,,,,
https://static.luton.gov.uk/Environment/Lists/LutonDocuments/PDF/TPO/TPO_E107002%20Dunstable%20Road%201960_Order.pdf,TPO_E107002%20Dunstable%20Road%201960_Order.pdf,luton.gov.uk,,1442763,1.4 MB,pending,2026-10-01T10:45:06.768665+00:00,,,,,,,,,,,,,,,,,,,,,,,,,,,,
https://static.luton.gov.uk/Environment/Lists/LutonDocuments/PDF/TPO/TPO_E107003%20Sundon%20Park%20No.%202%20-%201961_Plan.PDF,TPO_E107003%20Sundon%20Park%20No.%202%20-%201961_Plan.PDF,luton.gov.uk,,69045,67.4 KB,pending,2026-10-01T10:45:06.771963+00:00,,,,,,,,,,,,,,,,,,,,,,,,,,,,
https://static.luton.gov.uk/Environment/Lists/LutonDocuments/PDF/TPO/TPO_E107003%20Sundon%20Park%20No.2%20-%201961_Order.PDF,TPO_E107003%20Sundon%20Park%20No.2%20-%201961_Order.PDF,luton.gov.uk,,386588,377.5 KB,pending,2026-10-01T10:45:06.775769+00:00,,,,,,,,,,,,,,,,,,,,,,,,,,,,
https://static.luton.gov.uk/Environment/Lists/LutonDocuments/PDF/TPO/TPO_E107004%20St.%20Saviour's%20Crescent%201969_Plan.PDF,TPO_E107004%20St.%20Saviour's%20Crescent%201969_Plan.PDF,luton.gov.uk,,156600,152.9 KB,pending,2026-10-01T10:45:06.778853+00:00,,,,,,,,,,,,,,,,,,,,,,,,,,,,
https://static.luton.gov.uk/Environment/Lists/LutonDocuments/PDF/TPO/TPO_E107005%20Icknield%20Way%201969_Order.pdf,TPO_E107005%20Icknield%20Way%201969_Order.pdf,luton.gov.uk,,344987,336.9 KB,pending,2026-10-01T10:45:06.782531+00:00,,,,,,,,,,,,,,,,,,,,,,,,,,,,
https://static.luton.gov.uk/Environment/Lists/LutonDocuments/PDF/TPO/TPO_E107005%20Icknield%20Way%201969_Plan.PDF,TPO_E107005%20Icknield%20Way%201969_Plan.PDF,luton.gov.uk,,405785,396.3 KB,pending,2026-10-01T10:45:06.788700+00:00,,,,,,,,,,,,,,,,,,,,,,,,,,,,
https://static.luton.gov.uk/Environment/Lists/LutonDocuments/PDF/TPO/TPO_E107006%20Toddington%20Road%201970_Order.pdf,TPO_E107006%20Toddington%20Road%201970_Order.pdf,luton.gov.uk,,367509,358.9 KB,pending,2026-10-01T10:45:06.793501+00:00,,,,,,,,,,,,,,,,,,,,,,,,,,,,
https://static.luton.gov.uk/Environment/Lists/LutonDocuments/PDF/TPO/TPO_E107006%20Toddington%20Road%201970_Plan.PDF,TPO_E107006%20Toddington%20Road%201970_Plan.PDF,luton.gov.uk,,2796775,2.7 MB,pending,2026-10-01T10:45:06.804342+00:00,,,,,,,,,,,,,,,,,,,,,,,,,,,,
https://static.luton.gov.uk/Environment/Lists/LutonDocuments/PDF/TPO/TPO_E107007%20Sundon%20Park%20Road%201981_Order.PDF,TPO_E107007%20Sundon%20Park%20Road%201981_Order.PDF,luton.gov.uk,,369121,360.5 KB,pending,2026-10-01T10:45:06.809206+00:00,,,,,,,,,,,,,,,,,,,,,,,,,,,,
https://static.luton.gov.uk/Environment/Lists/LutonDocuments/PDF/TPO/TPO_E107007%20Sundon%20Park%20Road%201981_Plan.PDF,TPO_E107007%20Sundon%20Park%20Road%201981_Plan.PDF,luton.gov.uk,,58879,57.5 KB,pending,2026-10-01T10:45:06.812462+00:00,,,,,,,,,,,,,,,,,,,,,,,,,,,,
https://static.luton.gov.uk/Environment/Lists/LutonDocuments/PDF/TPO/TPO_E107007%20Sutton%20Gardens%201970_Order.pdf,TPO_E107007%20Sutton%20Gardens%201970_Order.pdf,luton.gov.uk,,331147,323.4 KB,pending,2026-10-01T10:45:06.815876+00:00,,,,,,,,,,,,,,,,,,,,,,,,,,,,
https://static.luton.gov.uk/Environment/Lists/LutonDocuments/PDF/TPO/TPO_E107007%20Sutton%20Gardens%201970_Plan.PDF,TPO_E107007%20Sutton%20Gardens%201970_Plan.PDF,luton.gov.uk,,417809,408.0 KB,pending,2026-10-01T10:45:06.819322+00:00,,,,,,,,,,,,,,,,,,,,,,,,,,,,
https://static.luton.gov.uk/Environment/Lists/LutonDocuments/PDF/TPO/TPO_E107008%20Leagrave%20High%20Street%201970_Order.pdf,TPO_E107008%20Leagrave%20High%20Street%201970_Order.pdf,luton.gov.uk,,316731,309.3 KB,pending,2026-10-01T10:45:06.822440+00:00,,,,,,,,,,,,,,,,,,,,,,,,,,,,
https://static.luton.gov.uk/Environment/Lists/LutonDocuments/PDF/TPO/TPO_E107008%20Leagrave%20High%20Street%201970_Plan.PDF,TPO_E107008%20Leagrave%20High%20Street%201970_Plan.PDF,luton.gov.uk,,393801,384.6 KB,pending,2026-10-01T10:45:06.825845+00:00,,,,,,,,,,,,,,,,,,,,,,,,,,,,
https://static.luton.gov.uk/Environment/Lists/LutonDocuments/PDF/TPO/TPO_E107010%20Trinity%20Road%201971_Order.pdf,TPO_E107010%20Trinity%20Road%201971_Order.pdf,luton.gov.uk,,317147,309.7 KB,pending,2026-10-01T10:45:06.829023+00:00,,,,,,,,,,,,,,,,,,,,,,,,,,,,
https://static.luton.gov.uk/Environment/Lists/LutonDocuments/PDF/TPO/TPO_E107010%20Trinity%20Road%201971_Plan.PDF,TPO_E107010%20Trinity%20Road%201971_Plan.PDF,luton.gov.uk,,74729,73.0 KB,pending,2026-10-01T10:45:06.831534+00:00,,,,,,,,,,,,,,,,,,,,,,,,,,,,
https://static.luton.gov.uk/Environment/Lists/LutonDocuments/PDF/TPO/TPO_E107011%20London%20Road%201971_Order.pdf,TPO_E107011%20London%20Road%201971_Order.pdf,luton.gov.uk,,403797,394.3 KB,pending,2026-10-01T10:45:06.834795+00:00,,,,,,,,,,,,,,,,,,,,,,,,,,,,
https://static.luton.gov.uk/Environment/Lists/LutonDocuments/PDF/TPO/TPO_E107011%20London%20Road%201971_Plan.PDF,TPO_E107011%20London%20Road%201971_Plan.PDF,luton.gov.uk,,1308720,1.2 MB,pending,2026-10-01T10:45:06.840510+00:00,,,,,,,,,,,,,,,,,,,,,,,,,,,,
https://static.luton.gov.uk/Environment/Lists/LutonDocuments/PDF/TPO/TPO_E107014%20Dallow%20Road%20%201971_Plan.PDF,TPO_E107014%20Dallow%20Road%20%201971_Plan.PDF,luton.gov.uk,,952067,929.8 KB,pending,2026-10-01T10:45:06.845525+00:00,,,,,,,,,,,,,,,,,,,,,,,,,,,,
https://static.luton.gov.uk/Environment/Lists/LutonDocuments/PDF/TPO/TPO_E107015%20Hart%20Hill%201971_Plan.PDF,TPO_E107015%20Hart%20Hill%201971_Plan.PDF,luton.gov.uk,,1147511,1.1 MB,pending,2026-10-01T10:45:06.851046+00:00,,,,,,,,,,,,,,,,,,,,,,,,,,,,
https://static.luton.gov.uk/Environment/Lists/LutonDocuments/PDF/TPO/TPO_E107016%20Tenby%20Drive%201971_Plan2.pdf,TPO_E107016%20Tenby%20Drive%201971_Plan2.pdf,luton.gov.uk,,43902,42.9 KB,pending,2026-10-01T10:45:06.855185+00:00,,,,,,,,,,,,,,,,,,,,,,,,,,,,
https://static.luton.gov.uk/Environment/Lists/LutonDocuments/PDF/TPO/TPO_E107017%20Birdsfoot%20Lane%201973_Plan.PDF,TPO_E107017%20Birdsfoot%20Lane%201973_Plan.PDF,luton.gov.uk,,350602,342.4 KB,pending,2026-10-01T10:45:06.859808+00:00,,,,,,,,,,,,,,,,,,,,,,,,,,,,
https://static.luton.gov.uk/Environment/Lists/LutonDocuments/PDF/TPO/TPO_E107018%20Great%20and%20Little%20Bramingham%20Wood%201977_Order.PDF,TPO_E107018%20Great%20and%20Little%20Bramingham%20Wood%201977_Order.PDF,luton.gov.uk,,324866,317.3 KB,pending,2026-10-01T10:45:06.863333+00:00,,,,,,,,,,,,,,,,,,,,,,,,,,,,
https://static.luton.gov.uk/Environment/Lists/LutonDocuments/PDF/TPO/TPO_E107018%20Great%20and%20Little%20Bramingham%20Wood%201977_Plan.PDF,TPO_E107018%20Great%20and%20Little%20Bramingham%20Wood%201977_Plan.PDF,luton.gov.uk,,467545,456.6 KB,pending,2026-10-01T10:45:06.866985+00:00,,,,,,,,,,,,,,,,,,,,,,,,,,,,
https://static.luton.gov.uk/Environment/Lists/LutonDocuments/PDF/TPO/TPO_E107019%20New%20Bedford%20Road%201977_Plan.PDF,TPO_E107019%20New%20Bedford%20Road%201977_Plan.PDF,luton.gov.uk,,67781,66.2 KB,pending,2026-10-01T10:45:06.869592+00:00,,,,,,,,,,,,,,,,,,,,,,,,,,,,
https://static.luton.gov.uk/Environment/Lists/LutonDocuments/PDF/TPO/TPO_E107020%20Hitchin%20Road%201977_Order.PDF,TPO_E107020%20Hitchin%20Road%201977_Order.PDF,luton.gov.uk,,365263,356.7 KB,pending,2026-10-01T10:45:06.872829+00:00,,,,,,,,,,,,,,,,,,,,,,,,,,,,
https://static.luton.gov.uk/Environment/Lists/LutonDocuments/PDF/TPO/TPO_E107021%20New%20Bedford%20Road%201978_Plan.PDF,TPO_E107021%20New%20Bedford%20Road%201978_Plan.PDF,luton.gov.uk,,38966,38.1 KB,pending,2026-10-01T10:45:06.875279+00:00,,,,,,,,,,,,,,,,,,,,,,,,,,,,
https://static.luton.gov.uk/Environment/Lists/LutonDocuments/PDF/TPO/TPO_E107022%20Union%20Street%201978_Plan.PDF,TPO_E107022%20Union%20Street%201978_Plan.PDF,luton.gov.uk,,174243,170.2 KB,pending,2026-10-01T10:45:06.877911+00:00,,,,,,,,,,,,,,,,,,,,,,,,,,,,
https://static.luton.gov.uk/Environment/Lists/LutonDocuments/PDF/TPO/TPO_E107024%20Conservation%20Area%20No.%201%201981_Plan.PDF,TPO_E107024%20Conservation%20Area%20No.%201%201981_Plan.PDF,luton.gov.uk,,813958,794.9 KB,pending,2026-10-01T10:45:06.882154+00:00,,,,,,,,,,,,,,,,,,,,,,,,,,,,
https://static.luton.gov.uk/Environment/Lists/LutonDocuments/PDF/TPO/TPO_E107025%20Belgrave%20Road%201979_Plan.PDF,TPO_E107025%20Belgrave%20Road%201979_Plan.PDF,luton.gov.uk,,696404,680.1 KB,pending,2026-10-01T10:45:06.886324+00:00,,,,,,,,,,,,,,,,,,,,,,,,,,,,
"https://static.luton.gov.uk/Environment/Lists/LutonDocuments/PDF/TPO/TPO_E107026%20Green%20Oaks,%20Fair%20Oak%20Drive%201979_Plan.PDF","TPO_E107026%20Green%20Oaks,%20Fair%20Oak%20Drive%201979_Plan.PDF",luton.gov.uk,,82814,80.9 KB,pending,2026-10-01T10:45:06.889021+00:00,,,,,,,,,,,,,,,,,,,,,,,,,,,,
https://static.luton.gov.uk/Environment/Lists/LutonDocuments/PDF/TPO/TPO_E107027%20Clarendon%20Road%201980_Order.PDF,TPO_E107027%20Clarendon%20Road%201980_Order.PDF,luton.gov.uk,,403135,393.7 KB,pending,2026-10-01T10:45:06.892337+00:00,,,,,,,,,,,,,,,,,,,,,,,,,,,,
https://static.luton.gov.uk/Environment/Lists/LutonDocuments/PDF/TPO/TPO_E107027%20Clarendon%20Road%201980_Plan.PDF,TPO_E107027%20Clarendon%20Road%201980_Plan.PDF,luton.gov.uk,,179201,175.0 KB,pending,2026-10-01T10:45:06.895124+00:00,,,,,,,,,,,,,,,,,,,,,,,,,,,,
https://static.luton.gov.uk/Environment/Lists/LutonDocuments/PDF/TPO/TPO_E107028%20Dunstable%20Road%201980_Plan.PDF,TPO_E107028%20Dunstable%20Road%201980_Plan.PDF,luton.gov.uk,,64073,62.6 KB,pending,2026-10-01T10:45:06.897735+00:00,,,,,,,,,,,,,,,,,,,,,,,,,,,,
https://static.luton.gov.uk/Environment/Lists/LutonDocuments/PDF/TPO/TPO_E107029%20Cannon%20Lane%201980_Plan.PDF,TPO_E107029%20Cannon%20Lane%201980_Plan.PDF,luton.gov.uk,,81749,79.8 KB,pending,2026-10-01T10:45:06.902139+00:00,,,,,,,,,,,,,,,,,,,,,,,,,,,,
https://static.luton.gov.uk/Environment/Lists/LutonDocuments/PDF/TPO/TPO_E107032%20Maidenhall%20Road%201981_Plan.PDF,TPO_E107032%20Maidenhall%20Road%201981_Plan.PDF,luton.gov.uk,,62193,60.7 KB,pending,2026-10-01T10:45:06.905848+00:00,,,,,,,,,,,,,,,,,,,,,,,,,,,,
https://static.luton.gov.uk/Environment/Lists/LutonDocuments/PDF/TPO/TPO_E107033%20Grange%20Avenue%201981_Plan.PDF,TPO_E107033%20Grange%20Avenue%201981_Plan.PDF,luton.gov.uk,,85720,83.7 KB,pending,2026-10-01T10:45:06.908790+00:00,,,,,,,,,,,,,,,,,,,,,,,,,,,,
https://static.luton.gov.uk/Environment/Lists/LutonDocuments/PDF/TPO/TPO_E107034%20Crawley%20Green%20Road%201981_Plan.PDF,TPO_E107034%20Crawley%20Green%20Road%201981_Plan.PDF,luton.gov.uk,,143926,140.6 KB,pending,2026-10-01T10:45:06.911564+00:00,,,,,,,,,,,,,,,,,,,,,,,,,,,,
https://static.luton.gov.uk/Environment/Lists/LutonDocuments/PDF/TPO/TPO_E107035%20Gooseberry%20Hill%201982_Plan.PDF,TPO_E107035%20Gooseberry%20Hill%201982_Plan.PDF,luton.gov.uk,,350655,342.4 KB,pending,2026-10-01T10:45:06.914700+00:00,,,,,,,,,,,,,,,,,,,,,,,,,,,,
https://static.luton.gov.uk/Environment/Lists/LutonDocuments/PDF/TPO/TPO_E107036%20Grasmere%20Road%201981_Plan.PDF,TPO_E107036%20Grasmere%20Road%201981_Plan.PDF,luton.gov.uk,,169778,165.8 KB,pending,2026-10-01T10:45:06.917397+00:00,,,,,,,,,,,,,,,,,,,,,,,,,,,,
https://static.luton.gov.uk/Environment/Lists/LutonDocuments/PDF/TPO/TPO_E107038%20Toddington%20Road%201981_Order.PDF,TPO_E107038%20Toddington%20Road%201981_Order.PDF,luton.gov.uk,,386653,377.6 KB,pending,2026-10-01T10:45:06.920699+00:00,,,,,,,,,,,,,,,,,,,,,,,,,,,,
https://static.luton.gov.uk/Environment/Lists/LutonDocuments/PDF/TPO/TPO_E107039%20High%20Street%20Leagrave%201981_Plan.PDF,TPO_E107039%20High%20Street%20Leagrave%201981_Plan.PDF,luton.gov.uk,,140577,137.3 KB,pending,2026-10-01T10:45:06.923382+00:00,,,,,,,,,,,,,,,,,,,,,,,,,,,,
https://static.luton.gov.uk/Environment/Lists/LutonDocuments/PDF/TPO/TPO_E107040%20Marsh%20Road%201981_Order.PDF,TPO_E107040%20Marsh%20Road%201981_Order.PDF,luton.gov.uk,,323529,315.9 KB,pending,2026-10-01T10:45:06.926416+00:00,,,,,,,,,,,,,,,,,,,,,,,,,,,,
https://static.luton.gov.uk/Environment/Lists/LutonDocuments/PDF/TPO/TPO_E107040%20Marsh%20Road%201981_Plan.PDF,TPO_E107040%20Marsh%20Road%201981_Plan.PDF,luton.gov.uk,,133677,130.5 KB,pending,2026-10-01T10:45:06.928990+00:00,,,,,,,,,,,,,,,,,,,,,,,,,,,,
https://static.luton.gov.uk/Environment/Lists/LutonDocuments/PDF/TPO/TPO_E107043%20Hitchin%20Road%201981_Order.PDF,TPO_E107043%20Hitchin%20Road%201981_Order.PDF,luton.gov.uk,,373509,364.8 KB,pending,2026-10-01T10:45:06.932202+00:00,,,,,,,,,,,,,,,,,,,,,,,,,,,,
https://static.luton.gov.uk/Environment/Lists/LutonDocuments/PDF/TPO/TPO_E107043%20Hitchin%20Road%201981_Plan.PDF,TPO_E107043%20Hitchin%20Road%201981_Plan.PDF,luton.gov.uk,,108360,105.8 KB,pending,2026-10-01T10:45:06.934751+00:00,,,,,,,,,,,,,,,,,,,,,,,,,,,,
https://static.luton.gov.uk/Environment/Lists/LutonDocuments/PDF/TPO/TPO_E107044%20Caleb%20Close%201981_Plan.PDF,TPO_E107044%20Caleb%20Close%201981_Plan.PDF,luton.gov.uk,,52791,51.6 KB,pending,2026-10-01T10:45:06.937083+00:00,,,,,,,,,,,,,,,,,,,,,,,,,,,,
https://static.luton.gov.uk/Environment/Lists/LutonDocuments/PDF/TPO/TPO_E107046%20Biscot%20Road%201981_Order.PDF,TPO_E107046%20Biscot%20Road%201981_Order.PDF,luton.gov.uk,,382263,373.3 KB,pending,2026-10-01T10:45:06.940173+00:00,,,,,,,,,,,,,,,,,,,,,,,,,,,,
https://static.luton.gov.uk/Environment/Lists/LutonDocuments/PDF/TPO/TPO_E107046%20Biscot%20Road%201981_Plan.PDF,TPO_E107046%20Biscot%20Road%201981_Plan.PDF,luton.gov.uk,,69376,67.8 KB,pending,2026-10-01T10:45:06.942594+00:00,,,,,,,,,,,,,,,,,,,,,,,,,,,,
https://static.luton.gov.uk/Environment/Lists/LutonDocuments/PDF/TPO/TPO_E107047%20Cromwell%20Hill%201982_Order.PDF,TPO_E107047%20Cromwell%20Hill%201982_Order.PDF,luton.gov.uk,,791518,773.0 KB,pending,2026-10-01T10:45:06.946933+00:00,,,,,,,,,,,,,,,,,,,,,,,,,,,,
https://static.luton.gov.uk/Environment/Lists/LutonDocuments/PDF/TPO/TPO_E107048%20Old%20Bedford%20Road%201981_Order.PDF,TPO_E107048%20Old%20Bedford%20Road%201981_Order.PDF,luton.gov.uk,,403962,394.5 KB,pending,2026-10-01T10:45:06.950890+00:00,,,,,,,,,,,,,,,,,,,,,,,,,,,,
https://static.luton.gov.uk/Environment/Lists/LutonDocuments/PDF/TPO/TPO_E107050%20Church%20Street%201981_Plan.PDF,TPO_E107050%20Church%20Street%201981_Plan.PDF,luton.gov.uk,,52922,51.7 KB,pending,2026-10-01T10:45:06.953647+00:00,,,,,,,,,,,,,,,,,,,,,,,,,,,,
https://static.luton.gov.uk/Environment/Lists/LutonDocuments/PDF/TPO/TPO_E107051%20Dunstable%20Road%201982_Plan.PDF,TPO_E107051%20Dunstable%20Road%201982_Plan.PDF,luton.gov.uk,,172841,168.8 KB,pending,2026-10-01T10:45:06.956342+00:00,,,,,,,,,,,,,,,,,,,,,,,,,,,,
"https://static.luton.gov.uk/Environment/Lists/LutonDocuments/PDF/TPO/TPO_E107052%20Crawley%20Green%20Road,%20Polegate%201982_Plan.PDF","TPO_E107052%20Crawley%20Green%20Road,%20Polegate%201982_Plan.PDF",luton.gov.uk,,262205,256.1 KB,pending,2026-10-01T10:45:06.959267+00:00,,,,,,,,,,,,,,,,,,,,,,,,,,,,
"https://static.luton.gov.uk/Environment/Lists/LutonDocuments/PDF/TPO/TPO_E107054%20Kingsway,%20Dallow%20Road%201983_Plan.PDF","TPO_E107054%20Kingsway,%20Dallow%20Road%201983_Plan.PDF",luton.gov.uk,,2155492,2.1 MB,pending,2026-10-01T10:45:06.967107+00:00,,,,,,,,,,,,,,,,,,,,,,,,,,,,
https://static.luton.gov.uk/Environment/Lists/LutonDocuments/PDF/TPO/TPO_E107055%20Farley%20Hill%201983_Plan.PDF,TPO_E107055%20Farley%20Hill%201983_Plan.PDF,luton.gov.uk,,1457527,1.4 MB,pending,2026-10-01T10:45:06.973919+00:00,,,,,,,,,,,,,,,,,,,,,,,,,,,,
"https://static.luton.gov.uk/Environment/Lists/LutonDocuments/PDF/TPO/TPO_E107056%20Land%20Rear%20Pomfret%20Avenue,%20Hitchin%20Road%201984_Plan.PDF","TPO_E107056%20Land%20Rear%20Pomfret%20Avenue,%20Hitchin%20Road%201984_Plan.PDF",luton.gov.uk,,2585119,2.5 MB,pending,2026-10-01T10:45:06.983812+00:00,,,,,,,,,,,,,,,,,,,,,,,,,,,,
https://static.luton.gov.uk/Environment/Lists/LutonDocuments/PDF/TPO/TPO_E107057%20New%20Bedford%20Road%20%201984_Plan.PDF,TPO_E107057%20New%20Bedford%20Road%20%201984_Plan.PDF,luton.gov.uk,,4444914,4.2 MB,pending,2026-10-01T10:45:06.999131+00:00,,,,,,,,,,,,,,,,,,,,,,,,,,,,
https://static.luton.gov.uk/Environment/Lists/LutonDocuments/PDF/TPO/TPO_E107058%20New%20Bedford%20Road%20No.21984_Plan3.PDF,TPO_E107058%20New%20Bedford%20Road%20No.21984_Plan3.PDF,luton.gov.uk,,3865650,3.7 MB,pending,2026-10-01T10:45:07.013997+00:00,,,,,,,,,,,,,,,,,,,,,,,,,,,,
https://static.luton.gov.uk/Environment/Lists/LutonDocuments/PDF/TPO/TPO_E107059%20Oakley%20Road%201985_Order.PDF,TPO_E107059%20Oakley%20Road%201985_Order.PDF,luton.gov.uk,,1348083,1.3 MB,pending,2026-10-01T10:45:07.023448+00:00,,,,,,,,,,,,,,,,,,,,,,,,,,,,
"https://static.luton.gov.uk/Environment/Lists/LutonDocuments/PDF/TPO/TPO_E107061%20Land%20Rear%20Cutenhoe%20Rd,%20Ludlow%20Ave.%201985_Plan.PDF","TPO_E107061%20Land%20Rear%20Cutenhoe%20Rd,%20Ludlow%20Ave.%201985_Plan.PDF",luton.gov.uk,,1467435,1.4 MB,pending,2026-10-01T10:45:07.032203+00:00,,,,,,,,,,,,,,,,,,,,,,,,,,,,
"https://static.luton.gov.uk/Environment/Lists/LutonDocuments/PDF/TPO/TPO_E107062%20Bedford%20Gardens,%20New%20bedford%20Rd%201986_Plan.PDF","TPO_E107062%20Bedford%20Gardens,%20New%20bedford%20Rd%201986_Plan.PDF",luton.gov.uk,,868657,848.3 KB,pending,2026-10-01T10:45:07.037857+00:00,,,,,,,,,,,,,,,,,,,,,,,,,,,,
https://static.luton.gov.uk/Environment/Lists/LutonDocuments/PDF/TPO/TPO_E107063%20Hart%20Hill%201986_Plan2.PDF,TPO_E107063%20Hart%20Hill%201986_Plan2.PDF,luton.gov.uk,,3479454,3.3 MB,pending,2026-10-01T10:45:07.049862+00:00,,,,,,,,,,,,,,,,,,,,,,,,,,,,
https://static.luton.gov.uk/Environment/Lists/LutonDocuments/PDF/TPO/TPO_E107063%20Hart%20Hill%201986_Plan3.PDF,TPO_E107063%20Hart%20Hill%201986_Plan3.PDF,luton.gov.uk,,2209691,2.1 MB,pending,2026-10-01T10:45:07.060673+00:00,,,,,,,,,,,,,,,,,,,,,,,,,,,,
https://static.luton.gov.uk/Environment/Lists/LutonDocuments/PDF/TPO/TPO_E107064%20Bradgers%20Hill%20Road%20%201986_Plan.PDF,TPO_E107064%20Bradgers%20Hill%20Road%20%201986_Plan.PDF,luton.gov.uk,,704699,688.2 KB,pending,2026-10-01T10:45:07.067641+00:00,,,,,,,,,,,,,,,,,,,,,,,,,,,,
https://static.luton.gov.uk/Environment/Lists/LutonDocuments/PDF/TPO/TPO_E107065%20Napier%20Road%20Downs%20Road1986_Plan.PDF,TPO_E107065%20Napier%20Road%20Downs%20Road1986_Plan.PDF,luton.gov.uk,,61192,59.8 KB,pending,2026-10-01T10:45:07.071884+00:00,,,,,,,,,,,,,,,,,,,,,,,,,,,,
https://static.luton.gov.uk/Environment/Lists/LutonDocuments/PDF/TPO/TPO_E107065%20Napier%20Road%20Downs%20Road_Order.PDF,TPO_E107065%20Napier%20Road%20Downs%20Road_Order.PDF,luton.gov.uk,,301404,294.3 KB,pending,2026-10-01T10:45:07.076198+00:00,,,,,,,,,,,,,,,,,,,,,,,,,,,,
https://static.luton.gov.uk/Environment/Lists/LutonDocuments/PDF/TPO/TPO_E107066%20Montrose%20Avenue%201986_Plan.PDF,TPO_E107066%20Montrose%20Avenue%201986_Plan.PDF,luton.gov.uk,,781133,762.8 KB,pending,2026-10-01T10:45:07.081261+00:00,,,,,,,,,,,,,,,,,,,,,,,,,,,,
https://static.luton.gov.uk/Environment/Lists/LutonDocuments/PDF/TPO/TPO_E107068%20Links%20Way%201986_Plan.PDF,TPO_E107068%20Links%20Way%201986_Plan.PDF,luton.gov.uk,,835467,815.9 KB,pending,2026-10-01T10:45:07.086435+00:00,,,,,,,,,,,,,,,,,,,,,,,,,,,,
https://static.luton.gov.uk/Environment/Lists/LutonDocuments/PDF/TPO/TPO_E107070%20Cardiff%20Road%201987_Order.PDF,TPO_E107070%20Cardiff%20Road%201987_Order.PDF,luton.gov.uk,,945362,923.2 KB,pending,2026-10-01T10:45:07.092033+00:00,,,,,,,,,,,,,,,,,,,,,,,,,,,,
https://static.luton.gov.uk/Environment/Lists/LutonDocuments/PDF/TPO/TPO_E107070%20Cardiff%20Road%201987_Plan.PDF,TPO_E107070%20Cardiff%20Road%201987_Plan.PDF,luton.gov.uk,,37533,36.7 KB,pending,2026-10-01T10:45:07.095203+00:00,,,,,,,,,,,,,,,,,,,,,,,,,,,,
https://static.luton.gov.uk/Environment/Lists/LutonDocuments/PDF/TPO/TPO_E107071%20Hibbert%20Street%201988_Order.PDF,TPO_E107071%20Hibbert%20Street%201988_Order.PDF,luton.gov.uk,,1007572,984.0 KB,pending,2026-10-01T10:45:07.100310+00:00,,,,,,,,,,,,,,,,,,,,,,,,,,,,
https://static.luton.gov.uk/Environment/Lists/LutonDocuments/PDF/TPO/TPO_E107071%20Hibbert%20Street%201988_Plan.PDF,TPO_E107071%20Hibbert%20Street%201988_Plan.PDF,luton.gov.uk,,1900996,1.8 MB,pending,2026-10-01T10:45:07.107817+00:00,,,,,,,,,,,,,,,,,,,,,,,,,,,,
https://static.luton.gov.uk/Environment/Lists/LutonDocuments/PDF/TPO/TPO_E107072%20Wensleydale%201988_Plan.PDF,TPO_E107072%20Wensleydale%201988_Plan.PDF,luton.gov.uk,,353876,345.6 KB,pending,2026-10-01T10:45:07.111941+00:00,,,,,,,,,,,,,,,,,,,,,,,,,,,,
https://static.luton.gov.uk/Environment/Lists/LutonDocuments/PDF/TPO/TPO_E107073%20Compton%20Avenue%201988_Order.PDF,TPO_E107073%20Compton%20Avenue%201988_Order.PDF,luton.gov.uk,,1179202,1.1 MB,pending,2026-10-01T10:45:07.117709+00:00,,,,,,,,,,,,,,,,,,,,,,,,,,,,
https://static.luton.gov.uk/Environment/Lists/LutonDocuments/PDF/TPO/TPO_E107073%20Compton%20Avenue%201988_Plan.PDF,TPO_E107073%20Compton%20Avenue%201988_Plan.PDF,luton.gov.uk,,2405212,2.3 MB,pending,2026-10-01T10:45:07.126574+00:00,,,,,,,,,,,,,,,,,,,,,,,,,,,,
https://static.luton.gov.uk/Environment/Lists/LutonDocuments/PDF/TPO/TPO_E107075%20Swifts%20Green%20Road%201988_Plan.PDF,TPO_E107075%20Swifts%20Green%20Road%201988_Plan.PDF,luton.gov.uk,,2270294,2.2 MB,pending,2026-10-01T10:45:07.135363+00:00,,,,,,,,,,,,,,,,,,,,,,,,,,,,
"https://static.luton.gov.uk/Environment/Lists/LutonDocuments/PDF/TPO/TPO_E107077%20Hart%20Lane,%20Pomfret%20Av.%201988_Plan.PDF","TPO_E107077%20Hart%20Lane,%20Pomfret%20Av.%201988_Plan.PDF",luton.gov.uk,,78421,76.6 KB,pending,2026-10-01T10:45:07.141008+00:00,,,,,,,,,,,,,,,,,,,,,,,,,,,,
"https://static.luton.gov.uk/Environment/Lists/LutonDocuments/PDF/TPO/TPO_E107078%20Bury%20Park%20Rd,%20Moor%20St.%201988_Plan.PDF","TPO_E107078%20Bury%20Park%20Rd,%20Moor%20St.%201988_Plan.PDF",luton.gov.uk,,964387,941.8 KB,pending,2026-10-01T10:45:07.147334+00:00,,,,,,,,,,,,,,,,,,,,,,,,,,,,
https://static.luton.gov.uk/Environment/Lists/LutonDocuments/PDF/TPO/TPO_E107079%20Shelton%20Way%201988_Order.PDF,TPO_E107079%20Shelton%20Way%201988_Order.PDF,luton.gov.uk,,295074,288.2 KB,pending,2026-10-01T10:45:07.151354+00:00,,,,,,,,,,,,,,,,,,,,,,,,,,,,
https://static.luton.gov.uk/Environment/Lists/LutonDocuments/PDF/TPO/TPO_E107079%20Shelton%20Way%201988_Plan.PDF,TPO_E107079%20Shelton%20Way%201988_Plan.PDF,luton.gov.uk,,133096,130.0 KB,pending,2026-10-01T10:45:07.154514+00:00,,,,,,,,,,,,,,,,,,,,,,,,,,,,
https://static.luton.gov.uk/Environment/Lists/LutonDocuments/PDF/TPO/TPO_E107080%20Barton%20Road%201988_Order.PDF,TPO_E107080%20Barton%20Road%201988_Order.PDF,luton.gov.uk,,1761037,1.7 MB,pending,2026-10-01T10:45:07.161459+00:00,,,,,,,,,,,,,,,,,,,,,,,,,,,,
https://static.luton.gov.uk/Environment/Lists/LutonDocuments/PDF/TPO/TPO_E107081%20Ashburnham%20Road%201988_Order.PDF,TPO_E107081%20Ashburnham%20Road%201988_Order.PDF,luton.gov.uk,,364222,355.7 KB,pending,2026-10-01T10:45:07.165624+00:00,,,,,,,,,,,,,,,,,,,,,,,,,,,,
https://static.luton.gov.uk/Environment/Lists/LutonDocuments/PDF/TPO/TPO_E107081%20Ashburnham%20Road%201988_Plan.PDF,TPO_E107081%20Ashburnham%20Road%201988_Plan.PDF,luton.gov.uk,,1287788,1.2 MB,pending,2026-10-01T10:45:07.171955+00:00,,,,,,,,,,,,,,,,,,,,,,,,,,,,
https://static.luton.gov.uk/Environment/Lists/LutonDocuments/PDF/TPO/TPO_E107082%20Lynwood%20Avenue%201988_Plan.PDF,TPO_E107082%20Lynwood%20Avenue%201988_Plan.PDF,luton.gov.uk,,2783594,2.7 MB,pending,2026-10-01T10:45:07.182154+00:00,,,,,,,,,,,,,,,,,,,,,,,,,,,,
https://static.luton.gov.uk/Environment/Lists/LutonDocuments/PDF/TPO/TPO_E107083%20New%20Bedford%20Road%201988_Plan.PDF,TPO_E107083%20New%20Bedford%20Road%201988_Plan.PDF,luton.gov.uk,,53865,52.6 KB,pending,2026-10-01T10:45:07.186014+00:00,,,,,,,,,,,,,,,,,,,,,,,,,,,,
https://static.luton.gov.uk/Environment/Lists/LutonDocuments/PDF/TPO/TPO_E107083%20New%20Bedford%20Road%202004_Plan.PDF,TPO_E107083%20New%20Bedford%20Road%202004_Plan.PDF,luton.gov.uk,,1182335,1.1 MB,pending,2026-10-01T10:45:07.192215+00:00,,,,,,,,,,,,,,,,,,,,,,,,,,,,
https://static.luton.gov.uk/Environment/Lists/LutonDocuments/PDF/TPO/TPO_E107085%20Wensleydale%201989_Order.PDF,TPO_E107085%20Wensleydale%201989_Order.PDF,luton.gov.uk,,391510,382.3 KB,pending,2026-10-01T10:45:07.196276+00:00,,,,,,,,,,,,,,,,,,,,,,,,,,,,
https://static.luton.gov.uk/Environment/Lists/LutonDocuments/PDF/TPO/TPO_E107086%20Cannon%20Lane%201989_Order.PDF,TPO_E107086%20Cannon%20Lane%201989_Order.PDF,luton.gov.uk,,367721,359.1 KB,pending,2026-10-01T10:45:07.199942+00:00,,,,,,,,,,,,,,,,,,,,,,,,,,,,
https://static.luton.gov.uk/Environment/Lists/LutonDocuments/PDF/TPO/TPO_E107086%20Cannon%20Lane%201989_Plan.PDF,TPO_E107086%20Cannon%20Lane%201989_Plan.PDF,luton.gov.uk,,79308,77.4 KB,pending,2026-10-01T10:45:07.202499+00:00,,,,,,,,,,,,,,,,,,,,,,,,,,,,
https://static.luton.gov.uk/Environment/Lists/LutonDocuments/PDF/TPO/TPO_E107087%20Woodbridge%20Close%201988_Order.PDF,TPO_E107087%20Woodbridge%20Close%201988_Order.PDF,luton.gov.uk,,1038568,1014.2 KB,pending,2026-10-01T10:45:07.207180+00:00,,,,,,,,,,,,,,,,,,,,,,,,,,,,
https://static.luton.gov.uk/Environment/Lists/LutonDocuments/PDF/TPO/TPO_E107089%20Old%20Bedford%20Road%201989%20Order.pdf,TPO_E107089%20Old%20Bedford%20Road%201989%20Order.pdf,luton.gov.uk,,344235,336.2 KB,pending,2026-10-01T10:45:07.210273+00:00,,,,,,,,,,,,,,,,,,,,,,,,,,,,
https://static.luton.gov.uk/Environment/Lists/LutonDocuments/PDF/TPO/TPO_E107090%20Bramingham%20Park%201989_Plan.PDF,TPO_E107090%20Bramingham%20Park%201989_Plan.PDF,luton.gov.uk,,161262,157.5 KB,pending,2026-10-01T10:45:07.212966+00:00,,,,,,,,,,,,,,,,,,,,,,,,,,,,
https://static.luton.gov.uk/Environment/Lists/LutonDocuments/PDF/TPO/TPO_E107090%20Bramingham%20Park%20Order%201989_Order.PDF,TPO_E107090%20Bramingham%20Park%20Order%201989_Order.PDF,luton.gov.uk,,298320,291.3 KB,pending,2026-10-01T10:45:07.216016+00:00,,,,,,,,,,,,,,,,,,,,,,,,,,,,
https://static.luton.gov.uk/Environment/Lists/LutonDocuments/PDF/TPO/TPO_E107091%20Hitchin%20Road%201989_Order.PDF,TPO_E107091%20Hitchin%20Road%201989_Order.PDF,luton.gov.uk,,298001,291.0 KB,pending,2026-10-01T10:45:07.218992+00:00,,,,,,,,,,,,,,,,,,,,,,,,,,,,
https://static.luton.gov.uk/Environment/Lists/LutonDocuments/PDF/TPO/TPO_E107091%20Hitchin%20Road%201989_Plan.PDF,TPO_E107091%20Hitchin%20Road%201989_Plan.PDF,luton.gov.uk,,1718176,1.6 MB,pending,2026-10-01T10:45:07.225588+00:00,,,,,,,,,,,,,,,,,,,,,,,,,,,,
https://static.luton.gov.uk/Environment/Lists/LutonDocuments/PDF/TPO/TPO_E107091%20Hitchin%20Road%201989_Plan2.PDF,TPO_E107091%20Hitchin%20Road%201989_Plan2.PDF,luton.gov.uk,,115226,112.5 KB,pending,2026-10-01T10:45:07.230921+00:00,,,,,,,,,,,,,,,,,,,,,,,,,,,,
https://static.luton.gov.uk/Environment/Lists/LutonDocuments/PDF/TPO/TPO_E107092%20Moor%20Path%201989_Order.PDF,TPO_E107092%20Moor%20Path%201989_Order.PDF,luton.gov.uk,,962926,940.4 KB,pending,2026-10-01T10:45:07.237381+00:00,,,,,,,,,,,,,,,,,,,,,,,,,,,,
https://static.luton.gov.uk/Environment/Lists/LutonDocuments/PDF/TPO/TPO_E107092%20Moor%20Path%201989_Plan.PDF,TPO_E107092%20Moor%20Path%201989_Plan.PDF,luton.gov.uk,,66416,64.9 KB,pending,2026-10-01T10:45:07.240437+00:00,,,,,,,,,,,,,,,,,,,,,,,,,,,,
https://static.luton.gov.uk/Environment/Lists/LutonDocuments/PDF/TPO/TPO_E107093%20Russell%20Rise%201989_Order.PDF,TPO_E107093%20Russell%20Rise%201989_Order.PDF,luton.gov.uk,,375364,366.6 KB,pending,2026-10-01T10:45:07.243743+00:00,,,,,,,,,,,,,,,,,,,,,,,,,,,,
https://static.luton.gov.uk/Environment/Lists/LutonDocuments/PDF/TPO/TPO_E107093%20Russell%20Rise%201989_Plan.PDF,TPO_E107093%20Russell%20Rise%201989_Plan.PDF,luton.gov.uk,,78455,76.6 KB,pending,2026-10-01T10:45:07.246304+00:00,,,,,,,,,,,,,,,,,,,,,,,,,,,,
https://static.luton.gov.uk/Environment/Lists/LutonDocuments/PDF/TPO/TPO_E107094%20New%20Bedford%20Road%201989_Plan.PDF,TPO_E107094%20New%20Bedford%20Road%201989_Plan.PDF,luton.gov.uk,,802090,783.3 KB,pending,2026-10-01T10:45:07.250495+00:00,,,,,,,,,,,,,,,,,,,,,,,,,,,,
https://static.luton.gov.uk/Environment/Lists/LutonDocuments/PDF/TPO/TPO_E107095%20Oakley%20Road%201989_Order.PDF,TPO_E107095%20Oakley%20Road%201989_Order.PDF,luton.gov.uk,,315966,308.6 KB,pending,2026-10-01T10:45:07.253707+00:00,,,,,,,,,,,,,,,,,,,,,,,,,,,,
https://static.luton.gov.uk/Environment/Lists/LutonDocuments/PDF/TPO/TPO_E107095%20Oakley%20Road%201989_Plan.PDF,TPO_E107095%20Oakley%20Road%201989_Plan.PDF,luton.gov.uk,,242650,237.0 KB,pending,2026-10-01T10:45:07.256718+00:00,,,,,,,,,,,,,,,,,,,,,,,,,,,,
https://static.luton.gov.uk/Environment/Lists/LutonDocuments/PDF/TPO/TPO_E107096%20Crawley%20Green%20Road%201989_Plan.PDF,TPO_E107096%20Crawley%20Green%20Road%201989_Plan.PDF,luton.gov.uk,,149246,145.7 KB,pending,2026-10-01T10:45:07.259493+00:00,,,,,,,,,,,,,,,,,,,,,,,,,,,,
https://static.luton.gov.uk/Environment/Lists/LutonDocuments/PDF/TPO/TPO_E107098%20Beechwood%20Road%201989_Order.PDF,TPO_E107098%20Beechwood%20Road%201989_Order.PDF,luton.gov.uk,,382799,373.8 KB,pending,2026-10-01T10:45:07.262805+00:00,,,,,,,,,,,,,,,,,,,,,,,,,,,,
https://static.luton.gov.uk/Environment/Lists/LutonDocuments/PDF/TPO/TPO_E107100%20Eaton%20Green%20Road%201989_Plan.PDF,TPO_E107100%20Eaton%20Green%20Road%201989_Plan.PDF,luton.gov.uk,,1175079,1.1 MB,pending,2026-10-01T10:45:07.268132+00:00,,,,,,,,,,,,,,,,,,,,,,,,,,,,
https://static.luton.gov.uk/Environment/Lists/LutonDocuments/PDF/TPO/TPO_E107102%20Barton%20Road1989_Plan.PDF,TPO_E107102%20Barton%20Road1989_Plan.PDF,luton.gov.uk,,889398,868.6 KB,pending,2026-10-01T10:45:07.273220+00:00,,,,,,,,,,,,,,,,,,,,,,,,,,,,
https://static.luton.gov.uk/Environment/Lists/LutonDocuments/PDF/TPO/TPO_E107103%20Napier%20Road%201989_Order.PDF,TPO_E107103%20Napier%20Road%201989_Order.PDF,luton.gov.uk,,307717,300.5 KB,pending,2026-10-01T10:45:07.276981+00:00,,,,,,,,,,,,,,,,,,,,,,,,,,,,
https://static.luton.gov.uk/Environment/Lists/LutonDocuments/PDF/TPO/TPO_E107103%20Napier%20Road%201989_Plan.PDF,TPO_E107103%20Napier%20Road%201989_Plan.PDF,luton.gov.uk,,855466,835.4 KB,pending,2026-10-01T10:45:07.282227+00:00,,,,,,,,,,,,,,,,,,,,,,,,,,,,
https://static.luton.gov.uk/Environment/Lists/LutonDocuments/PDF/TPO/TPO_E107105%20Strangers%20Way%201989_Plan.PDF,TPO_E107105%20Strangers%20Way%201989_Plan.PDF,luton.gov.uk,,1022792,998.8 KB,pending,2026-10-01T10:45:07.288039+00:00,,,,,,,,,,,,,,,,,,,,,,,,,,,,
https://static.luton.gov.uk/Environment/Lists/LutonDocuments/PDF/TPO/TPO_E107106%20Montrose%20Avenue%201989_Plan.PDF,TPO_E107106%20Montrose%20Avenue%201989_Plan.PDF,luton.gov.uk,,92955,90.8 KB,pending,2026-10-01T10:45:07.292201+00:00,,,,,,,,,,,,,,,,,,,,,,,,,,,,
https://static.luton.gov.uk/Environment/Lists/LutonDocuments/PDF/TPO/TPO_E107107%20Benson%20Close%201990_Order.PDF,TPO_E107107%20Benson%20Close%201990_Order.PDF,luton.gov.uk,,293563,286.7 KB,pending,2026-10-01T10:45:07.297109+00:00,,,,,,,,,,,,,,,,,,,,,,,,,,,,
https://static.luton.gov.uk/Environment/Lists/LutonDocuments/PDF/TPO/TPO_E107107%20Benson%20Close%201990_Plan.PDF,TPO_E107107%20Benson%20Close%201990_Plan.PDF,luton.gov.uk,,2009624,1.9 MB,pending,2026-10-01T10:45:07.306234+00:00,,,,,,,,,,,,,,,,,,,,,,,,,,,,
https://static.luton.gov.uk/Environment/Lists/LutonDocuments/PDF/TPO/TPO_E107108%20Bramingham%20Park%20No2%201990_Order.PDF,TPO_E107108%20Bramingham%20Park%20No2%201990_Order.PDF,luton.gov.uk,,971023,948.3 KB,pending,2026-10-01T10:45:07.313041+00:00,,,,,,,,,,,,,,,,,,,,,,,,,,,,
https://static.luton.gov.uk/Environment/Lists/LutonDocuments/PDF/TPO/TPO_E107108%20Bramingham%20Park%20No21990_Plan.PDF,TPO_E107108%20Bramingham%20Park%20No21990_Plan.PDF,luton.gov.uk,,687534,671.4 KB,pending,2026-10-01T10:45:07.319048+00:00,,,,,,,,,,,,,,,,,,,,,,,,,,,,
https://static.luton.gov.uk/Environment/Lists/LutonDocuments/PDF/TPO/TPO_E107109%20Dunstable%20Road%20%201994_Plan.PDF,TPO_E107109%20Dunstable%20Road%20%201994_Plan.PDF,luton.gov.uk,,893632,872.7 KB,pending,2026-10-01T10:45:07.325188+00:00,,,,,,,,,,,,,,,,,,,,,,,,,,,,
https://static.luton.gov.uk/Environment/Lists/LutonDocuments/PDF/TPO/TPO_E107110%20Chester%20Avenue%201990_Plan.PDF,TPO_E107110%20Chester%20Avenue%201990_Plan.PDF,luton.gov.uk,,57126,55.8 KB,pending,2026-10-01T10:45:07.328993+00:00,,,,,,,,,,,,,,,,,,,,,,,,,,,,
https://static.luton.gov.uk/Environment/Lists/LutonDocuments/PDF/TPO/TPO_E107111%20Bosmore%20Road%201990_Plan.PDF,TPO_E107111%20Bosmore%20Road%201990_Plan.PDF,luton.gov.uk,,111267,108.7 KB,pending,2026-10-01T10:45:07.332517+00:00,,,,,,,,,,,,,,,,,,,,,,,,,,,,
https://static.luton.gov.uk/Environment/Lists/LutonDocuments/PDF/TPO/TPO_E107114%20Humberstone%20Road%201990_Order.PDF,TPO_E107114%20Humberstone%20Road%201990_Order.PDF,luton.gov.uk,,989712,966.5 KB,pending,2026-10-01T10:45:07.337865+00:00,,,,,,,,,,,,,,,,,,,,,,,,,,,,
https://static.luton.gov.uk/Environment/Lists/LutonDocuments/PDF/TPO/TPO_E107114%20Humberstone%20Road%201990_Plan.PDF,TPO_E107114%20Humberstone%20Road%201990_Plan.PDF,luton.gov.uk,,707017,690.4 KB,pending,2026-10-01T10:45:07.342853+00:00,,,,,,,,,,,,,,,,,,,,,,,,,,,,
https://static.luton.gov.uk/Environment/Lists/LutonDocuments/PDF/TPO/TPO_E107116%20Eldon%20Road%201990_Order.PDF,TPO_E107116%20Eldon%20Road%201990_Order.PDF,luton.gov.uk,,1037153,1012.8 KB,pending,2026-10-01T10:45:07.349062+00:00,,,,,,,,,,,,,,,,,,,,,,,,,,,,
https://static.luton.gov.uk/Environment/Lists/LutonDocuments/PDF/TPO/TPO_E107118%20Sundon%20Park%20Road%201991_Order.PDF,TPO_E107118%20Sundon%20Park%20Road%201991_Order.PDF,luton.gov.uk,,829333,809.9 KB,pending,2026-10-01T10:45:07.355122+00:00,,,,,,,,,,,,,,,,,,,,,,,,,,,,
https://static.luton.gov.uk/Environment/Lists/LutonDocuments/PDF/TPO/TPO_E107119%20Ashburnham%20Road%201991_Order.PDF,TPO_E107119%20Ashburnham%20Road%201991_Order.PDF,luton.gov.uk,,1090286,1.0 MB,pending,2026-10-01T10:45:07.364220+00:00,,,,,,,,,,,,,,,,,,,,,,,,,,,,
https://static.luton.gov.uk/Environment/Lists/LutonDocuments/PDF/TPO/TPO_E107119%20Ashburnham%20Road%201991_Plan.PDF,TPO_E107119%20Ashburnham%20Road%201991_Plan.PDF,luton.gov.uk,,697595,681.2 KB,pending,2026-10-01T10:45:07.372373+00:00,,,,,,,,,,,,,,,,,,,,,,,,,,,,
https://static.luton.gov.uk/Environment/Lists/LutonDocuments/PDF/TPO/TPO_E107120%20New%20Bedford%20Road%201991_Order.PDF,TPO_E107120%20New%20Bedford%20Road%201991_Order.PDF,luton.gov.uk,,382683,373.7 KB,pending,2026-10-01T10:45:07.379261+00:00,,,,,,,,,,,,,,,,,,,,,,,,,,,,
https://static.luton.gov.uk/Environment/Lists/LutonDocuments/PDF/TPO/TPO_E107120%20New%20Bedford%20Road%201991_Plan.PDF,TPO_E107120%20New%20Bedford%20Road%201991_Plan.PDF,luton.gov.uk,,2225568,2.1 MB,pending,2026-10-01T10:45:07.390110+00:00,,,,,,,,,,,,,,,,,,,,,,,,,,,,
https://static.luton.gov.uk/Environment/Lists/LutonDocuments/PDF/TPO/TPO_E107121%20Cromwell%20Hill%201991_Plan.PDF,TPO_E107121%20Cromwell%20Hill%201991_Plan.PDF,luton.gov.uk,,811985,793.0 KB,pending,2026-10-01T10:45:07.397469+00:00,,,,,,,,,,,,,,,,,,,,,,,,,,,,
https://static.luton.gov.uk/Environment/Lists/LutonDocuments/PDF/TPO/TPO_E107123%20Dunstable%20Road%201991_Plan.PDF,TPO_E107123%20Dunstable%20Road%201991_Plan.PDF,luton.gov.uk,,1824813,1.7 MB,pending,2026-10-01T10:45:07.407360+00:00,,,,,,,,,,,,,,,,,,,,,,,,,,,,
https://static.luton.gov.uk/Environment/Lists/LutonDocuments/PDF/TPO/TPO_E107124%20Grange%20Avenue%201991_Plan.PDF,TPO_E107124%20Grange%20Avenue%201991_Plan.PDF,luton.gov.uk,,658053,642.6 KB,pending,2026-10-01T10:45:07.414751+00:00,,,,,,,,,,,,,,,,,,,,,,,,,,,,
https://static.luton.gov.uk/Environment/Lists/LutonDocuments/PDF/TPO/TPO_E107126%20The%20Brache%201991_Plan.PDF,TPO_E107126%20The%20Brache%201991_Plan.PDF,luton.gov.uk,,4000959,3.8 MB,pending,2026-10-01T10:45:07.431093+00:00,,,,,,,,,,,,,,,,,,,,,,,,,,,,
https://static.luton.gov.uk/Environment/Lists/LutonDocuments/PDF/TPO/TPO_E107127%20Marsh%20Road%201991_Order.PDF,TPO_E107127%20Marsh%20Road%201991_Order.PDF,luton.gov.uk,,315960,308.6 KB,pending,2026-10-01T10:45:07.438031+00:00,,,,,,,,,,,,,,,,,,,,,,,,,,,,
https://static.luton.gov.uk/Environment/Lists/LutonDocuments/PDF/TPO/TPO_E107127%20Marsh%20Road%201991_Plan.PDF,TPO_E107127%20Marsh%20Road%201991_Plan.PDF,luton.gov.uk,,661058,645.6 KB,pending,2026-10-01T10:45:07.445231+00:00,,,,,,,,,,,,,,,,,,,,,,,,,,,,
https://static.luton.gov.uk/Environment/Lists/LutonDocuments/PDF/TPO/TPO_E107128%20Ludlow%20Avenue%20%201991_Plan.PDF,TPO_E107128%20Ludlow%20Avenue%20%201991_Plan.PDF,luton.gov.uk,,1094986,1.0 MB,pending,2026-10-01T10:45:07.453325+00:00,,,,,,,,,,,,,,,,,,,,,,,,,,,,
https://static.luton.gov.uk/Environment/Lists/LutonDocuments/PDF/TPO/TPO_E107128%20Ludlow%20Avenue%201991_Order.PDF,TPO_E107128%20Ludlow%20Avenue%201991_Order.PDF,luton.gov.uk,,312454,305.1 KB,pending,2026-10-01T10:45:07.459344+00:00,,,,,,,,,,,,,,,,,,,,,,,,,,,,
https://static.luton.gov.uk/Environment/Lists/LutonDocuments/PDF/TPO/TPO_E107129%20Somerset%20Avenue%201991_Plan.PDF,TPO_E107129%20Somerset%20Avenue%201991_Plan.PDF,luton.gov.uk,,1652080,1.6 MB,pending,2026-10-01T10:45:07.468590+00:00,,,,,,,,,,,,,,,,,,,,,,,,,,,,
https://static.luton.gov.uk/Environment/Lists/LutonDocuments/PDF/TPO/TPO_E107130%20Tenth%20Avenue%201991_Order.PDF,TPO_E107130%20Tenth%20Avenue%201991_Order.PDF,luton.gov.uk,,311764,304.5 KB,pending,2026-10-01T10:45:07.475171+00:00,,,,,,,,,,,,,,,,,,,,,,,,,,,,
https://static.luton.gov.uk/Environment/Lists/LutonDocuments/PDF/TPO/TPO_E107130%20Tenth%20Avenue%201991_Plan.PDF,TPO_E107130%20Tenth%20Avenue%201991_Plan.PDF,luton.gov.uk,,764343,746.4 KB,pending,2026-10-01T10:45:07.482207+00:00,,,,,,,,,,,,,,,,,,,,,,,,,,,,
https://static.luton.gov.uk/Environment/Lists/LutonDocuments/PDF/TPO/TPO_E107131%20Dallow%20Road%20%201991_Plan.PDF,TPO_E107131%20Dallow%20Road%20%201991_Plan.PDF,luton.gov.uk,,677922,662.0 KB,pending,2026-10-01T10:45:07.487770+00:00,,,,,,,,,,,,,,,,,,,,,,,,,,,,
https://static.luton.gov.uk/Environment/Lists/LutonDocuments/PDF/TPO/TPO_E107132%20St.%20Saviour's%20Crescent%201991_Order.PDF,TPO_E107132%20St.%20Saviour's%20Crescent%201991_Order.PDF,luton.gov.uk,,311217,303.9 KB,pending,2026-10-01T10:45:07.491550+00:00,,,,,,,,,,,,,,,,,,,,,,,,,,,,
https://static.luton.gov.uk/Environment/Lists/LutonDocuments/PDF/TPO/TPO_E107132%20St.%20Saviour's%20Crescent%201991_Plan.PDF,TPO_E107132%20St.%20Saviour's%20Crescent%201991_Plan.PDF,luton.gov.uk,,777984,759.8 KB,pending,2026-10-01T10:45:07.495912+00:00,,,,,,,,,,,,,,,,,,,,,,,,,,,,
https://static.luton.gov.uk/Environment/Lists/LutonDocuments/PDF/TPO/TPO_E107133%20Hitchin%20Road%201991_Order.PDF,TPO_E107133%20Hitchin%20Road%201991_Order.PDF,luton.gov.uk,,306492,299.3 KB,pending,2026-10-01T10:45:07.499057+00:00,,,,,,,,,,,,,,,,,,,,,,,,,,,,
https://static.luton.gov.uk/Environment/Lists/LutonDocuments/PDF/TPO/TPO_E107133%20Hitchin%20Road%201991_Plan.PDF,TPO_E107133%20Hitchin%20Road%201991_Plan.PDF,luton.gov.uk,,722290,705.4 KB,pending,2026-10-01T10:45:07.503229+00:00,,,,,,,,,,,,,,,,,,,,,,,,,,,,
https://static.luton.gov.uk/Environment/Lists/LutonDocuments/PDF/TPO/TPO_E107134%20Stanmore%20Crescent%201991_Order.PDF,TPO_E107134%20Stanmore%20Crescent%201991_Order.PDF,luton.gov.uk,,315855,308.5 KB,pending,2026-10-01T10:45:07.506423+00:00,,,,,,,,,,,,,,,,,,,,,,,,,,,,
https://static.luton.gov.uk/Environment/Lists/LutonDocuments/PDF/TPO/TPO_E107134%20Stanmore%20Crescent%201991_Plan.PDF,TPO_E107134%20Stanmore%20Crescent%201991_Plan.PDF,luton.gov.uk,,619709,605.2 KB,pending,2026-10-01T10:45:07.510265+00:00,,,,,,,,,,,,,,,,,,,,,,,,,,,,
https://static.luton.gov.uk/Environment/Lists/LutonDocuments/PDF/TPO/TPO_E107135%20Lansdowne%20Road%20%201991_Plan.PDF,TPO_E107135%20Lansdowne%20Road%20%201991_Plan.PDF,luton.gov.uk,,643289,628.2 KB,pending,2026-10-01T10:45:07.515363+00:00,,,,,,,,,,,,,,,,,,,,,,,,,,,,
https://static.luton.gov.uk/Environment/Lists/LutonDocuments/PDF/TPO/TPO_E107135%20Lansdowne%20Road%201991_Order.PDF,TPO_E107135%20Lansdowne%20Road%201991_Order.PDF,luton.gov.uk,,313765,306.4 KB,pending,2026-10-01T10:45:07.519718+00:00,,,,,,,,,,,,,,,,,,,,,,,,,,,,
https://static.luton.gov.uk/Environment/Lists/LutonDocuments/PDF/TPO/TPO_E107136%20Biscot%20Road%20%201992_Plan.PDF,TPO_E107136%20Biscot%20Road%20%201992_Plan.PDF,luton.gov.uk,,745989,728.5 KB,pending,2026-10-01T10:45:07.524029+00:00,,,,,,,,,,,,,,,,,,,,,,,,,,,,
https://static.luton.gov.uk/Environment/Lists/LutonDocuments/PDF/TPO/TPO_E107136%20Biscot%20Road%201992_Order.PDF,TPO_E107136%20Biscot%20Road%201992_Order.PDF,luton.gov.uk,,302223,295.1 KB,pending,2026-10-01T10:45:07.528352+00:00,,,,,,,,,,,,,,,,,,,,,,,,,,,,
https://static.luton.gov.uk/Environment/Lists/LutonDocuments/PDF/TPO/TPO_E107137%20New%20Bedford%20Road%201992_Plan.PDF,TPO_E107137%20New%20Bedford%20Road%201992_Plan.PDF,luton.gov.uk,,557520,544.5 KB,pending,2026-10-01T10:45:07.535093+00:00,,,,,,,,,,,,,,,,,,,,,,,,,,,,
https://static.luton.gov.uk/Environment/Lists/LutonDocuments/PDF/TPO/TPO_E107138%20Edward%20Street%201992_Order.PDF,TPO_E107138%20Edward%20Street%201992_Order.PDF,luton.gov.uk,,327532,319.9 KB,pending,2026-10-01T10:45:07.539774+00:00,,,,,,,,,,,,,,,,,,,,,,,,,,,,
https://static.luton.gov.uk/Environment/Lists/LutonDocuments/PDF/TPO/TPO_E107138%20Edward%20Street%201992_Plan.PDF,TPO_E107138%20Edward%20Street%201992_Plan.PDF,luton.gov.uk,,2564560,2.4 MB,pending,2026-10-01T10:45:07.549119+00:00,,,,,,,,,,,,,,,,,,,,,,,,,,,,
https://static.luton.gov.uk/Environment/Lists/LutonDocuments/PDF/TPO/TPO_E107140%20Ashburnham%20Road%201992_Order.PDF,TPO_E107140%20Ashburnham%20Road%201992_Order.PDF,luton.gov.uk,,306785,299.6 KB,pending,2026-10-01T10:45:07.553017+00:00,,,,,,,,,,,,,,,,,,,,,,,,,,,,
https://static.luton.gov.uk/Environment/Lists/LutonDocuments/PDF/TPO/TPO_E107140%20Ashburnham%20Road%201992_Plan.PDF,TPO_E107140%20Ashburnham%20Road%201992_Plan.PDF,luton.gov.uk,,696650,680.3 KB,pending,2026-10-01T10:45:07.557411+00:00,,,,,,,,,,,,,,,,,,,,,,,,,,,,
https://static.luton.gov.uk/Environment/Lists/LutonDocuments/PDF/TPO/TPO_E107142%20Dunstable%20Road%201992_Order.PDF,TPO_E107142%20Dunstable%20Road%201992_Order.PDF,luton.gov.uk,,329536,321.8 KB,pending,2026-10-01T10:45:07.560810+00:00,,,,,,,,,,,,,,,,,,,,,,,,,,,,
https://static.luton.gov.uk/Environment/Lists/LutonDocuments/PDF/TPO/TPO_E107142%20Dunstable%20Road%201992_Plan.PDF,TPO_E107142%20Dunstable%20Road%201992_Plan.PDF,luton.gov.uk,,765453,747.5 KB,pending,2026-10-01T10:45:07.565071+00:00,,,,,,,,,,,,,,,,,,,,,,,,,,,,
https://static.luton.gov.uk/Environment/Lists/LutonDocuments/PDF/TPO/TPO_E107143%20Dunstable%20Road%20No.%202%201992_Order.PDF,TPO_E107143%20Dunstable%20Road%20No.%202%201992_Order.PDF,luton.gov.uk,,332034,324.3 KB,pending,2026-10-01T10:45:07.568357+00:00,,,,,,,,,,,,,,,,,,,,,,,,,,,,
https://static.luton.gov.uk/Environment/Lists/LutonDocuments/PDF/TPO/TPO_E107143%20Dunstable%20Road%20No.%202%201992_Plan.PDF,TPO_E107143%20Dunstable%20Road%20No.%202%201992_Plan.PDF,luton.gov.uk,,724847,707.9 KB,pending,2026-10-01T10:45:07.572553+00:00,,,,,,,,,,,,,,,,,,,,,,,,,,,,
"https://static.luton.gov.uk/Environment/Lists/LutonDocuments/PDF/TPO/TPO_E107144%20St%20Mary's%20Hospital,%20Dallow%20Road%201992_Order.PDF","TPO_E107144%20St%20Mary's%20Hospital,%20Dallow%20Road%201992_Order.PDF",luton.gov.uk,,335472,327.6 KB,pending,2026-10-01T10:45:07.575782+00:00,,,,,,,,,,,,,,,,,,,,,,,,,,,,
"https://static.luton.gov.uk/Environment/Lists/LutonDocuments/PDF/TPO/TPO_E107144%20St%20Mary's%20Hospital,%20Dallow%20Road%201992_Plan.PDF","TPO_E107144%20St%20Mary's%20Hospital,%20Dallow%20Road%201992_Plan.PDF",luton.gov.uk,,700535,684.1 KB,pending,2026-10-01T10:45:07.579788+00:00,,,,,,,,,,,,,,,,,,,,,,,,,,,,
https://static.luton.gov.uk/Environment/Lists/LutonDocuments/PDF/TPO/TPO_E107145%20Dunstable%20Road%20No.3%201992_Order.PDF,TPO_E107145%20Dunstable%20Road%20No.3%201992_Order.PDF,luton.gov.uk,,328865,321.2 KB,pending,2026-10-01T10:45:07.582873+00:00,,,,,,,,,,,,,,,,,,,,,,,,,,,,
https://static.luton.gov.uk/Environment/Lists/LutonDocuments/PDF/TPO/TPO_E107145%20Dunstable%20Road%20No.3%201992_Plan.PDF,TPO_E107145%20Dunstable%20Road%20No.3%201992_Plan.PDF,luton.gov.uk,,664818,649.2 KB,pending,2026-10-01T10:45:07.586776+00:00,,,,,,,,,,,,,,,,,,,,,,,,,,,,
https://static.luton.gov.uk/Environment/Lists/LutonDocuments/PDF/TPO/TPO_E107146%20Sundon%20Park%20Road%201992_Order.PDF,TPO_E107146%20Sundon%20Park%20Road%201992_Order.PDF,luton.gov.uk,,340105,332.1 KB,pending,2026-10-01T10:45:07.589967+00:00,,,,,,,,,,,,,,,,,,,,,,,,,,,,
https://static.luton.gov.uk/Environment/Lists/LutonDocuments/PDF/TPO/TPO_E107146%20Sundon%20Park%20Road%201992_Plan.PDF,TPO_E107146%20Sundon%20Park%20Road%201992_Plan.PDF,luton.gov.uk,,1093691,1.0 MB,pending,2026-10-01T10:45:07.595230+00:00,,,,,,,,,,,,,,,,,,,,,,,,,,,,
https://static.luton.gov.uk/Environment/Lists/LutonDocuments/PDF/TPO/TPO_E107149%20Kirby%20Drive%201993_Order.PDF,TPO_E107149%20Kirby%20Drive%201993_Order.PDF,luton.gov.uk,,334973,327.1 KB,pending,2026-10-01T10:45:07.600477+00:00,,,,,,,,,,,,,,,,,,,,,,,,,,,,
https://static.luton.gov.uk/Environment/Lists/LutonDocuments/PDF/TPO/TPO_E107149%20Kirby%20Drive%201993_Plan.PDF,TPO_E107149%20Kirby%20Drive%201993_Plan.PDF,luton.gov.uk,,644912,629.8 KB,pending,2026-10-01T10:45:07.608578+00:00,,,,,,,,,,,,,,,,,,,,,,,,,,,,
https://static.luton.gov.uk/Environment/Lists/LutonDocuments/PDF/TPO/TPO_E107150%20Grange%20Avenue%201993_Order.PDF,TPO_E107150%20Grange%20Avenue%201993_Order.PDF,luton.gov.uk,,341491,333.5 KB,pending,2026-10-01T10:45:07.614222+00:00,,,,,,,,,,,,,,,,,,,,,,,,,,,,
https://static.luton.gov.uk/Environment/Lists/LutonDocuments/PDF/TPO/TPO_E107150%20Grange%20Avenue%201995_Order.PDF,TPO_E107150%20Grange%20Avenue%201995_Order.PDF,luton.gov.uk,,370078,361.4 KB,pending,2026-10-01T10:45:07.619891+00:00,,,,,,,,,,,,,,,,,,,,,,,,,,,,
https://static.luton.gov.uk/Environment/Lists/LutonDocuments/PDF/TPO/TPO_E107150%20Grange%20Avenue%201995_Plan.PDF,TPO_E107150%20Grange%20Avenue%201995_Plan.PDF,luton.gov.uk,,655295,639.9 KB,pending,2026-10-01T10:45:07.625984+00:00,,,,,,,,,,,,,,,,,,,,,,,,,,,,
https://static.luton.gov.uk/Environment/Lists/LutonDocuments/PDF/TPO/TPO_E107150%20Grange%20Avenue1993_Plan.PDF,TPO_E107150%20Grange%20Avenue1993_Plan.PDF,luton.gov.uk,,591219,577.4 KB,pending,2026-10-01T10:45:07.630825+00:00,,,,,,,,,,,,,,,,,,,,,,,,,,,,
https://static.luton.gov.uk/Environment/Lists/LutonDocuments/PDF/TPO/TPO_E107151%20South%20Road%201993_Order.PDF,TPO_E107151%20South%20Road%201993_Order.PDF,luton.gov.uk,,332243,324.5 KB,pending,2026-10-01T10:45:07.634556+00:00,,,,,,,,,,,,,,,,,,,,,,,,,,,,
https://static.luton.gov.uk/Environment/Lists/LutonDocuments/PDF/TPO/TPO_E107151%20South%20Road%201993_Plan.PDF,TPO_E107151%20South%20Road%201993_Plan.PDF,luton.gov.uk,,1415205,1.3 MB,pending,2026-10-01T10:45:07.640713+00:00,,,,,,,,,,,,,,,,,,,,,,,,,,,,
"https://static.luton.gov.uk/Environment/Lists/LutonDocuments/PDF/TPO/TPO_E107152%20Old%20Bedford%20Road,%20Wardown%20Crescent%201993_Order.PDF","TPO_E107152%20Old%20Bedford%20Road,%20Wardown%20Crescent%201993_Order.PDF",luton.gov.uk,,332376,324.6 KB,pending,2026-10-01T10:45:07.644358+00:00,,,,,,,,,,,,,,,,,,,,,,,,,,,,
"https://static.luton.gov.uk/Environment/Lists/LutonDocuments/PDF/TPO/TPO_E107152%20Old%20Bedford%20Road,%20Wardown%20Crescent%201993_Plan.PDF","TPO_E107152%20Old%20Bedford%20Road,%20Wardown%20Crescent%201993_Plan.PDF",luton.gov.uk,,633094,618.3 KB,pending,2026-10-01T10:45:07.648543+00:00,,,,,,,,,,,,,,,,,,,,,,,,,,,,
"https://static.luton.gov.uk/Environment/Lists/LutonDocuments/PDF/TPO/TPO_E107155%20Old%20Bedford%20Road,%20Wardown%20Crescent%201995_Order.PDF","TPO_E107155%20Old%20Bedford%20Road,%20Wardown%20Crescent%201995_Order.PDF",luton.gov.uk,,334902,327.1 KB,pending,2026-10-01T10:45:07.652013+00:00,,,,,,,,,,,,,,,,,,,,,,,,,,,,
"https://static.luton.gov.uk/Environment/Lists/LutonDocuments/PDF/TPO/TPO_E107155%20Old%20Bedford%20Road,%20Wardown%20Crescent%201995_Plan.PDF","TPO_E107155%20Old%20Bedford%20Road,%20Wardown%20Crescent%201995_Plan.PDF",luton.gov.uk,,1112964,1.1 MB,pending,2026-10-01T10:45:07.657359+00:00,,,,,,,,,,,,,,,,,,,,,,,,,,,,
https://static.luton.gov.uk/Environment/Lists/LutonDocuments/PDF/TPO/TPO_E107156%20Wigmoe%20Lane%201995_Order.PDF,TPO_E107156%20Wigmoe%20Lane%201995_Order.PDF,luton.gov.uk,,338099,330.2 KB,pending,2026-10-01T10:45:07.660940+00:00,,,,,,,,,,,,,,,,,,,,,,,,,,,,
https://static.luton.gov.uk/Environment/Lists/LutonDocuments/PDF/TPO/TPO_E107156%20Wigmoe%20Lane1995_Plan.PDF,TPO_E107156%20Wigmoe%20Lane1995_Plan.PDF,luton.gov.uk,,1173852,1.1 MB,pending,2026-10-01T10:45:07.666543+00:00,,,,,,,,,,,,,,,,,,,,,,,,,,,,
https://static.luton.gov.uk/Environment/Lists/LutonDocuments/PDF/TPO/TPO_E107157%20Chesford%20Road%201996_Order.PDF,TPO_E107157%20Chesford%20Road%201996_Order.PDF,luton.gov.uk,,313001,305.7 KB,pending,2026-10-01T10:45:07.671711+00:00,,,,,,,,,,,,,,,,,,,,,,,,,,,,
https://static.luton.gov.uk/Environment/Lists/LutonDocuments/PDF/TPO/TPO_E107157%20Chesford%20Road%201996_Plan.PDF,TPO_E107157%20Chesford%20Road%201996_Plan.PDF,luton.gov.uk,,3398533,3.2 MB,pending,2026-10-01T10:45:07.686878+00:00,,,,,,,,,,,,,,,,,,,,,,,,,,,,
https://static.luton.gov.uk/Environment/Lists/LutonDocuments/PDF/TPO/TPO_E107158%20Locarno%20Avenue%201996_Order.PDF,TPO_E107158%20Locarno%20Avenue%201996_Order.PDF,luton.gov.uk,,904304,883.1 KB,pending,2026-10-01T10:45:07.695372+00:00,,,,,,,,,,,,,,,,,,,,,,,,,,,,
https://static.luton.gov.uk/Environment/Lists/LutonDocuments/PDF/TPO/TPO_E107158%20Locarno%20Avenue%201996_Plan.PDF,TPO_E107158%20Locarno%20Avenue%201996_Plan.PDF,luton.gov.uk,,2706784,2.6 MB,pending,2026-10-01T10:45:07.707208+00:00,,,,,,,,,,,,,,,,,,,,,,,,,,,,
https://static.luton.gov.uk/Environment/Lists/LutonDocuments/PDF/TPO/TPO_E107159%20Cosgrove%20Way%201996_Order.PDF,TPO_E107159%20Cosgrove%20Way%201996_Order.PDF,luton.gov.uk,,315470,308.1 KB,pending,2026-10-01T10:45:07.713021+00:00,,,,,,,,,,,,,,,,,,,,,,,,,,,,
https://static.luton.gov.uk/Environment/Lists/LutonDocuments/PDF/TPO/TPO_E107159%20Cosgrove%20Way%201996_Plan.PDF,TPO_E107159%20Cosgrove%20Way%201996_Plan.PDF,luton.gov.uk,,1452995,1.4 MB,pending,2026-10-01T10:45:07.720580+00:00,,,,,,,,,,,,,,,,,,,,,,,,,,,,
https://static.luton.gov.uk/Environment/Lists/LutonDocuments/PDF/TPO/TPO_E107160%20Bowling%20Green%20Lane%201996_Order.PDF,TPO_E107160%20Bowling%20Green%20Lane%201996_Order.PDF,luton.gov.uk,,309721,302.5 KB,pending,2026-10-01T10:45:07.725120+00:00,,,,,,,,,,,,,,,,,,,,,,,,,,,,
https://static.luton.gov.uk/Environment/Lists/LutonDocuments/PDF/TPO/TPO_E107160%20Bowling%20Green%20Lane%201996_Plan.PDF,TPO_E107160%20Bowling%20Green%20Lane%201996_Plan.PDF,luton.gov.uk,,2121329,2.0 MB,pending,2026-10-01T10:45:07.733912+00:00,,,,,,,,,,,,,,,,,,,,,,,,,,,,
https://static.luton.gov.uk/Environment/Lists/LutonDocuments/PDF/TPO/TPO_E107161%20Bradgers%20Hill%20Road%201996_Order.PDF,TPO_E107161%20Bradgers%20Hill%20Road%201996_Order.PDF,luton.gov.uk,,313769,306.4 KB,pending,2026-10-01T10:45:07.740912+00:00,,,,,,,,,,,,,,,,,,,,,,,,,,,,
https://static.luton.gov.uk/Environment/Lists/LutonDocuments/PDF/TPO/TPO_E107161%20Bradgers%20Hill%20Road%201996_Plan.PDF,TPO_E107161%20Bradgers%20Hill%20Road%201996_Plan.PDF,luton.gov.uk,,1350680,1.3 MB,pending,2026-10-01T10:45:07.749553+00:00,,,,,,,,,,,,,,,,,,,,,,,,,,,,
https://static.luton.gov.uk/Environment/Lists/LutonDocuments/PDF/TPO/TPO_E107162%20Farley%20Hill%201996_Order.PDF,TPO_E107162%20Farley%20Hill%201996_Order.PDF,luton.gov.uk,,318979,311.5 KB,pending,2026-10-01T10:45:07.754433+00:00,,,,,,,,,,,,,,,,,,,,,,,,,,,,
https://static.luton.gov.uk/Environment/Lists/LutonDocuments/PDF/TPO/TPO_E107162%20Farley%20Hill%201996_Plan.PDF,TPO_E107162%20Farley%20Hill%201996_Plan.PDF,luton.gov.uk,,976988,954.1 KB,pending,2026-10-01T10:45:07.760677+00:00,,,,,,,,,,,,,,,,,,,,,,,,,,,,
https://static.luton.gov.uk/Environment/Lists/LutonDocuments/PDF/TPO/TPO_E107163%204-8%20Bury%20Park%20Road%201991_Order.PDF,TPO_E107163%204-8%20Bury%20Park%20Road%201991_Order.PDF,luton.gov.uk,,496171,484.5 KB,pending,2026-10-01T10:45:07.765954+00:00,,,,,,,,,,,,,,,,,,,,,,,,,,,,
https://static.luton.gov.uk/Environment/Lists/LutonDocuments/PDF/TPO/TPO_E107163%204-8%20Bury%20Park%20Road%201991_Plan.PDF,TPO_E107163%204-8%20Bury%20Park%20Road%201991_Plan.PDF,luton.gov.uk,,208117,203.2 KB,pending,2026-10-01T10:45:07.770098+00:00,,,,,,,,,,,,,,,,,,,,,,,,,,,,
https://static.luton.gov.uk/Environment/Lists/LutonDocuments/PDF/TPO/TPO_E107165%2016%20Marsh%20Road%201998_Order.PDF,TPO_E107165%2016%20Marsh%20Road%201998_Order.PDF,luton.gov.uk,,494987,483.4 KB,pending,2026-10-01T10:45:07.774554+00:00,,,,,,,,,,,,,,,,,,,,,,,,,,,,
https://static.luton.gov.uk/Environment/Lists/LutonDocuments/PDF/TPO/TPO_E107169%20Stanford%20Road%202000_Order.PDF,TPO_E107169%20Stanford%20Road%202000_Order.PDF,luton.gov.uk,,627139,612.4 KB,pending,2026-10-01T10:45:07.779305+00:00,,,,,,,,,,,,,,,,,,,,,,,,,,,,
https://static.luton.gov.uk/Environment/Lists/LutonDocuments/PDF/TPO/TPO_E107172%20The%20Malzeard%20Road%202001_Plan.PDF,TPO_E107172%20The%20Malzeard%20Road%202001_Plan.PDF,luton.gov.uk,,429292,419.2 KB,pending,2026-10-01T10:45:07.783458+00:00,,,,,,,,,,,,,,,,,,,,,,,,,,,,
https://static.luton.gov.uk/Environment/Lists/LutonDocuments/PDF/TPO/TPO_E107173%20Black%20Swan%20Lane%202001_Order.PDF,TPO_E107173%20Black%20Swan%20Lane%202001_Order.PDF,luton.gov.uk,,489526,478.1 KB,pending,2026-10-01T10:45:07.787657+00:00,,,,,,,,,,,,,,,,,,,,,,,,,,,,
https://static.luton.gov.uk/Environment/Lists/LutonDocuments/PDF/TPO/TPO_E107174%20The%20Bramingham%20Road%20(Brightman%20Cottages)%202001_Order.PDF,TPO_E107174%20The%20Bramingham%20Road%20(Brightman%20Cottages)%202001_Order.PDF,luton.gov.uk,,573762,560.3 KB,pending,2026-10-01T10:45:07.792025+00:00,,,,,,,,,,,,,,,,,,,,,,,,,,,,
https://static.luton.gov.uk/Environment/Lists/LutonDocuments/PDF/TPO/TPO_E107175%20The%20Manton%20Drive%20%202001_Plan.PDF,TPO_E107175%20The%20Manton%20Drive%20%202001_Plan.PDF,luton.gov.uk,,81609,79.7 KB,pending,2026-10-01T10:45:07.795115+00:00,,,,,,,,,,,,,,,,,,,,,,,,,,,,
https://static.luton.gov.uk/Environment/Lists/LutonDocuments/PDF/TPO/TPO_E107175%20The%20Manton%20Drive%202001_Order.PDF,TPO_E107175%20The%20Manton%20Drive%202001_Order.PDF,luton.gov.uk,,624909,610.3 KB,pending,2026-10-01T10:45:07.799509+00:00,,,,,,,,,,,,,,,,,,,,,,,,,,,,
https://static.luton.gov.uk/Environment/Lists/LutonDocuments/PDF/TPO/TPO_E107176%20The%20Francis%20Street%202001_Plan.PDF,TPO_E107176%20The%20Francis%20Street%202001_Plan.PDF,luton.gov.uk,,573455,560.0 KB,pending,2026-10-01T10:45:07.803635+00:00,,,,,,,,,,,,,,,,,,,,,,,,,,,,
https://static.luton.gov.uk/Environment/Lists/LutonDocuments/PDF/TPO/TPO_E107177%20275%20New%20Bedford%20Road%202002_Order.PDF,TPO_E107177%20275%20New%20Bedford%20Road%202002_Order.PDF,luton.gov.uk,,537068,524.5 KB,pending,2026-10-01T10:45:07.807464+00:00,,,,,,,,,,,,,,,,,,,,,,,,,,,,
https://static.luton.gov.uk/Environment/Lists/LutonDocuments/PDF/TPO/TPO_E107178%20Lansdowne%20Road%202003_Plan.PDF,TPO_E107178%20Lansdowne%20Road%202003_Plan.PDF,luton.gov.uk,,104399,102.0 KB,pending,2026-10-01T10:45:07.810370+00:00,,,,,,,,,,,,,,,,,,,,,,,,,,,,
https://static.luton.gov.uk/Environment/Lists/LutonDocuments/PDF/TPO/TPO_E107179%20Grosvenor%20Road%202003_Plan.PDF,TPO_E107179%20Grosvenor%20Road%202003_Plan.PDF,luton.gov.uk,,43494,42.5 KB,pending,2026-10-01T10:45:07.813030+00:00,,,,,,,,,,,,,,,,,,,,,,,,,,,,
"https://static.luton.gov.uk/Environment/Lists/LutonDocuments/PDF/TPO/TPO_E107180%20Indenbury%20Court,%20Downs%20Road%202003_Order2.PDF","TPO_E107180%20Indenbury%20Court,%20Downs%20Road%202003_Order2.PDF",luton.gov.uk,,444480,434.1 KB,pending,2026-10-01T10:45:07.816662+00:00,,,,,,,,,,,,,,,,,,,,,,,,,,,,
https://static.luton.gov.uk/Environment/Lists/LutonDocuments/PDF/TPO/TPO_E107182%20227%20Ashcroft%20Road%202004_Order.PDF,TPO_E107182%20227%20Ashcroft%20Road%202004_Order.PDF,luton.gov.uk,,521385,509.2 KB,pending,2026-10-01T10:45:07.820689+00:00,,,,,,,,,,,,,,,,,,,,,,,,,,,,
https://static.luton.gov.uk/Environment/Lists/LutonDocuments/PDF/TPO/TPO_E107183%2044%20Blakeney%20Drive%202004_Order.PDF,TPO_E107183%2044%20Blakeney%20Drive%202004_Order.PDF,luton.gov.uk,,527940,515.6 KB,pending,2026-10-01T10:45:07.828171+00:00,,,,,,,,,,,,,,,,,,,,,,,,,,,,
https://static.luton.gov.uk/Environment/Lists/LutonDocuments/PDF/TPO/TPO_E107183%2044%20Blakeney%20Drive%202004_Plan.PDF,TPO_E107183%2044%20Blakeney%20Drive%202004_Plan.PDF,luton.gov.uk,,369637,361.0 KB,pending,2026-10-01T10:45:07.835541+00:00,,,,,,,,,,,,,,,,,,,,,,,,,,,,
https://static.luton.gov.uk/Environment/Lists/LutonDocuments/PDF/TPO/TPO_E107184%20Eighth%20Avenue%202005_Plan.PDF,TPO_E107184%20Eighth%20Avenue%202005_Plan.PDF,luton.gov.uk,,109606,107.0 KB,pending,2026-10-01T10:45:07.840841+00:00,,,,,,,,,,,,,,,,,,,,,,,,,,,,
https://static.luton.gov.uk/Environment/Lists/LutonDocuments/PDF/TPO/TPO_E107186%20Montrose%20Avenue%202005_Plan.PDF,TPO_E107186%20Montrose%20Avenue%202005_Plan.PDF,luton.gov.uk,,27064,26.4 KB,pending,2026-10-01T10:45:07.845275+00:00,,,,,,,,,,,,,,,,,,,,,,,,,,,,
https://static.luton.gov.uk/Environment/Lists/LutonDocuments/PDF/TPO/TPO_E107187%20St%20Martins%20Allotments%20Birchen%20Grove%202005_Order.PDF,TPO_E107187%20St%20Martins%20Allotments%20Birchen%20Grove%202005_Order.PDF,luton.gov.uk,,501926,490.2 KB,pending,2026-10-01T10:45:07.850625+00:00,,,,,,,,,,,,,,,,,,,,,,,,,,,,
https://static.luton.gov.uk/Environment/Lists/LutonDocuments/PDF/TPO/TPO_E107188%2098-100%20Montrose%20Avenue%202005_Photo.PDF,TPO_E107188%2098-100%20Montrose%20Avenue%202005_Photo.PDF,luton.gov.uk,,1407240,1.3 MB,pending,2026-10-01T10:45:07.858058+00:00,,,,,,,,,,,,,,,,,,,,,,,,,,,,
https://static.luton.gov.uk/Environment/Lists/LutonDocuments/PDF/TPO/TPO_E107188%2098-100%20Montrose%20Avenue%202005_Plan.PDF,TPO_E107188%2098-100%20Montrose%20Avenue%202005_Plan.PDF,luton.gov.uk,,222670,217.5 KB,pending,2026-10-01T10:45:07.862133+00:00,,,,,,,,,,,,,,,,,,,,,,,,,,,,
https://static.luton.gov.uk/Environment/Lists/LutonDocuments/PDF/TPO/TPO_E107191%201%20Bishopscote%20Road%20%202006_Plan.PDF,TPO_E107191%201%20Bishopscote%20Road%20%202006_Plan.PDF,luton.gov.uk,,562795,549.6 KB,pending,2026-10-01T10:45:07.866495+00:00,,,,,,,,,,,,,,,,,,,,,,,,,,,,
https://static.luton.gov.uk/Environment/Lists/LutonDocuments/PDF/TPO/TPO_E107192%20Butely%20Road%202006_Order.PDF,TPO_E107192%20Butely%20Road%202006_Order.PDF,luton.gov.uk,,570579,557.2 KB,pending,2026-10-01T10:45:07.870722+00:00,,,,,,,,,,,,,,,,,,,,,,,,,,,,
https://static.luton.gov.uk/Environment/Lists/LutonDocuments/PDF/TPO/TPO_E107192%20Butely%20Road%202006_Plan.PDF,TPO_E107192%20Butely%20Road%202006_Plan.PDF,luton.gov.uk,,739838,722.5 KB,pending,2026-10-01T10:45:07.875427+00:00,,,,,,,,,,,,,,,,,,,,,,,,,,,,
https://static.luton.gov.uk/Environment/Lists/LutonDocuments/PDF/TPO/TPO_E107193%20Markfield%20Close%202006_Order.PDF,TPO_E107193%20Markfield%20Close%202006_Order.PDF,luton.gov.uk,,251931,246.0 KB,pending,2026-10-01T10:45:07.878910+00:00,,,,,,,,,,,,,,,,,,,,,,,,,,,,
https://static.luton.gov.uk/Environment/Lists/LutonDocuments/PDF/TPO/TPO_E107193%20Markfield%20Close%202006_Plan.PDF,TPO_E107193%20Markfield%20Close%202006_Plan.PDF,luton.gov.uk,,353274,345.0 KB,pending,2026-10-01T10:45:07.882510+00:00,,,,,,,,,,,,,,,,,,,,,,,,,,,,
https://static.luton.gov.uk/Environment/Lists/LutonDocuments/PDF/TPO/TPO_E107194%20Cannon%20Lane%202007_Order&Plan.pdf,TPO_E107194%20Cannon%20Lane%202007_Order&Plan.pdf,luton.gov.uk,,4347129,4.1 MB,pending,2026-10-01T10:45:07.896337+00:00,,,,,,,,,,,,,,,,,,,,,,,,,,,,
https://static.luton.gov.uk/Environment/Lists/LutonDocuments/PDF/TPO/TPO_E107197%20103%20Ashcroft%20Road%202008_Order.PDF,TPO_E107197%20103%20Ashcroft%20Road%202008_Order.PDF,luton.gov.uk,,36167,35.3 KB,pending,2026-10-01T10:45:07.900504+00:00,,,,,,,,,,,,,,,,,,,,,,,,,,,,
https://static.luton.gov.uk/Environment/Lists/LutonDocuments/PDF/TPO/TPO_E107197%20103%20Ashcroft%20Road%202008_Plan.PDF,TPO_E107197%20103%20Ashcroft%20Road%202008_Plan.PDF,luton.gov.uk,,970667,947.9 KB,pending,2026-10-01T10:45:07.906347+00:00,,,,,,,,,,,,,,,,,,,,,,,,,,,,
https://static.luton.gov.uk/Environment/Lists/LutonDocuments/PDF/TPO/TPO_E107197%20103%20Ashcroft%20Road%202008_Plan2.PDF,TPO_E107197%20103%20Ashcroft%20Road%202008_Plan2.PDF,luton.gov.uk,,370009,361.3 KB,pending,2026-10-01T10:45:07.910249+00:00,,,,,,,,,,,,,,,,,,,,,,,,,,,,
https://static.luton.gov.uk/Environment/Lists/LutonDocuments/PDF/TPO/TPO_E107200%20Oakley%20Road%202009_Order.PDF,TPO_E107200%20Oakley%20Road%202009_Order.PDF,luton.gov.uk,,555323,542.3 KB,pending,2026-10-01T10:45:07.914328+00:00,,,,,,,,,,,,,,,,,,,,,,,,,,,,
https://static.luton.gov.uk/Environment/Lists/LutonDocuments/PDF/TPO/TPO_E107200%20Oakley%20Road%202009_Plan.PDF,TPO_E107200%20Oakley%20Road%202009_Plan.PDF,luton.gov.uk,,1501845,1.4 MB,pending,2026-10-01T10:45:07.920874+00:00,,,,,,,,,,,,,,,,,,,,,,,,,,,,
https://static.luton.gov.uk/Environment/Lists/LutonDocuments/PDF/TPO/TPO_E107200%20Oakley%20Road%202009_Plan2.PDF,TPO_E107200%20Oakley%20Road%202009_Plan2.PDF,luton.gov.uk,,1439626,1.4 MB,pending,2026-10-01T10:45:07.927631+00:00,,,,,,,,,,,,,,,,,,,,,,,,,,,,
https://static.luton.gov.uk/Environment/Lists/LutonDocuments/PDF/TPO/TPO_E107202%20Old%20Bedford%20Road%20%202008_Order.PDF,TPO_E107202%20Old%20Bedford%20Road%20%202008_Order.PDF,luton.gov.uk,,633126,618.3 KB,pending,2026-10-01T10:45:07.932362+00:00,,,,,,,,,,,,,,,,,,,,,,,,,,,,
https://static.luton.gov.uk/Environment/Lists/LutonDocuments/PDF/TPO/TPO_E107204%20Startpoint%202015%20Order.pdf,TPO_E107204%20Startpoint%202015%20Order.pdf,luton.gov.uk,,1423603,1.4 MB,pending,2026-10-01T10:45:07.938990+00:00,,,,,,,,,,,,,,,,,,,,,,,,,,,,
https://static.luton.gov.uk/Environment/Lists/LutonDocuments/PDF/TPO/TPO_E107204%20Startpoint%202015%20Plan%2001.pdf,TPO_E107204%20Startpoint%202015%20Plan%2001.pdf,luton.gov.uk,,117046,114.3 KB,pending,2026-10-01T10:45:07.942622+00:00,,,,,,,,,,,,,,,,,,,,,,,,,,,,
https://static.luton.gov.uk/Environment/Lists/LutonDocuments/PDF/TPO/TPO_E107204%20Startpoint%202015%20Plan%2002.pdf,TPO_E107204%20Startpoint%202015%20Plan%2002.pdf,luton.gov.uk,,190791,186.3 KB,pending,2026-10-01T10:45:07.946045+00:00,,,,,,,,,,,,,,,,,,,,,,,,,,,,
https://www.luton.gov.uk/sites/default/files/2026-01/The%20British%20Horse%20Society%20Register%20of%20Definitive%20Map%20Modification%20Order%20Application.pdf,The%20British%20Horse%20Society%20Register%20of%20Definitive%20Map%20Modification%20Order%20Application.pdf,luton.gov.uk,,496729,485.1 KB,pending,2026-10-01T10:45:07.950136+00:00,,,,,,,,,,,,,,,,,,,,,,,,,,,,
https://www.luton.gov.uk/sites/default/files/2026-01/The%20British%20Horse%20Society%20application%20for%20modification%20to%20definitive%20map%20and%20statement.pdf,The%20British%20Horse%20Society%20application%20for%20modification%20to%20definitive%20map%20and%20statement.pdf,luton.gov.uk,,2160323,2.1 MB,pending,2026-10-01T10:45:07.958526+00:00,,,,,,,,,,,,,,,,,,,,,,,,,,,,
https://www.luton.gov.uk/sites/default/files/2025-11/The%20Council%20Tax%20Reduction%20Scheme%20Rules%202021%20%28pensioners%29.pdf,The%20Council%20Tax%20Reduction%20Scheme%20Rules%202021%20%28pensioners%29.pdf,luton.gov.uk,,1808386,1.7 MB,pending,2026-10-01T10:45:07.968536+00:00,,,,,,,,,,,,,,,,,,,,,,,,,,,,
https://www.luton.gov.uk/sites/default/files/2025-11/The%20Council%20Tax%20Reduction%20Scheme%20Rules%202021%20%28working%20age%20applicants%29.pdf,The%20Council%20Tax%20Reduction%20Scheme%20Rules%202021%20%28working%20age%20applicants%29.pdf,luton.gov.uk,,1987260,1.9 MB,pending,2026-10-01T10:45:07.978199+00:00,,,,,,,,,,,,,,,,,,,,,,,,,,,,
https://www.luton.gov.uk/sites/default/files/migrated/Environment/Lists/LutonDocuments/PDF/Planning/Development%20Control/Town-centre-conservation-area.pdf,Town-centre-conservation-area.pdf,luton.gov.uk,,1176706,1.1 MB,pending,2026-10-01T10:45:07.985508+00:00,,,,,,,,,,,,,,,,,,,,,,,,,,,,
https://www.luton.gov.uk/sites/default/files/2025-11/Valuation%20of%20interest%20in%20property%20or%20land.pdf,Valuation%20of%20interest%20in%20property%20or%20land.pdf,luton.gov.uk,,313069,305.7 KB,pending,2026-10-01T10:45:07.990107+00:00,,,,,,,,,,,,,,,,,,,,,,,,,,,,
https://www.luton.gov.uk/system/files/file-visibility/migrated/Council_government_and_democracy/Lists/LutonDocuments/PDF/Voting%20and%20elections/Election-2023/Vauxhall-count.pdf,Vauxhall-count.pdf,luton.gov.uk,,82489,80.6 KB,pending,2026-10-01T10:45:07.993437+00:00,,,,,,,,,,,,,,,,,,,,,,,,,,,,
https://www.luton.gov.uk/system/files/file-visibility/migrated/Council_government_and_democracy/Lists/LutonDocuments/PDF/Voting%20and%20elections/Election-2023/Wigmore-count.pdf,Wigmore-count.pdf,luton.gov.uk,,82166,80.2 KB,pending,2026-10-01T10:45:07.996307+00:00,,,,,,,,,,,,,,,,,,,,,,,,,,,,
https://www.luton.gov.uk/sites/default/files/2025-11/Your-benefit-award-explained.pdf,Your-benefit-award-explained.pdf,luton.gov.uk,,991757,968.5 KB,pending,2026-10-01T10:45:08.001422+00:00,,,,,,,,,,,,,,,,,,,,,,,,,,,,
https://www.luton.gov.uk/sites/default/files/migrated/Environment/Lists/LutonDocuments/PDF/Planning/Planning%20Aplications/administration-fees-for-invalid-applications.pdf,administration-fees-for-invalid-applications.pdf,luton.gov.uk,,125818,122.9 KB,pending,2026-10-01T10:45:08.004528+00:00,,,,,,,,,,,,,,,,,,,,,,,,,,,,
https://www.luton.gov.uk/sites/default/files/2025-12/agenda-december-2024.pdf,agenda-december-2024.pdf,luton.gov.uk,,128809,125.8 KB,pending,2026-10-01T10:45:08.007462+00:00,,,,,,,,,,,,,,,,,,,,,,,,,,,,
https://www.luton.gov.uk/sites/default/files/2025-12/agenda-june-2025.pdf,agenda-june-2025.pdf,luton.gov.uk,,163992,160.1 KB,pending,2026-10-01T10:45:08.010336+00:00,,,,,,,,,,,,,,,,,,,,,,,,,,,,
https://www.luton.gov.uk/sites/default/files/2025-12/agenda-march-2025.pdf,agenda-march-2025.pdf,luton.gov.uk,,186942,182.6 KB,pending,2026-10-01T10:45:08.013255+00:00,,,,,,,,,,,,,,,,,,,,,,,,,,,,
https://www.luton.gov.uk/sites/default/files/migrated/Council_government_and_democracy/Lists/LutonDocuments/PDF/Overview%20and%20scrutiny/annual-Overview%20and%20scrutiny%20annual%20report%202001-02.pdf,annual-Overview%20and%20scrutiny%20annual%20report%202001-02.pdf,luton.gov.uk,,103955,101.5 KB,pending,2026-10-01T10:45:08.015936+00:00,,,,,,,,,,,,,,,,,,,,,,,,,,,,
https://www.luton.gov.uk/sites/default/files/migrated/Council_government_and_democracy/Lists/LutonDocuments/PDF/Overview%20and%20scrutiny/annual-Overview%20and%20scrutiny%20annual%20report%202002-03.pdf,annual-Overview%20and%20scrutiny%20annual%20report%202002-03.pdf,luton.gov.uk,,26783,26.2 KB,pending,2026-10-01T10:45:08.018336+00:00,,,,,,,,,,,,,,,,,,,,,,,,,,,,
https://www.luton.gov.uk/sites/default/files/migrated/Council_government_and_democracy/Lists/LutonDocuments/PDF/Overview%20and%20scrutiny/annual-Overview%20and%20scrutiny%20annual%20report%202003-04.pdf,annual-Overview%20and%20scrutiny%20annual%20report%202003-04.pdf,luton.gov.uk,,28798,28.1 KB,pending,2026-10-01T10:45:08.020794+00:00,,,,,,,,,,,,,,,,,,,,,,,,,,,,
https://www.luton.gov.uk/sites/default/files/migrated/Council_government_and_democracy/Lists/LutonDocuments/PDF/Overview%20and%20scrutiny/annual-Overview%20and%20scrutiny%20annual%20report%202004-05.pdf,annual-Overview%20and%20scrutiny%20annual%20report%202004-05.pdf,luton.gov.uk,,2599212,2.5 MB,pending,2026-10-01T10:45:08.029816+00:00,,,,,,,,,,,,,,,,,,,,,,,,,,,,
https://www.luton.gov.uk/sites/default/files/migrated/Council_government_and_democracy/Lists/LutonDocuments/PDF/Overview%20and%20scrutiny/annual-Overview%20and%20scrutiny%20annual%20report%202005-06.pdf,annual-Overview%20and%20scrutiny%20annual%20report%202005-06.pdf,luton.gov.uk,,886822,866.0 KB,pending,2026-10-01T10:45:08.035337+00:00,,,,,,,,,,,,,,,,,,,,,,,,,,,,
https://www.luton.gov.uk/sites/default/files/migrated/Council_government_and_democracy/Lists/LutonDocuments/PDF/Overview%20and%20scrutiny/annual-Overview%20and%20scrutiny%20annual%20report%202006-07.pdf,annual-Overview%20and%20scrutiny%20annual%20report%202006-07.pdf,luton.gov.uk,,882962,862.3 KB,pending,2026-10-01T10:45:08.040692+00:00,,,,,,,,,,,,,,,,,,,,,,,,,,,,
https://www.luton.gov.uk/sites/default/files/migrated/Council_government_and_democracy/Lists/LutonDocuments/PDF/Overview%20and%20scrutiny/annual-Overview%20and%20scrutiny%20annual%20report%202007-08.pdf,annual-Overview%20and%20scrutiny%20annual%20report%202007-08.pdf,luton.gov.uk,,1201842,1.1 MB,pending,2026-10-01T10:45:08.046729+00:00,,,,,,,,,,,,,,,,,,,,,,,,,,,,
https://www.luton.gov.uk/sites/default/files/migrated/Council_government_and_democracy/Lists/LutonDocuments/PDF/Overview%20and%20scrutiny/annual-Overview%20and%20scrutiny%20annual%20report%202008-09.pdf,annual-Overview%20and%20scrutiny%20annual%20report%202008-09.pdf,luton.gov.uk,,656145,640.8 KB,pending,2026-10-01T10:45:08.051543+00:00,,,,,,,,,,,,,,,,,,,,,,,,,,,,
https://www.luton.gov.uk/sites/default/files/migrated/Council_government_and_democracy/Lists/LutonDocuments/PDF/Overview%20and%20scrutiny/annual-Overview%20and%20scrutiny%20annual%20report%202009-10.pdf,annual-Overview%20and%20scrutiny%20annual%20report%202009-10.pdf,luton.gov.uk,,40512,39.6 KB,pending,2026-10-01T10:45:08.054637+00:00,,,,,,,,,,,,,,,,,,,,,,,,,,,,
https://www.luton.gov.uk/sites/default/files/migrated/Council_government_and_democracy/Lists/LutonDocuments/PDF/Overview%20and%20scrutiny/annual-Overview%20and%20scrutiny%20annual%20report%202010-11.pdf,annual-Overview%20and%20scrutiny%20annual%20report%202010-11.pdf,luton.gov.uk,,60802,59.4 KB,pending,2026-10-01T10:45:08.057391+00:00,,,,,,,,,,,,,,,,,,,,,,,,,,,,
https://www.luton.gov.uk/sites/default/files/migrated/Council_government_and_democracy/Lists/LutonDocuments/PDF/Overview%20and%20scrutiny/annual-Overview%20and%20scrutiny%20annual%20report%202011-12.pdf,annual-Overview%20and%20scrutiny%20annual%20report%202011-12.pdf,luton.gov.uk,,132887,129.8 KB,pending,2026-10-01T10:45:08.060135+00:00,,,,,,,,,,,,,,,,,,,,,,,,,,,,
https://www.luton.gov.uk/sites/default/files/migrated/Council_government_and_democracy/Lists/LutonDocuments/PDF/Overview%20and%20scrutiny/annual-Overview%20and%20scrutiny%20annual%20report%202012-13.pdf,annual-Overview%20and%20scrutiny%20annual%20report%202012-13.pdf,luton.gov.uk,,187960,183.6 KB,pending,2026-10-01T10:45:08.062998+00:00,,,,,,,,,,,,,,,,,,,,,,,,,,,,
https://www.luton.gov.uk/sites/default/files/migrated/Council_government_and_democracy/Lists/LutonDocuments/PDF/Overview%20and%20scrutiny/annual-Overview%20and%20scrutiny%20annual%20report%202013-14.pdf,annual-Overview%20and%20scrutiny%20annual%20report%202013-14.pdf,luton.gov.uk,,76537,74.7 KB,pending,2026-10-01T10:45:08.065573+00:00,,,,,,,,,,,,,,,,,,,,,,,,,,,,
https://www.luton.gov.uk/sites/default/files/migrated/Council_government_and_democracy/Lists/LutonDocuments/PDF/Overview%20and%20scrutiny/annual-Overview%20and%20scrutiny%20annual%20report%202014-15.pdf,annual-Overview%20and%20scrutiny%20annual%20report%202014-15.pdf,luton.gov.uk,,66838,65.3 KB,pending,2026-10-01T10:45:08.068108+00:00,,,,,,,,,,,,,,,,,,,,,,,,,,,,
https://www.luton.gov.uk/sites/default/files/migrated/Council_government_and_democracy/Lists/LutonDocuments/PDF/Overview%20and%20scrutiny/annual-Overview%20and%20scrutiny%20annual%20report%202015-16.pdf,annual-Overview%20and%20scrutiny%20annual%20report%202015-16.pdf,luton.gov.uk,,61886,60.4 KB,pending,2026-10-01T10:45:08.070756+00:00,,,,,,,,,,,,,,,,,,,,,,,,,,,,
https://www.luton.gov.uk/sites/default/files/migrated/Council_government_and_democracy/Lists/LutonDocuments/PDF/Overview%20and%20scrutiny/annual-Overview%20and%20scrutiny%20annual%20report%202016-17.pdf,annual-Overview%20and%20scrutiny%20annual%20report%202016-17.pdf,luton.gov.uk,,874747,854.2 KB,pending,2026-10-01T10:45:08.075640+00:00,,,,,,,,,,,,,,,,,,,,,,,,,,,,
https://www.luton.gov.uk/sites/default/files/2026-02/annual-corporate-complaints-report-2023-24.pdf,annual-corporate-complaints-report-2023-24.pdf,luton.gov.uk,,172836,168.8 KB,pending,2026-10-01T10:45:08.078986+00:00,,,,,,,,,,,,,,,,,,,,,,,,,,,,
https://www.luton.gov.uk/sites/default/files/2026-02/anonymisation-and-pseudonymisation-policy.pdf,anonymisation-and-pseudonymisation-policy.pdf,luton.gov.uk,,242382,236.7 KB,pending,2026-10-01T10:45:08.082276+00:00,,,,,,,,,,,,,,,,,,,,,,,,,,,,
https://www.luton.gov.uk/sites/default/files/2026-08/appendix-1-funding-faqs_0.pdf,appendix-1-funding-faqs_0.pdf,luton.gov.uk,,133220,130.1 KB,pending,2026-10-01T10:45:08.085146+00:00,,,,,,,,,,,,,,,,,,,,,,,,,,,,
https://www.luton.gov.uk/sites/default/files/2026-02/application-form-for-hedgerow-removal-notice.pdf,application-form-for-hedgerow-removal-notice.pdf,luton.gov.uk,,1399788,1.3 MB,pending,2026-10-01T10:45:08.091251+00:00,,,,,,,,,,,,,,,,,,,,,,,,,,,,
https://www.luton.gov.uk/sites/default/files/2026-02/application-form-for-tree-works.pdf,application-form-for-tree-works.pdf,luton.gov.uk,,365198,356.6 KB,pending,2026-10-01T10:45:08.095079+00:00,,,,,,,,,,,,,,,,,,,,,,,,,,,,
https://www.luton.gov.uk/sites/default/files/2026-01/barnfield.pdf,barnfield.pdf,luton.gov.uk,,623049,608.4 KB,pending,2026-10-01T10:45:08.100711+00:00,,,,,,,,,,,,,,,,,,,,,,,,,,,,
https://www.luton.gov.uk/sites/default/files/2026-01/beech-hill.pdf,beech-hill.pdf,luton.gov.uk,,547844,535.0 KB,pending,2026-10-01T10:45:08.106528+00:00,,,,,,,,,,,,,,,,,,,,,,,,,,,,
https://www.luton.gov.uk/sites/default/files/2026-02/bid-ballot-2024.pdf,bid-ballot-2024.pdf,luton.gov.uk,,51785,50.6 KB,pending,2026-10-01T10:45:08.110103+00:00,,,,,,,,,,,,,,,,,,,,,,,,,,,,
https://www.luton.gov.uk/sites/default/files/2026-05/biodiversity-net-gain-planning-applications-requirements-2025.pdf,biodiversity-net-gain-planning-applications-requirements-2025.pdf,luton.gov.uk,,210515,205.6 KB,pending,2026-10-01T10:45:08.113458+00:00,,,,,,,,,,,,,,,,,,,,,,,,,,,,
https://www.luton.gov.uk/sites/default/files/2026-07/birch-link-dunstable-road-open-space-notice-july-2026.pdf,birch-link-dunstable-road-open-space-notice-july-2026.pdf,luton.gov.uk,,276403,269.9 KB,pending,2026-10-01T10:45:08.116771+00:00,,,,,,,,,,,,,,,,,,,,,,,,,,,,
https://www.luton.gov.uk/sites/default/files/2026-01/biscot.pdf,biscot.pdf,luton.gov.uk,,1021187,997.3 KB,pending,2026-10-01T10:45:08.122071+00:00,,,,,,,,,,,,,,,,,,,,,,,,,,,,
https://www.luton.gov.uk/sites/default/files/2026-01/bramingham.pdf,bramingham.pdf,luton.gov.uk,,704081,687.6 KB,pending,2026-10-01T10:45:08.126690+00:00,,,,,,,,,,,,,,,,,,,,,,,,,,,,
https://www.luton.gov.uk/sites/default/files/2026-07/brantwood-park-management-plan-2020-30.pdf,brantwood-park-management-plan-2020-30.pdf,luton.gov.uk,,6574291,6.3 MB,pending,2026-10-01T10:45:08.146404+00:00,,,,,,,,,,,,,,,,,,,,,,,,,,,,
https://www.luton.gov.uk/sites/default/files/migrated/Health_and_social_care/Lists/LutonDocuments/PDF/care-leavers-charter.pdf,care-leavers-charter.pdf,luton.gov.uk,,391052,381.9 KB,pending,2026-10-01T10:45:08.151608+00:00,,,,,,,,,,,,,,,,,,,,,,,,,,,,
https://www.luton.gov.uk/system/files/file-visibility/2026-02/care-leavers-local-offer.pdf,care-leavers-local-offer-0.pdf,luton.gov.uk,,268344,262.1 KB,pending,2026-10-01T10:45:08.155839+00:00,,,,,,,,,,,,,,,,,,,,,,,,,,,,
https://www.luton.gov.uk/system/files/file-visibility/migrated/Health_and_social_care/Lists/LutonDocuments/PDF/care-leavers-local-offer.pdf,care-leavers-local-offer.pdf,luton.gov.uk,,268344,262.1 KB,pending,2026-10-01T10:45:08.159475+00:00,,,,,,,,,,,,,,,,,,,,,,,,,,,,
https://www.luton.gov.uk/sites/default/files/2026-01/central.pdf,central.pdf,luton.gov.uk,,480017,468.8 KB,pending,2026-10-01T10:45:08.163365+00:00,,,,,,,,,,,,,,,,,,,,,,,,,,,,
https://www.luton.gov.uk/system/files/file-visibility/migrated/Council_government_and_democracy/Lists/LutonDocuments/PDF/Voting%20and%20elections/local-by-election-september-2024/certificate-of-result-barnfield-by-election-2024.pdf,certificate-of-result-barnfield-by-election-2024.pdf,luton.gov.uk,,80172,78.3 KB,pending,2026-10-01T10:45:08.166118+00:00,,,,,,,,,,,,,,,,,,,,,,,,,,,,
https://www.luton.gov.uk/system/files/file-visibility/migrated/Council_government_and_democracy/Lists/LutonDocuments/PDF/Voting%20and%20elections/certificate-of-result-dallow-ward-by-election-2022.pdf,certificate-of-result-dallow-ward-by-election-2022.pdf,luton.gov.uk,,123920,121.0 KB,pending,2026-10-01T10:45:08.168816+00:00,,,,,,,,,,,,,,,,,,,,,,,,,,,,
https://www.luton.gov.uk/system/files/file-visibility/migrated/Council_government_and_democracy/Lists/LutonDocuments/PDF/Voting%20and%20elections/election-july-2024/certificate-of-result-luton-north.pdf,certificate-of-result-luton-north.pdf,luton.gov.uk,,81285,79.4 KB,pending,2026-10-01T10:45:08.171485+00:00,,,,,,,,,,,,,,,,,,,,,,,,,,,,
https://www.luton.gov.uk/system/files/file-visibility/migrated/Council_government_and_democracy/Lists/LutonDocuments/PDF/Voting%20and%20elections/election-july-2024/certificate-of-result-luton-south-and-south-beds.pdf,certificate-of-result-luton-south-and-south-beds.pdf,luton.gov.uk,,13276,13.0 KB,pending,2026-10-01T10:45:08.173949+00:00,,,,,,,,,,,,,,,,,,,,,,,,,,,,
https://www.luton.gov.uk/system/files/file-visibility/migrated/Council_government_and_democracy/Lists/LutonDocuments/PDF/Voting%20and%20elections/certificate-of-result-south-ward-by-election-2021.pdf,certificate-of-result-south-ward-by-election-2021.pdf,luton.gov.uk,,178352,174.2 KB,pending,2026-10-01T10:45:08.176851+00:00,,,,,,,,,,,,,,,,,,,,,,,,,,,,
https://www.luton.gov.uk/sites/default/files/migrated/Council_government_and_democracy/Lists/LutonDocuments/PDF/Voting%20and%20elections/stopsley-byelection-2025/certificate-of-result-stopsley-by-election-2025.pdf,certificate-of-result-stopsley-by-election-2025.pdf,luton.gov.uk,,90776,88.6 KB,pending,2026-10-01T10:45:08.179493+00:00,,,,,,,,,,,,,,,,,,,,,,,,,,,,
https://www.luton.gov.uk/sites/default/files/2026-04/certificate-of-result-wigmore-2026.pdf,certificate-of-result-wigmore-2026.pdf,luton.gov.uk,,19998,19.5 KB,pending,2026-10-01T10:45:08.181928+00:00,,,,,,,,,,,,,,,,,,,,,,,,,,,,
https://www.luton.gov.uk/system/files/file-visibility/migrated/Council_government_and_democracy/Lists/LutonDocuments/PDF/Voting%20and%20elections/local-by-election-september-2024/certificate-of-result-wigmore-by-election-2024.pdf,certificate-of-result-wigmore-by-election-2024.pdf,luton.gov.uk,,79187,77.3 KB,pending,2026-10-01T10:45:08.184465+00:00,,,,,,,,,,,,,,,,,,,,,,,,,,,,
https://www.luton.gov.uk/sites/default/files/2026-01/challney.pdf,challney.pdf,luton.gov.uk,,483182,471.9 KB,pending,2026-10-01T10:45:08.188057+00:00,,,,,,,,,,,,,,,,,,,,,,,,,,,,
https://www.luton.gov.uk/sites/default/files/migrated/Health_and_social_care/Lists/LutonDocuments/PDF/Children%20and%20Families/childcare-sufficiency-assessment-2022.pdf,childcare-sufficiency-assessment-2022.pdf,luton.gov.uk,,1481790,1.4 MB,pending,2026-10-01T10:45:08.194404+00:00,,,,,,,,,,,,,,,,,,,,,,,,,,,,
https://www.luton.gov.uk/sites/default/files/migrated/Health_and_social_care/Lists/LutonDocuments/PDF/Children%20and%20Families/childcare-sufficiency-assessment-2023.pdf,childcare-sufficiency-assessment-2023.pdf,luton.gov.uk,,735683,718.4 KB,pending,2026-10-01T10:45:08.199217+00:00,,,,,,,,,,,,,,,,,,,,,,,,,,,,
https://www.luton.gov.uk/sites/default/files/migrated/Health_and_social_care/Lists/LutonDocuments/PDF/Children%20and%20Families/childcare-sufficiency-assessment-2024.pdf,childcare-sufficiency-assessment-2024.pdf,luton.gov.uk,,361466,353.0 KB,pending,2026-10-01T10:45:08.202967+00:00,,,,,,,,,,,,,,,,,,,,,,,,,,,,
https://www.luton.gov.uk/sites/default/files/migrated/Health_and_social_care/Lists/LutonDocuments/PDF/Children%20and%20Families/childcare-sufficiency-assessment-2025.pdf,childcare-sufficiency-assessment-2025.pdf,luton.gov.uk,,467136,456.2 KB,pending,2026-10-01T10:45:08.206773+00:00,,,,,,,,,,,,,,,,,,,,,,,,,,,,
https://www.luton.gov.uk/sites/default/files/2026-06/climate-change-team-overview.pdf,climate-change-team-overview.pdf,luton.gov.uk,,4405276,4.2 MB,pending,2026-10-01T10:45:08.220784+00:00,,,,,,,,,,,,,,,,,,,,,,,,,,,,
https://www.luton.gov.uk/sites/default/files/2026-07/common-land-notice-bells-close-10-July-2026.pdf,common-land-notice-bells-close-10-July-2026.pdf,luton.gov.uk,,99464,97.1 KB,pending,2026-10-01T10:45:08.225038+00:00,,,,,,,,,,,,,,,,,,,,,,,,,,,,
https://www.luton.gov.uk/sites/default/files/2026-07/common-land-notice-the-moor-10-July-2026.pdf,common-land-notice-the-moor-10-July-2026.pdf,luton.gov.uk,,105570,103.1 KB,pending,2026-10-01T10:45:08.228548+00:00,,,,,,,,,,,,,,,,,,,,,,,,,,,,
https://www.luton.gov.uk/system/files/file-visibility/migrated/Education_and_learning/Lists/LutonDocuments/PDF/Admissions/community-schools-admission-arrangements-2025.pdf,community-schools-admission-arrangements-2025.pdf,luton.gov.uk,,196920,192.3 KB,pending,2026-10-01T10:45:08.231876+00:00,,,,,,,,,,,,,,,,,,,,,,,,,,,,
https://www.luton.gov.uk/system/files/file-visibility/migrated/Education_and_learning/Lists/LutonDocuments/PDF/Admissions/community-schools-admission-arrangements-2026.pdf,community-schools-admission-arrangements-2026.pdf,luton.gov.uk,,189085,184.7 KB,pending,2026-10-01T10:45:08.234988+00:00,,,,,,,,,,,,,,,,,,,,,,,,,,,,
https://www.luton.gov.uk/sites/default/files/2026-01/complaints-procedure.pdf,complaints-procedure.pdf,luton.gov.uk,,197776,193.1 KB,pending,2026-10-01T10:45:08.238669+00:00,,,,,,,,,,,,,,,,,,,,,,,,,,,,
https://www.luton.gov.uk/sites/default/files/2026-01/complaints-procedure_0.pdf,complaints-procedure_0.pdf,luton.gov.uk,,197776,193.1 KB,pending,2026-10-01T10:45:08.243649+00:00,,,,,,,,,,,,,,,,,,,,,,,,,,,,
https://www.luton.gov.uk/sites/default/files/2026-07/crisis-and-resilience-fund-application-guidance.pdf,crisis-and-resilience-fund-application-guidance.pdf,luton.gov.uk,,146790,143.3 KB,pending,2026-10-01T10:45:08.247562+00:00,,,,,,,,,,,,,,,,,,,,,,,,,,,,
https://www.luton.gov.uk/sites/default/files/2026-01/dallow.pdf,dallow.pdf,luton.gov.uk,,466619,455.7 KB,pending,2026-10-01T10:45:08.251709+00:00,,,,,,,,,,,,,,,,,,,,,,,,,,,,
https://www.luton.gov.uk/sites/default/files/2026-06/definitive-map-project-update-june-2026.pdf,definitive-map-project-update-june-2026.pdf,luton.gov.uk,,214919,209.9 KB,pending,2026-10-01T10:45:08.255034+00:00,,,,,,,,,,,,,,,,,,,,,,,,,,,,
https://www.luton.gov.uk/sites/default/files/migrated/Education_and_learning/Lists/LutonDocuments/PDF/diverse-curriculum-materials-september-2025.pdf,diverse-curriculum-materials-september-2025.pdf,luton.gov.uk,,229073,223.7 KB,pending,2026-10-01T10:45:08.258079+00:00,,,,,,,,,,,,,,,,,,,,,,,,,,,,
https://www.luton.gov.uk/sites/default/files/2025-12/draft-annual-report-2025.pdf,draft-annual-report-2025.pdf,luton.gov.uk,,299299,292.3 KB,pending,2026-10-01T10:45:08.261178+00:00,,,,,,,,,,,,,,,,,,,,,,,,,,,,
https://www.luton.gov.uk/sites/default/files/2025-12/draft-equality-impact-assessment.pdf,draft-equality-impact-assessment.pdf,luton.gov.uk,,1722965,1.6 MB,pending,2026-10-01T10:45:08.267839+00:00,,,,,,,,,,,,,,,,,,,,,,,,,,,,
https://www.luton.gov.uk/sites/default/files/2025-12/draft-health-impact-assessment.pdf,draft-health-impact-assessment.pdf,luton.gov.uk,,2242292,2.1 MB,pending,2026-10-01T10:45:08.276264+00:00,,,,,,,,,,,,,,,,,,,,,,,,,,,,
https://www.luton.gov.uk/sites/default/files/2025-12/draft-integrated-impact-assessment.pdf,draft-integrated-impact-assessment.pdf,luton.gov.uk,,2451322,2.3 MB,pending,2026-10-01T10:45:08.285650+00:00,,,,,,,,,,,,,,,,,,,,,,,,,,,,
https://www.luton.gov.uk/sites/default/files/2026-03/enforcement-charter.pdf,enforcement-charter.pdf,luton.gov.uk,,300594,293.5 KB,pending,2026-10-01T10:45:08.289781+00:00,,,,,,,,,,,,,,,,,,,,,,,,,,,,
https://www.luton.gov.uk/sites/default/files/2025-12/ev-chargepoint-strategy.pdf,ev-chargepoint-strategy.pdf,luton.gov.uk,,1470777,1.4 MB,pending,2026-10-01T10:45:08.296610+00:00,,,,,,,,,,,,,,,,,,,,,,,,,,,,
https://www.luton.gov.uk/system/files/file-visibility/migrated/Council_government_and_democracy/Lists/LutonDocuments/PDF/Voting%20and%20elections/Election-2023/farley-uncontested.pdf,farley-uncontested.pdf,luton.gov.uk,,79144,77.3 KB,pending,2026-10-01T10:45:08.299795+00:00,,,,,,,,,,,,,,,,,,,,,,,,,,,,
https://www.luton.gov.uk/sites/default/files/2026-01/farley.pdf,farley.pdf,luton.gov.uk,,475127,464.0 KB,pending,2026-10-01T10:45:08.303757+00:00,,,,,,,,,,,,,,,,,,,,,,,,,,,,
https://www.luton.gov.uk/sites/default/files/migrated/Environment/Lists/LutonDocuments/PDF/Planning/Development%20Control/fast-track-criteria.pdf,fast-track-criteria.pdf,luton.gov.uk,,225367,220.1 KB,pending,2026-10-01T10:45:08.306966+00:00,,,,,,,,,,,,,,,,,,,,,,,,,,,,
https://www.luton.gov.uk/sites/default/files/migrated/Council_government_and_democracy/Lists/LutonDocuments/PDF/Overview%20and%20scrutiny/final-01%20-%20Aquatic%20centre%20-%20May%202010.pdf,final-01%20-%20Aquatic%20centre%20-%20May%202010.pdf,luton.gov.uk,,155447,151.8 KB,pending,2026-10-01T10:45:08.309819+00:00,,,,,,,,,,,,,,,,,,,,,,,,,,,,
https://www.luton.gov.uk/sites/default/files/migrated/Council_government_and_democracy/Lists/LutonDocuments/PDF/Overview%20and%20scrutiny/final-02%20-%20Day%20care%20opportunities%20-%20June%202010.pdf,final-02%20-%20Day%20care%20opportunities%20-%20June%202010.pdf,luton.gov.uk,,268703,262.4 KB,pending,2026-10-01T10:45:08.312932+00:00,,,,,,,,,,,,,,,,,,,,,,,,,,,,
https://www.luton.gov.uk/sites/default/files/migrated/Council_government_and_democracy/Lists/LutonDocuments/PDF/Overview%20and%20scrutiny/final-03%20-%20Fear%20of%20crime%20-%20August%202010.pdf,final-03%20-%20Fear%20of%20crime%20-%20August%202010.pdf,luton.gov.uk,,284194,277.5 KB,pending,2026-10-01T10:45:08.316068+00:00,,,,,,,,,,,,,,,,,,,,,,,,,,,,
https://www.luton.gov.uk/sites/default/files/migrated/Council_government_and_democracy/Lists/LutonDocuments/PDF/Overview%20and%20scrutiny/final-04%20-%20Tackling%20alcohol%20related%20crime%20and%20disorder%20-%20January%202011.pdf,final-04%20-%20Tackling%20alcohol%20related%20crime%20and%20disorder%20-%20January%202011.pdf,luton.gov.uk,,382436,373.5 KB,pending,2026-10-01T10:45:08.319523+00:00,,,,,,,,,,,,,,,,,,,,,,,,,,,,
https://www.luton.gov.uk/sites/default/files/migrated/Council_government_and_democracy/Lists/LutonDocuments/PDF/Overview%20and%20scrutiny/final-05%20-%20Job%20creation%20and%20economic%20growth%20-%20March%202011.pdf,final-05%20-%20Job%20creation%20and%20economic%20growth%20-%20March%202011.pdf,luton.gov.uk,,341508,333.5 KB,pending,2026-10-01T10:45:08.323023+00:00,,,,,,,,,,,,,,,,,,,,,,,,,,,,
https://www.luton.gov.uk/sites/default/files/migrated/Council_government_and_democracy/Lists/LutonDocuments/PDF/Overview%20and%20scrutiny/final-06%20-%20Local%20bus%20services%20-%20August%202012.pdf,final-06%20-%20Local%20bus%20services%20-%20August%202012.pdf,luton.gov.uk,,296191,289.2 KB,pending,2026-10-01T10:45:08.326347+00:00,,,,,,,,,,,,,,,,,,,,,,,,,,,,
https://www.luton.gov.uk/sites/default/files/migrated/Council_government_and_democracy/Lists/LutonDocuments/PDF/Overview%20and%20scrutiny/final-07%20-%20Empty%20homes%20-%20August%202012.pdf,final-07%20-%20Empty%20homes%20-%20August%202012.pdf,luton.gov.uk,,385353,376.3 KB,pending,2026-10-01T10:45:08.330005+00:00,,,,,,,,,,,,,,,,,,,,,,,,,,,,
https://www.luton.gov.uk/sites/default/files/migrated/Council_government_and_democracy/Lists/LutonDocuments/PDF/Overview%20and%20scrutiny/final-08%20-%20Discharge%20from%20hospital%20-%20July%202013.pdf,final-08%20-%20Discharge%20from%20hospital%20-%20July%202013.pdf,luton.gov.uk,,540407,527.7 KB,pending,2026-10-01T10:45:08.334176+00:00,,,,,,,,,,,,,,,,,,,,,,,,,,,,
https://www.luton.gov.uk/sites/default/files/migrated/Council_government_and_democracy/Lists/LutonDocuments/PDF/Overview%20and%20scrutiny/final-09%20-%20Infant%20mortality%20-%20November%202013.pdf,final-09%20-%20Infant%20mortality%20-%20November%202013.pdf,luton.gov.uk,,406842,397.3 KB,pending,2026-10-01T10:45:08.338106+00:00,,,,,,,,,,,,,,,,,,,,,,,,,,,,
https://www.luton.gov.uk/system/files/file-visibility/migrated/Council_government_and_democracy/Lists/LutonDocuments/PDF/Voting%20and%20elections/first-preference-votes-by-area.pdf,first-preference-votes-by-area.pdf,luton.gov.uk,,154302,150.7 KB,pending,2026-10-01T10:45:08.341322+00:00,,,,,,,,,,,,,,,,,,,,,,,,,,,,
https://www.greenflagaward.org/media/svqcr0pa/green-flag-award-guidelines.pdf,green-flag-award-guidelines.pdf,luton.gov.uk,greenflagaward.org,3124181,3.0 MB,pending,2026-10-01T10:45:08.352053+00:00,,,,,,,,,,,,,,,,,,,,,,,,,,,,
https://www.luton.gov.uk/sites/default/files/2026-02/guidance_note-works_to_trees.pdf,guidance_note-works_to_trees.pdf,luton.gov.uk,,196676,192.1 KB,pending,2026-10-01T10:45:08.356031+00:00,,,,,,,,,,,,,,,,,,,,,,,,,,,,
https://www.luton.gov.uk/sites/default/files/2026-06/hatters-way-chaul-end-lane-roundabout-improvements-consultation-outcome.pdf,hatters-way-chaul-end-lane-roundabout-improvements-consultation-outcome.pdf,luton.gov.uk,,93632,91.4 KB,pending,2026-10-01T10:45:08.359221+00:00,,,,,,,,,,,,,,,,,,,,,,,,,,,,
https://www.luton.gov.uk/sites/default/files/2026-05/hatters-way-chaul-end-lane-roundabout-improvements-map.pdf,hatters-way-chaul-end-lane-roundabout-improvements-map.pdf,luton.gov.uk,,491824,480.3 KB,pending,2026-10-01T10:45:08.362913+00:00,,,,,,,,,,,,,,,,,,,,,,,,,,,,
https://www.luton.gov.uk/sites/default/files/2026-01/high-town.pdf,high-town.pdf,luton.gov.uk,,397566,388.2 KB,pending,2026-10-01T10:45:08.366374+00:00,,,,,,,,,,,,,,,,,,,,,,,,,,,,
https://www.luton.gov.uk/sites/default/files/2026-09/how-to-apply-for-a-school-place-guide-2027.pdf,how-to-apply-for-a-school-place-guide-2027.pdf,luton.gov.uk,,2965538,2.8 MB,pending,2026-10-01T10:45:08.377063+00:00,,,,,,,,,,,,,,,,,,,,,,,,,,,,
https://www.luton.gov.uk/sites/default/files/migrated/Environment/Lists/LutonDocuments/PDF/Planning/Development%20Control/in-app-advice-fees-new-2025.pdf,in-app-advice-fees-new-2025.pdf,luton.gov.uk,,178690,174.5 KB,pending,2026-10-01T10:45:08.382715+00:00,,,,,,,,,,,,,,,,,,,,,,,,,,,,
https://www.luton.gov.uk/sites/default/files/migrated/Environment/Lists/LutonDocuments/PDF/Planning/Development%20Control/in-app-advice-note-january-2025.pdf,in-app-advice-note-january-2025.pdf,luton.gov.uk,,249612,243.8 KB,pending,2026-10-01T10:45:08.386929+00:00,,,,,,,,,,,,,,,,,,,,,,,,,,,,
https://www.luton.gov.uk/sites/default/files/2026-09/in-year-school-transfer-guide-2026-27.pdf,in-year-school-transfer-guide-2026-27.pdf,luton.gov.uk,,835569,816.0 KB,pending,2026-10-01T10:45:08.391745+00:00,,,,,,,,,,,,,,,,,,,,,,,,,,,,
https://www.luton.gov.uk/sites/default/files/2026-02/jsna-this-is-Luton.pdf,jsna-this-is-Luton.pdf,luton.gov.uk,,1192089,1.1 MB,pending,2026-10-01T10:45:08.397307+00:00,,,,,,,,,,,,,,,,,,,,,,,,,,,,
https://www.luton.gov.uk/system/files/file-visibility/migrated/Health_and_social_care/Lists/LutonDocuments/PDF/Children%20and%20Families/Fostering/kinship-charity-carers-leaflet.pdf,kinship-charity-carers-leaflet.pdf,luton.gov.uk,,2436949,2.3 MB,pending,2026-10-01T10:45:08.406147+00:00,,,,,,,,,,,,,,,,,,,,,,,,,,,,
https://www.luton.gov.uk/sites/default/files/2025-12/laf-meeting-2-minutes-dec-24.pdf,laf-meeting-2-minutes-dec-24.pdf,luton.gov.uk,,246364,240.6 KB,pending,2026-10-01T10:45:08.409762+00:00,,,,,,,,,,,,,,,,,,,,,,,,,,,,
https://www.luton.gov.uk/sites/default/files/2026-06/laf-minutes-meeting-7.pdf,laf-minutes-meeting-7.pdf,luton.gov.uk,,234895,229.4 KB,pending,2026-10-01T10:45:08.412928+00:00,,,,,,,,,,,,,,,,,,,,,,,,,,,,
https://www.luton.gov.uk/sites/default/files/2026-06/laf-presentation-ltp5.pdf,laf-presentation-ltp5.pdf,luton.gov.uk,,330926,323.2 KB,pending,2026-10-01T10:45:08.416102+00:00,,,,,,,,,,,,,,,,,,,,,,,,,,,,
https://www.luton.gov.uk/sites/default/files/2026-06/land-at-selsey-drive.pdf,land-at-selsey-drive.pdf,luton.gov.uk,,344140,336.1 KB,pending,2026-10-01T10:45:08.419248+00:00,,,,,,,,,,,,,,,,,,,,,,,,,,,,
https://www.luton.gov.uk/sites/default/files/migrated/Transport_and_streets/Lists/LutonDocuments/PDF/Engineering%20and%20Transportation/Cycling/Walking/lea%20valley%20walk.pdf,lea%20valley%20walk.pdf,luton.gov.uk,,1164591,1.1 MB,pending,2026-10-01T10:45:08.424580+00:00,,,,,,,,,,,,,,,,,,,,,,,,,,,,
https://www.luton.gov.uk/sites/default/files/2026-07/leagrave-park-management-plan-2020-30.pdf,leagrave-park-management-plan-2020-30.pdf,luton.gov.uk,,8624538,8.2 MB,pending,2026-10-01T10:45:08.449532+00:00,,,,,,,,,,,,,,,,,,,,,,,,,,,,
https://www.luton.gov.uk/sites/default/files/2026-01/leagrave.pdf,leagrave.pdf,luton.gov.uk,,538450,525.8 KB,pending,2026-10-01T10:45:08.455752+00:00,,,,,,,,,,,,,,,,,,,,,,,,,,,,
https://www.luton.gov.uk/sites/default/files/2026-02/lewsey-tenancy-agreement-and-conditions-of-use-2025_1_1.pdf,lewsey-tenancy-agreement-and-conditions-of-use-2025_1_1.pdf,luton.gov.uk,,161467,157.7 KB,pending,2026-10-01T10:45:08.459877+00:00,,,,,,,,,,,,,,,,,,,,,,,,,,,,
https://www.luton.gov.uk/sites/default/files/2026-01/lewsey.pdf,lewsey.pdf,luton.gov.uk,,442651,432.3 KB,pending,2026-10-01T10:45:08.463705+00:00,,,,,,,,,,,,,,,,,,,,,,,,,,,,
https://www.luton.gov.uk/sites/default/files/2026-08/local-cycling-and-walking-infrastructure-plan-executive-summary-2023-2033.pdf,local-cycling-and-walking-infrastructure-plan-executive-summary-2023-2033.pdf,luton.gov.uk,,2176993,2.1 MB,pending,2026-10-01T10:45:08.471706+00:00,,,,,,,,,,,,,,,,,,,,,,,,,,,,
https://www.luton.gov.uk/sites/default/files/2026-08/local-cycling-and-walking-infrastructure-plan-full-2023-2033.pdf,local-cycling-and-walking-infrastructure-plan-full-2023-2033.pdf,luton.gov.uk,,7340796,7.0 MB,pending,2026-10-01T10:45:08.493559+00:00,,,,,,,,,,,,,,,,,,,,,,,,,,,,
https://www.luton.gov.uk/sites/default/files/2026-08/local-cycling-and-walking-infrastructure-plan-proposed-cycle-network-2023-2033.pdf,local-cycling-and-walking-infrastructure-plan-proposed-cycle-network-2023-2033.pdf,luton.gov.uk,,6451308,6.2 MB,pending,2026-10-01T10:45:08.514510+00:00,,,,,,,,,,,,,,,,,,,,,,,,,,,,
https://www.luton.gov.uk/sites/default/files/2025-12/local-transport-plan-5-2026-2040.pdf,local-transport-plan-5-2026-2040.pdf,luton.gov.uk,,14140914,13.5 MB,pending,2026-10-01T10:45:08.556986+00:00,,,,,,,,,,,,,,,,,,,,,,,,,,,,
https://www.england.nhs.uk/wp-content/uploads/2014/09/ltc-infographic.pdf,ltc-infographic.pdf,luton.gov.uk,england.nhs.uk,67051,65.5 KB,pending,2026-10-01T10:45:08.563056+00:00,,,,,,,,,,,,,,,,,,,,,,,,,,,,
https://www.luton.gov.uk/system/files/file-visibility/migrated/Health_and_social_care/Lists/LutonDocuments/PDF/Adult%20social%20care/luton-adult-social-care-commitment.pdf,luton-adult-social-care-commitment.pdf,luton.gov.uk,,449385,438.9 KB,pending,2026-10-01T10:45:08.568633+00:00,,,,,,,,,,,,,,,,,,,,,,,,,,,,
https://www.luton.gov.uk/sites/default/files/2026-09/luton-laf-rresponse-to-LLP-community-involvement-2026.pdf,luton-laf-rresponse-to-LLP-community-involvement-2026.pdf,luton.gov.uk,,512092,500.1 KB,pending,2026-10-01T10:45:08.572820+00:00,,,,,,,,,,,,,,,,,,,,,,,,,,,,
https://www.luton.gov.uk/sites/default/files/2026-06/luton-local-access-Forum-agenda-meeting-8.pdf,luton-local-access-Forum-agenda-meeting-8.pdf,luton.gov.uk,,165108,161.2 KB,pending,2026-10-01T10:45:08.575686+00:00,,,,,,,,,,,,,,,,,,,,,,,,,,,,
https://www.luton.gov.uk/sites/default/files/2026-09/luton-local-access-forum-agenda-9.pdf,luton-local-access-forum-agenda-9.pdf,luton.gov.uk,,238911,233.3 KB,pending,2026-10-01T10:45:08.578573+00:00,,,,,,,,,,,,,,,,,,,,,,,,,,,,
https://www.luton.gov.uk/sites/default/files/2025-12/luton-local-access-forum-annual-report-2024-25.pdf,luton-local-access-forum-annual-report-2024-25.pdf,luton.gov.uk,,332350,324.6 KB,pending,2026-10-01T10:45:08.581683+00:00,,,,,,,,,,,,,,,,,,,,,,,,,,,,
https://www.luton.gov.uk/system/files/file-visibility/migrated/Environment/Lists/LutonDocuments/PDF/Planning/luton-local-list-buildings-of-local-architectural-or-historic-interest.pdf,luton-local-list-buildings-of-local-architectural-or-historic-interest.pdf,luton.gov.uk,,769833,751.8 KB,pending,2026-10-01T10:45:08.585868+00:00,,,,,,,,,,,,,,,,,,,,,,,,,,,,
https://www.luton.gov.uk/sites/default/files/2026-01/luton-north.pdf,luton-north.pdf,luton.gov.uk,,91266,89.1 KB,pending,2026-10-01T10:45:08.588437+00:00,,,,,,,,,,,,,,,,,,,,,,,,,,,,
https://www.luton.gov.uk/sites/default/files/2026-02/luton-parking-strategy-2024-2030.pdf,luton-parking-strategy-2024-2030.pdf,luton.gov.uk,,5389549,5.1 MB,pending,2026-10-01T10:45:08.604547+00:00,,,,,,,,,,,,,,,,,,,,,,,,,,,,
https://www.luton.gov.uk/sites/default/files/2026-01/luton-pna-2025_0_0.pdf,luton-pna-2025_0_0.pdf,luton.gov.uk,,9677149,9.2 MB,pending,2026-10-01T10:45:08.633231+00:00,,,,,,,,,,,,,,,,,,,,,,,,,,,,
https://www.luton.gov.uk/sites/default/files/2026-01/luton-pna-consultation-results-2025_0.pdf,luton-pna-consultation-results-2025_0.pdf,luton.gov.uk,,1362612,1.3 MB,pending,2026-10-01T10:45:08.641654+00:00,,,,,,,,,,,,,,,,,,,,,,,,,,,,
https://www.luton.gov.uk/sites/default/files/2026-08/luton-provider-agreement.pdf,luton-provider-agreement.pdf,luton.gov.uk,,262063,255.9 KB,pending,2026-10-01T10:45:08.646987+00:00,,,,,,,,,,,,,,,,,,,,,,,,,,,,
https://www.luton.gov.uk/sites/default/files/2026-01/luton-south-and-south-bedfordshire.pdf,luton-south-and-south-bedfordshire.pdf,luton.gov.uk,,1243703,1.2 MB,pending,2026-10-01T10:45:08.655295+00:00,,,,,,,,,,,,,,,,,,,,,,,,,,,,
https://www.luton.gov.uk/sites/default/files/2026-07/map-of-luton-wards.pdf,map-of-luton-wards.pdf,luton.gov.uk,,1574976,1.5 MB,pending,2026-10-01T10:45:08.663152+00:00,,,,,,,,,,,,,,,,,,,,,,,,,,,,
https://www.luton.gov.uk/sites/default/files/2025-12/meeting-3-minutes.pdf,meeting-3-minutes.pdf,luton.gov.uk,,204283,199.5 KB,pending,2026-10-01T10:45:08.666874+00:00,,,,,,,,,,,,,,,,,,,,,,,,,,,,
https://www.luton.gov.uk/sites/default/files/2025-12/meeting-4-minutes-september.pdf,meeting-4-minutes-september.pdf,luton.gov.uk,,267423,261.2 KB,pending,2026-10-01T10:45:08.670172+00:00,,,,,,,,,,,,,,,,,,,,,,,,,,,,
https://www.luton.gov.uk/sites/default/files/2025-12/meeting-5-agenda-september.pdf,meeting-5-agenda-september.pdf,luton.gov.uk,,233520,228.0 KB,pending,2026-10-01T10:45:08.673195+00:00,,,,,,,,,,,,,,,,,,,,,,,,,,,,
https://www.luton.gov.uk/sites/default/files/2025-12/meeting-5-minutes.pdf,meeting-5-minutes.pdf,luton.gov.uk,,191543,187.1 KB,pending,2026-10-01T10:45:08.676014+00:00,,,,,,,,,,,,,,,,,,,,,,,,,,,,
https://www.luton.gov.uk/sites/default/files/2025-12/meeting-6-agenda-december-2025.pdf,meeting-6-agenda-december-2025.pdf,luton.gov.uk,,135567,132.4 KB,pending,2026-10-01T10:45:08.678589+00:00,,,,,,,,,,,,,,,,,,,,,,,,,,,,
https://www.luton.gov.uk/sites/default/files/2025-12/meeting-minutes-October-2024.pdf,meeting-minutes-October-2024.pdf,luton.gov.uk,,159641,155.9 KB,pending,2026-10-01T10:45:08.681198+00:00,,,,,,,,,,,,,,,,,,,,,,,,,,,,
https://www.luton.gov.uk/sites/default/files/2026-07/memorial-park-management-plan-2020-30.pdf,memorial-park-management-plan-2020-30.pdf,luton.gov.uk,,5850662,5.6 MB,pending,2026-10-01T10:45:08.698475+00:00,,,,,,,,,,,,,,,,,,,,,,,,,,,,
https://www.luton.gov.uk/sites/default/files/2025-12/need-for-intervention-report.pdf,need-for-intervention-report.pdf,luton.gov.uk,,3331603,3.2 MB,pending,2026-10-01T10:45:08.710960+00:00,,,,,,,,,,,,,,,,,,,,,,,,,,,,
https://www.luton.gov.uk/sites/default/files/2026-01/northwell.pdf,northwell.pdf,luton.gov.uk,,591488,577.6 KB,pending,2026-10-01T10:45:08.716333+00:00,,,,,,,,,,,,,,,,,,,,,,,,,,,,
https://www.luton.gov.uk/sites/default/files/2026-07/open-space-notice-birch-link-dunstable-road-july-2026.pdf,open-space-notice-birch-link-dunstable-road-july-2026.pdf,luton.gov.uk,,220053,214.9 KB,pending,2026-10-01T10:45:08.719886+00:00,,,,,,,,,,,,,,,,,,,,,,,,,,,,
https://www.luton.gov.uk/system/files/file-visibility/migrated/Council_government_and_democracy/Lists/LutonDocuments/PDF/Voting%20and%20elections/paro-certificate-of-result-second-count.pdf,paro-certificate-of-result-second-count.pdf,luton.gov.uk,,118439,115.7 KB,pending,2026-10-01T10:45:08.722739+00:00,,,,,,,,,,,,,,,,,,,,,,,,,,,,
https://www.luton.gov.uk/sites/default/files/2026-01/part-3b-anti-fraud-anti-money-laundering-fraud-sanction.pdf,part-3b-anti-fraud-anti-money-laundering-fraud-sanction.pdf,luton.gov.uk,,305315,298.2 KB,pending,2026-10-01T10:45:08.725798+00:00,,,,,,,,,,,,,,,,,,,,,,,,,,,,
https://www.luton.gov.uk/sites/default/files/2026-07/peoples-park-management-plan-2020-30.pdf,peoples-park-management-plan-2020-30.pdf,luton.gov.uk,,10137875,9.7 MB,pending,2026-10-01T10:45:08.754214+00:00,,,,,,,,,,,,,,,,,,,,,,,,,,,,
https://www.luton.gov.uk/sites/default/files/migrated/Health_and_social_care/Lists/LutonDocuments/PDF/Fostering/plac-Lutons-virtual-school-leaflet.pdf,plac-Lutons-virtual-school-leaflet.pdf,luton.gov.uk,,172270,168.2 KB,pending,2026-10-01T10:45:08.759144+00:00,,,,,,,,,,,,,,,,,,,,,,,,,,,,
https://www.luton.gov.uk/system/files/file-visibility/migrated/Environment/Lists/LutonDocuments/PDF/Tree%20preservation%20orders%20and%20register/plaiters-lea-conservation-area-appraisal-june-2020.pdf,plaiters-lea-conservation-area-appraisal-june-2020.pdf,luton.gov.uk,,11639422,11.1 MB,pending,2026-10-01T10:45:08.792475+00:00,,,,,,,,,,,,,,,,,,,,,,,,,,,,
https://www.luton.gov.uk/system/files/file-visibility/migrated/Environment/Lists/LutonDocuments/PDF/Tree%20preservation%20orders%20and%20register/plaiters-lea-management-plan.pdf,plaiters-lea-management-plan.pdf,luton.gov.uk,,6475182,6.2 MB,pending,2026-10-01T10:45:08.815134+00:00,,,,,,,,,,,,,,,,,,,,,,,,,,,,
https://www.luton.gov.uk/sites/default/files/2026-05/planning-application-requirements-2025.pdf,planning-application-requirements-2025.pdf,luton.gov.uk,,717886,701.1 KB,pending,2026-10-01T10:45:08.822061+00:00,,,,,,,,,,,,,,,,,,,,,,,,,,,,
https://www.luton.gov.uk/sites/default/files/2026-01/poets.pdf,poets.pdf,luton.gov.uk,,427400,417.4 KB,pending,2026-10-01T10:45:08.827231+00:00,,,,,,,,,,,,,,,,,,,,,,,,,,,,
https://www.luton.gov.uk/sites/default/files/migrated/Environment/Lists/LutonDocuments/PDF/Planning/Development%20Control/pre-application-advice-charges-advice-note-january-2025.pdf,pre-application-advice-charges-advice-note-january-2025.pdf,luton.gov.uk,,256552,250.5 KB,pending,2026-10-01T10:45:08.831073+00:00,,,,,,,,,,,,,,,,,,,,,,,,,,,,
https://www.luton.gov.uk/sites/default/files/migrated/Environment/Lists/LutonDocuments/PDF/Planning/Development%20Control/pre-application-fees-new-2025.pdf,pre-application-fees-new-2025.pdf,luton.gov.uk,,176301,172.2 KB,pending,2026-10-01T10:45:08.834046+00:00,,,,,,,,,,,,,,,,,,,,,,,,,,,,
https://www.luton.gov.uk/system/files/file-visibility/migrated/Health_and_social_care/Lists/LutonDocuments/PDF/Fostering/private-fostering-leaflet-2025.pdf,private-fostering-leaflet-2025.pdf,luton.gov.uk,,1368753,1.3 MB,pending,2026-10-01T10:45:08.839875+00:00,,,,,,,,,,,,,,,,,,,,,,,,,,,,
https://www.luton.gov.uk/system/files/file-visibility/migrated/Health_and_social_care/Lists/LutonDocuments/PDF/private-fostering-leaflet-bengali.pdf,private-fostering-leaflet-bengali.pdf,luton.gov.uk,,1367856,1.3 MB,pending,2026-10-01T10:45:08.846033+00:00,,,,,,,,,,,,,,,,,,,,,,,,,,,,
https://www.luton.gov.uk/system/files/file-visibility/migrated/Health_and_social_care/Lists/LutonDocuments/PDF/private-fostering-leaflet-polish.pdf,private-fostering-leaflet-polish.pdf,luton.gov.uk,,2742833,2.6 MB,pending,2026-10-01T10:45:08.855781+00:00,,,,,,,,,,,,,,,,,,,,,,,,,,,,
https://www.luton.gov.uk/system/files/file-visibility/migrated/Health_and_social_care/Lists/LutonDocuments/PDF/private-fostering-leaflet-romanian.pdf,private-fostering-leaflet-romanian.pdf,luton.gov.uk,,600555,586.5 KB,pending,2026-10-01T10:45:08.860635+00:00,,,,,,,,,,,,,,,,,,,,,,,,,,,,
https://www.luton.gov.uk/system/files/file-visibility/migrated/Health_and_social_care/Lists/LutonDocuments/PDF/private-fostering-leaflet-urdu.pdf,private-fostering-leaflet-urdu.pdf,luton.gov.uk,,614873,600.5 KB,pending,2026-10-01T10:45:08.865159+00:00,,,,,,,,,,,,,,,,,,,,,,,,,,,,
https://www.luton.gov.uk/sites/default/files/2026-06/public-notice-selsey-drive-green-space.pdf,public-notice-selsey-drive-green-space.pdf,luton.gov.uk,,98260,96.0 KB,pending,2026-10-01T10:45:08.868013+00:00,,,,,,,,,,,,,,,,,,,,,,,,,,,,
https://www.luton.gov.uk/sites/default/files/migrated/Environment/Lists/LutonDocuments/PDF/public-notice-wigmore-valley-park.pdf,public-notice-wigmore-valley-park.pdf,luton.gov.uk,,127165,124.2 KB,pending,2026-10-01T10:45:08.870687+00:00,,,,,,,,,,,,,,,,,,,,,,,,,,,,
https://www.luton.gov.uk/sites/default/files/2025-12/public-survey-and-stakeholder-engagement-report.pdf,public-survey-and-stakeholder-engagement-report.pdf,luton.gov.uk,,3108309,3.0 MB,pending,2026-10-01T10:45:08.880941+00:00,,,,,,,,,,,,,,,,,,,,,,,,,,,,
https://www.luton.gov.uk/sites/default/files/2026-01/round-green.pdf,round-green.pdf,luton.gov.uk,,589383,575.6 KB,pending,2026-10-01T10:45:08.885599+00:00,,,,,,,,,,,,,,,,,,,,,,,,,,,,
https://www.luton.gov.uk/sites/default/files/2026-01/saints.pdf,saints.pdf,luton.gov.uk,,514741,502.7 KB,pending,2026-10-01T10:45:08.889633+00:00,,,,,,,,,,,,,,,,,,,,,,,,,,,,
https://www.luton.gov.uk/sites/default/files/2025-12/sca-crawley-green-road-safety-camera-accident-data-form-2018.pdf,sca-crawley-green-road-safety-camera-accident-data-form-2018.pdf,luton.gov.uk,,607967,593.7 KB,pending,2026-10-01T10:45:08.893675+00:00,,,,,,,,,,,,,,,,,,,,,,,,,,,,
https://www.luton.gov.uk/sites/default/files/2025-12/sca-montrose-ave-safety-07-08-camera-accident-data-form-2018.pdf,sca-montrose-ave-safety-07-08-camera-accident-data-form-2018.pdf,luton.gov.uk,,214854,209.8 KB,pending,2026-10-01T10:45:08.896608+00:00,,,,,,,,,,,,,,,,,,,,,,,,,,,,
https://www.luton.gov.uk/sites/default/files/2025-12/sca-montrose-avenue-09-10-safety-camera-accident-data-form-2018.pdf,sca-montrose-avenue-09-10-safety-camera-accident-data-form-2018.pdf,luton.gov.uk,,564168,550.9 KB,pending,2026-10-01T10:45:08.900278+00:00,,,,,,,,,,,,,,,,,,,,,,,,,,,,
https://www.luton.gov.uk/sites/default/files/2025-12/sca-stuart-street-17-18-safety-camera-accident-data-form-2018.pdf,sca-stuart-street-17-18-safety-camera-accident-data-form-2018.pdf,luton.gov.uk,,522200,510.0 KB,pending,2026-10-01T10:45:08.903934+00:00,,,,,,,,,,,,,,,,,,,,,,,,,,,,
https://www.luton.gov.uk/sites/default/files/2025-12/sca-stuart-street-21-safety-camera-accident-data-form-2018.pdf,sca-stuart-street-21-safety-camera-accident-data-form-2018.pdf,luton.gov.uk,,512095,500.1 KB,pending,2026-10-01T10:45:08.907559+00:00,,,,,,,,,,,,,,,,,,,,,,,,,,,,
https://www.luton.gov.uk/sites/default/files/migrated/Environment/Lists/LutonDocuments/PDF/Planning/Development%20Control/scales-of-charges-new-2025.pdf,scales-of-charges-new-2025.pdf,luton.gov.uk,,138319,135.1 KB,pending,2026-10-01T10:45:08.910257+00:00,,,,,,,,,,,,,,,,,,,,,,,,,,,,
https://www.luton.gov.uk/sites/default/files/2026-03/scheme-of%20charges-bc.pdf,scheme-of%20charges-bc.pdf,luton.gov.uk,,338905,331.0 KB,pending,2026-10-01T10:45:08.913407+00:00,,,,,,,,,,,,,,,,,,,,,,,,,,,,
https://www.luton.gov.uk/sites/default/files/migrated/Environment/Lists/LutonDocuments/PDF/Planning/Development%20Control/scheme-of-delegation-development-control-committee.pdf,scheme-of-delegation-development-control-committee.pdf,luton.gov.uk,,337261,329.4 KB,pending,2026-10-01T10:45:08.917704+00:00,,,,,,,,,,,,,,,,,,,,,,,,,,,,
https://www.luton.gov.uk/sites/default/files/2026-05/self-or-custom-build-proforma-for-biodiversity-net-gain.pdf,self-or-custom-build-proforma-for-biodiversity-net-gain.pdf,luton.gov.uk,,201766,197.0 KB,pending,2026-10-01T10:45:08.922429+00:00,,,,,,,,,,,,,,,,,,,,,,,,,,,,
https://www.luton.gov.uk/sites/default/files/2026-01/south.pdf,south.pdf,luton.gov.uk,,414368,404.7 KB,pending,2026-10-01T10:45:08.926414+00:00,,,,,,,,,,,,,,,,,,,,,,,,,,,,
https://www.luton.gov.uk/sites/default/files/2026-07/stockwood-park-management-plan-2020-30.pdf,stockwood-park-management-plan-2020-30.pdf,luton.gov.uk,,7153041,6.8 MB,pending,2026-10-01T10:45:08.947393+00:00,,,,,,,,,,,,,,,,,,,,,,,,,,,,
https://www.luton.gov.uk/sites/default/files/2026-01/stopsley.pdf,stopsley.pdf,luton.gov.uk,,759392,741.6 KB,pending,2026-10-01T10:45:08.953546+00:00,,,,,,,,,,,,,,,,,,,,,,,,,,,,
https://www.luton.gov.uk/sites/default/files/2026-05/sufficiency-strategy-2026.pdf,sufficiency-strategy-2026.pdf,luton.gov.uk,,152461,148.9 KB,pending,2026-10-01T10:45:08.957474+00:00,,,,,,,,,,,,,,,,,,,,,,,,,,,,
https://www.luton.gov.uk/sites/default/files/2026-01/sundon-park.pdf,sundon-park.pdf,luton.gov.uk,,570809,557.4 KB,pending,2026-10-01T10:45:08.961691+00:00,,,,,,,,,,,,,,,,,,,,,,,,,,,,
https://www.luton.gov.uk/sites/default/files/2025-12/transport-strategy.pdf,transport-strategy.pdf,luton.gov.uk,,3929653,3.7 MB,pending,2026-10-01T10:45:08.974298+00:00,,,,,,,,,,,,,,,,,,,,,,,,,,,,
https://www.luton.gov.uk/sites/default/files/2026-05/travel-assistance-policy-0-25-year-olds-education.pdf,travel-assistance-policy-0-25-year-olds-education.pdf,luton.gov.uk,,246820,241.0 KB,pending,2026-10-01T10:45:08.978309+00:00,,,,,,,,,,,,,,,,,,,,,,,,,,,,
https://www.luton.gov.uk/sites/default/files/2026-05/validation-checklist-householder-application.pdf,validation-checklist-householder-application.pdf,luton.gov.uk,,165017,161.1 KB,pending,2026-10-01T10:45:08.981645+00:00,,,,,,,,,,,,,,,,,,,,,,,,,,,,
https://www.luton.gov.uk/sites/default/files/2026-01/vauxhall.pdf,vauxhall.pdf,luton.gov.uk,,606383,592.2 KB,pending,2026-10-01T10:45:08.985778+00:00,,,,,,,,,,,,,,,,,,,,,,,,,,,,
https://www.luton.gov.uk/sites/default/files/2026-07/wardown-park-management-plan-2020-30.pdf,wardown-park-management-plan-2020-30.pdf,luton.gov.uk,,13766896,13.1 MB,pending,2026-10-01T10:45:09.023854+00:00,,,,,,,,,,,,,,,,,,,,,,,,,,,,
https://www.luton.gov.uk/sites/default/files/migrated/Environment/Lists/LutonDocuments/PDF/wigmore-valley-park-open-space-notice-plan.pdf,wigmore-valley-park-open-space-notice-plan.pdf,luton.gov.uk,,372562,363.8 KB,pending,2026-10-01T10:45:09.030183+00:00,,,,,,,,,,,,,,,,,,,,,,,,,,,,
https://www.luton.gov.uk/sites/default/files/2026-01/wigmore.pdf,wigmore.pdf,luton.gov.uk,,400087,390.7 KB,pending,2026-10-01T10:45:09.035141+00:00,,,,,,,,,,,,,,,,,,,,,,,,,,,,
